date,policy,issue_hour,decision_time,anchor_kw,anchor_source,observation_cutoff,boundary_method,j_keep_yuan,j_adjust_yuan,nv_yuan,delta_yuan,triggered,candidate_increase_kwh,candidate_decrease_kwh,candidate_non_emergency_cost_yuan,max_candidate_change_kwh
2025-02-01,C3,6,2025-02-01 06:00:00,0.0,attachment2:2025-02-01:slot36:ended_at:2025-02-01 06:00:00,2025-02-01 06:00:00,observed_anchor,18374.365248419137,18183.971306389263,190.39394202987387,500.0,False,331.2850001599526,0.0,12896.559936677371,179.71172497502374
2025-02-01,C3,12,2025-02-01 12:00:00,6603.9375,attachment2:2025-02-01:slot72:ended_at:2025-02-01 12:00:00,2025-02-01 12:00:00,observed_anchor,21753.24717805485,18979.347818260798,2773.8993597940607,500.0,True,2785.218343878925,0.0,13924.196554701755,623.5259460904238
2025-02-02,C3,6,2025-02-02 06:00:00,0.0,attachment2:2025-02-02:slot36:ended_at:2025-02-02 06:00:00,2025-02-02 06:00:00,observed_anchor,48835.64834314614,46521.947706253006,2313.7006368931325,500.0,True,72.54915980326717,5854.5030986675165,46500.3691853203,493.52549007488176
2025-02-02,C3,12,2025-02-02 12:00:00,6888.0375,attachment2:2025-02-02:slot72:ended_at:2025-02-02 12:00:00,2025-02-02 12:00:00,observed_anchor,40442.26825802856,36701.47586346544,3740.792394563112,500.0,True,0.0,132.43256273368354,34252.09166183106,493.52549007488176
2025-02-03,C3,6,2025-02-03 06:00:00,0.0,attachment2:2025-02-03:slot36:ended_at:2025-02-03 06:00:00,2025-02-03 06:00:00,observed_anchor,54701.413473434295,53943.03254858563,758.380924848665,500.0,True,2132.546523618161,1316.6560027777796,53071.97762531182,775.9799166666664
2025-02-03,C3,12,2025-02-03 12:00:00,6392.925,attachment2:2025-02-03:slot72:ended_at:2025-02-03 12:00:00,2025-02-03 12:00:00,observed_anchor,40843.025576861975,40655.95999359635,187.06558326562663,500.0,False,705.697702377275,421.1825916666688,36801.05720626785,383.4232966578045
2025-02-04,C3,6,2025-02-04 06:00:00,0.0,attachment2:2025-02-04:slot36:ended_at:2025-02-04 06:00:00,2025-02-04 06:00:00,observed_anchor,59413.76949923657,57991.439942437246,1422.3295567993264,500.0,True,6549.079440014092,250.2052184712195,56797.69298423381,924.190451522476
2025-02-04,C3,12,2025-02-04 12:00:00,6731.0625,attachment2:2025-02-04:slot72:ended_at:2025-02-04 12:00:00,2025-02-04 12:00:00,observed_anchor,39699.02829335202,39386.47092418864,312.5573691633836,500.0,False,440.6293945163628,542.7520699053823,36393.93092895255,185.80318080993152
2025-02-05,C3,6,2025-02-05 06:00:00,0.0,attachment2:2025-02-05:slot36:ended_at:2025-02-05 06:00:00,2025-02-05 06:00:00,observed_anchor,54021.45467149976,53036.99561579975,984.459055700012,500.0,True,1879.9364928872897,163.5548756664263,47039.68842084957,448.8267702130474
2025-02-05,C3,12,2025-02-05 12:00:00,6020.7,attachment2:2025-02-05:slot72:ended_at:2025-02-05 12:00:00,2025-02-05 12:00:00,observed_anchor,35790.32799077306,35698.74393637515,91.58405439791386,500.0,False,89.89000466111543,0.0,32508.055307443494,210.39052838017005
2025-02-06,C3,6,2025-02-06 06:00:00,0.0,attachment2:2025-02-06:slot36:ended_at:2025-02-06 06:00:00,2025-02-06 06:00:00,observed_anchor,54087.68390235127,54087.68390235127,-7.275957614183426e-12,500.0,False,0.0,81.51709102736453,48803.2520547534,50.39214285714297
2025-02-06,C3,12,2025-02-06 12:00:00,6193.6875,attachment2:2025-02-06:slot72:ended_at:2025-02-06 12:00:00,2025-02-06 12:00:00,observed_anchor,35339.810420458314,34175.03296877059,1164.7774516877253,500.0,True,0.0,2542.0415239687663,34151.589528120734,379.6760133414592
2025-02-07,C3,6,2025-02-07 06:00:00,0.0,attachment2:2025-02-07:slot36:ended_at:2025-02-07 06:00:00,2025-02-07 06:00:00,observed_anchor,22264.975311985032,21712.01218422329,552.9631277617373,500.0,True,2034.567935880125,438.4570654002682,20442.132860942016,621.4629323724978
2025-02-07,C3,12,2025-02-07 12:00:00,6941.25,attachment2:2025-02-07:slot72:ended_at:2025-02-07 12:00:00,2025-02-07 12:00:00,observed_anchor,15464.5851558033,15373.265758488804,91.31939731449528,500.0,False,0.0,575.5573313443073,15091.17895177144,114.49647777777771
2025-02-08,C3,6,2025-02-08 06:00:00,0.0,attachment2:2025-02-08:slot36:ended_at:2025-02-08 06:00:00,2025-02-08 06:00:00,observed_anchor,13289.397630225889,13248.828618291982,40.56901193390513,500.0,False,84.21433301311652,136.91060120517398,11105.108227923172,84.21433301311652
2025-02-08,C3,12,2025-02-08 12:00:00,6527.475,attachment2:2025-02-08:slot72:ended_at:2025-02-08 12:00:00,2025-02-08 12:00:00,observed_anchor,15174.10591640548,15174.10591640548,0.0,500.0,False,0.0,0.0,11079.753888895972,0.0
2025-02-09,C3,6,2025-02-09 06:00:00,0.0,attachment2:2025-02-09:slot36:ended_at:2025-02-09 06:00:00,2025-02-09 06:00:00,observed_anchor,50502.63723871903,50500.04559632272,2.59164239630627,500.0,False,0.0,93.4727840447257,44270.18407626695,38.63444642332672
2025-02-09,C3,12,2025-02-09 12:00:00,6192.1875,attachment2:2025-02-09:slot72:ended_at:2025-02-09 12:00:00,2025-02-09 12:00:00,observed_anchor,35220.378527007786,35220.378527007786,0.0,500.0,False,0.0,0.0,31017.097703027102,0.0
2025-02-10,C3,6,2025-02-10 06:00:00,0.0,attachment2:2025-02-10:slot36:ended_at:2025-02-10 06:00:00,2025-02-10 06:00:00,observed_anchor,45791.71151394864,45214.02185266701,577.6896612816345,500.0,True,887.7641271639093,1170.309731265922,43518.37751545547,623.1628274654951
2025-02-10,C3,12,2025-02-10 12:00:00,7247.5125,attachment2:2025-02-10:slot72:ended_at:2025-02-10 12:00:00,2025-02-10 12:00:00,observed_anchor,37652.842900124575,33488.05035378729,4164.7925463372885,500.0,True,1333.0711561600915,1454.81197272097,32953.37352832216,726.6768592128986
2025-02-11,C3,6,2025-02-11 06:00:00,0.0,attachment2:2025-02-11:slot36:ended_at:2025-02-11 06:00:00,2025-02-11 06:00:00,observed_anchor,40368.287263620536,38673.952839199774,1694.334424420762,500.0,True,357.6710037468356,4462.410319623732,38345.47550165229,979.7214043689808
2025-02-11,C3,12,2025-02-11 12:00:00,7003.275,attachment2:2025-02-11:slot72:ended_at:2025-02-11 12:00:00,2025-02-11 12:00:00,observed_anchor,35499.48632407052,34112.57466245475,1386.9116616157698,500.0,True,140.4196986108809,2043.7881001519872,30770.83301135693,806.1472127023139
2025-02-12,C3,6,2025-02-12 06:00:00,0.0,attachment2:2025-02-12:slot36:ended_at:2025-02-12 06:00:00,2025-02-12 06:00:00,observed_anchor,43081.00101579277,43045.55839120392,35.44262458884623,500.0,False,0.0,196.4559270892691,39516.33152256387,95.78349325174464
2025-02-12,C3,12,2025-02-12 12:00:00,7301.025,attachment2:2025-02-12:slot72:ended_at:2025-02-12 12:00:00,2025-02-12 12:00:00,observed_anchor,30829.82141447212,30496.05667697617,333.7647374959452,500.0,False,504.25974200009495,863.1284985474664,30228.386041950715,326.9604322326772
2025-02-13,C3,6,2025-02-13 06:00:00,0.0,attachment2:2025-02-13:slot36:ended_at:2025-02-13 06:00:00,2025-02-13 06:00:00,observed_anchor,39508.04555841377,38775.93931467644,732.1062437373257,500.0,True,7.474725314347552,2879.874635217672,35846.20534183828,278.1920515666991
2025-02-13,C3,12,2025-02-13 12:00:00,7444.3125,attachment2:2025-02-13:slot72:ended_at:2025-02-13 12:00:00,2025-02-13 12:00:00,observed_anchor,38813.57581647583,35192.73735028645,3620.83846618938,500.0,True,1630.457451850198,0.0,29229.566584348955,840.003814007671
2025-02-14,C3,6,2025-02-14 06:00:00,0.0,attachment2:2025-02-14:slot36:ended_at:2025-02-14 06:00:00,2025-02-14 06:00:00,observed_anchor,16686.697967076274,16468.957635589544,217.7403314867297,500.0,False,273.72163591788905,15.875814300349475,9243.31671919338,63.73295442305073
2025-02-14,C3,12,2025-02-14 12:00:00,6608.025,attachment2:2025-02-14:slot72:ended_at:2025-02-14 12:00:00,2025-02-14 12:00:00,observed_anchor,17645.936265155928,16357.881903245509,1288.0543619104192,500.0,True,6057.763604982103,0.0,15908.690756132906,581.3360148029865
2025-02-15,C3,6,2025-02-15 06:00:00,0.0,attachment2:2025-02-15:slot36:ended_at:2025-02-15 06:00:00,2025-02-15 06:00:00,observed_anchor,14315.759857219002,13879.91933933286,435.8405178861413,500.0,False,467.73186053886695,216.190246031746,11964.493582328902,243.73190009019004
2025-02-15,C3,12,2025-02-15 12:00:00,6763.8,attachment2:2025-02-15:slot72:ended_at:2025-02-15 12:00:00,2025-02-15 12:00:00,observed_anchor,15593.590468633982,15507.438595676454,86.1518729575273,500.0,False,408.7953797501292,1.1368683772161605e-13,11771.813623659336,275.02229501914564
2025-02-16,C3,6,2025-02-16 06:00:00,0.0,attachment2:2025-02-16:slot36:ended_at:2025-02-16 06:00:00,2025-02-16 06:00:00,observed_anchor,46452.88135828207,44269.28913146219,2183.5922268198774,500.0,True,0.0,6808.844476197766,42786.10547993233,956.7274460133322
2025-02-16,C3,12,2025-02-16 12:00:00,6746.625,attachment2:2025-02-16:slot72:ended_at:2025-02-16 12:00:00,2025-02-16 12:00:00,observed_anchor,34779.67783380342,33463.4895967691,1316.1882370343228,500.0,True,0.0,954.5709505878953,32290.690621279507,826.5393325212683
2025-02-17,C3,6,2025-02-17 06:00:00,0.0,attachment2:2025-02-17:slot36:ended_at:2025-02-17 06:00:00,2025-02-17 06:00:00,observed_anchor,43324.844532594754,41971.04314685536,1353.8013857393962,500.0,True,0.0,4823.262346088395,39343.55214100593,350.2759558991082
2025-02-17,C3,12,2025-02-17 12:00:00,7230.75,attachment2:2025-02-17:slot72:ended_at:2025-02-17 12:00:00,2025-02-17 12:00:00,observed_anchor,33142.5949501819,32915.003356367946,227.59159381395148,500.0,False,0.0,1045.2750611111114,30656.21344248209,304.6989047619048
2025-02-18,C3,6,2025-02-18 06:00:00,0.0,attachment2:2025-02-18:slot36:ended_at:2025-02-18 06:00:00,2025-02-18 06:00:00,observed_anchor,35586.26979976077,35390.11637615683,196.15342360393697,500.0,False,330.0245396053565,552.9771716966944,34718.80527132961,178.42147564479615
2025-02-18,C3,12,2025-02-18 12:00:00,7269.225,attachment2:2025-02-18:slot72:ended_at:2025-02-18 12:00:00,2025-02-18 12:00:00,observed_anchor,33156.909802509115,32253.15433502956,903.7554674795538,500.0,True,1855.070077127637,0.0,28459.93834615713,789.9680957441806
2025-02-19,C3,6,2025-02-19 06:00:00,0.0,attachment2:2025-02-19:slot36:ended_at:2025-02-19 06:00:00,2025-02-19 06:00:00,observed_anchor,41188.2758638204,40651.44274000333,536.8331238170795,500.0,True,1939.5248092956217,228.20163281109785,35067.01701091789,715.8919367470193
2025-02-19,C3,12,2025-02-19 12:00:00,7833.7125,attachment2:2025-02-19:slot72:ended_at:2025-02-19 12:00:00,2025-02-19 12:00:00,observed_anchor,36210.45407903118,34356.76809543503,1853.6859835961516,500.0,True,2335.092285942347,0.0,28526.66509930524,758.784032996054
2025-02-20,C3,6,2025-02-20 06:00:00,0.0,attachment2:2025-02-20:slot36:ended_at:2025-02-20 06:00:00,2025-02-20 06:00:00,observed_anchor,43502.15583063135,43242.10427992796,260.0515507033924,500.0,False,427.5019432096226,831.9086785285407,36376.30837106414,150.66122619047678
2025-02-20,C3,12,2025-02-20 12:00:00,7062.975,attachment2:2025-02-20:slot72:ended_at:2025-02-20 12:00:00,2025-02-20 12:00:00,observed_anchor,31314.59749541452,31196.506018274387,118.09147714013308,500.0,False,283.1273335980482,185.9397424511576,26657.943216190182,101.2890402849323
2025-02-21,C3,6,2025-02-21 06:00:00,0.0,attachment2:2025-02-21:slot36:ended_at:2025-02-21 06:00:00,2025-02-21 06:00:00,observed_anchor,8779.027333023721,8556.706023581248,222.32130944247365,500.0,False,284.40259199363254,0.0,8382.429592442975,263.78999756844337
2025-02-21,C3,12,2025-02-21 12:00:00,7337.0625,attachment2:2025-02-21:slot72:ended_at:2025-02-21 12:00:00,2025-02-21 12:00:00,observed_anchor,13551.892211658282,13455.928386414716,95.96382524356704,500.0,False,212.36303257505244,0.0,8354.077722857297,52.49104900338136
2025-02-22,C3,6,2025-02-22 06:00:00,0.0,attachment2:2025-02-22:slot36:ended_at:2025-02-22 06:00:00,2025-02-22 06:00:00,observed_anchor,12363.014496692487,10731.055868612906,1631.958628079583,500.0,True,364.07972412039726,2711.957323700415,10702.468063267295,491.3494343370834
2025-02-22,C3,12,2025-02-22 12:00:00,6945.0,attachment2:2025-02-22:slot72:ended_at:2025-02-22 12:00:00,2025-02-22 12:00:00,observed_anchor,10308.912268318993,10138.200107047103,170.71216127188745,500.0,False,0.0,3220.3272791739696,10138.200107047103,177.0197940749676
2025-02-23,C3,6,2025-02-23 06:00:00,0.0,attachment2:2025-02-23:slot36:ended_at:2025-02-23 06:00:00,2025-02-23 06:00:00,observed_anchor,37489.28059362268,36563.33873423376,925.9418593889204,500.0,True,2487.8435623556734,260.2257797668427,36277.69268881438,754.7673493569772
2025-02-23,C3,12,2025-02-23 12:00:00,6985.7625,attachment2:2025-02-23:slot72:ended_at:2025-02-23 12:00:00,2025-02-23 12:00:00,observed_anchor,28180.507428676214,27374.512472082653,805.9949565935603,500.0,True,5.898139551599797,1416.681187961227,27217.589534598992,291.06897023482816
2025-02-24,C3,6,2025-02-24 06:00:00,0.0,attachment2:2025-02-24:slot36:ended_at:2025-02-24 06:00:00,2025-02-24 06:00:00,observed_anchor,39460.81789437696,38618.41431754496,842.4035768319955,500.0,True,1718.956116343777,0.0,34419.81572970135,508.2400122607573
2025-02-24,C3,12,2025-02-24 12:00:00,7506.5625,attachment2:2025-02-24:slot72:ended_at:2025-02-24 12:00:00,2025-02-24 12:00:00,observed_anchor,27901.613905786613,27779.427550114066,122.1863556725475,500.0,False,433.0651732979608,42.03782957809062,27537.59691281708,171.01658820651085
2025-02-25,C3,6,2025-02-25 06:00:00,0.0,attachment2:2025-02-25:slot36:ended_at:2025-02-25 06:00:00,2025-02-25 06:00:00,observed_anchor,41203.66507727863,41202.21126127269,1.453816005938279,500.0,False,0.0,23.051253718401995,37702.63363458617,23.051253718401995
2025-02-25,C3,12,2025-02-25 12:00:00,7929.075,attachment2:2025-02-25:slot72:ended_at:2025-02-25 12:00:00,2025-02-25 12:00:00,observed_anchor,31228.20626269339,31182.3711447384,45.83511795498998,500.0,False,0.0,222.39019801839595,29030.40231866598,82.31632240431964
2025-02-26,C3,6,2025-02-26 06:00:00,0.0,attachment2:2025-02-26:slot36:ended_at:2025-02-26 06:00:00,2025-02-26 06:00:00,observed_anchor,35796.29736179844,33282.72118524413,2513.5761765543066,500.0,True,3177.710388207621,12.834010586023853,32758.74598740788,696.2335956109986
2025-02-26,C3,12,2025-02-26 12:00:00,7340.775,attachment2:2025-02-26:slot72:ended_at:2025-02-26 12:00:00,2025-02-26 12:00:00,observed_anchor,31296.33699627901,28831.05093668884,2465.2860595901693,500.0,True,2265.6041028855493,3.5417588713461328,27627.24111592912,800.6838005542257
2025-02-27,C3,6,2025-02-27 06:00:00,0.0,attachment2:2025-02-27:slot36:ended_at:2025-02-27 06:00:00,2025-02-27 06:00:00,observed_anchor,40789.39618401868,39945.97264287357,843.4235411451082,500.0,True,1910.6461772482444,403.2542605050842,33343.256816517525,578.2724696194556
2025-02-27,C3,12,2025-02-27 12:00:00,8344.725,attachment2:2025-02-27:slot72:ended_at:2025-02-27 12:00:00,2025-02-27 12:00:00,observed_anchor,33388.58258980514,32257.65661555325,1130.9259742518916,500.0,True,2505.6007854322224,84.04225140293363,26594.05006068309,597.8933803158388
2025-02-28,C3,6,2025-02-28 06:00:00,0.0,attachment2:2025-02-28:slot36:ended_at:2025-02-28 06:00:00,2025-02-28 06:00:00,observed_anchor,14763.931855847091,13629.71378885718,1134.2180669899117,500.0,True,896.9594139547883,0.0,9166.57993155938,322.2487105505784
2025-02-28,C3,12,2025-02-28 12:00:00,7383.75,attachment2:2025-02-28:slot72:ended_at:2025-02-28 12:00:00,2025-02-28 12:00:00,observed_anchor,8752.988571118183,8655.781384213391,97.20718690479224,500.0,False,642.1691927280591,270.813711504634,8512.422121096439,245.17233109602975
2025-03-01,C3,6,2025-03-01 06:00:00,0.0,attachment2:2025-03-01:slot36:ended_at:2025-03-01 06:00:00,2025-03-01 06:00:00,observed_anchor,14241.081254252727,13808.98165515987,432.0995990928568,500.0,False,167.85158358383586,1907.522201506113,11940.086208508095,481.9496529323517
2025-03-01,C3,12,2025-03-01 12:00:00,7470.2625,attachment2:2025-03-01:slot72:ended_at:2025-03-01 12:00:00,2025-03-01 12:00:00,observed_anchor,13241.014741261995,13112.466446869454,128.54829439254172,500.0,False,0.0,604.1665900023522,11898.809768294595,176.31101507936535
2025-03-02,C3,6,2025-03-02 06:00:00,0.0,attachment2:2025-03-02:slot36:ended_at:2025-03-02 06:00:00,2025-03-02 06:00:00,observed_anchor,49785.11579653013,46414.57933374273,3370.5364627874005,500.0,True,1863.500544569856,1988.4659944967784,44613.59163789007,749.7034588080116
2025-03-02,C3,12,2025-03-02 12:00:00,6085.35,attachment2:2025-03-02:slot72:ended_at:2025-03-02 12:00:00,2025-03-02 12:00:00,observed_anchor,39176.538929301314,37294.52335862343,1882.0155706778824,500.0,True,0.0,32.22927499999969,33525.86469343964,251.76944239677
2025-03-03,C3,6,2025-03-03 06:00:00,0.0,attachment2:2025-03-03:slot36:ended_at:2025-03-03 06:00:00,2025-03-03 06:00:00,observed_anchor,41424.54112142376,40140.40894933787,1284.1321720858905,500.0,True,0.0,3000.617348432085,39963.128293936345,668.7367881143598
2025-03-03,C3,12,2025-03-03 12:00:00,6537.7125,attachment2:2025-03-03:slot72:ended_at:2025-03-03 12:00:00,2025-03-03 12:00:00,observed_anchor,38258.598271943934,34517.46342743638,3741.134844507557,500.0,True,0.0,0.0,30433.460740073257,668.7367881143598
2025-03-04,C3,6,2025-03-04 06:00:00,0.0,attachment2:2025-03-04:slot36:ended_at:2025-03-04 06:00:00,2025-03-04 06:00:00,observed_anchor,40327.53110664193,39310.099790258864,1017.4313163830666,500.0,True,1331.0044962073785,2.3690531760813656,34533.608917961064,401.8446131921108
2025-03-04,C3,12,2025-03-04 12:00:00,7066.3875,attachment2:2025-03-04:slot72:ended_at:2025-03-04 12:00:00,2025-03-04 12:00:00,observed_anchor,34260.71223161414,33177.33256735758,1083.3796642565576,500.0,True,1835.80698687592,0.0,27505.277487016465,672.1454514762971
2025-03-05,C3,6,2025-03-05 06:00:00,0.0,attachment2:2025-03-05:slot36:ended_at:2025-03-05 06:00:00,2025-03-05 06:00:00,observed_anchor,39861.90821770096,39731.05857435182,130.84964334914548,500.0,False,247.81951086268143,978.3055265286288,37545.28368261868,271.5722613340598
2025-03-05,C3,12,2025-03-05 12:00:00,7656.3375,attachment2:2025-03-05:slot72:ended_at:2025-03-05 12:00:00,2025-03-05 12:00:00,observed_anchor,30041.208583326166,29794.111550492373,247.0970328337935,500.0,False,0.0,801.2340977334296,29609.48816009383,94.74419311262898
2025-03-06,C3,6,2025-03-06 06:00:00,0.0,attachment2:2025-03-06:slot36:ended_at:2025-03-06 06:00:00,2025-03-06 06:00:00,observed_anchor,38831.31914461346,37690.89674131407,1140.422403299388,500.0,True,1058.2023353419174,441.0815735119848,33313.95824485413,478.3451427953178
2025-03-06,C3,12,2025-03-06 12:00:00,7369.575,attachment2:2025-03-06:slot72:ended_at:2025-03-06 12:00:00,2025-03-06 12:00:00,observed_anchor,30350.55937867768,28514.24038445373,1836.3189942239517,500.0,True,1894.5132243687149,335.9186863995692,28316.096499956635,701.9671928788938
2025-03-07,C3,6,2025-03-07 06:00:00,0.0,attachment2:2025-03-07:slot36:ended_at:2025-03-07 06:00:00,2025-03-07 06:00:00,observed_anchor,9494.471943261144,8983.59674444171,510.8751988194344,500.0,True,210.9344556192828,1232.0005297169175,8763.34550248631,201.96017316893025
2025-03-07,C3,12,2025-03-07 12:00:00,7543.425,attachment2:2025-03-07:slot72:ended_at:2025-03-07 12:00:00,2025-03-07 12:00:00,observed_anchor,14441.222331095363,12749.35994532677,1691.8623857685943,500.0,True,342.1788775363902,0.0,9367.298303213654,219.39757326401443
2025-03-08,C3,6,2025-03-08 06:00:00,0.0,attachment2:2025-03-08:slot36:ended_at:2025-03-08 06:00:00,2025-03-08 06:00:00,observed_anchor,12422.250128957065,11992.61396162352,429.6361673335432,500.0,False,157.72125494993324,738.390942649721,10935.717656670082,109.78102103174648
2025-03-08,C3,12,2025-03-08 12:00:00,7495.1625,attachment2:2025-03-08:slot72:ended_at:2025-03-08 12:00:00,2025-03-08 12:00:00,observed_anchor,12455.507175867442,12445.68242633295,9.824749534491277,500.0,False,0.0,55.05174420928847,11053.140915854428,32.683809523809714
2025-03-09,C3,6,2025-03-09 06:00:00,0.0,attachment2:2025-03-09:slot36:ended_at:2025-03-09 06:00:00,2025-03-09 06:00:00,observed_anchor,40221.18753343325,37564.63763191148,2656.549901521772,500.0,True,809.596838880499,6933.965394407328,31885.565932540016,936.8873
2025-03-09,C3,12,2025-03-09 12:00:00,7859.8875,attachment2:2025-03-09:slot72:ended_at:2025-03-09 12:00:00,2025-03-09 12:00:00,observed_anchor,36990.10497590376,30174.06242345456,6816.042552449202,500.0,True,167.22391221587134,1180.3682792497648,27083.61598095982,936.8873
2025-03-10,C3,6,2025-03-10 06:00:00,0.0,attachment2:2025-03-10:slot36:ended_at:2025-03-10 06:00:00,2025-03-10 06:00:00,observed_anchor,37867.74833016997,36334.76619645322,1532.982133716745,500.0,True,1671.1364367715871,1113.2393325519895,33713.76633598429,812.1689534732382
2025-03-10,C3,12,2025-03-10 12:00:00,6573.6375,attachment2:2025-03-10:slot72:ended_at:2025-03-10 12:00:00,2025-03-10 12:00:00,observed_anchor,31726.0349231278,29248.237682904317,2477.797240223485,500.0,True,1206.3331231919838,440.26038296151046,28661.05854193255,682.1854095539497
2025-03-11,C3,6,2025-03-11 06:00:00,0.0,attachment2:2025-03-11:slot36:ended_at:2025-03-11 06:00:00,2025-03-11 06:00:00,observed_anchor,45418.595750213615,33450.50096949128,11968.094780722337,500.0,True,7893.042819371663,0.0,31823.388748725916,662.6568462354043
2025-03-11,C3,12,2025-03-11 12:00:00,7385.4,attachment2:2025-03-11:slot72:ended_at:2025-03-11 12:00:00,2025-03-11 12:00:00,observed_anchor,29469.324375948032,28997.82320641896,471.50116952907047,500.0,False,1707.5838324842516,0.0,25314.08523693095,550.0855674873712
2025-03-12,C3,6,2025-03-12 06:00:00,0.0,attachment2:2025-03-12:slot36:ended_at:2025-03-12 06:00:00,2025-03-12 06:00:00,observed_anchor,36659.10096302177,34373.893934412066,2285.2070286097005,500.0,True,370.6212076285119,6709.916393134962,30853.41581404297,1007.7678500788847
2025-03-12,C3,12,2025-03-12 12:00:00,7892.4,attachment2:2025-03-12:slot72:ended_at:2025-03-12 12:00:00,2025-03-12 12:00:00,observed_anchor,38785.226866900455,30555.76739000384,8229.459476896616,500.0,True,117.24757972710348,427.75628813238734,27903.283366630505,1004.0408404761909
2025-03-13,C3,6,2025-03-13 06:00:00,0.0,attachment2:2025-03-13:slot36:ended_at:2025-03-13 06:00:00,2025-03-13 06:00:00,observed_anchor,33149.32831537398,31908.24662137776,1241.0816939962242,500.0,True,2409.217368082118,0.0,31407.20887262961,813.4856223409804
2025-03-13,C3,12,2025-03-13 12:00:00,6580.65,attachment2:2025-03-13:slot72:ended_at:2025-03-13 12:00:00,2025-03-13 12:00:00,observed_anchor,32922.13476803566,32203.592429380187,718.5423386554758,500.0,True,2127.12899100216,0.0,25917.347294486844,750.7384157163984
2025-03-14,C3,6,2025-03-14 06:00:00,0.0,attachment2:2025-03-14:slot36:ended_at:2025-03-14 06:00:00,2025-03-14 06:00:00,observed_anchor,8890.17179714587,8227.456417114041,662.7153800318283,500.0,True,561.004596814982,75.62117640981472,7872.053736202525,135.70315801071308
2025-03-14,C3,12,2025-03-14 12:00:00,8114.7375,attachment2:2025-03-14:slot72:ended_at:2025-03-14 12:00:00,2025-03-14 12:00:00,observed_anchor,9941.66583248184,9216.74347099259,724.9223614892508,500.0,True,1597.8793266133755,14.38160872152116,8773.87993815066,506.5641831249833
2025-03-15,C3,6,2025-03-15 06:00:00,0.0,attachment2:2025-03-15:slot36:ended_at:2025-03-15 06:00:00,2025-03-15 06:00:00,observed_anchor,8283.855689661837,8199.491301696591,84.36438796524635,500.0,False,415.63014446643393,0.0,7689.300064747731,127.06115322213424
2025-03-15,C3,12,2025-03-15 12:00:00,6520.3125,attachment2:2025-03-15:slot72:ended_at:2025-03-15 12:00:00,2025-03-15 12:00:00,observed_anchor,7992.597628986378,7633.648968228427,358.9486607579511,500.0,False,237.88179228199095,54.71498154545816,7423.644216673962,61.762839523750245
2025-03-16,C3,6,2025-03-16 06:00:00,0.0,attachment2:2025-03-16:slot36:ended_at:2025-03-16 06:00:00,2025-03-16 06:00:00,observed_anchor,32570.285913943862,31612.815427220776,957.4704867230868,500.0,True,1460.397079601351,226.5529699126771,31101.473396957448,528.4018851093415
2025-03-16,C3,12,2025-03-16 12:00:00,7541.3625,attachment2:2025-03-16:slot72:ended_at:2025-03-16 12:00:00,2025-03-16 12:00:00,observed_anchor,27257.599829161933,26784.23452774925,473.36530141268304,500.0,False,0.0,542.0267442550279,26723.76797341436,167.96328967955128
2025-03-17,C3,6,2025-03-17 06:00:00,0.0,attachment2:2025-03-17:slot36:ended_at:2025-03-17 06:00:00,2025-03-17 06:00:00,observed_anchor,27866.011796240997,25621.76660727041,2244.2451889705844,500.0,True,800.427764197671,6161.178577684161,25538.46599306192,725.0818880769972
2025-03-17,C3,12,2025-03-17 12:00:00,8292.4875,attachment2:2025-03-17:slot72:ended_at:2025-03-17 12:00:00,2025-03-17 12:00:00,observed_anchor,34482.592557452044,26017.412184563917,8465.180372888131,500.0,True,1874.087239890001,529.7293157918839,25707.956889033187,798.2872260938337
2025-03-18,C3,6,2025-03-18 06:00:00,0.0,attachment2:2025-03-18:slot36:ended_at:2025-03-18 06:00:00,2025-03-18 06:00:00,observed_anchor,32509.08845703399,31625.170633389866,883.9178236441257,500.0,True,458.4012140395169,2399.6197178872526,31486.13908158181,693.3567062059432
2025-03-18,C3,12,2025-03-18 12:00:00,7836.375,attachment2:2025-03-18:slot72:ended_at:2025-03-18 12:00:00,2025-03-18 12:00:00,observed_anchor,25078.40740965832,24075.213540587305,1003.1938690710158,500.0,True,0.0,1966.2716854604105,24066.31758612104,304.5791479544465
2025-03-19,C3,6,2025-03-19 06:00:00,0.0,attachment2:2025-03-19:slot36:ended_at:2025-03-19 06:00:00,2025-03-19 06:00:00,observed_anchor,37109.461068119126,30408.717668873986,6700.743399245141,500.0,True,4789.329808078461,0.0,28389.1125223087,592.1288297614191
2025-03-19,C3,12,2025-03-19 12:00:00,8015.4375,attachment2:2025-03-19:slot72:ended_at:2025-03-19 12:00:00,2025-03-19 12:00:00,observed_anchor,25282.420098007424,25004.254563302587,278.1655347048363,500.0,False,3004.4661798588672,0.0,24650.663018765157,484.1904642835452
2025-03-20,C3,6,2025-03-20 06:00:00,0.0,attachment2:2025-03-20:slot36:ended_at:2025-03-20 06:00:00,2025-03-20 06:00:00,observed_anchor,32383.98728290137,28853.95314253208,3530.034140369288,500.0,True,849.061540872416,7857.952770719177,28301.169824570406,1076.3879598527778
2025-03-20,C3,12,2025-03-20 12:00:00,7818.45,attachment2:2025-03-20:slot72:ended_at:2025-03-20 12:00:00,2025-03-20 12:00:00,observed_anchor,35449.7713194097,26751.56684689713,8698.204472512567,500.0,True,244.5095127544381,1144.4561526534962,26484.24898542336,950.5024646985802
2025-03-21,C3,6,2025-03-21 06:00:00,0.0,attachment2:2025-03-21:slot36:ended_at:2025-03-21 06:00:00,2025-03-21 06:00:00,observed_anchor,8510.047186366019,7673.074095765139,836.9730906008799,500.0,True,361.414977096934,796.4325059605335,7481.973962232632,145.92369924050035
2025-03-21,C3,12,2025-03-21 12:00:00,8906.5125,attachment2:2025-03-21:slot72:ended_at:2025-03-21 12:00:00,2025-03-21 12:00:00,observed_anchor,7954.492773459006,7322.344531940733,632.1482415182727,500.0,True,0.0,385.2365838861899,7243.003940806599,79.26137887663106
2025-03-22,C3,6,2025-03-22 06:00:00,0.0,attachment2:2025-03-22:slot36:ended_at:2025-03-22 06:00:00,2025-03-22 06:00:00,observed_anchor,8491.769371815553,8158.378202815935,333.39116899961846,500.0,False,174.1341130159135,646.2742717736588,8046.251242177725,123.863477859036
2025-03-22,C3,12,2025-03-22 12:00:00,8191.1625,attachment2:2025-03-22:slot72:ended_at:2025-03-22 12:00:00,2025-03-22 12:00:00,observed_anchor,8155.402059651467,8089.1045311260705,66.29752852539696,500.0,False,0.0,229.56664947311165,8012.766425701093,71.78103442339375
2025-03-23,C3,6,2025-03-23 06:00:00,11.625,attachment2:2025-03-23:slot36:ended_at:2025-03-23 06:00:00,2025-03-23 06:00:00,observed_anchor,29550.351258718325,28790.25431869323,760.0969400250942,500.0,True,0.0,2141.901176742256,28731.62765282412,223.93245008047927
2025-03-23,C3,12,2025-03-23 12:00:00,8043.9375,attachment2:2025-03-23:slot72:ended_at:2025-03-23 12:00:00,2025-03-23 12:00:00,observed_anchor,24184.150033280486,24067.459310947965,116.69072233252156,500.0,False,0.0,1870.3751711310224,24062.32689320648,223.93245008047927
2025-03-24,C3,6,2025-03-24 06:00:00,31.35,attachment2:2025-03-24:slot36:ended_at:2025-03-24 06:00:00,2025-03-24 06:00:00,observed_anchor,28327.94852732037,28022.262413056917,305.6861142634625,500.0,False,245.42639372132837,948.1733359502128,27919.963696620885,246.7864425932653
2025-03-24,C3,12,2025-03-24 12:00:00,8381.175,attachment2:2025-03-24:slot72:ended_at:2025-03-24 12:00:00,2025-03-24 12:00:00,observed_anchor,25746.279360937333,25145.392279916206,600.8870810211265,500.0,True,906.8260798343306,237.43376178621656,25081.587536784384,447.7769133472822
2025-03-25,C3,6,2025-03-25 06:00:00,45.375,attachment2:2025-03-25:slot36:ended_at:2025-03-25 06:00:00,2025-03-25 06:00:00,observed_anchor,31388.860718142143,29208.6966003559,2180.164117786244,500.0,True,0.0,7166.527993568685,29148.52888501636,990.5654163963848
2025-03-25,C3,12,2025-03-25 12:00:00,7694.025,attachment2:2025-03-25:slot72:ended_at:2025-03-25 12:00:00,2025-03-25 12:00:00,observed_anchor,30759.692747029785,24962.27280099953,5797.419946030255,500.0,True,0.0,1764.956891711863,24919.51028287433,842.137987262923
2025-03-26,C3,6,2025-03-26 06:00:00,60.7875,attachment2:2025-03-26:slot36:ended_at:2025-03-26 06:00:00,2025-03-26 06:00:00,observed_anchor,29145.831610135363,27551.01235334816,1594.8192567872063,500.0,True,1322.543705851101,327.1320600786529,26949.077965398523,450.81748869022505
2025-03-26,C3,12,2025-03-26 12:00:00,8638.8,attachment2:2025-03-26:slot72:ended_at:2025-03-26 12:00:00,2025-03-26 12:00:00,observed_anchor,24921.843534319018,24729.97529351412,191.86824080489896,500.0,False,62.30140974702943,773.0830645089078,24601.384167912423,162.47943973367023
2025-03-27,C3,6,2025-03-27 06:00:00,85.5375,attachment2:2025-03-27:slot36:ended_at:2025-03-27 06:00:00,2025-03-27 06:00:00,observed_anchor,31064.708283229666,29657.00249590773,1407.7057873219271,500.0,True,824.24092330745,325.8491865580476,28505.27188755401,121.01999799855535
2025-03-27,C3,12,2025-03-27 12:00:00,8662.0125,attachment2:2025-03-27:slot72:ended_at:2025-03-27 12:00:00,2025-03-27 12:00:00,observed_anchor,25182.91996246208,24071.410534560942,1111.5094279011355,500.0,True,0.0,886.9759729274613,23978.06672483943,163.14519444444431
2025-03-28,C3,6,2025-03-28 06:00:00,108.45,attachment2:2025-03-28:slot36:ended_at:2025-03-28 06:00:00,2025-03-28 06:00:00,observed_anchor,7379.927304090269,7270.988298208162,108.93900588210728,500.0,False,221.2573893917977,260.2242524961564,7139.062618594339,150.5179328061823
2025-03-28,C3,12,2025-03-28 12:00:00,8901.8625,attachment2:2025-03-28:slot72:ended_at:2025-03-28 12:00:00,2025-03-28 12:00:00,observed_anchor,7284.375226763721,7227.731881957881,56.64334480583966,500.0,False,207.99233150528335,186.22180056979323,7136.036297199955,128.50283693150496
2025-03-29,C3,6,2025-03-29 06:00:00,131.475,attachment2:2025-03-29:slot36:ended_at:2025-03-29 06:00:00,2025-03-29 06:00:00,observed_anchor,8069.747236971153,7313.6757088794,756.071528091753,500.0,True,547.5415564327758,0.0,7003.865734859872,84.72118103561172
2025-03-29,C3,12,2025-03-29 12:00:00,8863.2375,attachment2:2025-03-29:slot72:ended_at:2025-03-29 12:00:00,2025-03-29 12:00:00,observed_anchor,7349.538600466692,7277.509236722953,72.02936374373894,500.0,False,394.1090419328012,0.0,6789.806062363191,84.72118103561172
2025-03-30,C3,6,2025-03-30 06:00:00,142.8375,attachment2:2025-03-30:slot36:ended_at:2025-03-30 06:00:00,2025-03-30 06:00:00,observed_anchor,26345.717948642097,25936.129208455783,409.5887401863147,500.0,False,0.0,2105.80766915334,25383.336023850206,814.3048296038104
2025-03-30,C3,12,2025-03-30 12:00:00,8612.625,attachment2:2025-03-30:slot72:ended_at:2025-03-30 12:00:00,2025-03-30 12:00:00,observed_anchor,23227.082625999075,23085.921989067974,141.16063693109754,500.0,False,0.0,844.9202702278767,22585.9245528608,214.34778388460572
2025-03-31,C3,6,2025-03-31 06:00:00,175.0875,attachment2:2025-03-31:slot36:ended_at:2025-03-31 06:00:00,2025-03-31 06:00:00,observed_anchor,41224.96254029938,31403.39287541925,9821.569664880131,500.0,True,7405.8679913535325,0.0,30051.59020207125,942.427732597574
2025-03-31,C3,12,2025-03-31 12:00:00,8163.6,attachment2:2025-03-31:slot72:ended_at:2025-03-31 12:00:00,2025-03-31 12:00:00,observed_anchor,26648.202578248158,23444.60456635671,3203.598011891445,500.0,True,264.87158852959783,0.0,23112.8307410713,942.427732597574
2025-04-01,C3,6,2025-04-01 06:00:00,201.9,attachment2:2025-04-01:slot36:ended_at:2025-04-01 06:00:00,2025-04-01 06:00:00,observed_anchor,30032.44981374576,28892.084564860736,1140.3652488850205,500.0,True,1326.6990921038805,2657.697012944278,28819.64416871501,608.4308471267926
2025-04-01,C3,12,2025-04-01 12:00:00,6894.4875,attachment2:2025-04-01:slot72:ended_at:2025-04-01 12:00:00,2025-04-01 12:00:00,observed_anchor,24729.484463643097,24362.0818340919,367.4026295511976,500.0,False,964.3520703122144,908.2325818357596,24229.361923963355,501.3384750186883
2025-04-02,C3,6,2025-04-02 06:00:00,202.6125,attachment2:2025-04-02:slot36:ended_at:2025-04-02 06:00:00,2025-04-02 06:00:00,observed_anchor,38222.26847605428,33147.61669904924,5074.651777005034,500.0,True,5533.554265428514,0.0,32234.90359941654,783.2733804203393
2025-04-02,C3,12,2025-04-02 12:00:00,7425.825,attachment2:2025-04-02:slot72:ended_at:2025-04-02 12:00:00,2025-04-02 12:00:00,observed_anchor,25208.83235475314,24576.79391684999,632.0384379031493,500.0,True,2289.433833760573,39.85769723717635,24115.45161114173,591.4907830238632
2025-04-03,C3,6,2025-04-03 06:00:00,219.8625,attachment2:2025-04-03:slot36:ended_at:2025-04-03 06:00:00,2025-04-03 06:00:00,observed_anchor,28300.36352419126,27171.083973780496,1129.2795504107637,500.0,True,0.0,3319.019616965087,27103.97927499727,556.7027548931184
2025-04-03,C3,12,2025-04-03 12:00:00,8639.475,attachment2:2025-04-03:slot72:ended_at:2025-04-03 12:00:00,2025-04-03 12:00:00,observed_anchor,27917.258728822315,24436.245372897494,3481.013355924817,500.0,True,0.0,1075.1580327408878,24410.617847072484,556.7027548931184
2025-04-04,C3,6,2025-04-04 06:00:00,251.4375,attachment2:2025-04-04:slot36:ended_at:2025-04-04 06:00:00,2025-04-04 06:00:00,observed_anchor,6703.555875273484,6453.531599760795,250.0242755126892,500.0,False,249.26369217975792,300.37592278138777,6333.857874183282,95.8564742262173
2025-04-04,C3,12,2025-04-04 12:00:00,8440.35,attachment2:2025-04-04:slot72:ended_at:2025-04-04 12:00:00,2025-04-04 12:00:00,observed_anchor,6602.846585732224,6601.327292967437,1.5192927647867691,500.0,False,0.0,9.36268696351408,6237.21631755946,9.36268696351408
2025-04-05,C3,6,2025-04-05 06:00:00,289.725,attachment2:2025-04-05:slot36:ended_at:2025-04-05 06:00:00,2025-04-05 06:00:00,observed_anchor,8408.229361526208,7318.680088407244,1089.5492731189645,500.0,True,606.5693356355707,14.780862334193898,6994.166436835177,215.5754045009621
2025-04-05,C3,12,2025-04-05 12:00:00,8419.8375,attachment2:2025-04-05:slot72:ended_at:2025-04-05 12:00:00,2025-04-05 12:00:00,observed_anchor,6523.283196631251,6511.175023863013,12.108172768237637,500.0,False,104.7513190203479,77.11312263372434,6338.255899010292,42.53586986292579
2025-04-06,C3,6,2025-04-06 06:00:00,305.0625,attachment2:2025-04-06:slot36:ended_at:2025-04-06 06:00:00,2025-04-06 06:00:00,observed_anchor,26640.67618031448,25668.04019428952,972.635986024954,500.0,True,397.34502105081367,3279.670537229113,25036.284202193725,701.405834806527
2025-04-06,C3,12,2025-04-06 12:00:00,8145.15,attachment2:2025-04-06:slot72:ended_at:2025-04-06 12:00:00,2025-04-06 12:00:00,observed_anchor,29943.12369600184,24883.14908974593,5059.97460625591,500.0,True,2572.6784146300265,854.4817374109845,24536.726873757565,873.9328614300819
2025-04-07,C3,6,2025-04-07 06:00:00,376.3125,attachment2:2025-04-07:slot36:ended_at:2025-04-07 06:00:00,2025-04-07 06:00:00,observed_anchor,33750.66852343098,27203.436759596912,6547.231763834065,500.0,True,4779.782619837824,42.14623940004629,25196.36142810745,603.5841090719133
2025-04-07,C3,12,2025-04-07 12:00:00,7822.275,attachment2:2025-04-07:slot72:ended_at:2025-04-07 12:00:00,2025-04-07 12:00:00,observed_anchor,23746.04170817814,23270.43550175096,475.6062064271828,500.0,False,2461.9264540155664,13.25325652577419,22806.606423658704,486.7288069789834
2025-04-08,C3,6,2025-04-08 06:00:00,320.55,attachment2:2025-04-08:slot36:ended_at:2025-04-08 06:00:00,2025-04-08 06:00:00,observed_anchor,28600.956713815667,27448.55570967073,1152.4010041449365,500.0,True,17.159860957310457,4601.316854179467,26923.39116801764,956.2577690142924
2025-04-08,C3,12,2025-04-08 12:00:00,8678.7375,attachment2:2025-04-08:slot72:ended_at:2025-04-08 12:00:00,2025-04-08 12:00:00,observed_anchor,25447.6527497016,24551.672597286248,895.9801524153481,500.0,True,1.2354999999997744,2155.798037274724,24520.53718746834,768.7781152837018
2025-04-09,C3,6,2025-04-09 06:00:00,362.025,attachment2:2025-04-09:slot36:ended_at:2025-04-09 06:00:00,2025-04-09 06:00:00,observed_anchor,33461.43921554132,29443.36491515058,4018.074300390741,500.0,True,3626.287850148708,0.0,28838.199835782983,666.2848433535852
2025-04-09,C3,12,2025-04-09 12:00:00,7426.5375,attachment2:2025-04-09:slot72:ended_at:2025-04-09 12:00:00,2025-04-09 12:00:00,observed_anchor,26834.25474469113,26288.148011519672,546.1067331714621,500.0,True,1223.829023047232,250.6728001276665,25915.903990897998,628.9548468857695
2025-04-10,C3,6,2025-04-10 06:00:00,373.1625,attachment2:2025-04-10:slot36:ended_at:2025-04-10 06:00:00,2025-04-10 06:00:00,observed_anchor,30795.06045932764,29155.017735418285,1640.0427239093551,500.0,True,3508.712731022193,0.0,26703.98891333253,557.973755506553
2025-04-10,C3,12,2025-04-10 12:00:00,8974.575,attachment2:2025-04-10:slot72:ended_at:2025-04-10 12:00:00,2025-04-10 12:00:00,observed_anchor,23718.070260537497,22925.843098467503,792.2271620699939,500.0,True,0.0,886.8139365640093,22773.56971377023,378.3876492293968
2025-04-11,C3,6,2025-04-11 06:00:00,402.675,attachment2:2025-04-11:slot36:ended_at:2025-04-11 06:00:00,2025-04-11 06:00:00,observed_anchor,7195.205806484332,6438.434201622987,756.7716048613456,500.0,True,424.39549850959696,0.0,6288.01700206284,158.30456726654734
2025-04-11,C3,12,2025-04-11 12:00:00,8585.6625,attachment2:2025-04-11:slot72:ended_at:2025-04-11 12:00:00,2025-04-11 12:00:00,observed_anchor,5858.65996505671,5853.548268067575,5.111696989134543,500.0,False,4.902841297448617,31.683024332899087,5754.886214747162,21.230245044048782
2025-04-12,C3,6,2025-04-12 06:00:00,503.3625,attachment2:2025-04-12:slot36:ended_at:2025-04-12 06:00:00,2025-04-12 06:00:00,observed_anchor,7098.172104958198,6701.128850762873,397.04325419532506,500.0,False,86.47408683944356,709.6194297784896,6623.353320886423,139.07854962843572
2025-04-12,C3,12,2025-04-12 12:00:00,7987.8375,attachment2:2025-04-12:slot72:ended_at:2025-04-12 12:00:00,2025-04-12 12:00:00,observed_anchor,6938.537387299761,6799.817672813147,138.71971448661407,500.0,False,38.27256659107229,312.5805857327024,6746.434909715812,86.61458989487608
2025-04-13,C3,6,2025-04-13 06:00:00,359.25,attachment2:2025-04-13:slot36:ended_at:2025-04-13 06:00:00,2025-04-13 06:00:00,observed_anchor,24932.30708740071,24463.525442508813,468.7816448918966,500.0,False,324.0532042459589,917.1236725361566,23958.170571126542,286.81543312909184
2025-04-13,C3,12,2025-04-13 12:00:00,8187.0375,attachment2:2025-04-13:slot72:ended_at:2025-04-13 12:00:00,2025-04-13 12:00:00,observed_anchor,27026.21632168289,23778.74842627068,3247.4678954122064,500.0,True,2317.1553697271383,572.5091576433095,23180.29270720468,813.6861779815238
2025-04-14,C3,6,2025-04-14 06:00:00,460.2,attachment2:2025-04-14:slot36:ended_at:2025-04-14 06:00:00,2025-04-14 06:00:00,observed_anchor,25752.730067257893,23788.38704232788,1964.3430249300145,500.0,True,0.0,5376.593486187311,23788.38704232787,740.4547163811262
2025-04-14,C3,12,2025-04-14 12:00:00,8306.25,attachment2:2025-04-14:slot72:ended_at:2025-04-14 12:00:00,2025-04-14 12:00:00,observed_anchor,24209.84960955896,22184.65703976595,2025.1925697930128,500.0,True,0.0,2419.1781875824163,22184.657039765934,740.4547163811262
2025-04-15,C3,6,2025-04-15 06:00:00,519.9,attachment2:2025-04-15:slot36:ended_at:2025-04-15 06:00:00,2025-04-15 06:00:00,observed_anchor,29653.05495406662,25214.304204124557,4438.750749942068,500.0,True,3926.7501064687694,136.14600630959637,24109.59667899946,467.21691137849
2025-04-15,C3,12,2025-04-15 12:00:00,9025.275,attachment2:2025-04-15:slot72:ended_at:2025-04-15 12:00:00,2025-04-15 12:00:00,observed_anchor,23552.954678107373,22422.33340858652,1130.6212695208524,500.0,True,1967.9507838584664,71.69001999653187,22151.63251816451,443.5791017265008
2025-04-16,C3,6,2025-04-16 06:00:00,552.0,attachment2:2025-04-16:slot36:ended_at:2025-04-16 06:00:00,2025-04-16 06:00:00,observed_anchor,29077.787661539263,26366.044233800178,2711.7434277390857,500.0,True,2796.8148927484644,14.28192789748914,25649.757355351183,677.0795539156007
2025-04-16,C3,12,2025-04-16 12:00:00,7349.775,attachment2:2025-04-16:slot72:ended_at:2025-04-16 12:00:00,2025-04-16 12:00:00,observed_anchor,23621.38380712813,23092.90727021581,528.4765369123197,500.0,True,701.9025356830955,496.0993330991895,22768.080204273298,331.99263885877906
2025-04-17,C3,6,2025-04-17 06:00:00,569.5125,attachment2:2025-04-17:slot36:ended_at:2025-04-17 06:00:00,2025-04-17 06:00:00,observed_anchor,29808.382050360586,25381.455448539036,4426.926601821553,500.0,True,3938.701603248077,15.736669499725965,24667.697786958888,493.9999248621653
2025-04-17,C3,12,2025-04-17 12:00:00,8610.0375,attachment2:2025-04-17:slot72:ended_at:2025-04-17 12:00:00,2025-04-17 12:00:00,observed_anchor,22710.08356854272,22103.801253489302,606.2823150534095,500.0,True,712.6410823631502,0.0,21902.63761909381,493.9999248621653
2025-04-18,C3,6,2025-04-18 06:00:00,491.4375,attachment2:2025-04-18:slot36:ended_at:2025-04-18 06:00:00,2025-04-18 06:00:00,observed_anchor,6857.495876295073,6489.621838051748,367.8740382433252,500.0,False,246.0659699559164,118.84282028740176,6098.995532506774,112.60990594998316
2025-04-18,C3,12,2025-04-18 12:00:00,8175.825,attachment2:2025-04-18:slot72:ended_at:2025-04-18 12:00:00,2025-04-18 12:00:00,observed_anchor,5861.875164903273,5852.624220578407,9.250944324865486,500.0,False,0.0,67.57085062490842,5810.255553152966,28.052179208666985
2025-04-19,C3,6,2025-04-19 06:00:00,630.4125,attachment2:2025-04-19:slot36:ended_at:2025-04-19 06:00:00,2025-04-19 06:00:00,observed_anchor,5369.191197060023,5305.389313793861,63.80188326616189,500.0,False,60.09515784620633,161.79416702861403,5060.699234513606,60.09515784620633
2025-04-19,C3,12,2025-04-19 12:00:00,8547.6375,attachment2:2025-04-19:slot72:ended_at:2025-04-19 12:00:00,2025-04-19 12:00:00,observed_anchor,7160.084414801609,6128.085105409704,1031.9993093919047,500.0,True,667.4352376867527,41.10703122809218,5913.497445255652,178.18173858106502
2025-04-20,C3,6,2025-04-20 06:00:00,600.6,attachment2:2025-04-20:slot36:ended_at:2025-04-20 06:00:00,2025-04-20 06:00:00,observed_anchor,26806.03115820281,24800.09816458865,2005.9329936141692,500.0,True,3946.6804418567817,78.30333076933209,22811.208459420726,583.2672916197477
2025-04-20,C3,12,2025-04-20 12:00:00,8499.225,attachment2:2025-04-20:slot72:ended_at:2025-04-20 12:00:00,2025-04-20 12:00:00,observed_anchor,24310.83792229997,22497.340451337157,1813.4974709628184,500.0,True,2888.406034827004,4.315571099246881,22211.404163160787,461.8590530557048
2025-04-21,C3,6,2025-04-21 06:00:00,706.4625,attachment2:2025-04-21:slot36:ended_at:2025-04-21 06:00:00,2025-04-21 06:00:00,observed_anchor,22983.22597231955,21267.736250634167,1715.4897216853824,500.0,True,0.0,5746.938678364685,21253.092163654528,876.1644937806964
2025-04-21,C3,12,2025-04-21 12:00:00,9120.5625,attachment2:2025-04-21:slot72:ended_at:2025-04-21 12:00:00,2025-04-21 12:00:00,observed_anchor,26349.421264732337,22100.429571990106,4248.991692742231,500.0,True,1.1368683772161605e-13,2037.5891295991169,22100.42957199009,826.0949868030877
2025-04-22,C3,6,2025-04-22 06:00:00,637.575,attachment2:2025-04-22:slot36:ended_at:2025-04-22 06:00:00,2025-04-22 06:00:00,observed_anchor,29026.293046247745,25529.74748309661,3496.545563151136,500.0,True,4176.190998016389,4.573883784442273,22820.338921330906,593.8950703397863
2025-04-22,C3,12,2025-04-22 12:00:00,8038.2,attachment2:2025-04-22:slot72:ended_at:2025-04-22 12:00:00,2025-04-22 12:00:00,observed_anchor,22846.2243251892,21854.66768871804,991.5566364711632,500.0,True,2546.6553683125376,0.0,21432.020845280706,383.21643254343167
2025-04-23,C3,6,2025-04-23 06:00:00,716.2125,attachment2:2025-04-23:slot36:ended_at:2025-04-23 06:00:00,2025-04-23 06:00:00,observed_anchor,27314.368007902485,23202.844153118083,4111.523854784402,500.0,True,4011.874144757885,0.0,22586.2005147223,515.3114664964343
2025-04-23,C3,12,2025-04-23 12:00:00,7892.775,attachment2:2025-04-23:slot72:ended_at:2025-04-23 12:00:00,2025-04-23 12:00:00,observed_anchor,24647.6764734251,23033.75043764729,1613.9260357778112,500.0,True,3502.163871611368,0.0,22250.540378456782,774.80284094769
2025-04-24,C3,6,2025-04-24 06:00:00,687.825,attachment2:2025-04-24:slot36:ended_at:2025-04-24 06:00:00,2025-04-24 06:00:00,observed_anchor,20463.0444774943,20111.92921349813,351.11526399616923,500.0,False,556.5187363672671,0.0,18970.548204008257,106.53772368933022
2025-04-24,C3,12,2025-04-24 12:00:00,8209.875,attachment2:2025-04-24:slot72:ended_at:2025-04-24 12:00:00,2025-04-24 12:00:00,observed_anchor,29679.540211155738,22825.01979803108,6854.520413124661,500.0,True,3885.049784930484,0.0,21911.73329874419,433.7983996501592
2025-04-25,C3,6,2025-04-25 06:00:00,750.0375,attachment2:2025-04-25:slot36:ended_at:2025-04-25 06:00:00,2025-04-25 06:00:00,observed_anchor,6712.8795575554,6150.6144752650525,562.265082290347,500.0,True,518.0072298732821,72.18390562337632,5952.705422446631,116.62945008914188
2025-04-25,C3,12,2025-04-25 12:00:00,8784.4875,attachment2:2025-04-25:slot72:ended_at:2025-04-25 12:00:00,2025-04-25 12:00:00,observed_anchor,5561.266605402887,5215.291885928046,345.97471947484064,500.0,False,12.472707018851338,364.9703196587452,5147.116466623567,84.2136697177256
2025-04-26,C3,6,2025-04-26 06:00:00,791.25,attachment2:2025-04-26:slot36:ended_at:2025-04-26 06:00:00,2025-04-26 06:00:00,observed_anchor,6597.775513603748,5785.245306771455,812.5302068322926,500.0,True,321.91717594919146,349.8505214082971,5729.240592228275,115.99418124288304
2025-04-26,C3,12,2025-04-26 12:00:00,9995.8875,attachment2:2025-04-26:slot72:ended_at:2025-04-26 12:00:00,2025-04-26 12:00:00,observed_anchor,6007.871338996268,5581.664622261515,426.20671673475226,500.0,False,0.0,7.761643886187926,5444.650820067894,110.28457286629477
2025-04-27,C3,6,2025-04-27 06:00:00,740.1375,attachment2:2025-04-27:slot36:ended_at:2025-04-27 06:00:00,2025-04-27 06:00:00,observed_anchor,27850.483476123936,22680.982738638788,5169.500737485148,500.0,True,4731.487938612315,0.0,22367.175012348143,461.1532430750572
2025-04-27,C3,12,2025-04-27 12:00:00,9406.2,attachment2:2025-04-27:slot72:ended_at:2025-04-27 12:00:00,2025-04-27 12:00:00,observed_anchor,25218.67984802836,21946.918194069367,3271.761653958991,500.0,True,3776.521412434875,0.0,21644.434650133488,820.2393061966221
2025-04-28,C3,6,2025-04-28 06:00:00,717.6,attachment2:2025-04-28:slot36:ended_at:2025-04-28 06:00:00,2025-04-28 06:00:00,observed_anchor,35793.65315090412,30449.55526396069,5344.097886943433,500.0,True,4755.06774434256,0.0,29131.43644171224,815.5610919864657
2025-04-28,C3,12,2025-04-28 12:00:00,7101.9375,attachment2:2025-04-28:slot72:ended_at:2025-04-28 12:00:00,2025-04-28 12:00:00,observed_anchor,24292.578504836783,23636.50180429818,656.0767005386042,500.0,True,224.23818428164708,779.1104027997394,23569.262929434884,193.7407630460001
2025-04-29,C3,6,2025-04-29 06:00:00,848.7375,attachment2:2025-04-29:slot36:ended_at:2025-04-29 06:00:00,2025-04-29 06:00:00,observed_anchor,26691.41839351279,23664.899771726297,3026.518621786494,500.0,True,1985.8720857906883,154.42197269203075,22557.287891347885,352.4093671132746
2025-04-29,C3,12,2025-04-29 12:00:00,8429.175,attachment2:2025-04-29:slot72:ended_at:2025-04-29 12:00:00,2025-04-29 12:00:00,observed_anchor,25664.550280158903,23530.886761449325,2133.6635187095817,500.0,True,2897.856252609519,239.3295105590637,22952.54638822755,480.2474691620945
2025-04-30,C3,6,2025-04-30 06:00:00,851.175,attachment2:2025-04-30:slot36:ended_at:2025-04-30 06:00:00,2025-04-30 06:00:00,observed_anchor,25851.789512167165,22480.89052329756,3370.898988869605,500.0,True,2411.545834153088,46.78240877883866,21359.340821536083,498.89981102359445
2025-04-30,C3,12,2025-04-30 12:00:00,8402.325,attachment2:2025-04-30:slot72:ended_at:2025-04-30 12:00:00,2025-04-30 12:00:00,observed_anchor,21562.881077847494,20876.795122456195,686.0859553913033,500.0,True,2113.128112019381,0.0,20371.73216173272,458.8520844751324
2025-05-01,C3,6,2025-05-01 06:00:00,828.2625,attachment2:2025-05-01:slot36:ended_at:2025-05-01 06:00:00,2025-05-01 06:00:00,observed_anchor,26405.1155596134,22586.02295694408,3819.0926026693232,500.0,True,1675.4320394500965,250.786098905462,21980.30516894851,416.4904607511323
2025-05-01,C3,12,2025-05-01 12:00:00,9177.7875,attachment2:2025-05-01:slot72:ended_at:2025-05-01 12:00:00,2025-05-01 12:00:00,observed_anchor,24500.89257885522,21841.902372493183,2658.990206362036,500.0,True,1615.8260590806003,0.0,21334.801975596984,361.88912576990265
2025-05-02,C3,6,2025-05-02 06:00:00,756.3,attachment2:2025-05-02:slot36:ended_at:2025-05-02 06:00:00,2025-05-02 06:00:00,observed_anchor,6960.414212716361,6833.87985520486,126.53435751150118,500.0,False,171.25609334030517,0.0,6739.920564567047,97.30840204797188
2025-05-02,C3,12,2025-05-02 12:00:00,7449.3375,attachment2:2025-05-02:slot72:ended_at:2025-05-02 12:00:00,2025-05-02 12:00:00,observed_anchor,6645.307745982927,6638.324017975405,6.983728007521677,500.0,False,0.0,32.84113157767416,6542.807978799849,19.02944573592754
2025-05-03,C3,6,2025-05-03 06:00:00,829.0125,attachment2:2025-05-03:slot36:ended_at:2025-05-03 06:00:00,2025-05-03 06:00:00,observed_anchor,7728.015577345592,7678.496618041856,49.51895930373576,500.0,False,0.0,107.463253197837,5648.765238848163,40.17562669897143
2025-05-03,C3,12,2025-05-03 12:00:00,7848.1875,attachment2:2025-05-03:slot72:ended_at:2025-05-03 12:00:00,2025-05-03 12:00:00,observed_anchor,5698.284198151898,5673.93520844293,24.348989708967565,500.0,False,0.0,118.69361691313485,5663.640719610501,82.72043388238228
2025-05-04,C3,6,2025-05-04 06:00:00,967.8375,attachment2:2025-05-04:slot36:ended_at:2025-05-04 06:00:00,2025-05-04 06:00:00,observed_anchor,22910.48640684158,22810.12856343765,100.35784340392638,500.0,False,0.0,687.7752208484228,22054.267504115563,160.9590921910808
2025-05-04,C3,12,2025-05-04 12:00:00,7929.525,attachment2:2025-05-04:slot72:ended_at:2025-05-04 12:00:00,2025-05-04 12:00:00,observed_anchor,22008.466797592915,21397.95091196341,610.5158856295093,500.0,True,0.0,1336.048231550215,21308.660946563574,180.67622835514976
2025-05-05,C3,6,2025-05-05 06:00:00,753.5625,attachment2:2025-05-05:slot36:ended_at:2025-05-05 06:00:00,2025-05-05 06:00:00,observed_anchor,26057.70016124592,26031.40932694844,26.290834297484253,500.0,False,225.50644612198045,0.0,24401.8387436265,76.55776907833138
2025-05-05,C3,12,2025-05-05 12:00:00,8933.5125,attachment2:2025-05-05:slot72:ended_at:2025-05-05 12:00:00,2025-05-05 12:00:00,observed_anchor,23195.125032179843,23152.22001849933,42.905013680509,500.0,False,111.6327064101738,301.640933822132,23048.92310665837,92.69012967739228
2025-05-06,C3,6,2025-05-06 06:00:00,903.1875,attachment2:2025-05-06:slot36:ended_at:2025-05-06 06:00:00,2025-05-06 06:00:00,observed_anchor,30605.618476436783,24737.460764791093,5868.157711645694,500.0,True,4176.942578369027,158.0379854320796,23885.133888220997,474.8612540229172
2025-05-06,C3,12,2025-05-06 12:00:00,9114.75,attachment2:2025-05-06:slot72:ended_at:2025-05-06 12:00:00,2025-05-06 12:00:00,observed_anchor,22825.72659615252,22277.987776633097,547.7388195194217,500.0,True,2049.6814965603053,655.072403403484,21461.65702520815,356.50783758538
2025-05-07,C3,6,2025-05-07 06:00:00,822.525,attachment2:2025-05-07:slot36:ended_at:2025-05-07 06:00:00,2025-05-07 06:00:00,observed_anchor,30765.371275058234,26802.00255869543,3963.3687163628056,500.0,True,3412.761788339822,0.0,24671.32229398717,370.4484111300508
2025-05-07,C3,12,2025-05-07 12:00:00,8409.975,attachment2:2025-05-07:slot72:ended_at:2025-05-07 12:00:00,2025-05-07 12:00:00,observed_anchor,25408.31755697826,24665.44933454325,742.8682224350159,500.0,True,2647.8243919398437,0.0,22930.506514946028,414.9418566451675
2025-05-08,C3,6,2025-05-08 06:00:00,876.675,attachment2:2025-05-08:slot36:ended_at:2025-05-08 06:00:00,2025-05-08 06:00:00,observed_anchor,27680.48828146904,27277.463104936895,403.0251765321409,500.0,False,0.0,2050.972785958064,26781.91615711552,247.13884272201028
2025-05-08,C3,12,2025-05-08 12:00:00,7598.1375,attachment2:2025-05-08:slot72:ended_at:2025-05-08 12:00:00,2025-05-08 12:00:00,observed_anchor,31775.00035178639,27515.080886244315,4259.919465542076,500.0,True,2471.9209500528145,1271.4288383841283,27192.424717997597,719.6176311133834
2025-05-09,C3,6,2025-05-09 06:00:00,847.725,attachment2:2025-05-09:slot36:ended_at:2025-05-09 06:00:00,2025-05-09 06:00:00,observed_anchor,11481.138120901272,10524.715254888984,956.422866012288,500.0,True,406.7061684483386,41.29639484853351,9394.513515825036,138.93753598795956
2025-05-09,C3,12,2025-05-09 12:00:00,8264.25,attachment2:2025-05-09:slot72:ended_at:2025-05-09 12:00:00,2025-05-09 12:00:00,observed_anchor,10038.937421739778,10031.503589440004,7.433832299775531,500.0,False,0.0,221.3313654102398,8859.352174517742,55.15613645681418
2025-05-10,C3,6,2025-05-10 06:00:00,1034.5875,attachment2:2025-05-10:slot36:ended_at:2025-05-10 06:00:00,2025-05-10 06:00:00,observed_anchor,11664.344303091852,9555.053197047062,2109.2911060447896,500.0,True,1121.7644688481596,0.0,8961.737843653658,192.9635353395094
2025-05-10,C3,12,2025-05-10 12:00:00,8294.25,attachment2:2025-05-10:slot72:ended_at:2025-05-10 12:00:00,2025-05-10 12:00:00,observed_anchor,11392.640237891026,11303.415778912238,89.22445897878788,500.0,False,743.9333358567994,4.298455997852216,8321.09638376443,192.9635353395094
2025-05-11,C3,6,2025-05-11 06:00:00,1063.9125,attachment2:2025-05-11:slot36:ended_at:2025-05-11 06:00:00,2025-05-11 06:00:00,observed_anchor,31960.835214245377,28649.579293193747,3311.25592105163,500.0,True,2807.602790797553,0.0,26806.811450854668,414.6434165990205
2025-05-11,C3,12,2025-05-11 12:00:00,7994.4375,attachment2:2025-05-11:slot72:ended_at:2025-05-11 12:00:00,2025-05-11 12:00:00,observed_anchor,28013.64426256159,27583.206863570227,430.437398991362,500.0,False,1783.9281120362964,103.4982713251377,25383.40165825966,362.5613696375393
2025-05-12,C3,6,2025-05-12 06:00:00,1077.225,attachment2:2025-05-12:slot36:ended_at:2025-05-12 06:00:00,2025-05-12 06:00:00,observed_anchor,44575.94126747665,32587.912551873014,11988.028715603632,500.0,True,8981.686571576105,0.0,30683.207202516183,711.466449976586
2025-05-12,C3,12,2025-05-12 12:00:00,7619.85,attachment2:2025-05-12:slot72:ended_at:2025-05-12 12:00:00,2025-05-12 12:00:00,observed_anchor,28465.27467000083,27403.893083788706,1061.3815862121264,500.0,True,4205.451902187182,0.0,25961.91237494818,566.1188645331766
2025-05-13,C3,6,2025-05-13 06:00:00,1081.875,attachment2:2025-05-13:slot36:ended_at:2025-05-13 06:00:00,2025-05-13 06:00:00,observed_anchor,27637.48498290624,26270.863025852097,1366.6219570541398,500.0,True,643.7357508159525,4304.353141800903,26001.83515523432,798.722656615102
2025-05-13,C3,12,2025-05-13 12:00:00,7520.325,attachment2:2025-05-13:slot72:ended_at:2025-05-13 12:00:00,2025-05-13 12:00:00,observed_anchor,29052.535346790195,27684.079309336452,1368.4560374537396,500.0,True,2043.728563202009,35.32496109750025,25883.5053037982,735.5523202633551
2025-05-14,C3,6,2025-05-14 06:00:00,952.2375,attachment2:2025-05-14:slot36:ended_at:2025-05-14 06:00:00,2025-05-14 06:00:00,observed_anchor,32473.77907953191,30780.17282453858,1693.6062549933304,500.0,True,2057.5650844468228,0.0,28373.55698253961,708.9995211780907
2025-05-14,C3,12,2025-05-14 12:00:00,8087.775,attachment2:2025-05-14:slot72:ended_at:2025-05-14 12:00:00,2025-05-14 12:00:00,observed_anchor,27532.12663739424,26665.20111101373,866.9255263805098,500.0,True,12.629669494410107,2096.3661517010014,25427.360929029608,295.8221845795464
2025-05-15,C3,6,2025-05-15 06:00:00,1027.4625,attachment2:2025-05-15:slot36:ended_at:2025-05-15 06:00:00,2025-05-15 06:00:00,observed_anchor,39935.91788180337,31777.138763238298,8158.779118565071,500.0,True,6713.7798515338345,0.0,30834.27890030931,737.2331274736582
2025-05-15,C3,12,2025-05-15 12:00:00,8764.2375,attachment2:2025-05-15:slot72:ended_at:2025-05-15 12:00:00,2025-05-15 12:00:00,observed_anchor,28673.26996765395,25438.077562130944,3235.1924055230047,500.0,True,51.74727676763138,184.6054350030431,25135.489465929037,737.2331274736582
2025-05-16,C3,6,2025-05-16 06:00:00,1152.7125,attachment2:2025-05-16:slot36:ended_at:2025-05-16 06:00:00,2025-05-16 06:00:00,observed_anchor,10988.326135530642,9261.805912967531,1726.5202225631092,500.0,True,323.14537803536734,2257.782037473711,9151.03433108218,504.4367967426925
2025-05-16,C3,12,2025-05-16 12:00:00,9348.7875,attachment2:2025-05-16:slot72:ended_at:2025-05-16 12:00:00,2025-05-16 12:00:00,observed_anchor,9742.64528866972,9322.445942573297,420.19934609642223,500.0,False,0.0,1155.901612070275,9260.123473182424,374.4846760184488
2025-05-17,C3,6,2025-05-17 06:00:00,1091.1375,attachment2:2025-05-17:slot36:ended_at:2025-05-17 06:00:00,2025-05-17 06:00:00,observed_anchor,10640.463429643432,10350.722207561215,289.74122208221706,500.0,False,162.46867926657353,393.9575519592452,10129.81495397661,84.86624276946736
2025-05-17,C3,12,2025-05-17 12:00:00,7365.6375,attachment2:2025-05-17:slot72:ended_at:2025-05-17 12:00:00,2025-05-17 12:00:00,observed_anchor,10117.702783628783,10023.332696505022,94.37008712376156,500.0,False,0.0,211.07496600225411,9977.970830687624,75.38726222643243
2025-05-18,C3,6,2025-05-18 06:00:00,1058.1375,attachment2:2025-05-18:slot36:ended_at:2025-05-18 06:00:00,2025-05-18 06:00:00,observed_anchor,29164.022579303983,28650.94110128413,513.0814780198525,500.0,True,1094.942712115079,730.5287681026133,27752.622896364526,170.3349224184642
2025-05-18,C3,12,2025-05-18 12:00:00,7077.6,attachment2:2025-05-18:slot72:ended_at:2025-05-18 12:00:00,2025-05-18 12:00:00,observed_anchor,27883.766479949107,27576.080673491997,307.68580645711336,500.0,False,1318.2211477719322,453.8372404366628,25418.14875523786,537.6495656145305
2025-05-19,C3,6,2025-05-19 06:00:00,1042.8,attachment2:2025-05-19:slot36:ended_at:2025-05-19 06:00:00,2025-05-19 06:00:00,observed_anchor,25508.40773904441,25444.1127135715,64.29502547291486,500.0,False,202.85613554419388,423.6463384064011,23617.39443265044,171.90431066056806
2025-05-19,C3,12,2025-05-19 12:00:00,9791.55,attachment2:2025-05-19:slot72:ended_at:2025-05-19 12:00:00,2025-05-19 12:00:00,observed_anchor,26358.82606048222,25688.055870679436,670.7701898027881,500.0,True,1874.830824161003,898.990981648731,24985.744098695177,487.6819369094314
2025-05-20,C3,6,2025-05-20 06:00:00,1110.4875,attachment2:2025-05-20:slot36:ended_at:2025-05-20 06:00:00,2025-05-20 06:00:00,observed_anchor,39136.16973652925,29716.209038795707,9419.960697733542,500.0,True,7365.067877867774,0.0,28511.003634813525,679.4181256108901
2025-05-20,C3,12,2025-05-20 12:00:00,7512.5625,attachment2:2025-05-20:slot72:ended_at:2025-05-20 12:00:00,2025-05-20 12:00:00,observed_anchor,27234.29539139565,26908.66228822351,325.63310317214564,500.0,False,3829.430966574431,0.0,25468.0675569658,585.8232267832144
2025-05-21,C3,6,2025-05-21 06:00:00,1172.7375,attachment2:2025-05-21:slot36:ended_at:2025-05-21 06:00:00,2025-05-21 06:00:00,observed_anchor,38064.1736262821,29768.54603346913,8295.627592812965,500.0,True,5573.918881579897,398.08687220902914,28616.38935250189,852.9495197686376
2025-05-21,C3,12,2025-05-21 12:00:00,8589.0,attachment2:2025-05-21:slot72:ended_at:2025-05-21 12:00:00,2025-05-21 12:00:00,observed_anchor,26978.89250051444,26156.39607439366,822.4964261207788,500.0,True,2195.656018360285,197.2328589918773,24952.752036601567,655.2028356899987
2025-05-22,C3,6,2025-05-22 06:00:00,1162.5,attachment2:2025-05-22:slot36:ended_at:2025-05-22 06:00:00,2025-05-22 06:00:00,observed_anchor,25040.929725244903,24920.60334564346,120.32637960144348,500.0,False,1147.8460480350327,57.750388122648815,24120.262200904035,383.8146194914416
2025-05-22,C3,12,2025-05-22 12:00:00,8253.5625,attachment2:2025-05-22:slot72:ended_at:2025-05-22 12:00:00,2025-05-22 12:00:00,observed_anchor,25232.149962099626,24678.178552717814,553.9714093818075,500.0,True,1106.0921438644014,51.92808893153972,24007.23446090965,412.5881230716786
2025-05-23,C3,6,2025-05-23 06:00:00,1152.6375,attachment2:2025-05-23:slot36:ended_at:2025-05-23 06:00:00,2025-05-23 06:00:00,observed_anchor,8441.533090853898,8383.076920451556,58.45617040234174,500.0,False,228.12655296866063,0.0,7080.241940480859,57.62544925410731
2025-05-23,C3,12,2025-05-23 12:00:00,8264.9625,attachment2:2025-05-23:slot72:ended_at:2025-05-23 12:00:00,2025-05-23 12:00:00,observed_anchor,12539.80714986202,9780.29488504627,2759.5122648157485,500.0,True,1526.3078020512569,0.0,8794.0963078447,229.45450932071083
2025-05-24,C3,6,2025-05-24 06:00:00,1137.3375,attachment2:2025-05-24:slot36:ended_at:2025-05-24 06:00:00,2025-05-24 06:00:00,observed_anchor,8386.93185742046,7871.512875974838,515.4189814456231,500.0,True,254.46932000263465,490.1878011745866,7832.185657231166,141.54699412351937
2025-05-24,C3,12,2025-05-24 12:00:00,8992.725,attachment2:2025-05-24:slot72:ended_at:2025-05-24 12:00:00,2025-05-24 12:00:00,observed_anchor,9557.851375802442,9146.575366583773,411.2760092186709,500.0,False,0.0,18.67809346113017,7749.821854100034,141.54699412351937
2025-05-25,C3,6,2025-05-25 06:00:00,1217.55,attachment2:2025-05-25:slot36:ended_at:2025-05-25 06:00:00,2025-05-25 06:00:00,observed_anchor,25537.1218796804,25229.85823007257,307.2636496078303,500.0,False,691.1175342960952,498.24649763951584,23929.31825369273,332.21567655829244
2025-05-25,C3,12,2025-05-25 12:00:00,9350.4,attachment2:2025-05-25:slot72:ended_at:2025-05-25 12:00:00,2025-05-25 12:00:00,observed_anchor,23159.866511539807,22645.9671660854,513.899345454407,500.0,True,0.0,1961.5485530076292,22407.216086986657,318.3076202442026
2025-05-26,C3,6,2025-05-26 06:00:00,1204.2375,attachment2:2025-05-26:slot36:ended_at:2025-05-26 06:00:00,2025-05-26 06:00:00,observed_anchor,36400.756076783415,30025.474674782618,6375.281402000797,500.0,True,5120.2765694801255,0.0,28684.155636911848,868.1532470775062
2025-05-26,C3,12,2025-05-26 12:00:00,7892.8875,attachment2:2025-05-26:slot72:ended_at:2025-05-26 12:00:00,2025-05-26 12:00:00,observed_anchor,33278.94612753482,28554.724442398005,4724.2216851368175,500.0,True,3663.939499728498,0.0,27108.199030174957,931.566995538272
2025-05-27,C3,6,2025-05-27 06:00:00,1254.0375,attachment2:2025-05-27:slot36:ended_at:2025-05-27 06:00:00,2025-05-27 06:00:00,observed_anchor,37000.4798812709,28176.173257199356,8824.306624071545,500.0,True,7240.194644220344,20.231680335957776,27961.60821469189,672.2540129927763
2025-05-27,C3,12,2025-05-27 12:00:00,9260.8875,attachment2:2025-05-27:slot72:ended_at:2025-05-27 12:00:00,2025-05-27 12:00:00,observed_anchor,25191.467625634203,22993.26005940126,2198.2075662329444,500.0,True,1138.0813372228647,20.40424218292469,22567.594626303908,598.5283101969909
2025-05-28,C3,6,2025-05-28 06:00:00,1071.225,attachment2:2025-05-28:slot36:ended_at:2025-05-28 06:00:00,2025-05-28 06:00:00,observed_anchor,27350.61075834598,26312.159714346264,1038.4510439997175,500.0,True,2700.916425716956,239.0629711276188,25564.360704852497,629.1517053059916
2025-05-28,C3,12,2025-05-28 12:00:00,7351.8,attachment2:2025-05-28:slot72:ended_at:2025-05-28 12:00:00,2025-05-28 12:00:00,observed_anchor,25041.31473277967,24649.172142458803,392.1425903208656,500.0,False,712.5438860141012,518.6999296348704,23460.771646055902,307.5693306217805
2025-05-29,C3,6,2025-05-29 06:00:00,1229.9625,attachment2:2025-05-29:slot36:ended_at:2025-05-29 06:00:00,2025-05-29 06:00:00,observed_anchor,35603.25287272897,29853.84468441892,5749.408188310052,500.0,True,5508.024131653163,17.773245333517707,28410.59974271021,739.8226619293624
2025-05-29,C3,12,2025-05-29 12:00:00,8056.05,attachment2:2025-05-29:slot72:ended_at:2025-05-29 12:00:00,2025-05-29 12:00:00,observed_anchor,25045.29608380861,23175.485270780013,1869.8108130285984,500.0,True,285.7405510544719,284.3094094554216,22232.94272623092,469.99234958080575
2025-05-30,C3,6,2025-05-30 06:00:00,1142.8875,attachment2:2025-05-30:slot36:ended_at:2025-05-30 06:00:00,2025-05-30 06:00:00,observed_anchor,10477.051058288209,9711.392796424092,765.658261864115,500.0,True,834.0885283552574,0.0,8511.272469929432,131.6671160378752
2025-05-30,C3,12,2025-05-30 12:00:00,9457.5,attachment2:2025-05-30:slot72:ended_at:2025-05-30 12:00:00,2025-05-30 12:00:00,observed_anchor,10730.515702006502,10674.896474439392,55.61922756710919,500.0,False,486.088977980782,41.00348991676924,7933.784319234186,99.9889521574584
2025-05-31,C3,6,2025-05-31 06:00:00,1263.6375,attachment2:2025-05-31:slot36:ended_at:2025-05-31 06:00:00,2025-05-31 06:00:00,observed_anchor,10278.589485993663,10153.555291772682,125.0341942209816,500.0,False,0.0,289.07701735142933,10052.602639320696,126.9131695313028
2025-05-31,C3,12,2025-05-31 12:00:00,7873.425,attachment2:2025-05-31:slot72:ended_at:2025-05-31 12:00:00,2025-05-31 12:00:00,observed_anchor,10177.636833541674,9852.921898466442,324.71493507523155,500.0,False,0.0,814.3179168050027,9793.639956640864,167.57671431399075
2025-06-01,C3,6,2025-06-01 06:00:00,1134.0375,attachment2:2025-06-01:slot36:ended_at:2025-06-01 06:00:00,2025-06-01 06:00:00,observed_anchor,42338.67723658968,35725.44939627594,6613.227840313746,500.0,True,2284.3578871331083,3517.0958027680376,34451.42322592704,795.9212541963245
2025-06-01,C3,12,2025-06-01 12:00:00,6286.3875,attachment2:2025-06-01:slot72:ended_at:2025-06-01 12:00:00,2025-06-01 12:00:00,observed_anchor,28971.970187083112,28693.02758160733,278.9426054757824,500.0,False,0.0,2730.824406094265,28256.311805783276,597.181792849966
2025-06-02,C3,6,2025-06-02 06:00:00,962.55,attachment2:2025-06-02:slot36:ended_at:2025-06-02 06:00:00,2025-06-02 06:00:00,observed_anchor,35221.98920907401,31936.6499736631,3285.339235410909,500.0,True,0.0,8636.99037622915,31930.771640088777,921.9464683144912
2025-06-02,C3,12,2025-06-02 12:00:00,7866.8625,attachment2:2025-06-02:slot72:ended_at:2025-06-02 12:00:00,2025-06-02 12:00:00,observed_anchor,32412.21758556692,29316.90888789815,3095.3086976687664,500.0,True,0.0,3517.6226472228195,28974.143855453676,561.7897927100742
2025-06-03,C3,6,2025-06-03 06:00:00,997.9875,attachment2:2025-06-03:slot36:ended_at:2025-06-03 06:00:00,2025-06-03 06:00:00,observed_anchor,38542.28591541099,37035.85766434175,1506.4282510692428,500.0,True,2967.4555068094305,162.4121188891778,34301.21434175613,799.2749119267643
2025-06-03,C3,12,2025-06-03 12:00:00,7582.425,attachment2:2025-06-03:slot72:ended_at:2025-06-03 12:00:00,2025-06-03 12:00:00,observed_anchor,29139.042349684743,28727.653383988105,411.3889656966385,500.0,False,813.68736232285,147.83398748185448,26504.20190794696,799.2749119267643
2025-06-04,C3,6,2025-06-04 06:00:00,1105.575,attachment2:2025-06-04:slot36:ended_at:2025-06-04 06:00:00,2025-06-04 06:00:00,observed_anchor,38484.85057299262,33349.78161429921,5135.0689586934095,500.0,True,0.0,14636.880089872546,32933.09151230482,1051.2853722222223
2025-06-04,C3,12,2025-06-04 12:00:00,6798.7125,attachment2:2025-06-04:slot72:ended_at:2025-06-04 12:00:00,2025-06-04 12:00:00,observed_anchor,48314.07533650624,30889.160166609807,17424.915169896427,500.0,True,0.0,3617.459495353648,30477.447593929814,1027.139860724612
2025-06-05,C3,6,2025-06-05 06:00:00,1073.4,attachment2:2025-06-05:slot36:ended_at:2025-06-05 06:00:00,2025-06-05 06:00:00,observed_anchor,35110.30266972854,32780.84399109599,2329.4586786325453,500.0,True,2640.0253070237272,682.1055698911391,31863.983423083315,434.0244500731805
2025-06-05,C3,12,2025-06-05 12:00:00,6941.55,attachment2:2025-06-05:slot72:ended_at:2025-06-05 12:00:00,2025-06-05 12:00:00,observed_anchor,32838.42949104293,31551.50750622539,1286.9219848175417,500.0,True,2927.266431548516,111.92466161362267,29103.05748524366,633.3923875212215
2025-06-06,C3,6,2025-06-06 06:00:00,875.2125,attachment2:2025-06-06:slot36:ended_at:2025-06-06 06:00:00,2025-06-06 06:00:00,observed_anchor,12392.888236421444,12325.944304212144,66.94393220930033,500.0,False,115.1951024125012,27.36630599961927,11909.157105449938,74.2407030570362
2025-06-06,C3,12,2025-06-06 12:00:00,6365.25,attachment2:2025-06-06:slot72:ended_at:2025-06-06 12:00:00,2025-06-06 12:00:00,observed_anchor,17158.70467474854,15797.253467393495,1361.4512073550432,500.0,True,2448.982206262356,0.0,13640.09741990046,521.2242881921028
2025-06-07,C3,6,2025-06-07 06:00:00,981.45,attachment2:2025-06-07:slot36:ended_at:2025-06-07 06:00:00,2025-06-07 06:00:00,observed_anchor,12422.58808582661,12011.857702158124,410.730383668486,500.0,False,1727.6506556520071,584.1430213169426,11562.904183514242,424.6653812683585
2025-06-07,C3,12,2025-06-07 12:00:00,6337.875,attachment2:2025-06-07:slot72:ended_at:2025-06-07 12:00:00,2025-06-07 12:00:00,observed_anchor,15417.58122198911,12585.548556202137,2832.0326657869737,500.0,True,2221.1129235715143,0.0,11551.66879850468,671.3751206442435
2025-06-08,C3,6,2025-06-08 06:00:00,1023.15,attachment2:2025-06-08:slot36:ended_at:2025-06-08 06:00:00,2025-06-08 06:00:00,observed_anchor,44355.26254817753,40546.527579262765,3808.734968914767,500.0,True,4400.912320921159,2350.9697842458936,38904.70526186461,997.2816464073394
2025-06-08,C3,12,2025-06-08 12:00:00,7249.2,attachment2:2025-06-08:slot72:ended_at:2025-06-08 12:00:00,2025-06-08 12:00:00,observed_anchor,40746.55578810625,39614.10874780579,1132.4470403004598,500.0,True,7153.482300645826,320.9124814837129,38198.35900231474,796.470227893994
2025-06-09,C3,6,2025-06-09 06:00:00,997.575,attachment2:2025-06-09:slot36:ended_at:2025-06-09 06:00:00,2025-06-09 06:00:00,observed_anchor,44401.97824449938,41978.87325799032,2423.104986509061,500.0,True,40.11883694813639,6406.545014787245,39851.49168484763,1008.1281597127444
2025-06-09,C3,12,2025-06-09 12:00:00,7068.2625,attachment2:2025-06-09:slot72:ended_at:2025-06-09 12:00:00,2025-06-09 12:00:00,observed_anchor,42080.68171916324,38647.86057463959,3432.821144523652,500.0,True,1420.8984914518,1772.5499297978777,37714.87797935814,959.3657695827528
2025-06-10,C3,6,2025-06-10 06:00:00,1116.15,attachment2:2025-06-10:slot36:ended_at:2025-06-10 06:00:00,2025-06-10 06:00:00,observed_anchor,42321.66324700926,41394.34066435962,927.3225826496346,500.0,True,539.4589754117237,1185.6810938328715,39857.136751155485,388.07953789739486
2025-06-10,C3,12,2025-06-10 12:00:00,6323.7,attachment2:2025-06-10:slot72:ended_at:2025-06-10 12:00:00,2025-06-10 12:00:00,observed_anchor,41797.578997163735,38483.04107471975,3314.5379224439894,500.0,True,2625.202792032492,329.90785535320833,38075.49867771659,887.6567333333334
2025-06-11,C3,6,2025-06-11 06:00:00,983.3625,attachment2:2025-06-11:slot36:ended_at:2025-06-11 06:00:00,2025-06-11 06:00:00,observed_anchor,50661.17979862184,45426.44046133434,5234.739337287494,500.0,True,2367.989316666243,1028.861344316479,44722.63870994481,546.1702564791728
2025-06-11,C3,12,2025-06-11 12:00:00,7225.3875,attachment2:2025-06-11:slot72:ended_at:2025-06-11 12:00:00,2025-06-11 12:00:00,observed_anchor,49561.551469967766,43916.16809921418,5645.383370753589,500.0,True,3230.3765227100157,0.0,42730.44325519055,696.8966395703729
2025-06-12,C3,6,2025-06-12 06:00:00,1008.5625,attachment2:2025-06-12:slot36:ended_at:2025-06-12 06:00:00,2025-06-12 06:00:00,observed_anchor,44413.7999205205,44007.8459813297,405.9539391907965,500.0,False,1984.2003769791909,12.894984735288972,40808.82190123669,701.2345712314824
2025-06-12,C3,12,2025-06-12 12:00:00,6661.275,attachment2:2025-06-12:slot72:ended_at:2025-06-12 12:00:00,2025-06-12 12:00:00,observed_anchor,39150.51048973535,38945.40271718008,205.107772555275,500.0,False,1185.2400990456335,130.29600135087128,36251.01842601485,578.685692558491
2025-06-13,C3,6,2025-06-13 06:00:00,1031.925,attachment2:2025-06-13:slot36:ended_at:2025-06-13 06:00:00,2025-06-13 06:00:00,observed_anchor,16547.974644758997,15543.519415563153,1004.4552291958444,500.0,True,310.8616206249129,1689.9483282512178,15400.037090747788,215.9200624068419
2025-06-13,C3,12,2025-06-13 12:00:00,6838.05,attachment2:2025-06-13:slot72:ended_at:2025-06-13 12:00:00,2025-06-13 12:00:00,observed_anchor,25008.212506285043,20369.91327661349,4638.299229671553,500.0,True,3141.9054006814085,0.0,18356.49098642174,723.4555371207526
2025-06-14,C3,6,2025-06-14 06:00:00,1147.65,attachment2:2025-06-14:slot36:ended_at:2025-06-14 06:00:00,2025-06-14 06:00:00,observed_anchor,19222.125738299623,18520.90134449773,701.2243938018873,500.0,True,271.7441504816845,585.0904483298646,15702.832775142811,585.0904483298646
2025-06-14,C3,12,2025-06-14 12:00:00,5958.525,attachment2:2025-06-14:slot72:ended_at:2025-06-14 12:00:00,2025-06-14 12:00:00,observed_anchor,19739.42922117063,19120.00736601152,619.4218551591148,500.0,True,782.3795631012313,74.84401118257688,15995.894890162725,510.2464371472877
2025-06-15,C3,6,2025-06-15 06:00:00,1126.5,attachment2:2025-06-15:slot36:ended_at:2025-06-15 06:00:00,2025-06-15 06:00:00,observed_anchor,52565.196604393874,44580.05116690919,7985.145437484687,500.0,True,6161.901857247477,0.0,40602.98041710687,735.2552279872397
2025-06-15,C3,12,2025-06-15 12:00:00,6777.0375,attachment2:2025-06-15:slot72:ended_at:2025-06-15 12:00:00,2025-06-15 12:00:00,observed_anchor,43586.63696800432,42274.57497054784,1312.0619974564834,500.0,True,6983.385013377007,90.1287951623476,40676.79946431639,849.0728749911656
2025-06-16,C3,6,2025-06-16 06:00:00,866.4,attachment2:2025-06-16:slot36:ended_at:2025-06-16 06:00:00,2025-06-16 06:00:00,observed_anchor,46141.57722043557,43172.09741906726,2969.4798013683103,500.0,True,1995.2752489211011,75.04550895169348,40909.44725617734,567.2483857731613
2025-06-16,C3,12,2025-06-16 12:00:00,6840.9,attachment2:2025-06-16:slot72:ended_at:2025-06-16 12:00:00,2025-06-16 12:00:00,observed_anchor,39802.16312695092,39591.86470707264,210.29841987827967,500.0,False,629.6015406280471,19.645779372870948,36647.47810634793,233.07529821992492
2025-06-17,C3,6,2025-06-17 06:00:00,1063.2,attachment2:2025-06-17:slot36:ended_at:2025-06-17 06:00:00,2025-06-17 06:00:00,observed_anchor,51829.82415723267,44768.65285869203,7061.171298540641,500.0,True,5732.592259278511,0.0,42980.73753241819,552.3459284471603
2025-06-17,C3,12,2025-06-17 12:00:00,6605.9625,attachment2:2025-06-17:slot72:ended_at:2025-06-17 12:00:00,2025-06-17 12:00:00,observed_anchor,43030.5489623164,41817.69566087789,1212.853301438503,500.0,True,6225.286424664082,0.0,41086.21384458059,813.0784904661351
2025-06-18,C3,6,2025-06-18 06:00:00,1127.6625,attachment2:2025-06-18:slot36:ended_at:2025-06-18 06:00:00,2025-06-18 06:00:00,observed_anchor,52192.64282975237,47152.11625984622,5040.5265699061565,500.0,True,5228.181724515153,0.0,45245.964163476754,750.4286501799374
2025-06-18,C3,12,2025-06-18 12:00:00,6220.1625,attachment2:2025-06-18:slot72:ended_at:2025-06-18 12:00:00,2025-06-18 12:00:00,observed_anchor,37875.16331919411,36333.17905824301,1541.9842609511034,500.0,True,0.0,958.5306603557956,36216.23451412385,507.01166334152776
2025-06-19,C3,6,2025-06-19 06:00:00,1077.4125,attachment2:2025-06-19:slot36:ended_at:2025-06-19 06:00:00,2025-06-19 06:00:00,observed_anchor,38503.72210903348,38122.87397661476,380.84813241872325,500.0,False,834.0530797349496,709.4778873862817,35706.41091763149,389.51638916259776
2025-06-19,C3,12,2025-06-19 12:00:00,6593.1,attachment2:2025-06-19:slot72:ended_at:2025-06-19 12:00:00,2025-06-19 12:00:00,observed_anchor,43201.21386192751,38463.63447757305,4737.57938435446,500.0,True,5962.922141250769,0.0,36546.46343299512,1211.4241714692223
2025-06-20,C3,6,2025-06-20 06:00:00,1180.05,attachment2:2025-06-20:slot36:ended_at:2025-06-20 06:00:00,2025-06-20 06:00:00,observed_anchor,18953.149427776327,17541.049019791022,1412.1004079853046,500.0,True,1972.523296300304,0.0,16941.638220164776,273.84167773632976
2025-06-20,C3,12,2025-06-20 12:00:00,6626.2125,attachment2:2025-06-20:slot72:ended_at:2025-06-20 12:00:00,2025-06-20 12:00:00,observed_anchor,19409.035946295025,18815.17330252797,593.8626437670537,500.0,True,1478.0599561276006,1.1368683772161605e-13,15416.714896944544,377.6145569356403
2025-06-21,C3,6,2025-06-21 06:00:00,890.7,attachment2:2025-06-21:slot36:ended_at:2025-06-21 06:00:00,2025-06-21 06:00:00,observed_anchor,17090.470532485157,16862.78500014804,227.68553233711648,500.0,False,1384.8019484125307,0.0,16206.833209675931,100.40022627146776
2025-06-21,C3,12,2025-06-21 12:00:00,7665.1125,attachment2:2025-06-21:slot72:ended_at:2025-06-21 12:00:00,2025-06-21 12:00:00,observed_anchor,16856.360532460796,16823.399237583762,32.96129487703365,500.0,False,266.9659872486975,38.02643408291169,14781.812461508618,152.37356114279407
2025-06-22,C3,6,2025-06-22 06:00:00,1275.15,attachment2:2025-06-22:slot36:ended_at:2025-06-22 06:00:00,2025-06-22 06:00:00,observed_anchor,49746.426803273935,39390.8775281876,10355.549275086334,500.0,True,6432.810452844428,297.7625023934215,37459.10107267556,849.9747880394528
2025-06-22,C3,12,2025-06-22 12:00:00,6672.75,attachment2:2025-06-22:slot72:ended_at:2025-06-22 12:00:00,2025-06-22 12:00:00,observed_anchor,37641.84713127893,37368.34490409415,273.5022271847847,500.0,False,6343.875012342183,0.0,35142.3256072024,698.2526377665669
2025-06-23,C3,6,2025-06-23 06:00:00,1134.8625,attachment2:2025-06-23:slot36:ended_at:2025-06-23 06:00:00,2025-06-23 06:00:00,observed_anchor,38099.34750282623,37721.66589580846,377.6816070177738,500.0,False,890.1841781310745,299.0069967280708,36905.36045426616,180.30929402858143
2025-06-23,C3,12,2025-06-23 12:00:00,7618.6125,attachment2:2025-06-23:slot72:ended_at:2025-06-23 12:00:00,2025-06-23 12:00:00,observed_anchor,37707.60045688766,37147.734955911605,559.865500976055,500.0,True,3463.523475811564,7.131527029047902,36389.379392128045,795.469951213834
2025-06-24,C3,6,2025-06-24 06:00:00,1059.15,attachment2:2025-06-24:slot36:ended_at:2025-06-24 06:00:00,2025-06-24 06:00:00,observed_anchor,45428.142770586834,44214.29841106323,1213.8443595236022,500.0,True,1540.7909738153994,1192.571363961657,42858.19969168022,559.2655114192553
2025-06-24,C3,12,2025-06-24 12:00:00,6067.2375,attachment2:2025-06-24:slot72:ended_at:2025-06-24 12:00:00,2025-06-24 12:00:00,observed_anchor,39250.55043194055,38266.46681753451,984.083614406045,500.0,True,939.2473367505528,253.4967731666312,36687.91455416371,703.2628997235214
2025-06-25,C3,6,2025-06-25 06:00:00,1180.7625,attachment2:2025-06-25:slot36:ended_at:2025-06-25 06:00:00,2025-06-25 06:00:00,observed_anchor,38504.67530786033,38444.05498028452,60.62032757580892,500.0,False,39.41446516540702,293.8071531609023,37255.30138284782,67.75419328111104
2025-06-25,C3,12,2025-06-25 12:00:00,6448.8,attachment2:2025-06-25:slot72:ended_at:2025-06-25 12:00:00,2025-06-25 12:00:00,observed_anchor,37020.58896097287,36325.153822843655,695.4351381292145,500.0,True,1297.783657653628,80.32521823252478,32497.613111475526,767.2474485173954
2025-06-26,C3,6,2025-06-26 06:00:00,1041.525,attachment2:2025-06-26:slot36:ended_at:2025-06-26 06:00:00,2025-06-26 06:00:00,observed_anchor,40853.7150864529,39716.962554394704,1136.752532058199,500.0,True,3237.759644224824,50.49779581216296,36668.58044195061,680.6135961343351
2025-06-26,C3,12,2025-06-26 12:00:00,7190.5875,attachment2:2025-06-26:slot72:ended_at:2025-06-26 12:00:00,2025-06-26 12:00:00,observed_anchor,37602.05250997499,36623.0932283283,978.9592816466902,500.0,True,5966.50678809849,0.0,35655.63179648892,960.3771472355036
2025-06-27,C3,6,2025-06-27 06:00:00,1005.45,attachment2:2025-06-27:slot36:ended_at:2025-06-27 06:00:00,2025-06-27 06:00:00,observed_anchor,14833.464601434276,14833.464601434276,0.0,500.0,False,0.0,0.0,13789.434973698657,0.0
2025-06-27,C3,12,2025-06-27 12:00:00,7773.375,attachment2:2025-06-27:slot72:ended_at:2025-06-27 12:00:00,2025-06-27 12:00:00,observed_anchor,14430.96231059827,14202.13473895612,228.8275716421504,500.0,False,0.0,737.0933784898339,13486.890158416409,209.47394701969745
2025-06-28,C3,6,2025-06-28 06:00:00,1075.8,attachment2:2025-06-28:slot36:ended_at:2025-06-28 06:00:00,2025-06-28 06:00:00,observed_anchor,17930.143749593655,16823.116273701973,1107.027475891682,500.0,True,480.057444121828,39.31263299160378,14616.034633299252,136.74008112674625
2025-06-28,C3,12,2025-06-28 12:00:00,8459.325,attachment2:2025-06-28:slot72:ended_at:2025-06-28 12:00:00,2025-06-28 12:00:00,observed_anchor,17929.619363750033,17444.469482319095,485.149881430938,500.0,False,2021.7349872176324,0.0,15905.801981953602,665.7561626729976
2025-06-29,C3,6,2025-06-29 06:00:00,1079.55,attachment2:2025-06-29:slot36:ended_at:2025-06-29 06:00:00,2025-06-29 06:00:00,observed_anchor,43252.80930929296,38374.94056752921,4877.868741763756,500.0,True,5745.070343881655,0.0,35819.19661410726,983.5997166636482
2025-06-29,C3,12,2025-06-29 12:00:00,6443.8875,attachment2:2025-06-29:slot72:ended_at:2025-06-29 12:00:00,2025-06-29 12:00:00,observed_anchor,37735.33963532132,36951.91531215014,783.4243231711807,500.0,True,5842.639600109255,219.73389732302508,33590.548946641895,745.0423058180565
2025-06-30,C3,6,2025-06-30 06:00:00,953.7,attachment2:2025-06-30:slot36:ended_at:2025-06-30 06:00:00,2025-06-30 06:00:00,observed_anchor,43609.64491453568,41532.382087807455,2077.262826728227,500.0,True,3091.761559003284,3657.922519267838,39291.1648164812,615.9205244527169
2025-06-30,C3,12,2025-06-30 12:00:00,6514.4625,attachment2:2025-06-30:slot72:ended_at:2025-06-30 12:00:00,2025-06-30 12:00:00,observed_anchor,43632.291336661314,40030.96602849579,3601.3253081655203,500.0,True,3723.5658765466737,566.3307635723448,37029.3593910726,615.9205244527169
2025-07-01,C3,6,2025-07-01 06:00:00,1198.65,attachment2:2025-07-01:slot36:ended_at:2025-07-01 06:00:00,2025-07-01 06:00:00,observed_anchor,39883.77910489909,37122.65059730108,2761.128507598005,500.0,True,3395.7142027197715,144.97795100640678,34517.651944243495,724.8015134527863
2025-07-01,C3,12,2025-07-01 12:00:00,7206.3375,attachment2:2025-07-01:slot72:ended_at:2025-07-01 12:00:00,2025-07-01 12:00:00,observed_anchor,35589.399808497226,34235.11087401234,1354.2889344848882,500.0,True,4131.029980606763,0.0,32261.07266434725,865.1259777777781
2025-07-02,C3,6,2025-07-02 06:00:00,1250.2125,attachment2:2025-07-02:slot36:ended_at:2025-07-02 06:00:00,2025-07-02 06:00:00,observed_anchor,31699.170684184344,31699.170684184344,0.0,500.0,False,0.0,0.0,27751.52779640725,0.0
2025-07-02,C3,12,2025-07-02 12:00:00,7752.375,attachment2:2025-07-02:slot72:ended_at:2025-07-02 12:00:00,2025-07-02 12:00:00,observed_anchor,38713.92303798045,35165.12411571886,3548.798922261587,500.0,True,5277.858273831727,0.0,32541.07245515784,873.4148390507361
2025-07-03,C3,6,2025-07-03 06:00:00,1291.8,attachment2:2025-07-03:slot36:ended_at:2025-07-03 06:00:00,2025-07-03 06:00:00,observed_anchor,39260.12354282673,38565.7328835264,694.3906593003339,500.0,True,756.8351858631946,1208.1140651584788,38319.70208544978,364.8453957564914
2025-07-03,C3,12,2025-07-03 12:00:00,7047.8625,attachment2:2025-07-03:slot72:ended_at:2025-07-03 12:00:00,2025-07-03 12:00:00,observed_anchor,33761.97868173733,33077.27494655983,684.7037351774998,500.0,True,0.0,2929.555033760259,33058.29774340677,160.91881359878323
2025-07-04,C3,6,2025-07-04 06:00:00,1254.9375,attachment2:2025-07-04:slot36:ended_at:2025-07-04 06:00:00,2025-07-04 06:00:00,observed_anchor,16375.420424106758,16371.532815785087,3.887608321670996,500.0,False,19.506313706315957,0.0,13367.242653754533,19.506313706315957
2025-07-04,C3,12,2025-07-04 12:00:00,8474.4375,attachment2:2025-07-04:slot72:ended_at:2025-07-04 12:00:00,2025-07-04 12:00:00,observed_anchor,13434.098036553643,13243.02374623817,191.0742903154733,500.0,False,0.0,869.2940769855019,13059.79389997608,130.78339741169543
2025-07-05,C3,6,2025-07-05 06:00:00,1038.75,attachment2:2025-07-05:slot36:ended_at:2025-07-05 06:00:00,2025-07-05 06:00:00,observed_anchor,14129.37062918946,13981.271551997172,148.09907719228613,500.0,False,102.98923778862458,303.8077810622133,11330.85369032604,107.47854527616867
2025-07-05,C3,12,2025-07-05 12:00:00,8386.8375,attachment2:2025-07-05:slot72:ended_at:2025-07-05 12:00:00,2025-07-05 12:00:00,observed_anchor,17401.12416344013,16809.586042495728,591.5381209444022,500.0,True,3028.4075723636547,0.0,15121.390087916396,484.113784437906
2025-07-06,C3,6,2025-07-06 06:00:00,1120.1625,attachment2:2025-07-06:slot36:ended_at:2025-07-06 06:00:00,2025-07-06 06:00:00,observed_anchor,51908.03255953864,42303.344166555245,9604.688392983391,500.0,True,5888.049364523208,418.16341052013513,36609.13871817672,926.988762132836
2025-07-06,C3,12,2025-07-06 12:00:00,8076.1125,attachment2:2025-07-06:slot72:ended_at:2025-07-06 12:00:00,2025-07-06 12:00:00,observed_anchor,42557.438928296535,40431.410824595456,2126.028103701079,500.0,True,7311.300702698579,9.21279430278446,38311.47048491146,710.3823237895022
2025-07-07,C3,6,2025-07-07 06:00:00,1316.925,attachment2:2025-07-07:slot36:ended_at:2025-07-07 06:00:00,2025-07-07 06:00:00,observed_anchor,36407.600580077786,34953.250280054664,1454.3503000231212,500.0,True,2450.701987653469,34.264124965318615,33492.27638805572,151.33822223823324
2025-07-07,C3,12,2025-07-07 12:00:00,8283.0,attachment2:2025-07-07:slot72:ended_at:2025-07-07 12:00:00,2025-07-07 12:00:00,observed_anchor,36144.60963986117,33018.20850446916,3126.401135392014,500.0,True,2539.3421167769256,55.54270393346735,32544.12890931334,710.7757619037076
2025-07-08,C3,6,2025-07-08 06:00:00,1035.7125,attachment2:2025-07-08:slot36:ended_at:2025-07-08 06:00:00,2025-07-08 06:00:00,observed_anchor,47006.02360421728,46890.97246147048,115.05114274680818,500.0,False,90.8199385206858,444.5717972610521,43901.85790999844,174.22596945925966
2025-07-08,C3,12,2025-07-08 12:00:00,8989.425,attachment2:2025-07-08:slot72:ended_at:2025-07-08 12:00:00,2025-07-08 12:00:00,observed_anchor,50268.41711537265,46944.87864751705,3323.5384678556,500.0,True,2538.2617590309947,600.0581794690717,41685.80035643726,804.2927013755008
2025-07-09,C3,6,2025-07-09 06:00:00,1101.675,attachment2:2025-07-09:slot36:ended_at:2025-07-09 06:00:00,2025-07-09 06:00:00,observed_anchor,51427.60942545658,49189.43581103158,2238.1736144250026,500.0,True,5647.627507225468,285.2188560562993,46324.18098599388,710.9408210697749
2025-07-09,C3,12,2025-07-09 12:00:00,7999.875,attachment2:2025-07-09:slot72:ended_at:2025-07-09 12:00:00,2025-07-09 12:00:00,observed_anchor,48745.44775549815,47648.93209705604,1096.515658442113,500.0,True,7592.447002153119,494.5613050958066,45904.60784193373,849.0093596136053
2025-07-10,C3,6,2025-07-10 06:00:00,1202.25,attachment2:2025-07-10:slot36:ended_at:2025-07-10 06:00:00,2025-07-10 06:00:00,observed_anchor,49008.51719642585,45557.70673181128,3450.8104646145657,500.0,True,1974.9283455730872,563.2842892763667,40397.79199523565,326.4180317549519
2025-07-10,C3,12,2025-07-10 12:00:00,8971.2,attachment2:2025-07-10:slot72:ended_at:2025-07-10 12:00:00,2025-07-10 12:00:00,observed_anchor,42013.33673709616,41989.71019994933,23.62653714683256,500.0,False,31.455801506447187,399.7020768105883,37561.11488546835,48.38096301917176
2025-07-11,C3,6,2025-07-11 06:00:00,1070.8875,attachment2:2025-07-11:slot36:ended_at:2025-07-11 06:00:00,2025-07-11 06:00:00,observed_anchor,23727.309753554982,23723.250223728723,4.059529826259677,500.0,False,17.297832604327255,0.0,21093.344900597916,17.297832604327255
2025-07-11,C3,12,2025-07-11 12:00:00,7156.95,attachment2:2025-07-11:slot72:ended_at:2025-07-11 12:00:00,2025-07-11 12:00:00,observed_anchor,23216.55030469362,23216.55030469362,0.0,500.0,False,0.0,0.0,21058.34533099794,0.0
2025-07-12,C3,6,2025-07-12 06:00:00,1144.725,attachment2:2025-07-12:slot36:ended_at:2025-07-12 06:00:00,2025-07-12 06:00:00,observed_anchor,23141.093313749323,23021.66476727294,119.4285464763816,500.0,False,128.28086942716908,0.0,20030.287670498183,79.7682572795854
2025-07-12,C3,12,2025-07-12 12:00:00,7977.45,attachment2:2025-07-12:slot72:ended_at:2025-07-12 12:00:00,2025-07-12 12:00:00,observed_anchor,25300.57016683673,24937.59953466786,362.9706321688645,500.0,False,814.5048160698358,0.0,20416.285289607447,291.2686533578982
2025-07-13,C3,6,2025-07-13 06:00:00,1227.2625,attachment2:2025-07-13:slot36:ended_at:2025-07-13 06:00:00,2025-07-13 06:00:00,observed_anchor,42194.44896406815,42012.68516780194,181.763796266212,500.0,False,0.0,1891.7048439724397,40760.279211600646,235.4097182387809
2025-07-13,C3,12,2025-07-13 12:00:00,9488.25,attachment2:2025-07-13:slot72:ended_at:2025-07-13 12:00:00,2025-07-13 12:00:00,observed_anchor,40874.252730510416,40672.37109301164,201.8816374987728,500.0,False,0.0,745.499636092563,39459.5829918957,275.29176114492054
2025-07-14,C3,6,2025-07-14 06:00:00,1231.0125,attachment2:2025-07-14:slot36:ended_at:2025-07-14 06:00:00,2025-07-14 06:00:00,observed_anchor,46694.91761885062,45783.054346637626,911.8632722129914,500.0,True,4089.676590617589,1137.798277849345,44172.38222200891,1033.8629822444173
2025-07-14,C3,12,2025-07-14 12:00:00,8650.0125,attachment2:2025-07-14:slot72:ended_at:2025-07-14 12:00:00,2025-07-14 12:00:00,observed_anchor,44013.16775100982,43753.74959575573,259.4181552540904,500.0,False,3611.851824441138,610.3945678687868,39850.50304133457,241.8421408854672
2025-07-15,C3,6,2025-07-15 06:00:00,1089.5625,attachment2:2025-07-15:slot36:ended_at:2025-07-15 06:00:00,2025-07-15 06:00:00,observed_anchor,43456.46526483512,43353.74724300375,102.71802183136606,500.0,False,233.1314302455259,806.4218140161777,41820.73152632239,232.07527796774167
2025-07-15,C3,12,2025-07-15 12:00:00,7281.7125,attachment2:2025-07-15:slot72:ended_at:2025-07-15 12:00:00,2025-07-15 12:00:00,observed_anchor,40288.44524432997,39820.32769168083,468.11755264914245,500.0,False,56.81554533024956,1814.0545684492367,39457.22916341633,185.30146574796584
2025-07-16,C3,6,2025-07-16 06:00:00,1021.875,attachment2:2025-07-16:slot36:ended_at:2025-07-16 06:00:00,2025-07-16 06:00:00,observed_anchor,43124.53974309241,41767.49798477228,1357.0417583201342,500.0,True,2518.5079801772745,2236.990252687523,40772.40161849992,402.7041833235911
2025-07-16,C3,12,2025-07-16 12:00:00,8432.775,attachment2:2025-07-16:slot72:ended_at:2025-07-16 12:00:00,2025-07-16 12:00:00,observed_anchor,45371.57049905073,41572.19866105416,3799.371837996565,500.0,True,1971.7044910050272,0.0,37801.44085517949,792.6450881449173
2025-07-17,C3,6,2025-07-17 06:00:00,1163.775,attachment2:2025-07-17:slot36:ended_at:2025-07-17 06:00:00,2025-07-17 06:00:00,observed_anchor,42513.40143611029,42085.45164184136,427.9497942689268,500.0,False,1367.5583837770432,54.48145826162272,36063.29336648228,315.9020620777728
2025-07-17,C3,12,2025-07-17 12:00:00,8473.425,attachment2:2025-07-17:slot72:ended_at:2025-07-17 12:00:00,2025-07-17 12:00:00,observed_anchor,40816.07534555459,40150.12384453518,665.9515010194154,500.0,True,861.3715949227935,788.5057445817745,33296.73692361092,505.11283737017584
2025-07-18,C3,6,2025-07-18 06:00:00,1178.925,attachment2:2025-07-18:slot36:ended_at:2025-07-18 06:00:00,2025-07-18 06:00:00,observed_anchor,24056.44101870028,23782.49582878478,273.9451899154956,500.0,False,54.47999010699305,681.8155101941089,23029.88345505661,192.9053749763989
2025-07-18,C3,12,2025-07-18 12:00:00,7154.7375,attachment2:2025-07-18:slot72:ended_at:2025-07-18 12:00:00,2025-07-18 12:00:00,observed_anchor,23591.572171052743,23553.80927238024,37.76289867250307,500.0,False,7.922026180440866,380.33270034022473,23101.708694251254,117.63287777777794
2025-07-19,C3,6,2025-07-19 06:00:00,1128.15,attachment2:2025-07-19:slot36:ended_at:2025-07-19 06:00:00,2025-07-19 06:00:00,observed_anchor,29014.31868385004,24096.76239951197,4917.556284338065,500.0,True,4010.042695138056,2634.9492115429066,23438.627088305577,525.9647227587468
2025-07-19,C3,12,2025-07-19 12:00:00,8872.725,attachment2:2025-07-19:slot72:ended_at:2025-07-19 12:00:00,2025-07-19 12:00:00,observed_anchor,29933.99547177604,25977.150520326224,3956.844951449817,500.0,True,4917.423096042563,0.0,25306.51988038559,514.1938238380396
2025-07-20,C3,6,2025-07-20 06:00:00,1049.85,attachment2:2025-07-20:slot36:ended_at:2025-07-20 06:00:00,2025-07-20 06:00:00,observed_anchor,48320.5587919134,45859.69164765987,2460.867144253527,500.0,True,1493.921500964581,3819.011133794157,44833.97862496541,748.1974119313695
2025-07-20,C3,12,2025-07-20 12:00:00,7731.9,attachment2:2025-07-20:slot72:ended_at:2025-07-20 12:00:00,2025-07-20 12:00:00,observed_anchor,45881.53177032925,42708.44952673047,3173.0822435987866,500.0,True,29.78557241109661,1212.172391585572,40751.82972706273,730.6270736410136
2025-07-21,C3,6,2025-07-21 06:00:00,1043.2125,attachment2:2025-07-21:slot36:ended_at:2025-07-21 06:00:00,2025-07-21 06:00:00,observed_anchor,50149.34718672833,47444.47618253844,2704.8710041898885,500.0,True,46.76637847599574,7808.943217859789,45904.43970912253,906.7120682688702
2025-07-21,C3,12,2025-07-21 12:00:00,7463.775,attachment2:2025-07-21:slot72:ended_at:2025-07-21 12:00:00,2025-07-21 12:00:00,observed_anchor,57189.57344260308,46872.52623948618,10317.047203116905,500.0,True,755.8950654251363,682.3967335862185,44673.45853466776,854.3207127133147
2025-07-22,C3,6,2025-07-22 06:00:00,981.2625,attachment2:2025-07-22:slot36:ended_at:2025-07-22 06:00:00,2025-07-22 06:00:00,observed_anchor,69824.65970935438,53277.19558958905,16547.464119765333,500.0,True,13217.90933641319,0.0,48554.35329288848,1046.5973367432507
2025-07-22,C3,12,2025-07-22 12:00:00,8873.175,attachment2:2025-07-22:slot72:ended_at:2025-07-22 12:00:00,2025-07-22 12:00:00,observed_anchor,45806.58492843316,40798.92775275452,5007.657175678643,500.0,True,1256.2194996032522,0.0,35744.15747670829,1022.46014107714
2025-07-23,C3,6,2025-07-23 06:00:00,985.2375,attachment2:2025-07-23:slot36:ended_at:2025-07-23 06:00:00,2025-07-23 06:00:00,observed_anchor,45202.947709003936,40818.04952864428,4384.898180359662,500.0,True,0.0,11835.11428245597,40724.36226591002,995.3421619191456
2025-07-23,C3,12,2025-07-23 12:00:00,8096.85,attachment2:2025-07-23:slot72:ended_at:2025-07-23 12:00:00,2025-07-23 12:00:00,observed_anchor,45777.73831527669,40928.54036520144,4849.197950075257,500.0,True,1894.6701860119776,2964.0730222301654,40288.49443776398,478.4278964575512
2025-07-24,C3,6,2025-07-24 06:00:00,1074.15,attachment2:2025-07-24:slot36:ended_at:2025-07-24 06:00:00,2025-07-24 06:00:00,observed_anchor,48180.08839562061,45596.757463168586,2583.3309324520237,500.0,True,0.0,7730.564175802607,45515.4412735452,1061.9355264180435
2025-07-24,C3,12,2025-07-24 12:00:00,8396.3625,attachment2:2025-07-24:slot72:ended_at:2025-07-24 12:00:00,2025-07-24 12:00:00,observed_anchor,50166.96535902651,44182.67322481419,5984.292134212315,500.0,True,4.6641512381334,1582.6852342019502,43906.24627128925,866.7165749999999
2025-07-25,C3,6,2025-07-25 06:00:00,1094.8875,attachment2:2025-07-25:slot36:ended_at:2025-07-25 06:00:00,2025-07-25 06:00:00,observed_anchor,21413.3144259067,21211.37648945711,201.9379364495908,500.0,False,144.06676360572555,56.73680368396049,19158.035978931344,70.63287417329218
2025-07-25,C3,12,2025-07-25 12:00:00,8017.125,attachment2:2025-07-25:slot72:ended_at:2025-07-25 12:00:00,2025-07-25 12:00:00,observed_anchor,22032.46056895641,21840.485134380466,191.97543457594293,500.0,False,1478.5412720495867,0.0,20324.297758392524,278.7419671065577
2025-07-26,C3,6,2025-07-26 06:00:00,893.4375,attachment2:2025-07-26:slot36:ended_at:2025-07-26 06:00:00,2025-07-26 06:00:00,observed_anchor,24105.22110800384,22451.01421397947,1654.2068940243698,500.0,True,2118.559666063368,0.0,21723.850268372786,230.5286471440727
2025-07-26,C3,12,2025-07-26 12:00:00,7714.875,attachment2:2025-07-26:slot72:ended_at:2025-07-26 12:00:00,2025-07-26 12:00:00,observed_anchor,23263.45646511114,22484.788739061267,778.6677260498727,500.0,True,1.1368683772161605e-13,0.0,18771.696297557544,230.5286471440727
2025-07-27,C3,6,2025-07-27 06:00:00,881.3625,attachment2:2025-07-27:slot36:ended_at:2025-07-27 06:00:00,2025-07-27 06:00:00,observed_anchor,44811.18550769308,43778.27033653027,1032.9151711628074,500.0,True,2358.6885532515,89.57484876595856,40991.80747021322,630.9849208237669
2025-07-27,C3,12,2025-07-27 12:00:00,8564.5125,attachment2:2025-07-27:slot72:ended_at:2025-07-27 12:00:00,2025-07-27 12:00:00,observed_anchor,39181.65115933486,38547.32240596316,634.3287533717012,500.0,True,2030.5716457572148,615.4117644880811,36658.28112058945,794.6472800967747
2025-07-28,C3,6,2025-07-28 06:00:00,1003.35,attachment2:2025-07-28:slot36:ended_at:2025-07-28 06:00:00,2025-07-28 06:00:00,observed_anchor,52861.89140886496,51152.34567904335,1709.545729821606,500.0,True,2440.870284741633,1449.8573586452064,50255.954054549074,571.734111787559
2025-07-28,C3,12,2025-07-28 12:00:00,7359.225,attachment2:2025-07-28:slot72:ended_at:2025-07-28 12:00:00,2025-07-28 12:00:00,observed_anchor,46820.220047398674,45547.43457511805,1272.7854722806223,500.0,True,2039.372050731808,747.837200873303,44862.49791340697,713.5198500000001
2025-07-29,C3,6,2025-07-29 06:00:00,1136.1,attachment2:2025-07-29:slot36:ended_at:2025-07-29 06:00:00,2025-07-29 06:00:00,observed_anchor,63869.14222290514,51625.905691380605,12243.236531524532,500.0,True,12064.531961667766,0.0,49385.72041895401,1083.916651909039
2025-07-29,C3,12,2025-07-29 12:00:00,7298.9625,attachment2:2025-07-29:slot72:ended_at:2025-07-29 12:00:00,2025-07-29 12:00:00,observed_anchor,48870.38540634984,47915.750325224486,954.6350811253578,500.0,True,9746.234821627211,0.0,46179.80120643858,899.3249680715273
2025-07-30,C3,6,2025-07-30 06:00:00,945.45,attachment2:2025-07-30:slot36:ended_at:2025-07-30 06:00:00,2025-07-30 06:00:00,observed_anchor,57626.79897371157,48062.413135218485,9564.38583849308,500.0,True,8824.2921119526,0.0,44454.07341430953,982.2820608416072
2025-07-30,C3,12,2025-07-30 12:00:00,8521.3125,attachment2:2025-07-30:slot72:ended_at:2025-07-30 12:00:00,2025-07-30 12:00:00,observed_anchor,41605.04624306417,41325.44525210652,279.60099095765327,500.0,False,2690.25185504552,0.0,37019.61504443592,650.1216784203071
2025-07-31,C3,6,2025-07-31 06:00:00,966.225,attachment2:2025-07-31:slot36:ended_at:2025-07-31 06:00:00,2025-07-31 06:00:00,observed_anchor,54496.26791158289,46520.84316741508,7975.424744167809,500.0,True,11162.7779165302,0.0,44698.90789452652,1138.9954115671185
2025-07-31,C3,12,2025-07-31 12:00:00,7661.55,attachment2:2025-07-31:slot72:ended_at:2025-07-31 12:00:00,2025-07-31 12:00:00,observed_anchor,46616.74140476923,45232.70540601035,1384.0359987588818,500.0,True,10390.71787877707,0.0,43319.2408677712,834.1841338090504
2025-08-01,C3,6,2025-08-01 06:00:00,1218.1875,attachment2:2025-08-01:slot36:ended_at:2025-08-01 06:00:00,2025-08-01 06:00:00,observed_anchor,20725.771729853484,20452.36110173285,273.4106281206332,500.0,False,485.6012861189853,221.0036285789655,16595.7133393298,161.2382765568832
2025-08-01,C3,12,2025-08-01 12:00:00,8300.475,attachment2:2025-08-01:slot72:ended_at:2025-08-01 12:00:00,2025-08-01 12:00:00,observed_anchor,15856.02131148959,15179.687685954046,676.3336255355443,500.0,True,0.0,1627.767697381116,15111.126734929145,159.95771978091443
2025-08-02,C3,6,2025-08-02 06:00:00,1023.9375,attachment2:2025-08-02:slot36:ended_at:2025-08-02 06:00:00,2025-08-02 06:00:00,observed_anchor,23038.48767018336,21568.59142980902,1469.896240374335,500.0,True,82.95573593751232,4173.81222414204,21053.006906562077,961.3725679115738
2025-08-02,C3,12,2025-08-02 12:00:00,8740.7625,attachment2:2025-08-02:slot72:ended_at:2025-08-02 12:00:00,2025-08-02 12:00:00,observed_anchor,22774.628467480965,22024.49938093848,750.1290865424853,500.0,True,0.0,2110.2480087616814,21673.015890690243,741.4204338230571
2025-08-03,C3,6,2025-08-03 06:00:00,1035.45,attachment2:2025-08-03:slot36:ended_at:2025-08-03 06:00:00,2025-08-03 06:00:00,observed_anchor,41600.00709089513,36159.22246739091,5440.784623504223,500.0,True,3763.682374497456,0.0,31313.438058461004,605.5732992361861
2025-08-03,C3,12,2025-08-03 12:00:00,9253.3125,attachment2:2025-08-03:slot72:ended_at:2025-08-03 12:00:00,2025-08-03 12:00:00,observed_anchor,38668.69443906933,37706.82615669631,961.8682823730196,500.0,True,7653.367086329086,0.0,36106.075251598944,365.3513111024719
2025-08-04,C3,6,2025-08-04 06:00:00,946.0125,attachment2:2025-08-04:slot36:ended_at:2025-08-04 06:00:00,2025-08-04 06:00:00,observed_anchor,42000.18477458417,41769.47005957422,230.7147150099554,500.0,False,544.5068228401776,577.8449729986495,40143.37638192164,237.04534592435107
2025-08-04,C3,12,2025-08-04 12:00:00,9163.8375,attachment2:2025-08-04:slot72:ended_at:2025-08-04 12:00:00,2025-08-04 12:00:00,observed_anchor,39962.60659549819,39868.792913770965,93.81368172722432,500.0,False,0.0,463.5006751992776,38344.74805508338,151.0620739797314
2025-08-05,C3,6,2025-08-05 06:00:00,838.8375,attachment2:2025-08-05:slot36:ended_at:2025-08-05 06:00:00,2025-08-05 06:00:00,observed_anchor,40421.38179836454,40393.36023264288,28.02156572166132,500.0,False,62.51396804458157,54.45033546720538,36416.07031355123,62.51396804458157
2025-08-05,C3,12,2025-08-05 12:00:00,8913.0375,attachment2:2025-08-05:slot72:ended_at:2025-08-05 12:00:00,2025-08-05 12:00:00,observed_anchor,36882.229010955954,36723.13041507678,159.09859587917165,500.0,False,370.6488842523386,459.9366730245191,35676.760115311336,137.71824259522032
2025-08-06,C3,6,2025-08-06 06:00:00,924.525,attachment2:2025-08-06:slot36:ended_at:2025-08-06 06:00:00,2025-08-06 06:00:00,observed_anchor,46708.95794371468,40200.09525948635,6508.862684228334,500.0,True,1005.007645071856,13057.93036430357,39787.61310782813,1178.6310782294809
2025-08-06,C3,12,2025-08-06 12:00:00,9095.4,attachment2:2025-08-06:slot72:ended_at:2025-08-06 12:00:00,2025-08-06 12:00:00,observed_anchor,43833.23303905656,41770.8134293429,2062.419609713652,500.0,True,0.0,3862.582140424232,41633.17423662015,942.3954027413124
2025-08-07,C3,6,2025-08-07 06:00:00,1043.25,attachment2:2025-08-07:slot36:ended_at:2025-08-07 06:00:00,2025-08-07 06:00:00,observed_anchor,42048.76043769437,39743.667322054,2305.0931156403603,500.0,True,853.184194519927,6880.824129917735,35296.83918074485,988.3152090998612
2025-08-07,C3,12,2025-08-07 12:00:00,9612.8625,attachment2:2025-08-07:slot72:ended_at:2025-08-07 12:00:00,2025-08-07 12:00:00,observed_anchor,38373.62276805795,38029.75258187491,343.8701861830341,500.0,False,1119.001632133352,4069.353377608591,33338.83485658011,536.0589700561169
2025-08-08,C3,6,2025-08-08 06:00:00,871.65,attachment2:2025-08-08:slot36:ended_at:2025-08-08 06:00:00,2025-08-08 06:00:00,observed_anchor,17637.03970587837,15962.586652111437,1674.453053766936,500.0,True,9.672598845183812,3777.584113870177,15896.12244494028,771.7875300583349
2025-08-08,C3,12,2025-08-08 12:00:00,9488.8875,attachment2:2025-08-08:slot72:ended_at:2025-08-08 12:00:00,2025-08-08 12:00:00,observed_anchor,20036.77273103908,18754.98847034738,1281.7842606917002,500.0,True,0.0,0.0,17579.18142636331,771.7875300583349
2025-08-09,C3,6,2025-08-09 06:00:00,835.2,attachment2:2025-08-09:slot36:ended_at:2025-08-09 06:00:00,2025-08-09 06:00:00,observed_anchor,18371.330822424865,17924.291387440662,447.0394349842026,500.0,False,230.2153420952867,543.7043760972963,14508.553771546409,188.41390604667504
2025-08-09,C3,12,2025-08-09 12:00:00,8466.3,attachment2:2025-08-09:slot72:ended_at:2025-08-09 12:00:00,2025-08-09 12:00:00,observed_anchor,17686.35367734383,17582.785962286755,103.5677150570773,500.0,False,231.7710763417449,0.0,14790.214022756589,111.66895580032336
2025-08-10,C3,6,2025-08-10 06:00:00,940.2,attachment2:2025-08-10:slot36:ended_at:2025-08-10 06:00:00,2025-08-10 06:00:00,observed_anchor,40645.98827851343,39206.86163627212,1439.1266422413028,500.0,True,1317.6241233520495,535.3019362122541,33832.06020827653,303.3342058060397
2025-08-10,C3,12,2025-08-10 12:00:00,8676.4875,attachment2:2025-08-10:slot72:ended_at:2025-08-10 12:00:00,2025-08-10 12:00:00,observed_anchor,36957.39737629759,36820.83693276551,136.56044353207835,500.0,False,34.34719945182712,192.27827466803365,32360.148117726865,105.52422114129912
2025-08-11,C3,6,2025-08-11 06:00:00,888.75,attachment2:2025-08-11:slot36:ended_at:2025-08-11 06:00:00,2025-08-11 06:00:00,observed_anchor,42081.3025262096,40084.30607518082,1996.9964510287757,500.0,True,2728.6901666565827,0.0,34470.18836008363,422.8014011026961
2025-08-11,C3,12,2025-08-11 12:00:00,8908.95,attachment2:2025-08-11:slot72:ended_at:2025-08-11 12:00:00,2025-08-11 12:00:00,observed_anchor,39268.87337302673,39107.579904428494,161.29346859823272,500.0,False,1174.5577834358303,0.0,31720.354614963617,113.13157707973936
2025-08-12,C3,6,2025-08-12 06:00:00,943.2375,attachment2:2025-08-12:slot36:ended_at:2025-08-12 06:00:00,2025-08-12 06:00:00,observed_anchor,41568.47346207392,41483.53826040612,84.9352016677949,500.0,False,0.0,591.6201823069472,36922.37328119524,173.05331968504242
2025-08-12,C3,12,2025-08-12 12:00:00,9008.925,attachment2:2025-08-12:slot72:ended_at:2025-08-12 12:00:00,2025-08-12 12:00:00,observed_anchor,34589.774469233475,33186.29563170359,1403.4788375298813,500.0,True,0.0,4032.3011852828,33097.14209175728,308.11448914096536
2025-08-13,C3,6,2025-08-13 06:00:00,825.2625,attachment2:2025-08-13:slot36:ended_at:2025-08-13 06:00:00,2025-08-13 06:00:00,observed_anchor,35977.85563635545,34448.247790939684,1529.607845415769,500.0,True,0.0,4578.447662918214,33887.26602578553,335.6461467391831
2025-08-13,C3,12,2025-08-13 12:00:00,8686.8,attachment2:2025-08-13:slot72:ended_at:2025-08-13 12:00:00,2025-08-13 12:00:00,observed_anchor,32938.87346718374,32520.400183876744,418.4732833069938,500.0,False,0.0,4146.64465259845,32420.70616379702,204.7314948868011
2025-08-14,C3,6,2025-08-14 06:00:00,667.6125,attachment2:2025-08-14:slot36:ended_at:2025-08-14 06:00:00,2025-08-14 06:00:00,observed_anchor,42018.03601994057,39678.03958536936,2339.996434571214,500.0,True,1336.723755169296,1098.3510882642602,39161.754041499975,420.695591722153
2025-08-14,C3,12,2025-08-14 12:00:00,8597.7375,attachment2:2025-08-14:slot72:ended_at:2025-08-14 12:00:00,2025-08-14 12:00:00,observed_anchor,38649.44616628038,38521.31509994163,128.1310663387485,500.0,False,0.0,367.9712139480666,36433.649031307184,160.52979432336997
2025-08-15,C3,6,2025-08-15 06:00:00,762.825,attachment2:2025-08-15:slot36:ended_at:2025-08-15 06:00:00,2025-08-15 06:00:00,observed_anchor,16053.446566837789,15414.791379181885,638.655187655906,500.0,True,98.40708582898512,1223.180079898439,15175.956894564357,136.10678141726802
2025-08-15,C3,12,2025-08-15 12:00:00,9247.6875,attachment2:2025-08-15:slot72:ended_at:2025-08-15 12:00:00,2025-08-15 12:00:00,observed_anchor,18495.88797264779,18086.971451883885,408.9165207639053,500.0,False,20.140618746325917,332.70286300248847,15495.592326671163,102.06261184266208
2025-08-16,C3,6,2025-08-16 06:00:00,830.4,attachment2:2025-08-16:slot36:ended_at:2025-08-16 06:00:00,2025-08-16 06:00:00,observed_anchor,21021.485431602014,19802.855235922787,1218.6301956792267,500.0,True,440.8258365699962,1766.9079174147062,17545.93034431538,196.7304828609309
2025-08-16,C3,12,2025-08-16 12:00:00,9708.2625,attachment2:2025-08-16:slot72:ended_at:2025-08-16 12:00:00,2025-08-16 12:00:00,observed_anchor,18189.054895814294,17645.16889668999,543.8859991243044,500.0,True,0.0,2953.781454482337,16446.19702987519,147.69302048855974
2025-08-17,C3,6,2025-08-17 06:00:00,670.9875,attachment2:2025-08-17:slot36:ended_at:2025-08-17 06:00:00,2025-08-17 06:00:00,observed_anchor,32201.954343168163,31017.432463121124,1184.5218800470393,500.0,True,0.0,3343.098213687324,30980.48898887409,757.3806880590861
2025-08-17,C3,12,2025-08-17 12:00:00,9097.0125,attachment2:2025-08-17:slot72:ended_at:2025-08-17 12:00:00,2025-08-17 12:00:00,observed_anchor,33661.80563594803,32158.4653240473,1503.3403119007307,500.0,True,3.120906513497061,3360.3168619399653,30155.73719572705,575.0547722195043
2025-08-18,C3,6,2025-08-18 06:00:00,726.4125,attachment2:2025-08-18:slot36:ended_at:2025-08-18 06:00:00,2025-08-18 06:00:00,observed_anchor,35176.7866240779,33975.328013564416,1201.4586105134804,500.0,True,371.7465707180919,2808.803052042049,33353.528355605835,405.0058777566571
2025-08-18,C3,12,2025-08-18 12:00:00,9678.9375,attachment2:2025-08-18:slot72:ended_at:2025-08-18 12:00:00,2025-08-18 12:00:00,observed_anchor,39277.813964308014,37842.605442947846,1435.2085213601677,500.0,True,201.7249894085005,0.0,33568.31056606918,405.0058777566571
2025-08-19,C3,6,2025-08-19 06:00:00,863.325,attachment2:2025-08-19:slot36:ended_at:2025-08-19 06:00:00,2025-08-19 06:00:00,observed_anchor,38446.92205561653,38311.58349701789,135.3385585986398,500.0,False,0.0,1078.2665112036343,37651.8183036668,144.98255457472203
2025-08-19,C3,12,2025-08-19 12:00:00,8775.7125,attachment2:2025-08-19:slot72:ended_at:2025-08-19 12:00:00,2025-08-19 12:00:00,observed_anchor,44834.18341819436,43427.32380411383,1406.8596140805312,500.0,True,5731.701637945065,97.49277335681722,42694.36735517805,888.9328833333333
2025-08-20,C3,6,2025-08-20 06:00:00,561.3,attachment2:2025-08-20:slot36:ended_at:2025-08-20 06:00:00,2025-08-20 06:00:00,observed_anchor,48189.06527310121,44323.42218865836,3865.643084442847,500.0,True,1325.3276775671402,6128.203119689076,42226.20506655904,815.9199761367728
2025-08-20,C3,12,2025-08-20 12:00:00,7723.5375,attachment2:2025-08-20:slot72:ended_at:2025-08-20 12:00:00,2025-08-20 12:00:00,observed_anchor,40205.05799478858,39466.441876643294,738.6161181452844,500.0,True,0.0,1398.627239135932,37478.82074289776,746.6281372478837
2025-08-21,C3,6,2025-08-21 06:00:00,661.6125,attachment2:2025-08-21:slot36:ended_at:2025-08-21 06:00:00,2025-08-21 06:00:00,observed_anchor,37611.89327576805,37000.04819733426,611.8450784337911,500.0,True,805.9492334840061,433.130557008268,33030.41213603205,156.59754078256992
2025-08-21,C3,12,2025-08-21 12:00:00,8279.5875,attachment2:2025-08-21:slot72:ended_at:2025-08-21 12:00:00,2025-08-21 12:00:00,observed_anchor,34406.60965784133,34167.839469477665,238.77018836366187,500.0,False,1728.9024417304167,392.2074317211943,32953.31873985492,540.4420525762672
2025-08-22,C3,6,2025-08-22 06:00:00,680.175,attachment2:2025-08-22:slot36:ended_at:2025-08-22 06:00:00,2025-08-22 06:00:00,observed_anchor,19201.463147685048,18940.74138469905,260.72176298600243,500.0,False,386.6602645932188,88.19298964651385,15062.248074545052,92.00733807604875
2025-08-22,C3,12,2025-08-22 12:00:00,9318.5625,attachment2:2025-08-22:slot72:ended_at:2025-08-22 12:00:00,2025-08-22 12:00:00,observed_anchor,19530.085212503785,19428.613751718887,101.47146078489824,500.0,False,172.74247825937653,0.0,14829.347073493853,131.5233727471376
2025-08-23,C3,6,2025-08-23 06:00:00,673.3875,attachment2:2025-08-23:slot36:ended_at:2025-08-23 06:00:00,2025-08-23 06:00:00,observed_anchor,18644.71758554717,18644.71758554717,0.0,500.0,False,0.0,0.0,17488.056677539553,0.0
2025-08-23,C3,12,2025-08-23 12:00:00,8774.7,attachment2:2025-08-23:slot72:ended_at:2025-08-23 12:00:00,2025-08-23 12:00:00,observed_anchor,17576.710670703396,17364.436399142945,212.27427156045087,500.0,False,0.0,712.2569882172982,17265.10362094709,128.03890345187517
2025-08-24,C3,6,2025-08-24 06:00:00,624.225,attachment2:2025-08-24:slot36:ended_at:2025-08-24 06:00:00,2025-08-24 06:00:00,observed_anchor,36770.39931014281,36092.15871040843,678.2405997343812,500.0,True,579.8691121383636,1410.9298293130196,30444.941815506358,751.6453840141783
2025-08-24,C3,12,2025-08-24 12:00:00,9891.9,attachment2:2025-08-24:slot72:ended_at:2025-08-24 12:00:00,2025-08-24 12:00:00,observed_anchor,44901.24835186198,38400.94362656641,6500.304725295566,500.0,True,2980.418738010609,0.0,33043.877567861,844.1058100993237
2025-08-25,C3,6,2025-08-25 06:00:00,540.7875,attachment2:2025-08-25:slot36:ended_at:2025-08-25 06:00:00,2025-08-25 06:00:00,observed_anchor,51050.66788986387,45869.42459642743,5181.243293436441,500.0,True,27.354471526130624,15545.681003330446,43107.21582747629,1163.2237389500533
2025-08-25,C3,12,2025-08-25 12:00:00,7708.2375,attachment2:2025-08-25:slot72:ended_at:2025-08-25 12:00:00,2025-08-25 12:00:00,observed_anchor,42438.95448538906,42153.1042410285,285.8502443605612,500.0,False,110.0921968342501,10711.038298157286,39688.05826778616,578.6115479123507
2025-08-26,C3,6,2025-08-26 06:00:00,536.175,attachment2:2025-08-26:slot36:ended_at:2025-08-26 06:00:00,2025-08-26 06:00:00,observed_anchor,42835.99177772814,41307.459402123626,1528.532375604511,500.0,True,5327.520962316037,0.0,37487.14220965284,617.3698266226453
2025-08-26,C3,12,2025-08-26 12:00:00,9822.6,attachment2:2025-08-26:slot72:ended_at:2025-08-26 12:00:00,2025-08-26 12:00:00,observed_anchor,40171.00726830289,39848.94282860455,322.0644396983407,500.0,False,3204.271931220256,0.0,35668.05008889166,470.3995599220008
2025-08-27,C3,6,2025-08-27 06:00:00,488.775,attachment2:2025-08-27:slot36:ended_at:2025-08-27 06:00:00,2025-08-27 06:00:00,observed_anchor,44886.81503031824,44501.3073975068,385.5076328114301,500.0,False,1418.5601374183811,11.596141899541635,40098.3215436589,332.40092222053306
2025-08-27,C3,12,2025-08-27 12:00:00,8854.575,attachment2:2025-08-27:slot72:ended_at:2025-08-27 12:00:00,2025-08-27 12:00:00,observed_anchor,37643.85941744739,37638.73141863405,5.127998813339218,500.0,False,0.0,46.44946112284481,35223.42708936235,23.75751267711371
2025-08-28,C3,6,2025-08-28 06:00:00,474.075,attachment2:2025-08-28:slot36:ended_at:2025-08-28 06:00:00,2025-08-28 06:00:00,observed_anchor,53099.38368782008,43333.51350555876,9765.870182261322,500.0,True,6651.654096640617,0.0,35285.473294035,971.5605032835042
2025-08-28,C3,12,2025-08-28 12:00:00,7876.05,attachment2:2025-08-28:slot72:ended_at:2025-08-28 12:00:00,2025-08-28 12:00:00,observed_anchor,39660.37450870538,38848.55314040464,811.8213683007416,500.0,True,5463.833872483752,0.0,35071.80272117576,464.55963307888817
2025-08-29,C3,6,2025-08-29 06:00:00,431.9625,attachment2:2025-08-29:slot36:ended_at:2025-08-29 06:00:00,2025-08-29 06:00:00,observed_anchor,20641.34377418824,19892.157201744765,749.1865724434756,500.0,True,0.0,1798.138179130846,17606.229993124827,212.93432007698425
2025-08-29,C3,12,2025-08-29 12:00:00,8923.5375,attachment2:2025-08-29:slot72:ended_at:2025-08-29 12:00:00,2025-08-29 12:00:00,observed_anchor,21301.18565498208,21048.22787137821,252.95778360386976,500.0,False,0.0,224.92690101147176,18248.3863764921,212.93432007698425
2025-08-30,C3,6,2025-08-30 06:00:00,501.4875,attachment2:2025-08-30:slot36:ended_at:2025-08-30 06:00:00,2025-08-30 06:00:00,observed_anchor,21505.308560782647,21461.26490592871,44.04365485393646,500.0,False,143.69256748296604,184.4052099759915,16986.19822121094,77.36059082787006
2025-08-30,C3,12,2025-08-30 12:00:00,8795.3625,attachment2:2025-08-30:slot72:ended_at:2025-08-30 12:00:00,2025-08-30 12:00:00,observed_anchor,20114.172376181166,20114.172376181166,0.0,500.0,False,0.0,0.0,16884.509644709524,0.0
2025-08-31,C3,6,2025-08-31 06:00:00,441.2625,attachment2:2025-08-31:slot36:ended_at:2025-08-31 06:00:00,2025-08-31 06:00:00,observed_anchor,37218.3019853068,34708.05887171703,2510.2431135897714,500.0,True,1545.9850210123648,231.4276264986603,33406.66089165069,372.5421566086452
2025-08-31,C3,12,2025-08-31 12:00:00,8206.875,attachment2:2025-08-31:slot72:ended_at:2025-08-31 12:00:00,2025-08-31 12:00:00,observed_anchor,39295.790547762525,39143.92647656408,151.86407119844807,500.0,False,214.74427310885903,0.0,31835.775039722743,100.70298836844267
2025-09-01,C3,6,2025-09-01 06:00:00,465.3,attachment2:2025-09-01:slot36:ended_at:2025-09-01 06:00:00,2025-09-01 06:00:00,observed_anchor,38637.22111016464,37717.00938957119,920.2117205934484,500.0,True,58.224737816889046,2968.5569826467204,35343.05169646782,487.44812720153607
2025-09-01,C3,12,2025-09-01 12:00:00,7907.25,attachment2:2025-09-01:slot72:ended_at:2025-09-01 12:00:00,2025-09-01 12:00:00,observed_anchor,40696.859312128974,38927.37402161882,1769.485290510151,500.0,True,1958.225517916582,435.1887953982672,33613.06310532638,691.0100787338439
2025-09-02,C3,6,2025-09-02 06:00:00,407.6625,attachment2:2025-09-02:slot36:ended_at:2025-09-02 06:00:00,2025-09-02 06:00:00,observed_anchor,44118.37335698647,39119.96498351048,4998.408373475992,500.0,True,4801.697497567564,0.0,35745.264955126775,798.7749714678836
2025-09-02,C3,12,2025-09-02 12:00:00,9123.45,attachment2:2025-09-02:slot72:ended_at:2025-09-02 12:00:00,2025-09-02 12:00:00,observed_anchor,32379.237752576588,30128.490223728597,2250.7475288479945,500.0,True,379.47987341588527,1130.5975049223698,29818.134619656998,774.3447743602316
2025-09-03,C3,6,2025-09-03 06:00:00,406.5375,attachment2:2025-09-03:slot36:ended_at:2025-09-03 06:00:00,2025-09-03 06:00:00,observed_anchor,35628.43278506858,34375.30497966829,1253.1278054002903,500.0,True,222.86393294299816,4351.33008024078,34133.62559358191,684.9684659592125
2025-09-03,C3,12,2025-09-03 12:00:00,9046.8375,attachment2:2025-09-03:slot72:ended_at:2025-09-03 12:00:00,2025-09-03 12:00:00,observed_anchor,34524.43341947669,34111.21800261804,413.2154168586494,500.0,False,0.0,341.9683277777783,33069.01931456146,296.5046202641083
2025-09-04,C3,6,2025-09-04 06:00:00,345.8625,attachment2:2025-09-04:slot36:ended_at:2025-09-04 06:00:00,2025-09-04 06:00:00,observed_anchor,35256.60994099879,33547.956970263505,1708.652970735282,500.0,True,200.56430809596475,4784.641960901803,33269.380514390345,781.5198585155777
2025-09-04,C3,12,2025-09-04 12:00:00,8953.4625,attachment2:2025-09-04:slot72:ended_at:2025-09-04 12:00:00,2025-09-04 12:00:00,observed_anchor,33013.1753709105,32383.64786947671,629.5275014337931,500.0,True,0.0,4939.540515379342,32383.6478694767,393.1126264469482
2025-09-05,C3,6,2025-09-05 06:00:00,308.625,attachment2:2025-09-05:slot36:ended_at:2025-09-05 06:00:00,2025-09-05 06:00:00,observed_anchor,15876.843161254408,14662.671912133525,1214.1712491208857,500.0,True,120.58070920963507,2506.855440782533,14386.875830934185,452.0272471062575
2025-09-05,C3,12,2025-09-05 12:00:00,8851.0875,attachment2:2025-09-05:slot72:ended_at:2025-09-05 12:00:00,2025-09-05 12:00:00,observed_anchor,14873.911993750582,14452.817933560882,421.0940601897,500.0,False,0.0,2142.640765823783,14448.416551960514,408.2191369291728
2025-09-06,C3,6,2025-09-06 06:00:00,295.575,attachment2:2025-09-06:slot36:ended_at:2025-09-06 06:00:00,2025-09-06 06:00:00,observed_anchor,15065.6734590647,14919.13867823587,146.53478082882975,500.0,False,298.3364138397783,45.57657879577175,14471.25537111522,166.81209021983153
2025-09-06,C3,12,2025-09-06 12:00:00,9767.55,attachment2:2025-09-06:slot72:ended_at:2025-09-06 12:00:00,2025-09-06 12:00:00,observed_anchor,14128.43517286609,13738.325660298262,390.1095125678276,500.0,False,0.0,1015.0997925690644,13657.285222294067,161.34143206582377
2025-09-07,C3,6,2025-09-07 06:00:00,289.2,attachment2:2025-09-07:slot36:ended_at:2025-09-07 06:00:00,2025-09-07 06:00:00,observed_anchor,38763.300509768655,33499.78157193301,5263.5189378356445,500.0,True,3959.9239388320616,19.79936674211376,31388.130804072884,534.7774595382381
2025-09-07,C3,12,2025-09-07 12:00:00,8640.375,attachment2:2025-09-07:slot72:ended_at:2025-09-07 12:00:00,2025-09-07 12:00:00,observed_anchor,28891.33088916052,27814.258424763106,1077.0724643974172,500.0,True,16.2783608940764,1012.0529074343892,27620.330565624718,667.6727065982302
2025-09-08,C3,6,2025-09-08 06:00:00,281.1375,attachment2:2025-09-08:slot36:ended_at:2025-09-08 06:00:00,2025-09-08 06:00:00,observed_anchor,26655.04179298755,26001.25028099594,653.7915119916106,500.0,True,712.5825473778417,363.2017093472397,24577.49991931885,163.80661041057465
2025-09-08,C3,12,2025-09-08 12:00:00,8087.9625,attachment2:2025-09-08:slot72:ended_at:2025-09-08 12:00:00,2025-09-08 12:00:00,observed_anchor,26783.24513245053,25170.92500756925,1612.3201248812802,500.0,True,2194.167552084496,561.9703163485366,24489.563238226958,514.4583539760614
2025-09-09,C3,6,2025-09-09 06:00:00,243.0375,attachment2:2025-09-09:slot36:ended_at:2025-09-09 06:00:00,2025-09-09 06:00:00,observed_anchor,23857.994098679428,23364.70952085289,493.2845778265328,500.0,False,1222.2694188829182,31.388270253198755,22883.727814783677,256.2066837696228
2025-09-09,C3,12,2025-09-09 12:00:00,9456.3375,attachment2:2025-09-09:slot72:ended_at:2025-09-09 12:00:00,2025-09-09 12:00:00,observed_anchor,22631.18033490781,22403.63971161202,227.54062329579028,500.0,False,398.3742909185073,96.39598387002854,21836.79878253936,174.33262586990534
2025-09-10,C3,6,2025-09-10 06:00:00,195.7875,attachment2:2025-09-10:slot36:ended_at:2025-09-10 06:00:00,2025-09-10 06:00:00,observed_anchor,28273.800945663108,27457.890848189043,815.910097474065,500.0,True,246.17199094177488,3602.4392160248435,26319.402952816043,696.7713615090111
2025-09-10,C3,12,2025-09-10 12:00:00,8600.2875,attachment2:2025-09-10:slot72:ended_at:2025-09-10 12:00:00,2025-09-10 12:00:00,observed_anchor,27853.699805144926,25442.283866829363,2411.415938315564,500.0,True,1391.710977114814,684.5604215520768,24973.023036453127,818.0529236601895
2025-09-11,C3,6,2025-09-11 06:00:00,198.7875,attachment2:2025-09-11:slot36:ended_at:2025-09-11 06:00:00,2025-09-11 06:00:00,observed_anchor,25825.995290155228,24771.428163226,1054.5671269292288,500.0,True,22.059682712539825,4310.394545307802,23942.545441208767,779.9991442431034
2025-09-11,C3,12,2025-09-11 12:00:00,9147.1125,attachment2:2025-09-11:slot72:ended_at:2025-09-11 12:00:00,2025-09-11 12:00:00,observed_anchor,25382.299063741008,24910.16194770245,472.13711603855336,500.0,False,0.0,2364.7795824324003,24138.70514602928,533.2699974170483
2025-09-12,C3,6,2025-09-12 06:00:00,148.2375,attachment2:2025-09-12:slot36:ended_at:2025-09-12 06:00:00,2025-09-12 06:00:00,observed_anchor,9499.526906785592,9303.243302694527,196.28360409106423,500.0,False,33.02972562510098,477.2849021157902,8986.886627786553,122.38226846196784
2025-09-12,C3,12,2025-09-12 12:00:00,8536.1625,attachment2:2025-09-12:slot72:ended_at:2025-09-12 12:00:00,2025-09-12 12:00:00,observed_anchor,10059.817266392349,10020.283177606709,39.53408878563823,500.0,False,0.0,99.46796694207956,9098.538155991771,54.06840657268981
2025-09-13,C3,6,2025-09-13 06:00:00,133.575,attachment2:2025-09-13:slot36:ended_at:2025-09-13 06:00:00,2025-09-13 06:00:00,observed_anchor,10221.999300565112,9846.87663175424,375.1226688108709,500.0,False,345.6477659738724,297.91878816162694,8550.149924117972,167.76906951378027
2025-09-13,C3,12,2025-09-13 12:00:00,9965.475,attachment2:2025-09-13:slot72:ended_at:2025-09-13 12:00:00,2025-09-13 12:00:00,observed_anchor,8797.444992597077,8593.821446706572,203.62354589050483,500.0,False,144.22630396264807,548.4485141317767,8277.511897361015,213.6334780874223
2025-09-14,C3,6,2025-09-14 06:00:00,109.0875,attachment2:2025-09-14:slot36:ended_at:2025-09-14 06:00:00,2025-09-14 06:00:00,observed_anchor,29232.929024911584,28064.577526585563,1168.351498326021,500.0,True,0.0,3189.563414311863,26992.820299872757,892.0176393752002
2025-09-14,C3,12,2025-09-14 12:00:00,8025.6375,attachment2:2025-09-14:slot72:ended_at:2025-09-14 12:00:00,2025-09-14 12:00:00,observed_anchor,24879.55561117446,24081.75758440761,797.79802676685,500.0,True,0.0,386.9922914785543,23726.9096654694,521.0823249154357
2025-09-15,C3,6,2025-09-15 06:00:00,98.2875,attachment2:2025-09-15:slot36:ended_at:2025-09-15 06:00:00,2025-09-15 06:00:00,observed_anchor,27145.34565438863,26592.55165575984,552.7939986287929,500.0,True,398.56638519211697,580.9909660086172,25264.849721146576,420.04772071428704
2025-09-15,C3,12,2025-09-15 12:00:00,9635.625,attachment2:2025-09-15:slot72:ended_at:2025-09-15 12:00:00,2025-09-15 12:00:00,observed_anchor,26032.145423092898,25826.55019092751,205.59523216538585,500.0,False,0.0,0.0,25013.588858753683,420.04772071428704
2025-09-16,C3,6,2025-09-16 06:00:00,85.6125,attachment2:2025-09-16:slot36:ended_at:2025-09-16 06:00:00,2025-09-16 06:00:00,observed_anchor,31184.756514284487,30788.671213932223,396.0853003522643,500.0,False,209.04761610758283,2013.8948647957425,28942.055311612527,283.0137085697837
2025-09-16,C3,12,2025-09-16 12:00:00,7723.575,attachment2:2025-09-16:slot72:ended_at:2025-09-16 12:00:00,2025-09-16 12:00:00,observed_anchor,28801.415048367864,28047.16981937771,754.2452289901557,500.0,True,0.0,2466.042114319687,27041.71663732969,328.58970297382814
2025-09-17,C3,6,2025-09-17 06:00:00,54.075,attachment2:2025-09-17:slot36:ended_at:2025-09-17 06:00:00,2025-09-17 06:00:00,observed_anchor,31377.776696928897,30168.61441360153,1209.1622833273686,500.0,True,691.16866432653,2603.207398728742,28950.76809397969,677.9824736079397
2025-09-17,C3,12,2025-09-17 12:00:00,8699.925,attachment2:2025-09-17:slot72:ended_at:2025-09-17 12:00:00,2025-09-17 12:00:00,observed_anchor,27733.801083199563,27393.714033020104,340.08705017945977,500.0,False,5.0042665769747146,558.30112925356,26671.69503327947,677.9824736079397
2025-09-18,C3,6,2025-09-18 06:00:00,40.4625,attachment2:2025-09-18:slot36:ended_at:2025-09-18 06:00:00,2025-09-18 06:00:00,observed_anchor,32756.70589271817,28601.84674118092,4154.859151537254,500.0,True,5320.7165145578765,525.1057048229477,27461.558862571503,543.6105360218143
2025-09-18,C3,12,2025-09-18 12:00:00,8742.975,attachment2:2025-09-18:slot72:ended_at:2025-09-18 12:00:00,2025-09-18 12:00:00,observed_anchor,25132.887790148267,24330.02498788235,802.8628022659177,500.0,True,0.0,0.0,23354.348934261587,482.9271812042752
2025-09-19,C3,6,2025-09-19 06:00:00,20.5875,attachment2:2025-09-19:slot36:ended_at:2025-09-19 06:00:00,2025-09-19 06:00:00,observed_anchor,11905.295450064728,11541.398521073648,363.8969289910783,500.0,False,462.9845012298507,10.27655000000027,10086.537170001202,131.49221993922845
2025-09-19,C3,12,2025-09-19 12:00:00,7645.5375,attachment2:2025-09-19:slot72:ended_at:2025-09-19 12:00:00,2025-09-19 12:00:00,observed_anchor,10665.578856023983,10564.40903302359,101.1698230003949,500.0,False,0.0,237.9387712675729,9338.45469369592,63.38664101273372
2025-09-20,C3,6,2025-09-20 06:00:00,5.625,attachment2:2025-09-20:slot36:ended_at:2025-09-20 06:00:00,2025-09-20 06:00:00,observed_anchor,10833.709614903364,10597.025390150988,236.6842247523764,500.0,False,204.0904490532266,175.25895576939712,10351.326136298683,123.8113099606892
2025-09-20,C3,12,2025-09-20 12:00:00,8495.475,attachment2:2025-09-20:slot72:ended_at:2025-09-20 12:00:00,2025-09-20 12:00:00,observed_anchor,10349.326502014585,10287.853323495458,61.47317851912703,500.0,False,0.0,139.86219536512132,10143.411240329217,53.25272765690667
2025-09-21,C3,6,2025-09-21 06:00:00,0.0,attachment2:2025-09-21:slot36:ended_at:2025-09-21 06:00:00,2025-09-21 06:00:00,observed_anchor,31866.28617256854,30690.69910814938,1175.58706441916,500.0,True,3497.3790436919253,47.19240442723719,28797.506592858717,669.5118866621948
2025-09-21,C3,12,2025-09-21 12:00:00,7855.0875,attachment2:2025-09-21:slot72:ended_at:2025-09-21 12:00:00,2025-09-21 12:00:00,observed_anchor,26981.166838936875,26071.74484880408,909.421990132796,500.0,True,0.0,188.4879626654121,25387.360201501768,366.8295912325084
2025-09-22,C3,6,2025-09-22 06:00:00,0.0,attachment2:2025-09-22:slot36:ended_at:2025-09-22 06:00:00,2025-09-22 06:00:00,observed_anchor,32665.293956996764,30307.97540705565,2357.318549941116,500.0,True,373.248977981986,7530.068209198369,30217.6192312151,782.7815892404434
2025-09-22,C3,12,2025-09-22 12:00:00,8278.275,attachment2:2025-09-22:slot72:ended_at:2025-09-22 12:00:00,2025-09-22 12:00:00,observed_anchor,27729.26047294911,27326.49990026272,402.7605726863912,500.0,False,0.0,4204.107650612668,27128.0994214204,575.5603346718748
2025-09-23,C3,6,2025-09-23 06:00:00,0.0,attachment2:2025-09-23:slot36:ended_at:2025-09-23 06:00:00,2025-09-23 06:00:00,observed_anchor,33585.031963471534,33360.721940377145,224.3100230943892,500.0,False,746.4666074816365,44.65982724218179,30741.23762402705,146.7575409314842
2025-09-23,C3,12,2025-09-23 12:00:00,8613.5625,attachment2:2025-09-23:slot72:ended_at:2025-09-23 12:00:00,2025-09-23 12:00:00,observed_anchor,30501.20160284901,29584.64745628158,916.5541465674324,500.0,True,1454.1102874092574,68.08703323464943,28971.55560330962,122.39041888110398
2025-09-24,C3,6,2025-09-24 06:00:00,0.0,attachment2:2025-09-24:slot36:ended_at:2025-09-24 06:00:00,2025-09-24 06:00:00,observed_anchor,30667.660333198844,29775.405827255665,892.2545059431795,500.0,True,1209.4968070975206,219.6904260450001,27696.11162287243,369.558241468868
2025-09-24,C3,12,2025-09-24 12:00:00,8053.275,attachment2:2025-09-24:slot72:ended_at:2025-09-24 12:00:00,2025-09-24 12:00:00,observed_anchor,32309.51171615474,28324.43047486465,3985.0812412900887,500.0,True,3684.034797964914,39.34973413224202,27748.013031876733,521.0919538077048
2025-09-25,C3,6,2025-09-25 06:00:00,0.0,attachment2:2025-09-25:slot36:ended_at:2025-09-25 06:00:00,2025-09-25 06:00:00,observed_anchor,34467.85096949381,32830.10316881726,1637.7478006765523,500.0,True,999.7045152470204,299.64353974136054,30659.56195745112,528.4219531726508
2025-09-25,C3,12,2025-09-25 12:00:00,8303.25,attachment2:2025-09-25:slot72:ended_at:2025-09-25 12:00:00,2025-09-25 12:00:00,observed_anchor,27906.464227149245,27843.311512621225,63.15271452801972,500.0,False,0.0,580.3983259086237,27276.294234027388,225.6617370422164
2025-09-26,C3,6,2025-09-26 06:00:00,0.0,attachment2:2025-09-26:slot36:ended_at:2025-09-26 06:00:00,2025-09-26 06:00:00,observed_anchor,12943.221459638447,11627.698569797732,1315.522889840715,500.0,True,1032.760924896707,520.8979216990394,11108.198145764469,374.6034235671967
2025-09-26,C3,12,2025-09-26 12:00:00,7832.7375,attachment2:2025-09-26:slot72:ended_at:2025-09-26 12:00:00,2025-09-26 12:00:00,observed_anchor,10877.082822255144,9854.04297519138,1023.0398470637648,500.0,True,0.0,1097.914100237384,9443.913778977689,374.6034235671967
2025-09-27,C3,6,2025-09-27 06:00:00,0.0,attachment2:2025-09-27:slot36:ended_at:2025-09-27 06:00:00,2025-09-27 06:00:00,observed_anchor,12882.373768890458,12526.009975010777,356.3637938796837,500.0,False,905.5033740984434,39.424821877068894,11270.95582669192,124.62015221688804
2025-09-27,C3,12,2025-09-27 12:00:00,8021.3625,attachment2:2025-09-27:slot72:ended_at:2025-09-27 12:00:00,2025-09-27 12:00:00,observed_anchor,11891.27745995449,11623.45452300482,267.8229369496712,500.0,False,497.5549208097901,26.707074348534093,10837.854165405388,86.7126902328767
2025-09-28,C3,6,2025-09-28 06:00:00,0.0,attachment2:2025-09-28:slot36:ended_at:2025-09-28 06:00:00,2025-09-28 06:00:00,observed_anchor,37609.1533852704,33211.600651270855,4397.552733999546,500.0,True,3476.801992332263,361.5817423956214,32299.393553242066,737.9486366410208
2025-09-28,C3,12,2025-09-28 12:00:00,8187.0,attachment2:2025-09-28:slot72:ended_at:2025-09-28 12:00:00,2025-09-28 12:00:00,observed_anchor,28309.352005239743,26521.14211491342,1788.209890326325,500.0,True,754.6553578318719,1105.3643090503829,26045.07515548553,689.8800180707211
2025-09-29,C3,6,2025-09-29 06:00:00,0.0,attachment2:2025-09-29:slot36:ended_at:2025-09-29 06:00:00,2025-09-29 06:00:00,observed_anchor,30616.69458082827,30448.496550257336,168.19803057093304,500.0,False,0.0,608.8795534890012,30343.89851958051,206.5782254244849
2025-09-29,C3,12,2025-09-29 12:00:00,8520.6375,attachment2:2025-09-29:slot72:ended_at:2025-09-29 12:00:00,2025-09-29 12:00:00,observed_anchor,29714.080783747944,29548.56352977407,165.51725397387418,500.0,False,864.4202703301577,71.50682655622177,28224.0364012457,502.6830254780044
2025-09-30,C3,6,2025-09-30 06:00:00,0.0,attachment2:2025-09-30:slot36:ended_at:2025-09-30 06:00:00,2025-09-30 06:00:00,observed_anchor,37051.33642593927,33932.41888377165,3118.917542167619,500.0,True,1387.2363938745666,178.6957443202565,32573.779202616875,545.097407932303
2025-09-30,C3,12,2025-09-30 12:00:00,8227.0875,attachment2:2025-09-30:slot72:ended_at:2025-09-30 12:00:00,2025-09-30 12:00:00,observed_anchor,32691.74524378954,32008.37560708011,683.3696367094308,500.0,True,1606.023285946344,178.6307707945398,31269.9255961942,490.9857617914181
2025-10-01,C3,6,2025-10-01 06:00:00,0.0,attachment2:2025-10-01:slot36:ended_at:2025-10-01 06:00:00,2025-10-01 06:00:00,observed_anchor,28920.09071509326,28183.249159008323,736.8415560849389,500.0,True,1234.2668208692112,170.62181784141683,26178.05704881052,194.5277561971008
2025-10-01,C3,12,2025-10-01 12:00:00,9835.125,attachment2:2025-10-01:slot72:ended_at:2025-10-01 12:00:00,2025-10-01 12:00:00,observed_anchor,27200.33324201571,26339.51573900099,860.8175030147177,500.0,True,1437.539861255682,1748.5995158076023,25749.865514011904,422.5498576787904
2025-10-02,C3,6,2025-10-02 06:00:00,0.0,attachment2:2025-10-02:slot36:ended_at:2025-10-02 06:00:00,2025-10-02 06:00:00,observed_anchor,33060.33480872425,30176.50350613224,2883.831302592007,500.0,True,0.0,8476.819441242616,29968.52308312795,1077.5837669072705
2025-10-02,C3,12,2025-10-02 12:00:00,9304.1625,attachment2:2025-10-02:slot72:ended_at:2025-10-02 12:00:00,2025-10-02 12:00:00,observed_anchor,27218.697964649054,26798.98158318791,419.71638146114856,500.0,False,0.0,7737.708468349807,26363.43963426842,311.3360832871166
2025-10-03,C3,6,2025-10-03 06:00:00,0.0,attachment2:2025-10-03:slot36:ended_at:2025-10-03 06:00:00,2025-10-03 06:00:00,observed_anchor,10410.60008534554,10120.57693856855,290.02314677699,500.0,False,450.1939962785799,0.0,9510.568626543676,148.87486504856594
2025-10-03,C3,12,2025-10-03 12:00:00,9055.7625,attachment2:2025-10-03:slot72:ended_at:2025-10-03 12:00:00,2025-10-03 12:00:00,observed_anchor,10796.475274464114,10480.37828794445,316.0969865196639,500.0,False,808.1429380887502,0.0,9817.515298428218,106.16020150988436
2025-10-04,C3,6,2025-10-04 06:00:00,0.0,attachment2:2025-10-04:slot36:ended_at:2025-10-04 06:00:00,2025-10-04 06:00:00,observed_anchor,11154.530522316663,10756.944223641074,397.5862986755892,500.0,False,309.29891551586843,7.782190766066492,9985.044577629613,213.36432629282265
2025-10-04,C3,12,2025-10-04 12:00:00,8826.7875,attachment2:2025-10-04:slot72:ended_at:2025-10-04 12:00:00,2025-10-04 12:00:00,observed_anchor,10199.427150678412,10100.1883821419,99.23876853651018,500.0,False,0.0,298.9905074860616,9326.988908107956,100.14706939634384
2025-10-05,C3,6,2025-10-05 06:00:00,0.0,attachment2:2025-10-05:slot36:ended_at:2025-10-05 06:00:00,2025-10-05 06:00:00,observed_anchor,31392.87958813805,28883.74098350728,2509.1386046307744,500.0,True,0.0,9483.474157458048,28813.29883026433,901.0244422628562
2025-10-05,C3,12,2025-10-05 12:00:00,8781.4875,attachment2:2025-10-05:slot72:ended_at:2025-10-05 12:00:00,2025-10-05 12:00:00,observed_anchor,29333.50196751805,27218.194680827044,2115.3072866910043,500.0,True,1304.8300044021462,1269.8315946726034,26535.068389735483,781.7175425399903
2025-10-06,C3,6,2025-10-06 06:00:00,0.0,attachment2:2025-10-06:slot36:ended_at:2025-10-06 06:00:00,2025-10-06 06:00:00,observed_anchor,37224.9711057174,33617.170471860954,3607.8006338564446,500.0,True,7178.173444929519,0.0,32406.72068317768,808.1747656381018
2025-10-06,C3,12,2025-10-06 12:00:00,8428.7625,attachment2:2025-10-06:slot72:ended_at:2025-10-06 12:00:00,2025-10-06 12:00:00,observed_anchor,29145.403032001454,28527.99531893444,617.4077130670157,500.0,True,3970.203168093383,0.0,27590.803481086048,501.0336220369054
2025-10-07,C3,6,2025-10-07 06:00:00,0.0,attachment2:2025-10-07:slot36:ended_at:2025-10-07 06:00:00,2025-10-07 06:00:00,observed_anchor,32614.216255613526,30528.29167952244,2085.924576091089,500.0,True,2071.145106744657,0.0,29147.59409336583,574.6036729058042
2025-10-07,C3,12,2025-10-07 12:00:00,8675.8125,attachment2:2025-10-07:slot72:ended_at:2025-10-07 12:00:00,2025-10-07 12:00:00,observed_anchor,30408.847495432903,28861.74497111277,1547.102524320133,500.0,True,2875.9935692400986,0.0,27404.641540955465,606.8150095068213
2025-10-08,C3,6,2025-10-08 06:00:00,0.0,attachment2:2025-10-08:slot36:ended_at:2025-10-08 06:00:00,2025-10-08 06:00:00,observed_anchor,24819.151246306083,23919.491219709893,899.6600265961897,500.0,True,566.0259462439875,681.7346565004676,23789.688614768413,551.5723570526477
2025-10-08,C3,12,2025-10-08 12:00:00,8061.75,attachment2:2025-10-08:slot72:ended_at:2025-10-08 12:00:00,2025-10-08 12:00:00,observed_anchor,25212.0554606742,23911.192821453264,1300.8626392209335,500.0,True,1403.8220334430523,69.42361246040116,22814.018265965424,449.1887243288653
2025-10-09,C3,6,2025-10-09 06:00:00,0.0,attachment2:2025-10-09:slot36:ended_at:2025-10-09 06:00:00,2025-10-09 06:00:00,observed_anchor,30630.26742142266,27816.51482893824,2813.752592484423,500.0,True,0.0,9991.867404822837,26563.00283127594,1043.200693870776
2025-10-09,C3,12,2025-10-09 12:00:00,9061.1625,attachment2:2025-10-09:slot72:ended_at:2025-10-09 12:00:00,2025-10-09 12:00:00,observed_anchor,28429.685103326225,24810.187628214822,3619.497475111399,500.0,True,686.9122435394527,3092.588544611992,24101.36594124861,787.8525887974519
2025-10-10,C3,6,2025-10-10 06:00:00,0.0,attachment2:2025-10-10:slot36:ended_at:2025-10-10 06:00:00,2025-10-10 06:00:00,observed_anchor,9183.957639164606,9028.36038975827,155.59724940633532,500.0,False,171.44948425548495,299.7863814943319,8843.637977125052,106.72889985916532
2025-10-10,C3,12,2025-10-10 12:00:00,9380.0625,attachment2:2025-10-10:slot72:ended_at:2025-10-10 12:00:00,2025-10-10 12:00:00,observed_anchor,8768.399111910358,8390.007711200025,378.39140071033216,500.0,False,0.0,910.8726396684224,8373.521306415887,192.9813698894444
2025-10-11,C3,6,2025-10-11 06:00:00,0.0,attachment2:2025-10-11:slot36:ended_at:2025-10-11 06:00:00,2025-10-11 06:00:00,observed_anchor,9779.766298047727,9404.484351056137,375.28194699159394,500.0,False,764.8606734447606,0.0,8737.980929651729,140.59272414459474
2025-10-11,C3,12,2025-10-11 12:00:00,8224.95,attachment2:2025-10-11:slot72:ended_at:2025-10-11 12:00:00,2025-10-11 12:00:00,observed_anchor,7777.374888237593,7548.452215818771,228.922672418822,500.0,False,0.0,542.9651152529782,7527.844785726967,127.7597947382606
2025-10-12,C3,6,2025-10-12 06:00:00,0.0,attachment2:2025-10-12:slot36:ended_at:2025-10-12 06:00:00,2025-10-12 06:00:00,observed_anchor,27675.99364211692,27470.63334707002,205.36029504690305,500.0,False,401.7100995110186,0.0,26324.088201445305,69.20143003234443
2025-10-12,C3,12,2025-10-12 12:00:00,8346.9375,attachment2:2025-10-12:slot72:ended_at:2025-10-12 12:00:00,2025-10-12 12:00:00,observed_anchor,22413.88094529132,22345.72405847696,68.15688681435495,500.0,False,92.69455901184534,351.0352561531204,22164.04110891801,139.73176740005988
2025-10-13,C3,6,2025-10-13 06:00:00,0.0,attachment2:2025-10-13:slot36:ended_at:2025-10-13 06:00:00,2025-10-13 06:00:00,observed_anchor,34841.44074304339,29802.22358811508,5039.217154928316,500.0,True,1534.1347393517974,7190.136917782567,29332.884194540173,867.1030715976547
2025-10-13,C3,12,2025-10-13 12:00:00,9154.05,attachment2:2025-10-13:slot72:ended_at:2025-10-13 12:00:00,2025-10-13 12:00:00,observed_anchor,27163.981006126494,25906.855746734134,1257.12525939236,500.0,True,0.0,4238.738241758711,25661.368725359192,649.5822236337109
2025-10-14,C3,6,2025-10-14 06:00:00,0.0,attachment2:2025-10-14:slot36:ended_at:2025-10-14 06:00:00,2025-10-14 06:00:00,observed_anchor,34442.39082090362,30046.497729107603,4395.893091796021,500.0,True,1223.0627827909273,7180.722997123954,29928.894513456813,922.5099002270642
2025-10-14,C3,12,2025-10-14 12:00:00,8386.2,attachment2:2025-10-14:slot72:ended_at:2025-10-14 12:00:00,2025-10-14 12:00:00,observed_anchor,34099.20568833818,27514.35490328109,6584.8507850570895,500.0,True,48.40471343630679,1164.0893951992434,27277.823229022484,709.9190111827767
2025-10-15,C3,6,2025-10-15 06:00:00,0.0,attachment2:2025-10-15:slot36:ended_at:2025-10-15 06:00:00,2025-10-15 06:00:00,observed_anchor,33852.788109396104,31790.33316516755,2062.4549442285534,500.0,True,1233.3199798176206,4672.748163991067,31260.35923676957,924.053838639456
2025-10-15,C3,12,2025-10-15 12:00:00,8134.6875,attachment2:2025-10-15:slot72:ended_at:2025-10-15 12:00:00,2025-10-15 12:00:00,observed_anchor,33862.00999922447,28635.62832105237,5226.381678172103,500.0,True,27.142823752302206,544.3989840703778,27951.075967019016,859.0969996103867
2025-10-16,C3,6,2025-10-16 06:00:00,0.0,attachment2:2025-10-16:slot36:ended_at:2025-10-16 06:00:00,2025-10-16 06:00:00,observed_anchor,34416.38924413565,31608.873868554103,2807.515375581548,500.0,True,2153.6032215470727,224.2686968249137,31135.650383376837,714.6193583018753
2025-10-16,C3,12,2025-10-16 12:00:00,8532.525,attachment2:2025-10-16:slot72:ended_at:2025-10-16 12:00:00,2025-10-16 12:00:00,observed_anchor,27100.24816354937,26285.517523823462,814.730639725909,500.0,True,1740.6369210642656,258.4357119628624,25801.802867977887,676.9758949150653
2025-10-17,C3,6,2025-10-17 06:00:00,0.0,attachment2:2025-10-17:slot36:ended_at:2025-10-17 06:00:00,2025-10-17 06:00:00,observed_anchor,10974.36174726256,10356.510880776006,617.8508664865549,500.0,True,1173.513400653093,5.187165353337548,9083.28909959926,251.5907418612824
2025-10-17,C3,12,2025-10-17 12:00:00,8286.5625,attachment2:2025-10-17:slot72:ended_at:2025-10-17 12:00:00,2025-10-17 12:00:00,observed_anchor,10679.503934328752,10563.262243738998,116.24169058975347,500.0,False,1567.7489143633502,11.050409803365142,9453.494192298002,106.7066591585363
2025-10-18,C3,6,2025-10-18 06:00:00,0.0,attachment2:2025-10-18:slot36:ended_at:2025-10-18 06:00:00,2025-10-18 06:00:00,observed_anchor,11002.32316206262,10266.941605868342,735.3815561942774,500.0,True,476.9226577872069,688.396260028042,9630.972430896954,191.8696623804576
2025-10-18,C3,12,2025-10-18 12:00:00,8152.5375,attachment2:2025-10-18:slot72:ended_at:2025-10-18 12:00:00,2025-10-18 12:00:00,observed_anchor,9478.877729252756,9335.584379858494,143.2933493942619,500.0,False,0.0,695.0419447928999,9065.441181992632,117.6623783825944
2025-10-19,C3,6,2025-10-19 06:00:00,0.0,attachment2:2025-10-19:slot36:ended_at:2025-10-19 06:00:00,2025-10-19 06:00:00,observed_anchor,31183.77838779018,30650.53741394324,533.2409738469396,500.0,True,2029.3578513908287,88.47459622769827,29421.86655408302,485.3192937585338
2025-10-19,C3,12,2025-10-19 12:00:00,8657.2875,attachment2:2025-10-19:slot72:ended_at:2025-10-19 12:00:00,2025-10-19 12:00:00,observed_anchor,27589.8971490056,27342.17267158202,247.7244774235805,500.0,False,1299.2858677368472,87.63727795604063,26676.89800437863,212.69205526093867
2025-10-20,C3,6,2025-10-20 06:00:00,0.0,attachment2:2025-10-20:slot36:ended_at:2025-10-20 06:00:00,2025-10-20 06:00:00,observed_anchor,35872.49733788081,35588.07858153331,284.41875634750613,500.0,False,549.8337556746767,240.46111957096548,34742.02157414047,149.14866319600787
2025-10-20,C3,12,2025-10-20 12:00:00,8239.7625,attachment2:2025-10-20:slot72:ended_at:2025-10-20 12:00:00,2025-10-20 12:00:00,observed_anchor,28125.445765838176,27923.399482691228,202.04628314694853,500.0,False,849.0268446046176,111.37015596271044,27122.331026378237,217.343720473131
2025-10-21,C3,6,2025-10-21 06:00:00,0.0,attachment2:2025-10-21:slot36:ended_at:2025-10-21 06:00:00,2025-10-21 06:00:00,observed_anchor,37511.24245981303,35424.30275844569,2086.939701367344,500.0,True,1079.9722034338863,2236.698437278932,34919.99831107106,444.82912893238944
2025-10-21,C3,12,2025-10-21 12:00:00,7401.375,attachment2:2025-10-21:slot72:ended_at:2025-10-21 12:00:00,2025-10-21 12:00:00,observed_anchor,30037.546379985342,29099.852532782883,937.6938472024632,500.0,True,0.0,1357.622053852899,29057.82604530628,323.3622509531102
2025-10-22,C3,6,2025-10-22 06:00:00,0.0,attachment2:2025-10-22:slot36:ended_at:2025-10-22 06:00:00,2025-10-22 06:00:00,observed_anchor,35031.77003908269,33853.29619403754,1178.4738450451478,500.0,True,2719.2438953165656,0.0,32570.85309786115,526.9997464303142
2025-10-22,C3,12,2025-10-22 12:00:00,7645.9875,attachment2:2025-10-22:slot72:ended_at:2025-10-22 12:00:00,2025-10-22 12:00:00,observed_anchor,37600.57993126058,30613.197992517933,6987.381938742648,500.0,True,5244.489293478024,0.0,30062.33758457976,803.577414846872
2025-10-23,C3,6,2025-10-23 06:00:00,0.0,attachment2:2025-10-23:slot36:ended_at:2025-10-23 06:00:00,2025-10-23 06:00:00,observed_anchor,37806.083257203325,33673.55227481044,4132.530982392884,500.0,True,0.0,13993.76803965954,33495.462805217736,1020.8411802092872
2025-10-23,C3,12,2025-10-23 12:00:00,8141.5125,attachment2:2025-10-23:slot72:ended_at:2025-10-23 12:00:00,2025-10-23 12:00:00,observed_anchor,35917.89844061534,28573.49481615441,7344.403624460931,500.0,True,1154.5000262328458,2020.9281674069796,28250.8487904707,777.3385441488983
2025-10-24,C3,6,2025-10-24 06:00:00,0.0,attachment2:2025-10-24:slot36:ended_at:2025-10-24 06:00:00,2025-10-24 06:00:00,observed_anchor,11146.358906390064,10613.088971562662,533.2699348274036,500.0,True,729.4662149565422,15.240610935944003,9643.296687082342,177.79363548796624
2025-10-24,C3,12,2025-10-24 12:00:00,7954.5375,attachment2:2025-10-24:slot72:ended_at:2025-10-24 12:00:00,2025-10-24 12:00:00,observed_anchor,12106.827684844602,11433.693468971704,673.1342158728985,500.0,True,1710.1081803138018,0.0,10578.967144451746,446.67408941399947
2025-10-25,C3,6,2025-10-25 06:00:00,0.0,attachment2:2025-10-25:slot36:ended_at:2025-10-25 06:00:00,2025-10-25 06:00:00,observed_anchor,9472.044377958568,9116.506095648305,355.5382823102645,500.0,False,377.67811811597056,102.07032632614896,8812.76251673523,218.3402231989847
2025-10-25,C3,12,2025-10-25 12:00:00,8370.075,attachment2:2025-10-25:slot72:ended_at:2025-10-25 12:00:00,2025-10-25 12:00:00,observed_anchor,9866.466993994203,9606.858793175636,259.6082008185658,500.0,False,613.905490706935,6.359328732191102,8909.389628522087,249.77121295620805
2025-10-26,C3,6,2025-10-26 06:00:00,0.0,attachment2:2025-10-26:slot36:ended_at:2025-10-26 06:00:00,2025-10-26 06:00:00,observed_anchor,33263.14223505309,31869.693183617805,1393.4490514352874,500.0,True,0.0,4059.875003743108,31806.41077091283,777.1313719737889
2025-10-26,C3,12,2025-10-26 12:00:00,8143.8375,attachment2:2025-10-26:slot72:ended_at:2025-10-26 12:00:00,2025-10-26 12:00:00,observed_anchor,34985.98325521846,29741.805391938105,5244.177863280354,500.0,True,2297.1538878662823,337.9216689060603,28755.454699275597,756.7816141060937
2025-10-27,C3,6,2025-10-27 06:00:00,0.0,attachment2:2025-10-27:slot36:ended_at:2025-10-27 06:00:00,2025-10-27 06:00:00,observed_anchor,41667.50913908906,37408.881296453335,4258.627842635724,500.0,True,4732.135638592841,216.6237942320783,34406.83385413394,821.1390628762799
2025-10-27,C3,12,2025-10-27 12:00:00,8858.0625,attachment2:2025-10-27:slot72:ended_at:2025-10-27 12:00:00,2025-10-27 12:00:00,observed_anchor,28650.476314446714,28256.382765485818,394.0935489608965,500.0,False,1964.157718098411,206.3635998873972,27368.73254276633,175.00949415870565
2025-10-28,C3,6,2025-10-28 06:00:00,0.0,attachment2:2025-10-28:slot36:ended_at:2025-10-28 06:00:00,2025-10-28 06:00:00,observed_anchor,40415.41568166452,35804.25436593031,4611.161315734207,500.0,True,7714.072961996115,0.0,35066.772459018,763.7111091187579
2025-10-28,C3,12,2025-10-28 12:00:00,7977.6375,attachment2:2025-10-28:slot72:ended_at:2025-10-28 12:00:00,2025-10-28 12:00:00,observed_anchor,30945.4153956483,29988.13716446358,957.2782311847186,500.0,True,4682.318453407564,134.92466321728807,29004.26105614692,645.7877565856423
2025-10-29,C3,6,2025-10-29 06:00:00,0.0,attachment2:2025-10-29:slot36:ended_at:2025-10-29 06:00:00,2025-10-29 06:00:00,observed_anchor,42102.629627148286,39470.583485806346,2632.04614134194,500.0,True,1773.025167788662,1971.8842288001724,38757.63370197477,713.8071611130981
2025-10-29,C3,12,2025-10-29 12:00:00,7121.1,attachment2:2025-10-29:slot72:ended_at:2025-10-29 12:00:00,2025-10-29 12:00:00,observed_anchor,32443.382742261416,30608.673585523717,1834.7091567377029,500.0,True,1168.7519785521215,974.73831693028,29634.955686151632,663.3247995563106
2025-10-30,C3,6,2025-10-30 06:00:00,0.0,attachment2:2025-10-30:slot36:ended_at:2025-10-30 06:00:00,2025-10-30 06:00:00,observed_anchor,32216.72565690365,32197.961521265523,18.764135638131847,500.0,False,123.3283712362927,53.160026245418976,29938.776776787927,78.4448771759919
2025-10-30,C3,12,2025-10-30 12:00:00,7674.0,attachment2:2025-10-30:slot72:ended_at:2025-10-30 12:00:00,2025-10-30 12:00:00,observed_anchor,31304.906071394133,28167.45071106966,3137.4553603244717,500.0,True,2286.2946581868728,0.0,27755.42873950617,750.957561494995
2025-10-31,C3,6,2025-10-31 06:00:00,0.0,attachment2:2025-10-31:slot36:ended_at:2025-10-31 06:00:00,2025-10-31 06:00:00,observed_anchor,12016.171082118391,11093.9714892303,922.1995928880932,500.0,True,269.18419630858875,1954.2799496473071,10728.684830047803,327.5585998039508
2025-10-31,C3,12,2025-10-31 12:00:00,7089.8625,attachment2:2025-10-31:slot72:ended_at:2025-10-31 12:00:00,2025-10-31 12:00:00,observed_anchor,13027.699479489698,11785.35298606141,1242.3464934282874,500.0,True,0.0,731.7301960273439,10885.531900789074,327.5585998039508
2025-11-01,C3,6,2025-11-01 06:00:00,0.0,attachment2:2025-11-01:slot36:ended_at:2025-11-01 06:00:00,2025-11-01 06:00:00,observed_anchor,10639.75036440772,10368.611293838405,271.1390705693175,500.0,False,615.5324513988141,98.66578518322704,9896.79120832134,194.29087098325328
2025-11-01,C3,12,2025-11-01 12:00:00,7674.0,attachment2:2025-11-01:slot72:ended_at:2025-11-01 12:00:00,2025-11-01 12:00:00,observed_anchor,14157.499030102204,11865.60715902854,2291.8918710736634,500.0,True,2388.1869837909926,39.10337703222814,11337.182077500132,669.476398232598
2025-11-02,C3,6,2025-11-02 06:00:00,0.0,attachment2:2025-11-02:slot36:ended_at:2025-11-02 06:00:00,2025-11-02 06:00:00,observed_anchor,46797.50022370363,41223.04418468058,5574.456039023055,500.0,True,6633.394931140077,119.27884842316008,40210.93967129276,814.2228177718056
2025-11-02,C3,12,2025-11-02 12:00:00,7893.6375,attachment2:2025-11-02:slot72:ended_at:2025-11-02 12:00:00,2025-11-02 12:00:00,observed_anchor,29964.33764163096,29263.123819977165,701.2138216537969,500.0,True,752.9199581188061,394.7505469883822,28979.431087118013,209.4760350395369
2025-11-03,C3,6,2025-11-03 06:00:00,0.0,attachment2:2025-11-03:slot36:ended_at:2025-11-03 06:00:00,2025-11-03 06:00:00,observed_anchor,38988.22362109785,37746.348927158935,1241.8746939389166,500.0,True,0.0,3787.709818847303,37715.08559487589,834.8483898284081
2025-11-03,C3,12,2025-11-03 12:00:00,7059.825,attachment2:2025-11-03:slot72:ended_at:2025-11-03 12:00:00,2025-11-03 12:00:00,observed_anchor,30523.891939880254,29455.071613714423,1068.8203261658273,500.0,True,11.18584916931411,2205.196850688696,29446.36622339629,767.6078642565036
2025-11-04,C3,6,2025-11-04 06:00:00,0.0,attachment2:2025-11-04:slot36:ended_at:2025-11-04 06:00:00,2025-11-04 06:00:00,observed_anchor,40711.84781042735,38699.74365861957,2012.104151807784,500.0,True,1965.828908652133,388.9839341839072,36330.25441955321,763.5772541530852
2025-11-04,C3,12,2025-11-04 12:00:00,8124.4875,attachment2:2025-11-04:slot72:ended_at:2025-11-04 12:00:00,2025-11-04 12:00:00,observed_anchor,29590.816009846832,28867.480519253877,723.3354905929591,500.0,True,1186.743499524504,231.3692302771518,28294.567589370025,598.8393626413514
2025-11-05,C3,6,2025-11-05 06:00:00,0.0,attachment2:2025-11-05:slot36:ended_at:2025-11-05 06:00:00,2025-11-05 06:00:00,observed_anchor,40155.839331795294,38256.64497472907,1899.194357066226,500.0,True,434.8747884279707,5826.276514140693,37480.00414410277,862.2627579827365
2025-11-05,C3,12,2025-11-05 12:00:00,7082.2125,attachment2:2025-11-05:slot72:ended_at:2025-11-05 12:00:00,2025-11-05 12:00:00,observed_anchor,37545.34191925602,30805.471576624637,6739.870342631384,500.0,True,161.93530664447167,967.6925791086388,30185.980879689792,862.2627579827365
2025-11-06,C3,6,2025-11-06 06:00:00,0.0,attachment2:2025-11-06:slot36:ended_at:2025-11-06 06:00:00,2025-11-06 06:00:00,observed_anchor,45063.638482567614,41175.62516271672,3888.0133198508993,500.0,True,2351.4840273815885,809.940712265661,40394.86133725462,769.5808024838483
2025-11-06,C3,12,2025-11-06 12:00:00,7119.0,attachment2:2025-11-06:slot72:ended_at:2025-11-06 12:00:00,2025-11-06 12:00:00,observed_anchor,31735.4986071048,30235.354525483934,1500.144081620867,500.0,True,1495.1027891280908,485.0966162367786,29445.3666955273,776.115322973264
2025-11-07,C3,6,2025-11-07 06:00:00,0.0,attachment2:2025-11-07:slot36:ended_at:2025-11-07 06:00:00,2025-11-07 06:00:00,observed_anchor,12119.564217184065,11366.5086576958,753.0555594882626,500.0,True,1551.2866499266363,0.0,10907.36168773204,296.61984049408136
2025-11-07,C3,12,2025-11-07 12:00:00,7817.85,attachment2:2025-11-07:slot72:ended_at:2025-11-07 12:00:00,2025-11-07 12:00:00,observed_anchor,10337.448362610448,10042.014576238056,295.4337863723904,500.0,False,649.5334124615576,0.0,9693.820182354742,161.7949241031796
2025-11-08,C3,6,2025-11-08 06:00:00,0.0,attachment2:2025-11-08:slot36:ended_at:2025-11-08 06:00:00,2025-11-08 06:00:00,observed_anchor,10162.221843208725,10151.401042425705,10.820800783019877,500.0,False,0.0,210.7782218457763,9954.542284918436,115.04071908659104
2025-11-08,C3,12,2025-11-08 12:00:00,7651.0875,attachment2:2025-11-08:slot72:ended_at:2025-11-08 12:00:00,2025-11-08 12:00:00,observed_anchor,13310.61548993227,12179.330447671056,1131.2850422612155,500.0,True,1624.6012077936468,0.0,11286.865867361395,409.28833368877
2025-11-09,C3,6,2025-11-09 06:00:00,0.0,attachment2:2025-11-09:slot36:ended_at:2025-11-09 06:00:00,2025-11-09 06:00:00,observed_anchor,41094.957952760735,39850.00246571151,1244.9554870492284,500.0,True,1293.6566845104162,190.56455236657848,38021.07963526771,627.3705493114368
2025-11-09,C3,12,2025-11-09 12:00:00,7327.2375,attachment2:2025-11-09:slot72:ended_at:2025-11-09 12:00:00,2025-11-09 12:00:00,observed_anchor,36166.19109129029,32454.062096546422,3712.128994743864,500.0,True,2681.0642005300288,287.78186589731774,31445.05255383793,707.6605541433669
2025-11-10,C3,6,2025-11-10 06:00:00,0.0,attachment2:2025-11-10:slot36:ended_at:2025-11-10 06:00:00,2025-11-10 06:00:00,observed_anchor,53249.905887360655,45373.597334655184,7876.308552705472,500.0,True,4661.054863921124,406.5011969565424,43195.36837927995,815.2094115314859
2025-11-10,C3,12,2025-11-10 12:00:00,6754.125,attachment2:2025-11-10:slot72:ended_at:2025-11-10 12:00:00,2025-11-10 12:00:00,observed_anchor,31384.143406371397,31038.58906519728,345.5543411741128,500.0,False,682.8419963653353,465.4844140848605,30945.955119203285,556.9974765808635
2025-11-11,C3,6,2025-11-11 06:00:00,0.0,attachment2:2025-11-11:slot36:ended_at:2025-11-11 06:00:00,2025-11-11 06:00:00,observed_anchor,40893.36890598278,40546.80687967687,346.56202630591,500.0,False,937.86642689669,512.8408499853751,39806.94911127192,343.8036319417136
2025-11-11,C3,12,2025-11-11 12:00:00,7471.3125,attachment2:2025-11-11:slot72:ended_at:2025-11-11 12:00:00,2025-11-11 12:00:00,observed_anchor,29113.58695226601,28932.53014870835,181.0568035576616,500.0,False,415.38773598780296,320.7276365327705,28772.641768352507,320.0871322863514
2025-11-12,C3,6,2025-11-12 06:00:00,0.0,attachment2:2025-11-12:slot36:ended_at:2025-11-12 06:00:00,2025-11-12 06:00:00,observed_anchor,44813.74163271656,41782.24195983444,3031.4996728821206,500.0,True,1548.6484003497503,2089.3309423564347,41361.00464255436,753.9249469435922
2025-11-12,C3,12,2025-11-12 12:00:00,7606.5,attachment2:2025-11-12:slot72:ended_at:2025-11-12 12:00:00,2025-11-12 12:00:00,observed_anchor,30817.0369143327,30336.84478075875,480.1921335739498,500.0,False,0.0,1610.2833406273014,30296.518255965027,498.7861887930096
2025-11-13,C3,6,2025-11-13 06:00:00,0.0,attachment2:2025-11-13:slot36:ended_at:2025-11-13 06:00:00,2025-11-13 06:00:00,observed_anchor,39249.87818440012,38550.05739502986,699.8207893702638,500.0,True,2840.2590565169257,0.0,36874.55136665749,683.8110429540876
2025-11-13,C3,12,2025-11-13 12:00:00,7080.975,attachment2:2025-11-13:slot72:ended_at:2025-11-13 12:00:00,2025-11-13 12:00:00,observed_anchor,32402.00081920392,30031.413088973077,2370.5877302308472,500.0,True,2907.762713354768,0.0,29493.134566427085,766.9846695623986
2025-11-14,C3,6,2025-11-14 06:00:00,0.0,attachment2:2025-11-14:slot36:ended_at:2025-11-14 06:00:00,2025-11-14 06:00:00,observed_anchor,11465.672922518936,10864.564097222914,601.1088252960235,500.0,True,457.9797372993054,783.6548689097916,10370.808167448047,194.22017924315577
2025-11-14,C3,12,2025-11-14 12:00:00,6806.1,attachment2:2025-11-14:slot72:ended_at:2025-11-14 12:00:00,2025-11-14 12:00:00,observed_anchor,20444.6105680025,13320.00273902309,7124.6078289794095,500.0,True,3155.998083805898,0.0,13011.528324758248,768.6498548541373
2025-11-15,C3,6,2025-11-15 06:00:00,0.0,attachment2:2025-11-15:slot36:ended_at:2025-11-15 06:00:00,2025-11-15 06:00:00,observed_anchor,11103.45793698968,11056.28446120958,47.17347578009867,500.0,False,204.63180115828035,364.8413930746766,10441.19385236897,364.8413930746766
2025-11-15,C3,12,2025-11-15 12:00:00,6939.1125,attachment2:2025-11-15:slot72:ended_at:2025-11-15 12:00:00,2025-11-15 12:00:00,observed_anchor,11033.316532133997,10848.121783170374,185.19474896362044,500.0,False,601.858461518067,54.85587957120208,10684.529783437953,305.0964046012173
2025-11-16,C3,6,2025-11-16 06:00:00,0.0,attachment2:2025-11-16:slot36:ended_at:2025-11-16 06:00:00,2025-11-16 06:00:00,observed_anchor,46956.89990662691,42954.36471636881,4002.5351902581024,500.0,True,2729.0865780436907,564.9669927541863,42354.97670820435,813.432378413026
2025-11-16,C3,12,2025-11-16 12:00:00,7200.4875,attachment2:2025-11-16:slot72:ended_at:2025-11-16 12:00:00,2025-11-16 12:00:00,observed_anchor,32080.72036819709,31276.347156183725,804.3732120133609,500.0,True,1297.7273888646755,204.75595492675257,30897.12079598552,623.713703924233
2025-11-17,C3,6,2025-11-17 06:00:00,0.0,attachment2:2025-11-17:slot36:ended_at:2025-11-17 06:00:00,2025-11-17 06:00:00,observed_anchor,56727.80227355766,43640.03289619165,13087.769377366008,500.0,True,7811.3695720085425,0.0,40810.1802083076,994.9252745824958
2025-11-17,C3,12,2025-11-17 12:00:00,7593.1125,attachment2:2025-11-17:slot72:ended_at:2025-11-17 12:00:00,2025-11-17 12:00:00,observed_anchor,31344.65333409634,31178.43492785988,166.21840623645767,500.0,False,4231.168155680286,0.0,30258.78045973033,237.07220758238395
2025-11-18,C3,6,2025-11-18 06:00:00,0.0,attachment2:2025-11-18:slot36:ended_at:2025-11-18 06:00:00,2025-11-18 06:00:00,observed_anchor,43041.8755158593,40037.95825741631,3003.9172584429907,500.0,True,1361.2499951187915,1190.0074223389602,38647.38151270973,818.8864739488106
2025-11-18,C3,12,2025-11-18 12:00:00,6574.0875,attachment2:2025-11-18:slot72:ended_at:2025-11-18 12:00:00,2025-11-18 12:00:00,observed_anchor,40135.74126661776,33217.16940027072,6918.5718663470325,500.0,True,2278.678177318045,102.9793403266808,32758.137324656123,681.1332400116856
2025-11-19,C3,6,2025-11-19 06:00:00,0.0,attachment2:2025-11-19:slot36:ended_at:2025-11-19 06:00:00,2025-11-19 06:00:00,observed_anchor,60781.78466116152,47664.31428880839,13117.470372353137,500.0,True,8132.34151565439,134.20815810487818,46561.686428026165,865.3540186427105
2025-11-19,C3,12,2025-11-19 12:00:00,6973.7625,attachment2:2025-11-19:slot72:ended_at:2025-11-19 12:00:00,2025-11-19 12:00:00,observed_anchor,32233.21418357673,31290.342779703424,942.8714038733052,500.0,True,2024.0671099773451,365.9308316330636,31055.762418201302,677.2175568417928
2025-11-20,C3,6,2025-11-20 06:00:00,0.0,attachment2:2025-11-20:slot36:ended_at:2025-11-20 06:00:00,2025-11-20 06:00:00,observed_anchor,43439.86128261765,41330.2547548548,2109.6065277628586,500.0,True,1573.3416570897905,163.37134087538453,39803.00777961405,733.9700042256433
2025-11-20,C3,12,2025-11-20 12:00:00,6549.675,attachment2:2025-11-20:slot72:ended_at:2025-11-20 12:00:00,2025-11-20 12:00:00,observed_anchor,35338.712870390074,32974.652146012544,2364.0607243775303,500.0,True,2267.411957475543,137.45225540442686,31728.897132156788,783.3407651311783
2025-11-21,C3,6,2025-11-21 06:00:00,0.0,attachment2:2025-11-21:slot36:ended_at:2025-11-21 06:00:00,2025-11-21 06:00:00,observed_anchor,14620.292045099211,13294.310149046967,1325.9818960522462,500.0,True,2359.910196086844,0.0,12124.32313510765,537.042890528353
2025-11-21,C3,12,2025-11-21 12:00:00,6495.15,attachment2:2025-11-21:slot72:ended_at:2025-11-21 12:00:00,2025-11-21 12:00:00,observed_anchor,12200.471225091547,11880.199280342258,320.2719447492909,500.0,False,709.9486224395456,0.0,10616.8671413444,352.9473255735503
2025-11-22,C3,6,2025-11-22 06:00:00,0.0,attachment2:2025-11-22:slot36:ended_at:2025-11-22 06:00:00,2025-11-22 06:00:00,observed_anchor,12678.08607865988,12199.360289158272,478.7257895016082,500.0,False,0.0,2115.169123671721,11980.553118302783,643.7410080110944
2025-11-22,C3,12,2025-11-22 12:00:00,6684.3375,attachment2:2025-11-22:slot72:ended_at:2025-11-22 12:00:00,2025-11-22 12:00:00,observed_anchor,15149.420704764363,13306.346811995303,1843.073892769058,500.0,True,1728.1798074624437,673.5442688853478,12808.215327852424,689.8637231944563
2025-11-23,C3,6,2025-11-23 06:00:00,0.0,attachment2:2025-11-23:slot36:ended_at:2025-11-23 06:00:00,2025-11-23 06:00:00,observed_anchor,53117.68591576319,45730.6994026145,7386.986513148688,500.0,True,4846.111544784726,365.6296362646955,43318.20194149433,825.8808924959641
2025-11-23,C3,12,2025-11-23 12:00:00,6927.675,attachment2:2025-11-23:slot72:ended_at:2025-11-23 12:00:00,2025-11-23 12:00:00,observed_anchor,30184.45005537464,29979.003617869497,205.44643750514297,500.0,False,823.9187693443631,479.1225257835422,29803.848748102944,286.7254701616032
2025-11-24,C3,6,2025-11-24 06:00:00,0.0,attachment2:2025-11-24:slot36:ended_at:2025-11-24 06:00:00,2025-11-24 06:00:00,observed_anchor,42438.98584139929,39937.863184197246,2501.122657202046,500.0,True,2540.854795642593,45.33560337569236,39395.14662081306,636.7641715466559
2025-11-24,C3,12,2025-11-24 12:00:00,7044.3,attachment2:2025-11-24:slot72:ended_at:2025-11-24 12:00:00,2025-11-24 12:00:00,observed_anchor,31862.150375576988,30795.06695634438,1067.0834192326074,500.0,True,2300.4841145789583,19.053905132814748,30254.287347494785,530.9516035609747
2025-11-25,C3,6,2025-11-25 06:00:00,0.0,attachment2:2025-11-25:slot36:ended_at:2025-11-25 06:00:00,2025-11-25 06:00:00,observed_anchor,44454.5600376419,44170.07655621831,284.48348142359464,500.0,False,404.5100109884245,1005.3280408524608,43806.78201358218,283.29362851303665
2025-11-25,C3,12,2025-11-25 12:00:00,6606.4875,attachment2:2025-11-25:slot72:ended_at:2025-11-25 12:00:00,2025-11-25 12:00:00,observed_anchor,34454.33808427492,34138.4825583188,315.8555259561181,500.0,False,644.7893177235048,919.7061101389274,33067.815869597136,575.9334056195645
2025-11-26,C3,6,2025-11-26 06:00:00,0.0,attachment2:2025-11-26:slot36:ended_at:2025-11-26 06:00:00,2025-11-26 06:00:00,observed_anchor,51679.48216307248,46677.9875319427,5001.494631129775,500.0,True,4160.941413969346,683.249947688262,46370.181221570216,792.6194228727489
2025-11-26,C3,12,2025-11-26 12:00:00,6278.85,attachment2:2025-11-26:slot72:ended_at:2025-11-26 12:00:00,2025-11-26 12:00:00,observed_anchor,34192.110576641884,33714.60818722293,477.5023894189508,500.0,False,1159.3120295448464,1007.678975102562,32522.119385488066,432.6527866445083
2025-11-27,C3,6,2025-11-27 06:00:00,0.0,attachment2:2025-11-27:slot36:ended_at:2025-11-27 06:00:00,2025-11-27 06:00:00,observed_anchor,49268.44993854634,44673.86303245145,4594.58690609489,500.0,True,4534.906753606689,410.1074249597478,43860.32999639869,803.9648736929128
2025-11-27,C3,12,2025-11-27 12:00:00,6667.275,attachment2:2025-11-27:slot72:ended_at:2025-11-27 12:00:00,2025-11-27 12:00:00,observed_anchor,32011.53762198024,31650.00851760767,361.5291043725738,500.0,False,930.4005683419796,435.4758496250581,31100.795120486997,290.8364116210761
2025-11-28,C3,6,2025-11-28 06:00:00,0.0,attachment2:2025-11-28:slot36:ended_at:2025-11-28 06:00:00,2025-11-28 06:00:00,observed_anchor,15359.507135878715,13906.62602404794,1452.8811118307783,500.0,True,2228.2302973286323,0.0,12149.317955302931,381.6229931397679
2025-11-28,C3,12,2025-11-28 12:00:00,6246.8625,attachment2:2025-11-28:slot72:ended_at:2025-11-28 12:00:00,2025-11-28 12:00:00,observed_anchor,11532.372674171997,10924.25164381617,608.1210303558273,500.0,True,925.2992235666152,20.602767627349635,10255.819974523589,329.4089872166189
2025-11-29,C3,6,2025-11-29 06:00:00,0.0,attachment2:2025-11-29:slot36:ended_at:2025-11-29 06:00:00,2025-11-29 06:00:00,observed_anchor,14391.949968669862,12822.438649418424,1569.5113192514382,500.0,True,0.0,5076.990148520817,12802.025564318808,796.8918820858199
2025-11-29,C3,12,2025-11-29 12:00:00,5573.775,attachment2:2025-11-29:slot72:ended_at:2025-11-29 12:00:00,2025-11-29 12:00:00,observed_anchor,16415.22537530015,12668.352366738714,3746.873008561435,500.0,True,0.0,1128.231046963236,12502.96040233708,294.6430762967758
2025-11-30,C3,6,2025-11-30 06:00:00,0.0,attachment2:2025-11-30:slot36:ended_at:2025-11-30 06:00:00,2025-11-30 06:00:00,observed_anchor,51028.10762577785,46855.33140194123,4172.77622383662,500.0,True,3860.0367196110055,0.0,44310.386105211575,801.7353633671756
2025-11-30,C3,12,2025-11-30 12:00:00,5796.225,attachment2:2025-11-30:slot72:ended_at:2025-11-30 12:00:00,2025-11-30 12:00:00,observed_anchor,33240.93548903157,32836.36624236081,404.5692466707624,500.0,False,2401.431829672857,94.31233882971992,32456.276349848464,530.0020701263338
2025-12-01,C3,6,2025-12-01 06:00:00,0.0,attachment2:2025-12-01:slot36:ended_at:2025-12-01 06:00:00,2025-12-01 06:00:00,observed_anchor,46421.46253192643,46285.0147056523,136.44782627413224,500.0,False,641.3039899586053,78.38642247667065,44055.44524358102,120.11665776364498
2025-12-01,C3,12,2025-12-01 12:00:00,6563.8125,attachment2:2025-12-01:slot72:ended_at:2025-12-01 12:00:00,2025-12-01 12:00:00,observed_anchor,32343.764815459697,32078.39243351452,265.3723819451807,500.0,False,0.0,1054.8893089063315,31847.89019864139,196.275446417569
2025-12-02,C3,6,2025-12-02 06:00:00,0.0,attachment2:2025-12-02:slot36:ended_at:2025-12-02 06:00:00,2025-12-02 06:00:00,observed_anchor,46123.51948076228,46054.01040541048,69.50907535179431,500.0,False,325.14700881037675,430.4896472035383,45201.94584406004,60.19096937798486
2025-12-02,C3,12,2025-12-02 12:00:00,6194.55,attachment2:2025-12-02:slot72:ended_at:2025-12-02 12:00:00,2025-12-02 12:00:00,observed_anchor,34142.25055869566,33986.7681990234,155.48235967226356,500.0,False,0.0,803.7817490701235,33121.447525194264,194.83528756616045
2025-12-03,C3,6,2025-12-03 06:00:00,0.0,attachment2:2025-12-03:slot36:ended_at:2025-12-03 06:00:00,2025-12-03 06:00:00,observed_anchor,57662.500492646526,46512.05569361724,11150.44479902929,500.0,True,7120.043999106862,24.61570316347286,45814.95047359512,918.1786239800005
2025-12-03,C3,12,2025-12-03 12:00:00,5716.7625,attachment2:2025-12-03:slot72:ended_at:2025-12-03 12:00:00,2025-12-03 12:00:00,observed_anchor,36453.54330938356,34850.72189247433,1602.8214169092316,500.0,True,4979.46705443476,42.2830492310801,34542.84696323922,731.6010169873581
2025-12-04,C3,6,2025-12-04 06:00:00,0.0,attachment2:2025-12-04:slot36:ended_at:2025-12-04 06:00:00,2025-12-04 06:00:00,observed_anchor,50332.88264324033,47202.02694606983,3130.855697170504,500.0,True,1657.716549530315,2861.6471960818285,45612.091699983896,745.3547000581592
2025-12-04,C3,12,2025-12-04 12:00:00,6321.8625,attachment2:2025-12-04:slot72:ended_at:2025-12-04 12:00:00,2025-12-04 12:00:00,observed_anchor,33812.59631935074,32555.325680615028,1257.270638735714,500.0,True,0.0,1963.109763216872,32383.024586545525,613.9095741525837
2025-12-05,C3,6,2025-12-05 06:00:00,0.0,attachment2:2025-12-05:slot36:ended_at:2025-12-05 06:00:00,2025-12-05 06:00:00,observed_anchor,16741.902617213225,16081.235424767896,660.6671924453294,500.0,True,2028.61775095233,7.8788925877388465,13767.81953729938,447.6727378092827
2025-12-05,C3,12,2025-12-05 12:00:00,6444.45,attachment2:2025-12-05:slot72:ended_at:2025-12-05 12:00:00,2025-12-05 12:00:00,observed_anchor,13519.686391180903,13219.076381942778,300.6100092381257,500.0,False,1554.399793761345,10.731386125314486,12945.385975768177,383.4575317322576
2025-12-06,C3,6,2025-12-06 06:00:00,0.0,attachment2:2025-12-06:slot36:ended_at:2025-12-06 06:00:00,2025-12-06 06:00:00,observed_anchor,16077.445940653692,15534.441030049104,543.0049106045899,500.0,True,656.8045857078707,1123.18673184943,13304.863914945405,422.4805930391143
2025-12-06,C3,12,2025-12-06 12:00:00,5511.6,attachment2:2025-12-06:slot72:ended_at:2025-12-06 12:00:00,2025-12-06 12:00:00,observed_anchor,17464.10862011513,13370.447202589768,4093.6614175253617,500.0,True,1122.9624943356964,95.6499909080452,13194.326664184084,663.6609407752404
2025-12-07,C3,6,2025-12-07 06:00:00,0.0,attachment2:2025-12-07:slot36:ended_at:2025-12-07 06:00:00,2025-12-07 06:00:00,observed_anchor,46483.09772708044,45982.65985911128,500.4378679691654,500.0,True,187.673573108298,2088.2628029048133,45511.86178147225,232.44541665150257
2025-12-07,C3,12,2025-12-07 12:00:00,6349.05,attachment2:2025-12-07:slot72:ended_at:2025-12-07 12:00:00,2025-12-07 12:00:00,observed_anchor,41083.0236552622,36831.66923972209,4251.354415540111,500.0,True,1689.5825804518065,1008.0942921247122,36301.56831813058,738.376345107598
2025-12-08,C3,6,2025-12-08 06:00:00,0.0,attachment2:2025-12-08:slot36:ended_at:2025-12-08 06:00:00,2025-12-08 06:00:00,observed_anchor,54323.02876685956,54091.94828352593,231.0804833336224,500.0,False,1586.5798198781167,3.661382474854463,52322.98493286057,386.8932925839272
2025-12-08,C3,12,2025-12-08 12:00:00,6004.575,attachment2:2025-12-08:slot72:ended_at:2025-12-08 12:00:00,2025-12-08 12:00:00,observed_anchor,34616.53474844748,34506.38506596197,110.14968248550576,500.0,False,25.59560087841476,353.6152692782989,34485.22956459303,81.08009587410186
2025-12-09,C3,6,2025-12-09 06:00:00,0.0,attachment2:2025-12-09:slot36:ended_at:2025-12-09 06:00:00,2025-12-09 06:00:00,observed_anchor,51996.03066127927,51966.90199527655,29.128666002725367,500.0,False,95.89571792937215,133.18972356136945,50392.61856555983,32.96207078043062
2025-12-09,C3,12,2025-12-09 12:00:00,6243.075,attachment2:2025-12-09:slot72:ended_at:2025-12-09 12:00:00,2025-12-09 12:00:00,observed_anchor,37051.75939708953,36515.23715995851,536.5222371310228,500.0,True,745.6012449298221,674.6161400048932,35010.61194940428,501.3616514962256
2025-12-10,C3,6,2025-12-10 06:00:00,0.0,attachment2:2025-12-10:slot36:ended_at:2025-12-10 06:00:00,2025-12-10 06:00:00,observed_anchor,57734.72084734245,53614.77507970326,4119.945767639198,500.0,True,3664.354458709156,8.550986301094667,50453.25074612353,717.9592653336398
2025-12-10,C3,12,2025-12-10 12:00:00,5957.2875,attachment2:2025-12-10:slot72:ended_at:2025-12-10 12:00:00,2025-12-10 12:00:00,observed_anchor,35515.023747010615,35309.73119300139,205.2925540092256,500.0,False,555.237489889879,89.5088676564394,34892.04518366415,137.24593927176772
2025-12-11,C3,6,2025-12-11 06:00:00,0.0,attachment2:2025-12-11:slot36:ended_at:2025-12-11 06:00:00,2025-12-11 06:00:00,observed_anchor,50890.09344197737,49450.80074877272,1439.2926932046466,500.0,True,269.2798088804601,4137.36553820773,48978.8922217446,285.6318596491021
2025-12-11,C3,12,2025-12-11 12:00:00,5601.825,attachment2:2025-12-11:slot72:ended_at:2025-12-11 12:00:00,2025-12-11 12:00:00,observed_anchor,37338.23656300625,34478.33002231237,2859.9065406938757,500.0,True,0.0,1389.0752757917803,34251.782659017044,230.1854804020395
2025-12-12,C3,6,2025-12-12 06:00:00,0.0,attachment2:2025-12-12:slot36:ended_at:2025-12-12 06:00:00,2025-12-12 06:00:00,observed_anchor,28072.04379192187,22371.017811171507,5701.025980750364,500.0,True,4735.098073950593,122.61231711881784,20831.592026142614,797.6435514742554
2025-12-12,C3,12,2025-12-12 12:00:00,5387.7375,attachment2:2025-12-12:slot72:ended_at:2025-12-12 12:00:00,2025-12-12 12:00:00,observed_anchor,18188.29075656334,15242.168345884564,2946.122410678776,500.0,True,2467.2163940889764,69.21862839622293,14914.400402453552,827.143445564312
2025-12-13,C3,6,2025-12-13 06:00:00,0.0,attachment2:2025-12-13:slot36:ended_at:2025-12-13 06:00:00,2025-12-13 06:00:00,observed_anchor,22195.426439080344,20736.940939524306,1458.485499556038,500.0,True,2624.735759592355,13.154021948550394,19275.64358282132,971.7045844142386
2025-12-13,C3,12,2025-12-13 12:00:00,5920.275,attachment2:2025-12-13:slot72:ended_at:2025-12-13 12:00:00,2025-12-13 12:00:00,observed_anchor,14789.351945791095,14420.063837109485,369.2881086816124,500.0,False,1669.126383699721,126.32674582287086,13856.196481730134,524.889470873177
2025-12-14,C3,6,2025-12-14 06:00:00,0.0,attachment2:2025-12-14:slot36:ended_at:2025-12-14 06:00:00,2025-12-14 06:00:00,observed_anchor,53341.10110128682,50633.08457496875,2708.016526318068,500.0,True,3092.414433087529,128.93881702976773,48786.47768166816,793.2939382274974
2025-12-14,C3,12,2025-12-14 12:00:00,5788.725,attachment2:2025-12-14:slot72:ended_at:2025-12-14 12:00:00,2025-12-14 12:00:00,observed_anchor,37208.24518833257,36114.807863572685,1093.437324759885,500.0,True,1907.7536681885465,109.58986319913264,35484.14870368629,359.0132259561092
2025-12-15,C3,6,2025-12-15 06:00:00,0.0,attachment2:2025-12-15:slot36:ended_at:2025-12-15 06:00:00,2025-12-15 06:00:00,observed_anchor,63637.398755834096,55257.963604419325,8379.435151414771,500.0,True,7116.045415659956,0.0,52000.60678575037,920.5348103998632
2025-12-15,C3,12,2025-12-15 12:00:00,5146.35,attachment2:2025-12-15:slot72:ended_at:2025-12-15 12:00:00,2025-12-15 12:00:00,observed_anchor,35541.15122220043,35123.09397909605,418.0572431043838,500.0,False,3662.968254425288,0.4926321787457937,34861.35438679105,517.1119031740134
2025-12-16,C3,6,2025-12-16 06:00:00,0.0,attachment2:2025-12-16:slot36:ended_at:2025-12-16 06:00:00,2025-12-16 06:00:00,observed_anchor,55194.162197621576,54755.0804150748,439.0817825467748,500.0,False,630.6333329848777,1109.3165913573785,52532.73045651946,386.4282393088181
2025-12-16,C3,12,2025-12-16 12:00:00,5567.025,attachment2:2025-12-16:slot72:ended_at:2025-12-16 12:00:00,2025-12-16 12:00:00,observed_anchor,38333.68000468705,36835.67223249911,1498.0077721879425,500.0,True,1286.518917155605,874.7143788241168,36603.15894979149,666.7549914606436
2025-12-17,C3,6,2025-12-17 06:00:00,0.0,attachment2:2025-12-17:slot36:ended_at:2025-12-17 06:00:00,2025-12-17 06:00:00,observed_anchor,51504.75252554894,51326.66607817219,178.08644737675058,500.0,False,3.4324900709503936,1007.6406371113536,49732.78205390728,183.22196535300031
2025-12-17,C3,12,2025-12-17 12:00:00,5808.5625,attachment2:2025-12-17:slot72:ended_at:2025-12-17 12:00:00,2025-12-17 12:00:00,observed_anchor,37331.86964424519,36340.8854647156,990.9841795295944,500.0,True,1366.3416261481118,31.460416407691696,35936.67283948421,514.0226605423821
2025-12-18,C3,6,2025-12-18 06:00:00,0.0,attachment2:2025-12-18:slot36:ended_at:2025-12-18 06:00:00,2025-12-18 06:00:00,observed_anchor,59334.66055885171,54083.67522456965,5250.985334282064,500.0,True,3905.9412909917614,0.0,50980.50397921902,853.5054214460057
2025-12-18,C3,12,2025-12-18 12:00:00,6579.75,attachment2:2025-12-18:slot72:ended_at:2025-12-18 12:00:00,2025-12-18 12:00:00,observed_anchor,34491.56294530543,34123.30188224424,368.2610630611889,500.0,False,2581.792415764102,70.07166151435933,33596.52651890358,200.21661746896572
2025-12-19,C3,6,2025-12-19 06:00:00,0.0,attachment2:2025-12-19:slot36:ended_at:2025-12-19 06:00:00,2025-12-19 06:00:00,observed_anchor,28950.852306232613,23470.256778103,5480.595528129612,500.0,True,6771.15275702651,114.79182250409464,21264.446065607382,744.6757480610167
2025-12-19,C3,12,2025-12-19 12:00:00,5727.7875,attachment2:2025-12-19:slot72:ended_at:2025-12-19 12:00:00,2025-12-19 12:00:00,observed_anchor,14335.400833699126,14011.77991654839,323.6209171507362,500.0,False,912.9079856774983,161.77796044398258,13588.70697883182,336.904314590058
2025-12-20,C3,6,2025-12-20 06:00:00,0.0,attachment2:2025-12-20:slot36:ended_at:2025-12-20 06:00:00,2025-12-20 06:00:00,observed_anchor,15990.653164087114,15944.206984678398,46.44617940871649,500.0,False,0.0,403.6117410540255,15145.974739487436,83.45380404563718
2025-12-20,C3,12,2025-12-20 12:00:00,5891.5875,attachment2:2025-12-20:slot72:ended_at:2025-12-20 12:00:00,2025-12-20 12:00:00,observed_anchor,14683.813169704386,14039.961888437418,643.8512812669687,500.0,True,1390.4270294778903,6.887791273038204,13469.648731977446,531.2355573362786
2025-12-21,C3,6,2025-12-21 06:00:00,0.0,attachment2:2025-12-21:slot36:ended_at:2025-12-21 06:00:00,2025-12-21 06:00:00,observed_anchor,51086.22052605808,50605.19589097455,481.0246350835223,500.0,False,1099.9314326332951,0.0,49103.4540746736,306.62836896932686
2025-12-21,C3,12,2025-12-21 12:00:00,5890.8,attachment2:2025-12-21:slot72:ended_at:2025-12-21 12:00:00,2025-12-21 12:00:00,observed_anchor,38195.8903322656,35641.061602236165,2554.82873002944,500.0,True,1970.1177246798347,0.0,34898.6751530875,627.8713923464526
2025-12-22,C3,6,2025-12-22 06:00:00,0.0,attachment2:2025-12-22:slot36:ended_at:2025-12-22 06:00:00,2025-12-22 06:00:00,observed_anchor,58348.42945106477,54529.44825314373,3818.9811979210426,500.0,True,5788.39401175706,52.955365526248784,53579.66227574413,1006.2940712555304
2025-12-22,C3,12,2025-12-22 12:00:00,5847.3375,attachment2:2025-12-22:slot72:ended_at:2025-12-22 12:00:00,2025-12-22 12:00:00,observed_anchor,38871.30187875628,36481.87937850659,2389.422500249697,500.0,True,3192.741321438207,62.57082059733307,35824.51554924613,574.4491862069776
2025-12-23,C3,6,2025-12-23 06:00:00,0.0,attachment2:2025-12-23:slot36:ended_at:2025-12-23 06:00:00,2025-12-23 06:00:00,observed_anchor,50441.37527029795,50069.65546873554,371.719801562409,500.0,False,945.0281050783948,372.87927866209634,48866.263957956144,154.7272539600399
2025-12-23,C3,12,2025-12-23 12:00:00,5931.2625,attachment2:2025-12-23:slot72:ended_at:2025-12-23 12:00:00,2025-12-23 12:00:00,observed_anchor,34335.518326201134,33705.36142786225,630.1568983388861,500.0,True,825.366822848097,408.3513911036665,33228.91085715211,296.1188231169167
2025-12-24,C3,6,2025-12-24 06:00:00,0.0,attachment2:2025-12-24:slot36:ended_at:2025-12-24 06:00:00,2025-12-24 06:00:00,observed_anchor,48377.517355696,48340.920944146696,36.59641154930432,500.0,False,437.4773563999055,54.97054697900944,47002.21819147508,364.940124490761
2025-12-24,C3,12,2025-12-24 12:00:00,6083.8875,attachment2:2025-12-24:slot72:ended_at:2025-12-24 12:00:00,2025-12-24 12:00:00,observed_anchor,33343.72568288232,33153.91822544471,189.80745743761508,500.0,False,299.446852959642,115.8696697919869,32656.7148244519,40.48983426776863
2025-12-25,C3,6,2025-12-25 06:00:00,0.0,attachment2:2025-12-25:slot36:ended_at:2025-12-25 06:00:00,2025-12-25 06:00:00,observed_anchor,47576.45227647505,47207.18847933495,369.2637971401055,500.0,False,871.2931808012537,76.38236520346186,45482.06697282373,673.9799100570287
2025-12-25,C3,12,2025-12-25 12:00:00,5358.45,attachment2:2025-12-25:slot72:ended_at:2025-12-25 12:00:00,2025-12-25 12:00:00,observed_anchor,40112.28850775509,34563.87431930091,5548.414188454182,500.0,True,2561.558804143724,306.86720864406874,33691.689188585675,539.814502363094
2025-12-26,C3,6,2025-12-26 06:00:00,0.0,attachment2:2025-12-26:slot36:ended_at:2025-12-26 06:00:00,2025-12-26 06:00:00,observed_anchor,16103.692941923626,15509.134640419968,594.5583015036591,500.0,True,1144.8207959241906,144.13163880305223,14575.0728221998,340.3817556096601
2025-12-26,C3,12,2025-12-26 12:00:00,5879.2875,attachment2:2025-12-26:slot72:ended_at:2025-12-26 12:00:00,2025-12-26 12:00:00,observed_anchor,15562.14706816524,13821.172901380016,1740.9741667852231,500.0,True,1548.7502451877822,24.62291125676637,13642.108774941207,608.7953042275612
2025-12-27,C3,6,2025-12-27 06:00:00,0.0,attachment2:2025-12-27:slot36:ended_at:2025-12-27 06:00:00,2025-12-27 06:00:00,observed_anchor,19234.728452524603,18585.83448799407,648.8939645305327,500.0,True,1317.8709193542738,0.0,16965.534410683307,591.5889649790352
2025-12-27,C3,12,2025-12-27 12:00:00,5901.1875,attachment2:2025-12-27:slot72:ended_at:2025-12-27 12:00:00,2025-12-27 12:00:00,observed_anchor,15233.8737453402,13934.540804579468,1299.3329407607343,500.0,True,1263.6977704535598,0.0,13476.687648117848,537.0179603688798
2025-12-28,C3,6,2025-12-28 06:00:00,0.0,attachment2:2025-12-28:slot36:ended_at:2025-12-28 06:00:00,2025-12-28 06:00:00,observed_anchor,53008.33839317654,51957.68031358785,1050.6580795886912,500.0,True,1966.5309287639257,5.790287771477779,49523.900310716606,742.1134529236864
2025-12-28,C3,12,2025-12-28 12:00:00,5826.1125,attachment2:2025-12-28:slot72:ended_at:2025-12-28 12:00:00,2025-12-28 12:00:00,observed_anchor,34992.66933106618,34208.958250877884,783.7110801882955,500.0,True,1083.2772923759694,136.17302379172827,33368.27729425011,637.3812273754884
2025-12-29,C3,6,2025-12-29 06:00:00,0.0,attachment2:2025-12-29:slot36:ended_at:2025-12-29 06:00:00,2025-12-29 06:00:00,observed_anchor,56187.03914378917,52520.19635316142,3666.8427906277575,500.0,True,4245.810106542513,69.84545657245098,51073.79337644904,788.961817677018
2025-12-29,C3,12,2025-12-29 12:00:00,5582.4375,attachment2:2025-12-29:slot72:ended_at:2025-12-29 12:00:00,2025-12-29 12:00:00,observed_anchor,36678.32292949032,35683.28535921465,995.0375702756646,500.0,True,953.950297405728,24.46781338264577,34687.24837890012,422.2902112752806
2025-12-30,C3,6,2025-12-30 06:00:00,0.0,attachment2:2025-12-30:slot36:ended_at:2025-12-30 06:00:00,2025-12-30 06:00:00,observed_anchor,54547.26827089298,51979.27194991423,2567.996320978753,500.0,True,3507.048362275303,570.5508826573842,51355.23688973984,764.0099374147944
2025-12-30,C3,12,2025-12-30 12:00:00,6180.5625,attachment2:2025-12-30:slot72:ended_at:2025-12-30 12:00:00,2025-12-30 12:00:00,observed_anchor,34626.96255657385,33507.88098705507,1119.0815695187848,500.0,True,0.0,336.5711613927497,33198.42658169522,764.0099374147944
2025-12-31,C3,6,2025-12-31 06:00:00,0.0,attachment2:2025-12-31:slot36:ended_at:2025-12-31 06:00:00,2025-12-31 06:00:00,observed_anchor,52451.28108463486,52211.3301157762,239.95096885866224,500.0,False,862.9603198562899,150.9255330061069,49634.79492892158,563.2800415927818
2025-12-31,C3,12,2025-12-31 12:00:00,5665.0125,attachment2:2025-12-31:slot72:ended_at:2025-12-31 12:00:00,2025-12-31 12:00:00,observed_anchor,35218.66713715838,34112.40910332165,1106.2580338367334,500.0,True,1159.0373370918765,164.55812207977397,33356.07736469356,777.4468612499774
