date,issue_hour,observations,original_mae_kw,latest_mae_kw,original_rmse_kw,latest_rmse_kw
2025-02-01,0,144,132.29455277777777,132.29455277777777,247.06078642818784,247.06078642818784
2025-02-01,6,108,176.3899712962963,162.496712962963,285.2812218457913,255.66069965149345
2025-02-01,12,72,148.25150347222223,48.05506273148147,250.80663916378728,97.66734592823619
2025-02-01,18,36,0.008883333333333333,0.008883333333333333,0.04962776440663029,0.04962776440663029
2025-02-02,0,144,122.40258263888897,122.40258263888897,212.05947779154573,212.05947779154573
2025-02-02,6,108,163.20081203703717,89.18551759259259,244.86519185079626,135.02105484543645
2025-02-02,12,72,128.94001388888898,70.7739618055555,225.75883186377138,125.46573601545177
2025-02-02,18,36,0.007677777777777779,0.007677777777777779,0.04289364754832585,0.04289364754832585
2025-02-03,0,144,156.89728171296298,156.89728171296298,295.12019499559864,295.12019499559864
2025-02-03,6,108,209.19451358024693,95.67217098765434,340.77544756740406,152.93977182946327
2025-02-03,12,72,164.61237245370364,51.648021759259315,307.5066260470467,105.08412225005252
2025-02-03,18,36,0.005691666666666667,0.005691666666666667,0.03194836545984091,0.03194836545984091
2025-02-04,0,144,168.17981898148153,168.17981898148153,320.9824073837396,320.9824073837396
2025-02-04,6,108,224.23893827160498,110.02085092592591,370.6385585304083,173.17508171903827
2025-02-04,12,72,256.1454520833334,60.03858541666667,428.75260191219763,106.40155718596628
2025-02-04,18,36,0.0024805555555555557,0.0024805555555555557,0.013919301147846628,0.013919301147846628
2025-02-05,0,144,106.44383796296299,106.44383796296299,204.91484923033332,204.91484923033332
2025-02-05,6,108,141.92466728395064,97.25556604938268,236.61528668780463,169.40452228581614
2025-02-05,12,72,103.05994374999997,60.41650185185185,181.74961214724775,113.15961623767403
2025-02-05,18,36,0.0013916666666666667,0.0013916666666666667,0.007803934193013732,0.007803934193013732
2025-02-06,0,144,254.53718541666663,254.53718541666663,475.38414547294656,475.38414547294656
2025-02-06,6,108,339.38278611111105,150.2972651234568,548.9263287129656,237.67339304679825
2025-02-06,12,72,389.47536944444437,50.519619212963,628.6253783462541,88.50666311211619
2025-02-06,18,36,0.0002722222222222222,0.0002722222222222222,0.0016333333333333332,0.0016333333333333332
2025-02-07,0,144,206.19862291666675,206.19862291666675,396.3562916543483,396.3562916543483
2025-02-07,6,108,274.93112685185196,234.94647129629627,457.6728233491321,366.58876568126465
2025-02-07,12,72,334.9999131944445,70.92167361111109,534.8927326816332,122.34841105999801
2025-02-07,18,36,0.0014583333333333334,0.0014583333333333334,0.00818747349444395,0.00818747349444395
2025-02-08,0,144,152.9851236111112,152.9851236111112,259.8961700353276,259.8961700353276
2025-02-08,6,108,203.97937870370382,78.29872253086421,300.10224736523,125.78410404966532
2025-02-08,12,72,181.08417291666677,58.74782638888886,287.20150612464613,106.46896955656034
2025-02-08,18,36,0.0022833333333333334,0.0022833333333333334,0.012816157337083878,0.012816157337083878
2025-02-09,0,144,151.13610810185185,151.13610810185185,287.5305987004442,287.5305987004442
2025-02-09,6,108,201.51358487654323,182.20576759259262,332.0117369061269,288.57497497617004
2025-02-09,12,72,76.73162037037036,82.5090548611111,144.38562154466112,149.74047243574827
2025-02-09,18,36,0.003361111111111111,0.003361111111111111,0.018865032320259736,0.018865032320259736
2025-02-10,0,144,155.19574560185185,155.19574560185185,283.7738787754774,283.7738787754774
2025-02-10,6,108,206.92618024691353,188.70323919753088,327.67385028387906,303.5694359124456
2025-02-10,12,72,123.78621504629629,60.263817824074096,229.68346714765462,109.4083264043718
2025-02-10,18,36,0.004572222222222222,0.004572222222222222,0.025665562746823047,0.025665562746823047
2025-02-11,0,144,214.01124629629626,214.01124629629626,414.7873019674888,414.7873019674888
2025-02-11,6,108,285.3463839506173,119.31299413580243,478.95512052527863,184.88579024404467
2025-02-11,12,72,337.99152523148143,48.84511435185183,567.6791597312189,85.87724423308852
2025-02-11,18,36,0.005358333333333333,0.005358333333333333,0.030076942996255452,0.030076942996255452
2025-02-12,0,144,144.85099236111105,144.85099236111105,245.3275045025644,245.3275045025644
2025-02-12,6,108,193.1323953703703,97.36078086419751,283.27980068407186,145.9935039305653
2025-02-12,12,72,113.13954513888888,59.344431944444445,186.7576830399945,106.45708193087152
2025-02-12,18,36,0.006475,0.006475,0.036176154669432,0.036176154669432
2025-02-13,0,144,139.8357055555556,139.8357055555556,250.40087903894056,250.40087903894056
2025-02-13,6,108,186.44495555555557,98.7535333333334,289.13802869894835,163.86386520053563
2025-02-13,12,72,93.46502638888893,75.14551458333334,160.6289027289417,128.77043383621384
2025-02-13,18,36,0.009083333333333332,0.009083333333333332,0.0507309789204015,0.0507309789204015
2025-02-14,0,144,191.3406236111111,191.3406236111111,310.4066492177306,310.4066492177306
2025-02-14,6,108,255.11802037037037,78.17336080246912,358.4267239364677,128.40719113566772
2025-02-14,12,72,173.25994722222222,66.60334305555557,274.21928537496296,105.05634061711942
2025-02-14,18,36,0.008722222222222221,0.008722222222222221,0.0487253128374884,0.0487253128374884
2025-02-15,0,144,190.465286574074,190.465286574074,327.82783960728494,327.82783960728494
2025-02-15,6,108,253.9504283950617,126.57124629629635,378.5429815546996,184.96519547630666
2025-02-15,12,72,233.37056319444434,48.75823703703697,391.8740692712301,86.75980448605158
2025-02-15,18,36,0.0097,0.0097,0.05417344060207609,0.05417344060207609
2025-02-16,0,144,188.10877662037035,188.10877662037035,353.55957921693505,353.55957921693505
2025-02-16,6,108,250.8081336419753,129.63369166666664,408.25543501083774,205.04046956615886
2025-02-16,12,72,292.35259236111114,85.97536111111107,479.3000025476234,139.9099406686693
2025-02-16,18,36,0.010994444444444444,0.010994444444444444,0.06140865393230646,0.06140865393230646
2025-02-17,0,144,358.93137708333336,358.93137708333336,688.2150987241247,688.2150987241247
2025-02-17,6,108,478.5709231481482,99.0777854938272,794.68234395575,155.41935903391726
2025-02-17,12,72,315.36989375,76.86087916666673,649.4948981673078,138.95439651239138
2025-02-17,18,36,0.012747222222222222,0.012747222222222222,0.07120050132470199,0.07120050132470199
2025-02-18,0,144,166.43803888888885,166.43803888888885,294.1741628213307,294.1741628213307
2025-02-18,6,108,221.9125805555555,168.09172037037027,339.683061006877,253.68301831774002
2025-02-18,12,72,183.37799652777767,61.77238472222228,309.3565465972237,107.55630843411645
2025-02-18,18,36,0.014741666666666669,0.014741666666666669,0.08234602634951826,0.08234602634951826
2025-02-19,0,144,93.3822115740741,93.3822115740741,169.3862498883733,169.3862498883733
2025-02-19,6,108,124.50504598765437,120.33842530864203,195.5903889449335,183.41625346656133
2025-02-19,12,72,107.6263337962963,57.58359791666659,192.84575101739503,111.50002953919095
2025-02-19,18,36,0.015616666666666668,0.015616666666666668,0.0872253690161297,0.0872253690161297
2025-02-20,0,144,162.96329583333332,162.96329583333332,309.83165264890937,309.83165264890937
2025-02-20,6,108,217.28057407407402,158.0699108024691,357.76277421157033,259.46242265469243
2025-02-20,12,72,136.79005902777774,63.563483333333274,247.29008660521515,109.92865682075102
2025-02-20,18,36,0.010700000000000001,0.010700000000000001,0.05977109576449883,0.05977109576449883
2025-02-21,0,144,201.71454166666666,201.71454166666666,359.41414707134714,359.41414707134714
2025-02-21,6,108,268.94980925925927,184.86462962962966,415.0157081676614,268.4370442012
2025-02-21,12,72,148.0431604166666,52.01638541666658,236.22228777849682,102.50242382071465
2025-02-21,18,36,0.007027777777777778,0.007027777777777778,0.03925170201546821,0.03925170201546821
2025-02-22,0,144,109.00907870370376,109.00907870370376,215.74253249985654,215.74253249985654
2025-02-22,6,108,145.34383827160502,115.55234382716047,249.1180179434713,174.83715895310561
2025-02-22,12,72,132.19324513888898,55.015485648148164,253.04990875107578,102.74526630772677
2025-02-22,18,36,0.004102777777777778,0.004102777777777778,0.023025861064850054,0.023025861064850054
2025-02-23,0,144,153.55709513888894,153.55709513888894,284.8723330778778,284.8723330778778
2025-02-23,6,108,204.74217129629633,188.89635617283952,328.9422363187638,314.59355305632573
2025-02-23,12,72,222.17396041666666,106.66244745370369,371.1561168866124,206.12484368384375
2025-02-23,18,36,0.00036944444444444443,0.00036944444444444443,0.0022166666666666667,0.0022166666666666667
2025-02-24,0,144,213.03602731481482,213.03602731481482,343.3695834210114,343.3695834210114
2025-02-24,6,108,284.044700308642,197.69736080246918,396.4890415252668,322.21252881265104
2025-02-24,12,72,216.59216504629634,58.911721990740794,358.48849326042057,105.2384276276574
2025-02-24,18,36,0.013422222222222223,0.013422222222222223,0.07497662969219142,0.07497662969219142
2025-02-25,0,144,308.6138173611111,308.6138173611111,523.4506662972722,523.4506662972722
2025-02-25,6,108,411.47766296296294,277.38236388888896,604.4287619174653,476.603019213596
2025-02-25,12,72,224.2621909722222,58.28873194444447,385.34429538774754,103.7875145858026
2025-02-25,18,36,0.02265,0.02265,0.126510317980612,0.126510317980612
2025-02-26,0,144,148.52325092592588,148.52325092592588,272.24842863710944,272.24842863710944
2025-02-26,6,108,198.02041882716043,119.53252067901238,314.36539044958124,181.99174597293126
2025-02-26,12,72,209.384511111111,80.16665787037037,351.076493417095,144.02476285732877
2025-02-26,18,36,0.03963888888888888,0.03963888888888888,0.22142093271514426,0.22142093271514426
2025-02-27,0,144,97.06822638888896,97.06822638888896,172.7454097700467,172.7454097700467
2025-02-27,6,108,129.4112398148149,92.34527962962963,199.46917763369657,148.06244326624943
2025-02-27,12,72,92.77856875000003,52.341031944444495,156.533768465052,99.8342723661983
2025-02-27,18,36,0.04184722222222223,0.04184722222222223,0.23375279023884282,0.23375279023884282
2025-02-28,0,144,109.29922037037038,109.29922037037038,196.1518935610821,196.1518935610821
2025-02-28,6,108,145.71285308641976,152.6583283950617,226.4966190045663,224.62784469440692
2025-02-28,12,72,110.65240023148152,69.77847499999994,215.77725382923,130.65597839654225
2025-02-28,18,36,0.06475833333333333,0.06475833333333333,0.3617166129106535,0.3617166129106535
2025-03-01,0,144,264.71482083333336,264.71482083333336,494.10812759327723,494.10812759327723
2025-03-01,6,108,352.9303537037037,197.61795740740746,570.5468785306921,329.38381741881466
2025-03-01,12,72,371.33577430555556,58.27295393518518,642.7554667165108,111.36336881758322
2025-03-01,18,36,0.06596666666666667,0.06596666666666667,0.36846735344607606,0.36846735344607606
2025-03-02,0,144,135.61456875000002,135.61456875000002,231.9342231139726,231.9342231139726
2025-03-02,6,108,180.79254814814814,116.05552777777781,267.81444606598114,172.41791780421056
2025-03-02,12,72,156.37441805555557,70.63317592592593,264.66224874899405,115.83632748215261
2025-03-02,18,36,0.07425555555555556,0.07425555555555556,0.41477021483118953,0.41477021483118953
2025-03-03,0,144,236.24512361111113,236.24512361111113,430.7337881281624,430.7337881281624
2025-03-03,6,108,314.9642138888889,140.70339228395068,497.36845641236243,233.67617821184965
2025-03-03,12,72,285.5230652777778,43.48798587962964,489.67648296488954,89.6538539400615
2025-03-03,18,36,0.09475555555555555,0.09475555555555555,0.529098325770677,0.529098325770677
2025-03-04,0,144,150.980982175926,150.980982175926,282.2299544757046,282.2299544757046
2025-03-04,6,108,201.27229012345688,141.65951666666675,325.89089762099434,223.4567242197211
2025-03-04,12,72,172.18761805555565,77.00356874999997,300.61248215997847,138.798388927631
2025-03-04,18,36,0.09807222222222223,0.09807222222222223,0.5476133312434565,0.5476133312434565
2025-03-05,0,144,196.67493888888896,196.67493888888896,338.30399413149945,338.30399413149945
2025-03-05,6,108,262.1927722222223,113.2312947530864,390.6396079865291,171.84969653503435
2025-03-05,12,72,220.4183833333333,97.07537523148153,368.86525183565954,155.87386764220514
2025-03-05,18,36,0.12127500000000002,0.12127500000000002,0.6771647655646462,0.6771647655646462
2025-03-06,0,144,111.07612083333333,111.07612083333333,193.52418379980773,193.52418379980773
2025-03-06,6,108,148.0545398148148,111.9110925925926,223.46201780556174,171.91946447399457
2025-03-06,12,72,96.55533750000001,45.64647222222223,160.682382352851,93.55409262795548
2025-03-06,18,36,0.13316666666666666,0.13316666666666666,0.7435856675595623,0.7435856675595623
2025-03-07,0,144,197.5207902777778,197.5207902777778,359.71456521477444,359.71456521477444
2025-03-07,6,108,263.3205120370371,131.18005216049374,415.36241705587753,207.9156767840593
2025-03-07,12,72,290.48756412037045,79.58363240740742,467.50747751750794,137.28132136980707
2025-03-07,18,36,0.1244888888888889,0.1244888888888889,0.695127524271626,0.695127524271626
2025-03-08,0,144,122.93616134259264,122.93616134259264,218.5904525091653,218.5904525091653
2025-03-08,6,108,163.88144012345685,99.96786481481485,252.4063059786631,159.522927703758
2025-03-08,12,72,136.3838064814815,54.44558541666657,234.85130760567364,94.80557800153896
2025-03-08,18,36,0.11614999999999998,0.11614999999999998,0.6485574878143032,0.6485574878143032
2025-03-09,0,144,300.4480912037037,300.4480912037037,581.1082754351274,581.1082754351274
2025-03-09,6,108,400.57128086419755,180.4362864197532,671.0059907203009,283.93883807067954
2025-03-09,12,72,383.91405138888894,65.97453217592602,702.6707228055842,119.50131286624331
2025-03-09,18,36,0.09110555555555555,0.09110555555555555,0.5087131100466484,0.5087131100466484
2025-03-10,0,144,104.77737569444449,104.77737569444449,213.9621067031803,213.9621067031803
2025-03-10,6,108,139.69482129629637,134.83824814814812,247.0621466071207,203.7037327923589
2025-03-10,12,72,76.37270879629631,79.47660763888884,140.15317191415573,153.33505076464584
2025-03-10,18,36,0.047697222222222224,0.047697222222222224,0.26642118127756537,0.26642118127756537
2025-03-11,0,144,274.5235208333333,274.5235208333333,526.0590128046323,526.0590128046323
2025-03-11,6,108,366.0313138888888,151.7324759259259,607.4406253045682,237.59628565416568
2025-03-11,12,72,218.500067361111,98.39771111111104,448.1899004505848,174.388542143089
2025-03-11,18,36,0.00021666666666666666,0.00021666666666666666,0.0013,0.0013
2025-03-12,0,144,223.3084312499999,223.3084312499999,383.8158543681198,383.8158543681198
2025-03-12,6,108,297.73729444444433,203.52922129629636,443.19236808027773,310.6724789643103
2025-03-12,12,72,272.72600694444435,43.80648750000003,435.763056667378,79.86525490789681
2025-03-12,18,36,0.020877777777777776,0.020877777777777776,0.11661753489267573,0.11661753489267573
2025-03-13,0,144,158.8003108796296,158.8003108796296,293.12103181953984,293.12103181953984
2025-03-13,6,108,211.72268395061724,79.308699382716,338.4669963272065,118.81047675954058
2025-03-13,12,72,147.38981689814818,74.8052814814815,307.65516097913576,127.14979549596987
2025-03-13,18,36,0.03486111111111111,0.03486111111111111,0.19471958327582542,0.19471958327582542
2025-03-14,0,144,107.88077870370368,107.88077870370368,214.44554556297143,214.44554556297143
2025-03-14,6,108,143.82423086419752,201.55803333333347,247.62033352441748,304.95169068559954
2025-03-14,12,72,139.12756388888891,66.63047847222225,267.97236404709463,116.6679739197314
2025-03-14,18,36,0.06196666666666668,0.06196666666666668,0.34612634735502773,0.34612634735502773
2025-03-15,0,144,113.73623055555552,113.73623055555552,212.76136826148436,212.76136826148436
2025-03-15,6,108,151.62692870370367,282.10445895061736,245.6755794141606,465.19685809016613
2025-03-15,12,72,148.2898743055555,94.07083125000003,267.3709121792736,179.09099926115158
2025-03-15,18,36,0.07509722222222222,0.07509722222222222,0.41948204206033796,0.41948204206033796
2025-03-16,0,144,164.96632592592596,164.96632592592596,323.939440810694,323.939440810694
2025-03-16,6,108,219.9327179012346,206.1857398148149,374.0529840252648,333.13341201387595
2025-03-16,12,72,217.5914481481482,77.35581597222216,393.17251075768894,133.1925761678339
2025-03-16,18,36,0.081075,0.081075,0.45270151712923506,0.45270151712923506
2025-03-17,0,144,211.86117013888892,211.86117013888892,384.7930508382179,384.7930508382179
2025-03-17,6,108,282.44135555555556,225.53322500000007,444.3205728335221,339.2355412437935
2025-03-17,12,72,193.74355208333344,46.71010439814816,341.3439735664271,104.39232956623299
2025-03-17,18,36,0.12425277777777777,0.12425277777777777,0.6938070943473169,0.6938070943473169
2025-03-18,0,144,299.3080118055555,299.3080118055555,575.2896657858278,575.2896657858278
2025-03-18,6,108,399.033212962963,169.4456141975308,664.2871496608834,277.3477498870541
2025-03-18,12,72,245.14199861111106,58.32663055555557,491.37124309490184,95.69007216188658
2025-03-18,18,36,0.10664444444444444,0.10664444444444444,0.5954706359958762,0.5954706359958762
2025-03-19,0,144,203.61033379629635,203.61033379629635,361.0448557855934,361.0448557855934
2025-03-19,6,108,271.4313033950618,191.2111243827161,416.89841844801754,293.7922607606352
2025-03-19,12,72,188.40172800925927,119.67640208333329,350.0543139188376,209.53527810603313
2025-03-19,18,36,0.17351388888888888,0.17351388888888888,0.9688671413047302,0.9688671413047302
2025-03-20,0,144,283.61085717592584,283.61085717592584,481.017691554418,481.017691554418
2025-03-20,6,108,378.0953466049382,295.9941787037037,555.4311556509167,482.8584346312463
2025-03-20,12,72,334.64893518518505,78.56275601851854,552.0997160754257,158.49587455073026
2025-03-20,18,36,0.16690833333333333,0.16690833333333333,0.9319713987325767,0.9319713987325767
2025-03-21,0,144,328.61498356481485,328.61498356481485,584.5239615522596,584.5239615522596
2025-03-21,6,108,438.0918114197531,120.69208209876543,674.9498710240708,183.87669241172964
2025-03-21,12,72,433.1841944444444,55.27976643518521,725.2320211622005,109.53054516562563
2025-03-21,18,36,0.17950555555555556,0.17950555555555556,1.0023204286387994,1.0023204286387994
2025-03-22,0,144,134.5052236111111,134.5052236111111,264.96949994380054,264.96949994380054
2025-03-22,6,108,179.2675768518518,208.4951932098765,305.95961587914485,411.5017447447965
2025-03-22,12,72,204.47875185185183,86.53534976851853,356.944167710126,169.9436267847191
2025-03-22,18,36,0.21969166666666667,0.21969166666666667,1.2267159889314234,1.2267159889314234
2025-03-23,0,144,277.6258960648148,277.6258960648148,528.4787364903475,528.4787364903475
2025-03-23,6,108,369.934312345679,174.6722913580246,610.2334333348688,283.13173616198304
2025-03-23,12,72,368.1900087962963,83.27042152777776,679.5783552471094,163.0397899150092
2025-03-23,18,36,0.6086347222222223,0.7280791666666667,1.9974984335177497,2.319130599776443
2025-03-24,0,144,160.91371458333327,160.91371458333327,309.3657652861543,309.3657652861543
2025-03-24,6,108,213.8821416666666,123.38013425925931,357.2085511486058,197.99089042915344
2025-03-24,12,72,125.14498124999993,91.85285648148147,231.78969876431967,165.96004846673418
2025-03-24,18,36,2.1577125,1.841656944444444,6.415892802430245,5.48374020303433
2025-03-25,0,144,333.94100208333333,333.94100208333333,628.6486594784317,628.6486594784317
2025-03-25,6,108,444.1768439814815,192.8767141975308,725.8803569362524,304.2921961397876
2025-03-25,12,72,428.9997013888889,54.0399222222222,782.1468783739799,98.56904970938898
2025-03-25,18,36,3.208156944444444,2.9784277777777777,9.51486794915886,8.83401989636906
2025-03-26,0,144,225.95975694444442,225.95975694444442,431.05123252453365,431.05123252453365
2025-03-26,6,108,299.6854981481481,138.58611558641974,497.6721237468924,220.34915778022483
2025-03-26,12,72,338.89174444444444,99.08684027777778,582.4725590356633,173.84116759855667
2025-03-26,18,36,4.510068055555556,4.650956944444443,13.358252044705132,13.776187866042116
2025-03-27,0,144,162.10166805555556,162.10166805555556,278.32957262660295,278.32957262660295
2025-03-27,6,108,214.31595833333336,175.96682145061726,321.2622528812983,278.1686125399933
2025-03-27,12,72,170.8494418981482,73.60746504629623,302.8685829722175,139.07952496306794
2025-03-27,18,36,5.578074999999999,5.698915277777777,16.3735298910239,16.731557820467664
2025-03-28,0,144,252.5546694444444,252.5546694444444,464.2226542210265,464.2226542210265
2025-03-28,6,108,334.4935814814814,99.17119259259267,535.9261036001018,180.62727716344898
2025-03-28,12,72,140.2435969907407,50.41387847222224,252.0394263516225,92.92151278748511
2025-03-28,18,36,6.005491666666668,7.232220833333334,17.509656453027727,21.135661442142638
2025-03-29,0,144,169.6318178240741,169.6318178240741,298.7567982031619,298.7567982031619
2025-03-29,6,108,223.39188580246912,97.99884938271613,344.6979166781334,170.34074055405642
2025-03-29,12,72,118.55246666666669,61.22294699074079,202.669346460923,99.30790190219662
2025-03-29,18,36,9.34728611111111,8.549931944444443,27.250759551570297,24.896963877810204
2025-03-30,0,144,315.5322787037037,315.5322787037037,578.8807093767476,578.8807093767476
2025-03-30,6,108,417.1390266975309,92.7837202160493,668.2082239498687,156.79533162514272
2025-03-30,12,72,255.8834581018519,110.30917222222223,489.5155382282594,201.10296149240375
2025-03-30,18,36,10.074216666666667,9.641668055555556,29.327842088763653,28.052179205741606
2025-03-31,0,144,209.87032337962955,209.87032337962955,379.8920779769416,379.8920779769416
2025-03-31,6,108,275.80891265432086,193.2050223765433,438.209934576518,351.11003946124555
2025-03-31,12,72,234.95856342592595,85.89142638888889,432.7095258520882,137.87729359923392
2025-03-31,18,36,10.26291111111111,9.756723611111111,29.843993339996874,28.352885235480347
2025-04-01,0,144,278.4748159722222,278.4748159722222,530.7275416365499,530.7275416365499
2025-04-01,6,108,366.82687037037033,183.89130956790123,612.4272658809241,302.76304348624063
2025-04-01,12,72,215.61221597222217,70.41481967592588,438.6791228283529,121.96200639410229
2025-04-01,18,36,9.95427777777778,11.850965277777778,28.815028090072495,34.37509001902456
2025-04-02,0,144,142.88067893518524,142.88067893518524,277.10039347745436,277.10039347745436
2025-04-02,6,108,186.31565987654324,149.27471003086418,319.29692369034194,228.6232624288447
2025-04-02,12,72,99.42863611111108,85.72264583333337,164.7989159199961,140.6776528229221
2025-04-02,18,36,15.71059027777778,14.410701388888887,45.62497948135367,41.80331564549818
2025-04-03,0,144,296.3209986111112,296.3209986111112,468.81734670984594,468.81734670984594
2025-04-03,6,108,390.6587990740741,90.73516867283952,540.9100567379893,152.32493587659926
2025-04-03,12,72,341.0275201388889,67.37373472222215,511.8973309355883,108.50663224916137
2025-04-03,18,36,12.256886111111111,15.158761111111112,35.48023630586862,43.99103085667325
2025-04-04,0,144,101.24102939814816,101.24102939814816,196.10332079543363,196.10332079543363
2025-04-04,6,108,129.41305401234567,153.74544861111102,224.75605507147054,229.88777918598964
2025-04-04,12,72,67.285387037037,88.00976342592593,109.50018375575893,156.75671220294174
2025-04-04,18,36,17.137845833333337,18.252630555555555,49.644333115217535,52.91286050089283
2025-04-05,0,144,219.01975000000004,219.01975000000004,397.42666068145314,397.42666068145314
2025-04-05,6,108,285.15357500000005,159.1001907407406,457.68372853299076,247.74730627497485
2025-04-05,12,72,309.4808458333334,136.7003854166667,515.7557771413524,220.14483148101283
2025-04-05,18,36,17.859025000000003,17.58088611111111,51.76747583447182,50.9516683734503
2025-04-06,0,144,226.14790555555558,226.14790555555558,407.1661551985604,407.1661551985604
2025-04-06,6,108,294.86477500000007,123.5029609567902,468.99349310278626,196.73852443690237
2025-04-06,12,72,232.35856041666668,82.09903055555549,403.794995038998,138.71946282239483
2025-04-06,18,36,21.535590277777775,18.605187500000003,62.4971058077689,53.896764883555534
2025-04-07,0,144,255.58193055555552,255.58193055555552,425.27834622203886,425.27834622203886
2025-04-07,6,108,333.1101134259258,114.51755941358034,489.59634130418686,170.8038545343496
2025-04-07,12,72,326.6527319444443,64.75053472222218,513.9535068806972,108.90105134510083
2025-04-07,18,36,19.586188888888888,19.467466666666667,56.703134752368925,56.355560747799224
2025-04-08,0,144,272.70308333333327,272.70308333333327,485.1175196004977,485.1175196004977
2025-04-08,6,108,357.3926810185185,136.89790246913586,559.3541648453576,210.91099238390026
2025-04-08,12,72,380.0254270833332,88.64167430555561,622.4873376963724,155.45061346738822
2025-04-08,18,36,20.42704444444444,19.490648611111112,59.00488205906731,56.27994237081161
2025-04-09,0,144,190.92175208333325,190.92175208333325,329.75920003440984,329.75920003440984
2025-04-09,6,108,247.07822314814803,122.43724351851849,378.9623461063815,204.5758485311972
2025-04-09,12,72,173.08154236111102,99.24145393518519,288.3021009895931,198.36072419496816
2025-04-09,18,36,23.708313888888892,23.404529166666663,68.38708714837394,67.50894347022093
2025-04-10,0,144,173.72527430555556,173.72527430555556,287.64258580963167,287.64258580963167
2025-04-10,6,108,224.3189935185185,250.46410478395063,330.1560987203299,421.1963626855921
2025-04-10,12,72,211.87253703703703,95.9896875,329.91214144798016,156.55339759453787
2025-04-10,18,36,16.372625000000003,21.71717361111111,47.154287563059,62.37684013238218
2025-04-11,0,144,240.59889791666663,240.59889791666663,389.66637363323076,389.66637363323076
2025-04-11,6,108,312.3615069444444,128.4594345679012,448.0835362218643,194.82147493004373
2025-04-11,12,72,209.79381249999997,88.55729236111102,335.89782157305126,135.74683431973241
2025-04-11,18,36,29.094569444444446,26.073069444444446,83.3869315730472,74.7370310592283
2025-04-12,0,144,317.03614930555557,317.03614930555557,511.37112248337587,511.37112248337587
2025-04-12,6,108,413.5780944444445,99.65034367283948,588.8011991297723,146.36464983459098
2025-04-12,12,72,382.6549673611111,76.80608773148145,607.6517508412171,139.61095376580818
2025-04-12,18,36,20.455211111111105,22.094787500000002,58.435616917463676,63.09025723773474
2025-04-13,0,144,145.7671701388889,145.7671701388889,248.05928199924793,248.05928199924793
2025-04-13,6,108,187.15477916666666,142.35895555555564,284.3432025880435,212.25239555169918
2025-04-13,12,72,172.21327268518522,93.12683171296294,283.0333528631059,147.267908779857
2025-04-13,18,36,16.978773611111112,23.204731944444447,48.89362063290723,66.1100635601569
2025-04-14,0,144,277.3874953703704,277.3874953703704,466.7671014560259,466.7671014560259
2025-04-14,6,108,362.16763549382716,201.60497129629633,537.732063144237,314.35191122082864
2025-04-14,12,72,325.6129196759259,112.77937083333316,546.5318012635552,172.8724389434094
2025-04-14,18,36,20.571895833333336,28.781847222222225,59.50518940240328,82.00293376682563
2025-04-15,0,144,188.77559189814815,188.77559189814815,318.1076815240275,318.1076815240275
2025-04-15,6,108,242.66814891975307,157.59657129629625,364.6458552803015,247.65562226812676
2025-04-15,12,72,250.16099444444455,96.96883333333335,393.21752819586084,146.91453093696285
2025-04-15,18,36,39.25403472222222,29.53191666666667,111.6161651703791,84.20214391583704
2025-04-16,0,144,133.21590254629623,133.21590254629623,211.11875934362172,211.11875934362172
2025-04-16,6,108,168.63475385802462,203.09816759259263,239.9032137648665,304.3979765276898
2025-04-16,12,72,130.29635717592583,62.6984162037037,200.75489917409712,106.48354883532203
2025-04-16,18,36,34.232365277777774,26.88114305555556,96.99509217760118,76.41665059585029
2025-04-17,0,144,187.01829004629639,187.01829004629639,323.8005710566571,323.8005710566571
2025-04-17,6,108,239.55894876543223,139.76803132716057,370.83164890881244,223.4650688930211
2025-04-17,12,72,165.3057898148149,103.78634097222223,282.600402180553,159.99515791313132
2025-04-17,18,36,21.99644027777778,26.2532875,63.28175109053775,74.75627021336432
2025-04-18,0,144,187.7104650462963,187.7104650462963,340.3886158591211,340.3886158591211
2025-04-18,6,108,241.34512145061726,149.87979305555547,390.7287216897097,213.85039006506432
2025-04-18,12,72,238.84032152777783,119.69337870370357,416.99577968624385,185.77676610764465
2025-04-18,18,36,25.920616666666668,29.33076944444445,74.09279697469808,83.34204518045067
2025-04-19,0,144,334.06044652777774,334.06044652777774,536.1143322628819,536.1143322628819
2025-04-19,6,108,436.0603805555555,232.87678009259264,617.4285110190731,333.72808603619234
2025-04-19,12,72,285.1598131944444,79.20687800925917,424.95116695326203,137.0699772021274
2025-04-19,18,36,36.35837083333333,30.45508611111111,103.0499452800116,86.90467204635618
2025-04-20,0,144,221.12736319444446,221.12736319444446,409.0907736476521,409.0907736476521
2025-04-20,6,108,284.10021111111104,112.1396608024692,469.59993472420945,175.74327276901235
2025-04-20,12,72,256.47939305555553,101.61967314814818,457.6387013649051,174.95407323977753
2025-04-20,18,36,28.113095833333333,24.655866666666668,79.86646027964909,70.62907571650094
2025-04-21,0,144,334.21163958333324,334.21163958333324,598.3552975725966,598.3552975725966
2025-04-21,6,108,433.6559999999999,154.13327268518515,688.515088120847,222.49577459460505
2025-04-21,12,72,456.71496944444436,60.089920601851844,757.1085112071289,113.82271069535234
2025-04-21,18,36,24.02608888888889,31.998616666666674,71.93091968088994,91.88099171665246
2025-04-22,0,144,320.3520020833334,320.3520020833334,534.645694550181,534.645694550181
2025-04-22,6,108,418.3462625000001,143.9013469135803,615.9091091525072,210.70890162650323
2025-04-22,12,72,389.70550347222223,98.48882500000003,641.1953084798148,170.13582655789813
2025-04-22,18,36,38.84545833333333,28.921701388888884,109.8687209156524,83.21619083522206
2025-04-23,0,144,262.0467247685185,262.0467247685185,476.01783927172767,476.01783927172767
2025-04-23,6,108,337.75845663580253,154.1714174382716,546.7307784293178,243.2602388905465
2025-04-23,12,72,369.9241722222222,54.50130462962961,597.1721087962384,95.63432220155099
2025-04-23,18,36,31.40490694444445,31.048156944444447,90.16203526539772,89.23671536942527
2025-04-24,0,144,170.60352824074081,170.60352824074081,317.4209989830196,317.4209989830196
2025-04-24,6,108,217.46767283950632,175.5053327160493,363.1741122425037,287.06998315495696
2025-04-24,12,72,135.8226361111111,166.06527638888895,268.88415417422254,256.6640535937404
2025-04-24,18,36,32.72670416666667,32.331968055555556,93.7849857009622,92.76410903699913
2025-04-25,0,144,265.7171363425926,265.7171363425926,415.59723349852055,415.59723349852055
2025-04-25,6,108,341.99291234567903,191.79800725308647,476.36997833317304,279.2338633017798
2025-04-25,12,72,253.7824997685185,78.34155578703702,398.55224637692197,138.7633860622234
2025-04-25,18,36,26.843255555555555,33.93344305555556,79.27524604898919,96.91406977831178
2025-04-26,0,144,189.40946712962955,189.40946712962955,338.3844479079569,338.3844479079569
2025-04-26,6,108,240.6033436728394,207.6009148148149,386.5527112790857,317.4529180788538
2025-04-26,12,72,190.3773763888888,94.898356712963,336.21805434801166,175.2679807484741
2025-04-26,18,36,27.619833333333336,29.695388888888886,79.99398623464312,85.13489296491642
2025-04-27,0,144,192.5321872685185,192.5321872685185,306.39928347625386,306.39928347625386
2025-04-27,6,108,247.33717098765428,261.17235354938265,350.8631730614517,402.8748342247904
2025-04-27,12,72,159.48857638888893,101.23033379629621,240.072232385364,168.43462662264272
2025-04-27,18,36,44.12397638888889,27.16835833333334,123.17016425949687,77.16405881921864
2025-04-28,0,144,163.51362337962965,163.51362337962965,267.35221259756383,267.35221259756383
2025-04-28,6,108,209.33416172839512,224.995836419753,305.8482628979566,357.388425027891
2025-04-28,12,72,196.59844166666673,64.2594826388889,318.8305004883605,106.3471436503434
2025-04-28,18,36,34.32977361111111,29.036718055555564,96.37013723375627,82.758222255522
2025-04-29,0,144,200.79408287037035,200.79408287037035,373.83577408529135,373.83577408529135
2025-04-29,6,108,257.44721697530866,161.5240594135801,428.85284761243594,229.76062694588288
2025-04-29,12,72,286.7548569444444,67.87616851851853,491.4647611575564,117.13157195956155
2025-04-29,18,36,36.7540375,26.939579166666665,102.15901524789776,75.97400634335541
2025-04-30,0,144,213.7343708333334,213.7343708333334,376.31102080903554,376.31102080903554
2025-04-30,6,108,272.126725925926,171.59691851851844,430.53612028674166,286.2345712542931
2025-04-30,12,72,167.08282083333336,88.8976569444444,277.27476665594327,150.28664316811728
2025-04-30,18,36,21.516781944444446,29.66894166666667,65.32380584098568,84.16881772750426
2025-05-01,0,144,143.3925423611111,143.3925423611111,245.62238836036056,245.62238836036056
2025-05-01,6,108,181.5189509259259,178.25980848765425,279.6749880652514,271.3953488062279
2025-05-01,12,72,113.79517083333339,91.52695717592589,204.85948694728026,153.97732130459767
2025-05-01,18,36,25.742618055555557,28.11836111111112,73.32520172240855,79.20356246962633
2025-05-02,0,144,178.15417037037034,178.15417037037034,299.41040927449336,299.41040927449336
2025-05-02,6,108,229.9399845679012,195.14835864197528,343.7150610576913,297.6384947918264
2025-05-02,12,72,179.03934837962962,60.60023032407402,323.17262368537496,110.27054432803665
2025-05-02,18,36,12.647025000000001,21.203769444444447,36.655852628449544,59.88323710913273
2025-05-03,0,144,150.17928657407404,150.17928657407404,287.1867582233732,287.1867582233732
2025-05-03,6,108,191.874349228395,145.9535236111111,329.3189967646062,229.76266987339196
2025-05-03,12,72,202.54280694444446,101.65925069444444,380.0404317235881,166.46440942342406
2025-05-03,18,36,24.866970833333333,25.520297222222226,71.31390796198146,72.837352647394
2025-05-04,0,144,144.19890902777777,144.19890902777777,249.5923142522771,249.5923142522771
2025-05-04,6,108,182.13312777777776,262.0953125000001,284.0020057449288,424.4597795757142
2025-05-04,12,72,177.0322638888889,90.79898750000001,302.3663141251418,137.0338350885603
2025-05-04,18,36,20.10746250000001,23.744608333333336,61.7237720270448,69.29765854980039
2025-05-05,0,144,224.74175949074078,224.74175949074078,357.59060062966046,357.59060062966046
2025-05-05,6,108,292.3637436728396,127.23617237654324,411.37108170529217,194.65866207580902
2025-05-05,12,72,266.8401581018519,83.09938495370372,403.6831011404828,136.78811779080536
2025-05-05,18,36,16.58058564814815,25.691055555555554,48.39230426548231,72.72339753156781
2025-05-06,0,144,245.99211874999997,245.99211874999997,402.60031908335526,402.60031908335526
2025-05-06,6,108,316.6580912037037,196.23543904320982,461.96158424897914,289.7981913304105
2025-05-06,12,72,166.36619861111112,66.29467222222216,256.6781803150197,101.56672791070952
2025-05-06,18,36,28.113579166666657,27.459336111111107,78.38950115146547,76.77393850415828
2025-05-07,0,144,226.18114027777776,226.18114027777776,399.66599324362414,399.66599324362414
2025-05-07,6,108,294.3026990740741,95.34070061728396,460.1291798684086,140.4136164514397
2025-05-07,12,72,187.46990902777773,88.85103009259258,324.89994360899965,157.1001276226298
2025-05-07,18,36,20.52367361111111,23.82128472222222,58.78968895498392,66.61821290844935
2025-05-08,0,144,122.79724791666665,122.79724791666665,197.64226199143368,197.64226199143368
2025-05-08,6,108,155.88425416666664,171.28998240740736,225.0271343758978,257.3591229476297
2025-05-08,12,72,124.76402638888891,67.00672384259252,185.79377769238278,108.98921513625864
2025-05-08,18,36,43.1019625,28.387837500000003,117.87510910686684,79.51466897825058
2025-05-09,0,144,302.81603981481476,302.81603981481476,561.5135808137286,561.5135808137286
2025-05-09,6,108,395.46824984567894,162.4151447530863,647.2112657490171,273.5810382508071
2025-05-09,12,72,427.1387277777777,81.60950324074071,711.2392091471803,146.0718917213722
2025-05-09,18,36,38.10546944444445,23.136059722222225,103.78512173083615,65.59386571491939
2025-05-10,0,144,143.7296743055556,143.7296743055556,235.58516699573482,235.58516699573482
2025-05-10,6,108,182.94051388888894,138.19478873456788,268.9720470830913,208.87961532608216
2025-05-10,12,72,178.13200532407416,75.73781388888887,279.3284663758576,128.3009820599408
2025-05-10,18,36,23.84215694444444,23.823511111111117,67.03113069645894,66.98788021487339
2025-05-11,0,144,93.08583726851852,93.08583726851852,157.0690998966946,157.0690998966946
2025-05-11,6,108,113.93544135802468,176.49980725308637,175.01770044723565,270.0583165230468
2025-05-11,12,72,102.99927407407408,54.448360416666674,155.33751504783265,93.93040414847194
2025-05-11,18,36,33.78825138888889,22.719424999999994,92.48390888335987,66.81274323412953
2025-05-12,0,144,220.82777824074068,220.82777824074068,355.8800042084799,355.8800042084799
2025-05-12,6,108,286.66925895061723,180.64207623456787,409.21268244274427,301.06774854058415
2025-05-12,12,72,303.71834444444437,79.13936388888887,430.7820331377364,137.5202008182372
2025-05-12,18,36,36.371647222222215,24.189709722222226,99.0998568067737,68.95023289715876
2025-05-13,0,144,257.7701275462963,257.7701275462963,434.9407597512402,434.9407597512402
2025-05-13,6,108,335.4041867283951,120.67072345679018,500.5542138167804,191.2307309253137
2025-05-13,12,72,164.15943541666664,95.32034120370366,244.14963199355125,179.92423832601105
2025-05-13,18,36,38.66511388888889,30.253655555555554,105.84272915848227,84.98124169600605
2025-05-14,0,144,226.68229629629633,226.68229629629633,380.9795968853055,380.9795968853055
2025-05-14,6,108,296.17893472222227,289.63117391975317,438.9813401925901,437.08769294588967
2025-05-14,12,72,252.86358587962968,93.86533657407404,408.13070061076655,159.3505275160944
2025-05-14,18,36,14.746330092592594,23.72147222222223,44.55267694756647,67.06163004286928
2025-05-15,0,144,214.406611574074,214.406611574074,354.0156438610338,354.0156438610338
2025-05-15,6,108,278.7425533950616,297.7315689814814,407.3147490320755,459.4263908868937
2025-05-15,12,72,218.0660564814814,65.58239143518514,344.37243774625904,114.94858980401462
2025-05-15,18,36,13.569173611111111,16.923376388888883,39.37399137131264,50.589362320830475
2025-05-16,0,144,145.6641361111111,145.6641361111111,230.80896106431007,230.80896106431007
2025-05-16,6,108,184.90122222222217,94.14638040123461,262.8630690761034,142.06545702892438
2025-05-16,12,72,178.90965694444446,76.7217743055556,273.91715262675336,142.94581294805752
2025-05-16,18,36,16.259188888888886,23.918437499999982,47.287067507202,68.19347914519828
2025-05-17,0,144,150.87591111111112,150.87591111111112,267.3780720811543,267.3780720811543
2025-05-17,6,108,192.09642546296297,193.5354646604939,305.87150964075727,293.60780329412734
2025-05-17,12,72,210.9958969907407,114.30082384259254,342.3329909431764,189.87719476293742
2025-05-17,18,36,30.345729166666672,22.861256944444442,82.03879807878315,62.77577392334949
2025-05-18,0,144,180.69186597222222,180.69186597222222,298.36697855930817,298.36697855930817
2025-05-18,6,108,233.1072268518518,153.2596813271606,342.5025029506357,236.97073687820398
2025-05-18,12,72,176.80690138888883,63.45144212962969,304.05373972982943,101.53473353042774
2025-05-18,18,36,20.29845555555555,19.37377499999999,55.60155149978024,53.37554020091192
2025-05-19,0,144,192.7523993055556,192.7523993055556,367.97543708931835,367.97543708931835
2025-05-19,6,108,250.1321861111112,166.90022716049384,423.7222629081756,273.23796036822336
2025-05-19,12,72,129.75736944444458,130.56041342592593,242.54943486985263,215.36137610759835
2025-05-19,18,36,24.721070833333325,24.122188888888896,68.5366756525283,67.10182411760506
2025-05-20,0,144,228.77513310185188,228.77513310185188,432.5121334008926,432.5121334008926
2025-05-20,6,108,298.8619978395062,121.44166620370372,498.51182674037096,192.827625762853
2025-05-20,12,72,343.65089328703704,88.85184236111111,577.0056514062977,162.24090530543987
2025-05-20,18,36,17.26032638888888,22.499333333333333,52.86152181866626,63.84828200438216
2025-05-21,0,144,230.81438333333335,230.81438333333335,380.2703779229018,380.2703779229018
2025-05-21,6,108,301.3583652777778,172.0019202160494,438.0249598455862,250.6930928027286
2025-05-21,12,72,224.0257229166667,59.09729861111114,376.89115307159676,97.68314764019989
2025-05-21,18,36,20.442456944444448,18.135776388888885,56.420552005481156,51.002223154218555
2025-05-22,0,144,250.94431666666657,250.94431666666657,436.6562791902359,436.6562791902359
2025-05-22,6,108,328.1448249999999,155.40135740740737,503.30290079781037,247.65561702384247
2025-05-22,12,72,222.13818611111103,86.66974699074069,409.50068560242045,142.1594465305586
2025-05-22,18,36,13.951795833333335,17.282240277777788,41.457452275784426,48.49908416697669
2025-05-23,0,144,185.56171597222226,185.56171597222226,293.1306498696066,293.1306498696066
2025-05-23,6,108,240.73764212962968,195.78444490740736,337.0580288495077,287.03986478543146
2025-05-23,12,72,166.59396875000007,211.81080624999998,265.88637360297304,335.76677801928514
2025-05-23,18,36,23.721494444444446,23.429827777777778,65.42034710250492,64.70503467454789
2025-05-24,0,144,152.223619212963,152.223619212963,249.59106965282302,249.59106965282302
2025-05-24,6,108,196.11272145061736,97.98580385802472,286.59252510430855,154.30113644946564
2025-05-24,12,72,183.7547472222222,122.95689583333336,300.74356366877373,207.87806678904587
2025-05-24,18,36,12.402929166666667,21.645711111111112,36.279202989757074,60.05480326312607
2025-05-25,0,144,189.7731356481482,189.7731356481482,334.9328686287633,334.9328686287633
2025-05-25,6,108,247.6396979938272,223.02821635802468,385.92386100574475,391.4686552785446
2025-05-25,12,72,172.21993657407413,110.40404861111111,287.93677502862886,194.38587836306078
2025-05-25,18,36,21.464494444444444,17.183244444444437,59.398916489257424,49.741723696990796
2025-05-26,0,144,290.75007083333327,290.75007083333327,513.3660859519945,513.3660859519945
2025-05-26,6,108,379.82744490740737,176.15140108024693,591.7420165274808,266.30706246800906
2025-05-26,12,72,271.7856972222222,82.40936643518518,535.5450148470264,146.24863320300037
2025-05-26,18,36,11.74680416666666,13.64642222222222,34.36100835952423,38.363403276031754
2025-05-27,0,144,186.58176041666655,186.58176041666655,338.97151866846804,338.97151866846804
2025-05-27,6,108,243.0513180555554,320.9849785493828,390.46635099017055,503.5395646800109
2025-05-27,12,72,115.30575972222216,90.88838726851857,208.04981441080827,163.52884770768546
2025-05-27,18,36,14.926502777777777,14.069731944444452,44.31343798985623,42.695280686055256
2025-05-28,0,144,125.68495138888885,125.68495138888885,203.43390088373758,203.43390088373758
2025-05-28,6,108,163.84087870370362,153.06279969135792,234.2890148473513,236.86065441843385
2025-05-28,12,72,113.13662685185184,88.07595972222221,187.3905001979807,165.13547981165885
2025-05-28,18,36,13.496287499999996,14.537377777777778,36.849393228832255,39.41339329856314
2025-05-29,0,144,168.50266851851848,168.50266851851848,281.69606923680965,281.69606923680965
2025-05-29,6,108,216.34914367283946,263.73630694444444,323.02830650423044,418.09173926322313
2025-05-29,12,72,187.23481481481477,80.4165763888889,318.3053937784768,125.5332057922841
2025-05-29,18,36,9.407260185185187,13.869134722222228,27.120340429682713,38.96062893727445
2025-05-30,0,144,234.97160393518521,234.97160393518521,445.7690299590118,445.7690299590118
2025-05-30,6,108,307.35928024691356,170.37396990740746,514.0588663809237,279.98010217255757
2025-05-30,12,72,246.34839513888897,88.4972611111111,414.82102472434707,164.70199579320138
2025-05-30,18,36,12.013020833333332,10.693506944444444,32.20817228058136,28.704217032837942
2025-05-31,0,144,279.0489800925927,279.0489800925927,468.5748341268572,468.5748341268572
2025-05-31,6,108,367.33455570987667,165.13717021604936,540.6158632753178,300.49346870910546
2025-05-31,12,72,396.07433796296306,102.25808750000003,614.1895629104803,196.9063954290528
2025-05-31,18,36,9.363872222222222,14.834818055555555,26.881924174721824,41.674996188174696
2025-06-01,0,144,253.8052868055555,253.8052868055555,435.249193047382,435.249193047382
2025-06-01,6,108,329.5958361111111,162.74026867283953,501.14189146052286,261.40088632823915
2025-06-01,12,72,356.1494652777778,126.46807800925922,566.3053047389246,216.9607764358967
2025-06-01,18,36,9.326158333333332,10.787606944444441,27.036073766332073,32.31969069920306
2025-06-02,0,144,343.13940023148155,343.13940023148155,635.718560033807,635.718560033807
2025-06-02,6,108,454.0625748456791,147.09576666666666,733.862014573793,247.22004342375354
2025-06-02,12,72,349.9554752314814,109.25077939814813,637.1976568346842,194.37455714462973
2025-06-02,18,36,13.144677777777774,13.525990277777785,35.81945959290532,36.78156228350677
2025-06-03,0,144,136.98579884259257,136.98579884259257,219.51343320373041,219.51343320373041
2025-06-03,6,108,178.52044830246916,308.4294445987655,252.65857194709642,436.8948059799362
2025-06-03,12,72,116.71186759259255,75.95659629629627,186.21618580895796,139.55861811973543
2025-06-03,18,36,24.125229166666674,14.819229166666661,65.92737788587438,40.43019525833228
2025-06-04,0,144,468.38607708333336,468.38607708333336,753.3271808404679,753.3271808404679
2025-06-04,6,108,620.0816898148149,252.93477098765445,869.629075339731,429.4597582483523
2025-06-04,12,72,463.1038277777777,94.37219374999995,756.2570710526355,174.56426746599172
2025-06-04,18,36,8.277890277777793,9.31861944444446,23.7493500248355,25.98198241211807
2025-06-05,0,144,150.31489837962968,150.31489837962968,261.1535138311852,261.1535138311852
2025-06-05,6,108,196.6339733024692,119.5471938271605,301.1016076414004,179.36000128655058
2025-06-05,12,72,204.792520138889,76.50336064814817,316.9543852134368,129.86169656979052
2025-06-05,18,36,23.266113888888885,15.091634722222206,63.49426135881405,41.975179519167234
2025-06-06,0,144,98.19710300925924,98.19710300925924,168.143348176985,168.143348176985
2025-06-06,6,108,127.78946697530861,175.4482825617283,193.62756799607388,279.04183310069703
2025-06-06,12,72,105.20515856481478,86.89394259259261,171.82554342030195,138.62516459373649
2025-06-06,18,36,5.648959722222216,9.912022222222216,16.449422711313787,27.611867776123187
2025-06-07,0,144,255.66032592592592,255.66032592592592,412.6208523493769,412.6208523493769
2025-06-07,6,108,337.9129526234569,145.83349537037037,476.2572677890256,212.24257281764406
2025-06-07,12,72,229.31228657407408,76.75398796296298,359.6509478214018,125.62503357938928
2025-06-07,18,36,18.43649166666666,13.733179166666666,50.20045117244409,37.191377315678324
2025-06-08,0,144,296.71304189814816,296.71304189814816,527.5955365005984,527.5955365005984
2025-06-08,6,108,391.7799970679012,136.06919876543205,608.9601806438417,219.1658812581171
2025-06-08,12,72,207.3658865740741,89.94422500000007,363.22018847037117,156.39403189294242
2025-06-08,18,36,12.808419444444441,14.183988888888882,37.04671466461401,40.20091557202258
2025-06-09,0,144,228.0415583333334,228.0415583333334,369.9167340761497,369.9167340761497
2025-06-09,6,108,300.6040583333334,94.29933395061724,426.8571699667175,146.62774720721163
2025-06-09,12,72,203.6364543981482,90.73401875,324.43938725949147,165.5672819374744
2025-06-09,18,36,11.350751851851856,9.705438888888885,37.975294630434036,26.377634134601387
2025-06-10,0,144,133.8361238425926,133.8361238425926,227.4245157286965,227.4245157286965
2025-06-10,6,108,173.02568919753085,182.7963586419753,261.490609420238,299.31321890831885
2025-06-10,12,72,125.17899537037039,69.68897731481476,206.66763674463758,131.36249659497997
2025-06-10,18,36,13.796130555555557,7.774102777777775,37.308006210846344,20.81812432892843
2025-06-11,0,144,212.3533118055555,212.3533118055555,364.76270453845234,364.76270453845234
2025-06-11,6,108,281.18494722222215,207.85024490740736,421.0979803824944,301.8366304408616
2025-06-11,12,72,192.5519363425926,66.03419837962969,310.8053604482734,116.32838210619069
2025-06-11,18,36,5.615648611111111,8.067836111111115,16.74691006830107,22.52144762145262
2025-06-12,0,144,118.92591712962962,118.92591712962962,212.4018512172205,212.4018512172205
2025-06-12,6,108,156.12540432098766,122.20847885802468,245.01654401597295,203.18440773032174
2025-06-12,12,72,118.64578171296297,77.27801898148148,205.83010500511529,131.7928669387451
2025-06-12,18,36,2.442481018518511,6.11020555555555,7.649138732829082,16.578300341493915
2025-06-13,0,144,109.14379166666667,109.14379166666667,211.76578427791537,211.76578427791537
2025-06-13,6,108,140.36496219135802,186.34739135802462,243.43390351871426,289.72910137421985
2025-06-13,12,72,126.9673856481482,82.89343055555561,253.77735974276808,159.21815160875767
2025-06-13,18,36,8.672125925925933,4.622680555555553,22.99097697668254,12.816018394891378
2025-06-14,0,144,181.4894712962964,181.4894712962964,351.7054021547511,351.7054021547511
2025-06-14,6,108,237.74831280864205,124.04330123456786,405.7231106201353,210.54927762300966
2025-06-14,12,72,152.5485428240742,127.98475972222224,282.8753767644939,199.2812104893614
2025-06-14,18,36,6.7846759259259235,2.2459726851851847,20.9130372077628,6.746912153169403
2025-06-15,0,144,278.76650462962965,278.76650462962965,479.6412535494145,479.6412535494145
2025-06-15,6,108,369.6324092592593,102.00247654320985,553.7573741845293,172.10946410335964
2025-06-15,12,72,273.69631180555564,100.8218581018518,461.03043524103975,191.58313750379978
2025-06-15,18,36,10.937562037037036,6.5237374999999975,38.19681190068036,19.01784006551298
2025-06-16,0,144,170.33672407407408,170.33672407407408,296.6393584197487,296.6393584197487
2025-06-16,6,108,224.10774351851853,151.95570277777776,342.27757832896253,245.78717562666867
2025-06-16,12,72,121.48717013888891,121.37135231481479,202.59664915259808,196.64234928918194
2025-06-16,18,36,14.372263888888893,7.077955555555548,38.63939355730613,18.51598399969369
2025-06-17,0,144,145.2797509259259,145.2797509259259,277.3854620060842,277.3854620060842
2025-06-17,6,108,189.5823641975308,162.59073024691358,319.7573413482762,246.37127263424486
2025-06-17,12,72,69.50222754629628,90.84948587962958,126.98229371061852,165.15028539133635
2025-06-17,18,36,2.9936601851851874,5.149249999999997,7.78117238449565,13.461397713553703
2025-06-18,0,144,150.6176953703704,150.6176953703704,287.5529384995634,287.5529384995634
2025-06-18,6,108,197.48916095679016,352.0534606481481,331.75606318660743,529.4862851332599
2025-06-18,12,72,187.52874004629632,56.2291969907407,366.22287100637175,105.03335254363253
2025-06-18,18,36,7.565831944444446,9.148956944444441,20.550462731359275,25.996754425828694
2025-06-19,0,144,233.0847039351852,233.0847039351852,381.5710877975942,381.5710877975942
2025-06-19,6,108,308.81329182098773,136.39300478395057,440.5168486253919,210.6012514528656
2025-06-19,12,72,217.61056874999997,159.2161518518518,360.65439760474874,271.9102638224067
2025-06-19,18,36,22.971002777777795,7.578265277777782,62.59142067818363,19.954224245792705
2025-06-20,0,144,126.33412060185186,126.33412060185186,228.90439914049225,228.90439914049225
2025-06-20,6,108,166.27497330246916,134.67987037037034,264.12945741126595,218.51227066405798
2025-06-20,12,72,137.03015000000005,70.55250624999994,249.33815534517618,115.11161430198281
2025-06-20,18,36,7.649511111111114,10.476244444444458,26.22010154968634,29.393342121331973
2025-06-21,0,144,99.69349583333334,99.69349583333334,174.01751626943027,174.01751626943027
2025-06-21,6,108,131.5175675925926,143.95056975308648,200.85599571315842,253.91395013415857
2025-06-21,12,72,115.06415532407414,153.12588819444443,192.44781614139862,257.781070624172
2025-06-21,18,36,5.993079166666672,6.437877777777767,16.355030916620255,19.434776123056647
2025-06-22,0,144,204.20550624999998,204.20550624999998,357.7918103049241,357.7918103049241
2025-06-22,6,108,266.95153981481485,143.89425154320992,412.5041912231999,228.04236599463016
2025-06-22,12,72,244.14076875,81.40500972222223,386.5148570506608,140.45779680488755
2025-06-22,18,36,20.875615277777765,6.199980555555554,56.40437500700366,17.888628620124845
2025-06-23,0,144,176.58796412037037,176.58796412037037,291.0772558915677,291.0772558915677
2025-06-23,6,108,233.05318549382716,132.63189336419762,335.85616089068947,199.5430867130985
2025-06-23,12,72,183.41899490740732,81.4815659722222,315.6696231683719,147.41227629292186
2025-06-23,18,36,4.9780625,8.054495833333338,16.63703832796744,21.281449874890875
2025-06-24,0,144,169.24432384259262,169.24432384259262,282.30635329264817,282.30635329264817
2025-06-24,6,108,221.07187993827162,179.34064660493823,325.35626959927265,299.2651607810237
2025-06-24,12,72,227.6784525462964,125.18538819444441,360.94020643923545,203.3217718979832
2025-06-24,18,36,4.6827689814814875,16.573398611111106,17.01659587913213,45.454155835305855
2025-06-25,0,144,227.46844513888882,227.46844513888882,381.7193083650316,381.7193083650316
2025-06-25,6,108,300.0898304012345,146.51475077160492,440.5385365575512,220.901247789888
2025-06-25,12,72,280.3096993055554,98.02090833333338,454.4126543289316,171.4957773404853
2025-06-25,18,36,15.318798611111118,10.539780555555545,40.86913355826153,28.075025020465834
2025-06-26,0,144,245.35378472222217,245.35378472222217,426.4899160092412,426.4899160092412
2025-06-26,6,108,324.2455891975308,184.80995679012346,492.24550845838667,330.61227203728424
2025-06-26,12,72,316.65748935185184,58.675979861111145,532.534671092284,105.44294126803184
2025-06-26,18,36,6.900872222222221,12.135429629629625,23.593276389601147,33.01230724873001
2025-06-27,0,144,255.06878495370367,255.06878495370367,410.4228191357207,410.4228191357207
2025-06-27,6,108,337.1291524691358,151.296538580247,473.6711676048077,231.97881536029905
2025-06-27,12,72,248.57599467592595,108.85933796296291,402.979597390825,180.2226039296449
2025-06-27,18,36,4.121007407407397,5.022499537037031,11.8388546678138,14.109121013648213
2025-06-28,0,144,102.39149953703706,102.39149953703706,161.9627484483613,161.9627484483613
2025-06-28,6,108,131.9737891975309,152.03075185185185,186.03754318104163,243.4521665358378
2025-06-28,12,72,100.6870997685185,64.40247083333333,158.48051293867758,113.73974409441992
2025-06-28,18,36,12.719432870370376,5.1339157407407425,41.24338567826899,13.958215513669145
2025-06-29,0,144,334.00228124999995,334.00228124999995,564.3704426580111,564.3704426580111
2025-06-29,6,108,442.80593719135794,156.89535925925918,651.5445568698112,259.06759420195993
2025-06-29,12,72,485.53586273148136,64.93251550925925,740.1682864644887,126.05999366299639
2025-06-29,18,36,21.901796296296308,2.543928703703708,61.20893842252172,9.135108660149976
2025-06-30,0,144,135.31227870370373,135.31227870370373,256.4046742588052,256.4046742588052
2025-06-30,6,108,178.37774706790125,203.76454259259265,295.9229388489875,309.7308204340591
2025-06-30,12,72,129.43545046296293,72.69230115740736,229.1573530999304,117.1270490224659
2025-06-30,18,36,15.064278703703707,9.367393981481474,41.140695090989894,25.05067899398009
2025-07-01,0,144,217.70576458333335,217.70576458333335,403.4896595904168,403.4896595904168
2025-07-01,6,108,285.3248208333334,170.128062962963,465.43722609035865,276.8260506503715
2025-07-01,12,72,247.74336828703701,75.39535115740733,456.61518980026,146.15287740677718
2025-07-01,18,36,11.145042129629623,10.090438888888887,30.685759744200364,28.23189430928598
2025-07-02,0,144,137.1269270833333,137.1269270833333,249.28853200766642,249.28853200766642
2025-07-02,6,108,179.27820787037032,88.09680478395069,287.39629555506326,133.55272342552595
2025-07-02,12,72,161.66692222222218,71.16749398148151,295.3442287742584,124.37717750988264
2025-07-02,18,36,6.850058333333335,6.628441666666664,21.445420763216312,18.294255461824616
2025-07-03,0,144,133.2328608796296,133.2328608796296,239.90544541606226,239.90544541606226
2025-07-03,6,108,173.65789475308642,174.7608685185185,276.41185767030834,258.30129009526115
2025-07-03,12,72,130.64988935185178,76.92008125,257.04671748593086,141.77479992683334
2025-07-03,18,36,5.901711111111109,5.853259722222231,19.51053486944399,17.16504751424592
2025-07-04,0,144,198.16287430555556,198.16287430555556,378.19444430229936,378.19444430229936
2025-07-04,6,108,260.0712111111111,250.39398287037037,436.27095203235774,414.85919613808414
2025-07-04,12,72,281.21794305555557,97.55828263888884,500.58568273004374,202.51655186952829
2025-07-04,18,36,10.456827777777782,15.221452777777777,28.539302853764486,40.74493456870505
2025-07-05,0,144,203.68962361111107,203.68962361111107,368.99600225778835,368.99600225778835
2025-07-05,6,108,270.34423240740733,135.56443858024687,426.0420916142685,215.89212849116282
2025-07-05,12,72,276.1099780092592,118.27816828703706,454.74006626883306,193.3767357951353
2025-07-05,18,36,4.877293981481483,9.942233333333341,14.404891146327829,26.628239281582694
2025-07-06,0,144,259.78978078703705,259.78978078703705,433.4524690728067,433.4524690728067
2025-07-06,6,108,344.46234861111117,156.31331712962964,500.4143835824616,257.0585683327392
2025-07-06,12,72,182.3768152777779,62.760786805555554,281.651874078929,100.66027351900108
2025-07-06,18,36,24.567150000000005,8.45256666666667,68.65116602102741,22.47160109491287
2025-07-07,0,144,128.77283402777778,128.77283402777778,237.73397078495358,237.73397078495358
2025-07-07,6,108,167.71045277777773,138.58221635802477,273.9337967670082,200.24124036585232
2025-07-07,12,72,161.79045810185184,132.9167986111112,288.2617641155387,210.62919974728771
2025-07-07,18,36,9.290241666666667,11.826145833333335,27.307726982717238,34.13444881556506
2025-07-08,0,144,201.0178981481482,201.0178981481482,386.94474548183314,386.94474548183314
2025-07-08,6,108,262.6648637345679,141.63739058641974,446.12108814024174,225.01633055989848
2025-07-08,12,72,252.44131851851859,79.57637546296301,465.83011162681953,152.44947627807466
2025-07-08,18,36,13.677216666666668,2.8728458333333355,39.721221102562325,9.034535906111593
2025-07-09,0,144,204.73909074074078,204.73909074074078,346.49392791226916,346.49392791226916
2025-07-09,6,108,268.85763163580253,200.2651314814815,399.68572798260544,310.11744096498353
2025-07-09,12,72,226.31364745370377,67.82390925925921,383.7487977984005,125.07718728191314
2025-07-09,18,36,22.363666666666667,11.30227777777777,60.54518545380532,31.48506961986548
2025-07-10,0,144,117.14410717592591,117.14410717592591,205.45782167391556,205.45782167391556
2025-07-10,6,108,150.63928966049377,162.95188117283936,235.96667713514054,271.4647953170632
2025-07-10,12,72,81.1400761574074,76.3278541666667,123.31216039622078,128.7584550825323
2025-07-10,18,36,20.41240000000001,9.901094444444446,54.830693951540816,27.8522289169706
2025-07-11,0,144,130.782461574074,130.782461574074,228.1555370778377,228.1555370778377
2025-07-11,6,108,171.12635447530855,125.6621421296296,263.0085219344531,215.03803224025597
2025-07-11,12,72,160.38241296296292,77.4201736111112,254.713966267271,131.82601876221182
2025-07-11,18,36,7.194015277777778,10.569123611111102,21.180293118225325,29.358644438855674
2025-07-12,0,144,292.332055324074,292.332055324074,502.14128710042644,502.14128710042644
2025-07-12,6,108,386.92912083333334,118.40710370370373,579.6565987843353,180.24149428223285
2025-07-12,12,72,296.8470916666666,126.16329675925918,472.77163855218464,211.13032797549008
2025-07-12,18,36,16.834423611111113,15.792986111111109,45.44837704610202,42.65935041873716
2025-07-13,0,144,287.8228511574074,287.8228511574074,507.4379531050668,507.4379531050668
2025-07-13,6,108,380.7684472222222,96.96439583333338,585.7652688621386,145.5754518669643
2025-07-13,12,72,449.88131527777773,106.68904907407412,687.0563912501876,174.15025213472597
2025-07-13,18,36,11.664381944444449,16.35686805555557,41.30641777360232,44.72990145141776
2025-07-14,0,144,161.04520000000002,161.04520000000002,278.81910007127124,278.81910007127124
2025-07-14,6,108,208.81938796296302,136.58385848765434,320.7581392606671,201.62361053396535
2025-07-14,12,72,151.0915368055556,82.2867604166667,261.4889628785429,146.73917863648214
2025-07-14,18,36,24.999855555555555,12.689626388888895,67.99279268938895,34.247997953164095
2025-07-15,0,144,145.43489675925923,145.43489675925923,256.62724939838574,256.62724939838574
2025-07-15,6,108,188.63703317901232,185.09928163580244,295.3307264073863,306.7168350223766
2025-07-15,12,72,106.92803726851851,138.09468819444442,167.67852590667565,213.0136911249721
2025-07-15,18,36,24.5370375,17.690086111111107,67.22735498685535,49.8816835300154
2025-07-16,0,144,261.5348025462962,261.5348025462962,433.0671413129806,433.0671413129806
2025-07-16,6,108,344.6339320987653,172.65775925925934,499.7215855258693,296.6732711607275
2025-07-16,12,72,294.6579523148147,79.70538611111117,496.33401845614486,143.61632304852978
2025-07-16,18,36,15.848769444444448,17.995002777777778,56.342421489711384,50.12290901592416
2025-07-17,0,144,190.38942037037043,190.38942037037043,331.66458681041337,331.66458681041337
2025-07-17,6,108,247.5142720679013,129.23734598765432,381.924084568628,201.7492184253871
2025-07-17,12,72,280.5969173611112,64.90608101851846,435.76236795228255,112.43946058803239
2025-07-17,18,36,20.725644444444438,11.78974861111111,55.67574672277766,32.97273038422875
2025-07-18,0,144,279.98040694444455,279.98040694444455,506.74555320012826,506.74555320012826
2025-07-18,6,108,368.7089240740742,157.52238055555554,584.7230671665602,234.36681146777946
2025-07-18,12,72,426.27793472222226,146.23339652777773,681.2967985941206,227.00260365537432
2025-07-18,18,36,13.444329166666675,10.286113888888885,37.58295115650797,31.07437287674613
2025-07-19,0,144,367.52196689814815,367.52196689814815,681.7574866347113,681.7574866347113
2025-07-19,6,108,481.9620188271605,348.10531203703687,786.4547932543072,533.2982856912606
2025-07-19,12,72,604.55803125,65.49690740740743,938.6677565502681,110.99739435070464
2025-07-19,18,36,19.2713736111111,14.765859722222213,51.85783397302253,40.1977673380201
2025-07-20,0,144,220.36409907407403,220.36409907407403,437.6654109872473,437.6654109872473
2025-07-20,6,108,290.2236660493827,179.7274407407407,505.04175550035706,298.39069168040254
2025-07-20,12,72,320.87394374999997,70.96430694444454,576.1085042557713,126.53539077109677
2025-07-20,18,36,29.293373611111114,17.51212361111111,79.21587466463039,48.59123426100052
2025-07-21,0,144,110.71251111111113,110.71251111111113,185.62107256708387,185.62107256708387
2025-07-21,6,108,140.27317777777782,206.05194398148143,211.8027951414066,313.9251251837563
2025-07-21,12,72,96.45381875,71.48104814814815,152.86257672743818,139.33587885689852
2025-07-21,18,36,24.30149861111111,15.172075,65.53050903235663,42.3368627789562
2025-07-22,0,144,135.06687754629633,135.06687754629633,228.94730177058076,228.94730177058076
2025-07-22,6,108,172.6989182098766,459.070363734568,262.21290224398393,755.6254838570183
2025-07-22,12,72,134.69881342592595,88.05173564814814,254.3983567178904,152.04643955187854
2025-07-22,18,36,10.911113888888883,15.349319444444452,33.326327577228206,44.61987033318541
2025-07-23,0,144,336.48187569444445,336.48187569444445,534.8463462410489,534.8463462410489
2025-07-23,6,108,443.7984194444445,151.06433966049377,617.1260607562134,228.3844624247537
2025-07-23,12,72,378.0722444444446,92.08063379629627,584.6116536605236,160.50728376598937
2025-07-23,18,36,17.92707083333333,14.823119444444444,51.457526903030164,45.167132330628434
2025-07-24,0,144,308.64520625,308.64520625,481.82391810442186,481.82391810442186
2025-07-24,6,108,405.8958291666666,112.92588209876546,555.6369110497018,167.89765714093443
2025-07-24,12,72,345.50044930555555,81.84175069444447,535.806693813611,141.6199577464197
2025-07-24,18,36,16.05222638888888,22.40641388888889,46.67439910263006,61.395864055811785
2025-07-25,0,144,149.69180625,149.69180625,268.61496141645296,268.61496141645296
2025-07-25,6,108,191.18551111111108,265.7444479938271,307.70913225366434,450.0472913746668
2025-07-25,12,72,103.06937986111117,70.28434583333335,168.58898693117175,121.55231915530337
2025-07-25,18,36,16.90884861111111,16.401348611111118,48.937823672287784,47.870642869751244
2025-07-26,0,144,192.58855694444438,192.58855694444438,318.9790279143876,318.9790279143876
2025-07-26,6,108,250.57286296296292,130.6464961419753,367.0877665629086,202.61001598380258
2025-07-26,12,72,254.16961944444432,77.11877361111118,394.85458222830493,129.64687680788973
2025-07-26,18,36,32.169840277777766,18.913124999999997,87.02790743501134,53.45588369617667
2025-07-27,0,144,243.70860949074074,243.70860949074074,390.0926045656822,390.0926045656822
2025-07-27,6,108,319.5135529320988,144.13651620370365,449.69294142788846,221.65879074943848
2025-07-27,12,72,283.60199953703705,72.69505393518516,445.1701065561273,121.06650803125095
2025-07-27,18,36,31.795938888888884,20.863647222222216,86.1722681919028,58.73180495277522
2025-07-28,0,144,183.29246736111105,183.29246736111105,287.561278780355,287.561278780355
2025-07-28,6,108,237.82716574074072,132.7188179012346,330.4324602207638,206.37424552600586
2025-07-28,12,72,195.02877870370367,93.42230138888891,278.6604367784545,159.07586343595014
2025-07-28,18,36,39.14053888888889,21.18220555555556,106.29692841533046,58.47977707892324
2025-07-29,0,144,188.3837381944444,188.3837381944444,318.0009983009206,318.0009983009206
2025-07-29,6,108,242.14509999999993,168.80876574074068,364.64097401180305,248.53758510135785
2025-07-29,12,72,189.10015277777768,97.19830995370377,319.85800532685096,160.60084493692068
2025-07-29,18,36,26.37282638888888,24.857131944444436,73.23178571872019,69.66430080762461
2025-07-30,0,144,339.61496875,339.61496875,555.7825607904671,555.7825607904671
2025-07-30,6,108,444.2142708333335,117.120036419753,640.5253059938724,200.06282787493876
2025-07-30,12,72,443.16855763888896,168.81203263888884,687.2758592984951,312.41900313271236
2025-07-30,18,36,36.70031527777778,22.500995833333327,99.48194075097369,63.14762663030563
2025-07-31,0,144,224.68416041666663,224.68416041666663,363.99890466639897,363.99890466639897
2025-07-31,6,108,288.5589486111111,141.7269447530864,417.4102243218379,214.21644236539447
2025-07-31,12,72,291.21971736111107,91.53312638888883,458.8235364700853,171.78597083630655
2025-07-31,18,36,27.491202777777787,24.4017375,75.76232258203842,68.34519012791436
2025-08-01,0,144,257.3031800925926,257.3031800925926,437.06352873995706,437.06352873995706
2025-08-01,6,108,331.9349063271605,238.73343101851856,501.7850000619113,382.5651620790664
2025-08-01,12,72,391.4142819444444,96.0198143518518,582.2917593583279,182.3893077582484
2025-08-01,18,36,23.308077777777775,26.862362499999985,68.22552833104697,76.01379440205928
2025-08-02,0,144,466.04557986111115,466.04557986111115,862.61608203697,862.61608203697
2025-08-02,6,108,611.8659712962964,150.91905447530857,995.0554386962439,263.14066802732873
2025-08-02,12,72,646.0018284722222,165.9113571759259,1067.7922914387261,277.4805528039893
2025-08-02,18,36,25.330025,26.426726388888888,72.04322825544622,74.5512139485795
2025-08-03,0,144,116.5373037037037,116.5373037037037,211.71980173897896,211.71980173897896
2025-08-03,6,108,144.2469285493827,146.36155030864194,239.074907622845,230.15189762708567
2025-08-03,12,72,133.29110509259263,112.08226180555569,229.66431431872547,194.76241215112617
2025-08-03,18,36,29.56227916666667,27.07269583333332,82.6970353916309,76.92626487510032
2025-08-04,0,144,150.5661905092592,150.5661905092592,253.08697341779026,253.08697341779026
2025-08-04,6,108,192.39063827160484,247.85877824074072,289.4531310096482,362.8372075183688
2025-08-04,12,72,225.938017824074,129.69679375000004,334.98929153424706,190.99698134585532
2025-08-04,18,36,17.467966203703707,29.60081388888889,51.03214801636171,82.23039982134378
2025-08-05,0,144,204.79218356481482,204.79218356481482,375.0718949248916,375.0718949248916
2025-08-05,6,108,265.24912299382714,175.1069183641975,431.4285555914753,250.91226642781592
2025-08-05,12,72,166.53416921296292,62.243406250000056,265.39209655181526,101.09096633273006
2025-08-05,18,36,33.12276805555554,27.997768055555557,91.55855715132942,79.0050577925232
2025-08-06,0,144,261.427750925926,261.427750925926,471.69623536877316,471.69623536877316
2025-08-06,6,108,339.1804470679013,111.18598333333324,542.7950966667257,166.63285045325327
2025-08-06,12,72,357.85095601851856,82.73338425925931,607.8421851576372,150.3644407588484
2025-08-06,18,36,17.821810648148155,28.134302777777787,52.5095894952475,78.89928303064436
2025-08-07,0,144,455.7178006944444,455.7178006944444,786.3628921437677,786.3628921437677
2025-08-07,6,108,596.5194199074074,205.6010870370371,906.4328817581164,332.23124613155926
2025-08-07,12,72,442.9060479166667,80.71434606481472,775.2786089164787,131.56103385785727
2025-08-07,18,36,35.73454027777777,28.804852777777782,98.21205882682682,80.6467628019649
2025-08-08,0,144,104.73704745370372,104.73704745370372,183.3857213383168,183.3857213383168
2025-08-08,6,108,131.54942206790125,110.06742314814821,208.13561949683577,175.52681299874894
2025-08-08,12,72,96.72058263888884,94.75310069444447,181.2978172807261,168.77631494075536
2025-08-08,18,36,30.900701388888894,30.79597222222223,86.20232094907072,85.94026665037306
2025-08-09,0,144,144.34251319444442,144.34251319444442,242.3660131368711,242.3660131368711
2025-08-09,6,108,183.75827037037035,137.99434969135805,276.57065648249437,216.2150152606718
2025-08-09,12,72,141.78602384259258,116.57598935185186,240.71052102763716,193.0169872476843
2025-08-09,18,36,23.597570833333325,27.267681944444448,68.53738158398154,77.13602394665966
2025-08-10,0,144,200.09150486111125,200.09150486111125,353.54662231467125,353.54662231467125
2025-08-10,6,108,256.9962564814816,129.11538395061734,405.52201935136713,200.2105468774379
2025-08-10,12,72,214.35064629629642,57.960780787037,389.6336099120978,106.15606965545466
2025-08-10,18,36,19.891672222222223,31.253608333333332,59.74365151891315,88.0496041441619
2025-08-11,0,144,181.72031087962958,181.72031087962958,304.4546961490313,304.4546961490313
2025-08-11,6,108,232.98256219135797,178.88140586419752,348.6608636316254,290.30872301832403
2025-08-11,12,72,219.1176400462963,103.40147083333336,334.4133299015355,171.20858587943152
2025-08-11,18,36,42.01761388888888,30.205704166666667,116.14824174836444,85.07264580416576
2025-08-12,0,144,233.91335347222218,233.91335347222218,465.6533397534505,465.6533397534505
2025-08-12,6,108,299.04913518518515,165.95638935185193,534.3331686221616,235.47312088830157
2025-08-12,12,72,319.77811388888887,77.15195324074078,580.7265464327722,126.49073888761278
2025-08-12,18,36,36.41611666666667,29.955443055555563,101.4928062029929,84.79295692191256
2025-08-13,0,144,198.88642638888888,198.88642638888888,359.8472596689664,359.8472596689664
2025-08-13,6,108,256.31119120370363,138.64168317901235,413.3060449836969,221.92811906256017
2025-08-13,12,72,268.9154974537037,120.8320481481481,454.51076220363814,209.31756126290003
2025-08-13,18,36,44.90868194444443,33.72378611111112,125.06775905696159,95.64086112838577
2025-08-14,0,144,180.7934465277778,180.7934465277778,296.90579540539926,296.90579540539926
2025-08-14,6,108,232.62585601851856,229.933851388889,340.341546964156,331.7932924518882
2025-08-14,12,72,160.3659618055556,83.19860810185187,248.33955581593764,138.68550304466496
2025-08-14,18,36,21.840451388888887,30.295805555555553,64.74272212474445,85.44628933558204
2025-08-15,0,144,502.17237037037034,502.17237037037034,925.7683181437191,925.7683181437191
2025-08-15,6,108,658.0773841049382,175.06564104938278,1067.6351036781712,271.58483827087235
2025-08-15,12,72,702.5414085648147,116.05095347222225,1175.7310610427478,180.02186867710756
2025-08-15,18,36,20.257501851851853,33.023902777777785,59.197219778077525,94.65503920830835
2025-08-16,0,144,453.7432118055556,453.7432118055556,733.502845185251,733.502845185251
2025-08-16,6,108,590.2697699074074,114.46721728395059,844.2810932319942,188.91223910376246
2025-08-16,12,72,659.1233034722222,68.58390208333327,963.6285092123225,127.70546104354727
2025-08-16,18,36,20.223713888888888,32.53618611111111,63.43728770121041,92.42066221970393
2025-08-17,0,144,264.30949513888896,264.30949513888896,451.3579252148553,451.3579252148553
2025-08-17,6,108,343.754013888889,242.78667268518507,519.5639896277838,411.7961662322821
2025-08-17,12,72,301.3119784722224,77.90857939814815,491.33694840259693,139.51778420337996
2025-08-17,18,36,39.316394444444455,31.512769444444448,110.76321969113013,90.21833442845598
2025-08-18,0,144,123.08426111111109,123.08426111111109,196.97306614155042,196.97306614155042
2025-08-18,6,108,153.98535231481478,152.45672885802483,221.82843351341597,236.50811972757378
2025-08-18,12,72,126.1630215277777,65.05517060185191,198.30407040380007,117.13432957226415
2025-08-18,18,36,19.389645833333336,29.62468055555556,60.60221421135488,84.94639405781972
2025-08-19,0,144,128.22449490740738,128.22449490740738,215.9240261217805,215.9240261217805
2025-08-19,6,108,158.00026404320982,200.3078194444443,240.99086900706382,287.76729101396955
2025-08-19,12,72,113.5960712962963,87.02839236111109,182.60071798171035,156.89201851308496
2025-08-19,18,36,32.19555555555556,33.884340277777774,92.87786279201192,97.23903966777031
2025-08-20,0,144,209.88407569444448,209.88407569444448,348.9347348324397,348.9347348324397
2025-08-20,6,108,271.3838337962963,157.0601947530865,400.7489509068906,251.21384753111883
2025-08-20,12,72,255.06593750000002,96.13848171296306,405.2600361162793,152.88457812789935
2025-08-20,18,36,35.92281527777777,30.809252777777786,102.18644094661231,88.68396014518041
2025-08-21,0,144,155.1333923611111,155.1333923611111,265.76743645208575,265.76743645208575
2025-08-21,6,108,197.2818949074074,197.9633695987655,303.3405462278137,287.836329373469
2025-08-21,12,72,115.42124583333339,77.34836273148146,202.69134215750188,133.10051328725348
2025-08-21,18,36,32.826965277777774,30.533069444444443,93.32392020539379,87.15534267226376
2025-08-22,0,144,172.63337152777777,172.63337152777777,283.9749154704564,283.9749154704564
2025-08-22,6,108,218.82972824074074,201.6162114197532,323.29488840203436,299.89274817060914
2025-08-22,12,72,224.65986388888885,78.04885810185179,344.3113492906038,127.29281006760948
2025-08-22,18,36,31.159663888888886,33.23130972222223,89.69548856399418,95.1424642705418
2025-08-23,0,144,188.15024606481487,188.15024606481487,293.3809713045871,293.3809713045871
2025-08-23,6,108,241.03940262345688,248.77940879629637,335.4784609822145,410.4356767407482
2025-08-23,12,72,223.00997685185192,60.86771388888891,338.98555395018496,106.52950563490987
2025-08-23,18,36,44.92028055555555,31.52951666666666,127.02978428461189,90.01524051944696
2025-08-24,0,144,123.74804421296297,123.74804421296297,236.2234653664932,236.2234653664932
2025-08-24,6,108,154.18745061728393,235.66187160493826,267.7357629103916,378.62503153254795
2025-08-24,12,72,148.95886157407412,84.77459814814814,284.0662161645239,135.56636358158124
2025-08-24,18,36,25.489913888888893,28.234913888888894,73.40789171594375,80.6501143519321
2025-08-25,0,144,619.1540710648148,619.1540710648148,1104.6166159837157,1104.6166159837157
2025-08-25,6,108,815.8961655864197,150.3366686728395,1274.6597475018843,234.11498043654007
2025-08-25,12,72,718.8110986111112,87.73312106481484,1221.216938370366,165.33793041402447
2025-08-25,18,36,27.9367,29.09091527777778,79.63305558001728,82.7887486036964
2025-08-26,0,144,187.00827824074074,187.00827824074074,320.3518496098726,320.3518496098726
2025-08-26,6,108,239.2498163580247,207.852188271605,366.7901374299069,349.16538965408927
2025-08-26,12,72,273.2260402777777,92.9159041666667,422.18750395175704,138.7264845882825
2025-08-26,18,36,20.831844444444442,30.67235138888889,61.134047997129294,87.26560598860394
2025-08-27,0,144,293.70812083333345,293.70812083333345,488.5860641987193,488.5860641987193
2025-08-27,6,108,383.50695324074087,305.2761225308643,562.8040958465972,551.6630351978179
2025-08-27,12,72,357.0104055555556,102.96910740740749,584.2516398810151,177.6576433493471
2025-08-27,18,36,27.15419444444445,24.665041666666664,77.07881560291324,70.15921607356726
2025-08-28,0,144,246.3780252314815,246.3780252314815,411.80672702193175,411.80672702193175
2025-08-28,6,108,319.14513780864206,197.3754237654321,473.4311503246295,326.76681088902615
2025-08-28,12,72,383.0624666666666,92.98757685185188,554.153021935864,154.7132711679605
2025-08-28,18,36,39.65546666666666,26.539369444444443,112.89152895451821,75.51594716035703
2025-08-29,0,144,307.5241078703704,307.5241078703704,549.1097721429865,549.1097721429865
2025-08-29,6,108,402.4108077160494,166.06195972222227,632.9512742275633,259.8499899988382
2025-08-29,12,72,448.52205208333334,76.62599930555558,704.6163947367626,129.41163433614145
2025-08-29,18,36,19.266943055555558,25.8318875,55.403339234715794,73.52526856507063
2025-08-30,0,144,333.3768108796296,333.3768108796296,623.5883628382846,623.5883628382846
2025-08-30,6,108,435.73710848765427,148.5184668209876,718.828188595667,213.7815711865499
2025-08-30,12,72,501.20734189814823,61.38611134259255,826.6909051800806,99.16684831597412
2025-08-30,18,36,24.19632638888889,26.05163888888889,69.01337974605148,74.2369375950297
2025-08-31,0,144,217.84362152777788,217.84362152777788,354.8030679360286,354.8030679360286
2025-08-31,6,108,281.41083333333347,156.66417978395071,407.34913207426564,248.8039367861162
2025-08-31,12,72,157.61217291666676,86.48518379629624,260.64683352991767,135.44064729945467
2025-08-31,18,36,24.13917638888889,25.27226666666667,68.9828339093654,72.20252592265116
2025-09-01,0,144,378.1354335648149,378.1354335648149,627.1167897267939,627.1167897267939
2025-09-01,6,108,495.4703229938273,226.23343580246907,722.8952028536294,314.31076168408265
2025-09-01,12,72,315.9557553240742,59.53502453703706,559.7253315328911,106.59147743991251
2025-09-01,18,36,21.832604166666663,22.932875,62.530993894978344,65.67246604749334
2025-09-02,0,144,155.06605046296286,155.06605046296286,263.5857091732557,263.5857091732557
2025-09-02,6,108,198.50812793209863,267.3777405864199,301.61876689007465,449.19474342345165
2025-09-02,12,72,209.42775277777764,77.30746481481485,324.14600591670956,126.94225958935847
2025-09-02,18,36,30.325868055555556,26.024930555555557,87.43960918619419,75.00712738803004
2025-09-03,0,144,169.39582523148147,169.39582523148147,293.67177902112275,293.67177902112275
2025-09-03,6,108,217.64099151234566,129.31167978395064,336.60988790452967,195.03704962070262
2025-09-03,12,72,161.02629953703703,78.70232523148152,275.1144559926738,140.11274153155284
2025-09-03,18,36,23.097545833333335,19.189566666666664,66.79643792046421,55.3950191240452
2025-09-04,0,144,142.71973842592595,142.71973842592595,267.73642241353707,267.73642241353707
2025-09-04,6,108,183.08556975308642,145.25595231481486,307.06411452670744,225.69038384395836
2025-09-04,12,72,163.075500462963,75.83051412037035,320.27010271779477,138.27116152069533
2025-09-04,18,36,15.760633333333338,17.902084722222224,45.508474555274724,51.73685605270716
2025-09-05,0,144,168.26320995370364,168.26320995370364,277.14662687568864,277.14662687568864
2025-09-05,6,108,217.78343271604925,130.53133580246904,318.33822309464045,228.8178901904658
2025-09-05,12,72,170.25606527777765,106.59341736111115,303.80242842022295,180.93685992113757
2025-09-05,18,36,13.223577777777779,21.57732777777778,38.220998439644845,62.5207226842162
2025-09-06,0,144,190.18306365740744,190.18306365740744,323.16347458031447,323.16347458031447
2025-09-06,6,108,246.88055987654323,87.05469629629627,371.7003203721053,148.27580462413096
2025-09-06,12,72,151.48232870370373,47.58371435185188,267.46652766989905,81.84188984662714
2025-09-06,18,36,16.569538888888886,19.038240277777774,47.95291168229259,55.18176427728475
2025-09-07,0,144,139.73515810185182,139.73515810185182,224.6910689095767,224.6910689095767
2025-09-07,6,108,179.67889876543208,235.8636490740741,257.3974718194416,400.68899186929116
2025-09-07,12,72,115.2026108796296,69.07428611111108,203.0777992198359,114.40007226247147
2025-09-07,18,36,16.22350555555555,16.299158333333335,47.02315216078979,47.245071287933776
2025-09-08,0,144,228.2054462962963,228.2054462962963,400.93449237190475,400.93449237190475
2025-09-08,6,108,298.2001177469136,113.64957268518526,461.9701792965868,178.74316868770458
2025-09-08,12,72,220.5230759259259,81.90704004629622,375.76688806704544,150.78643942345605
2025-09-08,18,36,17.501022222222222,16.36303611111111,50.78167193655212,47.439678796765456
2025-09-09,0,144,203.30229513888895,203.30229513888895,357.4912783171152,357.4912783171152
2025-09-09,6,108,265.9473953703705,244.77220694444446,411.9938332338319,437.76119965878104
2025-09-09,12,72,259.3876296296296,95.7142317129629,433.5412583288643,192.8746597476041
2025-09-09,18,36,15.59136805555555,15.340416666666666,45.24435006120529,44.506874869051906
2025-09-10,0,144,189.83747986111106,189.83747986111106,338.8495534795798,338.8495534795798
2025-09-10,6,108,249.01118888888885,200.562150154321,390.7333911444702,331.32378267747936
2025-09-10,12,72,201.94409305555558,77.17977245370369,336.5221778617898,128.66879222600085
2025-09-10,18,36,13.907443055555555,13.069005555555556,40.42804608662693,37.95940240948948
2025-09-11,0,144,438.9759048611111,438.9759048611111,811.7000532557489,811.7000532557489
2025-09-11,6,108,580.8655319444443,87.18189861111111,937.01054185429,152.6256334121436
2025-09-11,12,72,563.2521118055555,51.88061458333326,997.4929290288406,92.44494727123417
2025-09-11,18,36,10.142051388888888,11.49586388888889,29.385562819547925,33.35963541039864
2025-09-12,0,144,210.65570370370372,210.65570370370372,405.2397273611981,405.2397273611981
2025-09-12,6,108,277.734399845679,280.2263365740741,467.66755684944263,412.6373642166693
2025-09-12,12,72,194.72738009259254,115.92974560185196,408.7784711584965,194.71984652258743
2025-09-12,18,36,9.79441111111111,10.347029166666667,28.461483166174894,30.089388547749365
2025-09-13,0,144,124.21133819444445,124.21133819444445,220.5124963772608,220.5124963772608
2025-09-13,6,108,162.61185787037041,188.61117129629633,254.18345601117238,287.62536396555396
2025-09-13,12,72,103.59424444444446,62.18686064814824,180.07712574276792,98.30985342895711
2025-09-13,18,36,9.662026388888888,9.203866666666668,28.170785795724132,26.81792720934181
2025-09-14,0,144,266.89117685185187,266.89117685185187,472.7432176145027,472.7432176145027
2025-09-14,6,108,353.5477094135803,125.03379891975315,545.7573366838312,201.39893025978222
2025-09-14,12,72,144.30011412037038,74.78994837962962,245.7162570847509,156.984760912109
2025-09-14,18,36,7.011436111111112,8.048234722222224,20.40045340264646,23.46001321270911
2025-09-15,0,144,175.30144513888888,175.30144513888888,299.2198432380154,299.2198432380154
2025-09-15,6,108,231.544424537037,122.5158310185185,345.3311185936353,187.02884915234355
2025-09-15,12,72,217.7572930555555,51.81278796296296,356.1504258001914,90.83528902669049
2025-09-15,18,36,6.236266666666666,5.816301388888889,18.314017075659038,17.069724588871683
2025-09-16,0,144,317.6307127314814,317.6307127314814,575.8648971748901,575.8648971748901
2025-09-16,6,108,421.58394799382705,191.53425200617286,664.8799772201007,314.4789371601222
2025-09-16,12,72,448.1979520833333,64.19317777777782,736.2450976402131,126.00579589035577
2025-09-16,18,36,6.717947222222222,5.309009722222222,19.824156312137358,15.645975118725069
2025-09-17,0,144,200.84212731481486,200.84212731481486,369.69744070437173,369.69744070437173
2025-09-17,6,108,266.45800354938274,178.94609012345686,426.83718588806653,280.8863059942044
2025-09-17,12,72,272.1627074074074,53.565387500000014,454.82785437293506,107.89811525058693
2025-09-17,18,36,2.649784722222222,3.780743055555555,7.857911524535674,11.212025885513757
2025-09-18,0,144,227.89649236111114,227.89649236111114,421.9328839077362,421.9328839077362
2025-09-18,6,108,302.9932143518519,238.48736126543207,487.18650878966207,409.548883706767
2025-09-18,12,72,170.70018055555556,75.35239212962973,331.7969398264382,153.78324513606523
2025-09-18,18,36,2.627170833333333,2.867011111111111,7.7987131937273455,8.50854700378129
2025-09-19,0,144,97.51780347222224,97.51780347222224,159.7246526869155,159.7246526869155
2025-09-19,6,108,129.59903333333335,110.43337546296304,184.4208763039681,167.92656319396784
2025-09-19,12,72,87.47152962962966,54.43153125000006,153.8442810626436,103.94068535600593
2025-09-19,18,36,0.9675694444444444,1.3086666666666666,2.9278883364904456,3.920503392918936
2025-09-20,0,144,226.76834166666674,226.76834166666674,400.36731932833237,400.36731932833237
2025-09-20,6,108,302.2307936728396,191.38902345679017,462.30389834956003,340.3716532901941
2025-09-20,12,72,122.56966342592594,100.43061574074075,222.95401446202263,175.18035721932173
2025-09-20,18,36,0.35870509259259253,0.34630277777777774,1.099160885697178,1.0555811757563276
2025-09-21,0,144,169.04469537037033,169.04469537037033,285.0821950483228,285.0821950483228
2025-09-21,6,108,225.3272308641975,241.2530648148148,329.18395091398327,392.5174203472945
2025-09-21,12,72,161.16675277777776,77.78157337962966,286.62438023566426,154.79225826086045
2025-09-21,18,36,0.20272777777777778,0.20272777777777778,1.1319882284919947,1.1319882284919947
2025-09-22,0,144,262.2125708333333,262.2125708333333,521.5495363918483,521.5495363918483
2025-09-22,6,108,349.5606268518518,176.41258981481482,602.2332857590808,264.421285453291
2025-09-22,12,72,450.6866930555555,46.4096842592592,727.4498828101666,81.1971281225414
2025-09-22,18,36,0.18508333333333335,0.18508333333333335,1.0334665228680069,1.0334665228680069
2025-09-23,0,144,116.82645879629627,116.82645879629627,213.3653424657577,213.3653424657577
2025-09-23,6,108,155.71677932098763,94.43439135802464,246.37256583640084,158.89337870366185
2025-09-23,12,72,156.7545076388889,60.462510416666674,262.92207056027587,108.31469514969763
2025-09-23,18,36,0.13237222222222222,0.13237222222222222,0.7391410127077692,0.7391410127077692
2025-09-24,0,144,311.99785810185193,311.99785810185193,614.0298786235862,614.0298786235862
2025-09-24,6,108,415.9495728395063,147.3648092592593,709.0204821590008,224.31314330975567
2025-09-24,12,72,346.34180625000005,49.88943148148148,637.5877370476794,83.22853012390222
2025-09-24,18,36,0.13570000000000002,0.13570000000000002,0.7577058953768864,0.7577058953768864
2025-09-25,0,144,127.46496018518513,127.46496018518513,235.5271201708906,235.5271201708906
2025-09-25,6,108,169.91829320987642,235.52761913580238,271.9630819648361,376.18958899834666
2025-09-25,12,72,131.16328425925929,80.83309259259265,243.68903266537527,150.72953392502737
2025-09-25,18,36,0.10024444444444444,0.10024444444444444,0.5597445106673421,0.5597445106673421
2025-09-26,0,144,212.75481458333337,212.75481458333337,404.10309429592616,404.10309429592616
2025-09-26,6,108,283.637337962963,113.87410864197533,466.6179324608998,200.02727749654912
2025-09-26,12,72,332.61032013888894,72.06280347222216,536.8377321113517,116.11143875833694
2025-09-26,18,36,0.09254166666666667,0.09254166666666667,0.5167498392732105,0.5167498392732105
2025-09-27,0,144,294.8434083333333,294.8434083333333,535.729512341622,535.729512341622
2025-09-27,6,108,393.0960546296296,150.95399691358028,618.6070949654103,258.3155056780818
2025-09-27,12,72,378.1080020833333,40.04480300925921,673.8904464907802,67.81470930774549
2025-09-27,18,36,0.07166388888888889,0.07166388888888889,0.4002997019595304,0.4002997019595304
2025-09-28,0,144,138.66333449074077,138.66333449074077,243.8565732112075,243.8565732112075
2025-09-28,6,108,184.86794413580247,306.8064299382716,281.58127111272364,508.0393440187672
2025-09-28,12,72,170.06759166666666,58.845456018518526,288.1626443161751,101.40151312824699
2025-09-28,18,36,0.05876666666666666,0.05876666666666666,0.3282632437880035,0.3282632437880035
2025-09-29,0,144,128.8575298611111,128.8575298611111,245.99932278907878,245.99932278907878
2025-09-29,6,108,171.79739537037037,244.18722253086412,284.0555241208531,375.040413936817
2025-09-29,12,72,198.73694722222217,45.72597847222223,332.62279401270087,77.61428563473976
2025-09-29,18,36,0.04611111111111112,0.04611111111111112,0.2575650327802885,0.2575650327802885
2025-09-30,0,144,287.2619722222222,287.2619722222222,499.15096235515944,499.15096235515944
2025-09-30,6,108,383.0072314814815,112.59973827160496,576.3698787738439,181.82607956556117
2025-09-30,12,72,212.03143263888884,103.90063680555555,341.1277159272188,211.2998835019099
2025-09-30,18,36,0.022719444444444445,0.022719444444444445,0.12691047916630926,0.12691047916630926
2025-10-01,0,144,301.64533703703705,301.64533703703705,584.5919926003238,584.5919926003238
2025-10-01,6,108,402.1906910493828,351.1235404320989,675.0286879252711,546.0041294337306
2025-10-01,12,72,366.3448657407407,99.73809120370369,685.0044592840449,179.7448544090231
2025-10-01,18,36,0.012750000000000001,0.012750000000000001,0.07121712496927189,0.07121712496927189
2025-10-02,0,144,489.91935,489.91935,815.8155407967314,815.8155407967314
2025-10-02,6,108,653.2168537037037,274.19145956790123,942.0226401995944,444.34216640900746
2025-10-02,12,72,582.3379430555556,96.08883125,934.5754886581619,170.5364357679173
2025-10-02,18,36,0.03666944444444445,0.03666944444444445,0.20482847363369944,0.20482847363369944
2025-10-03,0,144,137.38709236111112,137.38709236111112,265.5576048197277,265.5576048197277
2025-10-03,6,108,183.1642611111111,186.9712950617284,306.63945685974306,311.70729803430856
2025-10-03,12,72,145.0508481481481,71.62390069444452,281.4413419982863,140.12710246159148
2025-10-03,18,36,0.06790555555555554,0.06790555555555554,0.3792958351413255,0.3792958351413255
2025-10-04,0,144,406.8257708333333,406.8257708333333,698.5056134272972,698.5056134272972
2025-10-04,6,108,542.3992648148147,103.92559043209874,806.5647364618379,171.93592619870816
2025-10-04,12,72,363.27565138888883,85.06209097222225,642.229701525598,153.13406943491321
2025-10-04,18,36,0.10996944444444443,0.10996944444444443,0.614050863121289,0.614050863121289
2025-10-05,0,144,360.07905532407415,360.07905532407415,651.3787424813605,651.3787424813605
2025-10-05,6,108,480.0552608024692,141.34083024691358,752.1472282731654,211.4650232557014
2025-10-05,12,72,236.36909722222222,70.63211736111114,465.8039756629867,119.64304228225548
2025-10-05,18,36,0.13973055555555555,0.13973055555555555,0.7802297601419156,0.7802297601419156
2025-10-06,0,144,272.0800236111111,272.0800236111111,487.7218830762587,487.7218830762587
2025-10-06,6,108,362.714025,93.0979524691358,563.1724285566908,151.93527382429872
2025-10-06,12,72,241.6856791666667,82.29550208333337,450.70859845281524,130.58496262225688
2025-10-06,18,36,0.15350555555555553,0.15350555555555553,0.8571454825951854,0.8571454825951854
2025-10-07,0,144,118.56077337962968,118.56077337962968,208.1114808484293,208.1114808484293
2025-10-07,6,108,158.03248580246924,133.94561666666672,240.30598033325708,202.37002942286597
2025-10-07,12,72,164.39650555555562,74.26474791666668,264.33895445481573,141.75542818692838
2025-10-07,18,36,0.14613333333333334,0.14613333333333334,0.8159725090685075,0.8159725090685075
2025-10-08,0,144,120.6226347222222,120.6226347222222,224.45042828889856,224.45042828889856
2025-10-08,6,108,160.78908333333334,128.72010401234567,259.1727256130041,208.23331947291166
2025-10-08,12,72,77.04954375000001,58.94921157407404,135.2374132831497,111.02211907227135
2025-10-08,18,36,0.13616944444444445,0.13616944444444445,0.7603290236250795,0.7603290236250795
2025-10-09,0,144,382.8095497685186,382.8095497685186,646.6685137505831,646.6685137505831
2025-10-09,6,108,510.3742293209877,146.56133148148143,746.7083881239091,215.05784481799543
2025-10-09,12,72,479.76582037037053,66.3558020833333,781.5241171709658,122.37382591610768
2025-10-09,18,36,0.13181944444444443,0.13181944444444443,0.7360500350972524,0.7360500350972524
2025-10-10,0,144,347.81382916666666,347.81382916666666,632.3664652984522,632.3664652984522
2025-10-10,6,108,463.7204009259259,264.1940490740739,730.1938349003444,417.69587102500475
2025-10-10,12,72,460.1602465277778,83.83102523148143,799.991814768968,143.20336337149496
2025-10-10,18,36,0.09917499999999999,0.09917499999999999,0.5537786629150675,0.5537786629150675
2025-10-11,0,144,191.3414226851852,191.3414226851852,349.73882325451274,349.73882325451274
2025-10-11,6,108,255.09614969135802,137.4537827160494,403.84353068125444,210.882475659122
2025-10-11,12,72,149.33150833333332,61.74015648148151,267.6066371505419,112.27931003671667
2025-10-11,18,36,0.089975,0.089975,0.5023969720251109,0.5023969720251109
2025-10-12,0,144,137.03747962962964,137.03747962962964,216.47463483897744,216.47463483897744
2025-10-12,6,108,182.69379691358026,206.28397067901238,249.9632797036527,325.9819416966009
2025-10-12,12,72,154.07017662037046,123.27348819444448,240.10041654549954,192.74107855389107
2025-10-12,18,36,0.070775,0.070775,0.39532070279148745,0.39532070279148745
2025-10-13,0,144,232.3327236111111,232.3327236111111,401.67475049568804,401.67475049568804
2025-10-13,6,108,309.7569305555556,164.27603055555556,463.81401015132667,239.90594415185154
2025-10-13,12,72,283.1319597222221,138.0452541666667,471.040572709396,227.60332678122603
2025-10-13,18,36,0.05545833333333333,0.05545833333333333,0.30976613983598805,0.30976613983598805
2025-10-14,0,144,235.62154652777775,235.62154652777775,449.1320784198411,449.1320784198411
2025-10-14,6,108,314.14687222222227,286.03316388888885,518.6130319356404,482.65761603479615
2025-10-14,12,72,342.64152430555555,87.59799907407402,597.3394169543066,162.42425554422783
2025-10-14,18,36,0.04223611111111111,0.04223611111111111,0.23590926280622762,0.23590926280622762
2025-10-15,0,144,228.32376273148145,228.32376273148145,439.0342610573917,439.0342610573917
2025-10-15,6,108,304.4216595679012,215.34415,506.9530883345683,329.5025963039276
2025-10-15,12,72,380.20938101851846,60.38359791666668,604.0005840688328,119.19343107752849
2025-10-15,18,36,0.03005277777777778,0.03005277777777778,0.16786623394834352,0.16786623394834352
2025-10-16,0,144,160.63337523148144,160.63337523148144,269.2004180894585,269.2004180894585
2025-10-16,6,108,214.17301419753082,123.17160123456792,310.84586420294863,183.4303368096062
2025-10-16,12,72,161.699474074074,74.01340000000005,285.35853870219637,132.0479683351737
2025-10-16,18,36,0.01615277777777778,0.01615277777777778,0.09021660508649909,0.09021660508649909
2025-10-17,0,144,382.5320979166666,382.5320979166666,615.0554965067047,615.0554965067047
2025-10-17,6,108,510.0423712962962,177.51610740740745,710.2049129373498,310.28385044409436
2025-10-17,12,72,457.5701493055555,79.34913495370375,712.6650440801525,147.96195310956907
2025-10-17,18,36,0.00948611111111111,0.00948611111111111,0.05298710797081787,0.05298710797081787
2025-10-18,0,144,228.23566041666675,228.23566041666675,418.3228403833983,418.3228403833983
2025-10-18,6,108,304.31296574074076,285.2215978395062,483.03760885459195,451.825619261449
2025-10-18,12,72,357.64740000000006,53.367352083333365,567.677802264369,97.2203418880923
2025-10-18,18,36,0.0014055555555555555,0.0014055555555555555,0.00788704986389433,0.00788704986389433
2025-10-19,0,144,103.22598217592589,103.22598217592589,190.71634642811202,190.71634642811202
2025-10-19,6,108,137.63272345679007,107.13530833333326,220.22026710787833,164.30344945313584
2025-10-19,12,72,132.67900277777778,66.48998865740735,234.00043561071075,131.78852048893174
2025-10-19,18,36,0.006844444444444445,0.006844444444444445,0.038231691333528814,0.038231691333528814
2025-10-20,0,144,190.7993666666667,190.7993666666667,359.8968098680913,359.8968098680913
2025-10-20,6,108,254.3960666666667,152.93847222222226,415.5730390409344,253.82237595963548
2025-10-20,12,72,263.89138125000005,81.85166782407403,475.077607880566,151.50787496511984
2025-10-20,18,36,0.010472222222222223,0.010472222222222223,0.05850053655974258,0.05850053655974258
2025-10-21,0,144,210.98218773148153,210.98218773148153,340.7488032606649,340.7488032606649
2025-10-21,6,108,281.3052401234568,113.2298459876543,393.46282433295323,175.38098802056868
2025-10-21,12,72,247.9784719907408,71.54346759259253,394.9730226156263,131.90289688452745
2025-10-21,18,36,0.014680555555555554,0.014680555555555554,0.08201116624514548,0.08201116624514548
2025-10-22,0,144,136.5201925925926,136.5201925925926,243.53055902049636,243.53055902049636
2025-10-22,6,108,182.02148086419754,192.78910370370372,281.20486268288766,314.32820032604735
2025-10-22,12,72,134.16669722222224,60.702279861111066,239.03269877605192,114.21798112697542
2025-10-22,18,36,0.019408333333333336,0.019408333333333336,0.10841328972450236,0.10841328972450236
2025-10-23,0,144,512.2016152777778,512.2016152777778,963.1448797704306,963.1448797704306
2025-10-23,6,108,682.9308101851851,205.51670277777782,1112.143910287731,325.2123761751713
2025-10-23,12,72,389.06872569444437,59.97163356481482,742.7955803011035,117.87897508002995
2025-10-23,18,36,0.014947222222222223,0.014947222222222223,0.08348248818365042,0.08348248818365042
2025-10-24,0,144,215.92200555555553,215.92200555555553,397.44717610526214,397.44717610526214
2025-10-24,6,108,287.8910722222222,100.69053487654323,458.93246574250765,165.13136171066117
2025-10-24,12,72,224.04045972222218,66.46179374999994,405.148276082468,138.36407861485318
2025-10-24,18,36,0.014122222222222222,0.014122222222222222,0.07888694089926701,0.07888694089926701
2025-10-25,0,144,244.74295069444446,244.74295069444446,458.440107896364,458.440107896364
2025-10-25,6,108,326.31943518518517,121.15662222222224,529.3610376128855,198.49664076074401
2025-10-25,12,72,165.88974166666665,70.71689722222223,322.5140979617387,125.025561678022
2025-10-25,18,36,0.012538888888888888,0.012538888888888888,0.07003087811022284,0.07003087811022284
2025-10-26,0,144,233.81823634259257,233.81823634259257,450.03760550020047,450.03760550020047
2025-10-26,6,108,311.75359104938263,215.9472981481482,519.6586638793164,357.7256372309696
2025-10-26,12,72,81.65614421296296,69.55400578703701,148.76818628323906,134.19551578957407
2025-10-26,18,36,0.012158333333333333,0.012158333333333333,0.0679088461755086,0.0679088461755086
2025-10-27,0,144,120.84154004629636,120.84154004629636,214.38346444757286,214.38346444757286
2025-10-27,6,108,161.11862006172848,243.4838333333332,247.54869958878194,392.77356409715503
2025-10-27,12,72,143.79656597222228,53.80957291666664,250.43039874998283,90.94106874149556
2025-10-27,18,36,0.009569444444444445,0.009569444444444445,0.053454957674662885,0.053454957674662885
2025-10-28,0,144,227.58540347222223,227.58540347222223,394.36578530915153,394.36578530915153
2025-10-28,6,108,303.44434814814815,104.12504475308648,455.37438377657776,161.67799776598477
2025-10-28,12,72,308.41339930555546,77.44835902777781,492.0971185337255,150.62298322537526
2025-10-28,18,36,0.008547222222222223,0.008547222222222223,0.0477397429355831,0.0477397429355831
2025-10-29,0,144,139.4173027777778,139.4173027777778,248.41033497612352,248.41033497612352
2025-10-29,6,108,185.88731666666666,84.87012067901236,286.839546580279,148.33442340594172
2025-10-29,12,72,177.67639513888895,70.70963055555552,301.51085867157536,154.39318912090567
2025-10-29,18,36,0.008636111111111112,0.008636111111111112,0.04824083966009621,0.04824083966009621
2025-10-30,0,144,182.98041875,182.98041875,325.50685891358773,325.50685891358773
2025-10-30,6,108,243.97210925925927,139.7081037037037,375.8629448342992,230.50571792628796
2025-10-30,12,72,217.36332847222215,42.26631111111112,361.284818583614,82.19850573407949
2025-10-30,18,36,0.005430555555555556,0.005430555555555556,0.030478302847180394,0.030478302847180394
2025-10-31,0,144,156.89767569444444,156.89767569444444,279.2537074385353,279.2537074385353
2025-10-31,6,108,209.19539259259258,97.5749962962963,322.4544059902579,146.17954274966564
2025-10-31,12,72,217.18728888888893,46.25341782407408,359.18391216377734,87.42934658360944
2025-10-31,18,36,0.004016666666666667,0.004016666666666667,0.02254138169875327,0.02254138169875327
2025-11-01,0,144,69.52282754629633,69.52282754629633,136.849488601379,136.849488601379
2025-11-01,6,108,92.69591358024694,144.84829598765432,158.0201777415865,229.05902103602588
2025-11-01,12,72,62.59108819444449,59.41209953703698,130.56715833913475,102.40493710730094
2025-11-01,18,36,0.0031999999999999997,0.0031999999999999997,0.017962569106029596,0.017962569106029596
2025-11-02,0,144,190.4707173611111,190.4707173611111,316.3010547698501,316.3010547698501
2025-11-02,6,108,253.96027314814813,215.34950154320984,365.2329981721919,344.6577680198782
2025-11-02,12,72,204.8972840277778,59.19202337962967,341.0296577391288,109.5082687678735
2025-11-02,18,36,0.002061111111111111,0.002061111111111111,0.011563400115114161,0.011563400115114161
2025-11-03,0,144,160.9197157407408,160.9197157407408,297.41513658929455,297.41513658929455
2025-11-03,6,108,214.55920154320992,130.12577129629634,343.4254183175548,189.14357309352286
2025-11-03,12,72,184.72908055555556,76.86968009259266,331.4812463545887,132.38424482350223
2025-11-03,18,36,0.001172222222222222,0.001172222222222222,0.006583227847256153,0.006583227847256153
2025-11-04,0,144,87.15398356481488,87.15398356481488,147.73428763005336,147.73428763005336
2025-11-04,6,108,116.20525030864206,113.74542839506168,170.58886146231563,171.68326650975544
2025-11-04,12,72,100.96819722222227,70.00267986111112,162.39989085851184,131.51563966463615
2025-11-04,18,36,0.0012861111111111111,0.0012861111111111111,0.00721851400528145,0.00721851400528145
2025-11-05,0,144,261.2127541666666,261.2127541666666,495.5243363926489,495.5243363926489
2025-11-05,6,108,348.2826824074074,142.27688549382717,572.1822179317666,211.07063534517403
2025-11-05,12,72,371.2213506944445,58.660099305555526,631.8403997657256,118.81605190798768
2025-11-05,18,36,0.0017805555555555556,0.0017805555555555556,0.009992399889693944,0.009992399889693944
2025-11-06,0,144,95.20519282407412,95.20519282407412,166.730706633997,166.730706633997
2025-11-06,6,108,126.93889969135807,102.7337148148148,192.52403626229818,172.76282042591453
2025-11-06,12,72,78.3848243055556,75.12056111111116,135.30870802595433,126.16380931815804
2025-11-06,18,36,0.004361111111111111,0.004361111111111111,0.02447929964502888,0.02447929964502888
2025-11-07,0,144,66.88259467592594,66.88259467592594,113.3280700255502,113.3280700255502
2025-11-07,6,108,89.17496327160497,232.3747466049382,130.85998226283218,387.7543996707009
2025-11-07,12,72,84.93225949074073,41.47046620370372,133.132085314791,80.57669434145727
2025-11-07,18,36,0.00675,0.00675,0.03769734738678572,0.03769734738678572
2025-11-08,0,144,167.05370879629623,167.05370879629623,297.2430965795249,297.2430965795249
2025-11-08,6,108,222.73490432098757,103.85697438271599,343.22676209725466,166.93427086270515
2025-11-08,12,72,93.33571550925917,52.29593078703709,168.63548538446418,92.11739995732735
2025-11-08,18,36,0.007808333333333334,0.007808333333333334,0.04362866985519193,0.04362866985519193
2025-11-09,0,144,104.4509969907407,104.4509969907407,188.270106507319,188.270106507319
2025-11-09,6,108,139.26442469135796,104.89078765432102,217.3955905981705,167.62552878596676
2025-11-09,12,72,132.2204886574074,52.84751087962964,227.98867494801976,96.23151849321587
2025-11-09,18,36,0.012177777777777779,0.012177777777777779,0.06802521182947133,0.06802521182947133
2025-11-10,0,144,145.06718402777776,145.06718402777776,248.52947672472425,248.52947672472425
2025-11-10,6,108,193.41948148148145,162.16516574074072,286.97711865821464,283.62125535725175
2025-11-10,12,72,153.1519965277778,40.996468055555596,257.56913705713697,72.30317316333105
2025-11-10,18,36,0.010275,0.010275,0.057381977910219234,0.057381977910219234
2025-11-11,0,144,172.64842847222224,172.64842847222224,292.5498157108566,292.5498157108566
2025-11-11,6,108,230.1945472222222,110.48221512345678,337.807428142325,170.0273346073528
2025-11-11,12,72,133.27064305555552,40.181871527777744,217.98399797141914,77.7009375974958
2025-11-11,18,36,0.01040277777777778,0.01040277777777778,0.05810037530955468,0.05810037530955468
2025-11-12,0,144,110.15694513888889,110.15694513888889,215.51423514404482,215.51423514404482
2025-11-12,6,108,146.87277407407404,236.11565864197527,248.85440147953707,388.27764906105307
2025-11-12,12,72,135.8376763888889,72.00807638888884,271.1560899424027,125.16179065889216
2025-11-12,18,36,0.008638888888888889,0.008638888888888889,0.04825746344118988,0.04825746344118988
2025-11-13,0,144,261.4576111111111,261.4576111111111,458.3601748398593,458.3601748398593
2025-11-13,6,108,348.60694907407407,125.65239999999997,529.2687397543415,197.40335901640043
2025-11-13,12,72,344.9973270833333,84.99886527777777,568.7596690376334,143.460707782331
2025-11-13,18,36,0.009102777777777777,0.009102777777777777,0.050847345063434725,0.050847345063434725
2025-11-14,0,144,92.54330092592595,92.54330092592595,178.77078568423684,178.77078568423684
2025-11-14,6,108,123.38853827160494,253.37992037037043,206.42672102508845,377.5956325843473
2025-11-14,12,72,98.50954652777786,51.83549027777777,197.05256497289452,97.46299454778796
2025-11-14,18,36,0.007302777777777779,0.007302777777777779,0.04078832553562355,0.04078832553562355
2025-11-15,0,144,190.55997013888887,190.55997013888887,351.8079817765073,351.8079817765073
2025-11-15,6,108,254.07768425925929,81.07554012345679,406.2328653668942,139.31296516886155
2025-11-15,12,72,133.13728680555556,52.88311597222223,238.89939643609543,100.94449081840251
2025-11-15,18,36,0.007469444444444445,0.007469444444444445,0.04172402385516846,0.04172402385516846
2025-11-16,0,144,101.93784629629631,101.93784629629631,168.12187572660093,168.12187572660093
2025-11-16,6,108,135.9150802469136,97.23264074074078,194.13041940352485,148.62249282801164
2025-11-16,12,72,126.86000972222223,49.8569604166667,203.83926781113442,90.1424288594751
2025-11-16,18,36,0.006536111111111111,0.006536111111111111,0.036511014319882525,0.036511014319882525
2025-11-17,0,144,183.43668125000002,183.43668125000002,337.5690947232778,337.5690947232778
2025-11-17,6,108,244.58066851851854,184.68448796296292,389.79121511723974,319.7965175307435
2025-11-17,12,72,205.3405340277778,55.317740972222246,364.79515783053785,98.39641424201835
2025-11-17,18,36,0.005761111111111111,0.005761111111111111,0.032333101373738404,0.032333101373738404
2025-11-18,0,144,132.24560763888894,132.24560763888894,241.46502657842188,241.46502657842188
2025-11-18,6,108,176.3257740740741,177.61044660493832,278.81979569841013,296.410767194196
2025-11-18,12,72,111.5798062500001,47.103202546296316,233.51732239835027,85.531798517604
2025-11-18,18,36,0.004813888888888889,0.004813888888888889,0.027019257535649974,0.027019257535649974
2025-11-19,0,144,128.55774930555552,128.55774930555552,233.41853387206854,233.41853387206854
2025-11-19,6,108,171.40878425925925,202.00274907407405,269.5285063096045,354.3923974468136
2025-11-19,12,72,99.69572777777778,37.71078032407407,175.19731510287758,79.87089909887524
2025-11-19,18,36,0.004461111111111111,0.004461111111111111,0.02503146908282541,0.02503146908282541
2025-11-20,0,144,130.96315439814805,130.96315439814805,249.62895598044778,249.62895598044778
2025-11-20,6,108,174.6160910493826,77.05912160493827,288.24668952200796,118.1024051966541
2025-11-20,12,72,197.5618590277777,31.12258749999997,331.3837242656818,58.42032731188394
2025-11-20,18,36,0.004024999999999999,0.004024999999999999,0.02259125322380815,0.02259125322380815
2025-11-21,0,144,124.3266157407407,124.3266157407407,240.94484594510953,240.94484594510953
2025-11-21,6,108,165.76785802469132,164.4913861111111,278.2191431751405,272.92342673683214
2025-11-21,12,72,184.27640277777775,31.33442268518519,314.1355880599741,58.67219751924761
2025-11-21,18,36,0.0030388888888888887,0.0030388888888888887,0.0170601061609306,0.0170601061609306
2025-11-22,0,144,165.61311412037034,165.61311412037034,309.756882237653,309.756882237653
2025-11-22,6,108,220.8167271604938,105.3293657407408,357.67643861055336,182.8650579251148
2025-11-22,12,72,152.53604861111108,35.67647523148143,303.30006983801724,60.113563376452824
2025-11-22,18,36,0.0024861111111111112,0.0024861111111111112,0.013952548552544483,0.013952548552544483
2025-11-23,0,144,133.4912048611111,133.4912048611111,231.9071957094555,231.9071957094555
2025-11-23,6,108,177.98761111111108,99.45373117283954,267.7833636624168,166.0088999738421
2025-11-23,12,72,76.85864236111111,40.88694629629632,128.66575323242117,82.27953899020847
2025-11-23,18,36,0.002013888888888889,0.002013888888888889,0.011296226016781985,0.011296226016781985
2025-11-24,0,144,117.94822268518516,117.94822268518516,234.28810254399363,234.28810254399363
2025-11-24,6,108,157.26376913580242,96.41292623456785,270.5325980947217,159.48376234770473
2025-11-24,12,72,162.38914027777776,46.90787777777779,292.709224985344,100.52023214883438
2025-11-24,18,36,0.0016055555555555556,0.0016055555555555556,0.009006818404840734,0.009006818404840734
2025-11-25,0,144,256.4335493055556,256.4335493055556,464.5961121522521,464.5961121522521
2025-11-25,6,108,341.91109629629636,80.21504999999999,536.469380823043,135.06957413764835
2025-11-25,12,72,339.7073097222222,37.434155324074084,571.0899290430939,68.00592316783354
2025-11-25,18,36,0.0011749999999999998,0.0011749999999999998,0.00659985269195878,0.00659985269195878
2025-11-26,0,144,116.21534490740734,116.21534490740734,206.45666082117128,206.45666082117128
2025-11-26,6,108,154.95355432098762,120.80562314814813,238.39561739085357,187.99173076691685
2025-11-26,12,72,136.1904997685185,37.962947222222255,239.71098580432695,68.15010724349342
2025-11-26,18,36,0.0007055555555555555,0.0007055555555555555,0.003960148706523251,0.003960148706523251
2025-11-27,0,144,81.54910833333332,81.54910833333332,151.82589264750763,151.82589264750763
2025-11-27,6,108,108.73211296296294,146.78064228395053,175.31343997968224,224.91479000013746
2025-11-27,12,72,81.29711458333337,50.86010509259262,154.36170319463972,92.61279204374229
2025-11-27,18,36,0.0006694444444444444,0.0006694444444444444,0.003759469525227078,0.003759469525227078
2025-11-28,0,144,72.95015694444443,72.95015694444443,152.7599401311572,152.7599401311572
2025-11-28,6,108,97.26686203703701,110.1654373456791,176.3919851121704,197.55906996776082
2025-11-28,12,72,94.39723402777776,30.661681249999976,181.3104239662877,58.50062457421931
2025-11-28,18,36,6.944444444444444e-05,6.944444444444444e-05,0.0004166666666666667,0.0004166666666666667
2025-11-29,0,144,222.55498032407405,222.55498032407405,438.8736228522523,438.8736228522523
2025-11-29,6,108,296.73995524691355,81.63461049382722,506.76760858791175,126.09860081323399
2025-11-29,12,72,170.8473895833333,53.664855555555555,364.47384846818835,98.57992740873989
2025-11-29,18,36,0.00017777777777777779,0.00017777777777777779,0.0010666666666666667,0.0010666666666666667
2025-11-30,0,144,124.87012106481481,124.87012106481481,226.41643296673095,226.41643296673095
2025-11-30,6,108,166.4934104938272,89.67569444444446,261.44317704312755,170.89761802155678
2025-11-30,12,72,135.9232368055556,41.56364166666669,261.5417361242983,84.3695284428321
2025-11-30,18,36,0.0002916666666666667,0.0002916666666666667,0.00175,0.00175
2025-12-01,0,144,125.33432199074079,125.33432199074079,225.29171883966754,225.29171883966754
2025-12-01,6,108,167.11233209876548,135.25412469135807,260.144469034589,244.13537451630788
2025-12-01,12,72,121.81195347222223,43.12096504629629,228.29479550864664,88.18250423611465
2025-12-01,18,36,0.00036666666666666667,0.00036666666666666667,0.0021999999999999997,0.0021999999999999997
2025-12-02,0,144,164.84383055555554,164.84383055555554,354.9297560697803,354.9297560697803
2025-12-02,6,108,219.79162685185185,122.85860740740743,409.83758041810376,224.9754039307053
2025-12-02,12,72,186.64103333333333,39.3945421296296,377.8639379021137,75.19050431411351
2025-12-02,18,36,0.0005694444444444444,0.0005694444444444444,0.0031918733614533577,0.0031918733614533577
2025-12-03,0,144,232.20998680555553,232.20998680555553,451.6835005934039,451.6835005934039
2025-12-03,6,108,309.61313148148145,63.8312515432099,521.5591813091426,114.30539441281418
2025-12-03,12,72,315.00281736111106,51.90251550925929,543.8587644473291,102.60460037265902
2025-12-03,18,36,0.0004944444444444445,0.0004944444444444445,0.002773886162848873,0.002773886162848873
2025-12-04,0,144,227.12888611111111,227.12888611111111,462.41239769697575,462.41239769697575
2025-12-04,6,108,302.8383055555555,54.95024228395064,533.9478445700587,92.86951014993635
2025-12-04,12,72,350.23149027777777,39.288386805555604,620.9350393813849,80.04650617341264
2025-12-04,18,36,0.00065,0.00065,0.003643106122832853,0.003643106122832853
2025-12-05,0,144,78.45697939814819,78.45697939814819,155.77634765293828,155.77634765293828
2025-12-05,6,108,104.60908364197537,118.09304876543216,179.8750324886211,195.4168567649181
2025-12-05,12,72,67.29672407407412,30.309147222222197,116.27023775663227,65.80651889802044
2025-12-05,18,36,0.0008388888888888888,0.0008388888888888888,0.004711805504380578,0.004711805504380578
2025-12-06,0,144,64.80546574074077,64.80546574074077,123.91060716806665,123.91060716806665
2025-12-06,6,108,86.40701080246917,99.52760246913583,143.07964478255008,152.36705366123843
2025-12-06,12,72,64.50449583333335,47.329806944444464,129.1595582457436,87.8333679535394
2025-12-06,18,36,0.0007611111111111112,0.0007611111111111112,0.004277200538254484,0.004277200538254484
2025-12-07,0,144,186.1035449074074,186.1035449074074,362.7765849768104,362.7765849768104
2025-12-07,6,108,248.13772469135804,101.82813425925926,418.8983179714194,183.9780004658753
2025-12-07,12,72,181.56064930555556,33.78958611111111,347.21344489717654,82.05352893148581
2025-12-07,18,36,0.0008861111111111111,0.0008861111111111111,0.004978983608908326,0.004978983608908326
2025-12-08,0,144,176.7797013888889,176.7797013888889,366.4538691927114,366.4538691927114
2025-12-08,6,108,235.70593981481485,240.44266111111102,423.14448003593355,441.8745911610798
2025-12-08,12,72,92.5710712962963,29.54890138888887,188.32002762531923,65.06377485859258
2025-12-08,18,36,0.0009722222222222223,0.0009722222222222223,0.005463464509305835,0.005463464509305835
2025-12-09,0,144,167.65237916666672,167.65237916666672,368.3020545742009,368.3020545742009
2025-12-09,6,108,223.5362027777778,79.56199814814816,425.2785806928348,149.77291461768087
2025-12-09,12,72,106.95702314814818,42.18873518518517,222.8036801644924,82.19712323967616
2025-12-09,18,36,0.0010055555555555555,0.0010055555555555555,0.00564751666172349,0.00564751666172349
2025-12-10,0,144,136.3954736111111,136.3954736111111,267.3710447809269,267.3710447809269
2025-12-10,6,108,181.86023703703702,98.89657870370367,308.7334893317988,203.1014721731249
2025-12-10,12,72,100.1128986111111,22.662893750000052,200.0305357734185,46.29499071723878
2025-12-10,18,36,0.000911111111111111,0.000911111111111111,0.005113163838998751,0.005113163838998751
2025-12-11,0,144,126.14579444444442,126.14579444444442,262.4551418813864,262.4551418813864
2025-12-11,6,108,168.1940481481481,95.4023277777778,303.05709361235006,149.5262786184343
2025-12-11,12,72,173.13292708333333,39.86780277777778,334.6607308232613,78.47812298462367
2025-12-11,18,36,0.0011083333333333333,0.0011083333333333333,0.006216309194369276,0.006216309194369276
2025-12-12,0,144,84.54270902777778,84.54270902777778,153.31899572454228,153.31899572454228
2025-12-12,6,108,112.72328611111112,149.27398487654318,177.0375268786107,262.9149687295477
2025-12-12,12,72,107.6681965277778,52.61772013888887,186.73044629181305,109.07549081732671
2025-12-12,18,36,0.0010222222222222221,0.0010222222222222221,0.005731831198568995,0.005731831198568995
2025-12-13,0,144,132.61621180555562,132.61621180555562,234.62444889763796,234.62444889763796
2025-12-13,6,108,176.8212527777779,113.97792561728396,270.92097743603114,212.75499211887623
2025-12-13,12,72,128.7737118055556,40.69466203703709,225.80489825812973,87.54295835699583
2025-12-13,18,36,0.0010416666666666669,0.0010416666666666669,0.00584819535317425,0.00584819535317425
2025-12-14,0,144,152.50749097222226,152.50749097222226,290.82746880296713,290.82746880296713
2025-12-14,6,108,203.3430203703704,66.40700740740738,335.81863478953755,107.74157794721194
2025-12-14,12,72,138.51414375000007,51.6116152777778,258.12942951476595,93.23025971997346
2025-12-14,18,36,0.0009166666666666668,0.0009166666666666668,0.00514641191079334,0.00514641191079334
2025-12-15,0,144,193.09637986111113,193.09637986111113,369.79120390271316,369.79120390271316
2025-12-15,6,108,257.46154814814815,78.88148024691364,426.99810222495506,151.1779185747589
2025-12-15,12,72,143.52123749999998,36.32270185185185,263.97790568732825,74.2842203329912
2025-12-15,18,36,0.0009722222222222223,0.0009722222222222223,0.005463464509305835,0.005463464509305835
2025-12-16,0,144,82.42219861111113,82.42219861111113,167.74545703066173,167.74545703066173
2025-12-16,6,108,109.89593055555555,64.07242716049379,193.69576951669626,113.66394453831752
2025-12-16,12,72,110.15314930555554,37.38282870370373,206.15951339558137,65.57209342856899
2025-12-16,18,36,0.0009499999999999999,0.0009499999999999999,0.005330467980289243,0.005330467980289243
2025-12-17,0,144,122.45404375000001,122.45404375000001,300.2059945987278,300.2059945987278
2025-12-17,6,108,163.27173425925926,75.94071851851855,346.6480235734782,128.80500309705846
2025-12-17,12,72,39.602174999999995,35.91609236111117,80.2074974211512,71.83610973297095
2025-12-17,18,36,0.0009833333333333335,0.0009833333333333335,0.005514526271584895,0.005514526271584895
2025-12-18,0,144,63.064655787037054,63.064655787037054,123.24412040179112,123.24412040179112
2025-12-18,6,108,84.08585308641979,80.56494999999998,142.3100521383439,139.39590235681285
2025-12-18,12,72,90.52255138888889,21.73380833333333,159.17927751227967,41.58486175157934
2025-12-18,18,36,0.0009194444444444444,0.0009194444444444444,0.005163036359008567,0.005163036359008567
2025-12-19,0,144,110.72827407407402,110.72827407407402,262.29644462677686,262.29644462677686
2025-12-19,6,108,147.63741728395055,75.91108518518519,302.87384581311284,132.2201565974302
2025-12-19,12,72,143.60013935185182,47.90449791666665,312.60538862753856,91.09739034406145
2025-12-19,18,36,0.0009499999999999999,0.0009499999999999999,0.005330467980289243,0.005330467980289243
2025-12-20,0,144,59.437860416666666,59.437860416666666,118.18083050310598,118.18083050310598
2025-12-20,6,108,79.25019814814814,64.69445339506173,136.46346858035162,108.82651566786909
2025-12-20,12,72,71.15825532407409,40.31427476851852,130.30995511719536,82.46023237425987
2025-12-20,18,36,0.0009555555555555555,0.0009555555555555555,0.005363715544698884,0.005363715544698884
2025-12-21,0,144,60.84399791666672,60.84399791666672,117.4931028580506,117.4931028580506
2025-12-21,6,108,81.12501666666674,85.71785833333335,135.66934909178408,168.87985326411982
2025-12-21,12,72,61.20489537037039,53.23204953703698,125.26069826436701,99.17209397323118
2025-12-21,18,36,0.0009527777777777777,0.0009527777777777777,0.005347091628996915,0.005347091628996915
2025-12-22,0,144,93.80688912037036,93.80688912037036,213.8202566637576,213.8202566637576
2025-12-22,6,108,125.07555771604933,87.43967561728402,246.89836546940774,148.913464588439
2025-12-22,12,72,96.28138611111109,28.515325231481427,217.42796671659966,53.94064082980858
2025-12-22,18,36,0.0009138888888888889,0.0009138888888888889,0.005129787736565932,0.005129787736565932
2025-12-23,0,144,106.48208495370372,106.48208495370372,215.10734124577465,215.10734124577465
2025-12-23,6,108,141.97579475308646,84.79376450617282,248.384562726521,152.54781014976336
2025-12-23,12,72,48.13446018518519,30.88540347222219,90.56631364202542,61.578645209369974
2025-12-23,18,36,0.000911111111111111,0.000911111111111111,0.005113163838998751,0.005113163838998751
2025-12-24,0,144,58.04596250000001,58.04596250000001,121.42127488783933,121.42127488783933
2025-12-24,6,108,77.39428703703706,66.90828086419755,140.2052114470966,126.76290535308536
2025-12-24,12,72,51.34102037037038,47.55363263888891,105.87206430891146,84.0075330296749
2025-12-24,18,36,0.0009611111111111113,0.0009611111111111113,0.005396964167216809,0.005396964167216809
2025-12-25,0,144,142.27920000000003,142.27920000000003,287.25079224458136,287.25079224458136
2025-12-25,6,108,189.70529074074076,139.63556666666662,331.68864444103,228.07791422880092
2025-12-25,12,72,163.35808263888896,37.43507361111105,302.738920189919,71.5462094540877
2025-12-25,18,36,0.00105,0.00105,0.005898069363971758,0.005898069363971758
2025-12-26,0,144,91.84072546296296,91.84072546296296,171.20233403528667,171.20233403528667
2025-12-26,6,108,122.45399691358026,95.41352746913577,197.68742726028808,170.67834663325996
2025-12-26,12,72,97.26965416666665,42.228072916666704,191.19871842308228,77.92475231207537
2025-12-26,18,36,0.0010194444444444446,0.0010194444444444446,0.005715208754814746,0.005715208754814746
2025-12-27,0,144,88.90295208333332,88.90295208333332,167.817226085667,167.817226085667
2025-12-27,6,108,118.5369472222222,56.2019904320988,193.77864128507062,106.59610254442158
2025-12-27,12,72,72.62664930555553,49.000951620370365,150.06599861360502,99.50285678338204
2025-12-27,18,36,0.0009555555555555555,0.0009555555555555555,0.005363715544698884,0.005363715544698884
2025-12-28,0,144,81.34407546296296,81.34407546296296,171.61416123668138,171.61416123668138
2025-12-28,6,108,108.4584811728395,57.32130000000002,198.16296435401864,104.38743510323303
2025-12-28,12,72,93.85997106481483,36.72610486111109,190.44455427512094,68.22774969452048
2025-12-28,18,36,0.0010305555555555556,0.0010305555555555556,0.0057817000575570805,0.0057817000575570805
2025-12-29,0,144,81.63229143518518,81.63229143518518,170.80165102006723,170.80165102006723
2025-12-29,6,108,108.84267839506171,76.22418179012344,197.22475835486924,141.41264541075913
2025-12-29,12,72,75.12570231481484,64.05576319444437,139.9904727652309,116.88706662333477
2025-12-29,18,36,0.0008972222222222221,0.0008972222222222221,0.005030048597070299,0.005030048597070299
2025-12-30,0,144,109.19192685185183,109.19192685185183,211.71515737409936,211.71515737409936
2025-12-30,6,108,145.58888395061726,174.32693456790116,244.46760617893605,317.830044971409
2025-12-30,12,72,126.01199398148145,62.530200694444424,242.9651401188301,111.35383641321302
2025-12-30,18,36,0.0010055555555555555,0.0010055555555555555,0.00564751666172349,0.00564751666172349
2025-12-31,0,144,83.67126226851855,83.67126226851855,171.68789073319013,171.68789073319013
2025-12-31,6,108,111.5613330246914,42.76556481481481,198.2480998335672,71.0716772806033
2025-12-31,12,72,78.04335671296298,36.47030902777778,163.32584708662253,72.14638978760289
2025-12-31,18,36,0.001113888888888889,0.001113888888888889,0.006249555539751963,0.006249555539751963
