date,slot,policy,price_yuan_per_kwh,load_actual_kwh,pv_actual_kwh,load_forecast_kwh,pv_forecast_kwh,original_grid_plan_kwh,final_grid_plan_kwh,emergency_purchase_kwh,charge_kwh,discharge_kwh,remaining_energy_kwh,soc_start_kwh,soc_end_kwh,balance_error_kwh,original_plan_cost_yuan,final_non_emergency_cost_yuan,adjustment_increase_kwh,adjustment_decrease_kwh,adjustment_net_cost_yuan,emergency_cost_yuan,total_cost_yuan
2025-03-20,1,C3,0.4248,549.8448166666667,0.0,594.7990304165063,0.0,1437.4035568545355,1437.4035568545355,0.0,0.0,0.0,887.5587401878688,1408.0836897760962,1408.0836897760962,0.0,610.6090309518067,610.6090309518067,0.0,0.0,0.0,0.0,610.6090309518067
2025-03-20,2,C3,0.4245,570.3135,0.0,589.139188266639,0.0,1420.5697285801912,1420.5697285801912,0.0,0.0,0.0,850.2562285801912,1408.0836897760962,1408.0836897760962,0.0,603.0318497822911,603.0318497822911,0.0,0.0,0.0,0.0,603.0318497822911
2025-03-20,3,C3,0.4269,613.8516666666667,0.0,576.9388940664282,0.0,1408.9014923370532,1408.9014923370532,0.0,795.0498256703866,0.0,0.0,1408.0836897760962,2123.6285328794443,0.0,601.460047078688,601.460047078688,0.0,0.0,0.0,0.0,601.460047078688
2025-03-20,4,C3,0.4272,579.4561666666667,0.0,585.5582872442625,0.0,1396.5035111404611,1396.5035111404611,0.0,817.0398525075819,0.0,0.0074919662126831,2123.6285328794443,2858.964400136268,0.0,596.5862999592051,596.5862999592051,0.0,0.0,0.0,0.0,596.5862999592051
2025-03-20,5,C3,0.4271,550.4449166666667,0.0,580.117133400828,0.0,1400.0662264365242,1400.0662264365242,0.0,819.9490930356963,0.0,29.672216734161225,2858.964400136268,3596.9185838683948,0.0,597.9682853110395,597.9682853110395,0.0,0.0,0.0,0.0,597.9682853110395
2025-03-20,6,C3,0.4285,571.1566666666666,0.0,557.7650216084285,0.0,1340.6454074355493,1340.6454074355493,0.0,769.4887407688826,0.0,0.0,3596.9185838683948,4289.458450560389,0.0,574.4665570861329,574.4665570861329,0.0,0.0,0.0,0.0,574.4665570861329
2025-03-20,7,C3,0.4311,601.5890499999999,0.0,551.0084139160858,0.0,599.5636841612497,599.5636841612497,2.02536583875019,0.0,0.0,0.0,4289.458450560389,4289.458450560389,0.0,258.4719042419148,258.4719042419148,0.0,0.0,0.0,4.365676065426035,262.8375803073408
2025-03-20,8,C3,0.4302,611.48375,0.0,543.6680281025319,0.0,1360.2581837352054,1360.2581837352054,84.55889959812794,833.3333333333334,0.0,0.0,4289.458450560389,5039.458450560389,0.0,585.1830706428854,585.1830706428854,0.0,0.0,0.0,181.8861930355732,767.0692636784586
2025-03-20,9,C3,0.4279,598.2166666666667,0.0,535.9056074442731,0.0,1361.656325135059,1361.656325135059,69.89367486494109,833.3333333333334,0.0,0.0,5039.458450560389,5789.458450560389,1.1368683772161605e-13,582.6527415252917,582.6527415252917,0.0,0.0,0.0,149.53751737354145,732.1902588988332
2025-03-20,10,C3,0.4312,583.9359499999999,0.0,550.3697124832269,0.0,551.5366549710432,551.5366549710432,32.39929502895677,0.0,0.0,0.0,5789.458450560389,5789.458450560389,0.0,237.82260562351385,237.82260562351385,0.0,0.0,0.0,69.8528800824308,307.67548570594465
2025-03-20,11,C3,0.4333,590.99505,0.0,582.5763570684447,0.0,587.740449210905,587.740449210905,3.2546007890949795,0.0,0.0,0.0,5789.458450560389,5789.458450560389,0.0,254.66793664308517,254.66793664308517,0.0,0.0,0.0,7.051092609574273,261.7190292526594
2025-03-20,12,C3,0.4311,598.4433333333333,0.0,599.86445143854,0.0,1328.83263805542,1328.83263805542,5.310179974315474,735.6994846964021,0.0,0.0,5789.458450560389,6451.587986787151,-1.1368683772161605e-13,572.8597502656916,572.8597502656916,0.0,0.0,0.0,11.446092934637004,584.3058432003286
2025-03-20,13,C3,0.4293,565.9836166666666,0.0,572.0856820541409,0.0,1391.473506049956,1391.473506049956,7.84344395004382,833.3333333333333,0.0,0.0,6451.587986787151,7201.587986787151,0.0,597.3595761472461,597.3595761472461,0.0,0.0,0.0,16.83595243876906,614.1955285860151
2025-03-20,14,C3,0.4324,546.1207666666667,0.0,560.3376225478634,0.0,597.4296500061504,597.4296500061504,0.0,51.308883339483714,0.0,0.0,7201.587986787151,7247.765981792686,0.0,258.3285806626594,258.3285806626594,0.0,0.0,0.0,0.0,258.3285806626594
2025-03-20,15,C3,0.4367,565.7133333333334,0.0,578.1397317834247,0.0,622.3408820578991,622.3408820578991,0.0,56.62754872456571,0.0,0.0,7247.765981792686,7298.730775644795,0.0,271.77626319468453,271.77626319468453,0.0,0.0,0.0,0.0,271.77626319468453
2025-03-20,16,C3,0.4348,597.9265666666666,0.0,584.4588226371137,0.0,587.5805385734235,587.5805385734235,0.0,0.0,10.346028093243149,0.0,7298.730775644795,7287.235188874525,0.0,255.4800181717245,255.4800181717245,0.0,0.0,0.0,0.0,255.4800181717245
2025-03-20,17,C3,0.4335,600.9544666666667,0.0,600.3681137714358,0.0,588.7014654396603,588.7014654396603,10.73296771902162,0.0,1.5200335079847718,0.0,7287.235188874525,7285.546262754542,0.0,255.20208526809276,255.20208526809276,0.0,0.0,0.0,23.263707530979364,278.4657927990721
2025-03-20,18,C3,0.4357,587.1316666666667,0.0,613.9296777533956,0.0,629.4979946785644,629.4979946785644,0.0,42.366328011897735,0.0,0.0,7285.546262754542,7323.67595796525,0.0,274.2722762814505,274.2722762814505,0.0,0.0,0.0,0.0,274.2722762814505
2025-03-20,19,C3,0.4374,605.2103000000001,0.0,586.2178956592396,0.0,613.1616058034334,613.1616058034334,0.0,0.1456990574661176,0.0,7.805606745967225,7323.67595796525,7323.807087116969,0.0,268.19688637842177,268.19688637842177,0.0,0.0,0.0,0.0,268.19688637842177
2025-03-20,20,C3,0.4371,621.8923833333333,0.0,565.5807703139291,0.0,569.4962919662731,569.4962919662731,52.396091367060194,0.0,0.0,0.0,7323.807087116969,7323.807087116969,0.0,248.926829218458,248.926829218458,0.0,0.0,0.0,114.51165768271004,363.438486901168
2025-03-20,21,C3,0.4356,620.1683333333334,0.0,576.5237563490556,0.0,575.1625671435436,575.1625671435436,45.005766189789824,0.0,0.0,0.0,7323.807087116969,7323.807087116969,0.0,250.5408142477276,250.5408142477276,0.0,0.0,0.0,98.02255876136223,348.5633730090898
2025-03-20,22,C3,0.4353,616.6230833333333,0.0,594.3302169008502,0.0,593.0647543046392,593.0647543046392,23.55832902869406,0.0,0.0,0.0,7323.807087116969,7323.807087116969,0.0,258.16108754880946,258.16108754880946,0.0,0.0,0.0,51.274703130952624,309.4357906797621
2025-03-20,23,C3,0.436,612.46375,0.0,584.6181260822282,0.0,605.2560454176111,605.2560454176111,7.207704582388942,0.0,0.0,0.0,7323.807087116969,7323.807087116969,0.0,263.89163580207844,263.89163580207844,0.0,0.0,0.0,15.712795989607894,279.60443179168635
2025-03-20,24,C3,0.4378,603.93,0.0,565.9603108720286,0.0,591.8337883583131,591.8337883583131,12.096211641686864,0.0,0.0,0.0,7323.807087116969,7323.807087116969,0.0,259.1048325432695,259.1048325432695,0.0,0.0,0.0,26.478607283652547,285.583439826922
2025-03-20,25,C3,0.4401,589.79495,0.0003166666666666,586.5308539778747,0.0,619.9242518746346,619.9242518746346,0.0,30.129618541301287,0.0,0.0,7323.807087116969,7350.923743804141,-3.552713678800501e-15,272.8286632500267,272.8286632500267,0.0,0.0,0.0,0.0,272.8286632500267
2025-03-20,26,C3,0.4389,581.4640499999999,0.0,596.3158962630913,0.0,619.5129766389721,619.5129766389721,0.0,38.04892663897215,0.0,0.0,7350.923743804141,7385.167777779216,0.0,271.90424544684487,271.90424544684487,0.0,0.0,0.0,0.0,271.90424544684487
2025-03-20,27,C3,0.4364,585.585,0.0,585.2450285400934,0.0,641.9117512594504,641.9117512594504,0.0,56.32675125945036,0.0,0.0,7385.167777779216,7435.861853912721,0.0,280.1302882496242,280.1302882496242,0.0,0.0,0.0,0.0,280.1302882496242
2025-03-20,28,C3,0.4393,599.72965,0.0045166666666666,594.2440527036209,0.0,642.578552350073,642.578552350073,0.0,42.85341901673966,0.0,0.0,7435.861853912721,7474.429931027787,-3.5527136788005016e-14,282.2847580473871,282.2847580473871,0.0,0.0,0.0,0.0,282.2847580473871
2025-03-20,29,C3,0.4422,616.7393166666667,0.0,608.3625193569563,0.0,636.5775974024024,636.5775974024024,0.0,19.83828073573568,0.0,0.0,7474.429931027787,7492.284383689948,0.0,281.4946135713423,281.4946135713423,0.0,0.0,0.0,0.0,281.4946135713423
2025-03-20,30,C3,0.4395,625.595,0.0,609.6133699107476,0.0,637.9441312009009,637.9441312009009,0.0,12.349131200900842,0.0,0.0,7492.284383689948,7503.398601770759,0.0,280.376445662796,280.376445662796,0.0,0.0,0.0,0.0,280.376445662796
2025-03-20,31,C3,0.4333,619.49685,0.0629333333333333,597.5287162303762,0.0,624.9325764069038,624.9325764069038,82.05145186322119,87.55011160345829,0.0,0.0,7503.398601770759,7582.193702213872,9.947598300641405e-14,270.7832853571114,270.7832853571114,0.0,0.0,0.0,177.7644704616687,448.54775581878016
2025-03-20,32,C3,0.4439,617.8444000000001,0.0,593.7405058860846,0.0,623.0423620953873,623.0423620953873,24.10389411391567,29.301856209302866,0.0,0.0,7582.193702213872,7608.565372802244,-1.0658141036401504e-14,276.5685045341424,276.5685045341424,0.0,0.0,0.0,53.49859298583583,330.06709751997823
2025-03-20,33,C3,0.4301,607.115,0.0,593.7500838299246,0.0,1446.3170966788482,1446.3170966788482,0.0,833.3333333333334,0.0,5.868763345514822,7608.565372802244,8358.565372802244,0.0,622.0609832815726,622.0609832815726,0.0,0.0,0.0,0.0,622.0609832815726
2025-03-20,34,C3,0.3713,576.3066333333334,0.8765666666666667,590.4131346528119,0.0,1418.1171683602415,1418.1171683602415,0.0,833.3333333333333,0.0,9.353768360241816,8358.565372802244,9108.565372802244,-1.1368683772161605e-13,526.5469046121577,526.5469046121577,0.0,0.0,0.0,0.0,526.5469046121577
2025-03-20,35,C3,0.5708,671.4631166666667,0.0,683.8311944067797,0.0,671.8823134586595,671.8823134586595,0.0,0.0,0.0,0.4191967919928174,9108.565372802244,9108.565372802244,0.0,383.5104245222028,383.5104245222028,0.0,0.0,0.0,0.0,383.5104245222028
2025-03-20,36,C3,0.9099,827.015,0.0,812.8655411554369,0.0,11.007026913234768,11.007026913234768,0.0,0.0,816.0079730867652,0.0,9108.565372802244,8201.889847150283,0.0,10.015293788352317,10.015293788352317,0.0,0.0,0.0,0.0,10.015293788352317
2025-03-20,37,C3,0.9368,817.5199666666667,25.57003333333333,804.7358090700908,47.98578055555556,0.0,12.507250378886738,0.0,0.0,779.4426829544467,0.0,8201.889847150283,7335.842421645342,0.0,0.0,17.575188232411644,12.507250378886738,0.0,17.575188232411644,0.0,17.575188232411644
2025-03-20,38,C3,0.8758,776.8039833333333,66.84066666666666,786.8392905068407,95.97156111111111,0.0,0.0,0.0,0.0,709.9633166666667,0.0,7335.842421645342,6546.994292015713,1.1368683772161605e-13,0.0,0.0,0.0,0.0,0.0,0.0,0.0
2025-03-20,39,C3,0.8759,783.9583333333334,112.5875,807.8854422648234,143.95734166666668,0.0,0.0,0.0,0.0,671.3708333333334,0.0,6546.994292015713,5801.02669942312,0.0,0.0,0.0,0.0,0.0,0.0,0.0,0.0
2025-03-20,40,C3,0.8601,787.8168000000001,158.77193333333335,791.0188726445018,191.94312222222223,0.0,0.0,0.0,0.0,629.0448666666667,0.0,5801.02669942312,5102.0879586823785,0.0,0.0,0.0,0.0,0.0,0.0,0.0,0.0
2025-03-20,41,C3,0.8442,803.24555,217.08963333333327,777.7851333721059,239.92890277777775,0.0,136.12063628612094,0.0,0.0,450.03528038054577,0.0,5102.0879586823785,4602.04875825955,1.1368683772161605e-13,0.0,172.3695617291149,136.12063628612094,0.0,172.3695617291149,0.0,172.3695617291149
2025-03-20,42,C3,0.8334,813.3883333333333,282.20625,783.0350579780485,287.91468333333336,0.0,487.1530547424085,0.0,0.0,44.02902859092484,0.0,4602.04875825955,4553.127615380744,0.0,0.0,608.9900337334848,487.1530547424085,0.0,608.9900337334848,0.0,608.9900337334848
2025-03-20,43,C3,0.8092,781.5626833333334,334.98718333333335,780.4585668747633,338.9433388888889,320.25367544405486,444.3968140116644,0.0,0.0,2.178685988335701,0.0,4553.127615380744,4550.706853171482,0.0,259.1492741693292,409.8342157626937,124.14313856760953,0.0,150.68494159336444,0.0,409.8342157626937
2025-03-20,44,C3,0.7972,785.5607666666666,384.31915,806.9637028885357,389.9719944444444,392.8710194661486,418.442402654136,0.0,0.0,0.0,17.200785987469317,4550.706853171482,4550.706853171482,0.0,313.1967767184137,343.77503673460893,25.57138318798735,0.0,30.57826001619526,0.0,343.77503673460893
2025-03-20,45,C3,0.7644,804.5333333333333,434.95625,821.1221723329503,441.00065,389.36981600205456,389.36981600205456,0.0,0.0,0.0,19.79273266872127,4550.706853171482,4550.706853171482,5.684341886080803e-14,297.6342873519705,297.6342873519705,0.0,0.0,0.0,0.0,297.6342873519705
2025-03-20,46,C3,0.6899,763.026,482.3358,766.4857728764041,492.02930555555554,284.2407486839993,347.80682639340296,0.0,0.0,0.0,67.11662639340301,4550.706853171482,4550.706853171482,-5.684341886080803e-14,196.0976925170911,261.87904803466745,63.56607770940366,0.0,65.78135551757634,0.0,261.87904803466745
2025-03-20,47,C3,0.86,864.5061333333333,529.9280666666667,887.8705978212635,543.0579611111111,0.0,0.0,0.0,0.0,334.5780666666666,0.0,4550.706853171482,4178.953445764075,0.0,0.0,0.0,0.0,0.0,0.0,0.0,0.0
2025-03-20,48,C3,1.1617,1067.5983333333334,579.4187499999999,1102.2023519177371,594.0866166666666,0.0,0.0,0.0,0.0,488.1795833333334,0.0,4178.953445764075,3636.5316865048153,0.0,0.0,0.0,0.0,0.0,0.0,0.0,0.0
2025-03-20,49,C3,1.1683,1109.6747666666668,626.8709166666666,1068.4306165241464,646.8532861111111,0.0,0.0,0.0,0.0,482.8038500000001,0.0,3636.5316865048153,3100.082964282593,0.0,0.0,0.0,0.0,0.0,0.0,0.0,0.0
2025-03-20,50,C3,1.0956,1101.1000166666663,662.7286166666667,1018.5689371603916,699.6199555555555,0.0,0.0,0.0,0.0,438.37139999999965,0.0,3100.082964282593,2613.00363094926,0.0,0.0,0.0,0.0,0.0,0.0,0.0,0.0
2025-03-20,51,C3,1.0849,1114.545,703.3874999999999,1058.7958133544496,752.3866250000001,0.0,0.0,0.0,0.0,411.15750000000014,0.0,2613.00363094926,2156.161964282593,0.0,0.0,0.0,0.0,0.0,0.0,0.0,0.0
2025-03-20,52,C3,1.061,1108.296,775.6238166666667,1063.408222646732,805.1532944444444,0.0,0.0,0.0,0.0,332.6721833333333,0.0,2156.161964282593,1786.5262050233337,0.0,0.0,0.0,0.0,0.0,0.0,0.0,0.0
2025-03-20,53,C3,1.043,1117.5889166666666,839.5837833333334,1070.2145641919594,857.9199638888889,0.0,0.0,0.0,0.0,278.0051333333332,0.0,1786.5262050233337,1477.6316124307411,0.0,0.0,0.0,0.0,0.0,0.0,0.0,0.0
2025-03-20,54,C3,1.036,1126.3016666666667,863.4812499999999,1089.567005490479,910.6866333333334,0.0,0.0,12.951965478999796,0.0,249.868451187667,0.0,1477.6316124307411,1200.0,0.0,0.0,0.0,0.0,0.0,0.0,67.09118118121894,67.09118118121894
2025-03-20,55,C3,1.0147,1082.3667333333333,861.0829666666667,1080.0761317788658,947.1895444444444,0.0,0.0,221.28376666666657,0.0,-0.0,0.0,1200.0,1200.0,0.0,0.0,0.0,0.0,0.0,0.0,1122.6831901833327,1122.6831901833327
2025-03-20,56,C3,0.9922,1072.7398666666666,922.2215,1076.5570573568975,983.6924555555556,0.0,0.0,150.51836666666657,0.0,-0.0,0.0,1200.0,1200.0,0.0,0.0,0.0,0.0,0.0,0.0,746.7216170333329,746.7216170333329
2025-03-20,57,C3,0.97,1095.1416666666669,1017.95625,1083.8461106198408,1020.1953666666668,0.0,0.0,77.18541666666692,0.0,-0.0,0.0,1200.0,1200.0,0.0,0.0,0.0,0.0,0.0,0.0,374.3492708333346,374.3492708333346
2025-03-20,58,C3,0.9422,1066.5605833333334,1030.4658333333334,1072.8441421344007,1056.6982777777778,0.0,0.0,36.094749999999976,0.0,-0.0,0.0,1200.0,1200.0,0.0,0.0,0.0,0.0,0.0,0.0,170.0423672499999,170.0423672499999
2025-03-20,59,C3,0.9569,1074.321683333333,1033.0643333333337,1075.8001917443544,1093.201188888889,0.0,0.0,41.257349999999406,0.0,-0.0,0.0,1200.0,1200.0,0.0,0.0,0.0,0.0,0.0,0.0,197.39579107499716,197.39579107499716
2025-03-20,60,C3,0.9977,1116.2383333333337,1071.03125,1091.580492728633,1129.7041,0.0,0.0,45.207083333333685,0.0,-0.0,0.0,1200.0,1200.0,0.0,0.0,0.0,0.0,0.0,0.0,225.51553520833508,225.51553520833508
2025-03-20,61,C3,0.9919,1096.3326,1112.54135,1083.8994517391395,1157.7260749999998,0.0,0.0,0.0,0.0,0.0,16.20875000000001,1200.0,1200.0,0.0,0.0,0.0,0.0,0.0,0.0,0.0,0.0
2025-03-20,62,C3,0.9588,1074.2128666666667,1129.0006666666666,1071.7502017802942,1185.74805,0.0,0.0,0.0,0.0,0.0,54.78779999999984,1200.0,1200.0,0.0,0.0,0.0,0.0,0.0,0.0,0.0,0.0
2025-03-20,63,C3,0.9549,1078.935,1146.5125,1061.5780566057476,1213.770025,0.0,0.0,0.0,-0.0,0.0,67.5775000000001,1200.0,1200.0,0.0,0.0,0.0,0.0,0.0,0.0,0.0,0.0
2025-03-20,64,C3,0.9839,1075.7058833333333,1211.41895,1044.0728275582294,1241.792,0.0,0.0,0.0,0.0,0.0,135.7130666666667,1200.0,1200.0,0.0,0.0,0.0,0.0,0.0,0.0,0.0,0.0
2025-03-20,65,C3,0.799,1058.7226666666668,1242.5592333333334,1052.2545846257235,1269.813975,0.0,0.0,0.0,0.0,0.0,183.8365666666666,1200.0,1200.0,0.0,0.0,0.0,0.0,0.0,0.0,0.0,0.0
2025-03-20,66,C3,0.5025,1046.65,1210.5,1078.0758988940509,1297.83595,258.79442031204974,0.0,0.0,0.0,0.0,163.8499999999999,1200.0,1200.0,0.0,130.04419620680497,65.02209810340248,0.0,258.79442031204974,-65.02209810340248,0.0,65.02209810340248
2025-03-20,67,C3,0.4662,1060.3406,1170.2779833333334,1074.094971485072,1315.6730972222222,728.3182612093059,551.2632123476429,0.0,527.699276998802,0.0,133.50131868217431,1200.0,1674.9293492989218,-1.1368683772161605e-13,339.5419733757784,298.27044148612475,0.0,177.05504886166295,-41.27153188965366,0.0,298.27044148612475
2025-03-20,68,C3,0.5007,1065.63955,1175.4807,1043.9274281854016,1333.5102444444444,699.5615694059592,0.0,0.0,109.84114999999996,0.0,0.0,1674.9293492989218,1773.7863842989218,0.0,350.2704778015638,175.1352389007819,0.0,699.5615694059592,-175.1352389007819,0.0,175.1352389007819
2025-03-20,69,C3,0.4827,1060.0166666666669,1219.59375,1023.8915076019524,1351.347391666667,650.2276125379557,0.0,0.0,159.57708333333312,0.0,0.0,1773.7863842989218,1917.4057592989216,0.0,313.8648685720712,156.9324342860356,0.0,650.2276125379557,-156.9324342860356,0.0,156.9324342860356
2025-03-20,70,C3,0.4785,1070.6712666666667,1250.9388833333337,1044.5395085106393,1369.184538888889,676.311775234392,183.53655173685425,417.7243680222725,781.5285364257937,0.0,0.0,1917.4057592989216,2620.781442082136,1.1368683772161605e-13,323.61518444965657,205.71871222787064,0.0,492.7752234975378,-117.89647222178591,999.405550493287,1205.1242627211575
2025-03-20,71,C3,0.4662,1063.2702666666669,1272.5053833333334,1039.4806260494354,1387.0216861111112,646.5462947750151,480.1676614193524,143.93055524731437,833.3333333333333,0.0,0.0,2620.781442082136,3370.781442082136,0.0,301.41988262411206,262.6370231889071,0.0,166.3786333556627,-38.78285943520496,335.5021242814898,598.1391474703969
2025-03-20,72,C3,0.4432,1028.0533333333333,1303.075,999.566439971164,1404.8588333333337,582.6677904397446,498.5865439753071,59.72512269135939,833.3333333333333,0.0,0.0,3370.781442082136,4120.781442082136,0.0,258.2383647228948,239.60596050637545,0.0,84.08124646443753,-18.632404216519348,132.3508718840524,371.9568323904279
2025-03-20,73,C3,0.4411,993.1352666666668,1347.1565833333334,982.70654923002,1297.613686111111,673.7825300670852,493.6553867446072,0.0,0.0,0.0,847.6767034112738,4120.781442082136,4120.781442082136,1.1368683772161605e-13,297.20547401259125,257.4784325528188,0.0,180.127143322478,-39.72704145977252,0.0,257.4784325528188
2025-03-20,74,C3,0.4551,975.87165,1348.42845,988.0888508631596,1292.152372222222,738.163898630146,509.0059828243532,0.0,436.498495473083,0.0,445.0642873512703,4120.781442082136,4513.630088007911,0.0,335.93839026657946,283.7935065249713,0.0,229.15791580579287,-52.14488374160817,0.0,283.7935065249713
2025-03-20,75,C3,0.4463,980.61,1284.89375,995.000966400423,1286.691058333333,761.7423854240309,559.7213996848344,0.0,833.3333333333333,0.0,30.671816351501093,4513.630088007911,5263.630088007911,-1.1368683772161605e-13,339.96562661474496,294.8846436470433,0.0,202.02098573919648,-45.08098296770169,0.0,294.8846436470433
2025-03-20,76,C3,0.4113,1001.0465666666668,1200.876,989.18392109663,1281.2297444444446,785.1756266767279,578.0531941522512,55.45070584774885,833.3333333333333,0.0,0.0,5263.630088007911,6013.630088007911,-1.1368683772161605e-13,322.94273525213816,280.34800700347955,0.0,207.12243252447672,-42.59472824865861,114.0343765758955,394.3823835793751
2025-03-20,77,C3,0.5682,1028.0591333333334,1201.1573666666666,998.1217321899234,1275.7684305555556,0.0,0.0,104.54846503229952,277.6466983656327,0.0,0.0,6013.630088007911,6263.51211653698,-1.1368683772161605e-13,0.0,0.0,0.0,0.0,0.0,297.022189156763,297.022189156763
2025-03-20,78,C3,0.8279,1058.5633333333333,1254.3,1028.859251026135,1270.3071166666666,22.42299926352935,22.42299926352935,0.0,218.15966593019607,0.0,0.0,6263.51211653698,6459.855815874156,0.0,18.564001090275948,18.564001090275948,0.0,0.0,0.0,0.0,18.564001090275948
2025-03-20,79,C3,0.8636,1085.1036,1223.1791666666666,1056.446013628922,1249.9275333333333,48.91335795148234,48.822647821627214,0.0,186.8982144882939,0.0,0.0,6459.855815874156,6628.064208913621,0.0,42.24157592690015,42.2024072928287,0.0,0.0907101298551253,-0.0391686340714443,0.0,42.2024072928287
2025-03-20,80,C3,0.8416,1059.80525,1150.1056333333331,1053.668643044505,1229.54795,74.95084026446011,74.95084026446011,0.0,165.25122359779334,0.0,0.0,6628.064208913621,6776.790310151635,0.0,63.07862716656963,63.07862716656963,0.0,0.0,0.0,0.0,63.07862716656963
2025-03-20,81,C3,0.8618,1006.55,1101.66875,1039.2481022296977,1209.1683666666668,0.0,0.0,0.0,95.11875000000008,0.0,0.0,6776.790310151635,6862.397185151635,0.0,0.0,0.0,0.0,0.0,0.0,0.0,0.0
2025-03-20,82,C3,0.8623,1004.8308,1107.0299166666666,1052.853551510101,1188.7887833333334,0.08685675548179,0.08685675548179,0.0,102.28597342214846,0.0,0.0,6862.397185151635,6954.454561231569,1.1368683772161605e-13,0.0748965802519475,0.0748965802519475,0.0,0.0,0.0,0.0,0.0748965802519475
2025-03-20,83,C3,0.9026,1029.630216666667,1134.42295,1037.4810886262749,1168.4092,0.0,0.0,0.0,104.792733333333,0.0,0.0,6954.454561231569,7048.768021231568,0.0,0.0,0.0,0.0,0.0,0.0,0.0,0.0
2025-03-20,84,C3,0.9754,1046.67,1133.325,1006.4284568673568,1148.0296166666667,0.0,0.0,0.0,86.65499999999997,0.0,0.0,7048.768021231568,7126.757521231568,0.0,0.0,0.0,0.0,0.0,0.0,0.0,0.0
2025-03-20,85,C3,1.0002,1047.24705,1075.6022833333334,1030.0103647848484,1101.2780416666667,0.0,0.0,0.0,28.355233333333445,0.0,0.0,7126.757521231568,7152.277231231568,0.0,0.0,0.0,0.0,0.0,0.0,0.0,0.0
2025-03-20,86,C3,0.9978,1052.4853333333333,1033.9314333333334,1031.546216623227,1054.5264666666667,0.0,0.0,0.0,0.0,18.553899999999885,0.0,7152.277231231568,7131.661786787124,0.0,0.0,0.0,0.0,0.0,0.0,0.0,0.0
2025-03-20,87,C3,1.0271,1058.7983333333334,1019.28125,1006.8013138878972,1007.7748916666666,0.0,0.0,0.0,0.0,39.5170833333334,0.0,7131.661786787124,7087.753916416753,0.0,0.0,0.0,0.0,0.0,0.0,0.0,0.0
2025-03-20,88,C3,1.0906,1043.2368833333333,972.9436,1030.4222928438369,961.0233166666668,0.0,0.0,0.0,0.0,70.2932833333333,0.0,7087.753916416753,7009.650268268605,0.0,0.0,0.0,0.0,0.0,0.0,0.0,0.0
2025-03-20,89,C3,0.9376,1031.6857666666667,905.32725,1053.8786553686232,914.2717416666668,0.0,0.0,0.0,0.0,126.35851666666667,0.0,7009.650268268605,6869.251916416753,0.0,0.0,0.0,0.0,0.0,0.0,0.0,0.0
2025-03-20,90,C3,0.6694,1026.1066666666668,845.4625,1047.838448487673,867.5201666666667,1241.2770831048178,1115.3915879506203,0.0,833.3333333333334,0.0,101.41408795062011,6869.251916416753,7619.251916416753,1.1368683772161605e-13,830.9108794303651,788.7770042022552,0.0,125.88549515419754,-42.1338752281099,0.0,788.7770042022552
2025-03-20,91,C3,0.66,1006.5609833333332,809.2424166666666,1032.0180068983686,813.4041944444444,1234.1175536072697,1101.743777963581,0.0,833.3333333333334,0.0,71.09187796358094,7619.251916416753,8369.251916416753,1.1368683772161605e-13,814.517585380798,770.8342394183807,0.0,132.37377564368876,-43.68334596241732,0.0,770.8342394183807
2025-03-20,92,C3,0.7217,1009.11315,760.3063833333334,1017.6739692460308,759.2882222222223,530.1037772407295,530.1037772407295,490.0431432832863,771.3401538573493,0.0,0.0,8369.251916416753,9063.458054888368,0.0,382.5758960346345,382.5758960346345,0.0,0.0,0.0,1768.3206825377388,2150.896578572373
2025-03-20,93,C3,0.7308,1031.28,691.1374999999999,1017.1245639157625,705.17225,548.1743149965878,548.1743149965878,28.190186084237524,236.2220010808253,0.0,0.0,9063.458054888368,9276.05785586111,2.8421709430404014e-14,400.6057893995064,400.6057893995064,0.0,0.0,0.0,103.00693995180391,503.6127293513103
2025-03-20,94,C3,0.7534,1032.5620166666663,629.77975,1031.9987362215077,651.0562777777777,593.482693902378,593.482693902378,21.839808222937165,212.54023545864885,0.0,0.0,9276.05785586111,9467.344067773894,1.7053025658242404e-13,447.1298615860515,447.1298615860515,0.0,0.0,0.0,82.2705575758043,529.4004191618558
2025-03-20,95,C3,0.7823,1031.0229333333334,578.5704833333333,1009.9873556129736,596.9403055555555,563.9623178918569,563.9623178918569,27.66342280006341,139.17329069192016,0.0,0.0,9467.344067773894,9592.600029396624,1.7053025658242404e-13,441.1877212867996,441.1877212867996,0.0,0.0,0.0,108.20547828244806,549.3931995692477
2025-03-20,96,C3,0.8055,1033.361666666667,526.0375,971.163584070545,542.8243333333334,609.3386700098683,609.3386700098683,78.9849159294547,180.99941927265616,0.0,0.0,9592.600029396624,9755.499506742011,-1.1368683772161605e-13,490.82229869294895,490.82229869294895,0.0,0.0,0.0,318.1117489058788,808.9340475988278
2025-03-20,97,C3,0.8271,1025.5623833333334,463.3008333333333,988.8984378307532,491.1210444444444,672.6814742301052,672.6814742301052,64.48415661369037,174.90408084379547,0.0,0.0,9755.499506742011,9912.91317950143,8.526512829121202e-14,556.37484733572,556.37484733572,0.0,0.0,0.0,266.67422967591654,823.0490770116365
2025-03-20,98,C3,0.8519,1016.9598666666668,417.89265,1008.7418334442956,439.4177555555555,714.6097268567974,714.6097268567974,29.74313877792767,145.2856489680582,0.0,0.0,9912.91317950143,10043.670263572682,2.8421709430404014e-14,608.7760263093056,608.7760263093056,0.0,0.0,0.0,126.69089962458293,735.4669259338885
2025-03-20,99,C3,0.8791,1019.825,389.06875,1002.916625448638,387.7144666666666,719.9228096160793,684.9302665576467,15.554091218028772,69.7281077756755,0.0,0.0,10043.670263572682,10106.42556057079,-7.105427357601003e-14,632.8841419334954,617.5031696321613,0.0,34.9925430584326,-15.380972301334054,68.36800794884547,685.8711775810068
2025-03-20,100,C3,0.9024,1034.9158166666666,346.1802666666667,998.2516926055984,336.0111777777778,740.9158275018744,727.5113373575871,26.49503517217957,65.27082252976672,0.0,0.0,10106.42556057079,10165.16930084758,2.8421709430404014e-14,668.6024427376915,662.554336784589,0.0,13.404490144287363,-6.048105953102436,119.5455986968742,782.0999354814633
2025-03-20,101,C3,0.9163,1031.6998333333331,288.97555,1001.9169584872136,284.3078888888889,808.3057740405161,789.0251129094195,25.1152137350092,71.41604331109556,0.0,0.0,10165.16930084758,10229.443739827566,0.0,740.6505807533249,731.817145856113,0.0,19.280661131096625,-8.833434897211873,115.06535172694466,846.8824975830577
2025-03-20,102,C3,0.9264,1017.0316666666666,229.61875,1020.1944564993714,232.6046,850.3267197460789,850.3267197460789,0.0,62.91380307941222,0.0,0.0,10229.443739827566,10286.066162599036,1.1368683772161605e-13,787.7426731727675,787.7426731727675,0.0,0.0,0.0,0.0,787.7426731727675
2025-03-20,103,C3,0.9462,1023.8828166666668,180.65036666666663,1047.3787162689166,193.8371666666667,891.4383101288222,891.4383101288222,0.0,48.205860128822,0.0,0.0,10286.066162599036,10329.451436714977,1.1368683772161605e-13,843.4789290438916,843.4789290438916,0.0,0.0,0.0,0.0,843.4789290438916
2025-03-20,104,C3,0.9742,1012.5022333333332,138.64705,1016.9125411691376,155.06973333333335,908.5336445946537,908.5336445946537,1.5263360625741305,36.204797323894525,0.0,0.0,10329.451436714977,10362.03575430648,5.684341886080803e-14,885.0934765641115,885.0934765641115,0.0,0.0,0.0,7.4347829607985885,892.52825952491
2025-03-20,105,C3,0.9862,1004.28,99.55625,979.4815235857476,116.3023,897.2338697403297,897.2338697403297,7.489880259671899,0.0,0.0,0.0,10362.03575430648,10362.03575430648,1.5916157281026244e-12,884.8520423379132,884.8520423379132,0.0,0.0,0.0,36.932599560442135,921.7846418983552
2025-03-20,106,C3,0.976,1035.5736,62.482850000000006,1030.5387493398032,77.53486666666667,1029.6505951937568,1029.6505951937568,54.14151348144623,110.70135867520304,0.0,0.0,10362.03575430648,10461.666977114162,1.5631940186722204e-13,1004.9389809091066,1004.9389809091066,0.0,0.0,0.0,264.2105857894576,1269.1495666985645
2025-03-20,107,C3,1.0742,899.02445,26.021266666666666,930.6160973189428,38.76743333333335,913.3210790771416,913.3210790771416,0.0,33.21439223405226,0.0,7.103503509755974,10461.666977114162,10491.55993012481,-2.8421709430404014e-14,981.0895031446656,981.0895031446656,0.0,0.0,0.0,0.0,981.0895031446656
2025-03-20,108,C3,1.2313,682.3533333333334,0.0,719.9167169734595,0.0,653.2961557244271,653.2961557244271,0.0,0.0,29.05717760890748,0.0,10491.55993012481,10459.274177226023,1.2505552149377765e-12,804.4035565434871,804.4035565434871,0.0,0.0,0.0,0.0,804.4035565434871
2025-03-20,109,C3,1.2561,697.9972833333333,0.0,694.5641871669495,0.0,688.7053630298965,688.7053630298965,0.0,0.0,9.29192030343711,0.0,10459.274177226023,10448.949821333315,3.410605131648481e-13,865.0828065018529,865.0828065018529,0.0,0.0,0.0,0.0,865.0828065018529
2025-03-20,110,C3,1.2447,740.2377833333334,0.9295666666666668,721.8104757882392,0.0,701.163535983397,701.163535983397,0.0,0.0,38.144680683270415,0.0,10448.949821333315,10406.566842796348,6.821210263296962e-13,872.7382532385342,872.7382532385342,0.0,0.0,0.0,0.0,872.7382532385342
2025-03-20,111,C3,1.2545,709.2416666666667,0.0,714.1426480663278,0.0,678.6524127681206,678.6524127681206,0.0,0.0,30.58925389854757,0.0,10406.566842796348,10372.578782909071,1.4779288903810084e-12,851.3694518176072,851.3694518176072,0.0,0.0,0.0,0.0,851.3694518176072
2025-03-20,112,C3,1.2522,714.4228166666667,0.0,721.3670590659789,0.0,692.356921185085,692.356921185085,0.0,0.0,22.065895481581173,0.0,10372.578782909071,10348.061121262872,-5.684341886080801e-13,866.9693367079634,866.9693367079634,0.0,0.0,0.0,0.0,866.9693367079634
2025-03-20,113,C3,1.2881,745.0410666666667,0.0667333333333333,718.8725063024312,0.0,596.9864930291872,596.9864930291872,0.0,0.0,147.98784030414663,0.0,10348.061121262872,10183.630187591598,4.547473508864641e-13,768.978301670896,768.978301670896,0.0,0.0,0.0,0.0,768.978301670896
2025-03-20,114,C3,1.3466,763.2066666666666,0.0,710.7481902914152,0.0,0.0,0.0,0.0,0.0,763.2066666666666,0.0,10183.630187591598,9335.62278018419,0.0,0.0,0.0,0.0,0.0,0.0,0.0,0.0
2025-03-20,115,C3,1.3523,746.7180333333334,0.0,730.3575208069877,0.0,0.0,0.0,0.0,0.0,746.7180333333334,0.0,9335.62278018419,8505.936076480486,0.0,0.0,0.0,0.0,0.0,0.0,0.0,0.0
2025-03-20,116,C3,1.3445,714.2603,0.0048,735.1163148392169,0.0,0.0,0.0,0.0,0.0,714.2555,0.0,8505.936076480486,7712.318854258264,0.0,0.0,0.0,0.0,0.0,0.0,0.0,0.0
2025-03-20,117,C3,1.3483,699.4633333333333,0.0,732.3609413275171,0.0,0.0,0.0,0.0,0.0,699.4633333333333,0.0,7712.318854258264,6935.137372776782,0.0,0.0,0.0,0.0,0.0,0.0,0.0,0.0
2025-03-20,118,C3,1.349,721.8114,0.0,767.4535361818702,0.0,0.0,0.0,0.0,0.0,721.8114,0.0,6935.137372776782,6133.124706110116,0.0,0.0,0.0,0.0,0.0,0.0,0.0,0.0
2025-03-20,119,C3,1.3473,728.4913499999999,0.00035,764.9315679752632,0.0,0.0,0.0,0.0,0.0,728.4909999999999,0.0,6133.124706110116,5323.690261665672,0.0,0.0,0.0,0.0,0.0,0.0,0.0,0.0
2025-03-20,120,C3,1.3482,726.3683333333333,0.0,728.8590223388418,0.0,0.0,0.0,0.0,0.0,726.3683333333333,0.0,5323.690261665672,4516.614335739746,0.0,0.0,0.0,0.0,0.0,0.0,0.0,0.0
2025-03-20,121,C3,1.3513,764.3365166666667,0.0,737.1418073002606,0.0,0.0,0.0,0.0,0.0,764.3365166666667,0.0,4516.614335739746,3667.3515394434494,0.0,0.0,0.0,0.0,0.0,0.0,0.0,0.0
2025-03-20,122,C3,1.34,753.9438166666667,0.0,725.5217102214007,0.0,0.0,0.0,0.0,0.0,753.9438166666667,0.0,3667.3515394434494,2829.6361875915973,0.0,0.0,0.0,0.0,0.0,0.0,0.0,0.0
2025-03-20,123,C3,1.3489,702.5616666666666,0.0,694.2559899931535,0.0,0.0,0.0,0.0,0.0,702.5616666666666,0.0,2829.6361875915973,2049.012113517523,0.0,0.0,0.0,0.0,0.0,0.0,0.0,0.0
2025-03-20,124,C3,1.3952,709.3744833333334,0.0,715.433843942179,0.0,0.0,0.0,0.0,0.0,709.3744833333334,0.0,2049.012113517523,1260.8182431471528,0.0,0.0,0.0,0.0,0.0,0.0,0.0,0.0
2025-03-20,125,C3,1.2226,719.8359833333334,0.0,744.804546110243,0.0,713.6047673447347,713.6047673447347,0.0,0.0,6.231215988598819,0.0,1260.8182431471528,1253.8946698264874,1.1368683772161605e-13,872.4531885556726,872.4531885556726,0.0,0.0,0.0,0.0,872.4531885556726
2025-03-20,126,C3,0.9332,709.5416666666666,0.0,740.1284580857081,0.0,730.6174566002679,730.6174566002679,0.0,0.0,0.0,21.075789933601506,1253.8946698264874,1253.8946698264872,-2.0250467969162853e-13,681.81221049937,681.81221049937,0.0,0.0,0.0,0.0,681.81221049937
2025-03-20,127,C3,0.9068,715.0446833333334,0.0,705.7132049429111,0.0,718.686840424334,728.3076944408936,0.0,0.0,0.0,13.263011107560327,1253.8946698264872,1253.8946698264872,-1.8118839761882557e-13,651.7052268967861,664.7915125301104,9.62085401655952,0.0,13.086285633324223,0.0,664.7915125301104
2025-03-20,128,C3,0.9371,736.4506,0.0,700.215106699774,0.0,729.4193224333069,729.4193224333069,0.0,0.0,7.0312775666933245,0.0,1253.8946698264872,1246.082139196828,2.273736754432321e-13,683.5388470522519,683.5388470522519,0.0,0.0,0.0,0.0,683.5388470522519
2025-03-20,129,C3,0.9371,758.9333333333334,0.0,727.1657075603042,0.0,738.8249634415191,738.8249634415191,0.0,0.0,20.108369891814185,0.0,1246.082139196828,1223.739505983701,-1.1368683772161605e-13,692.3528732410476,692.3528732410476,0.0,0.0,0.0,0.0,692.3528732410476
2025-03-20,130,C3,0.9871,754.3754666666667,0.0,724.6362484837465,0.0,700.0895822655787,721.4779354312006,11.531975850135131,0.0,21.36555538533096,0.0,1223.739505983701,1200.0,0.0,691.0584266543527,722.727091769031,21.388353165621997,0.0,31.66866511467822,56.91606680834195,779.6431585773729
2025-03-20,131,C3,0.7764,666.9375333333334,0.0,646.7479778275615,0.0,609.8048836463161,651.5911283774219,15.346404955911453,0.0,-0.0,0.0,1200.0,1200.0,0.0,473.45251166299977,522.1167722768456,41.78624473110585,0.0,48.66426061384584,59.57474403884825,581.6915163156939
2025-03-20,132,C3,0.4209,553.1566666666666,0.0,553.8418515184854,0.0,617.4479585864042,617.4479585864042,0.0,0.0,0.0,64.29129191973755,1200.0,1200.0,0.0,259.8838457690175,259.8838457690175,0.0,0.0,0.0,0.0,259.8838457690175
2025-03-20,133,C3,0.3859,538.9014666666667,0.0,557.4144199080248,0.0,559.3447905595655,559.3447905595655,0.0,1.7703943587619304,0.0,18.672929534136845,1200.0,1201.5933549228855,0.0,215.85115467693632,215.85115467693632,0.0,0.0,0.0,0.0,215.85115467693632
2025-03-20,134,C3,0.4368,553.3285,0.0,572.0042088571967,0.0,570.5701894265994,570.5701894265994,0.0,0.0,0.0,17.241689426599702,1201.5933549228855,1201.5933549228855,-2.380318164796336e-13,249.22505874153865,249.22505874153865,0.0,0.0,0.0,0.0,249.22505874153865
2025-03-20,135,C3,0.4198,542.64,0.0,558.3472385186168,0.0,577.3780651853904,577.3780651853904,0.0,0.0,0.0,34.73806518539038,1201.5933549228855,1201.5933549228855,0.0,242.38331176482689,242.38331176482689,0.0,0.0,0.0,0.0,242.38331176482689
2025-03-20,136,C3,0.4186,524.0221,0.0,557.7476056317056,0.0,592.0874345409978,592.0874345409978,0.0,0.0,0.0,68.06533454099785,1201.5933549228855,1201.5933549228855,-4.263256414560601e-14,247.8478000988617,247.8478000988617,0.0,0.0,0.0,0.0,247.8478000988617
2025-03-20,137,C3,0.4241,526.9695666666667,0.0,549.6502200319304,0.0,560.0885632511537,568.2623899426582,0.0,11.215949517526308,0.0,30.0768737584652,1201.5933549228855,1211.6877094886593,0.0,237.53355967481423,242.7333395246148,8.173826691504473,0.0,5.199779849800564,0.0,242.7333395246148
2025-03-20,138,C3,0.4237,549.4,0.0,544.2061101308337,0.0,514.2453407394553,553.6862150920072,0.0,4.2862150920070015,0.0,0.0,1211.6877094886593,1215.5453030714657,1.8118839761882557e-13,217.8857508713072,242.9523985660716,39.44087435255187,0.0,25.06664769476436,0.0,242.9523985660716
2025-03-20,139,C3,0.4248,559.40135,0.0,574.6277179241843,0.0,557.9099382654878,567.7671142356983,0.0,0.0,0.0,8.365764235698224,1215.5453030714657,1215.545303071466,6.927791673660978e-14,237.0001417751792,243.28113430339727,9.857175970210506,0.0,6.280992528218121,0.0,243.28113430339727
2025-03-20,140,C3,0.424,543.6279333333333,0.0,581.135427595765,0.0,556.3368372252245,569.798207725907,0.0,0.0,0.0,26.17027439257375,1215.545303071466,1215.545303071466,-7.460698725481053e-14,235.8868189834952,244.44825062192925,13.461370500682506,0.0,8.561431638434073,0.0,244.44825062192925
2025-03-20,141,C3,0.422,544.6216666666667,0.0,564.1379316455842,0.0,569.8712231890235,578.0430096433917,0.0,0.0,0.0,33.421342976724986,1215.545303071466,1215.545303071466,0.0,240.48565618576788,245.65839701138296,8.171786454368203,0.0,5.17274082561508,0.0,245.65839701138296
2025-03-20,142,C3,0.424,600.6793333333334,0.0,571.3077666768223,0.0,548.617463183506,581.9608621544712,15.426932439054342,0.0,3.2915387398078177,0.0,1215.545303071466,1211.8880378050128,0.0,232.6138043898065,253.8202061353404,33.34339897096527,0.0,21.206401745533896,32.70509677079521,286.5253029061356
2025-03-20,143,C3,0.4271,540.9781833333333,0.0,510.3185359881157,0.0,485.7320920566344,513.1970226857941,27.781160647539377,0.0,0.0,0.0,1211.8880378050128,1211.888037805013,2.273736754432321e-13,207.4561765173885,225.0515843249597,27.46493062915971,0.0,17.595407807571178,59.32666856282034,284.37825288778004
2025-03-20,144,C3,0.4276,400.1666666666667,0.0,406.8587989745079,0.0,362.0272934531686,393.8279907248768,0.0,0.0,6.338675941789734,0.0,1211.888037805013,1204.8450645363578,-1.1368683772161605e-13,154.8028706805749,175.19983791064854,31.8006972717082,0.0,20.39696723007364,0.0,175.19983791064854
2025-06-21,1,C3,0.4248,514.6639666666666,0.0,555.4472283591426,0.0,548.1448084238666,548.1448084238666,0.0,0.0,0.0,33.48084175719998,1731.1409574337647,1731.1409574337647,0.0,232.85191461845852,232.85191461845852,0.0,0.0,0.0,0.0,232.85191461845852
2025-06-21,2,C3,0.4245,533.34865,0.0,547.2447086714159,0.0,1274.5271657582998,1274.5271657582998,0.0,203.8917206487736,0.0,537.2867951095262,1731.1409574337647,1914.643506017661,0.0,541.0367818643982,541.0367818643982,0.0,0.0,0.0,0.0,541.0367818643982
2025-06-21,3,C3,0.4269,566.91,0.0,529.175573305756,0.0,538.0410206607723,538.0410206607723,28.86897933922762,0.0,0.0,0.0,1914.643506017661,1914.643506017661,0.0,229.6897117200837,229.6897117200837,0.0,0.0,0.0,61.62083639958136,291.3105481196651
2025-06-21,4,C3,0.4272,510.58768333333336,0.0,530.4709103540313,0.0,517.1747112637457,517.1747112637457,0.0,0.0,0.0,6.587027930412376,1914.643506017661,1914.643506017661,0.0,220.93703665187215,220.93703665187215,0.0,0.0,0.0,0.0,220.93703665187215
2025-06-21,5,C3,0.4271,470.0428666666666,0.0,536.4231492588891,0.0,596.4425659153131,596.4425659153131,0.0,52.469803406149566,0.0,73.92989584249696,1914.643506017661,1961.8663290831955,0.0,254.74061990243024,254.74061990243024,0.0,0.0,0.0,0.0,254.74061990243024
2025-06-21,6,C3,0.4285,480.5633333333333,0.0,535.8956232445369,0.0,557.9073658591813,557.9073658591813,0.0,22.011742614644287,0.0,55.33228991120369,1961.8663290831955,1981.6768974363756,0.0,239.06330627065915,239.06330627065915,0.0,0.0,0.0,0.0,239.06330627065915
2025-06-21,7,C3,0.4311,478.3299333333334,0.0,529.0024036344229,0.0,510.5654011543356,510.5654011543356,0.0,0.0,0.0,32.23546782100226,1981.6768974363756,1981.6768974363756,0.0,220.10474443763408,220.10474443763408,0.0,0.0,0.0,0.0,220.10474443763408
2025-06-21,8,C3,0.4302,497.6381166666667,0.0,503.5107986557866,0.0,487.2807113414116,487.2807113414116,0.0,0.0,10.357405325255115,0.0,1981.6768974363756,1970.168669297203,0.0,209.6281620190753,209.6281620190753,0.0,0.0,0.0,0.0,209.6281620190753
2025-06-21,9,C3,0.4279,527.3633333333333,0.0,483.7071359084812,0.0,520.4666799603588,520.4666799603588,6.896653372974583,0.0,0.0,0.0,1970.168669297203,1970.168669297203,0.0,222.70769235503752,222.70769235503752,0.0,0.0,0.0,14.75538989147912,237.46308224651665
2025-06-21,10,C3,0.4312,510.80761666666666,0.0,504.0656467598908,0.0,533.643095829708,533.643095829708,0.0,22.835479163041384,0.0,0.0,1970.168669297203,1990.72060054394,0.0,230.1069029217701,230.1069029217701,0.0,0.0,0.0,0.0,230.1069029217701
2025-06-21,11,C3,0.4333,492.3409833333333,0.0,486.407634736612,0.0,486.8413675931759,486.8413675931759,5.499615740157424,0.0,0.0,0.0,1990.72060054394,1990.72060054394,0.0,210.94836457812312,210.94836457812312,0.0,0.0,0.0,11.91491750105106,222.86328207917416
2025-06-21,12,C3,0.4311,499.1033333333333,0.0,452.894843379164,0.0,455.4240197642385,455.4240197642385,43.6793135690948,0.0,0.0,0.0,1990.72060054394,1990.72060054394,0.0,196.3332949203632,196.3332949203632,0.0,0.0,0.0,94.15076039818383,290.48405531854706
2025-06-21,13,C3,0.4293,512.0669,0.0,499.502976454961,0.0,543.4053767755167,543.4053767755167,0.0,31.33847677551671,0.0,0.0,1990.72060054394,2018.9252296419052,0.0,233.2839282497293,233.2839282497293,0.0,0.0,0.0,0.0,233.2839282497293
2025-06-21,14,C3,0.4324,502.1835833333334,0.0,508.7070299872185,0.0,560.9741000432625,560.9741000432625,0.0,58.790516709929136,0.0,0.0,2018.9252296419052,2071.836694680841,0.0,242.56520085870676,242.56520085870676,0.0,0.0,0.0,0.0,242.56520085870676
2025-06-21,15,C3,0.4367,473.125,0.0,467.57894274045344,0.0,499.4867712523868,499.4867712523868,0.0,26.361771252386745,0.0,0.0,2071.836694680841,2095.5622888079897,0.0,218.12587300591727,218.12587300591727,0.0,0.0,0.0,0.0,218.12587300591727
2025-06-21,16,C3,0.4348,458.3199833333333,0.0,479.3909738934188,0.0,526.5495210231968,526.5495210231968,0.0,68.22953768986349,0.0,0.0,2095.5622888079897,2156.9688727288667,0.0,228.943731740886,228.943731740886,0.0,0.0,0.0,0.0,228.943731740886
2025-06-21,17,C3,0.4335,470.09745,0.0,478.9052274636129,0.0,501.1254564733363,501.1254564733363,0.0,29.18823966580627,0.0,1.839766807530076,2156.9688727288667,2183.2382884280923,0.0,217.2378853811913,217.2378853811913,0.0,0.0,0.0,0.0,217.2378853811913
2025-06-21,18,C3,0.4357,489.3733333333333,0.0,453.580414762682,0.0,417.6002849088247,417.6002849088247,35.79291857065116,0.0,35.98012985385744,0.0,2183.2382884280923,2143.2603663682507,0.0,181.9484441347749,181.9484441347749,0.0,0.0,0.0,77.97487310616354,259.92331724093845
2025-06-21,19,C3,0.4374,486.69823333333335,0.0001999999999999,463.1299405756056,0.0,429.7785284036381,429.7785284036381,22.02795612632013,0.0,34.891548803375095,0.0,2143.2603663682507,2104.491978808945,0.0,187.98512832375133,187.98512832375133,0.0,0.0,0.0,48.17514004826214,236.16026837201343
2025-06-21,20,C3,0.4371,491.8388,0.0,472.2011183715276,0.0,470.66098174011984,470.66098174011984,21.177818259880155,0.0,-0.0,0.0,2104.491978808945,2104.491978808945,0.0,205.7259151186064,205.7259151186064,0.0,0.0,0.0,46.28412180696807,252.01003692557444
2025-06-21,21,C3,0.4356,496.2516666666667,0.0,471.0706138693146,0.0,486.1279842198243,486.1279842198243,10.123682446842396,0.0,0.0,0.0,2104.491978808945,2104.491978808945,0.0,211.75734992615548,211.75734992615548,0.0,0.0,0.0,22.04938036922273,233.80673029537823
2025-06-21,22,C3,0.4353,463.383,0.0026999999999999,487.6085307107092,0.0,496.1146556500637,496.1146556500637,0.0,23.563495289864072,0.0,9.170860360199583,2104.491978808945,2125.6991245698227,7.105427357601002e-15,215.95870960447272,215.95870960447272,0.0,0.0,0.0,0.0,215.95870960447272
2025-06-21,23,C3,0.436,454.71765,0.0,498.7606732880779,0.0,530.9987213830201,530.9987213830201,0.0,32.238048094942414,0.0,44.04302328807769,2125.6991245698227,2154.713367855271,0.0,231.51544252299675,231.51544252299675,0.0,0.0,0.0,0.0,231.51544252299675
2025-06-21,24,C3,0.4378,477.0316666666667,0.0,480.2627787997517,0.0,532.1372238957101,532.1372238957101,0.0,51.874445095958336,0.0,3.231112133085091,2154.713367855271,2201.4003684416334,0.0,232.9696766215419,232.9696766215419,0.0,0.0,0.0,0.0,232.9696766215419
2025-06-21,25,C3,0.4401,474.3197,0.0377166666666666,436.6865319200874,0.1934861111111111,423.9363702125096,423.9363702125096,17.95678732471584,0.0,32.38882579610786,0.0,2201.4003684416334,2165.412784223736,0.0,186.5743965305255,186.5743965305255,0.0,0.0,0.0,39.513910508037206,226.0883070385627
2025-06-21,26,C3,0.4389,458.1585,0.0,435.5123094637541,0.3869722222222222,415.2931870418908,415.2931870418908,42.86531295810926,0.0,-0.0,0.0,2165.412784223736,2165.412784223736,0.0,182.27217979268585,182.27217979268585,0.0,0.0,0.0,94.06792928657076,276.34010907925665
2025-06-21,27,C3,0.4364,446.2183333333333,0.0,465.7721715885073,0.5804583333333333,504.88567113814514,504.88567113814514,0.0,39.69395788297131,0.0,18.973379921840525,2165.412784223736,2201.13734631841,0.0,220.3321068846865,220.3321068846865,0.0,0.0,0.0,0.0,220.3321068846865
2025-06-21,28,C3,0.4393,443.47855,0.5252666666666667,452.70359715501337,0.7739444444444444,487.67496582835327,487.67496582835327,0.0,44.72168249501995,0.0,0.0,2201.13734631841,2241.386860563928,-1.4210854715202004e-14,214.2356124883956,214.2356124883956,0.0,0.0,0.0,0.0,214.2356124883956
2025-06-21,29,C3,0.4422,450.38675,0.0,439.7727542066937,0.9674305555555556,466.7466574015497,466.7466574015497,0.0,16.35990740154972,0.0,0.0,2241.386860563928,2256.110777225323,0.0,206.39537190296528,206.39537190296528,0.0,0.0,0.0,0.0,206.39537190296528
2025-06-21,30,C3,0.4395,455.3866666666667,1.2125,438.15117213599393,1.1609166666666666,474.6310825261937,474.6310825261937,0.0,20.456915859527008,0.0,0.0,2256.110777225323,2274.522001498897,-2.131628207280301e-14,208.6003607702621,208.6003607702621,0.0,0.0,0.0,0.0,208.6003607702621
2025-06-21,31,C3,0.4333,444.1196333333333,19.460916666666662,417.5483772084988,24.840813888888885,432.7515840492846,432.7515840492846,0.0,8.092867382617953,0.0,0.0,2274.522001498897,2281.8055821432536,0.0,187.511261368555,187.511261368555,0.0,0.0,0.0,0.0,187.511261368555
2025-06-21,32,C3,0.4439,434.4785,43.99505,429.926850903741,48.52071111111111,436.2544444110078,436.2544444110078,0.0,45.7709944110078,0.0,0.0,2281.8055821432536,2322.9994771131605,-7.105427357601002e-15,193.6533478740464,193.6533478740464,0.0,0.0,0.0,0.0,193.6533478740464
2025-06-21,33,C3,0.4301,440.35833333333335,69.5125,470.24183055956223,72.20060833333334,448.92960403146407,448.92960403146407,33.62204283049658,111.7058135286273,0.0,0.0,2322.9994771131605,2423.534709288925,4.263256414560601e-14,193.0846226939327,193.0846226939327,0.0,0.0,0.0,72.3042031069829,265.3888258009156
2025-06-21,34,C3,0.3713,457.51068333333336,97.93268333333332,475.4960622034694,95.88050555555554,1222.2541211314528,1222.2541211314528,0.0,833.3333333333333,0.0,29.342787798119502,2423.534709288925,3173.534709288925,-1.1368683772161605e-13,453.8229551761085,453.8229551761085,0.0,0.0,0.0,0.0,453.8229551761085
2025-06-21,35,C3,0.5708,459.6736666666666,122.63875,463.46541596421457,119.56040277777775,0.0,0.0,0.0,0.0,337.03491666666656,0.0,3173.534709288925,2799.0514685481844,0.0,0.0,0.0,0.0,0.0,0.0,0.0,0.0
2025-06-21,36,C3,0.9099,456.94,148.45000000000002,462.4415077817487,143.2403,0.0,0.0,0.0,0.0,308.49,0.0,2799.0514685481844,2456.284801881517,5.684341886080803e-14,0.0,0.0,0.0,0.0,0.0,0.0,0.0
2025-06-21,37,C3,0.9368,481.45506666666665,189.49256666666668,477.911120364616,198.95709722222225,0.0,0.0,0.0,0.0,291.9625,0.0,2456.284801881517,2131.88202410374,0.0,0.0,0.0,0.0,0.0,0.0,0.0,0.0
2025-06-21,38,C3,0.8758,488.7051666666667,242.2338,468.7778106282217,249.46419444444447,0.0,0.0,0.0,0.0,246.47136666666668,0.0,2131.88202410374,1858.0249500296657,0.0,0.0,0.0,0.0,0.0,0.0,0.0,0.0
2025-06-21,39,C3,0.8759,460.67,294.31875,438.9746487449531,299.9712916666667,0.0,0.0,0.0,0.0,166.3512499999999,0.0,1858.0249500296657,1673.1902278074435,-5.684341886080803e-14,0.0,0.0,0.0,0.0,0.0,0.0,0.0
2025-06-21,40,C3,0.8601,434.43561666666665,337.05043333333333,438.4366939677223,350.4783888888889,0.0,0.0,0.0,0.0,97.38518333333332,0.0,1673.1902278074435,1564.9844685481844,0.0,0.0,0.0,0.0,0.0,0.0,0.0,0.0
2025-06-21,41,C3,0.8442,477.9608166666667,391.74871666666667,474.0337831981119,400.9854861111112,0.0,0.0,0.0,0.0,86.21210000000012,0.0,1564.9844685481844,1469.193246325962,1.1368683772161605e-13,0.0,0.0,0.0,0.0,0.0,0.0,0.0
2025-06-21,42,C3,0.8334,550.7116666666667,449.875,522.2502812453628,451.49258333333336,0.0,0.0,0.0,0.0,100.83666666666674,0.0,1469.193246325962,1357.1525055852212,0.0,0.0,0.0,0.0,0.0,0.0,0.0,0.0
2025-06-21,43,C3,0.8092,542.3861499999999,479.10385,547.3697283873632,486.4972361111112,0.0,0.0,0.0,0.0,63.2822999999998,0.0,1357.1525055852212,1286.8388389185548,-1.1368683772161605e-13,0.0,0.0,0.0,0.0,0.0,0.0,0.0
2025-06-21,44,C3,0.7972,522.9324666666666,501.0047833333333,541.7677425221633,521.5018888888889,0.0,0.0,0.0,0.0,21.9276833333334,0.0,1286.8388389185548,1262.474746325962,1.1368683772161605e-13,0.0,0.0,0.0,0.0,0.0,0.0,0.0
2025-06-21,45,C3,0.7644,529.1416666666667,537.4812499999999,525.6412691497582,556.5065416666666,0.0,0.0,0.0,0.0,0.0,8.339583333333325,1262.474746325962,1262.474746325962,-4.440892098500626e-14,0.0,0.0,0.0,0.0,0.0,0.0,0.0
2025-06-21,46,C3,0.6899,526.62105,589.5878333333334,528.0747464833541,591.5111944444444,0.0,0.0,0.0,0.0,0.0,62.96678333333325,1262.474746325962,1262.4747463259623,1.6342482922482304e-13,0.0,0.0,0.0,0.0,0.0,0.0,0.0
2025-06-21,47,C3,0.86,514.59605,630.8997666666667,532.3886232177913,626.5158472222223,0.0,0.0,0.0,0.0,0.0,116.3037166666666,1262.4747463259623,1262.4747463259623,8.526512829121202e-14,0.0,0.0,0.0,0.0,0.0,0.0,0.0
2025-06-21,48,C3,1.1617,510.3933333333334,667.2375000000001,533.99489150613,661.5205,0.0,0.0,0.0,0.0,0.0,156.8441666666667,1262.4747463259623,1262.4747463259623,0.0,0.0,0.0,0.0,0.0,0.0,0.0,0.0
2025-06-21,49,C3,1.1683,527.0032833333333,722.4553999999999,543.5779764149979,682.9729666666667,0.0,0.0,0.0,0.0,0.0,195.4521166666666,1262.4747463259623,1262.4747463259623,0.0,0.0,0.0,0.0,0.0,0.0,0.0,0.0
2025-06-21,50,C3,1.0956,526.8320333333334,740.3005833333333,539.3551233251667,704.4254333333333,0.0,0.0,0.0,0.0,0.0,213.46854999999996,1262.4747463259623,1262.4747463259623,0.0,0.0,0.0,0.0,0.0,0.0,0.0,0.0
2025-06-21,51,C3,1.0849,506.265,726.4499999999999,524.8062494354255,725.8779,0.0,0.0,0.0,0.0,0.0,220.18499999999997,1262.4747463259623,1262.4747463259623,0.0,0.0,0.0,0.0,0.0,0.0,0.0,0.0
2025-06-21,52,C3,1.061,505.16623333333337,746.6491666666667,531.1296152176031,747.3303666666667,0.0,0.0,0.0,0.0,0.0,241.4829333333333,1262.4747463259623,1262.4747463259623,0.0,0.0,0.0,0.0,0.0,0.0,0.0,0.0
2025-06-21,53,C3,1.043,548.3231666666667,778.0861,565.1551099887125,768.7828333333333,0.0,0.0,0.0,0.0,0.0,229.7629333333333,1262.4747463259623,1262.4747463259623,0.0,0.0,0.0,0.0,0.0,0.0,0.0,0.0
2025-06-21,54,C3,1.036,608.4366666666666,791.0124999999999,611.7833877841189,790.2352999999999,0.0,0.0,0.0,0.0,0.0,182.5758333333333,1262.4747463259623,1262.4747463259623,0.0,0.0,0.0,0.0,0.0,0.0,0.0,0.0
2025-06-21,55,C3,1.0147,630.9835166666667,791.1589,645.0901159360675,839.8368055555555,0.0,0.0,0.0,0.0,0.0,160.17538333333334,1262.4747463259623,1262.4747463259623,0.0,0.0,0.0,0.0,0.0,0.0,0.0,0.0
2025-06-21,56,C3,0.9922,641.60305,856.5730166666667,657.8096416125885,889.438311111111,0.0,0.0,0.0,0.0,0.0,214.96996666666664,1262.4747463259623,1262.4747463259623,0.0,0.0,0.0,0.0,0.0,0.0,0.0,0.0
2025-06-21,57,C3,0.97,637.4333333333333,965.71875,649.5339180803002,939.0398166666668,0.0,0.0,0.0,0.0,0.0,328.2854166666667,1262.4747463259623,1262.4747463259623,0.0,0.0,0.0,0.0,0.0,0.0,0.0,0.0
2025-06-21,58,C3,0.9422,597.0597666666666,1018.178,627.0204443568464,988.6413222222222,0.0,0.0,0.0,0.0,0.0,421.11823333333336,1262.4747463259623,1262.4747463259623,0.0,0.0,0.0,0.0,0.0,0.0,0.0,0.0
2025-06-21,59,C3,0.9569,614.65745,1064.183633333333,616.814676258483,1038.2428277777778,0.0,0.0,0.0,0.0,0.0,449.52618333333305,1262.4747463259623,1262.4747463259623,0.0,0.0,0.0,0.0,0.0,0.0,0.0,0.0
2025-06-21,60,C3,0.9977,666.6899999999999,1107.25625,632.5755209664534,1087.8443333333332,0.0,0.0,0.0,0.0,0.0,440.56625,1262.4747463259623,1262.4747463259623,0.0,0.0,0.0,0.0,0.0,0.0,0.0,0.0
2025-06-21,61,C3,0.9919,637.6840166666667,1098.3148833333332,659.6981020550664,1104.0477222222223,0.0,0.0,0.0,0.0,0.0,460.6308666666665,1262.4747463259623,1262.4747463259623,0.0,0.0,0.0,0.0,0.0,0.0,0.0,0.0
2025-06-21,62,C3,0.9588,626.9162666666667,1115.9334,645.4331035521237,1120.251111111111,0.0,0.0,0.0,0.0,0.0,489.0171333333332,1262.4747463259623,1262.4747463259623,0.0,0.0,0.0,0.0,0.0,0.0,0.0,0.0
2025-06-21,63,C3,0.9549,650.3183333333333,1166.83125,611.081679462036,1136.4545,0.0,0.0,0.0,0.0,0.0,516.5129166666667,1262.4747463259623,1262.4747463259623,0.0,0.0,0.0,0.0,0.0,0.0,0.0,0.0
2025-06-21,64,C3,0.9839,621.1255833333333,1182.3068166666667,627.9186229238526,1152.657888888889,0.0,0.0,0.0,0.0,0.0,561.1812333333334,1262.4747463259623,1262.4747463259623,0.0,0.0,0.0,0.0,0.0,0.0,0.0,0.0
2025-06-21,65,C3,0.799,594.26015,1207.1864666666668,636.4992343153446,1168.8612777777778,0.0,0.0,0.0,0.0,0.0,612.9263166666668,1262.4747463259623,1262.4747463259623,0.0,0.0,0.0,0.0,0.0,0.0,0.0,0.0
2025-06-21,66,C3,0.5025,613.2016666666667,1233.35,610.8802392558881,1185.0646666666669,0.0,0.0,0.0,0.0,0.0,620.1483333333332,1262.4747463259623,1262.4747463259623,0.0,0.0,0.0,0.0,0.0,0.0,0.0,0.0
2025-06-21,67,C3,0.4662,657.6027666666666,1217.7636,588.6602376282899,1193.1136527777778,0.0,0.0,0.0,0.0,0.0,560.1608333333334,1262.4747463259623,1262.4747463259623,0.0,0.0,0.0,0.0,0.0,0.0,0.0,0.0
2025-06-21,68,C3,0.5007,650.1067166666667,1297.1492333333333,592.0585640264667,1201.1626388888888,0.0,0.0,0.0,0.0,0.0,647.0425166666666,1262.4747463259623,1262.4747463259623,0.0,0.0,0.0,0.0,0.0,0.0,0.0,0.0
2025-06-21,69,C3,0.4827,607.6266666666667,1415.0375,612.4010994522794,1209.211625,0.0,0.0,0.0,0.0,0.0,807.4108333333332,1262.4747463259623,1262.4747463259623,0.0,0.0,0.0,0.0,0.0,0.0,0.0,0.0
2025-06-21,70,C3,0.4785,617.5237833333333,1363.4527333333333,622.16417661256,1217.260611111111,0.0,0.0,0.0,0.0,0.0,745.92895,1262.4747463259623,1262.4747463259623,0.0,0.0,0.0,0.0,0.0,0.0,0.0,0.0
2025-06-21,71,C3,0.4662,620.7188833333333,1279.6117666666669,623.5622902714716,1225.3095972222222,0.0,0.0,0.0,0.0,0.0,658.8928833333335,1262.4747463259623,1262.4747463259623,0.0,0.0,0.0,0.0,0.0,0.0,0.0,0.0
2025-06-21,72,C3,0.4432,605.18,1277.51875,624.0493792312792,1233.3585833333334,0.0,0.0,0.0,0.0,0.0,672.33875,1262.4747463259623,1262.4747463259623,0.0,0.0,0.0,0.0,0.0,0.0,0.0,0.0
2025-06-21,73,C3,0.4411,622.59025,1340.7105166666668,627.139491268873,1283.2706,0.0,0.0,0.0,610.3273898602259,0.0,107.79287680644086,1262.4747463259623,1811.7693972001657,0.0,0.0,0.0,0.0,0.0,0.0,0.0,0.0
2025-06-21,74,C3,0.4551,642.0392,1383.4959166666667,630.6755316441377,1289.0224500000002,0.0,0.0,0.0,658.3469183558631,0.0,83.10979831080363,1811.7693972001657,2404.2816237204424,0.0,0.0,0.0,0.0,0.0,0.0,0.0,0.0
2025-06-21,75,C3,0.4463,654.76,1397.16875,634.5469600433286,1294.7743,0.0,0.0,0.0,660.227339956674,0.0,82.18141004332608,2404.2816237204424,2998.486229681449,0.0,0.0,0.0,0.0,0.0,0.0,0.0,0.0
2025-06-21,76,C3,0.4113,676.6507333333333,1434.29795,639.9597538418941,1300.52615,0.0,0.0,0.0,757.6472166666666,0.0,0.0,2998.486229681449,3680.368724681449,0.0,0.0,0.0,0.0,0.0,0.0,0.0,0.0
2025-06-21,77,C3,0.5682,652.0988,1423.7868166666667,640.1820104692781,1306.278,0.0,0.0,0.0,771.6880166666667,0.0,0.0,3680.368724681449,4374.887939681449,0.0,0.0,0.0,0.0,0.0,0.0,0.0,0.0
2025-06-21,78,C3,0.8279,614.6683333333334,1341.6,638.8480854187604,1312.02985,0.0,0.0,0.0,726.9316666666665,0.0,0.0,4374.887939681449,5029.126439681449,0.0,0.0,0.0,0.0,0.0,0.0,0.0,0.0
2025-06-21,79,C3,0.8636,651.7447166666667,1248.9027,646.0250262937698,1250.3870833333333,0.0,0.0,0.0,597.1579833333334,0.0,0.0,5029.126439681449,5566.5686246814485,0.0,0.0,0.0,0.0,0.0,0.0,0.0,0.0
2025-06-21,80,C3,0.8416,643.7692333333333,1225.820516666667,648.8598570427889,1188.7443166666667,0.0,0.0,0.0,582.0512833333336,0.0,0.0,5566.5686246814485,6090.414779681449,0.0,0.0,0.0,0.0,0.0,0.0,0.0,0.0
2025-06-21,81,C3,0.8618,598.215,1223.48125,649.1783936340286,1127.10155,0.0,0.0,0.0,625.26625,0.0,0.0,6090.414779681449,6653.154404681449,0.0,0.0,0.0,0.0,0.0,0.0,0.0,0.0
2025-06-21,82,C3,0.8623,641.5370166666667,1119.12415,660.600400519254,1065.4587833333333,0.0,0.0,0.0,477.58713333333344,0.0,0.0,6653.154404681449,7082.982824681449,0.0,0.0,0.0,0.0,0.0,0.0,0.0,0.0
2025-06-21,83,C3,0.9026,663.0396999999999,1021.2925,663.0502881902747,1003.8160166666668,0.0,0.0,0.0,358.2528000000001,0.0,0.0,7082.982824681449,7405.410344681449,0.0,0.0,0.0,0.0,0.0,0.0,0.0,0.0
2025-06-21,84,C3,0.9754,643.6416666666667,992.7,657.5690925943933,942.17325,0.0,0.0,0.0,349.0583333333334,0.0,0.0,7405.410344681449,7719.562844681449,0.0,0.0,0.0,0.0,0.0,0.0,0.0,0.0
2025-06-21,85,C3,1.0002,674.6484166666667,990.2996333333334,664.0008821185688,932.300675,0.0,0.0,0.0,150.53218540262807,0.0,165.11903126403868,7719.562844681449,7855.041811543814,0.0,0.0,0.0,0.0,0.0,0.0,0.0,0.0
2025-06-21,86,C3,0.9978,682.5380166666666,971.2156666666666,659.8925176271163,922.4281,0.0,0.0,0.0,288.67765,0.0,0.0,7855.041811543814,8114.851696543814,0.0,0.0,0.0,0.0,0.0,0.0,0.0,0.0
2025-06-21,87,C3,1.0271,667.8983333333333,956.35625,647.2813133121786,912.555525,0.0,0.0,0.0,0.0,0.0,288.45791666666673,8114.851696543814,8114.851696543814,0.0,0.0,0.0,0.0,0.0,0.0,0.0,0.0
2025-06-21,88,C3,1.0906,704.50855,994.04345,655.3261044649349,902.68295,0.0,0.0,0.0,289.5349,0.0,0.0,8114.851696543814,8375.433106543815,0.0,0.0,0.0,0.0,0.0,0.0,0.0,0.0
2025-06-21,89,C3,0.9376,697.0747666666666,996.54085,679.7149735139117,892.810375,0.0,0.0,0.0,0.0,0.0,299.46608333333336,8375.433106543815,8375.433106543815,0.0,0.0,0.0,0.0,0.0,0.0,0.0,0.0
2025-06-21,90,C3,0.6694,646.6133333333333,946.74375,698.5137809090098,882.9378,0.0,0.0,0.0,270.43904787904467,0.0,29.69136878762197,8375.433106543815,8618.828249634955,0.0,0.0,0.0,0.0,0.0,0.0,0.0,0.0
2025-06-21,91,C3,0.66,652.7055833333333,909.52565,689.5889451014988,841.1854666666667,0.0,0.0,0.0,0.0,0.0,256.8200666666668,8618.828249634955,8618.828249634955,0.0,0.0,0.0,0.0,0.0,0.0,0.0,0.0
2025-06-21,92,C3,0.7217,654.0566333333334,858.8448,666.0043750451035,799.4331333333333,0.0,0.0,0.0,204.7881666666666,0.0,0.0,8618.828249634955,8803.137599634954,0.0,0.0,0.0,0.0,0.0,0.0,0.0,0.0
2025-06-21,93,C3,0.7308,645.9166666666666,801.85,661.8397443319017,757.6808000000001,0.0,0.0,0.0,24.481647289663265,0.0,131.45168604367012,8803.137599634954,8825.171082195651,0.0,0.0,0.0,0.0,0.0,0.0,0.0,0.0
2025-06-21,94,C3,0.7534,689.5025833333334,780.1588666666667,700.8749918605719,715.9284666666667,0.0,0.0,0.0,26.1441662143544,0.0,64.51211711897885,8825.171082195651,8848.70083178857,0.0,0.0,0.0,0.0,0.0,0.0,0.0,0.0
2025-06-21,95,C3,0.7823,719.5433666666667,746.87235,720.73121420312,674.1761333333334,30.19483970374108,30.19483970374108,0.0,0.0,0.0,57.52382303707441,8848.70083178857,8848.70083178857,0.0,23.621423100236647,23.621423100236647,0.0,0.0,0.0,0.0,23.621423100236647
2025-06-21,96,C3,0.8055,702.9050000000001,675.9,717.3424487907596,632.4238,96.0093401990199,96.0093401990199,0.0,0.0,0.0,69.0043401990198,8848.70083178857,8848.70083178857,0.0,77.33552353031052,77.33552353031052,0.0,0.0,0.0,0.0,77.33552353031052
2025-06-21,97,C3,0.8271,672.3809666666667,593.8094166666666,736.8734252624726,597.4204083333334,129.67835173143624,129.67835173143624,0.0,25.9512547167934,0.0,25.15554701464272,8848.70083178857,8872.056961033684,0.0,107.2569647170709,107.2569647170709,0.0,0.0,0.0,0.0,107.2569647170709
2025-06-21,98,C3,0.8519,663.4524333333333,560.2481333333334,712.4365910650951,562.4170166666667,170.3747559926053,170.3747559926053,0.0,67.17045599260541,0.0,0.0,8872.056961033684,8932.51037142703,0.0,145.14225463010044,145.14225463010044,0.0,0.0,0.0,0.0,145.14225463010044
2025-06-21,99,C3,0.8791,673.67,567.7624999999999,683.7824883181447,527.413625,214.5854345333928,214.5854345333928,0.0,69.37658572246316,0.0,39.30134881092961,8932.51037142703,8994.949298577247,0.0,188.6420554983056,188.6420554983056,0.0,0.0,0.0,0.0,188.6420554983056
2025-06-21,100,C3,0.9024,663.9623333333333,548.5383,751.1477457854708,492.4102333333333,374.9293725730307,374.9293725730307,0.0,14.952620294109996,0.0,244.5527189455875,8994.949298577247,9008.406656841946,0.0,338.3362658099029,338.3362658099029,0.0,0.0,0.0,0.0,338.3362658099029
2025-06-21,101,C3,0.9163,603.6488499999999,494.0291666666667,725.3998772625108,457.4068416666667,308.1391094433512,308.1391094433512,0.0,25.19345355339788,0.0,173.32597255662006,9008.406656841946,9031.080765040004,-5.684341886080803e-14,282.34786598294266,282.34786598294266,0.0,0.0,0.0,0.0,282.34786598294266
2025-06-21,102,C3,0.9264,540.0500000000001,437.26875,612.1904805390561,422.40345,204.73965083316665,204.73965083316665,0.0,101.9584008331666,0.0,0.0,9031.080765040004,9122.843325789854,0.0,189.6708125318456,189.6708125318456,0.0,0.0,0.0,0.0,189.6708125318456
2025-06-21,103,C3,0.9462,555.8345333333333,413.2071,611.2824245354777,379.01840833333335,295.84423792681656,295.84423792681656,0.0,153.2168045934833,0.0,0.0,9122.843325789854,9260.738449923989,0.0,279.92781792635384,279.92781792635384,0.0,0.0,0.0,0.0,279.92781792635384
2025-06-21,104,C3,0.9742,577.1041333333334,364.30913333333336,629.4287513132558,335.6333666666667,396.4413024951512,396.4413024951512,0.0,111.99942401316648,0.0,71.64687848198464,9260.738449923989,9361.53793153584,5.684341886080803e-14,386.2131168907762,386.2131168907762,0.0,0.0,0.0,0.0,386.2131168907762
2025-06-21,105,C3,0.9862,580.7116666666667,291.74375000000003,611.366480477713,292.248325,417.4728987270213,417.4728987270213,0.0,0.0,0.0,128.50498206035462,9361.53793153584,9361.53793153584,-5.684341886080803e-14,411.7117727245884,411.7117727245884,0.0,0.0,0.0,0.0,411.7117727245884
2025-06-21,106,C3,0.976,608.2013499999999,254.7311833333333,603.2281714257473,248.86328333333336,442.0060144155788,442.0060144155788,0.0,72.84937087091343,0.0,15.686476877998686,9361.53793153584,9427.10236531966,2.8421709430404014e-14,431.3978700696048,431.3978700696048,0.0,0.0,0.0,0.0,431.3978700696048
2025-06-21,107,C3,1.0742,600.7254833333333,218.40456666666668,600.6743854751302,205.4782416666667,468.0455146793764,468.0455146793764,0.0,0.0,0.0,85.72459801270978,9427.10236531966,9427.10236531966,-2.8421709430404014e-14,502.7744918685861,502.7744918685861,0.0,0.0,0.0,0.0,502.7744918685861
2025-06-21,108,C3,1.2313,558.2516666666667,172.35,601.3854578535978,162.0932,489.8345392705669,489.8345392705669,0.0,50.54228141696917,0.0,53.390591186931054,9427.10236531966,9472.590418594931,2.8421709430404014e-14,603.1332682038491,603.1332682038491,0.0,0.0,0.0,0.0,603.1332682038491
2025-06-21,109,C3,1.2561,545.7471333333334,143.3881,612.7732735872643,143.83614999999998,477.2522508054755,477.2522508054755,0.0,0.0,0.0,74.89321747214211,9472.590418594931,9472.590418594931,-5.684341886080803e-14,599.4765522367578,599.4765522367578,0.0,0.0,0.0,0.0,599.4765522367578
2025-06-21,110,C3,1.2447,549.5005333333334,112.87578333333332,618.6047329541565,115.32229999999998,587.7379898791374,587.7379898791374,0.0,66.21250225610412,0.0,84.9007376230333,9472.590418594931,9532.181670625429,-2.8421709430404014e-14,731.5574760025623,731.5574760025623,0.0,0.0,0.0,0.0,731.5574760025623
2025-06-21,111,C3,1.2545,557.1316666666667,75.45,619.295101313436,86.80845,574.9766441608715,574.9766441608715,0.0,93.29497749420484,0.0,0.0,9532.181670625429,9616.14715037021,4.263256414560601e-14,721.3082000998132,721.3082000998132,0.0,0.0,0.0,0.0,721.3082000998132
2025-06-21,112,C3,1.2522,576.1385666666666,46.0094,629.258166808111,58.29459999999998,642.6814088664089,642.6814088664089,0.0,20.912857411529128,0.0,91.63938478821314,9616.14715037021,9634.968722040589,2.8421709430404014e-14,804.7656601825172,804.7656601825172,0.0,0.0,0.0,0.0,804.7656601825172
2025-06-21,113,C3,1.2881,605.7608,20.306116666666664,629.497975004714,29.780749999999998,0.0,0.0,0.0,0.0,585.4546833333334,0.0,9634.968722040589,8984.463518336883,0.0,0.0,0.0,0.0,0.0,0.0,0.0,0.0
2025-06-21,114,C3,1.3466,642.12,1.29375,627.2946023783431,1.2669,0.0,0.0,0.0,0.0,640.82625,0.0,8984.463518336883,8272.434351670216,0.0,0.0,0.0,0.0,0.0,0.0,0.0,0.0
2025-06-21,115,C3,1.3523,667.4907,0.0,648.1570133685623,1.05575,0.0,0.0,0.0,0.0,667.4907,0.0,8272.434351670216,7530.778018336882,0.0,0.0,0.0,0.0,0.0,0.0,0.0,0.0
2025-06-21,116,C3,1.3445,617.7905666666667,0.54365,652.9844458848033,0.8446000000000001,0.0,0.0,0.0,0.0,617.2469166666667,0.0,7530.778018336882,6844.948110929475,0.0,0.0,0.0,0.0,0.0,0.0,0.0,0.0
2025-06-21,117,C3,1.3483,548.9133333333333,0.0,631.3683404631989,0.63345,0.0,0.0,0.0,0.0,548.9133333333333,0.0,6844.948110929475,6235.044407225771,0.0,0.0,0.0,0.0,0.0,0.0,0.0,0.0
2025-06-21,118,C3,1.349,582.0875666666667,0.0,611.4862010477732,0.4223,0.0,0.0,0.0,0.0,582.0875666666667,0.0,6235.044407225771,5588.280444262808,0.0,0.0,0.0,0.0,0.0,0.0,0.0,0.0
2025-06-21,119,C3,1.3473,581.7777833333333,0.0390333333333333,595.9499166039693,0.2111499999999999,0.0,0.0,0.0,0.0,581.73875,0.0,5588.280444262808,4941.904055373919,0.0,0.0,0.0,0.0,0.0,0.0,0.0,0.0
2025-06-21,120,C3,1.3482,531.6033333333334,0.0,603.2790512746805,0.0,0.0,0.0,0.0,0.0,531.6033333333334,0.0,4941.904055373919,4351.233685003548,0.0,0.0,0.0,0.0,0.0,0.0,0.0,0.0
2025-06-21,121,C3,1.3513,558.0394333333334,0.0,650.5813934057614,0.0,0.0,0.0,0.0,0.0,558.0394333333334,0.0,4351.233685003548,3731.189870188733,0.0,0.0,0.0,0.0,0.0,0.0,0.0,0.0
2025-06-21,122,C3,1.34,620.8675333333333,0.0028,662.6483218719768,0.0,0.0,0.0,0.0,0.0,620.8647333333333,0.0,3731.189870188733,3041.3401664850294,0.0,0.0,0.0,0.0,0.0,0.0,0.0,0.0
2025-06-21,123,C3,1.3489,660.0216666666666,0.0,643.6535698171963,0.0,0.0,0.0,0.0,0.0,660.0216666666666,0.0,3041.3401664850294,2307.982759077622,0.0,0.0,0.0,0.0,0.0,0.0,0.0,0.0
2025-06-21,124,C3,1.3952,646.9707500000001,0.0,668.7859187155486,0.0,0.0,0.0,0.0,0.0,646.9707500000001,0.0,2307.982759077622,1589.1263701887333,0.0,0.0,0.0,0.0,0.0,0.0,0.0,0.0
2025-06-21,125,C3,1.2226,585.61215,0.0001999999999999,688.4627823723063,0.0,736.0034796479158,736.0034796479158,0.0,0.0,0.0,150.39152964791583,1589.1263701887333,1589.1263701887333,-1.1368683772161605e-13,899.8378542175418,899.8378542175418,0.0,0.0,0.0,0.0,899.8378542175418
2025-06-21,126,C3,0.9332,526.72,0.0,666.6459229504565,0.0,684.5189954790939,684.5189954790939,0.0,0.0,0.0,157.79899547909392,1589.1263701887333,1589.1263701887333,-8.526512829121202e-14,638.7931265810904,638.7931265810904,0.0,0.0,0.0,0.0,638.7931265810904
2025-06-21,127,C3,0.9068,535.7850999999999,0.0,618.5440811150902,0.0,652.9939788898768,652.9939788898768,0.0,0.0,0.0,117.2088788898768,1589.1263701887333,1589.1263701887333,0.0,592.1349400573403,592.1349400573403,0.0,0.0,0.0,0.0,592.1349400573403
2025-06-21,128,C3,0.9371,581.51715,0.0,580.1732370132856,0.0,648.7017674870764,648.7017674870764,0.0,0.0,0.0,67.18461748707651,1589.1263701887333,1589.1263701887333,-1.4210854715202006e-13,607.8984263121393,607.8984263121393,0.0,0.0,0.0,0.0,607.8984263121393
2025-06-21,129,C3,0.9371,618.915,0.0,575.9365061544809,0.0,653.7894583553137,653.7894583553137,0.0,0.0,0.0,34.87445835531394,1589.1263701887333,1589.126370188733,-1.6342482922482304e-13,612.6661014247645,612.6661014247645,0.0,0.0,0.0,0.0,612.6661014247645
2025-06-21,130,C3,0.9871,619.2412833333334,0.0,599.6724146095969,0.0,646.4103659118682,646.4103659118682,0.0,0.0,0.0,27.16908257853472,1589.126370188733,1589.1263701887333,9.237055564881302e-14,638.0716721916051,638.0716721916051,0.0,0.0,0.0,0.0,638.0716721916051
2025-06-21,131,C3,0.7764,576.7794666666667,0.0,591.6388426280587,0.0,651.5933689585526,651.5933689585526,0.0,0.0,0.0,74.81390229188578,1589.1263701887333,1589.1263701887333,4.263256414560601e-14,505.8970916594202,505.8970916594202,0.0,0.0,0.0,0.0,505.8970916594202
2025-06-21,132,C3,0.4209,528.28,0.0,557.0307207921754,0.0,654.2933542807837,654.2933542807837,0.0,0.0,0.0,126.0133542807837,1589.1263701887333,1589.1263701887333,-1.4210854715202004e-14,275.3920728167818,275.3920728167818,0.0,0.0,0.0,0.0,275.3920728167818
2025-06-21,133,C3,0.3859,526.8737333333333,0.0,554.6059276921842,0.0,654.190163110056,654.190163110056,0.0,0.0,0.0,127.31642977672276,1589.1263701887333,1589.126370188733,-9.947598300641405e-14,252.45198394417065,252.45198394417065,0.0,0.0,0.0,0.0,252.45198394417065
2025-06-21,134,C3,0.4368,544.7410833333333,0.0,547.762374780233,0.0,589.0105691209054,589.0105691209054,0.0,0.0,0.0,44.26948578757208,1589.126370188733,1589.126370188733,0.0,257.2798165920115,257.2798165920115,0.0,0.0,0.0,0.0,257.2798165920115
2025-06-21,135,C3,0.4198,552.865,0.0,543.4539715078828,0.0,608.8611299934154,608.8611299934154,0.0,0.0,0.0,55.99612999341532,1589.126370188733,1589.126370188733,4.973799150320701e-14,255.59990237123577,255.59990237123577,0.0,0.0,0.0,0.0,255.59990237123577
2025-06-21,136,C3,0.4186,546.83985,0.0,588.329001816557,0.0,654.5974296936275,654.5974296936275,0.0,0.0,0.0,107.75757969362763,1589.126370188733,1589.126370188733,-5.684341886080803e-14,274.0144840697525,274.0144840697525,0.0,0.0,0.0,0.0,274.0144840697525
2025-06-21,137,C3,0.4241,541.7929,0.0,617.0359516507887,0.0,670.2736776224004,670.2736776224004,0.0,0.0,0.0,128.48077762240047,1589.126370188733,1589.126370188733,-5.684341886080803e-14,284.26306667966,284.26306667966,0.0,0.0,0.0,0.0,284.26306667966
2025-06-21,138,C3,0.4237,531.7316666666667,0.0,586.4861709387168,0.0,650.8213431029387,650.8213431029387,0.0,0.0,0.0,119.089676436272,1589.126370188733,1589.126370188733,5.684341886080803e-14,275.7530030727152,275.7530030727152,0.0,0.0,0.0,0.0,275.7530030727152
2025-06-21,139,C3,0.4248,499.8227166666666,0.0,519.7962162495254,0.0,560.7586515269184,560.7586515269184,0.0,0.0,0.0,60.93593486025174,1589.126370188733,1589.126370188733,-7.105427357601002e-15,238.2102751686349,238.2102751686349,0.0,0.0,0.0,0.0,238.2102751686349
2025-06-21,140,C3,0.424,486.82905,0.0,496.9848579286193,0.0,533.4919679719414,533.4919679719414,0.0,0.0,0.0,46.66291797194128,1589.126370188733,1589.1263701887333,1.7763568394002505e-13,226.2005944201032,226.2005944201032,0.0,0.0,0.0,0.0,226.2005944201032
2025-06-21,141,C3,0.422,498.2166666666667,0.0,523.7625414683822,0.0,526.129247491749,526.129247491749,0.0,0.0,0.0,27.91258082508195,1589.1263701887333,1589.1263701887335,3.2329694477084564e-13,222.02654244151805,222.02654244151805,0.0,0.0,0.0,0.0,222.02654244151805
2025-06-21,142,C3,0.424,504.0951666666666,0.0,542.3507577623673,0.0,529.1705338399247,529.1705338399247,0.0,0.0,0.0,25.07536717325829,1589.1263701887335,1589.1263701887335,-2.0250467969162853e-13,224.36830634812807,224.36830634812807,0.0,0.0,0.0,0.0,224.36830634812807
2025-06-21,143,C3,0.4271,532.2190166666667,0.0,589.8199187297449,0.0,575.4827225137619,575.4827225137619,0.0,0.0,0.0,43.26370584709498,1589.1263701887335,1589.1263701887335,2.700062395888381e-13,245.7886707856277,245.7886707856277,0.0,0.0,0.0,0.0,245.7886707856277
2025-06-21,144,C3,0.4276,606.0233333333333,0.0,657.6532960587695,0.0,644.2470832067798,644.2470832067798,0.0,0.0,0.0,38.22374987344633,1589.1263701887335,1589.1263701887335,2.0605739337042905e-13,275.480052779219,275.480052779219,0.0,0.0,0.0,0.0,275.480052779219
2025-09-23,1,C3,0.4248,570.1843333333334,0.0,642.8856986889411,0.0,1449.5505664496895,1449.5505664496895,0.0,0.0,0.0,879.3662331163562,1216.4248593942766,1216.4248593942766,0.0,615.7690806278281,615.7690806278281,0.0,0.0,0.0,0.0,615.7690806278281
2025-09-23,2,C3,0.4245,560.3181833333333,0.0,651.7591222978397,0.0,1455.5236438601114,1455.5236438601114,0.0,180.3060429982136,0.0,714.8994175285645,1216.4248593942766,1378.7002980926688,0.0,617.8697868186173,617.8697868186173,0.0,0.0,0.0,0.0,617.8697868186173
2025-09-23,3,C3,0.4269,564.7666666666667,0.0,609.9653343992667,0.0,1391.2164362281517,1391.2164362281517,0.0,781.2511018288849,0.0,45.19866773260014,1378.7002980926688,2081.8262897386653,0.0,593.910296625798,593.910296625798,0.0,0.0,0.0,0.0,593.910296625798
2025-09-23,4,C3,0.4272,598.5089166666667,0.0,578.5608772320294,0.0,1351.6709605461706,1351.6709605461706,0.0,753.1620438795039,0.0,0.0,2081.8262897386653,2759.672129230219,0.0,577.4338343453242,577.4338343453242,0.0,0.0,0.0,0.0,577.4338343453242
2025-09-23,5,C3,0.4271,606.51065,0.0,565.7289247379945,0.0,1377.8725808600357,1377.8725808600357,0.0,771.3619308600356,0.0,0.0,2759.672129230219,3453.897867004251,0.0,588.4893792853212,588.4893792853212,0.0,0.0,0.0,0.0,588.4893792853212
2025-09-23,6,C3,0.4285,589.77,0.0,567.4386267160394,0.0,1436.4428170635135,1436.4428170635135,0.0,833.3333333333334,0.0,13.339483730180175,3453.897867004251,4203.897867004251,0.0,615.5157471117155,615.5157471117155,0.0,0.0,0.0,0.0,615.5157471117155
2025-09-23,7,C3,0.4311,597.35335,0.0,577.4105837765161,0.0,818.1418498285069,818.1418498285069,0.0,220.78849982850693,0.0,0.0,4203.897867004251,4402.6075168499065,0.0,352.70095146106934,352.70095146106934,0.0,0.0,0.0,0.0,352.70095146106934
2025-09-23,8,C3,0.4302,579.9716666666667,0.0,574.1490954104682,0.0,1350.715816127854,1350.715816127854,0.0,770.7441494611872,0.0,0.0,4402.6075168499065,5096.277251364975,0.0,581.0779440982028,581.0779440982028,0.0,0.0,0.0,0.0,581.0779440982028
2025-09-23,9,C3,0.4279,552.68,0.0,562.3485667555311,0.0,1363.9808033864474,1363.9808033864474,0.0,811.3008033864475,0.0,0.0,5096.277251364975,5826.447974412778,0.0,583.6473857690609,583.6473857690609,0.0,0.0,0.0,0.0,583.6473857690609
2025-09-23,10,C3,0.4312,584.05335,0.0,570.026568853188,0.0,633.4945256680182,633.4945256680182,0.0,49.44117566801822,0.0,0.0,5826.447974412778,5870.945032513995,0.0,273.16283946804947,273.16283946804947,0.0,0.0,0.0,0.0,273.16283946804947
2025-09-23,11,C3,0.4333,601.8616166666667,0.0,597.3083574066867,0.0,689.3272600839766,689.3272600839766,0.0,87.46564341730993,0.0,0.0,5870.945032513995,5949.664111589574,0.0,298.6855017943871,298.6855017943871,0.0,0.0,0.0,0.0,298.6855017943871
2025-09-23,12,C3,0.4311,590.6066666666667,0.0,611.4256998993682,0.0,1431.9949654259424,1431.9949654259424,0.0,833.3333333333334,0.0,8.054965425942328,5949.664111589574,6699.664111589574,0.0,617.3330295951238,617.3330295951238,0.0,0.0,0.0,0.0,617.3330295951238
2025-09-23,13,C3,0.4293,604.56305,0.0,579.2300891929028,0.0,1388.2337574697765,1388.2337574697765,29.07312581283884,812.7438332826154,0.0,0.0,6699.664111589574,7431.133561543927,-1.1368683772161605e-13,595.968752081775,595.968752081775,0.0,0.0,0.0,62.40546455725857,658.3742166390336
2025-09-23,14,C3,0.4324,607.7995500000001,0.0,565.531870289422,0.0,587.4367478690833,587.4367478690833,20.362802130916748,0.0,0.0,0.0,7431.133561543927,7431.133561543927,0.0,254.00764977859163,254.00764977859163,0.0,0.0,0.0,44.024378207042005,298.03202798563365
2025-09-23,15,C3,0.4367,594.9866666666667,0.0,594.3352235392789,0.0,585.2727865870863,585.2727865870863,9.713880079580347,0.0,0.0,0.0,7431.133561543927,7431.133561543927,0.0,255.5886259025806,255.5886259025806,0.0,0.0,0.0,21.21025715376369,276.79888305634427
2025-09-23,16,C3,0.4348,598.5124,0.0,623.9058996390839,0.0,625.4991592302307,625.4991592302307,0.0,26.986759230230746,0.0,0.0,7431.133561543927,7455.421644851135,0.0,271.9670344333043,271.9670344333043,0.0,0.0,0.0,0.0,271.9670344333043
2025-09-23,17,C3,0.4335,587.2797666666667,0.0,614.7285472921922,0.0,650.375107522755,650.375107522755,0.0,63.09534085608834,0.0,0.0,7455.421644851135,7512.207451621614,0.0,281.9376091111143,281.9376091111143,0.0,0.0,0.0,0.0,281.9376091111143
2025-09-23,18,C3,0.4357,567.005,0.0,593.7138762151193,0.0,646.2779299683519,646.2779299683519,0.0,79.27292996835195,0.0,0.0,7512.207451621614,7583.553088593131,0.0,281.5832940872109,281.5832940872109,0.0,0.0,0.0,0.0,281.5832940872109
2025-09-23,19,C3,0.4374,578.4799333333334,0.0,618.566384854301,0.0,654.9047279963186,654.9047279963186,0.0,76.42479466298516,0.0,0.0,7583.553088593131,7652.335403789818,0.0,286.4553280255897,286.4553280255897,0.0,0.0,0.0,0.0,286.4553280255897
2025-09-23,20,C3,0.4371,591.0519666666667,0.0,614.2469129176462,0.0,631.5280391017122,631.5280391017122,0.0,6.319839494332578,0.0,34.156232940713004,7652.335403789818,7658.023259334717,0.0,276.0409058913584,276.0409058913584,0.0,0.0,0.0,0.0,276.0409058913584
2025-09-23,21,C3,0.4356,586.85,0.0,578.367920796324,0.0,587.434508917378,587.434508917378,0.0,0.0,0.0,0.5845089173780025,7658.023259334717,7658.023259334717,0.0,255.88647208440983,255.88647208440983,0.0,0.0,0.0,0.0,255.88647208440983
2025-09-23,22,C3,0.4353,582.1735833333333,0.0,587.0179501173077,0.0,597.0086564806088,597.0086564806088,0.0,14.835073147275466,0.0,0.0,7658.023259334717,7671.374825167265,0.0,259.877868166009,259.877868166009,0.0,0.0,0.0,0.0,259.877868166009
2025-09-23,23,C3,0.436,602.7533333333333,0.0,605.9975887517329,0.0,602.1776839068633,602.1776839068633,0.0,0.0,0.5756494264700223,0.0,7671.374825167265,7670.735214693409,0.0,262.54947018339243,262.54947018339243,0.0,0.0,0.0,0.0,262.54947018339243
2025-09-23,24,C3,0.4378,623.1283333333333,0.0,618.3649545846142,0.0,613.713606839593,613.713606839593,0.0,0.0,9.414726493740318,0.0,7670.735214693409,7660.274407478142,0.0,268.68381707437385,268.68381707437385,0.0,0.0,0.0,0.0,268.68381707437385
2025-09-23,25,C3,0.4401,595.523,0.0003166666666666,640.0482958565616,0.0,665.5556805894456,665.5556805894456,0.0,12.54777248723763,0.0,57.48522476887462,7660.274407478142,7671.567402716656,0.0,292.911055027415,292.911055027415,0.0,0.0,0.0,0.0,292.911055027415
2025-09-23,26,C3,0.4389,591.4709333333334,0.0,636.903923204774,0.0,650.8952772926064,650.8952772926064,0.0,59.42434395927296,0.0,0.0,7671.567402716656,7725.049312280002,0.0,285.6779372037249,285.6779372037249,0.0,0.0,0.0,0.0,285.6779372037249
2025-09-23,27,C3,0.4364,616.0716666666666,0.0,617.4862809424841,0.0,658.5874846478871,658.5874846478871,0.0,37.03510178573702,0.0,5.480716195483474,7725.049312280002,7758.380903887165,0.0,287.40757830033795,287.40757830033795,0.0,0.0,0.0,0.0,287.40757830033795
2025-09-23,28,C3,0.4393,604.9007666666666,0.0044666666666666,624.5245002341487,0.0,667.0741743127949,667.0741743127949,0.0,1.182786126871886,0.0,60.995088185923,7758.380903887165,7759.44541140135,-2.131628207280301e-14,293.0456847756108,293.0456847756108,0.0,0.0,0.0,0.0,293.0456847756108
2025-09-23,29,C3,0.4422,600.4158166666667,0.0,617.0439270053421,0.0,658.4108149571161,658.4108149571161,0.0,57.994998290449416,0.0,0.0,7759.44541140135,7811.640909862755,0.0,291.1492623740368,291.1492623740368,0.0,0.0,0.0,0.0,291.1492623740368
2025-09-23,30,C3,0.4395,618.1233333333333,0.0,589.043528854078,0.0,617.0727524305357,617.0727524305357,1.0505809027976056,0.0,0.0,0.0,7811.640909862755,7811.640909862755,0.0,271.20347469322047,271.20347469322047,0.0,0.0,0.0,2.3086515338977383,273.5121262271182
2025-09-23,31,C3,0.4333,625.22745,0.0621833333333333,582.5885315676328,0.0,577.8620696086386,577.8620696086386,47.303197058028,0.0,0.0,0.0,7811.640909862755,7811.640909862755,0.0,250.38763476142316,250.38763476142316,0.0,0.0,0.0,102.48237642621766,352.8700111876408
2025-09-23,32,C3,0.4439,614.9081333333334,0.0,604.4698548368707,0.0,599.4150021203219,599.4150021203219,14.946718260072316,0.0,0.5464129529391357,0.0,7811.640909862755,7811.033784359489,0.0,266.0803194412109,266.0803194412109,0.0,0.0,0.0,33.17424117823051,299.2545606194414
2025-09-23,33,C3,0.4301,592.9466666666666,0.0,618.0891409502964,0.0,1398.3101625258312,1398.3101625258312,0.0,780.2210215755349,0.0,25.142474283629667,7811.033784359489,8513.23270377747,0.0,601.41320090236,601.41320090236,0.0,0.0,0.0,0.0,601.41320090236
2025-09-23,34,C3,0.3713,584.8440666666667,0.8660166666666668,593.4678360422486,0.0,1381.621053789665,1381.621053789665,0.0,788.1532177474157,0.0,9.489786042249191,8513.23270377747,9222.570599750145,0.0,512.9958972721026,512.9958972721026,0.0,0.0,0.0,0.0,512.9958972721026
2025-09-23,35,C3,0.5708,666.9134333333333,0.0,654.6841344449373,0.0,625.1854470437022,625.1854470437022,12.229298888396148,0.0,29.49868740123493,0.0,9222.570599750145,9189.79428041544,0.0,356.8558531725452,356.8558531725452,0.0,0.0,0.0,34.90241902748261,391.7582722000278
2025-09-23,36,C3,0.9099,790.6233333333333,0.0,777.6695635705124,0.0,0.0,0.0,0.0,0.0,790.6233333333333,0.0,9189.79428041544,8311.323910045068,0.0,0.0,0.0,0.0,0.0,0.0,0.0,0.0
2025-09-23,37,C3,0.9368,818.5693,24.797216666666667,804.2949862214463,41.92276666666667,0.0,0.0,0.0,0.0,793.7720833333333,0.0,8311.323910045068,7429.354928563587,0.0,0.0,0.0,0.0,0.0,0.0,0.0,0.0
2025-09-23,38,C3,0.8758,805.3289166666667,62.66909999999999,786.1264823050655,83.84553333333334,0.0,0.0,0.0,0.0,742.6598166666668,0.0,7429.354928563587,6604.177354489513,0.0,0.0,0.0,0.0,0.0,0.0,0.0,0.0
2025-09-23,39,C3,0.8759,798.6999999999999,108.23125,779.2118650097264,125.7683,0.0,0.0,0.0,0.0,690.4687499999999,0.0,6604.177354489513,5836.989854489513,0.0,0.0,0.0,0.0,0.0,0.0,0.0,0.0
2025-09-23,40,C3,0.8601,792.88475,162.30073333333334,785.2326417374203,167.69106666666667,0.0,0.0,0.0,0.0,630.5840166666667,0.0,5836.989854489513,5136.340947082106,0.0,0.0,0.0,0.0,0.0,0.0,0.0,0.0
2025-09-23,41,C3,0.8442,792.5254333333334,207.64328333333333,788.9494318894835,209.61383333333333,0.0,0.0,0.0,0.0,584.88215,0.0,5136.340947082106,4486.47189152655,0.0,0.0,0.0,0.0,0.0,0.0,0.0,0.0
2025-09-23,42,C3,0.8334,798.1750000000001,251.9625,784.0510542956345,251.5366,0.0,0.0,6.381464724502735,0.0,539.8310352754974,0.0,4486.47189152655,3886.659630109331,0.0,0.0,0.0,0.0,0.0,0.0,26.59156350700289,26.59156350700289
2025-09-23,43,C3,0.8092,802.7136666666667,317.99083333333334,780.5693385165595,314.3932111111111,381.25062357354415,381.25062357354415,103.47220975978917,0.0,-0.0,0.0,3886.659630109331,3886.659630109331,0.0,308.50800459571195,308.50800459571195,0.0,0.0,0.0,418.648560688107,727.156565283819
2025-09-23,44,C3,0.7972,797.7029833333332,372.3946333333333,801.1244532741704,377.24982222222224,409.3548639709784,409.3548639709784,15.953486029021576,0.0,-0.0,0.0,3886.659630109331,3886.659630109331,0.0,326.337697557664,326.337697557664,0.0,0.0,0.0,63.590595311680005,389.928292869344
2025-09-23,45,C3,0.7644,776.7516666666667,415.43125,817.9337005214217,440.10643333333337,461.58786745806594,461.58786745806594,0.0,83.76060026997746,0.0,16.506850521421796,3886.659630109331,3962.044170352311,0.0,352.8377658849456,352.8377658849456,0.0,0.0,0.0,0.0,352.8377658849456
2025-09-23,46,C3,0.6899,767.8137,482.34543333333335,798.5785049930646,502.9630444444445,332.4409571404902,332.4409571404902,0.0,36.82549659187013,0.0,10.147193881953363,3962.044170352311,3995.1871172849937,0.0,229.35101633122417,229.35101633122417,0.0,0.0,0.0,0.0,229.35101633122417
2025-09-23,47,C3,0.86,914.9736166666668,557.2434,895.3590138068121,565.8196555555555,0.0,0.0,28.190858415410275,0.0,329.53935825125654,0.0,3995.1871172849937,3629.0322747835976,0.0,0.0,0.0,0.0,0.0,0.0,121.22069118626418,121.22069118626418
2025-09-23,48,C3,1.1617,1116.8433333333337,625.5187500000001,1071.113543559157,628.6762666666667,0.0,0.0,0.0,0.0,491.3245833333336,0.0,3629.0322747835976,3083.1160710798936,0.0,0.0,0.0,0.0,0.0,0.0,0.0,0.0
2025-09-23,49,C3,1.1683,1110.83115,686.60415,1119.2101256778258,685.8298944444444,0.0,0.0,0.0,0.0,424.227,0.0,3083.1160710798936,2611.7527377465603,0.0,0.0,0.0,0.0,0.0,0.0,0.0,0.0
2025-09-23,50,C3,1.0956,1078.2838,737.9841500000001,1097.5404179846844,742.9835222222223,0.0,0.0,0.0,0.0,340.2996499999998,0.0,2611.7527377465603,2233.642015524338,0.0,0.0,0.0,0.0,0.0,0.0,0.0,0.0
2025-09-23,51,C3,1.0849,1105.995,783.1062499999999,1075.6488360116753,800.13715,0.0,0.0,0.0,0.0,322.88875,0.0,2233.642015524338,1874.8767377465604,0.0,0.0,0.0,0.0,0.0,0.0,0.0,0.0
2025-09-23,52,C3,1.061,1100.0135833333334,832.8488333333333,1063.9108617237046,857.2907777777777,0.0,0.0,0.0,0.0,267.16475,0.0,1874.8767377465604,1578.027015524338,0.0,0.0,0.0,0.0,0.0,0.0,0.0,0.0
2025-09-23,53,C3,1.043,1077.07055,900.0535666666666,1064.2807474833105,914.4444055555556,0.0,0.0,0.0,0.0,177.01698333333331,0.0,1578.027015524338,1381.3414784873012,0.0,0.0,0.0,0.0,0.0,0.0,0.0,0.0
2025-09-23,54,C3,1.036,1071.2616666666663,967.975,1076.2874758175592,971.5980333333332,0.0,0.0,0.0,0.0,103.28666666666628,0.0,1381.3414784873012,1266.5785155243386,0.0,0.0,0.0,0.0,0.0,0.0,0.0,0.0
2025-09-23,55,C3,1.0147,1091.9557166666666,1003.4251833333332,1093.625174228008,990.4759972222224,0.0,0.0,28.60986936142868,0.0,59.92066397190476,0.0,1266.5785155243386,1200.0,0.0,0.0,0.0,0.0,0.0,0.0,145.1521722052084,145.1521722052084
2025-09-23,56,C3,0.9922,1101.9716166666667,1026.5778833333334,1091.405350195834,1009.3539611111112,0.0,0.0,75.39373333333333,0.0,-0.0,0.0,1200.0,1200.0,0.0,0.0,0.0,0.0,0.0,0.0,374.0283110666667,374.0283110666667
2025-09-23,57,C3,0.97,1097.4033333333334,1051.04375,1062.1284479568128,1028.231925,0.0,0.0,46.359583333333376,0.0,-0.0,0.0,1200.0,1200.0,0.0,0.0,0.0,0.0,0.0,0.0,224.84397916666688,224.84397916666688
2025-09-23,58,C3,0.9422,1104.6482166666667,1070.56755,1027.4731042951228,1047.109888888889,0.0,0.0,34.08066666666673,0.0,-0.0,0.0,1200.0,1200.0,0.0,0.0,0.0,0.0,0.0,0.0,160.554020666667,160.554020666667
2025-09-23,59,C3,0.9569,1094.529266666667,1080.5508333333337,1034.8826509966716,1065.9878527777778,0.0,0.0,13.978433333333214,0.0,-0.0,0.0,1200.0,1200.0,0.0,0.0,0.0,0.0,0.0,0.0,66.87981428333276,66.87981428333276
2025-09-23,60,C3,0.9977,1075.993333333333,1081.29375,1073.139915338402,1084.865816666667,0.0,0.0,0.0,-0.0,0.0,5.3004166666669335,1200.0,1200.0,0.0,0.0,0.0,0.0,0.0,0.0,0.0,0.0
2025-09-23,61,C3,0.9919,1087.8485333333333,1084.459566666667,1083.774038217706,1113.2005472222224,0.0,0.0,3.38896666666642,0.0,-0.0,0.0,1200.0,1200.0,0.0,0.0,0.0,0.0,0.0,0.0,16.80758018333211,16.80758018333211
2025-09-23,62,C3,0.9588,1081.408316666667,1127.3218833333333,1078.2004841383448,1141.5352777777778,0.0,0.0,0.0,0.0,0.0,45.913566666666384,1200.0,1200.0,0.0,0.0,0.0,0.0,0.0,0.0,0.0,0.0
2025-09-23,63,C3,0.9549,1056.0183333333332,1189.95,1073.7863765069906,1169.8700083333335,0.0,0.0,0.0,-0.0,0.0,133.93166666666684,1200.0,1200.0,0.0,0.0,0.0,0.0,0.0,0.0,0.0,0.0
2025-09-23,64,C3,0.9839,1062.8238666666666,1209.6129166666667,1073.0310594867158,1198.2047388888889,0.0,0.0,0.0,-0.0,0.0,146.7890500000001,1200.0,1200.0,0.0,0.0,0.0,0.0,0.0,0.0,0.0,0.0
2025-09-23,65,C3,0.799,1078.949116666667,1206.7621833333333,1068.449892918038,1226.5394694444446,0.0,0.0,0.0,-0.0,0.0,127.81306666666636,1200.0,1200.0,0.0,0.0,0.0,0.0,0.0,0.0,0.0,0.0
2025-09-23,66,C3,0.5025,1078.4266666666667,1226.6125,1062.8429918306852,1254.8742,6.325817809097771,6.325817809097771,0.0,0.0,0.0,154.511651142431,1200.0,1200.0,0.0,3.1787234490716294,3.1787234490716294,0.0,0.0,0.0,0.0,3.1787234490716294
2025-09-23,67,C3,0.4662,1059.5224333333333,1297.46415,1067.140000945237,1290.2766555555556,798.5316557026034,798.5316557026034,0.0,-0.0,0.0,1036.4733723692702,1200.0,1200.0,-2.273736754432321e-13,372.2754578885537,372.2754578885537,0.0,0.0,0.0,0.0,372.2754578885537
2025-09-23,68,C3,0.5007,1051.7829166666668,1368.281433333333,1074.2958518401515,1325.679111111111,22.56945868274751,22.56945868274751,0.0,339.0679753494139,0.0,0.0,1200.0,1505.1611778144725,0.0,11.300527962451678,11.300527962451678,0.0,0.0,0.0,0.0,11.300527962451678
2025-09-23,69,C3,0.4827,1071.92,1399.95625,1074.7391243119012,1361.0815666666667,622.4620067489994,622.4620067489994,0.0,718.0936498086091,0.0,232.40460694039015,1505.1611778144725,2151.4454626422207,-1.1368683772161605e-13,300.46241065774205,300.46241065774205,0.0,0.0,0.0,0.0,300.46241065774205
2025-09-23,70,C3,0.4785,1100.6726166666667,1396.6131666666668,1061.705316992022,1396.4840222222222,472.02431571056616,472.02431571056616,0.0,767.9648657105662,0.0,0.0,2151.4454626422207,2842.61384178173,1.1368683772161605e-13,225.8636350675059,225.8636350675059,0.0,0.0,0.0,0.0,225.8636350675059
2025-09-23,71,C3,0.4662,1061.9253666666666,1405.9018166666667,1031.7054275125518,1431.8864777777778,430.29761056202767,430.29761056202767,0.0,774.2740605620278,0.0,0.0,2842.61384178173,3539.460496287555,-1.1368683772161605e-13,200.6047460440173,200.6047460440173,0.0,0.0,0.0,0.0,200.6047460440173
2025-09-23,72,C3,0.4432,982.2816666666666,1435.59375,992.8053845407516,1467.2889333333333,397.6525325123133,397.6525325123133,0.0,833.3333333333334,0.0,17.631282512313305,3539.460496287555,4289.460496287555,1.1368683772161605e-13,176.23960240945726,176.23960240945726,0.0,0.0,0.0,0.0,176.23960240945726
2025-09-23,73,C3,0.4411,969.2598833333332,1448.3985833333334,966.4058654940544,1424.024113888889,275.5658622557364,309.70424666796407,0.0,531.6206651708459,0.0,257.2222814971184,4289.460496287555,4767.919094941316,0.0,121.55210184100534,144.13976388735577,34.13838441222765,0.0,22.58766204635043,0.0,144.13976388735577
2025-09-23,74,C3,0.4551,988.3075333333333,1430.2115666666666,981.7172156777784,1412.4544777777776,289.86018122196526,407.0251704721797,0.0,0.0,0.0,848.929203805513,4767.919094941316,4767.919094941316,1.1368683772161605e-13,131.9153684741164,211.89804838577524,117.16498925021438,0.0,79.98267991165883,0.0,211.89804838577524
2025-09-23,75,C3,0.4463,993.0716666666668,1414.08125,1013.0746988735516,1400.8848416666667,435.58847510608666,475.08728455157313,0.0,0.0,0.0,896.0968678849063,4767.919094941316,4767.919094941316,-1.1368683772161605e-13,194.4031364398465,220.8456144231274,39.49880944548647,0.0,26.442477983280924,0.0,220.8456144231274
2025-09-23,76,C3,0.4113,980.4257666666668,1440.8882833333334,1004.9093688200404,1389.3152055555556,407.0779950753573,442.8120577172703,0.0,827.2178944527857,0.0,76.05667993115117,4767.919094941316,5512.415199948823,-1.1368683772161605e-13,167.43117937449446,189.47730932142264,35.73406264191294,0.0,22.046129946928176,0.0,189.47730932142264
2025-09-23,77,C3,0.5682,1015.2652,1424.4440000000002,1006.0952757209192,1377.7455694444443,0.0,122.3904188811042,0.0,531.5692188811043,0.0,0.0,5512.415199948823,5990.827496941817,-1.1368683772161605e-13,0.0,104.31335401236512,122.3904188811042,0.0,104.31335401236512,0.0,104.31335401236512
2025-09-23,78,C3,0.8279,1068.0883333333334,1355.85625,1029.0627952457637,1366.1759333333332,0.0,0.0,0.0,287.7679166666667,0.0,0.0,5990.827496941817,6249.818621941817,0.0,0.0,0.0,0.0,0.0,0.0,0.0,0.0
2025-09-23,79,C3,0.8636,1042.2472166666666,1314.1581333333334,1031.1745753002033,1337.9836166666666,0.0,0.0,0.0,271.9109166666667,0.0,0.0,6249.818621941817,6494.538446941817,0.0,0.0,0.0,0.0,0.0,0.0,0.0,0.0
2025-09-23,80,C3,0.8416,1013.4041833333334,1292.3498,1003.9371389377804,1309.7913,0.0,0.0,0.0,278.9456166666665,0.0,0.0,6494.538446941817,6745.589501941817,0.0,0.0,0.0,0.0,0.0,0.0,0.0,0.0
2025-09-23,81,C3,0.8618,1019.2716666666666,1267.88125,986.8544594645228,1281.5989833333333,0.0,0.0,0.0,248.6095833333333,0.0,0.0,6745.589501941817,6969.338126941817,0.0,0.0,0.0,0.0,0.0,0.0,0.0,0.0
2025-09-23,82,C3,0.8623,1026.9902333333332,1232.426416666667,1026.4507497502152,1253.4066666666663,0.0,0.0,0.0,205.4361833333337,0.0,0.0,6969.338126941817,7154.230691941817,0.0,0.0,0.0,0.0,0.0,0.0,0.0,0.0
2025-09-23,83,C3,0.9026,1048.6416333333334,1204.69615,1045.779641245338,1225.21435,0.0,0.0,0.0,156.0545166666666,0.0,0.0,7154.230691941817,7294.679756941817,0.0,0.0,0.0,0.0,0.0,0.0,0.0,0.0
2025-09-23,84,C3,0.9754,1068.255,1182.49375,1016.6245367287952,1197.0220333333334,0.0,0.0,0.0,114.23874999999998,0.0,0.0,7294.679756941817,7397.494631941817,0.0,0.0,0.0,0.0,0.0,0.0,0.0,0.0
2025-09-23,85,C3,1.0002,1049.77675,1139.6694666666667,987.5296527433138,1130.6076,0.0,0.0,0.0,89.89271666666673,0.0,0.0,7397.494631941817,7478.398076941817,0.0,0.0,0.0,0.0,0.0,0.0,0.0,0.0
2025-09-23,86,C3,0.9978,1035.4709833333334,1065.57745,992.1822532868068,1064.193166666667,0.0,0.0,0.0,30.10646666666662,0.0,0.0,7478.398076941817,7505.493896941816,0.0,0.0,0.0,0.0,0.0,0.0,0.0,0.0
2025-09-23,87,C3,1.0271,1039.4333333333334,975.675,1018.571345092646,997.7787333333332,0.0,0.0,0.0,0.0,63.75833333333344,0.0,7505.493896941816,7434.651304349223,0.0,0.0,0.0,0.0,0.0,0.0,0.0,0.0
2025-09-23,88,C3,1.0906,1036.1879,898.9024333333333,1025.8295434343063,931.3642999999998,0.0,0.0,0.0,0.0,137.2854666666666,0.0,7434.651304349223,7282.111896941816,0.0,0.0,0.0,0.0,0.0,0.0,0.0,0.0
2025-09-23,89,C3,0.9376,1034.3812666666663,831.80015,1021.563138975734,864.9498666666667,0.0,0.0,0.0,0.0,202.58111666666628,0.0,7282.111896941816,7057.021767312187,0.0,0.0,0.0,0.0,0.0,0.0,0.0,0.0
2025-09-23,90,C3,0.6694,1043.78,793.6062499999999,1014.1320227087672,798.5354333333333,966.681743654722,966.681743654722,116.8253396786115,833.3333333333334,0.0,0.0,7057.021767312187,7807.021767312187,-1.1368683772161605e-13,647.0967592024708,647.0967592024708,0.0,0.0,0.0,391.0144119043127,1038.1111711067836
2025-09-23,91,C3,0.66,1062.897516666667,807.0136666666667,1009.0702777106444,765.0442583333333,1200.0290369645886,1131.9420037299392,0.0,833.3333333333334,0.0,42.72482039660565,7807.021767312187,8557.021767312188,0.0,792.0191643966285,769.5504434291942,0.0,68.08703323464943,-22.468720967434365,0.0,769.5504434291942
2025-09-23,92,C3,0.7217,1076.8336166666666,789.0494166666667,1044.4740158013358,731.5530833333332,450.77967293954725,450.77967293954725,381.1807617999484,544.1762347394958,0.0,0.0,8557.021767312188,9046.780378577734,0.0,325.3276899604713,325.3276899604713,0.0,0.0,0.0,1375.490778955114,1700.818468915585
2025-09-23,93,C3,0.7308,1063.7416666666666,736.2062500000001,1089.3421465689446,698.0619083333332,560.0232535498152,560.0232535498152,0.0,232.4878368831487,0.0,0.0,9046.780378577734,9256.019431772567,0.0,409.264993694205,409.264993694205,0.0,0.0,0.0,0.0,409.264993694205
2025-09-23,94,C3,0.7534,1020.0329333333334,717.7256666666667,1066.212249310266,664.5707333333334,511.3647778078498,511.3647778078498,0.0,209.0575111411831,0.0,0.0,9256.019431772567,9444.171191799633,0.0,385.262223600434,385.262223600434,0.0,0.0,0.0,0.0,385.262223600434
2025-09-23,95,C3,0.7823,1025.60495,672.6557666666666,1020.5112793601824,631.0795583333334,516.4236441312488,516.4236441312488,0.0,70.14693335176666,0.0,93.32752744614886,9444.171191799633,9507.303431816224,0.0,403.998216803876,403.998216803876,0.0,0.0,0.0,0.0,403.998216803876
2025-09-23,96,C3,0.8055,1084.195,590.6125000000001,1012.5044276065232,597.5883833333334,521.1501253997683,521.1501253997683,0.0,0.0,0.0,27.567625399768417,9507.303431816224,9507.303431816224,-1.1368683772161605e-13,419.7864260095134,419.7864260095134,0.0,0.0,0.0,0.0,419.7864260095134
2025-09-23,97,C3,0.8271,1117.4952,528.06255,1058.7045264852095,538.0383916666666,598.5096297288092,598.5096297288092,68.76651518145752,77.8434949102666,0.0,0.0,9507.303431816224,9577.362577235464,0.0,495.027314748698,495.027314748698,0.0,0.0,0.0,284.38392353291755,779.4112382816156
2025-09-23,98,C3,0.8519,1108.5640166666667,472.75036666666665,1071.9983518456736,478.4884,694.9173538154184,694.9173538154184,42.303698154326085,101.40740196974448,0.0,0.0,9577.362577235464,9668.629239008233,9.947598300641405e-14,592.000093715355,592.000093715355,0.0,0.0,0.0,180.192602288352,772.1926960037069
2025-09-23,99,C3,0.8791,1085.4916666666666,417.25625,1040.7091095226235,418.93840833333337,688.6382477769519,688.6382477769519,46.46471547737569,66.86754658766101,0.0,0.0,9668.629239008233,9728.810030937128,7.105427357601003e-14,605.3818836207183,605.3818836207183,0.0,0.0,0.0,204.23565688080487,809.6175405015232
2025-09-23,100,C3,0.9024,1086.1258833333334,369.77835,1036.691545331264,359.38841666666667,755.8439779660847,755.8439779660847,39.04440466873696,78.54084930148828,0.0,0.0,9728.810030937128,9799.496795308469,9.947598300641405e-14,682.0736057165948,682.0736057165948,0.0,0.0,0.0,176.16835386534115,858.2419595819359
2025-09-23,101,C3,0.9163,1075.4214333333332,310.59875,1060.5122791792137,299.83842500000003,837.2054021158974,837.2054021158974,4.148829154119426,76.53154793668364,0.0,0.0,9799.496795308469,9868.375188451482,0.0,767.1313099587968,767.1313099587968,0.0,0.0,0.0,19.00786076959815,786.1391707283949
2025-09-23,102,C3,0.9264,1058.285,244.23125,1076.0961743409175,240.28843333333336,888.0970604620852,888.0970604620852,0.0,52.289319454501104,0.0,21.753991007584013,9868.375188451482,9915.435575960531,5.684341886080803e-14,822.7331168120758,822.7331168120758,0.0,0.0,0.0,0.0,822.7331168120758
2025-09-23,103,C3,0.9462,1073.5455166666668,196.4585333333333,1051.3171729765686,200.24036111111116,933.4677597281708,933.4677597281708,26.01017146787663,82.3909478627138,0.0,0.0,9915.435575960531,9989.587429036976,0.0,883.2471942547951,883.2471942547951,0.0,0.0,0.0,123.05412121452434,1006.3013154693194
2025-09-23,104,C3,0.9742,1066.3225166666666,152.9859,1038.7010997302832,160.1922888888889,941.6575510702456,941.6575510702456,34.82780582527316,63.14874022885205,0.0,0.0,9989.587429036976,10046.421295242944,-1.2789769243681806e-13,917.3627862526332,917.3627862526332,0.0,0.0,0.0,169.64624217490555,1087.0090284275386
2025-09-23,105,C3,0.9862,1061.415,105.03125,1067.1692191821846,120.14421666666668,950.2077043934212,992.2092317003892,0.0,35.82548170038922,0.0,0.0,10046.421295242944,10078.664228773292,0.0,937.0948380727918,999.2276974179898,42.001527306968114,0.0,62.13285934519797,0.0,999.2276974179898
2025-09-23,106,C3,0.976,1111.272333333333,59.40966666666667,1093.5769375127445,80.09614444444446,1069.4935293891413,1069.4935293891413,47.740621082844434,65.37148380531926,0.0,0.0,10078.664228773292,10137.49856419808,0.0,1043.825684683802,1043.825684683802,0.0,0.0,0.0,232.97423088428084,1276.7999155680827
2025-09-23,107,C3,1.0742,981.0726333333332,21.90731666666667,976.6933723391952,40.04807222222223,946.9251861929308,961.5652521455946,0.0,2.3999354789280822,0.0,0.0,10137.49856419808,10139.658506129115,3.1974423109204515e-14,1017.1870350084462,1040.7765732779735,14.640065952663916,0.0,23.58953826952734,0.0,1040.7765732779735
2025-09-23,108,C3,1.2313,752.645,0.0,786.2291649139662,0.0,733.7704061973537,802.4380580301386,0.0,38.728909665867626,0.0,11.064148364270956,10139.658506129115,10174.514524828395,0.0,903.4915011508016,1030.3172207033635,68.66765183278483,0.0,126.82571955256184,0.0,1030.3172207033635
2025-09-23,109,C3,1.2561,764.32985,0.0,746.7275010323477,0.0,741.6729431708452,741.6729431708452,0.0,0.0,22.65690682915483,0.0,10174.514524828395,10149.340183907114,1.1368683772161605e-13,931.6153839168986,931.6153839168986,0.0,0.0,0.0,0.0,931.6153839168986
2025-09-23,110,C3,1.2447,830.9645,0.7372333333333333,766.954439575427,0.0,741.0093842408263,757.7979938482115,72.42927281845371,0.0,0.0,0.0,10149.340183907114,10149.340183907114,-1.5916157281026244e-12,922.3343805645565,953.6795541320248,16.788609607385183,0.0,31.345173567468464,450.76357938564666,1404.4431335176716
2025-09-23,111,C3,1.2545,834.4166666666666,0.0,782.6455369986685,0.0,691.579103753492,771.7981556550549,60.21703290843206,0.0,2.4014781031796986,0.0,10149.340183907114,10146.671874903584,0.0,867.5859856587556,1018.5381865745215,80.21905190156292,0.0,150.95220091576607,377.7113389181401,1396.2495254926616
2025-09-23,112,C3,1.2522,836.15965,0.0,814.3137420655966,0.0,798.0151016271557,829.3583946551743,6.80125534482579,0.0,0.0,0.0,10146.671874903584,10146.671874903584,0.0,999.2745102575244,1058.1466175520516,31.343293028018596,0.0,58.87210729452727,42.58265971395427,1100.7292772660055
2025-09-23,113,C3,1.2881,810.4176333333334,0.0529333333333333,793.1024732648475,0.0,808.9692336283287,808.9692336283287,1.395466371671116,0.0,0.0,0.0,10146.671874903584,10146.671874903584,-2.273736754432321e-13,1042.03326983665,1042.03326983665,0.0,0.0,0.0,8.987501166747823,1051.0207710033978
2025-09-23,114,C3,1.3466,777.4266666666667,0.0,751.847332980217,0.0,0.0,1.0127907735711688,0.0,0.0,776.4138758930932,0.0,10146.671874903584,9283.989790577923,-2.387423592153937e-12,0.0,2.045736083536404,1.0127907735711688,0.0,2.045736083536404,0.0,2.045736083536404
2025-09-23,115,C3,1.3523,799.0988833333334,0.0,795.1200658384641,0.0,0.0,50.5835501053881,0.0,0.0,748.5153332279453,0.0,9283.989790577923,8452.306086991317,0.0,0.0,102.6062022112745,50.5835501053881,0.0,102.6062022112745,0.0,102.6062022112745
2025-09-23,116,C3,1.3445,825.5996666666666,0.0038,819.1574060858303,0.0,17.541940044028365,51.69733104507543,0.0,0.0,773.8985356215912,0.0,8452.306086991317,7592.418825189548,0.0,23.58513838919614,92.4680231905578,34.155391001047064,0.0,68.88288480136166,0.0,92.4680231905578
2025-09-23,117,C3,1.3483,817.8166666666666,0.0,794.7674679097285,0.0,30.864112272459693,30.864112272459693,0.0,0.0,786.9525543942069,0.0,7592.418825189548,6718.0270980848745,0.0,41.61408257695741,41.61408257695741,0.0,0.0,0.0,0.0,41.61408257695741
2025-09-23,118,C3,1.349,786.83635,0.0,796.1533273758349,0.0,0.0,9.2448421787567,0.0,0.0,777.5915078212433,0.0,6718.0270980848745,5854.036533839048,0.0,0.0,18.70693814871418,9.2448421787567,0.0,18.70693814871418,0.0,18.70693814871418
2025-09-23,119,C3,1.3473,784.2191666666666,0.0002666666666666,800.2393143284095,0.0,4.097658381425958,35.97704079377047,0.0,0.0,748.2418592062295,0.0,5854.036533839048,5022.656690276571,0.0,5.520775137295193,69.94741302352283,31.879382412344512,0.0,64.42663788622764,0.0,69.94741302352283
2025-09-23,120,C3,1.3482,811.9116666666667,0.0,787.0336030201897,0.0,0.0,23.69509992237101,0.0,0.0,788.2165667442957,0.0,5022.656690276571,4146.860505005131,0.0,0.0,47.9186005730109,23.69509992237101,0.0,47.9186005730109,0.0,47.9186005730109
2025-09-23,121,C3,1.3513,827.1781166666666,0.0,768.5075177845173,0.0,0.0,0.0,0.0,0.0,827.1781166666666,0.0,4146.860505005131,3227.773708708835,0.0,0.0,0.0,0.0,0.0,0.0,0.0,0.0
2025-09-23,122,C3,1.34,843.5677000000001,0.0,768.2642949615378,0.0,328.4649118358228,328.4649118358228,217.59873087391333,0.0,297.5040572902639,0.0,3227.773708708835,2897.213645052986,0.0,440.1429818600026,440.1429818600026,0.0,0.0,0.0,1457.9114968552194,1898.054478715222
2025-09-23,123,C3,1.3489,839.7083333333334,0.0,790.2241076589822,0.0,0.0,51.79484579193331,49.48422567435136,0.0,738.4292618670487,0.0,2897.213645052986,2076.736687422932,0.0,0.0,104.79910123310826,51.79484579193331,0.0,104.79910123310826,333.7463600606628,438.5454612937711
2025-09-23,124,C3,1.3952,784.8952833333333,0.0,812.417606125182,0.0,7.501049665232017,23.354587444543423,0.0,0.0,761.5406958887899,0.0,2076.736687422932,1230.5803586576098,0.0,10.46546449293171,43.64374835747463,15.85353777931141,0.0,33.17828386454292,0.0,43.64374835747463
2025-09-23,125,C3,1.2226,801.6618,0.0,801.1174912082105,0.0,805.7624729836172,823.3437775979847,0.0,0.0,0.0,21.68197759798477,1230.5803586576098,1230.5803586576098,0.0,985.1251994697702,1017.3675540020588,17.581304614367582,0.0,32.24235453228869,0.0,1017.3675540020588
2025-09-23,126,C3,0.9332,869.2166666666667,0.0,781.3817687495615,0.0,800.6798526748129,820.1007139096495,33.67238604319748,0.0,15.443566713819749,0.0,1230.5803586576098,1213.420840086699,0.0,747.1944385161354,774.3797600726597,19.420861234836597,0.0,27.185321556524286,157.11535327755945,931.4951133502192
2025-09-23,127,C3,0.9068,842.5243833333334,0.0,804.2231468488923,0.0,772.5330278290969,819.572273995984,22.952109337349498,0.0,0.0,0.0,1213.420840086699,1213.4208400866992,1.1368683772161605e-13,700.5329496354251,764.515732271625,47.0392461668871,0.0,63.982782636199886,104.06486373554264,868.5805960071676
2025-09-23,128,C3,0.9371,804.5951833333334,0.0,784.9929622599146,0.0,758.8557076267683,767.8582847912702,32.03501406256266,0.0,4.7018844795005,0.0,1213.4208400866992,1208.1965239983654,0.0,711.1236836170447,723.7781562083267,9.002577164501872,0.0,12.654472591282,150.10005839013735,873.878214598464
2025-09-23,129,C3,0.9371,813.3816666666667,0.0,750.9515094174226,0.0,769.0696707462292,769.0696707462292,44.31199592043763,0.0,0.0,0.0,1208.1965239983654,1208.1965239983656,2.273736754432321e-13,720.6951884562915,720.6951884562915,0.0,0.0,0.0,207.62385688521053,928.319045341502
2025-09-23,130,C3,0.9871,829.8691333333333,0.0,802.8348008875959,0.0,780.7822186127337,780.7822186127337,41.71004312207053,0.0,7.376871598529036,0.0,1208.1965239983656,1200.0,0.0,770.7101279926294,770.7101279926294,0.0,0.0,0.0,205.85991782897912,976.5700458216086
2025-09-23,131,C3,0.7764,768.1864999999999,0.0,760.3618219167855,0.0,745.5654461674374,781.0948138964957,0.0,-0.0,0.0,12.90831389649577,1200.0,1200.0,0.0,578.8570124043983,620.2345140616596,35.52936772905832,0.0,41.37750165726129,0.0,620.2345140616596
2025-09-23,132,C3,0.4209,639.2433333333333,0.0,623.4595785408478,0.0,630.5391414009445,672.2505710119998,0.0,0.0,0.0,33.007237678666456,1200.0,1200.0,0.0,265.3939246156575,291.7284357005973,41.71142961105534,0.0,26.334511084939777,0.0,291.7284357005973
2025-09-23,133,C3,0.3859,553.4415666666666,0.0,583.74243848484,0.0,600.8514059896061,639.5436394316825,0.0,0.0,0.0,86.10207276501592,1200.0,1200.0,0.0,231.868557571389,254.26555689933497,38.692233442076486,0.0,22.396999327945963,0.0,254.26555689933497
2025-09-23,134,C3,0.4368,582.6785666666666,0.0,593.6904527633232,0.0,542.855052770818,614.6484963072148,0.0,-0.0,0.0,31.96992964054823,1200.0,1200.0,0.0,237.11908705029333,284.1581512553405,71.79344353639681,0.0,47.03906420504717,0.0,284.1581512553405
2025-09-23,135,C3,0.4198,647.2066666666666,0.0,597.939445122205,0.0,576.6192811074668,612.3510593730625,34.855607293604066,0.0,-0.0,0.0,1200.0,1200.0,0.0,242.06477420891457,264.5650749827602,35.73177826559572,0.0,22.50030077384565,73.16191970927494,337.7269946920352
2025-09-23,136,C3,0.4186,596.69985,0.0,598.1268934447331,0.0,602.28758042913,669.381701752169,0.0,27.645086122505013,0.0,45.03676562966398,1200.0,1224.8805775102544,0.0,252.11758116763383,294.24597994637,67.09412132303896,0.0,42.12839877873614,0.0,294.24597994637
2025-09-23,137,C3,0.4241,555.3522833333333,0.0,604.1649902913232,0.0,578.1972074231869,655.5705373897363,0.0,51.40554709841335,0.0,48.812706957989775,1224.8805775102544,1271.1455698988264,-1.2789769243681806e-13,245.2134356681736,294.43447952639394,77.37332996654936,0.0,49.22104385822038,0.0,294.43447952639394
2025-09-23,138,C3,0.4237,569.35,0.0,607.0809605681669,0.0,603.9445829344386,603.9445829344386,0.0,0.0,0.0,34.59458293443845,1271.1455698988264,1271.1455698988264,1.1368683772161605e-13,255.89131978932164,255.89131978932164,0.0,0.0,0.0,0.0,255.89131978932164
2025-09-23,139,C3,0.4248,564.6558666666666,0.0,592.4307781540067,0.0,556.4676856451321,573.6150795939996,0.0,0.0,0.0,8.95921292733301,1271.1455698988264,1271.1455698988264,-6.750155989720953e-14,236.3874728620521,247.31379228627048,17.14739394886749,0.0,10.926319424218375,0.0,247.31379228627048
2025-09-23,140,C3,0.424,576.5015666666667,0.0,602.115993960597,0.0,569.979104195391,615.7189666205064,0.0,0.0,0.0,39.21739995383973,1271.1455698988264,1271.1455698988264,0.0,241.67114017884572,270.7616926812192,45.73986242511546,0.0,29.09055250237344,0.0,270.7616926812192
2025-09-23,141,C3,0.422,610.3249999999999,0.0,620.0303077521133,0.0,581.4019498266603,634.9619115348141,0.0,1.4332478083696645,0.0,23.20366372644437,1271.1455698988264,1272.4354929263593,1.7053025658242404e-13,245.35162282685064,279.25507858811204,53.55996170815388,0.0,33.90345576126143,0.0,279.25507858811204
2025-09-23,142,C3,0.424,617.0673,0.0,592.9183460760196,0.0,573.9119514555263,592.0891902828716,24.14895392398012,0.0,0.829155793148243,0.0,1272.4354929263593,1271.51420871175,0.0,243.33866741714317,254.8993913113348,18.177238827345377,0.0,11.560723894191652,51.19578231883785,306.09517363017267
2025-09-23,143,C3,0.4271,568.2980833333334,0.0,602.5694493010177,0.0,588.9483121661289,588.9483121661289,0.0,0.0,0.0,20.65022883279557,1271.51420871175,1271.51420871175,-6.394884621840903e-14,251.53982412615363,251.53982412615363,0.0,0.0,0.0,0.0,251.53982412615363
2025-09-23,144,C3,0.4276,524.6016666666667,0.0,637.2296480053518,0.0,548.7781640793062,586.4879972996654,0.0,0.0,0.0,61.88633063299853,1271.51420871175,1271.51420871175,1.6342482922482304e-13,234.6575429603113,258.8446299878497,37.7098332203592,0.0,24.18708702753841,0.0,258.8446299878497
2025-12-21,1,C3,0.4248,596.0177166666666,0.0,591.9247809394022,0.0,1437.998928544808,1437.998928544808,0.0,0.0,0.0,841.9812118781414,1232.4558621738088,1232.4558621738088,0.0,610.8619448458345,610.8619448458345,0.0,0.0,0.0,0.0,610.8619448458345
2025-12-21,2,C3,0.4245,589.6451666666667,0.0,562.1336382354597,0.0,1427.3865544985538,1427.3865544985538,0.0,0.0,0.0,837.7413878318871,1232.4558621738088,1232.4558621738088,0.0,605.925592384636,605.925592384636,0.0,0.0,0.0,0.0,605.925592384636
2025-12-21,3,C3,0.4269,578.6833333333333,0.0,572.4143986248182,0.0,1433.3551741444364,1433.3551741444364,0.0,72.99922983284988,0.0,781.6726109782533,1232.4558621738088,1298.1551690233737,0.0,611.89932384226,611.89932384226,0.0,0.0,0.0,0.0,611.89932384226
2025-12-21,4,C3,0.4272,564.7100333333334,0.0,612.3857486747077,0.0,1439.3726395621734,1439.3726395621734,0.0,826.9868908874657,0.0,47.67571534137426,1298.1551690233737,2042.443370822093,0.0,614.8999916209605,614.8999916209605,0.0,0.0,0.0,0.0,614.8999916209605
2025-12-21,5,C3,0.4271,549.9038833333333,0.0,625.9003255074905,0.0,1449.5363953938552,1449.5363953938552,0.0,823.6360698863647,0.0,75.99644217415721,2042.443370822093,2783.715833719821,0.0,619.0969944727156,619.0969944727156,0.0,0.0,0.0,0.0,619.0969944727156
2025-12-21,6,C3,0.4285,558.21,0.0,609.15856779202,0.0,1456.4616484556575,1456.4616484556575,0.0,833.3333333333333,0.0,64.9183151223242,2783.715833719821,3533.715833719821,0.0,624.0938163632492,624.0938163632492,0.0,0.0,0.0,0.0,624.0938163632492
2025-12-21,7,C3,0.4311,610.3485166666667,0.0,606.7853949937513,0.0,638.8846887237647,638.8846887237647,0.0,28.53617205709804,0.0,0.0,3533.715833719821,3559.3983885712096,0.0,275.423189308815,275.423189308815,0.0,0.0,0.0,0.0,275.423189308815
2025-12-21,8,C3,0.4302,633.23595,0.0,606.0805921476575,0.0,1475.9046047624197,1475.9046047624197,0.0,833.3333333333334,0.0,9.335321429086092,3559.3983885712096,4309.39838857121,0.0,634.9341609687929,634.9341609687929,0.0,0.0,0.0,0.0,634.9341609687929
2025-12-21,9,C3,0.4279,622.6966666666666,0.0,600.8131310496154,0.0,1485.0845138314585,1485.0845138314585,0.0,833.3333333333334,0.0,29.054513831458507,4309.39838857121,5059.39838857121,0.0,635.4676634684811,635.4676634684811,0.0,0.0,0.0,0.0,635.4676634684811
2025-12-21,10,C3,0.4312,637.4892666666666,0.0,603.1654412182511,0.0,643.4284103762843,643.4284103762843,0.0,5.939143709617724,0.0,0.0,5059.39838857121,5064.743617909866,0.0,277.4463305542538,277.4463305542538,0.0,0.0,0.0,0.0,277.4463305542538
2025-12-21,11,C3,0.4333,622.368,0.0,612.8174302817773,0.0,625.2085143322455,625.2085143322455,0.0,2.840514332245448,0.0,0.0,5064.743617909866,5067.300080808886,0.0,270.902849260162,270.902849260162,0.0,0.0,0.0,0.0,270.902849260162
2025-12-21,12,C3,0.4311,597.8583333333333,0.0,621.8723626494983,0.0,1045.690310777615,1045.690310777615,0.0,447.8319774442816,0.0,0.0,5067.300080808886,5470.34886050874,0.0,450.7970929762298,450.7970929762298,0.0,0.0,0.0,0.0,450.7970929762298
2025-12-21,13,C3,0.4293,642.7462333333334,0.0,624.3284638936894,0.0,1430.726425236368,1430.726425236368,0.0,787.9801919030346,0.0,0.0,5470.34886050874,6179.53103322147,0.0,614.2108543539728,614.2108543539728,0.0,0.0,0.0,0.0,614.2108543539728
2025-12-21,14,C3,0.4324,653.8691166666666,0.0,637.5218053307409,0.0,705.3601916377532,705.3601916377532,0.0,51.49107497108662,0.0,0.0,6179.53103322147,6225.873000695448,0.0,304.9977468641645,304.9977468641645,0.0,0.0,0.0,0.0,304.9977468641645
2025-12-21,15,C3,0.4367,621.75,0.0,659.6134525767757,0.0,708.9382416795374,708.9382416795374,0.0,87.18824167953744,0.0,0.0,6225.873000695448,6304.342418207032,0.0,309.593330141454,309.593330141454,0.0,0.0,0.0,0.0,309.593330141454
2025-12-21,16,C3,0.4348,636.6433333333333,0.0,668.9873525711145,0.0,751.2387021384557,751.2387021384557,0.0,114.59536880512236,0.0,0.0,6304.342418207032,6407.478250131642,0.0,326.63858768980054,326.63858768980054,0.0,0.0,0.0,0.0,326.63858768980054
2025-12-21,17,C3,0.4335,631.9107333333333,0.0,665.1593626590476,0.0,741.386125033822,741.386125033822,0.0,109.4753917004888,0.0,0.0,6407.478250131642,6506.006102662082,0.0,321.3908852021619,321.3908852021619,0.0,0.0,0.0,0.0,321.3908852021619
2025-12-21,18,C3,0.4357,625.2883333333333,0.0,653.608816478995,0.0,709.4989511706162,709.4989511706162,0.0,84.21061783728294,0.0,0.0,6506.006102662082,6581.795658715637,0.0,309.1286930250375,309.1286930250375,0.0,0.0,0.0,0.0,309.1286930250375
2025-12-21,19,C3,0.4374,696.7576833333333,0.0,644.1012290648932,0.0,682.6642594288643,682.6642594288643,0.0,0.0,14.093423904468978,0.0,6581.795658715637,6566.136298821783,0.0,298.5973470741852,298.5973470741852,0.0,0.0,0.0,0.0,298.5973470741852
2025-12-21,20,C3,0.4371,685.8887833333333,0.0,659.7010341582159,0.0,674.3968564853387,674.3968564853387,9.118728482801862,0.0,2.3731983651927293,0.0,6566.136298821783,6563.499411749346,0.0,294.7788659697416,294.7788659697416,0.0,0.0,0.0,19.928981099163465,314.70784706890504
2025-12-21,21,C3,0.4356,624.79,0.0,676.1636231905494,0.0,712.9542049951967,712.9542049951967,0.0,57.48468855128724,0.0,30.67951644390953,6563.499411749346,6615.235631445505,0.0,310.5628516959077,310.5628516959077,0.0,0.0,0.0,0.0,310.5628516959077
2025-12-21,22,C3,0.4353,703.4143,0.0,647.4263579106771,0.0,654.1578255879078,654.1578255879078,37.94673676587024,0.0,11.309737646221947,0.0,6615.235631445505,6602.669256283036,0.0,284.7549014784163,284.7549014784163,0.0,0.0,0.0,82.59107257091658,367.3459740493329
2025-12-21,23,C3,0.436,737.3209499999999,0.0,639.074729183413,0.0,659.7688359300532,659.7688359300532,77.5521140699467,0.0,0.0,0.0,6602.669256283036,6602.669256283036,0.0,287.65921246550323,287.65921246550323,0.0,0.0,0.0,169.0636086724838,456.722821137987
2025-12-21,24,C3,0.4378,679.8583333333333,0.0,663.3226295432727,0.0,711.5494968112433,711.5494968112433,0.0,31.69116347790998,0.0,0.0,6602.669256283036,6631.191303413155,0.0,311.5163697039624,311.5163697039624,0.0,0.0,0.0,0.0,311.5163697039624
2025-12-21,25,C3,0.4401,673.1570666666667,0.0,669.1994824948234,0.0,722.5721963596208,722.5721963596208,0.0,49.41512969295411,0.0,0.0,6631.191303413155,6675.664920136814,0.0,318.0040236178691,318.0040236178691,0.0,0.0,0.0,0.0,318.0040236178691
2025-12-21,26,C3,0.4389,680.3992333333333,0.0,679.1106656784851,0.0,719.7320231006955,719.7320231006955,0.0,39.332789767362215,0.0,0.0,6675.664920136814,6711.064430927439,0.0,315.8903849388953,315.8903849388953,0.0,0.0,0.0,0.0,315.8903849388953
2025-12-21,27,C3,0.4364,677.4783333333334,0.0,706.3616300751911,0.0,759.7035970655926,759.7035970655926,0.0,82.22526373225924,0.0,0.0,6711.064430927439,6785.067168286473,0.0,331.5346497594246,331.5346497594246,0.0,0.0,0.0,0.0,331.5346497594246
2025-12-21,28,C3,0.4393,686.9797333333332,0.0,730.991341507323,0.0,788.6828946023932,788.6828946023932,0.0,101.70316126905992,0.0,0.0,6785.067168286473,6876.600013428627,0.0,346.4683955988313,346.4683955988313,0.0,0.0,0.0,0.0,346.4683955988313
2025-12-21,29,C3,0.4422,680.6025666666667,0.0,716.0711147497223,0.0,774.4138149660039,774.4138149660039,0.0,93.8112482993372,0.0,0.0,6876.600013428627,6961.03013689803,0.0,342.4457889779669,342.4457889779669,0.0,0.0,0.0,0.0,342.4457889779669
2025-12-21,30,C3,0.4395,672.0516666666666,0.0,682.7405733084543,0.0,744.6840026792373,744.6840026792373,0.0,72.6323360125707,0.0,0.0,6961.03013689803,7026.399239309343,0.0,327.2886191775248,327.2886191775248,0.0,0.0,0.0,0.0,327.2886191775248
2025-12-21,31,C3,0.4333,702.9903666666668,0.0003833333333333,688.8161144334412,0.0,770.5573773014175,770.5573773014175,0.0,67.5673939680841,0.0,0.0,7026.399239309343,7087.209893880618,5.684341886080803e-14,333.8825115847042,333.8825115847042,0.0,0.0,0.0,0.0,333.8825115847042
2025-12-21,32,C3,0.4439,708.8747333333334,0.0,693.0924425660523,0.0,784.1972942480586,784.1972942480586,0.0,75.32256091472516,0.0,0.0,7087.209893880618,7155.000198703871,0.0,348.1051789167132,348.1051789167132,0.0,0.0,0.0,0.0,348.1051789167132
2025-12-21,33,C3,0.4301,677.7633333333333,0.0,680.4741234212348,0.0,1466.2022633583194,1466.2022633583194,0.0,788.4389300249861,0.0,0.0,7155.000198703871,7864.595235726359,0.0,630.6135934704132,630.6135934704132,0.0,0.0,0.0,0.0,630.6135934704132
2025-12-21,34,C3,0.3713,679.6296833333333,0.0052666666666666,690.3360508231029,0.0,1545.5157713083067,1545.5157713083067,0.0,784.0023056353078,0.0,81.88904900633224,7864.595235726359,8570.197310798136,-1.1368683772161605e-13,573.8500058867743,573.8500058867743,0.0,0.0,0.0,0.0,573.8500058867743
2025-12-21,35,C3,0.5708,786.2857666666667,0.0,769.6969658825719,0.0,702.4741809814265,702.4741809814265,0.0,0.0,83.81158568524029,0.0,8570.197310798136,8477.073326703425,0.0,400.9722625041982,400.9722625041982,0.0,0.0,0.0,0.0,400.9722625041982
2025-12-21,36,C3,0.9099,915.1083333333332,0.0,874.7643849691144,0.0,519.4001657647409,519.4001657647409,0.0,0.0,395.70816756859233,0.0,8477.073326703425,8037.397584960544,0.0,472.60221082933776,472.60221082933776,0.0,0.0,0.0,0.0,472.60221082933776
2025-12-21,37,C3,0.9368,906.553,0.0734333333333333,903.937218117735,0.0,184.5441072303031,184.5441072303031,0.0,0.0,721.9354594363635,0.0,8037.397584960544,7235.247074475696,0.0,172.88091965334797,172.88091965334797,0.0,0.0,0.0,0.0,172.88091965334797
2025-12-21,38,C3,0.8758,901.3054166666668,0.0,891.9096108826966,0.0,883.457000010033,883.457000010033,0.0,0.0,17.848416656633844,0.0,7235.247074475696,7215.415500412769,0.0,773.7316406087868,773.7316406087868,0.0,0.0,0.0,0.0,773.7316406087868
2025-12-21,39,C3,0.8759,931.175,0.0,883.5777717192823,0.0,849.8655153676605,849.8655153676605,0.0,0.0,81.30948463233949,0.0,7215.415500412769,7125.071628599058,0.0,744.3972049105338,744.3972049105338,0.0,0.0,0.0,0.0,744.3972049105338
2025-12-21,40,C3,0.8601,891.8811000000001,1.0227666666666666,893.3299197677574,0.0,875.6868637015398,875.6868637015398,0.0,0.0,15.171469631793617,0.0,7125.071628599058,7108.214440119287,0.0,753.1782714696943,753.1782714696943,0.0,0.0,0.0,0.0,753.1782714696943
2025-12-21,41,C3,0.8442,872.2081666666667,0.0,912.6237683798324,0.0,963.7031100441504,963.7031100441504,0.0,0.0,0.0,91.49494337748364,7108.214440119287,7108.214440119287,0.0,813.5581654992717,813.5581654992717,0.0,0.0,0.0,0.0,813.5581654992717
2025-12-21,42,C3,0.8334,895.6999999999999,0.0,917.5326013953718,0.0,963.7924251702271,963.7924251702271,0.0,0.0,0.0,68.09242517022733,7108.214440119287,7108.214440119287,0.0,803.2246071368675,803.2246071368675,0.0,0.0,0.0,0.0,803.2246071368675
2025-12-21,43,C3,0.8092,893.4640166666667,28.780483333333333,890.8108385759124,43.558230555555554,929.609661444142,929.609661444142,0.0,64.9261281108088,0.0,0.0,7108.214440119287,7166.647955419016,0.0,752.2401380405998,752.2401380405998,0.0,0.0,0.0,0.0,752.2401380405998
2025-12-21,44,C3,0.7972,886.8849333333333,70.00593333333333,878.9571481259876,87.11646111111111,896.395918145988,896.395918145988,0.0,4.932936946658326,0.0,74.58398119932978,7166.647955419016,7171.087598671008,2.8421709430404014e-14,714.6068259459817,714.6068259459817,0.0,0.0,0.0,0.0,714.6068259459817
2025-12-21,45,C3,0.7644,871.9533333333334,115.1125,883.5157854057967,130.67469166666666,902.453257662578,902.453257662578,0.0,0.0,0.0,145.61242432924456,7171.087598671008,7171.087598671008,-5.684341886080803e-14,689.8352701572745,689.8352701572745,0.0,0.0,0.0,0.0,689.8352701572745
2025-12-21,46,C3,0.6899,844.3141166666666,166.12295,880.6398359042411,174.2329222222222,1488.8077398663236,1488.8077398663236,0.0,0.0,0.0,810.6165731996571,7171.087598671008,7171.087598671008,-1.1368683772161605e-13,1027.1284597337765,1027.1284597337765,0.0,0.0,0.0,0.0,1027.1284597337765
2025-12-21,47,C3,0.86,981.5207666666666,212.7854166666667,980.8087962323904,217.7911527777778,738.8687921504936,738.8687921504936,0.0,0.0,29.866557849506336,0.0,7171.087598671008,7137.902534393778,0.0,635.4271612494246,635.4271612494246,0.0,0.0,0.0,0.0,635.4271612494246
2025-12-21,48,C3,1.1617,1196.7983333333334,256.64375,1144.3203291397258,261.3493833333333,186.53958791828336,186.53958791828336,0.0,0.0,753.6149954150501,0.0,7137.902534393778,6300.552539488167,0.0,216.70303928466976,216.70303928466976,0.0,0.0,0.0,0.0,216.70303928466976
2025-12-21,49,C3,1.1683,1209.0585,310.02568333333335,1201.1538079473737,311.934925,217.8571192472292,217.8571192472292,0.0,0.0,681.1756974194375,0.0,6300.552539488167,5543.6906534665695,0.0,254.52247241653785,254.52247241653785,0.0,0.0,0.0,0.0,254.52247241653785
2025-12-21,50,C3,1.0956,1192.14925,368.6034333333334,1196.0432204114063,362.52046666666666,150.33197331322583,150.33197331322583,0.0,0.0,673.2138433534408,0.0,5543.6906534665695,4795.675271962747,0.0,164.70370996197022,164.70370996197022,0.0,0.0,0.0,0.0,164.70370996197022
2025-12-21,51,C3,1.0849,1227.835,429.9375,1190.5924685243103,413.10600833333336,63.4375288195298,63.4375288195298,0.0,0.0,734.4599711804703,0.0,4795.675271962747,3979.60863731778,0.0,68.82337501630788,68.82337501630788,0.0,0.0,0.0,0.0,68.82337501630788
2025-12-21,52,C3,1.061,1222.1887666666669,492.19645,1199.6403801422182,463.69155,15.96386300102904,15.96386300102904,0.0,0.0,714.0284536656378,0.0,3979.60863731778,3186.243688800404,0.0,16.93765864409181,16.93765864409181,0.0,0.0,0.0,0.0,16.93765864409181
2025-12-21,53,C3,1.043,1212.6767166666666,532.6005833333334,1206.949809470697,514.2770916666667,0.0,0.0,0.0,0.0,680.0761333333332,0.0,3186.243688800404,2430.603540652256,0.0,0.0,0.0,0.0,0.0,0.0,0.0,0.0
2025-12-21,54,C3,1.036,1209.275,556.93125,1202.64195556082,564.8626333333333,0.0,0.0,0.0,0.0,652.3437500000001,0.0,2430.603540652256,1705.7771517633669,0.0,0.0,0.0,0.0,0.0,0.0,0.0,0.0
2025-12-21,55,C3,1.0147,1179.4681,595.46445,1194.1159263835652,609.0820027777778,198.11173836403657,198.11173836403657,0.0,0.0,385.8919116359634,0.0,1705.7771517633669,1277.0083610567408,0.0,201.0239809179879,201.0239809179879,0.0,0.0,0.0,0.0,201.0239809179879
2025-12-21,56,C3,0.9922,1169.02805,641.3426833333333,1201.5182446153087,653.3013722222222,548.891371826481,548.891371826481,0.0,21.206005159814367,0.0,0.0,1277.0083610567408,1296.0937657005738,0.0,544.6100191262344,544.6100191262344,0.0,0.0,0.0,0.0,544.6100191262344
2025-12-21,57,C3,0.97,1191.765,686.1,1212.5026192512453,697.5207416666666,521.5939505101761,521.5939505101761,0.0,15.928950510176035,0.0,0.0,1296.0937657005738,1310.4298211597322,0.0,505.9461319948708,505.9461319948708,0.0,0.0,0.0,0.0,505.9461319948708
2025-12-21,58,C3,0.9422,1209.90835,728.4494833333333,1193.8462139437468,741.7401111111111,419.625039626073,419.625039626073,0.0,0.0,61.83382704059363,0.0,1310.4298211597322,1241.725568892406,0.0,395.370712335686,395.370712335686,0.0,0.0,0.0,0.0,395.370712335686
2025-12-21,59,C3,0.9569,1190.447,763.8465500000001,1170.2826213583571,785.9594805555556,375.3085833262186,375.3085833262186,13.738854670615773,0.0,37.55301200316544,0.0,1241.725568892406,1200.0,-2.273736754432321e-13,359.13278338485856,359.13278338485856,0.0,0.0,0.0,65.73355017156116,424.8663335564197
2025-12-21,60,C3,0.9977,1152.0383333333332,791.7312499999999,1166.5380168652875,830.1788499999999,407.9314975659144,407.9314975659144,0.0,47.6244142325811,0.0,0.0,1200.0,1242.861972809323,0.0,406.9932551215128,406.9932551215128,0.0,0.0,0.0,0.0,406.9932551215128
2025-12-21,61,C3,0.9919,1145.5621333333331,814.3685166666668,1184.6336274023972,835.5489388888888,413.9029146724319,413.9029146724319,0.0,82.7092980057655,0.0,0.0,1242.861972809323,1317.300341014512,0.0,410.5503010635852,410.5503010635852,0.0,0.0,0.0,0.0,410.5503010635852
2025-12-21,62,C3,0.9588,1152.1980833333334,826.1046500000001,1195.9015406861697,840.9190277777778,373.40484663137545,373.40484663137545,0.0,47.31141329804211,0.0,0.0,1317.300341014512,1359.88061298275,-1.1368683772161605e-13,358.0205669501628,358.0205669501628,0.0,0.0,0.0,0.0,358.0205669501628
2025-12-21,63,C3,0.9549,1158.5783333333334,826.7937499999999,1177.4160649826429,846.2891166666667,311.6775655338816,311.6775655338816,0.0,0.0,20.10701779945191,0.0,1359.88061298275,1337.53948209447,0.0,297.6209073283036,297.6209073283036,0.0,0.0,0.0,0.0,297.6209073283036
2025-12-21,64,C3,0.9839,1173.44865,824.36915,1138.7891944546438,851.6592055555556,282.88867005730776,282.88867005730776,0.0,0.0,66.19082994269229,0.0,1337.53948209447,1263.9941154914786,0.0,278.3341624693851,278.3341624693851,0.0,0.0,0.0,0.0,278.3341624693851
2025-12-21,65,C3,0.799,1199.1954,828.13465,1160.7497875981278,857.0292944444445,292.4162424596975,292.4162424596975,21.049803597971824,0.0,57.59470394233076,0.0,1263.9941154914786,1200.0,0.0,233.64057772529836,233.64057772529836,0.0,0.0,0.0,84.09396537389743,317.7345430991958
2025-12-21,66,C3,0.5025,1211.1033333333332,829.86875,1204.4868390269987,862.3993833333334,413.1860489607788,413.1860489607788,0.0,31.951465627445486,0.0,0.0,1200.0,1228.7563190647008,0.0,207.6259896027913,207.6259896027913,0.0,0.0,0.0,0.0,207.6259896027913
2025-12-21,67,C3,0.4662,1180.0967333333333,817.9991,1150.1069141315884,896.9167666666667,1008.0539475517912,1008.0539475517912,187.3770191148756,833.3333333333334,0.0,0.0,1228.7563190647008,1978.7563190647008,1.1368683772161605e-13,469.954750348645,469.954750348645,0.0,0.0,0.0,436.77583155677496,906.73058190542
2025-12-21,68,C3,0.5007,1158.1015666666667,835.8504166666667,1097.8624204599607,931.43415,682.1125904949766,682.1125904949766,132.64023993356068,492.50168042853727,0.0,0.0,1978.7563190647008,2422.0078314503844,1.1368683772161605e-13,341.53377406083484,341.53377406083484,0.0,0.0,0.0,332.0648406736692,673.598614734504
2025-12-21,69,C3,0.4827,1159.0266666666666,876.05625,1108.5792391191967,965.9515333333334,908.8262602548016,908.8262602548016,207.47748974519823,833.3333333333333,0.0,0.0,2422.0078314503844,3172.0078314503844,2.273736754432321e-13,438.6904358249928,438.6904358249928,0.0,0.0,0.0,500.7469215000359,939.4373573250286
2025-12-21,70,C3,0.4785,1143.3451,891.3363666666668,1141.0121749334576,1000.4689166666668,967.7446764159362,967.7446764159362,117.59739025073031,833.3333333333333,0.0,0.0,3172.0078314503844,3922.007831450384,2.273736754432321e-13,463.06582766502544,463.06582766502544,0.0,0.0,0.0,281.35175617487226,744.4175838398977
2025-12-21,71,C3,0.4662,1094.3222833333332,929.6148666666668,1132.456288250484,1034.9863,921.1306148356164,921.1306148356164,76.91013516438318,833.3333333333333,0.0,0.0,3922.007831450384,4672.007831450384,0.0,429.4310926363644,429.4310926363644,0.0,0.0,0.0,179.2775250681772,608.7086177045416
2025-12-21,72,C3,0.4432,1055.15,981.8,1082.8420131899063,1069.5036833333334,795.144917055641,795.144917055641,111.53841627769248,833.3333333333334,0.0,0.0,4672.007831450384,5422.007831450384,1.1368683772161605e-13,352.40822723906007,352.40822723906007,0.0,0.0,0.0,247.1691304713665,599.5773577104266
2025-12-21,73,C3,0.4411,1083.6438333333333,984.1491333333332,1050.4242694948994,966.0942222222224,820.0891872205208,842.215717181979,0.0,742.7210171819789,0.0,0.0,5422.007831450384,6090.456746914166,1.1368683772161605e-13,361.7413404829717,376.3813590319706,22.126529961458232,0.0,14.640018548998851,0.0,376.3813590319706
2025-12-21,74,C3,0.4551,1086.7224,978.0274166666668,1056.7085876262502,950.3884444444444,877.4281655488315,893.7306903736549,0.0,785.0357070403215,0.0,0.0,6090.456746914166,6796.988883250455,0.0,399.31755814127325,410.4464767129389,16.30252482482331,0.0,11.128918571665622,0.0,410.4464767129389
2025-12-21,75,C3,0.4463,1045.5516666666667,977.45,1061.7556956616725,934.6826666666666,862.8382028216676,991.4936946126162,0.0,100.53768914751244,0.0,822.8543387984371,6796.988883250455,6887.472803483216,-1.1368683772161605e-13,385.0846899193102,471.2131088987608,128.65549179094864,0.0,86.12841897945054,0.0,471.2131088987608
2025-12-21,76,C3,0.4113,1039.1261166666666,953.79435,1016.8845449078408,918.9768888888888,798.2806845884728,900.9536714980314,0.0,815.6219048313649,0.0,0.0,6887.472803483216,7621.532517831444,0.0,328.33284557123886,391.67694484509104,102.67298690955865,0.0,63.34409927385218,0.0,391.67694484509104
2025-12-21,77,C3,0.5682,1085.4605,924.9784,1037.2970032124238,903.2711111111112,288.34323529817254,916.2146276446252,13.880318546401895,769.6128461910272,0.0,0.0,7621.532517831444,8314.184079403369,1.1368683772161605e-13,163.83662629642166,698.9714139933033,627.8713923464527,0.0,535.1347876968816,39.43398499032779,738.405398983631
2025-12-21,78,C3,0.8279,1139.4066666666663,898.40625,1115.0747476913214,887.5653333333333,192.2034892987349,245.8207291748776,0.0,4.820312508211259,0.0,0.0,8314.184079403369,8318.52236066076,1.1368683772161605e-13,159.1252687904226,225.7098381306104,53.61723987614266,0.0,66.58456934018776,0.0,225.7098381306104
2025-12-21,79,C3,0.8636,1132.8891,868.5766166666667,1121.9511558829756,870.8549722222223,246.67718771779428,274.85225153886825,0.0,10.53976820553487,0.0,0.0,8318.52236066076,8328.00815204574,-1.1368683772161605e-13,213.03041931308715,249.5283969869064,28.17506382107396,0.0,36.49797767381921,0.0,249.5283969869064
2025-12-21,80,C3,0.8416,1092.3976,867.0114333333332,1104.4104652867725,854.1446111111112,276.1374218341738,276.1374218341738,0.0,50.751255167507,0.0,0.0,8328.00815204574,8373.684281696496,0.0,232.39725421564063,232.39725421564063,0.0,0.0,0.0,0.0,232.39725421564063
2025-12-21,81,C3,0.8618,1058.3466666666666,881.3249999999999,1097.9115599138895,837.4342499999999,281.6407571708836,281.6407571708836,0.0,22.99106172925854,0.0,81.62802877495841,8373.684281696496,8394.376237252829,0.0,242.7180045298675,242.7180045298675,0.0,0.0,0.0,0.0,242.7180045298675
2025-12-21,82,C3,0.8623,1055.568,863.0583,1085.8746957210103,820.7238888888888,331.29914630774863,331.29914630774863,0.0,66.14833947562754,0.0,72.64110683212114,8394.376237252829,8453.909742780894,0.0,285.6792538611716,285.6792538611716,0.0,0.0,0.0,0.0,285.6792538611716
2025-12-21,83,C3,0.9026,1085.9077333333332,832.2836166666666,1069.8382742091865,804.0135277777778,192.322269804744,220.3034529072464,0.0,0.0,33.3206637594202,0.0,8453.909742780894,8416.886783048205,2.273736754432321e-13,173.59008072576194,211.47380452823995,27.981183102502428,0.0,37.883723802478016,0.0,211.47380452823995
2025-12-21,84,C3,0.9754,1109.8016666666667,807.9187499999999,1060.6488651637883,787.3031666666667,0.0,0.0,0.0,0.0,301.8829166666668,0.0,8416.886783048205,8081.461320085242,0.0,0.0,0.0,0.0,0.0,0.0,0.0,0.0
2025-12-21,85,C3,1.0002,1079.1305666666667,784.2339833333334,1070.1129233096683,735.1976250000001,0.0,0.0,0.0,0.0,294.8965833333333,0.0,8081.461320085242,7753.798449714872,0.0,0.0,0.0,0.0,0.0,0.0,0.0,0.0
2025-12-21,86,C3,0.9978,1051.8516166666666,734.1358666666666,1096.041249457393,683.0920833333333,0.0,0.0,0.0,0.0,317.71575,0.0,7753.798449714872,7400.780949714872,0.0,0.0,0.0,0.0,0.0,0.0,0.0,0.0
2025-12-21,87,C3,1.0271,1048.9283333333333,664.7312499999999,1105.270682787812,630.9865416666667,0.0,0.0,0.0,0.0,384.19708333333335,0.0,7400.780949714872,6973.895301566724,0.0,0.0,0.0,0.0,0.0,0.0,0.0,0.0
2025-12-21,88,C3,1.0906,1040.18125,609.7969166666667,1066.1306093569203,578.881,0.0,0.0,0.0,0.0,430.3843333333334,0.0,6973.895301566724,6495.690486751909,0.0,0.0,0.0,0.0,0.0,0.0,0.0,0.0
2025-12-21,89,C3,0.9376,1044.6055,553.5727499999999,1058.2019739483858,526.7754583333334,0.0,482.3147495408885,0.0,0.0,8.718000459111522,0.0,6495.690486751909,6486.003819575119,-2.273736754432321e-13,0.0,678.3274637543055,482.3147495408885,0.0,678.3274637543055,0.0,678.3274637543055
2025-12-21,90,C3,0.6694,1051.4716666666666,492.93125,1088.2717645074474,474.66991666666667,1394.310388262179,1411.1560313803825,0.0,419.4533907963392,0.0,433.1622239173767,6486.003819575119,6863.511871291824,1.1368683772161605e-13,933.3513739027026,950.2660841576908,16.845643118203498,0.0,16.91471025498811,0.0,950.2660841576908
2025-12-21,91,C3,0.66,1030.7194166666666,444.2658333333333,1083.5105936403677,433.0585111111111,1414.616071673029,1490.5726395822844,0.0,833.3333333333333,0.0,70.78572291561795,6863.511871291824,7613.511871291824,0.0,933.6466073041992,1008.843609534362,75.95656790925545,0.0,75.19700223016287,0.0,1008.843609534362
2025-12-21,92,C3,0.7217,1041.5735,400.7674166666666,1056.5722393360288,391.44710555555554,1439.4619619543732,1491.5145370537757,0.0,826.3894032733019,0.0,24.3190504471404,7613.511871291824,8357.262334237796,0.0,1038.8596979424713,1095.2092131163297,52.05257509940248,0.0,56.34951517385821,0.0,1095.2092131163297
2025-12-21,93,C3,0.7308,1068.8316666666667,361.14375,1049.75581106181,349.83570000000003,1494.9928413510984,1540.8767659822065,0.144484017793502,833.3333333333333,0.0,0.0,8357.262334237796,9107.262334237796,0.0,1092.540768459383,1142.8387266400034,45.88392463110813,0.0,50.29795818062075,0.5279446010174565,1143.3666712410209
2025-12-21,94,C3,0.7534,1038.2059166666666,329.51135,1085.6852027550442,308.22429444444447,1431.5595922767234,1618.6996030729192,0.0,833.3333333333333,0.0,76.6717030729194,9107.262334237796,9857.262334237796,0.0,1078.5369968212833,1290.023923022064,187.14001079619584,0.0,211.4869262007808,0.0,1290.023923022064
2025-12-21,95,C3,0.7823,1023.3541333333332,286.50898333333333,1083.8356759324772,266.6128888888889,881.3617850125934,881.3617850125934,0.0,117.85090531920206,0.0,26.665729693391494,9857.262334237796,9963.328149025076,5.684341886080803e-14,689.4893244153518,689.4893244153518,0.0,0.0,0.0,0.0,689.4893244153518
2025-12-21,96,C3,0.8055,1031.736666666667,235.80625,1033.713928278578,225.0014833333333,862.4243522954408,862.4243522954408,0.0,0.0,0.0,66.49393562877393,9963.328149025076,9963.328149025076,-2.8421709430404014e-14,694.6828157739776,694.6828157739776,0.0,0.0,0.0,0.0,694.6828157739776
2025-12-21,97,C3,0.8271,1001.224,199.8421333333333,1004.605102340546,187.50123611111115,901.6923234945896,901.6923234945896,0.0,100.31045682792282,0.0,0.0,9963.328149025076,10053.607560170209,2.8421709430404014e-14,745.7897207623749,745.7897207623749,0.0,0.0,0.0,0.0,745.7897207623749
2025-12-21,98,C3,0.8519,1003.6383666666668,160.99521666666666,1001.758695449244,150.00098888888888,903.5915286232208,903.5915286232208,0.0,36.11182250009733,0.0,24.83655612312336,10053.607560170209,10086.108200420296,-8.526512829121202e-14,769.7696232341218,769.7696232341218,0.0,0.0,0.0,0.0,769.7696232341218
2025-12-21,99,C3,0.8791,1038.5466666666666,113.4375,1023.3680660190252,112.50074166666668,932.2576550843572,936.3326669007738,11.223695256371432,22.44719549047861,0.0,0.0,10086.108200420296,10106.310676361729,2.4868995751603507e-14,819.5477045846584,824.9212189163761,4.075011816416577,0.0,5.373514331717729,49.33375249938063,874.2549714157567
2025-12-21,100,C3,0.9024,1029.6313666666667,69.83856666666667,1061.4524139633231,75.00049444444444,1054.4359442695504,1054.4359442695504,0.0,71.0021718086044,0.0,23.640972460945942,10106.310676361729,10170.21263098947,-9.947598300641405e-14,951.5229961088422,951.5229961088422,0.0,0.0,0.0,0.0,951.5229961088422
2025-12-21,101,C3,0.9163,1021.8329333333332,28.96875,1048.0248431727696,37.50024722222221,1028.0124156165264,1056.8255956336334,0.0,46.30099968308815,0.0,17.66041261721199,10170.21263098947,10211.88353070425,0.0,941.9677764294232,981.570051703936,28.813180017107012,0.0,39.60227527451275,0.0,981.570051703936
2025-12-21,102,C3,0.9264,1028.7966666666666,0.0,1007.3015999065506,0.0,1037.680833447866,1037.680833447866,18.476919702181085,27.36108648338047,0.0,0.0,10211.88353070425,10236.508508539291,-6.394884621840903e-14,961.3075241061032,961.3075241061032,0.0,0.0,0.0,85.58509206050279,1046.892616166606
2025-12-21,103,C3,0.9462,1018.6957,0.0,1029.525008117618,0.0,1027.0803090006889,1027.0803090006889,0.0,0.0,0.0,8.384609000688897,10236.508508539291,10236.508508539291,0.0,971.8233883764518,971.8233883764518,0.0,0.0,0.0,0.0,971.8233883764518
2025-12-21,104,C3,0.9742,1026.7837833333333,1.0334833333333333,1044.1709904039403,0.0,1075.7568725255796,1075.7568725255796,0.0,31.585882121636587,0.0,18.420690403943084,10236.508508539291,10264.935802448766,4.263256414560601e-14,1048.0023452144196,1048.0023452144196,0.0,0.0,0.0,0.0,1048.0023452144196
2025-12-21,105,C3,0.9862,1056.4616666666668,0.0,1039.1659422959335,0.0,1081.1769628351806,1081.1769628351806,0.0,24.71529616851376,0.0,0.0,10264.935802448766,10287.17956900043,3.552713678800501e-15,1066.2567207480552,1066.2567207480552,0.0,0.0,0.0,0.0,1066.2567207480552
2025-12-21,106,C3,0.976,1048.3491333333334,0.0,1049.533400694993,0.0,1093.871210549985,1093.871210549985,16.111457009076062,61.633534225727786,0.0,0.0,10287.17956900043,10342.649749803584,-1.4210854715202004e-14,1067.6183014967855,1067.6183014967855,0.0,0.0,0.0,78.62391020429118,1146.2422117010767
2025-12-21,107,C3,1.0742,898.8176333333334,0.0742,912.4816033893592,0.0,940.2653302531688,940.2653302531688,0.0,27.78372686380854,0.0,13.738170056026838,10342.649749803584,10367.655103981013,2.131628207280301e-14,1010.033017757954,1010.033017757954,0.0,0.0,0.0,0.0,1010.033017757954
2025-12-21,108,C3,1.2313,712.6333333333333,0.0,712.2631455502245,0.0,679.0178275868772,679.0178275868772,0.3701877831103957,0.0,33.24531796334759,0.0,10367.655103981013,10330.715861799516,1.8189894035458565e-12,836.0746511077219,836.0746511077219,0.0,0.0,0.0,2.279061086719151,838.3537121944411
2025-12-21,109,C3,1.2561,715.4144500000001,0.0,715.8586689506042,0.0,705.096456586722,705.096456586722,0.0,0.0,10.3179934132806,0.0,10330.715861799516,10319.251424673648,2.501110429875553e-12,885.6716591185815,885.6716591185815,0.0,0.0,0.0,0.0,885.6716591185815
2025-12-21,110,C3,1.2447,748.2732666666667,0.0053333333333333,740.0564989185403,0.0,736.9218823653813,736.9218823653813,7.767215464190031,0.0,3.5788355037610016,0.0,10319.251424673648,10315.27494078058,-1.1368683772161605e-12,917.24666698019,917.24666698019,0.0,0.0,0.0,48.33926544138665,965.5859324215768
2025-12-21,111,C3,1.2545,730.0083333333333,0.0,696.8513822501249,0.0,682.2169292674437,682.2169292674437,33.156951083207176,0.0,14.634452982680886,0.0,10315.27494078058,10299.01443746649,-1.5916157281026244e-12,855.841137766008,855.841137766008,0.0,0.0,0.0,207.97697566941704,1063.818113435425
2025-12-21,112,C3,1.2522,734.3443833333334,0.0,684.0333701144406,0.0,696.6532743629061,696.6532743629061,37.69110897042731,0.0,0.0,0.0,10299.01443746649,10299.01443746649,0.0,872.3492301572311,872.3492301572311,0.0,0.0,0.0,235.9840332638454,1108.3332634210765
2025-12-21,113,C3,1.2881,750.0835999999999,0.0003833333333333,698.7548533244334,0.0,487.4262644285635,487.4262644285635,61.55048578349036,0.0,201.10646645461276,0.0,10299.01443746649,10075.562808072476,0.0,627.8537712104327,627.8537712104327,0.0,0.0,0.0,396.4159036885696,1024.2696748990024
2025-12-21,114,C3,1.3466,748.46,0.0,717.0803410771105,0.0,0.0,0.0,0.0,0.0,748.46,0.0,10075.562808072476,9243.940585850254,0.0,0.0,0.0,0.0,0.0,0.0,0.0,0.0
2025-12-21,115,C3,1.3523,722.4832333333334,0.0,726.8361684479147,0.0,0.0,0.0,0.0,0.0,722.4832333333334,0.0,9243.940585850254,8441.181437702106,0.0,0.0,0.0,0.0,0.0,0.0,0.0,0.0
2025-12-21,116,C3,1.3445,726.1655166666666,0.0,736.380597036272,0.0,0.0,0.0,0.0,0.0,726.1655166666666,0.0,8441.181437702106,7634.330863628032,0.0,0.0,0.0,0.0,0.0,0.0,0.0,0.0
2025-12-21,117,C3,1.3483,744.4316666666667,0.0,737.4304746709714,0.0,0.0,0.0,0.0,0.0,744.4316666666667,0.0,7634.330863628032,6807.184567331735,0.0,0.0,0.0,0.0,0.0,0.0,0.0,0.0
2025-12-21,118,C3,1.349,716.9286999999999,0.0,714.9445318514104,0.0,0.0,0.0,0.0,0.0,716.9286999999999,0.0,6807.184567331735,6010.59712288729,0.0,0.0,0.0,0.0,0.0,0.0,0.0,0.0
2025-12-21,119,C3,1.3473,733.1194999999999,0.0,711.6271004959058,0.0,0.0,0.0,0.0,0.0,733.1194999999999,0.0,6010.59712288729,5196.019900665068,0.0,0.0,0.0,0.0,0.0,0.0,0.0,0.0
2025-12-21,120,C3,1.3482,780.2683333333333,0.0,738.4807768037584,0.0,0.0,0.0,0.0,0.0,780.2683333333333,0.0,5196.019900665068,4329.055085850254,0.0,0.0,0.0,0.0,0.0,0.0,0.0,0.0
2025-12-21,121,C3,1.3513,747.5859,0.0,759.7374359462038,0.0,0.0,0.0,0.0,0.0,747.5859,0.0,4329.055085850254,3498.404085850254,0.0,0.0,0.0,0.0,0.0,0.0,0.0,0.0
2025-12-21,122,C3,1.34,692.8171000000001,0.0,740.5029261721193,0.0,0.0,0.0,29.23959749833261,0.0,663.5775025016675,0.0,3498.404085850254,2761.09574973729,0.0,0.0,0.0,0.0,0.0,0.0,195.9053032388285,195.9053032388285
2025-12-21,123,C3,1.3489,681.7516666666667,0.0,702.3463727309786,0.0,0.0,0.0,0.0,0.0,681.7516666666667,0.0,2761.09574973729,2003.5938978854383,0.0,0.0,0.0,0.0,0.0,0.0,0.0,0.0
2025-12-21,124,C3,1.3952,720.3711,0.0,702.6398020325825,0.0,0.0,0.0,0.0,0.0,720.3711,0.0,2003.5938978854383,1203.181564552105,0.0,0.0,0.0,0.0,0.0,0.0,0.0,0.0
2025-12-21,125,C3,1.2226,722.8001666666668,0.0,719.7452772273609,0.0,739.1697006522044,739.1697006522044,0.0,0.0,0.0,16.36953398553765,1203.181564552105,1203.181564552105,-4.973799150320701e-14,903.708876017385,903.708876017385,0.0,0.0,0.0,0.0,903.708876017385
2025-12-21,126,C3,0.9332,690.7433333333333,0.0,728.0111515488023,0.0,779.6289114250517,779.6289114250517,0.0,0.0,0.0,88.88557809171834,1203.181564552105,1203.181564552105,0.0,727.5497001418582,727.5497001418582,0.0,0.0,0.0,0.0,727.5497001418582
2025-12-21,127,C3,0.9068,704.5435000000001,0.0,723.132664821709,0.0,754.427157391726,754.427157391726,0.0,0.0,0.0,49.883657391726,1203.181564552105,1203.181564552105,-6.394884621840903e-14,684.1145463228172,684.1145463228172,0.0,0.0,0.0,0.0,684.1145463228172
2025-12-21,128,C3,0.9371,721.1607166666666,0.0,720.4900389271006,0.0,752.45151312517,752.45151312517,0.0,0.0,0.0,31.290796458503337,1203.181564552105,1203.181564552105,0.0,705.1223129495968,705.1223129495968,0.0,0.0,0.0,0.0,705.1223129495968
2025-12-21,129,C3,0.9371,726.305,0.0,733.4376924381282,0.0,747.1307282456665,747.1307282456665,0.0,8.82907699329447,0.0,11.996651252372128,1203.181564552105,1211.1277338460702,0.0,700.1362054390141,700.1362054390141,0.0,0.0,0.0,0.0,700.1362054390141
2025-12-21,130,C3,0.9871,739.5190333333334,0.0,748.6317481294378,0.0,738.6167876679747,738.6167876679747,0.0,0.0,0.9022456653587824,0.0,1211.1277338460702,1210.1252386623382,1.1368683772161605e-13,729.0886311070578,729.0886311070578,0.0,0.0,0.0,0.0,729.0886311070578
2025-12-21,131,C3,0.7764,678.4992333333333,0.0,679.4446813909929,0.0,686.1234965846244,686.1234965846244,0.0,0.0,0.0,7.624263251290631,1210.1252386623382,1210.1252386623387,4.0945025148175773e-13,532.7062827483023,532.7062827483023,0.0,0.0,0.0,0.0,532.7062827483023
2025-12-21,132,C3,0.4209,572.4,0.0,567.5200551688041,0.0,576.2348964633243,599.3713085986695,0.0,0.0,0.0,26.97130859866957,1210.1252386623387,1210.1252386623387,0.0,242.5372679214132,257.14444172306344,23.136412135345267,0.0,14.607173801650248,0.0,257.14444172306344
2025-12-21,133,C3,0.3859,545.0923166666666,0.0,550.5717033546606,0.0,573.5074107262687,589.1706803710554,0.0,0.0,0.0,44.07836370438872,1210.1252386623387,1210.1252386623387,0.0,221.31650979926712,230.38319343315183,15.663269644786624,0.0,9.066683633884736,0.0,230.38319343315183
2025-12-21,134,C3,0.4368,550.8361333333334,0.0,567.1028124978164,0.0,574.61828077704,577.9005046496014,0.0,0.0,0.0,27.064371316267977,1210.1252386623387,1210.1252386623387,1.0302869668521453e-13,250.9932650434111,253.14377812471332,3.282223872561417,0.0,2.1505130813022504,0.0,253.14377812471332
2025-12-21,135,C3,0.4198,542.6,0.0,562.8804286904435,0.0,604.3639020865273,604.3639020865273,0.0,0.0,0.0,61.76390208652731,1210.1252386623387,1210.1252386623387,0.0,253.71196609592417,253.71196609592417,0.0,0.0,0.0,0.0,253.71196609592417
2025-12-21,136,C3,0.4186,525.919,0.0,546.5409405981949,0.0,552.2741592823735,552.2741592823735,0.0,0.0241604588695231,0.0,26.330998823503805,1210.1252386623387,1210.1469830753215,1.7763568394002505e-13,231.18196307560157,231.18196307560157,0.0,0.0,0.0,0.0,231.18196307560157
2025-12-21,137,C3,0.4241,543.3939166666667,0.0,542.5516417396842,0.0,533.881848589983,533.881848589983,0.3797833088944116,0.0,9.132284767789338,0.0,1210.1469830753215,1200.0,0.0,226.41929198701172,226.41929198701172,0.0,0.0,0.0,0.8053305065105998,227.22462249352236
2025-12-21,138,C3,0.4237,584.8283333333333,0.0,557.3085827935416,0.0,561.5881463145604,561.5881463145604,23.240187018772872,0.0,0.0,0.0,1200.0,1200.0,0.0,237.94489759347923,237.94489759347923,0.0,0.0,0.0,49.23433619927033,287.1792337927496
2025-12-21,139,C3,0.4248,592.4525666666667,0.0,576.1188925675248,0.0,589.5076467090463,589.5076467090463,2.94491995762042,0.0,-0.0,0.0,1200.0,1200.0,0.0,250.4228483220029,250.4228483220029,0.0,0.0,0.0,6.255009989985772,256.67785831198864
2025-12-21,140,C3,0.424,565.9438,0.0,585.6313740841952,0.0,566.9996912759518,572.2049625198856,0.0,1.6634782227604576,0.0,4.597684297125144,1200.0,1201.4971304004844,0.0,240.4078691010036,243.71842161214545,5.205271243933794,0.0,3.3105525111418785,0.0,243.71842161214545
2025-12-21,141,C3,0.422,550.9316666666667,0.0,576.7244365778887,0.0,575.3770192174528,575.3770192174528,0.0,0.0,0.0,24.445352550786083,1201.4971304004844,1201.4971304004844,0.0,242.8091021097651,242.8091021097651,0.0,0.0,0.0,0.0,242.8091021097651
2025-12-21,142,C3,0.424,589.9602166666667,0.0,556.3692222053932,0.0,542.8219381603296,565.1684103820046,24.79180628466217,0.0,0.0,0.0,1201.4971304004844,1201.4971304004844,0.0,230.15650177997972,244.36885811296503,22.34647222167496,0.0,14.21235633298528,52.55862932348381,296.9274874364488
2025-12-21,143,C3,0.4271,595.3318333333333,0.0,577.1418379164043,0.0,582.1664172917779,582.1664172917779,13.165416041555703,0.0,0.0,0.0,1201.4971304004844,1201.4971304004846,2.273736754432321e-13,248.6432768253183,248.6432768253183,0.0,0.0,0.0,28.114745956742205,276.7580227820605
2025-12-21,144,C3,0.4276,577.4,0.0,609.0474070441719,0.0,600.6256277646376,600.6256277646376,0.0,0.0,0.0,23.225627764637565,1201.4971304004846,1201.4971304004846,1.4210854715202004e-14,256.827518432159,256.827518432159,0.0,0.0,0.0,0.0,256.827518432159
