date,policy,issue_hour,decision_time,j_keep_yuan,j_adjust_yuan,nv_yuan,delta_yuan,triggered,candidate_increase_kwh,candidate_decrease_kwh,candidate_non_emergency_cost_yuan,max_candidate_change_kwh
2025-02-01,C2,6,2025-02-01 06:00:00,18183.62848928192,18053.864297708013,129.76419157390774,0.0,True,281.34250015995366,0.0,12836.838695177374,129.76922497502483
2025-02-01,C2,12,2025-02-01 12:00:00,21707.98589976344,18974.997867533413,2732.988032230027,0.0,True,2954.253301940815,0.0,14070.222973524234,723.2485901280223
2025-02-01,C2,18,2025-02-01 18:00:00,8927.854042289579,8301.273202830289,626.5808394592896,0.0,True,1717.119028886335,0.0,7843.693330500632,538.5159739829411
2025-02-01,C3,6,2025-02-01 06:00:00,18183.62848928192,18053.864297708013,129.76419157390774,500.0,False,281.34250015995366,0.0,12836.838695177374,129.76922497502483
2025-02-01,C3,12,2025-02-01 12:00:00,21623.36297508616,18904.470393888678,2718.8925811974805,500.0,True,2888.8592605455938,0.0,14005.482872542965,657.8545487328009
2025-02-01,C3,18,2025-02-01 18:00:00,8927.854042289579,8301.273202830289,626.5808394592896,500.0,True,1717.119028886335,0.0,7843.693330500632,538.5159739829411
2025-02-02,C2,6,2025-02-02 06:00:00,48771.72819090873,46400.781253851834,2370.9469370568986,0.0,True,0.0,5845.983504375652,46400.781253851834,493.5254900748816
2025-02-02,C2,12,2025-02-02 12:00:00,40656.03509341099,36767.50028056372,3888.5348128472688,0.0,True,0.0,100.51687122516205,34259.39526335382,493.5254900748816
2025-02-02,C2,18,2025-02-02 18:00:00,15594.819366856893,15350.628954214393,244.19041264249972,0.0,True,217.68877559215474,138.12516866549151,14402.64825112571,217.68877559215474
2025-02-02,C3,6,2025-02-02 06:00:00,48771.72819090873,46400.781253851834,2370.9469370568986,500.0,True,0.0,5845.983504375652,46400.781253851834,493.5254900748816
2025-02-02,C3,12,2025-02-02 12:00:00,40656.03509341099,36767.50028056372,3888.5348128472688,500.0,True,0.0,100.51687122516205,34259.39526335382,493.5254900748816
2025-02-02,C3,18,2025-02-02 18:00:00,15594.819366856893,15350.628954214393,244.19041264249972,500.0,False,217.68877559215474,138.12516866549151,14402.64825112571,217.68877559215474
2025-02-03,C2,6,2025-02-03 06:00:00,54463.65471029502,53736.631253198204,727.0234570968169,0.0,True,1979.8074218544893,1316.6560027777791,52877.903657809606,775.9799166666664
2025-02-03,C2,12,2025-02-03 12:00:00,40830.98597483645,40649.19014157188,181.79583326456486,0.0,True,705.6977023772739,241.74780000000192,36841.463528887296,383.4232966578045
2025-02-03,C2,18,2025-02-03 18:00:00,14720.416337440312,14333.76519163468,386.65114580563204,0.0,True,226.36644600684167,901.5153622489685,14304.537313969833,226.36644600684167
2025-02-03,C3,6,2025-02-03 06:00:00,54463.65471029502,53736.631253198204,727.0234570968169,500.0,True,1979.8074218544893,1316.6560027777791,52877.903657809606,775.9799166666664
2025-02-03,C3,12,2025-02-03 12:00:00,40830.98597483645,40649.19014157188,181.79583326456486,500.0,False,705.6977023772739,241.74780000000192,36841.463528887296,383.4232966578045
2025-02-03,C3,18,2025-02-03 18:00:00,14720.416337440312,14333.76519163468,386.65114580563204,500.0,False,226.36644600684167,901.5153622489685,14304.537313969833,226.36644600684167
2025-02-04,C2,6,2025-02-04 06:00:00,59129.01633137172,57818.985383036204,1310.0309483355159,0.0,True,6429.422041396065,250.2052184712195,56634.22376941853,924.1904515224763
2025-02-04,C2,12,2025-02-04 12:00:00,39699.135156190576,39431.03405253235,268.10110365822766,0.0,True,763.736384536013,573.2281671276044,36639.3952053024,378.0846764245599
2025-02-04,C2,18,2025-02-04 18:00:00,16355.885231441107,16336.168205571015,19.717025870091675,0.0,True,63.654091717269694,15.053509328190671,14088.381244325903,96.97765879174716
2025-02-04,C3,6,2025-02-04 06:00:00,59129.01633137172,57818.985383036204,1310.0309483355159,500.0,True,6429.422041396065,250.2052184712195,56634.22376941853,924.1904515224763
2025-02-04,C3,12,2025-02-04 12:00:00,39699.135156190576,39431.03405253235,268.10110365822766,500.0,False,763.736384536013,573.2281671276044,36639.3952053024,378.0846764245599
2025-02-04,C3,18,2025-02-04 18:00:00,16387.54214450184,16336.168205571015,51.37393893082481,500.0,False,63.654091717269694,15.053509328190671,14088.381244325903,96.6787900401697
2025-02-05,C2,6,2025-02-05 06:00:00,53725.899783753404,52866.86870955794,859.0310741954672,0.0,True,1765.2399527206217,163.5548756664263,46880.451765019876,355.31164671304896
2025-02-05,C2,12,2025-02-05 12:00:00,35704.933122326765,35571.08738825504,133.84573407172866,0.0,True,0.0,0.0,32448.57958585947,210.39052838017005
2025-02-05,C2,18,2025-02-05 18:00:00,16075.008748985263,16075.008748985263,0.0,0.0,False,0.0,0.0,13598.044683186923,0.0
2025-02-05,C3,6,2025-02-05 06:00:00,53725.899783753404,52866.86870955794,859.0310741954672,500.0,True,1765.2399527206217,163.5548756664263,46880.451765019876,355.31164671304896
2025-02-05,C3,12,2025-02-05 12:00:00,35704.933122326765,35571.08738825504,133.84573407172866,500.0,False,0.0,0.0,32448.57958585947,210.39052838017005
2025-02-05,C3,18,2025-02-05 18:00:00,16127.441900557913,16075.008748985263,52.43315157264988,500.0,False,0.0,0.0,13598.044683186923,113.16273280928334
2025-02-06,C2,6,2025-02-06 06:00:00,53924.5769490367,53924.57694903671,-7.275957614183426e-12,0.0,False,0.0,81.51709102736447,48803.2520547534,50.39214285714297
2025-02-06,C2,12,2025-02-06 12:00:00,35339.810420458314,34120.51177670309,1219.2986437552245,0.0,True,0.0,2753.580106361258,34103.07970340799,379.6760133414592
2025-02-06,C2,18,2025-02-06 18:00:00,16543.252388863606,14538.097269677908,2005.155119185698,0.0,True,0.0,0.0,13848.446447181503,379.6760133414592
2025-02-06,C3,6,2025-02-06 06:00:00,53924.5769490367,53924.57694903671,-7.275957614183426e-12,500.0,False,0.0,81.51709102736447,48803.2520547534,50.39214285714297
2025-02-06,C3,12,2025-02-06 12:00:00,35339.810420458314,34120.51177670309,1219.2986437552245,500.0,True,0.0,2753.580106361258,34103.07970340799,379.6760133414592
2025-02-06,C3,18,2025-02-06 18:00:00,16543.252388863606,14538.097269677908,2005.155119185698,500.0,True,0.0,0.0,13848.446447181503,379.6760133414592
2025-02-07,C2,6,2025-02-07 06:00:00,21977.263638403143,21503.278263274096,473.9853751290466,0.0,True,1843.1992227114035,469.0756720338828,20230.41052532062,620.9641061936854
2025-02-07,C2,12,2025-02-07 12:00:00,15459.39625853523,15313.892977575615,145.50328095961413,0.0,True,0.0,811.7091368998629,15038.994463139494,166.70875000000024
2025-02-07,C2,18,2025-02-07 18:00:00,7567.6000441432625,7538.690461542482,28.909582600780595,0.0,True,92.90457974059694,0.0,6095.5028622196305,92.90457974059694
2025-02-07,C3,6,2025-02-07 06:00:00,21977.263638403143,21503.278263274096,473.9853751290466,500.0,False,1843.1992227114035,469.0756720338828,20230.41052532062,620.9641061936854
2025-02-07,C3,12,2025-02-07 12:00:00,16160.409085438007,16022.17191857634,138.237166861667,500.0,False,0.0,629.8824000000006,15121.80442995704,166.70875000000024
2025-02-07,C3,18,2025-02-07 18:00:00,7567.6000441432625,7538.690461542482,28.909582600780595,500.0,False,92.90457974059694,0.0,6095.5028622196305,92.90457974059694
2025-02-08,C2,6,2025-02-08 06:00:00,13110.58268879672,13081.855566023229,28.72712277349092,0.0,True,15.55574967978498,136.91060120517432,11034.056892960672,39.40554644326937
2025-02-08,C2,12,2025-02-08 12:00:00,15214.02560059218,15157.511132168256,56.51446842392397,0.0,True,0.0,0.0,11079.753888895975,39.40554644326937
2025-02-08,C2,18,2025-02-08 18:00:00,6484.4367697641555,6144.797612673862,339.63915709029334,0.0,True,164.4203517811345,770.80905660381,6011.634926077429,164.4203517811345
2025-02-08,C3,6,2025-02-08 06:00:00,13110.58268879672,13081.855566023229,28.72712277349092,500.0,False,15.55574967978498,136.91060120517432,11034.056892960672,39.40554644326937
2025-02-08,C3,12,2025-02-08 12:00:00,15157.511132168256,15157.511132168256,0.0,500.0,False,0.0,0.0,11079.753888895975,0.0
2025-02-08,C3,18,2025-02-08 18:00:00,6484.4367697641555,6144.797612673862,339.63915709029334,500.0,False,164.4203517811345,770.80905660381,6011.634926077429,164.4203517811345
2025-02-09,C2,6,2025-02-09 06:00:00,50294.76378334333,50292.17214094703,2.59164239630627,0.0,True,0.0,93.4727840447265,44270.18407626696,38.63444642332672
2025-02-09,C2,12,2025-02-09 12:00:00,35250.00552092411,35243.240017134456,6.765503789654758,0.0,True,0.0,0.0,31017.097703027102,38.63444642332672
2025-02-09,C2,18,2025-02-09 18:00:00,13742.408554669215,13386.031902192692,356.3766524765233,0.0,True,119.53048948895696,893.8654754460754,13095.290646470381,119.53048948895696
2025-02-09,C3,6,2025-02-09 06:00:00,50294.76378334333,50292.17214094703,2.59164239630627,500.0,False,0.0,93.4727840447265,44270.18407626696,38.63444642332672
2025-02-09,C3,12,2025-02-09 12:00:00,35243.240017134456,35243.240017134456,0.0,500.0,False,0.0,0.0,31017.097703027102,0.0
2025-02-09,C3,18,2025-02-09 18:00:00,13742.408554669215,13386.031902192692,356.3766524765233,500.0,False,119.53048948895696,893.8654754460754,13095.290646470381,119.53048948895696
2025-02-10,C2,6,2025-02-10 06:00:00,45492.497468369285,44956.849993283184,535.6474750861016,0.0,True,700.7656081520033,1170.309731265922,43255.60719653993,502.559066231197
2025-02-10,C2,12,2025-02-10 12:00:00,38422.94299402154,33735.77397673455,4687.169017286993,0.0,True,1598.4595308795015,1426.9241204097243,33286.39777374119,726.6768592128986
2025-02-10,C2,18,2025-02-10 18:00:00,14222.050560542712,13725.142173661874,496.9083868808375,0.0,True,242.9781363503314,916.7453733923298,13716.03836274802,242.9781363503314
2025-02-10,C3,6,2025-02-10 06:00:00,45492.497468369285,44956.849993283184,535.6474750861016,500.0,True,700.7656081520033,1170.309731265922,43255.60719653994,502.559066231197
2025-02-10,C3,12,2025-02-10 12:00:00,38422.94299402154,33735.77397673455,4687.169017286993,500.0,True,1598.4595308795033,1426.9241204097243,33286.39777374119,726.6768592128986
2025-02-10,C3,18,2025-02-10 18:00:00,14222.050560542712,13725.142173661874,496.9083868808375,500.0,False,242.9781363503314,916.7453733923298,13716.03836274802,242.9781363503314
2025-02-11,C2,6,2025-02-11 06:00:00,40061.58793505271,38470.48088109922,1591.1070539534921,0.0,True,240.94603920705902,4499.050008600122,38168.43403896103,979.7214043689808
2025-02-11,C2,12,2025-02-11 12:00:00,35475.02391924118,34110.167034649174,1364.856884592009,0.0,True,140.4196986108809,2174.3031311809946,30735.573198957056,806.1472127023139
2025-02-11,C2,18,2025-02-11 18:00:00,13392.67713102379,13197.145325293568,195.5318057302211,0.0,True,251.8553508100082,0.0,11779.305470730173,118.11193464235885
2025-02-11,C3,6,2025-02-11 06:00:00,40061.58793505271,38470.48088109922,1591.1070539534921,500.0,True,240.94603920705902,4499.050008600122,38168.43403896103,979.7214043689808
2025-02-11,C3,12,2025-02-11 12:00:00,35475.02391924118,34110.167034649174,1364.856884592009,500.0,True,140.4196986108809,2174.3031311809946,30735.573198957056,806.1472127023139
2025-02-11,C3,18,2025-02-11 18:00:00,13392.67713102379,13197.145325293568,195.5318057302211,500.0,False,251.8553508100082,0.0,11779.305470730173,118.11193464235885
2025-02-12,C2,6,2025-02-12 06:00:00,42933.05068162421,42897.608057035366,35.44262458884623,0.0,True,0.0,196.45592708926864,39516.331522563865,95.78349325174463
2025-02-12,C2,12,2025-02-12 12:00:00,30754.230398948406,30467.434203505243,286.796195443163,0.0,True,419.9101218890131,758.7406965603509,30157.063884087926,323.60570126379594
2025-02-12,C2,18,2025-02-12 18:00:00,15628.765006283264,14900.45342442512,728.3115818581427,0.0,True,383.4908259744762,0.0,12385.184129871814,237.38344011569137
2025-02-12,C3,6,2025-02-12 06:00:00,42933.05068162421,42897.608057035366,35.44262458884623,500.0,False,0.0,196.45592708926864,39516.331522563865,95.78349325174463
2025-02-12,C3,12,2025-02-12 12:00:00,30869.513860254432,30554.505734688617,315.00812556581513,500.0,False,496.95775588898425,758.7406965603509,30244.135415271292,323.60570126379594
2025-02-12,C3,18,2025-02-12 18:00:00,15735.578849735528,14900.45342442512,835.1254253104071,500.0,True,383.4908259744762,0.0,12385.184129871814,237.38344011569137
2025-02-13,C2,6,2025-02-13 06:00:00,39348.19089381847,38617.83523074978,730.3556630686944,0.0,True,0.0,2879.8746352176718,35835.70185782656,278.1920515666991
2025-02-13,C2,12,2025-02-13 12:00:00,39266.41872151996,35357.57963272602,3908.839088793946,0.0,True,1751.4790048066143,0.0,29310.664384066615,840.003814007671
2025-02-13,C2,18,2025-02-13 18:00:00,14729.187572873669,14563.867691115258,165.3198817584107,0.0,True,157.92972329752047,0.0,11828.16069207485,82.58702630977723
2025-02-13,C3,6,2025-02-13 06:00:00,39348.19089381847,38617.83523074978,730.3556630686944,500.0,True,0.0,2879.8746352176718,35835.70185782656,278.1920515666991
2025-02-13,C3,12,2025-02-13 12:00:00,39266.41872151996,35357.57963272602,3908.839088793946,500.0,True,1751.4790048066143,0.0,29310.664384066615,840.003814007671
2025-02-13,C3,18,2025-02-13 18:00:00,14729.187572873669,14563.867691115258,165.3198817584107,500.0,False,157.92972329752047,0.0,11828.16069207485,82.58702630977723
2025-02-14,C2,6,2025-02-14 06:00:00,16450.606373547107,16232.866042060377,217.7403314867297,0.0,True,273.7216359178891,15.875814300349475,9243.31671919338,63.73295442305073
2025-02-14,C2,12,2025-02-14 12:00:00,17648.230173171836,16421.871074393133,1226.359098778703,0.0,True,5913.906021479872,0.0,15849.734073845559,706.9966897650418
2025-02-14,C2,18,2025-02-14 18:00:00,9625.497974444625,9067.696576937005,557.8013975076192,0.0,True,2284.484761192188,0.0,8531.495994452935,495.4961552678605
2025-02-14,C3,6,2025-02-14 06:00:00,16450.606373547107,16232.866042060377,217.7403314867297,500.0,False,273.7216359178891,15.875814300349475,9243.31671919338,63.73295442305073
2025-02-14,C3,12,2025-02-14 12:00:00,17510.494070071836,16241.371156296047,1269.1229137757891,500.0,True,5731.582871886854,0.0,15669.23415574847,531.7876626281627
2025-02-14,C3,18,2025-02-14 18:00:00,9625.497974444625,9067.696576937005,557.8013975076192,500.0,True,2284.484761192188,0.0,8531.495994452935,495.4961552678605
2025-02-15,C2,6,2025-02-15 06:00:00,13863.338439146246,13670.455426120358,192.88301302588843,0.0,True,247.22936053886747,216.19024603174609,11711.665415828902,223.9999604486768
2025-02-15,C2,12,2025-02-15 12:00:00,15368.010525096915,15284.770929682129,83.23959541478689,0.0,True,38.23178214065524,0.0,11537.214755226696,127.74547619047627
2025-02-15,C2,18,2025-02-15 18:00:00,6291.230158575933,5966.028371279857,325.20178729607596,0.0,True,187.6177858224541,582.657529566492,5842.857049976564,187.6177858224541
2025-02-15,C3,6,2025-02-15 06:00:00,13863.338439146246,13670.455426120358,192.88301302588843,500.0,False,247.22936053886747,216.19024603174609,11711.665415828902,223.9999604486768
2025-02-15,C3,12,2025-02-15 12:00:00,15288.70211268074,15284.770929682129,3.9311829986108933,500.0,False,38.23178214065524,0.0,11537.214755226696,38.23178214065524
2025-02-15,C3,18,2025-02-15 18:00:00,6291.230158575933,5966.028371279857,325.20178729607596,500.0,False,187.6177858224541,582.657529566492,5842.857049976564,187.6177858224541
2025-02-16,C2,6,2025-02-16 06:00:00,46302.84940312626,44119.257176306375,2183.5922268198847,0.0,True,0.0,6808.844476197766,42786.10547993233,956.7274460133342
2025-02-16,C2,12,2025-02-16 12:00:00,34719.57805414663,33427.08158539243,1292.4964687542015,0.0,True,0.0,1116.2502005878928,32254.282609902835,826.5393325212706
2025-02-16,C2,18,2025-02-16 18:00:00,14821.320231718708,14598.806426119714,222.5138055989937,0.0,True,231.9571500057009,0.0,13607.680041859445,231.9571500057009
2025-02-16,C3,6,2025-02-16 06:00:00,46302.84940312626,44119.257176306375,2183.5922268198847,500.0,True,0.0,6808.844476197766,42786.10547993233,956.7274460133342
2025-02-16,C3,12,2025-02-16 12:00:00,34719.57805414663,33427.08158539243,1292.4964687542015,500.0,True,0.0,1116.2502005878928,32254.282609902835,826.5393325212706
2025-02-16,C3,18,2025-02-16 18:00:00,14821.320231718708,14598.806426119714,222.5138055989937,500.0,False,231.9571500057009,0.0,13607.680041859445,231.9571500057009
2025-02-17,C2,6,2025-02-17 06:00:00,43073.58521729851,41674.968662139334,1398.6165551591766,0.0,True,0.0,4852.801745181093,39336.83045074239,350.2759558991082
2025-02-17,C2,12,2025-02-17 12:00:00,33178.77334603201,32937.80179635767,240.97154967433744,0.0,True,0.0,954.5955833333338,30676.251663939314,304.6989047619048
2025-02-17,C2,18,2025-02-17 18:00:00,15111.92675314558,14738.700957306604,373.2257958389764,0.0,True,414.8743290452409,0.0,13200.435902109308,246.83044531872707
2025-02-17,C3,6,2025-02-17 06:00:00,43073.58521729851,41674.968662139334,1398.6165551591766,500.0,True,0.0,4852.801745181093,39336.83045074239,350.2759558991082
2025-02-17,C3,12,2025-02-17 12:00:00,33178.77334603201,32937.80179635767,240.97154967433744,500.0,False,0.0,954.5955833333338,30676.251663939314,304.6989047619048
2025-02-17,C3,18,2025-02-17 18:00:00,15111.92675314558,14738.700957306604,373.2257958389764,500.0,False,414.8743290452409,0.0,13200.435902109308,246.83044531872707
2025-02-18,C2,6,2025-02-18 06:00:00,35178.82865632768,35125.28695895077,53.541697376909724,0.0,True,82.94648384080767,541.1528003885118,34399.04732783844,116.93173142487603
2025-02-18,C2,12,2025-02-18 12:00:00,33268.0763743485,31882.35241617918,1385.7239581693211,0.0,True,1554.2428941746812,0.0,28059.605755332435,789.9680957441806
2025-02-18,C2,18,2025-02-18 18:00:00,18186.787889989748,15865.705381683401,2321.0825083063464,0.0,True,2384.0737868802407,0.0,15599.296439471604,771.4681247488556
2025-02-18,C3,6,2025-02-18 06:00:00,35178.82865632768,35125.28695895077,53.541697376909724,500.0,False,82.94648384080767,541.1528003885118,34399.04732783844,116.93173142487603
2025-02-18,C3,12,2025-02-18 12:00:00,33426.00085335507,32409.820260018718,1016.1805933363539,500.0,True,2026.3364937943034,0.0,28577.114759235465,789.9680957441806
2025-02-18,C3,18,2025-02-18 18:00:00,18186.787889989748,15865.705381683401,2321.0825083063464,500.0,True,2384.0737868802407,0.0,15599.296439471604,771.4681247488556
2025-02-19,C2,6,2025-02-19 06:00:00,40908.431210444774,40434.430229584264,474.00098086051,0.0,True,1878.1044971288752,228.2016328110983,34994.227886030625,715.8919367470195
2025-02-19,C2,12,2025-02-19 12:00:00,36765.40047242331,34531.37313461882,2234.0273378044876,0.0,True,2539.1865952246453,0.0,28699.373550648477,799.5093483664891
2025-02-19,C2,18,2025-02-19 18:00:00,15623.083277813563,14754.941433971388,868.1418438421751,0.0,True,717.6177249187074,0.0,12777.012331695601,150.53120073367575
2025-02-19,C3,6,2025-02-19 06:00:00,40908.431210444774,40434.430229584264,474.00098086051,500.0,False,1878.1044971288752,228.2016328110983,34994.227886030625,715.8919367470195
2025-02-19,C3,12,2025-02-19 12:00:00,36340.41400760945,34120.33394424866,2220.080063360787,500.0,True,2179.2765582138295,0.0,28298.65569357089,801.3855287661078
2025-02-19,C3,18,2025-02-19 18:00:00,15623.083277813563,14754.941433971388,868.1418438421751,500.0,True,717.6177249187074,0.0,12777.012331695601,150.53120073367575
2025-02-20,C2,6,2025-02-20 06:00:00,43128.35489715478,42868.3033464514,260.05155070337787,0.0,True,427.50194320962703,831.9086785285397,36376.30837106414,150.66122619047655
2025-02-20,C2,12,2025-02-20 12:00:00,31721.319996378268,31571.16317206857,150.156824309699,0.0,True,645.5628759850421,233.06964336654846,26976.537607847633,324.9028575347287
2025-02-20,C2,18,2025-02-20 18:00:00,14997.165567423026,14537.089965356447,460.07560206657945,0.0,True,377.62907145220856,0.0,12336.939858194024,201.46396253935404
2025-02-20,C3,6,2025-02-20 06:00:00,43128.35489715478,42868.3033464514,260.05155070337787,500.0,False,427.50194320962703,831.9086785285397,36376.30837106414,150.66122619047655
2025-02-20,C3,12,2025-02-20 12:00:00,31304.79316571734,31187.115721410955,117.67744430638413,500.0,False,284.7368947091526,233.5497427782591,26648.881248022473,116.9504808100445
2025-02-20,C3,18,2025-02-20 18:00:00,15062.156600883529,14537.089965356447,525.0666355270823,500.0,True,377.62907145220856,0.0,12336.939858194024,201.46396253935404
2025-02-21,C2,6,2025-02-21 06:00:00,8516.067323346744,8482.036657866858,34.03066547988601,0.0,True,196.79615143280625,0.0,8289.922649537953,192.7152607271023
2025-02-21,C2,12,2025-02-21 12:00:00,13568.438871571172,13479.162565819031,89.27630575214062,0.0,True,212.36303257505125,0.0,8353.851302883202,68.38016999242882
2025-02-21,C2,18,2025-02-21 18:00:00,5209.069994627283,5095.393103871621,113.6768907556625,0.0,True,151.29508808141242,0.0,4966.757099055938,151.29508808141242
2025-02-21,C3,6,2025-02-21 06:00:00,8516.067323346744,8482.036657866858,34.03066547988601,500.0,False,196.79615143280625,0.0,8289.922649537953,192.7152607271023
2025-02-21,C3,12,2025-02-21 12:00:00,13568.511307381199,13479.162565819031,89.34874156216756,500.0,False,212.36303257505125,0.0,8353.851302883202,68.38016999242882
2025-02-21,C3,18,2025-02-21 18:00:00,5183.707615064496,5095.393103871621,88.31451119287522,500.0,False,151.29508808141242,0.0,4966.757099055938,151.29508808141242
2025-02-22,C2,6,2025-02-22 06:00:00,12048.133586141961,10609.561925447191,1438.57166069477,0.0,True,245.66234912039593,2671.5727208716744,10575.143999083817,491.3494343370834
2025-02-22,C2,12,2025-02-22 12:00:00,10317.926377999767,10125.943788246499,191.98258975326826,0.0,True,0.0,3210.7652886113056,10125.943788246495,137.66041080305138
2025-02-22,C2,18,2025-02-22 18:00:00,6669.879362919943,5682.628399934266,987.2509629856768,0.0,True,0.0,843.0397093184254,5682.628399934265,355.480785096428
2025-02-22,C3,6,2025-02-22 06:00:00,12048.133586141961,10609.561925447191,1438.57166069477,500.0,True,245.66234912039593,2671.5727208716744,10575.143999083817,491.3494343370834
2025-02-22,C3,12,2025-02-22 12:00:00,10317.926377999767,10125.943788246499,191.98258975326826,500.0,False,0.0,3210.7652886113056,10125.943788246495,137.66041080305138
2025-02-22,C3,18,2025-02-22 18:00:00,6521.73324725741,5682.628399934266,839.104847323144,500.0,True,0.0,843.0397093184254,5682.628399934265,355.480785096428
2025-02-23,C2,6,2025-02-23 06:00:00,37217.15474072239,36430.83366371607,786.3210770063233,0.0,True,2370.1715649565617,260.2257797668425,36123.85839380116,754.7673493569774
2025-02-23,C2,12,2025-02-23 12:00:00,28180.507428676214,27353.45655339015,827.0508752860624,0.0,True,5.898139551599797,1500.4298879612268,27199.082866513992,291.0689702348261
2025-02-23,C2,18,2025-02-23 18:00:00,12560.647432379707,12247.241453756831,313.4059786228754,0.0,True,265.1997188180621,245.31598351671857,12122.728186918364,229.24667911668524
2025-02-23,C3,6,2025-02-23 06:00:00,37217.15474072239,36430.83366371607,786.3210770063233,500.0,True,2370.1715649565617,260.2257797668425,36123.85839380116,754.7673493569774
2025-02-23,C3,12,2025-02-23 12:00:00,28180.507428676214,27353.45655339015,827.0508752860624,500.0,True,5.898139551599797,1500.4298879612268,27199.082866513992,291.0689702348261
2025-02-23,C3,18,2025-02-23 18:00:00,12560.647432379707,12247.241453756831,313.4059786228754,500.0,False,265.1997188180621,245.31598351671857,12122.728186918364,229.24667911668524
2025-02-24,C2,6,2025-02-24 06:00:00,38889.63454500706,38284.637490640845,604.997054366213,0.0,True,1559.82081884135,0.0,34302.73669462472,508.2400122607548
2025-02-24,C2,12,2025-02-24 12:00:00,27965.90969505109,27855.916143824885,109.99355122620545,0.0,True,543.1658684853173,42.03782957809062,27640.01942711319,173.44135746610806
2025-02-24,C2,18,2025-02-24 18:00:00,15702.316950075494,15044.293061839646,658.0238882358481,0.0,True,670.9506416100498,0.0,13037.449018669618,129.2906184466674
2025-02-24,C3,6,2025-02-24 06:00:00,38889.63454500706,38284.637490640845,604.997054366213,500.0,True,1559.82081884135,0.0,34302.73669462472,508.2400122607548
2025-02-24,C3,12,2025-02-24 12:00:00,27965.90969505109,27855.916143824885,109.99355122620545,500.0,False,543.1658684853173,42.03782957809062,27640.01942711319,173.44135746610806
2025-02-24,C3,18,2025-02-24 18:00:00,15797.956689988929,15044.293061839646,753.6636281492829,500.0,True,670.9506416100498,0.0,13037.449018669618,129.2906184466674
2025-02-25,C2,6,2025-02-25 06:00:00,40937.04786894741,40935.594052941466,1.453816005945555,0.0,True,0.0,23.051253718401995,37702.63363458617,23.051253718401995
2025-02-25,C2,12,2025-02-25 12:00:00,31208.536591939665,31146.00072558271,62.53586635695319,0.0,True,0.0,221.1942480183959,29030.660994108483,81.46207240431954
2025-02-25,C2,18,2025-02-25 18:00:00,14013.750056305653,13851.411996518702,162.3380597869509,0.0,True,115.19449774321203,291.5722809560076,13571.100923543401,94.61775909323518
2025-02-25,C3,6,2025-02-25 06:00:00,40937.04786894741,40935.594052941466,1.453816005945555,500.0,False,0.0,23.051253718401995,37702.63363458617,23.051253718401995
2025-02-25,C3,12,2025-02-25 12:00:00,31212.634488366963,31167.058045854472,45.57644251249076,500.0,False,0.0,221.1942480183959,29030.660994108483,81.46207240431954
2025-02-25,C3,18,2025-02-25 18:00:00,14013.750056305653,13851.411996518702,162.3380597869509,500.0,False,115.19449774321203,291.5722809560076,13571.100923543401,94.61775909323518
2025-02-26,C2,6,2025-02-26 06:00:00,35149.40516720455,33057.58080894762,2091.824358256934,0.0,True,2962.7615972776443,12.834010586023851,32500.018473807748,696.2335956109986
2025-02-26,C2,12,2025-02-26 12:00:00,31361.284409134365,28860.778241148826,2500.506167985539,0.0,True,2279.825456760723,3.5417588713457917,27619.642466524252,800.6838005542257
2025-02-26,C2,18,2025-02-26 18:00:00,13253.31325719638,12876.375114709319,376.93814248706076,0.0,True,262.57335051824873,0.0,12648.504449033648,151.52815058446447
2025-02-26,C3,6,2025-02-26 06:00:00,35149.40516720455,33057.58080894762,2091.824358256934,500.0,True,2962.7615972776443,12.834010586023851,32500.018473807748,696.2335956109986
2025-02-26,C3,12,2025-02-26 12:00:00,31361.284409134365,28860.778241148826,2500.506167985539,500.0,True,2279.825456760723,3.5417588713457917,27619.642466524252,800.6838005542257
2025-02-26,C3,18,2025-02-26 18:00:00,13253.31325719638,12876.375114709319,376.93814248706076,500.0,False,262.57335051824873,0.0,12648.504449033648,151.52815058446447
2025-02-27,C2,6,2025-02-27 06:00:00,40210.82124217238,39499.7705543883,711.0506877840817,0.0,True,1856.7537391371327,403.2542605050842,33272.629713807626,578.2724696194558
2025-02-27,C2,12,2025-02-27 12:00:00,33536.95282311678,32327.793495723054,1209.159327393725,0.0,True,2511.794146543338,0.0,26620.288294603906,597.8933803158388
2025-02-27,C2,18,2025-02-27 18:00:00,12299.715524061172,12269.141601122446,30.573922938725445,0.0,True,107.83946899461566,0.0,11998.617438615907,81.15404735894853
2025-02-27,C3,6,2025-02-27 06:00:00,40210.82124217238,39499.7705543883,711.0506877840817,500.0,True,1856.7537391371327,403.2542605050842,33272.629713807626,578.2724696194558
2025-02-27,C3,12,2025-02-27 12:00:00,33536.95282311678,32327.793495723054,1209.159327393725,500.0,True,2511.794146543338,0.0,26620.288294603906,597.8933803158388
2025-02-27,C3,18,2025-02-27 18:00:00,12299.715524061172,12269.141601122446,30.573922938725445,500.0,False,107.83946899461566,0.0,11998.617438615907,81.15404735894853
2025-02-28,C2,6,2025-02-28 06:00:00,14028.942067048145,13227.601449282445,801.3406177656998,0.0,True,907.8062972881211,0.0,9179.55063464938,322.2487105505784
2025-02-28,C2,12,2025-02-28 12:00:00,8796.82589920946,8659.399517067617,137.42638214184262,0.0,True,762.1596927280605,270.81371150463383,8593.05154400738,239.93294540583008
2025-02-28,C2,18,2025-02-28 18:00:00,6034.056698854676,5385.811005721608,648.245693133068,0.0,True,261.33403729838403,47.264310688948456,5242.071223644658,261.33403729838403
2025-02-28,C3,6,2025-02-28 06:00:00,14028.942067048145,13227.601449282445,801.3406177656998,500.0,True,907.8062972881211,0.0,9179.55063464938,322.2487105505784
2025-02-28,C3,12,2025-02-28 12:00:00,8796.82589920946,8659.399517067617,137.42638214184262,500.0,False,762.1596927280605,270.81371150463383,8593.05154400738,239.93294540583008
2025-02-28,C3,18,2025-02-28 18:00:00,5861.734941056526,5385.811005721608,475.9239353349176,500.0,False,261.33403729838403,47.264310688948456,5242.071223644658,261.33403729838403
2025-03-01,C2,6,2025-03-01 06:00:00,13782.160281879922,13383.54348417708,398.6167977028417,0.0,True,0.0,1907.522201506108,11766.384997236362,481.9496529323518
2025-03-01,C2,12,2025-03-01 12:00:00,13304.9163906759,13127.390838305562,177.52555237033812,0.0,True,0.0,566.6204788912414,11907.007961655703,413.0956308038508
2025-03-01,C2,18,2025-03-01 18:00:00,7396.152757155379,7199.9284809417995,196.2242762135793,0.0,True,190.66318589545372,230.43585428806585,6228.986906277343,190.66318589545372
2025-03-01,C3,6,2025-03-01 06:00:00,13782.160281879922,13383.54348417708,398.6167977028417,500.0,False,0.0,1907.522201506108,11766.384997236362,481.9496529323518
2025-03-01,C3,12,2025-03-01 12:00:00,13247.740939336996,13127.390838305564,120.35010103143213,500.0,False,0.0,566.6204788912414,11907.007961655703,168.80179285714303
2025-03-01,C3,18,2025-03-01 18:00:00,7389.424566617325,7199.9284809417995,189.49608567552514,500.0,False,190.66318589545372,230.43585428806585,6228.986906277343,190.66318589545372
2025-03-02,C2,6,2025-03-02 06:00:00,48742.32213315147,46031.25331547137,2711.068817680105,0.0,True,1691.918222367276,1988.465994496777,44390.804197887235,683.4425838080116
2025-03-02,C2,12,2025-03-02 12:00:00,39205.25868851112,37332.40612248204,1872.8525660290834,0.0,True,0.0,27.310547222221885,33527.26210400131,251.76944239677488
2025-03-02,C2,18,2025-03-02 18:00:00,16240.066499488776,15829.023484566795,411.043014921981,0.0,True,283.93846354897323,0.0,14169.42604750083,283.93846354897323
2025-03-02,C3,6,2025-03-02 06:00:00,48742.32213315147,46031.25331547137,2711.068817680105,500.0,True,1691.918222367276,1988.465994496777,44390.804197887235,683.4425838080116
2025-03-02,C3,12,2025-03-02 12:00:00,39205.25868851112,37332.40612248204,1872.8525660290834,500.0,True,0.0,27.310547222221885,33527.26210400131,251.76944239677488
2025-03-02,C3,18,2025-03-02 18:00:00,16240.066499488776,15829.023484566795,411.043014921981,500.0,False,283.93846354897323,0.0,14169.42604750083,283.93846354897323
2025-03-03,C2,6,2025-03-03 06:00:00,41393.73852434251,40051.61198127477,1342.1265430677377,0.0,True,0.0,3120.878259727882,39905.13392295449,668.7367881143598
2025-03-03,C2,12,2025-03-03 12:00:00,37970.6475216607,34450.685018788405,3519.962502872295,0.0,True,0.0,0.0,30433.460740073257,668.7367881143598
2025-03-03,C2,18,2025-03-03 18:00:00,16997.5196620801,16284.05818922001,713.46147286009,0.0,True,450.8324063919638,0.0,14059.800052212218,74.39501610272328
2025-03-03,C3,6,2025-03-03 06:00:00,41393.73852434251,40051.61198127477,1342.1265430677377,500.0,True,0.0,3120.878259727882,39905.13392295449,668.7367881143598
2025-03-03,C3,12,2025-03-03 12:00:00,37970.6475216607,34450.685018788405,3519.962502872295,500.0,True,0.0,0.0,30433.460740073257,668.7367881143598
2025-03-03,C3,18,2025-03-03 18:00:00,16997.5196620801,16284.05818922001,713.46147286009,500.0,True,450.8324063919638,0.0,14059.800052212218,74.39501610272328
2025-03-04,C2,6,2025-03-04 06:00:00,39568.50966618304,38946.86721323696,621.6424529460783,0.0,True,1311.0364962073777,2.3690531760813656,34508.033071680096,478.36660412186006
2025-03-04,C2,12,2025-03-04 12:00:00,34136.956406501,33139.513066373394,997.4433401276037,0.0,True,1773.5490431895732,0.0,27461.265845909587,658.4756598096307
2025-03-04,C2,18,2025-03-04 18:00:00,14128.954697074094,13828.334227766129,300.6204693079653,0.0,True,310.63881627268216,0.0,12356.596785497632,213.2858097325505
2025-03-04,C3,6,2025-03-04 06:00:00,39568.50966618304,38946.86721323696,621.6424529460783,500.0,True,1311.0364962073777,2.3690531760813656,34508.033071680096,478.36660412186006
2025-03-04,C3,12,2025-03-04 12:00:00,34136.956406501,33139.513066373394,997.4433401276037,500.0,True,1773.5490431895732,0.0,27461.265845909587,658.4756598096307
2025-03-04,C3,18,2025-03-04 18:00:00,14128.954697074094,13828.334227766129,300.6204693079653,500.0,False,310.63881627268216,0.0,12356.596785497632,213.2858097325505
2025-03-05,C2,6,2025-03-05 06:00:00,39454.85472411876,39355.68761845153,99.16710566723486,0.0,True,100.34106859754075,978.305526528629,37353.54708616177,271.5722613340598
2025-03-05,C2,12,2025-03-05 12:00:00,29725.87141047974,29429.9052228689,295.9661876108403,0.0,True,0.0,1258.271666825042,29239.011316707278,271.5722613340598
2025-03-05,C2,18,2025-03-05 18:00:00,16194.875057362991,14801.932742278574,1392.9423150844177,0.0,True,0.0,2.2737367544323206e-13,13497.525208708885,207.95488250618723
2025-03-05,C3,6,2025-03-05 06:00:00,39454.85472411876,39355.68761845153,99.16710566723486,500.0,False,100.34106859754075,978.305526528629,37353.54708616177,271.5722613340598
2025-03-05,C3,12,2025-03-05 12:00:00,30072.48092828965,29876.39682094736,196.08410734228892,500.0,False,0.0,568.8917532889874,29679.534153524808,94.74419311262898
2025-03-05,C3,18,2025-03-05 18:00:00,16154.360826297092,15813.131562865752,341.22926343133986,500.0,False,217.39392938394457,2.2737367544323206e-13,13929.26861071304,187.7607887957974
2025-03-06,C2,6,2025-03-06 06:00:00,37704.64544207021,37207.37903428712,497.266407783085,0.0,True,800.8715436752495,441.08157351198406,32982.35747592663,407.6385396369358
2025-03-06,C2,12,2025-03-06 12:00:00,30343.906701806554,28479.68392051838,1864.2227812881756,0.0,True,1893.253417322228,370.04511130676474,28307.383451089503,701.9671928788938
2025-03-06,C2,18,2025-03-06 18:00:00,14385.685640192567,14074.492382569362,311.1932576232048,0.0,True,265.4092404821217,0.0,12358.520361427652,103.69923018454341
2025-03-06,C3,6,2025-03-06 06:00:00,37704.64544207021,37207.37903428712,497.266407783085,500.0,False,800.8715436752495,441.08157351198406,32982.35747592663,407.6385396369358
2025-03-06,C3,12,2025-03-06 12:00:00,30330.04354639224,28479.68392051838,1850.3596258738617,500.0,True,1893.253417322228,370.04511130676474,28307.383451089503,701.9671928788938
2025-03-06,C3,18,2025-03-06 18:00:00,14385.685640192567,14074.492382569362,311.1932576232048,500.0,False,265.4092404821217,0.0,12358.520361427652,103.69923018454341
2025-03-07,C2,6,2025-03-07 06:00:00,9269.539970732438,8787.254443152982,482.28552757945545,0.0,True,45.17320767041696,1232.0005297169175,8591.807475046427,201.96017316893023
2025-03-07,C2,12,2025-03-07 12:00:00,14868.580848209433,12879.615583014347,1988.9652651950855,0.0,True,561.8737525363849,0.0,9511.83991374163,237.73098524989996
2025-03-07,C2,18,2025-03-07 18:00:00,9289.455493177857,8134.559894995948,1154.895598181909,0.0,True,1885.2403141556688,0.0,7679.27404840252,508.23380335920734
2025-03-07,C3,6,2025-03-07 06:00:00,9269.539970732438,8787.254443152982,482.28552757945545,500.0,False,45.17320767041696,1232.0005297169175,8591.807475046427,201.96017316893023
2025-03-07,C3,12,2025-03-07 12:00:00,13484.346132087372,13169.377967163435,314.96816492393737,500.0,False,891.5090294647014,0.0,9732.488291574595,284.05320748810607
2025-03-07,C3,18,2025-03-07 18:00:00,9387.454108588068,8134.559894995948,1252.8942135921206,500.0,True,1885.2403141556688,0.0,7679.27404840252,508.23380335920734
2025-03-08,C2,6,2025-03-08 06:00:00,11934.770731517088,11635.96432242179,298.80640909529757,0.0,True,0.0,738.390942649721,10764.159256293622,109.78102103174649
2025-03-08,C2,12,2025-03-08 12:00:00,12523.930821572163,12416.20029829878,107.73052327338337,0.0,True,0.0,55.0517442092887,11053.140915854425,109.78102103174649
2025-03-08,C2,18,2025-03-08 18:00:00,8375.991175792977,8091.102005922121,284.88916987085577,0.0,True,234.61996924310654,0.0,6286.2843715850895,234.61996924310654
2025-03-08,C3,6,2025-03-08 06:00:00,11934.770731517088,11635.96432242179,298.80640909529757,500.0,False,0.0,738.390942649721,10764.159256293622,109.78102103174649
2025-03-08,C3,12,2025-03-08 12:00:00,12426.025047833273,12416.20029829878,9.824749534493094,500.0,False,0.0,55.0517442092887,11053.140915854425,32.683809523809714
2025-03-08,C3,18,2025-03-08 18:00:00,8361.938036382147,8091.102005922121,270.83603046002645,500.0,False,234.61996924310654,0.0,6286.2843715850895,234.61996924310654
2025-03-09,C2,6,2025-03-09 06:00:00,39543.560221473184,37020.35966602319,2523.200555449992,0.0,True,729.7640116694215,6933.965394407327,31769.85337257508,936.8872999999999
2025-03-09,C2,12,2025-03-09 12:00:00,36869.87254009942,30117.583584992477,6752.288955106946,0.0,True,167.22391221587134,1405.0095959164314,27033.975063718986,936.8872999999999
2025-03-09,C2,18,2025-03-09 18:00:00,12769.08738461847,12402.006478741261,367.08090587720835,0.0,True,358.1193784006127,162.75142985497706,12263.931054387538,216.96450040847088
2025-03-09,C3,6,2025-03-09 06:00:00,39543.560221473184,37020.35966602319,2523.200555449992,500.0,True,729.7640116694215,6933.965394407327,31769.85337257508,936.8872999999999
2025-03-09,C3,12,2025-03-09 12:00:00,36869.87254009942,30117.583584992477,6752.288955106946,500.0,True,167.22391221587134,1405.0095959164314,27033.975063718986,936.8872999999999
2025-03-09,C3,18,2025-03-09 18:00:00,12769.08738461847,12402.006478741261,367.08090587720835,500.0,False,358.1193784006127,162.75142985497706,12263.931054387538,216.96450040847088
2025-03-10,C2,6,2025-03-10 06:00:00,36833.923688978655,35890.667070538664,943.2566184399911,0.0,True,1585.1343117715837,1113.2393325519874,33603.183450860124,812.1689534732382
2025-03-10,C2,12,2025-03-10 12:00:00,31754.545279867158,29291.04120072557,2463.5040791415886,0.0,True,1203.8415676364339,462.00909207188215,28655.24937087665,679.6938539983939
2025-03-10,C2,18,2025-03-10 18:00:00,14308.99519145655,14004.715111559779,304.280079896771,0.0,True,274.4314662536344,0.0,12512.104988096853,221.7686853570333
2025-03-10,C3,6,2025-03-10 06:00:00,36833.923688978655,35890.667070538664,943.2566184399911,500.0,True,1585.1343117715837,1113.2393325519874,33603.183450860124,812.1689534732382
2025-03-10,C3,12,2025-03-10 12:00:00,31754.545279867158,29291.04120072557,2463.5040791415886,500.0,True,1203.8415676364339,462.00909207188215,28655.24937087665,679.6938539983939
2025-03-10,C3,18,2025-03-10 18:00:00,14308.99519145655,14004.715111559779,304.280079896771,500.0,False,274.4314662536344,0.0,12512.104988096853,221.7686853570333
2025-03-11,C2,6,2025-03-11 06:00:00,44063.682670103386,33124.718830116675,10938.96383998671,0.0,True,7381.26727449224,0.0,31353.99704733296,662.6568462354045
2025-03-11,C2,12,2025-03-11 12:00:00,29555.6381578722,29099.012762206145,456.6253956660548,0.0,True,1798.652078940012,0.0,25374.53034351427,523.8456374552015
2025-03-11,C2,18,2025-03-11 18:00:00,13082.729591436235,12727.403852938221,355.3257384980134,0.0,True,282.85665882823184,81.36076089744779,12649.60896374106,174.37467094127715
2025-03-11,C3,6,2025-03-11 06:00:00,44063.682670103386,33124.718830116675,10938.96383998671,500.0,True,7381.26727449224,0.0,31353.99704733296,662.6568462354045
2025-03-11,C3,12,2025-03-11 12:00:00,29555.6381578722,29099.012762206145,456.6253956660548,500.0,False,1798.652078940012,0.0,25374.53034351427,523.8456374552015
2025-03-11,C3,18,2025-03-11 18:00:00,13083.473572467077,12727.403852938221,356.0697195288558,500.0,False,282.85665882823184,81.36076089744779,12649.60896374106,174.37467094127715
2025-03-12,C2,6,2025-03-12 06:00:00,36126.18674364426,33897.43363479296,2228.753108851306,0.0,True,111.23585437847544,6709.916393134967,30538.33322067461,1007.7678500788847
2025-03-12,C2,12,2025-03-12 12:00:00,38777.105538699754,30566.20588040606,8210.899658293692,0.0,True,117.24757972710336,381.4014547990532,27913.721857032728,1004.0408404761909
2025-03-12,C2,18,2025-03-12 18:00:00,14622.078596385418,14195.658500836902,426.42009554851575,0.0,True,500.8286976959546,0.0,12660.00012727809,128.06898650908954
2025-03-12,C3,6,2025-03-12 06:00:00,36126.186743644255,33897.43363479296,2228.7531088512987,500.0,True,111.23585437847379,6709.916393134967,30538.333220674605,1007.7678500788847
2025-03-12,C3,12,2025-03-12 12:00:00,38777.105538699754,30566.20588040606,8210.899658293692,500.0,True,117.24757972710336,381.4014547990532,27913.721857032728,1004.0408404761909
2025-03-12,C3,18,2025-03-12 18:00:00,14622.078596385418,14195.658500836902,426.42009554851575,500.0,False,500.8286976959546,0.0,12660.00012727809,128.06898650908954
2025-03-13,C2,6,2025-03-13 06:00:00,32360.891285087706,31486.28998041006,874.6013046776461,0.0,True,1909.5054853660731,0.0,31035.39100225366,303.1728340894947
2025-03-13,C2,12,2025-03-13 12:00:00,32982.72924861377,32277.108133226488,705.6211153872791,0.0,True,2232.582063204268,0.0,25992.069993448316,757.0618934941763
2025-03-13,C2,18,2025-03-13 18:00:00,13139.468171500821,12467.027751158974,672.4404203418471,0.0,True,364.7790553231725,35.69836391582328,12352.789847986684,256.023477432972
2025-03-13,C3,6,2025-03-13 06:00:00,32360.891285087706,31486.289980410067,874.6013046776388,500.0,True,1909.505485366075,0.0,31035.391002253662,303.1728340894984
2025-03-13,C3,12,2025-03-13 12:00:00,32982.72924861377,32277.108133226488,705.6211153872791,500.0,True,2232.582063204266,0.0,25992.069993448313,757.0618934941763
2025-03-13,C3,18,2025-03-13 18:00:00,13139.468171500821,12467.027751158974,672.4404203418471,500.0,True,364.7790553231725,35.69836391582328,12352.789847986684,256.023477432972
2025-03-14,C2,6,2025-03-14 06:00:00,8756.915476063752,8101.668465787699,655.2470102760535,0.0,True,521.3541898238022,75.62117640981432,7827.243517667912,135.70315801071308
2025-03-14,C2,12,2025-03-14 12:00:00,10125.444268122974,9271.43021488012,854.0140532428541,0.0,True,1789.5611603540042,14.381608721521161,8940.45789700944,539.9105679483336
2025-03-14,C2,18,2025-03-14 18:00:00,6389.334469638738,5590.8636783671745,798.470791271563,0.0,True,451.0096053925261,0.0,5491.674054870603,335.01226706381044
2025-03-14,C3,6,2025-03-14 06:00:00,8756.915476063752,8101.668465787699,655.2470102760535,500.0,True,521.3541898238022,75.62117640981432,7827.243517667912,135.70315801071308
2025-03-14,C3,12,2025-03-14 12:00:00,10125.444268122974,9271.43021488012,854.0140532428541,500.0,True,1789.5611603540042,14.381608721521161,8940.45789700944,539.9105679483336
2025-03-14,C3,18,2025-03-14 18:00:00,6389.334469638738,5590.8636783671745,798.470791271563,500.0,True,451.0096053925261,0.0,5491.674054870603,335.01226706381044
2025-03-15,C2,6,2025-03-15 06:00:00,8090.649572459317,8023.854904219646,66.7946682396705,0.0,True,317.060690631097,0.0,7583.88174639427,127.06115322213412
2025-03-15,C2,12,2025-03-15 12:00:00,7890.09099645242,7633.648968228429,256.44202822399075,0.0,True,237.88179228199095,54.71498154545827,7423.644216673962,67.52823953054656
2025-03-15,C2,18,2025-03-15 18:00:00,5903.697227553747,5461.261072508737,442.4361550450103,0.0,True,430.33715788906267,0.0,5363.431193568851,214.1225628852827
2025-03-15,C3,6,2025-03-15 06:00:00,8090.649572459317,8023.854904219646,66.7946682396705,500.0,False,317.060690631097,0.0,7583.88174639427,127.06115322213412
2025-03-15,C3,12,2025-03-15 12:00:00,7992.597628986376,7633.648968228429,358.9486607579465,500.0,False,237.88179228199095,54.71498154545827,7423.644216673962,61.76283952375013
2025-03-15,C3,18,2025-03-15 18:00:00,5967.694367469912,5461.261072508737,506.4332949611753,500.0,True,430.33715788906267,0.0,5363.431193568851,214.1225628852827
2025-03-16,C2,6,2025-03-16 06:00:00,31987.804315658526,31321.897464749894,665.9068509086319,0.0,True,1157.7233102746586,189.23562502205596,30828.7774407796,429.34547907624767
2025-03-16,C2,12,2025-03-16 12:00:00,27188.137159538877,26905.22308422747,282.91407531140794,0.0,True,0.0,494.8519772239804,26731.37464710413,121.00922118798894
2025-03-16,C2,18,2025-03-16 18:00:00,13819.018032016618,12922.724545272113,896.2934867445056,0.0,True,388.6361457313917,0.0,12656.618748440484,181.2681687813606
2025-03-16,C3,6,2025-03-16 06:00:00,31987.804315658526,31321.897464749894,665.9068509086319,500.0,True,1157.7233102746586,189.23562502205596,30828.7774407796,429.34547907624767
2025-03-16,C3,12,2025-03-16 12:00:00,27188.137159538877,26905.22308422747,282.91407531140794,500.0,False,0.0,494.8519772239804,26731.37464710413,121.00922118798894
2025-03-16,C3,18,2025-03-16 18:00:00,13682.359875841574,12922.724545272113,759.6353305694611,500.0,True,388.6361457313917,0.0,12656.618748440484,181.2681687813606
2025-03-17,C2,6,2025-03-17 06:00:00,27346.640154280445,25468.018347041863,1878.6218072385818,0.0,True,616.22003838348,6203.778384855832,25312.40995056746,725.0818880769972
2025-03-17,C2,12,2025-03-17 12:00:00,35201.33338048428,26163.8294212133,9037.503959270976,0.0,True,1909.4739605713985,99.382009286727,25840.570374545063,798.2872260938337
2025-03-17,C2,18,2025-03-17 18:00:00,13337.724079193787,12860.576717667169,477.1473615266186,0.0,True,318.75082501278905,0.0,12702.024731661604,200.81729268449033
2025-03-17,C3,6,2025-03-17 06:00:00,27346.640154280445,25468.018347041863,1878.6218072385818,500.0,True,616.22003838348,6203.778384855832,25312.40995056746,725.0818880769972
2025-03-17,C3,12,2025-03-17 12:00:00,35201.33338048428,26163.8294212133,9037.503959270976,500.0,True,1909.4739605713985,99.382009286727,25840.570374545063,798.2872260938337
2025-03-17,C3,18,2025-03-17 18:00:00,13337.724079193787,12860.576717667169,477.1473615266186,500.0,False,318.75082501278905,0.0,12702.024731661604,200.81729268449033
2025-03-18,C2,6,2025-03-18 06:00:00,32509.088457034,31465.645234414867,1043.4432226191311,0.0,True,458.40121403951895,2770.5658845539174,31326.613682606814,693.3567062059432
2025-03-18,C2,12,2025-03-18 12:00:00,25078.40740965832,24051.067252723977,1027.3401569343441,0.0,True,0.0,2071.9169771270726,24042.17129825771,311.62216739889175
2025-03-18,C2,18,2025-03-18 18:00:00,13320.724998446323,12659.268612213642,661.4563862326813,0.0,True,348.65221325154306,0.0,12367.060913258023,97.79857500053464
2025-03-18,C3,6,2025-03-18 06:00:00,32509.088457034,31465.645234414867,1043.4432226191311,500.0,True,458.40121403951895,2770.5658845539187,31326.61368260681,693.3567062059432
2025-03-18,C3,12,2025-03-18 12:00:00,25078.40740965832,24051.067252723977,1027.3401569343441,500.0,True,0.0,2071.9169771270726,24042.17129825771,311.62216739889175
2025-03-18,C3,18,2025-03-18 18:00:00,13320.724998446323,12659.268612213642,661.4563862326813,500.0,True,348.65221325154306,0.0,12367.060913258023,97.79857500053464
2025-03-19,C2,6,2025-03-19 06:00:00,35567.788756691036,29975.417463047645,5592.371293643391,0.0,True,4268.237474438949,0.0,27931.788841819303,547.6208889608439
2025-03-19,C2,12,2025-03-19 12:00:00,25408.194940812336,25120.901436425607,287.2935043867292,0.0,True,3045.4907181206813,0.0,24668.127898509832,474.2441976168785
2025-03-19,C2,18,2025-03-19 18:00:00,13296.527031037427,12636.706212616045,659.8208184213818,0.0,True,380.2113818584458,0.0,12539.533774126181,163.18219437542456
2025-03-19,C3,6,2025-03-19 06:00:00,35567.788756691036,29975.417463047645,5592.371293643391,500.0,True,4268.237474438949,0.0,27931.788841819303,547.6208889608439
2025-03-19,C3,12,2025-03-19 12:00:00,25408.194940812336,25120.901436425607,287.2935043867292,500.0,False,3045.4907181206813,0.0,24668.127898509832,474.2441976168785
2025-03-19,C3,18,2025-03-19 18:00:00,13290.843388648504,12636.706212616045,654.1371760324582,500.0,True,380.2113818584458,0.0,12539.533774126181,163.18219437542456
2025-03-20,C2,6,2025-03-20 06:00:00,31396.409790077534,28525.204854007,2871.204936070535,0.0,True,526.481363476704,7857.952770719176,27898.315852044576,1076.3879598527778
2025-03-20,C2,12,2025-03-20 12:00:00,35628.7805293124,26765.818519366705,8862.962009945692,0.0,True,244.5095127544381,1129.311109857561,26478.636830280426,950.5024646985804
2025-03-20,C2,18,2025-03-20 18:00:00,12399.04949022328,12351.37947511214,47.670015111139946,0.0,True,227.65691331812877,0.0,12236.60877626566,31.800697271708202
2025-03-20,C3,6,2025-03-20 06:00:00,31396.409790077534,28525.204854007,2871.204936070535,500.0,True,526.481363476704,7857.952770719176,27898.315852044576,1076.3879598527778
2025-03-20,C3,12,2025-03-20 12:00:00,35628.7805293124,26765.818519366705,8862.962009945692,500.0,True,244.5095127544381,1129.311109857561,26478.636830280426,950.5024646985804
2025-03-20,C3,18,2025-03-20 18:00:00,12399.04949022328,12351.37947511214,47.670015111139946,500.0,False,227.65691331812877,0.0,12236.60877626566,31.800697271708202
2025-03-21,C2,6,2025-03-21 06:00:00,7917.536126989688,7439.898808588886,477.63731840080163,0.0,True,157.4167270969345,779.4758187278256,7240.99404006621,120.82516435288102
2025-03-21,C2,12,2025-03-21 12:00:00,7957.075582436204,7322.344531940734,634.7310504954703,0.0,True,0.0,385.23658388619003,7243.0039408066,79.26137887663117
2025-03-21,C2,18,2025-03-21 18:00:00,5188.45018050922,5131.068441441417,57.38173906780321,0.0,True,134.0753101931037,0.0,4845.699092951209,48.75000490419268
2025-03-21,C3,6,2025-03-21 06:00:00,7917.536126989688,7439.898808588886,477.63731840080163,500.0,False,157.4167270969345,779.4758187278256,7240.99404006621,120.82516435288102
2025-03-21,C3,12,2025-03-21 12:00:00,7450.959419869043,7322.344531940734,128.61488792830914,500.0,False,0.0,385.23658388619003,7243.0039408066,113.03395043110925
2025-03-21,C3,18,2025-03-21 18:00:00,5165.645728036236,5131.068441441417,34.57728659481836,500.0,False,134.0753101931037,0.0,4845.699092951209,48.75000490419268
2025-03-22,C2,6,2025-03-22 06:00:00,8275.945917106303,8044.1530704106735,231.79284669562912,0.0,True,0.0,646.2742717736606,7852.611544360964,123.86347785903763
2025-03-22,C2,12,2025-03-22 12:00:00,8395.055493115462,8121.245486668359,273.81000644710275,0.0,True,0.0,294.1797904390063,7985.067233568925,66.90168252991964
2025-03-22,C2,18,2025-03-22 18:00:00,5592.273735416711,5511.916467752357,80.35726766435437,0.0,True,137.7135583724389,15.407263552342783,5316.071873143756,137.7135583724389
2025-03-22,C3,6,2025-03-22 06:00:00,8275.945917106303,8044.1530704106735,231.79284669562912,500.0,False,0.0,646.2742717736606,7852.611544360964,123.86347785903763
2025-03-22,C3,12,2025-03-22 12:00:00,8155.402059651468,8121.245486668359,34.15657298310907,500.0,False,0.0,294.1797904390063,7985.067233568925,78.88073642353962
2025-03-22,C3,18,2025-03-22 18:00:00,5588.902295686026,5511.916467752357,76.9858279336695,500.0,False,137.7135583724389,15.407263552342783,5316.071873143756,137.7135583724389
2025-03-23,C2,6,2025-03-23 06:00:00,29543.707938525382,28604.168120101185,939.5398184241967,0.0,True,0.0,2525.8368925576897,28581.535586731326,228.9950098798546
2025-03-23,C2,12,2025-03-23 12:00:00,24190.47482345701,24102.901834562505,87.57298889450612,0.0,True,0.0,1718.0893483068141,24097.769416821022,167.3694666941791
2025-03-23,C2,18,2025-03-23 18:00:00,12669.511140650984,12207.170841190773,462.3402994602111,0.0,True,225.2468375096471,36.340036208306515,12121.479098021557,113.29944427261034
2025-03-23,C3,6,2025-03-23 06:00:00,29543.707938525382,28604.168120101185,939.5398184241967,500.0,True,0.0,2525.8368925576897,28581.535586731326,228.9950098798546
2025-03-23,C3,12,2025-03-23 12:00:00,24190.47482345701,24102.901834562505,87.57298889450612,500.0,False,0.0,1718.0893483068141,24097.769416821022,167.3694666941791
2025-03-23,C3,18,2025-03-23 18:00:00,12664.883436170334,12215.079065725395,449.8043704449392,500.0,False,229.33980365338522,36.340036208306515,12129.38732255618,117.39241041634847
2025-03-24,C2,6,2025-03-24 06:00:00,28327.948527320386,28009.075165479462,318.8733618409242,0.0,True,192.41253542197205,947.7546930893519,27853.24982326577,376.0890934525086
2025-03-24,C2,12,2025-03-24 12:00:00,25908.69232703841,25206.334650354063,702.3576766843471,0.0,True,950.9497365176986,486.90695104792565,25085.26988749251,435.03378279172705
2025-03-24,C2,18,2025-03-24 18:00:00,12872.257204256577,12579.070031272831,293.18717298374577,0.0,True,277.5415624025529,0.0,12394.76501569034,103.10158195879387
2025-03-24,C3,6,2025-03-24 06:00:00,28327.948527320386,28009.075165479462,318.8733618409242,500.0,False,192.41253542197205,947.7546930893519,27853.24982326577,376.0890934525086
2025-03-24,C3,12,2025-03-24 12:00:00,25731.281829658572,25086.657501842452,644.6243278161201,500.0,True,896.8322490126503,486.00387737139624,25021.243229293235,435.03378279172705
2025-03-24,C3,18,2025-03-24 18:00:00,12878.49257568856,12579.070031272831,299.42254441572913,500.0,False,277.5415624025529,0.0,12394.76501569034,103.10158195879387
2025-03-25,C2,6,2025-03-25 06:00:00,31388.860718142147,29233.823020485743,2155.037697656404,0.0,True,0.0,7092.5381790600695,29173.655305146196,990.5654163963832
2025-03-25,C2,12,2025-03-25 12:00:00,30456.436712453684,24887.738328362746,5568.698384090938,0.0,True,7.223608050375219,2080.789057393064,24858.568293149776,806.8882691668462
2025-03-25,C2,18,2025-03-25 18:00:00,13863.310436698974,12867.713616236659,995.596820462315,0.0,True,499.09810992028486,99.18156576920569,12723.548994876763,187.46556830846328
2025-03-25,C3,6,2025-03-25 06:00:00,31388.860718142147,29233.823020485743,2155.037697656404,500.0,True,0.0,7092.5381790600695,29173.655305146196,990.5654163963832
2025-03-25,C3,12,2025-03-25 12:00:00,30456.436712453684,24887.738328362746,5568.698384090938,500.0,True,7.223608050375219,2080.789057393064,24858.568293149776,806.8882691668462
2025-03-25,C3,18,2025-03-25 18:00:00,13863.310436698974,12867.713616236659,995.596820462315,500.0,True,499.09810992028486,99.18156576920569,12723.548994876763,187.46556830846328
2025-03-26,C2,6,2025-03-26 06:00:00,27857.40847212582,27267.487577642536,589.9208944832826,0.0,True,1116.9249528242385,222.56153189779957,26707.262207592386,450.81748869022505
2025-03-26,C2,12,2025-03-26 12:00:00,24968.224425176573,24769.881555674023,198.34286950255046,0.0,True,62.30140974702931,693.3945670124768,24627.142305833935,162.47943973367035
2025-03-26,C2,18,2025-03-26 18:00:00,12337.274456092424,12261.854677879632,75.41977821279215,0.0,True,149.32734511104474,19.2574861397145,11943.26974638134,54.01081706468517
2025-03-26,C3,6,2025-03-26 06:00:00,27857.40847212582,27267.487577642536,589.9208944832826,500.0,True,1116.9249528242385,222.56153189779957,26707.262207592386,450.81748869022505
2025-03-26,C3,12,2025-03-26 12:00:00,24968.224425176573,24769.881555674023,198.34286950255046,500.0,False,62.30140974702931,693.3945670124768,24627.142305833935,162.47943973367035
2025-03-26,C3,18,2025-03-26 18:00:00,12458.68719329676,12329.661042603566,129.02615069319472,500.0,False,184.42108251442193,19.2574861397145,12011.076111105276,71.36881211161602
2025-03-27,C2,6,2025-03-27 06:00:00,31081.638268183357,29673.932480861433,1407.7057873219237,0.0,True,824.2409233074477,325.8491865580473,28505.271887554005,121.01999799855548
2025-03-27,C2,12,2025-03-27 12:00:00,25182.91996246207,24156.30643311228,1026.61352934979,0.0,True,19.250420352362653,670.301472927461,24052.004515303386,132.19169444444424
2025-03-27,C2,18,2025-03-27 18:00:00,13629.619756222946,12717.271896424183,912.3478597987632,0.0,True,325.86880485295075,0.0,12596.820536532303,170.28826085959474
2025-03-27,C3,6,2025-03-27 06:00:00,31081.638268183357,29673.932480861433,1407.7057873219237,500.0,True,824.2409233074477,325.8491865580473,28505.271887554005,121.01999799855548
2025-03-27,C3,12,2025-03-27 12:00:00,25182.91996246207,24156.30643311228,1026.61352934979,500.0,True,19.250420352362653,670.301472927461,24052.004515303386,132.19169444444424
2025-03-27,C3,18,2025-03-27 18:00:00,13629.619756222946,12717.271896424183,912.3478597987632,500.0,True,325.86880485295075,0.0,12596.820536532303,170.28826085959474
2025-03-28,C2,6,2025-03-28 06:00:00,7355.03802555516,7246.099019673055,108.93900588210454,0.0,True,221.2573893917977,260.2242524961594,7139.062618594337,150.51793280618085
2025-03-28,C2,12,2025-03-28 12:00:00,7271.721985014879,7227.731881957882,43.990103056996304,0.0,True,207.992331505284,186.221800569793,7136.036297199955,22.015095874679048
2025-03-28,C2,18,2025-03-28 18:00:00,5908.625261080018,5401.105787102508,507.51947397751064,0.0,True,297.1150345027102,51.39795618731347,5266.862934354964,227.6782794249275
2025-03-28,C3,6,2025-03-28 06:00:00,7355.03802555516,7246.099019673055,108.93900588210454,500.0,False,221.2573893917977,260.2242524961594,7139.062618594337,150.51793280618085
2025-03-28,C3,12,2025-03-28 12:00:00,7284.37522676372,7227.731881957882,56.64334480583784,500.0,False,207.992331505284,186.221800569793,7136.036297199955,128.5028369315018
2025-03-28,C3,18,2025-03-28 18:00:00,5924.624578147025,5401.105787102508,523.5187910445175,500.0,True,297.1150345027102,51.39795618731347,5266.862934354964,227.6782794249275
2025-03-29,C2,6,2025-03-29 06:00:00,7832.519377615118,7101.632748986885,730.8866286282328,0.0,True,496.4581901640969,0.0,6936.982771611025,84.7211810356115
2025-03-29,C2,12,2025-03-29 12:00:00,7353.417910863759,7277.509236722955,75.90867414080367,0.0,True,394.1090419327996,0.0,6789.806062363188,84.7211810356115
2025-03-29,C2,18,2025-03-29 18:00:00,5669.297855283448,5403.700599069152,265.59725621429607,0.0,True,328.65997614223306,114.00855742187633,5312.091697147797,304.3677877079266
2025-03-29,C3,6,2025-03-29 06:00:00,7832.519377615118,7101.632748986885,730.8866286282328,500.0,True,496.4581901640969,0.0,6936.982771611025,84.7211810356115
2025-03-29,C3,12,2025-03-29 12:00:00,7353.417910863759,7277.509236722955,75.90867414080367,500.0,False,394.1090419327996,0.0,6789.806062363188,84.7211810356115
2025-03-29,C3,18,2025-03-29 18:00:00,5613.926970158764,5403.700599069152,210.22637108961135,500.0,False,328.65997614223306,114.00855742187633,5312.091697147797,304.3677877079266
2025-03-30,C2,6,2025-03-30 06:00:00,26345.717948642094,25911.006555130785,434.7113935113084,0.0,True,0.0,2165.3259191533357,25358.21337052521,814.3048296038104
2025-03-30,C2,12,2025-03-30 12:00:00,23091.029098477313,22988.374938404588,102.65416007272506,0.0,True,0.0,1147.3321736041948,22519.48149033702,249.48929194048128
2025-03-30,C2,18,2025-03-30 18:00:00,13012.27932887179,12365.60495935903,646.6743695127589,0.0,True,318.3664511034927,37.19723302413934,12288.204549000113,132.91509488951198
2025-03-30,C3,6,2025-03-30 06:00:00,26345.717948642094,25911.00655513078,434.71139351131205,500.0,False,0.0,2165.325919153334,25358.213370525213,814.3048296038083
2025-03-30,C3,12,2025-03-30 12:00:00,23216.423871104074,23026.952503830616,189.47136727345787,500.0,False,0.0,1118.3776387053076,22525.435990438975,307.1164933243225
2025-03-30,C3,18,2025-03-30 18:00:00,12951.402092153376,12365.60495935903,585.7971327943451,500.0,True,318.3664511034927,37.19723302413934,12288.204549000113,132.91509488951198
2025-03-31,C2,6,2025-03-31 06:00:00,39744.224757308606,31099.724989050366,8644.49976825824,0.0,True,7085.779188459776,0.0,29634.41324219893,942.427732597574
2025-03-31,C2,12,2025-03-31 12:00:00,26648.202578248158,23718.16194263827,2930.0406356098865,0.0,True,508.82692393156685,0.0,23302.049255493468,942.427732597574
2025-03-31,C2,18,2025-03-31 18:00:00,12887.312785191221,12452.35563764611,434.9571475451121,0.0,True,400.07898590058136,0.0,12321.947908213455,132.6387708321451
2025-03-31,C3,6,2025-03-31 06:00:00,39744.224757308606,31099.724989050366,8644.49976825824,500.0,True,7085.779188459776,0.0,29634.41324219893,942.427732597574
2025-03-31,C3,12,2025-03-31 12:00:00,26648.202578248158,23718.16194263827,2930.0406356098865,500.0,True,508.82692393156685,0.0,23302.049255493468,942.427732597574
2025-03-31,C3,18,2025-03-31 18:00:00,12887.312785191221,12452.35563764611,434.9571475451121,500.0,False,400.07898590058136,0.0,12321.947908213455,132.6387708321451
2025-04-01,C2,6,2025-04-01 06:00:00,30032.449813745756,28750.47503729797,1281.974776447787,0.0,True,1326.699092103884,2992.2212629442806,28680.083741280854,608.4308471267966
2025-04-01,C2,12,2025-04-01 12:00:00,24729.484463643097,24375.544083068737,353.94038057436046,0.0,True,959.9121307127692,945.0518324483614,24217.310525752335,501.3384750186923
2025-04-01,C2,18,2025-04-01 18:00:00,13578.454580368672,12803.08382705972,775.3707533089528,0.0,True,351.03749155393353,58.69050223505451,12700.402729560763,208.8784892755687
2025-04-01,C3,6,2025-04-01 06:00:00,30032.449813745756,28750.47503729797,1281.974776447787,500.0,True,1326.699092103884,2992.2212629442806,28680.083741280854,608.4308471267966
2025-04-01,C3,12,2025-04-01 12:00:00,24729.484463643097,24375.544083068737,353.94038057436046,500.0,False,959.9121307127692,945.0518324483614,24217.310525752335,501.3384750186923
2025-04-01,C3,18,2025-04-01 18:00:00,13566.544838513295,12861.958413189055,704.5864253242398,500.0,True,381.5085140570189,58.69050223505428,12759.277315690098,236.39189839848763
2025-04-02,C2,6,2025-04-02 06:00:00,37931.495639010376,33120.16003715202,4811.335601858358,0.0,True,5442.249477137025,0.0,32144.921833443354,770.3221775953115
2025-04-02,C2,12,2025-04-02 12:00:00,25142.043903781603,24515.35749834211,626.6864054394937,0.0,True,2197.225985387663,16.317697186166242,24030.588203060463,542.9581562783923
2025-04-02,C2,18,2025-04-02 18:00:00,13848.307108633542,12842.987626141066,1005.3194824924758,0.0,True,461.4316733927046,0.0,12698.844640066744,171.21008886666243
2025-04-02,C3,6,2025-04-02 06:00:00,37931.495639010376,33120.16003715202,4811.335601858358,500.0,True,5442.249477137022,0.0,32144.921833443354,770.3221775953115
2025-04-02,C3,12,2025-04-02 12:00:00,25142.043903781603,24515.35749834211,626.6864054394937,500.0,True,2197.2259853876612,16.317697186166242,24030.588203060455,542.9581562783902
2025-04-02,C3,18,2025-04-02 18:00:00,13848.307108633542,12842.987626141066,1005.3194824924758,500.0,True,461.4316733927046,0.0,12698.844640066744,171.21008886666243
2025-04-03,C2,6,2025-04-03 06:00:00,28300.36352419126,27164.503248197936,1135.8602759933237,0.0,True,0.0,3350.0272429938964,27097.398549414705,556.7027548931204
2025-04-03,C2,12,2025-04-03 12:00:00,27870.75294223151,24379.510699571765,3491.242242659744,0.0,True,0.0,1299.9800487263233,24361.34955648838,556.7027548931204
2025-04-03,C2,18,2025-04-03 18:00:00,13564.8159286068,12718.656498849867,846.1594297569336,0.0,True,430.87759462931155,0.0,12542.291090078295,123.11289589984682
2025-04-03,C3,6,2025-04-03 06:00:00,28300.36352419126,27164.503248197936,1135.8602759933237,500.0,True,0.0,3350.0272429938964,27097.398549414705,556.7027548931204
2025-04-03,C3,12,2025-04-03 12:00:00,27870.75294223151,24379.510699571765,3491.242242659744,500.0,True,0.0,1299.9800487263233,24361.34955648838,556.7027548931204
2025-04-03,C3,18,2025-04-03 18:00:00,13564.8159286068,12718.656498849867,846.1594297569336,500.0,True,430.87759462931155,0.0,12542.291090078295,123.11289589984682
2025-04-04,C2,6,2025-04-04 06:00:00,6473.484748093108,6367.230480934734,106.2542671583733,0.0,True,29.091511615970376,300.3759227813879,6121.0016162630345,95.8564742262173
2025-04-04,C2,12,2025-04-04 12:00:00,7039.919065047376,6601.327292967436,438.5917720799398,0.0,True,0.0,9.36268696351408,6237.21631755946,95.8564742262173
2025-04-04,C2,18,2025-04-04 18:00:00,6028.13273730904,5494.558228241627,533.5745090674127,0.0,True,347.75106350708825,0.0,5308.761013251955,232.03116200713754
2025-04-04,C3,6,2025-04-04 06:00:00,6473.484748093108,6367.230480934734,106.2542671583733,500.0,False,29.091511615970376,300.3759227813879,6121.0016162630345,95.8564742262173
2025-04-04,C3,12,2025-04-04 12:00:00,6602.846585732223,6601.327292967436,1.5192927647867691,500.0,False,0.0,9.36268696351408,6237.21631755946,9.36268696351408
2025-04-04,C3,18,2025-04-04 18:00:00,6016.709668000073,5494.558228241627,522.151439758446,500.0,True,347.75106350708825,0.0,5308.761013251955,232.03116200713754
2025-04-05,C2,6,2025-04-05 06:00:00,7216.373353582954,7041.547144986527,174.82620859642702,0.0,True,342.1179420148472,14.780862334193898,6667.708297889812,140.35773024569903
2025-04-05,C2,12,2025-04-05 12:00:00,6523.283196631251,6511.175023863012,12.108172768238546,0.0,True,104.75131902034795,77.11312263372434,6338.255899010292,42.53586986292416
2025-04-05,C2,18,2025-04-05 18:00:00,6926.815875525509,5669.3423982652,1257.4734772603088,0.0,True,496.0192494160216,14.780862334193898,5633.616987390428,361.04367698101953
2025-04-05,C3,6,2025-04-05 06:00:00,7216.373353582954,7041.547144986527,174.82620859642702,500.0,False,342.1179420148472,14.780862334193898,6667.708297889812,140.35773024569903
2025-04-05,C3,12,2025-04-05 12:00:00,6565.924378833372,6511.175023863012,54.7493549703604,500.0,False,104.75131902034795,77.11312263372434,6338.255899010292,25.523718881465243
2025-04-05,C3,18,2025-04-05 18:00:00,6926.548609851777,5669.3423982652,1257.2062115865765,500.0,True,496.0192494160216,14.780862334193898,5633.616987390428,361.04367698101953
2025-04-06,C2,6,2025-04-06 06:00:00,26366.309933156168,25548.982517949626,817.3274152065424,0.0,True,281.31888579241115,3265.8289093380845,24894.261663704154,701.405834806527
2025-04-06,C2,12,2025-04-06 12:00:00,29741.791850679936,24794.331934173973,4947.459916505963,0.0,True,2647.2686804477794,1173.902555700989,24554.333295957964,873.932861430082
2025-04-06,C2,18,2025-04-06 18:00:00,13531.285872724888,12450.52980850612,1080.7560642187673,0.0,True,427.7152543636401,0.0,12372.866298333387,194.12722614705007
2025-04-06,C3,6,2025-04-06 06:00:00,26366.309933156168,25548.982517949626,817.3274152065424,500.0,True,281.31888579241115,3265.8289093380845,24894.261663704154,701.405834806527
2025-04-06,C3,12,2025-04-06 12:00:00,29741.791850679936,24794.331934173973,4947.459916505963,500.0,True,2647.2686804477794,1173.902555700989,24554.333295957964,873.932861430082
2025-04-06,C3,18,2025-04-06 18:00:00,13531.285872724888,12450.52980850612,1080.7560642187673,500.0,True,427.7152543636401,0.0,12372.866298333387,194.12722614705007
2025-04-07,C2,6,2025-04-07 06:00:00,33169.193025239896,27107.681646463378,6061.5113787765185,0.0,True,4694.337646391755,42.146239400046284,25150.501775885084,603.5841090719132
2025-04-07,C2,12,2025-04-07 12:00:00,23759.45129679932,23298.481560573517,460.9697362258048,0.0,True,2411.9654339531035,13.25325652577419,22776.46177722988,502.81689524984506
2025-04-07,C2,18,2025-04-07 18:00:00,13374.775830020159,12528.189473861472,846.5863561586866,0.0,True,358.5695180410165,106.95563950114843,12250.897118007773,184.4350665915099
2025-04-07,C3,6,2025-04-07 06:00:00,33169.193025239896,27107.681646463378,6061.5113787765185,500.0,True,4694.337646391755,42.146239400046284,25150.501775885084,603.5841090719132
2025-04-07,C3,12,2025-04-07 12:00:00,23759.45129679932,23298.481560573517,460.9697362258048,500.0,False,2411.9654339531035,13.25325652577419,22776.46177722988,502.81689524984506
2025-04-07,C3,18,2025-04-07 18:00:00,13371.111009084178,12528.189473861472,842.9215352227056,500.0,True,358.5695180410165,106.95563950114843,12250.897118007773,184.4350665915099
2025-04-08,C2,6,2025-04-08 06:00:00,28594.791953093383,27454.008030516517,1140.7839225768657,0.0,True,103.92123272987214,4352.158893989719,27089.506490126256,956.2577690142923
2025-04-08,C2,12,2025-04-08 12:00:00,25435.68254037617,24564.67118404902,871.011356327148,0.0,True,1.2354999999997744,2099.431120608055,24533.535774231117,768.7781152837016
2025-04-08,C2,18,2025-04-08 18:00:00,13322.529457233288,12634.99443905909,687.5350181741978,0.0,True,332.14870975770793,23.90563229933207,12552.446936342867,153.35373618658707
2025-04-08,C3,6,2025-04-08 06:00:00,28594.791953093383,27454.008030516517,1140.7839225768657,500.0,True,103.92123272987214,4352.158893989719,27089.506490126256,956.2577690142923
2025-04-08,C3,12,2025-04-08 12:00:00,25435.68254037617,24564.67118404902,871.011356327148,500.0,True,1.2354999999997744,2099.431120608055,24533.535774231117,768.7781152837016
2025-04-08,C3,18,2025-04-08 18:00:00,13322.529457233288,12634.99443905909,687.5350181741978,500.0,True,332.14870975770793,23.90563229933207,12552.446936342867,153.35373618658707
2025-04-09,C2,6,2025-04-09 06:00:00,32888.31639482858,29373.889239428983,3514.427155399597,0.0,True,3196.3684260500536,0.0,28508.37777878698,666.2848433535852
2025-04-09,C2,12,2025-04-09 12:00:00,26905.085739885857,26380.381790507043,524.7039493788143,0.0,True,1204.8468589008612,250.67280012766446,25875.294367380066,627.6658218857698
2025-04-09,C2,18,2025-04-09 18:00:00,13078.756559506459,12512.828520869321,565.9280386371374,0.0,True,275.7430992334223,0.0,12442.451713436536,123.1041144259816
2025-04-09,C3,6,2025-04-09 06:00:00,32888.31639482858,29373.889239428983,3514.427155399597,500.0,True,3196.3684260500536,0.0,28508.37777878698,666.2848433535852
2025-04-09,C3,12,2025-04-09 12:00:00,26905.085739885857,26380.381790507043,524.7039493788143,500.0,True,1204.8468589008612,250.67280012766446,25875.294367380066,627.6658218857698
2025-04-09,C3,18,2025-04-09 18:00:00,13078.756559506459,12512.828520869321,565.9280386371374,500.0,True,275.7430992334223,0.0,12442.451713436536,123.1041144259816
2025-04-10,C2,6,2025-04-10 06:00:00,30275.78696731688,29006.85174300278,1268.9352243141002,0.0,True,3120.1200853441533,0.0,26388.210067420012,557.973755506553
2025-04-10,C2,12,2025-04-10 12:00:00,23718.0702605375,23115.784980401833,602.2852801356676,0.0,True,0.0,368.8698112925998,22983.207654212612,378.3876492293999
2025-04-10,C2,18,2025-04-10 18:00:00,13919.10336749618,12743.85548703745,1175.24788045873,0.0,True,480.8979002769778,2.0092136783281376,12611.17158967103,164.72409040343496
2025-04-10,C3,6,2025-04-10 06:00:00,30275.78696731688,29006.85174300278,1268.9352243141002,500.0,True,3120.1200853441533,0.0,26388.210067420012,557.973755506553
2025-04-10,C3,12,2025-04-10 12:00:00,23718.0702605375,23115.784980401833,602.2852801356676,500.0,True,0.0,368.8698112925998,22983.207654212612,378.3876492293999
2025-04-10,C3,18,2025-04-10 18:00:00,13919.10336749618,12743.85548703745,1175.24788045873,500.0,True,480.8979002769778,2.0092136783281376,12611.17158967103,164.72409040343496
2025-04-11,C2,6,2025-04-11 06:00:00,6532.182912818149,6216.931726281058,315.2511865370907,0.0,True,259.9473992430877,0.0,6080.467746816639,117.87140893118723
2025-04-11,C2,12,2025-04-11 12:00:00,5860.367353139487,5853.548268067574,6.819085071912923,0.0,True,4.9028412974485605,31.683024332901077,5754.886214747161,21.230245044050776
2025-04-11,C2,18,2025-04-11 18:00:00,7062.837601909627,5718.80132778598,1344.0362741236468,0.0,True,374.95571113827725,0.0,5420.629570236029,352.6535872116098
2025-04-11,C3,6,2025-04-11 06:00:00,6532.182912818149,6216.931726281058,315.2511865370907,500.0,False,259.9473992430877,0.0,6080.467746816639,117.87140893118723
2025-04-11,C3,12,2025-04-11 12:00:00,5858.659965056709,5853.548268067574,5.111696989134543,500.0,False,4.9028412974485605,31.683024332901077,5754.886214747161,21.230245044050776
2025-04-11,C3,18,2025-04-11 18:00:00,7058.316377674821,5718.80132778598,1339.5150498888406,500.0,True,374.95571113827725,0.0,5420.629570236029,352.6535872116098
2025-04-12,C2,6,2025-04-12 06:00:00,6925.568789390537,6622.5503108982275,303.01847849230944,0.0,True,0.0,709.6194297784893,6516.819610013003,139.07854962843572
2025-04-12,C2,12,2025-04-12 12:00:00,7139.5655761954795,6796.172276479108,343.3932997163711,0.0,True,38.2725665910703,312.5805857327025,6746.43490971581,93.929904965829
2025-04-12,C2,18,2025-04-12 18:00:00,6708.619064759709,5686.749908005542,1021.8691567541664,0.0,True,466.7299040121984,21.33097164317877,5550.720570152328,325.7220890309809
2025-04-12,C3,6,2025-04-12 06:00:00,6925.568789390537,6622.5503108982275,303.01847849230944,500.0,False,0.0,709.6194297784893,6516.819610013003,139.07854962843572
2025-04-12,C3,12,2025-04-12 12:00:00,6938.53738729976,6796.172276479108,142.36511082065135,500.0,False,38.2725665910703,312.5805857327025,6746.43490971581,86.61458989487608
2025-04-12,C3,18,2025-04-12 18:00:00,6784.112885486519,5686.749908005542,1097.362977480977,500.0,True,466.7299040121984,21.33097164317877,5550.720570152328,325.7220890309809
2025-04-13,C2,6,2025-04-13 06:00:00,24558.864613107966,24342.52010402626,216.34450908170766,0.0,True,173.58678757929255,884.3988975141465,23777.97062810311,194.11059401295142
2025-04-13,C2,12,2025-04-13 12:00:00,27068.521117425298,23861.72598978456,3206.7951276407366,0.0,True,2315.9284678094764,485.51455764330944,23201.25987218415,813.6861779815238
2025-04-13,C2,18,2025-04-13 18:00:00,14134.00537832084,12758.95682754159,1375.048550779251,0.0,True,642.013717982981,0.0,12660.867311507334,316.72374728739203
2025-04-13,C3,6,2025-04-13 06:00:00,24558.864613107966,24342.52010402626,216.34450908170766,500.0,False,173.58678757929255,884.3988975141465,23777.97062810311,194.11059401295142
2025-04-13,C3,12,2025-04-13 12:00:00,27027.89471572375,23842.55773797093,3185.3369777528205,500.0,True,2297.5561947271362,485.51455764330944,23182.812272782176,813.6861779815238
2025-04-13,C3,18,2025-04-13 18:00:00,14134.00537832084,12758.95682754159,1375.048550779251,500.0,True,642.013717982981,0.0,12660.867311507334,316.72374728739203
2025-04-14,C2,6,2025-04-14 06:00:00,25752.730067257893,23745.83226721587,2006.8978000420248,0.0,True,0.0,5362.256426431163,23745.832267215854,740.4547163811264
2025-04-14,C2,12,2025-04-14 12:00:00,23980.255080934807,22103.438824523124,1876.8162564116828,0.0,True,0.0,2734.770292782002,22103.438824523113,740.4547163811264
2025-04-14,C2,18,2025-04-14 18:00:00,13971.05983888237,12765.332492830776,1205.7273460515935,0.0,True,460.72574948554336,0.0,12449.151759495038,106.96783848967755
2025-04-14,C3,6,2025-04-14 06:00:00,25752.730067257893,23745.83226721587,2006.8978000420248,500.0,True,0.0,5362.256426431163,23745.832267215854,740.4547163811264
2025-04-14,C3,12,2025-04-14 12:00:00,23980.255080934807,22103.438824523124,1876.8162564116828,500.0,True,0.0,2734.770292782002,22103.438824523113,740.4547163811264
2025-04-14,C3,18,2025-04-14 18:00:00,13971.05983888237,12765.332492830776,1205.7273460515935,500.0,True,460.72574948554336,0.0,12449.151759495038,106.96783848967755
2025-04-15,C2,6,2025-04-15 06:00:00,29381.578714135823,25130.267095741274,4251.311618394549,0.0,True,3973.7543492962886,136.1460063095965,24041.93783868793,467.2169113784902
2025-04-15,C2,12,2025-04-15 12:00:00,23567.119886426026,22565.737012193662,1001.382874232364,0.0,True,2253.317886041637,71.69001999653221,22383.09169646081,445.96046561538947
2025-04-15,C2,18,2025-04-15 18:00:00,14611.233241598868,13006.451984933647,1604.781256665221,0.0,True,704.1352192029817,112.0627441106302,12912.432840592093,280.20984767469105
2025-04-15,C3,6,2025-04-15 06:00:00,29381.578714135823,25130.267095741274,4251.311618394549,500.0,True,3973.7543492962886,136.1460063095965,24041.93783868793,467.2169113784902
2025-04-15,C3,12,2025-04-15 12:00:00,23567.119886426026,22565.737012193662,1001.382874232364,500.0,True,2253.317886041637,71.69001999653221,22383.09169646081,445.96046561538947
2025-04-15,C3,18,2025-04-15 18:00:00,14611.233241598868,13006.451984933647,1604.781256665221,500.0,True,704.1352192029817,112.0627441106302,12912.432840592093,280.20984767469105
2025-04-16,C2,6,2025-04-16 06:00:00,28921.764210027948,26357.342886929033,2564.4213230989153,0.0,True,2722.2192137361194,14.281927897489368,25595.7463539623,677.0795539156007
2025-04-16,C2,12,2025-04-16 12:00:00,23621.38380712814,22983.80910148773,637.5747056404107,0.0,True,661.5623309894088,891.0831784054972,22646.366094100067,331.99263885877895
2025-04-16,C2,18,2025-04-16 18:00:00,13490.31927246481,12604.048706402495,886.270566062316,0.0,True,470.49810957253646,208.6196962767425,12539.943252503235,248.78557817764369
2025-04-16,C3,6,2025-04-16 06:00:00,28921.764210027948,26357.342886929033,2564.4213230989153,500.0,True,2722.2192137361194,14.281927897489368,25595.7463539623,677.0795539156007
2025-04-16,C3,12,2025-04-16 12:00:00,23621.38380712814,22983.80910148773,637.5747056404107,500.0,True,661.5623309894088,891.0831784054972,22646.366094100067,331.99263885877895
2025-04-16,C3,18,2025-04-16 18:00:00,13490.31927246481,12604.048706402495,886.270566062316,500.0,True,470.49810957253646,208.6196962767425,12539.943252503235,248.78557817764369
2025-04-17,C2,6,2025-04-17 06:00:00,29030.250078640536,25190.396346039808,3839.853732600728,0.0,True,3947.9676502089824,15.73666949972585,24484.163229394577,493.99992486216513
2025-04-17,C2,12,2025-04-17 12:00:00,22710.083568542716,22199.623472171457,510.46009637125826,0.0,True,725.0857490298183,0.0,21910.435263943808,493.99992486216513
2025-04-17,C2,18,2025-04-17 18:00:00,14003.38761475605,12707.609520706352,1295.7780940496978,0.0,True,483.69988341168914,0.0,12505.142549988586,199.79250337875033
2025-04-17,C3,6,2025-04-17 06:00:00,29030.250078640536,25190.396346039808,3839.853732600728,500.0,True,3947.9676502089824,15.73666949972585,24484.163229394577,493.99992486216513
2025-04-17,C3,12,2025-04-17 12:00:00,22710.083568542716,22199.623472171457,510.46009637125826,500.0,True,725.0857490298183,0.0,21910.435263943808,493.99992486216513
2025-04-17,C3,18,2025-04-17 18:00:00,14003.38761475605,12707.609520706352,1295.7780940496978,500.0,True,483.69988341168914,0.0,12505.142549988586,199.79250337875033
2025-04-18,C2,6,2025-04-18 06:00:00,6419.4245840198155,6280.842309744261,138.58227427555448,0.0,True,110.69365144564259,118.84282028740182,5930.574937169405,86.16555493811302
2025-04-18,C2,12,2025-04-18 12:00:00,5873.624846180126,5852.624220578406,21.000625601720458,0.0,True,0.0,67.57085062490847,5810.255553152965,26.731517989089525
2025-04-18,C2,18,2025-04-18 18:00:00,6204.562720674782,5544.315975859432,660.2467448153502,0.0,True,267.26792706511674,89.64992216782758,5261.816494766732,262.71810534728286
2025-04-18,C3,6,2025-04-18 06:00:00,6419.4245840198155,6280.842309744261,138.58227427555448,500.0,False,110.69365144564259,118.84282028740182,5930.574937169405,86.16555493811302
2025-04-18,C3,12,2025-04-18 12:00:00,5861.875164903271,5852.624220578406,9.250944324865486,500.0,False,0.0,67.57085062490847,5810.255553152965,28.052179208666985
2025-04-18,C3,18,2025-04-18 18:00:00,6187.299001487523,5544.315975859432,642.9830256280911,500.0,True,267.26792706511674,89.64992216782758,5261.816494766732,262.71810534728286
2025-04-19,C2,6,2025-04-19 06:00:00,5197.758740061136,5170.6590919530845,27.09964810805195,0.0,True,63.25048538780135,110.26236994462107,5088.462965744708,59.885846173956736
2025-04-19,C2,12,2025-04-19 12:00:00,7281.666944280317,6128.085105409703,1153.5818388706139,0.0,True,667.4352376867516,41.10703122809821,5913.497445255649,178.18173858106513
2025-04-19,C2,18,2025-04-19 18:00:00,6390.972954556571,5381.929984252076,1009.0429703044947,0.0,True,499.5096291047924,53.54134105199449,5210.762536657224,282.70652018096257
2025-04-19,C3,6,2025-04-19 06:00:00,5197.758740061136,5170.6590919530845,27.09964810805195,500.0,False,63.25048538780135,110.26236994462107,5088.462965744708,59.885846173956736
2025-04-19,C3,12,2025-04-19 12:00:00,7160.084414801603,6128.085105409703,1031.9993093919002,500.0,True,667.4352376867516,41.10703122809821,5913.497445255649,178.18173858106513
2025-04-19,C3,18,2025-04-19 18:00:00,6390.972954556571,5381.929984252076,1009.0429703044947,500.0,True,499.5096291047924,53.54134105199449,5210.762536657224,282.70652018096257
2025-04-20,C2,6,2025-04-20 06:00:00,26422.055188221268,24687.298161342216,1734.7570268790514,0.0,True,3862.4443680298878,78.30333076933209,22699.610782627075,583.2672916197477
2025-04-20,C2,12,2025-04-20 12:00:00,24339.159414341037,22580.792778808125,1758.3666355329115,0.0,True,3042.450022508162,4.315571099246881,22351.37373571851,588.8545156840826
2025-04-20,C2,18,2025-04-20 18:00:00,13355.338349319825,12303.629495939836,1051.7088533799888,0.0,True,412.93095970354665,0.0,12195.530760784506,110.72615960043282
2025-04-20,C3,6,2025-04-20 06:00:00,26422.055188221268,24687.298161342216,1734.7570268790514,500.0,True,3862.4443680298878,78.30333076933209,22699.610782627075,583.2672916197477
2025-04-20,C3,12,2025-04-20 12:00:00,24339.159414341037,22580.792778808125,1758.3666355329115,500.0,True,3042.450022508162,4.315571099246881,22351.37373571851,588.8545156840826
2025-04-20,C3,18,2025-04-20 18:00:00,13355.338349319825,12303.629495939836,1051.7088533799888,500.0,True,412.93095970354665,0.0,12195.530760784506,110.72615960043282
2025-04-21,C2,6,2025-04-21 06:00:00,22983.22597231955,21267.73625063417,1715.4897216853788,0.0,True,0.0,5746.938678364685,21253.092163654528,876.1644937806964
2025-04-21,C2,12,2025-04-21 12:00:00,25551.31505673594,22054.254990045523,3497.0600666904174,0.0,True,0.0,2236.3405045991126,22054.25499004551,826.0949868030877
2025-04-21,C2,18,2025-04-21 18:00:00,13762.374917884654,12571.317127259152,1191.057790625502,0.0,True,388.1632806799568,124.04129135859853,12485.034336781222,296.3202986120331
2025-04-21,C3,6,2025-04-21 06:00:00,22983.22597231955,21267.73625063417,1715.4897216853788,500.0,True,0.0,5746.938678364685,21253.092163654528,876.1644937806964
2025-04-21,C3,12,2025-04-21 12:00:00,25551.31505673594,22054.254990045523,3497.0600666904174,500.0,True,0.0,2236.3405045991126,22054.25499004551,826.0949868030877
2025-04-21,C3,18,2025-04-21 18:00:00,13762.374917884654,12571.317127259152,1191.057790625502,500.0,True,388.1632806799568,124.04129135859853,12485.034336781222,296.3202986120331
2025-04-22,C2,6,2025-04-22 06:00:00,28884.745018729343,25484.488840745063,3400.25617798428,0.0,True,4172.007870444371,4.573883784442273,22817.483309293868,593.8950703397865
2025-04-22,C2,12,2025-04-22 12:00:00,22843.36871315216,21787.454942357035,1055.9137707951231,0.0,True,2442.456298517181,0.0,21382.948619482602,379.9589220620868
2025-04-22,C2,18,2025-04-22 18:00:00,14152.111499016182,12861.925691352188,1290.1858076639946,0.0,True,731.822809078162,0.0,12716.213085996453,141.6231445428847
2025-04-22,C3,6,2025-04-22 06:00:00,28884.745018729343,25484.488840745063,3400.25617798428,500.0,True,4172.007870444371,4.573883784442273,22817.483309293868,593.8950703397865
2025-04-22,C3,12,2025-04-22 12:00:00,22843.36871315216,21787.454942357035,1055.9137707951231,500.0,True,2442.456298517181,0.0,21382.948619482602,379.9589220620868
2025-04-22,C3,18,2025-04-22 18:00:00,14152.111499016182,12861.925691352188,1290.1858076639946,500.0,True,731.822809078162,0.0,12716.213085996453,141.6231445428847
2025-04-23,C2,6,2025-04-23 06:00:00,26917.466685760286,23136.292637456707,3781.174048303579,0.0,True,3721.943715954037,0.0,22392.92588299765,480.9593829518109
2025-04-23,C2,12,2025-04-23 12:00:00,24649.742429077385,23048.91701914004,1600.8254099373444,0.0,True,3488.0948081961074,0.0,22231.439648057545,844.4084977417714
2025-04-23,C2,18,2025-04-23 18:00:00,14382.839425000144,12888.504124220472,1494.3353007796723,0.0,True,547.23164000581,0.0,12655.907032718887,141.04508687680436
2025-04-23,C3,6,2025-04-23 06:00:00,26917.466685760286,23136.292637456707,3781.174048303579,500.0,True,3721.943715954037,0.0,22392.92588299765,480.9593829518109
2025-04-23,C3,12,2025-04-23 12:00:00,24649.742429077385,23048.91701914004,1600.8254099373444,500.0,True,3488.0948081961074,0.0,22231.439648057545,844.4084977417714
2025-04-23,C3,18,2025-04-23 18:00:00,14382.839425000144,12888.504124220472,1494.3353007796723,500.0,True,547.23164000581,0.0,12655.907032718887,141.04508687680436
2025-04-24,C2,6,2025-04-24 06:00:00,20403.3100566031,20052.19479260693,351.11526399616923,0.0,True,556.518736367264,0.0,18970.548204008257,106.53772368933022
2025-04-24,C2,12,2025-04-24 12:00:00,28667.712251080615,23055.909803066403,5611.802448014212,0.0,True,4022.032907543664,0.0,22124.43074258769,778.9820322634993
2025-04-24,C2,18,2025-04-24 18:00:00,13292.054342814354,12410.356828779148,881.697514035206,0.0,True,433.00360028897376,1.3278800168044427,12133.303763993325,102.9790354782142
2025-04-24,C3,6,2025-04-24 06:00:00,20403.3100566031,20052.19479260693,351.11526399616923,500.0,False,556.518736367264,0.0,18970.548204008257,106.53772368933022
2025-04-24,C3,12,2025-04-24 12:00:00,28975.323190525156,22666.948037324204,6308.375153200952,500.0,True,3637.0401499757063,0.0,21741.398606752744,394.772246539865
2025-04-24,C3,18,2025-04-24 18:00:00,13287.388070845476,12410.356828779148,877.0312420663286,500.0,True,433.00360028897376,1.3278800168044427,12133.303763993325,102.9790354782142
2025-04-25,C2,6,2025-04-25 06:00:00,5892.2501056771835,5827.009040952052,65.24106472513176,0.0,True,248.68762591410083,72.18390562337643,5604.170904544956,65.01130464410471
2025-04-25,C2,12,2025-04-25 12:00:00,5561.266605402888,5215.291885928046,345.97471947484155,0.0,True,12.47270701885111,364.97031965874527,5147.116466623567,84.2136697177256
2025-04-25,C2,18,2025-04-25 18:00:00,7332.165080655941,5656.782613239027,1675.3824674169136,0.0,True,726.6067497170261,31.00942120386361,5555.0570375815805,458.7023260206006
2025-04-25,C3,6,2025-04-25 06:00:00,5892.2501056771835,5827.009040952052,65.24106472513176,500.0,False,248.68762591410083,72.18390562337643,5604.170904544956,65.01130464410471
2025-04-25,C3,12,2025-04-25 12:00:00,5339.646184503285,5215.291885928046,124.35429857523923,500.0,False,12.47270701885111,364.97031965874527,5147.116466623567,124.11833486726016
2025-04-25,C3,18,2025-04-25 18:00:00,7311.073751904616,5645.599613282489,1665.4741386221267,500.0,True,720.6170869032089,31.00942120386361,5543.8740376250435,458.7023260206006
2025-04-26,C2,6,2025-04-26 06:00:00,6131.1915051376345,5632.018303356185,499.1732017814493,0.0,True,226.87305094919117,400.7391708669394,5596.740794880151,111.03594190024637
2025-04-26,C2,12,2025-04-26 12:00:00,6056.874440802697,5581.664622261515,475.20981854118145,0.0,True,0.0,7.761643886187926,5444.650820067893,110.28457286629487
2025-04-26,C2,18,2025-04-26 18:00:00,6241.576199567465,5234.797526615427,1006.7786729520376,0.0,True,369.45399041005254,0.0,5070.752631765897,248.5187559164877
2025-04-26,C3,6,2025-04-26 06:00:00,6131.1915051376345,5632.018303356185,499.1732017814493,500.0,False,226.87305094919117,400.7391708669394,5596.740794880151,111.03594190024637
2025-04-26,C3,12,2025-04-26 12:00:00,5581.707601513204,5581.664622261515,0.04297925168884831,500.0,False,0.0,7.761643886187926,5444.650820067893,7.761643886187926
2025-04-26,C3,18,2025-04-26 18:00:00,6261.599957797459,5245.037978989164,1016.561978808295,500.0,True,375.0379657488048,0.0,5080.993084139635,248.5187559164877
2025-04-27,C2,6,2025-04-27 06:00:00,27763.74920937106,22798.4105366755,4965.338672695561,0.0,True,4642.540134667024,0.0,22352.97239623362,461.15324307505705
2025-04-27,C2,12,2025-04-27 12:00:00,25323.36858002487,22193.431251333972,3129.9373286908994,0.0,True,4031.192759426484,0.0,21804.924212922153,820.2393061966222
2025-04-27,C2,18,2025-04-27 18:00:00,13239.850305775053,12227.70751179347,1012.142793981584,0.0,True,528.3022629328261,0.0,12040.128957277802,124.99764260816744
2025-04-27,C3,6,2025-04-27 06:00:00,27763.74920937106,22798.4105366755,4965.338672695561,500.0,True,4642.540134667024,0.0,22352.97239623362,461.15324307505705
2025-04-27,C3,12,2025-04-27 12:00:00,25323.36858002487,22193.431251333972,3129.9373286908994,500.0,True,4031.192759426484,0.0,21804.924212922153,820.2393061966222
2025-04-27,C3,18,2025-04-27 18:00:00,13239.850305775053,12227.70751179347,1012.142793981584,500.0,True,528.3022629328261,0.0,12040.128957277802,124.99764260816744
2025-04-28,C2,6,2025-04-28 06:00:00,35286.91800541499,30283.976667310384,5002.941338104607,0.0,True,4541.452640367035,0.0,28889.372718264516,815.5610919864667
2025-04-28,C2,12,2025-04-28 12:00:00,24292.578504836783,23494.404103607052,798.1744012297313,0.0,True,258.47611240955445,1403.5917069665663,23467.22241575825,356.13824553771553
2025-04-28,C2,18,2025-04-28 18:00:00,13610.916263465619,12770.325555099706,840.5907083659131,0.0,True,507.01615460953207,0.0,12489.525932305032,129.4615099573901
2025-04-28,C3,6,2025-04-28 06:00:00,35286.91800541499,30283.976667310384,5002.941338104607,500.0,True,4541.452640367035,0.0,28889.372718264516,815.5610919864667
2025-04-28,C3,12,2025-04-28 12:00:00,24292.578504836783,23494.404103607052,798.1744012297313,500.0,True,258.47611240955445,1403.5917069665663,23467.22241575825,356.13824553771553
2025-04-28,C3,18,2025-04-28 18:00:00,13610.916263465619,12770.325555099706,840.5907083659131,500.0,True,507.01615460953207,0.0,12489.525932305032,129.4615099573901
2025-04-29,C2,6,2025-04-29 06:00:00,26278.366128750746,23597.006387825528,2681.359740925218,0.0,True,2001.0883595779628,154.42197269203075,22554.797158399233,352.4093671132746
2025-04-29,C2,12,2025-04-29 12:00:00,25408.23155129727,23581.769784079293,1826.4617672179775,0.0,True,2945.0055152856808,227.95641611461906,23011.63994232509,508.05691332331867
2025-04-29,C2,18,2025-04-29 18:00:00,13705.781321359225,12662.529456136303,1043.2518652229228,0.0,True,585.7713507718422,0.0,12527.54826171843,126.97658590414449
2025-04-29,C3,6,2025-04-29 06:00:00,26278.366128750746,23597.006387825528,2681.359740925218,500.0,True,2001.0883595779628,154.42197269203075,22554.797158399233,352.4093671132746
2025-04-29,C3,12,2025-04-29 12:00:00,25408.23155129727,23581.769784079293,1826.4617672179775,500.0,True,2945.0055152856808,227.95641611461906,23011.63994232509,508.05691332331867
2025-04-29,C3,18,2025-04-29 18:00:00,13705.781321359225,12662.529456136303,1043.2518652229228,500.0,True,585.7713507718422,0.0,12527.54826171843,126.97658590414449
2025-04-30,C2,6,2025-04-30 06:00:00,25411.239123326093,22378.479426959366,3032.7596963667274,0.0,True,2261.1357934210496,48.09513466303849,21212.943337017445,374.89259350175496
2025-04-30,C2,12,2025-04-30 12:00:00,21642.817572335953,20957.694159420236,685.1234129157165,0.0,True,2148.731955052683,0.0,20377.332640810855,495.6283517401621
2025-04-30,C2,18,2025-04-30 18:00:00,14232.057831111735,12832.61979848504,1399.4380326266946,0.0,True,555.7779899077773,0.0,12400.830695575054,169.87649684958927
2025-04-30,C3,6,2025-04-30 06:00:00,25411.239123326093,22378.479426959366,3032.7596963667274,500.0,True,2261.1357934210496,48.09513466303849,21212.943337017445,374.89259350175496
2025-04-30,C3,12,2025-04-30 12:00:00,21642.817572335953,20957.694159420236,685.1234129157165,500.0,True,2148.731955052683,0.0,20377.332640810855,495.6283517401621
2025-04-30,C3,18,2025-04-30 18:00:00,14232.057831111735,12832.61979848504,1399.4380326266946,500.0,True,555.7779899077773,0.0,12400.830695575054,169.87649684958927
2025-05-01,C2,6,2025-05-01 06:00:00,26682.881758212763,22648.55191438695,4034.3298438258134,0.0,True,1826.8898311167645,250.786098905462,22166.66665151352,416.4904607511323
2025-05-01,C2,12,2025-05-01 12:00:00,24814.055629016628,22009.789562770427,2804.2660662462004,0.0,True,2033.9352098845202,14.434881704433451,21624.571350347724,423.1341436072039
2025-05-01,C2,18,2025-05-01 18:00:00,14302.898870125016,12684.922520421187,1617.9763497038293,0.0,True,645.9486897755543,0.0,12572.72419519546,253.36840671680244
2025-05-01,C3,6,2025-05-01 06:00:00,26682.881758212763,22648.55191438695,4034.3298438258134,500.0,True,1826.8898311167645,250.786098905462,22166.66665151352,416.4904607511323
2025-05-01,C3,12,2025-05-01 12:00:00,24814.055629016628,22009.789562770427,2804.2660662462004,500.0,True,2033.9352098845202,14.434881704433451,21624.571350347724,423.1341436072039
2025-05-01,C3,18,2025-05-01 18:00:00,14302.898870125016,12684.922520421187,1617.9763497038293,500.0,True,645.9486897755543,0.0,12572.72419519546,253.36840671680244
2025-05-02,C2,6,2025-05-02 06:00:00,6997.618710921832,6895.3925821497605,102.2261287720712,0.0,True,110.93193589511583,0.0,6682.816004354394,53.90525183379629
2025-05-02,C2,12,2025-05-02 12:00:00,6645.5217796035195,6634.310018284654,11.211761318865683,0.0,True,51.18990269637203,56.146238985662876,6569.727671182537,42.33455314391625
2025-05-02,C2,18,2025-05-02 18:00:00,7433.253032247824,5903.379857311652,1529.8731749361723,0.0,True,478.1568923363146,0.0,5586.216357670134,432.7898207832404
2025-05-02,C3,6,2025-05-02 06:00:00,6997.618710921832,6895.3925821497605,102.2261287720712,500.0,False,110.93193589511583,0.0,6682.816004354394,53.90525183379629
2025-05-02,C3,12,2025-05-02 12:00:00,6645.492546034708,6634.310018284654,11.18252775005385,500.0,False,51.18990269637203,56.146238985662876,6569.727671182537,42.33455314391625
2025-05-02,C3,18,2025-05-02 18:00:00,7416.128342315182,5903.379857311652,1512.7484850035298,500.0,True,478.1568923363146,0.0,5586.216357670134,432.7898207832404
2025-05-03,C2,6,2025-05-03 06:00:00,7698.123523567122,7648.604564263386,49.518959303735755,0.0,True,0.0,107.46325319783676,5648.765238848163,40.17562669897143
2025-05-03,C2,12,2025-05-03 12:00:00,5699.237814962737,5673.93520844293,25.30260651980643,0.0,True,0.0,118.6936169131422,5663.640719610497,82.72043388238308
2025-05-03,C2,18,2025-05-03 18:00:00,9104.367191514693,6990.146979860739,2114.2202116539547,0.0,True,735.2960432847576,0.0,6069.34586137221,456.6134585042087
2025-05-03,C3,6,2025-05-03 06:00:00,7698.123523567122,7648.604564263386,49.518959303735755,500.0,False,0.0,107.46325319783676,5648.765238848163,40.17562669897143
2025-05-03,C3,12,2025-05-03 12:00:00,5698.284198151898,5673.93520844293,24.348989708967565,500.0,False,0.0,118.6936169131422,5663.640719610497,82.72043388238308
2025-05-03,C3,18,2025-05-03 18:00:00,9095.530327304574,6990.146979860739,2105.383347443835,500.0,True,735.2960432847576,0.0,6069.34586137221,456.6134585042087
2025-05-04,C2,6,2025-05-04 06:00:00,22882.19110049899,22781.833257095062,100.35784340392638,0.0,True,0.0,687.7752208484228,22054.267504115563,160.95909219108069
2025-05-04,C2,12,2025-05-04 12:00:00,21854.820431230182,21299.83704851744,554.9833827127441,0.0,True,0.0,1368.380432205505,21264.63830165862,316.5582154052036
2025-05-04,C2,18,2025-05-04 18:00:00,15840.316731684072,13561.794942838174,2278.5217888458974,0.0,True,0.0,0.0,12645.5245263425,316.5582154052036
2025-05-04,C3,6,2025-05-04 06:00:00,22882.19110049899,22781.833257095062,100.35784340392638,500.0,False,0.0,687.7752208484228,22054.267504115563,160.95909219108069
2025-05-04,C3,12,2025-05-04 12:00:00,22008.466797592915,21453.703770154592,554.7630274383228,500.0,True,0.0,1129.4754999220613,21418.50502329577,140.76047778294435
2025-05-04,C3,18,2025-05-04 18:00:00,16009.756614051003,13823.081454334324,2186.6751597166785,500.0,True,6.650734309060567,0.0,12649.70323272098,140.7306148346022
2025-05-05,C2,6,2025-05-05 06:00:00,26331.130846099837,26271.731600098705,59.39924600113227,0.0,True,412.64952945531036,0.0,24635.7863121015,221.02733198088583
2025-05-05,C2,12,2025-05-05 12:00:00,23465.53326630565,23386.208610239366,79.32465606628466,0.0,True,262.49425186484564,148.47934284050655,23180.49340687358,106.02130646983915
2025-05-05,C2,18,2025-05-05 18:00:00,16492.570032310872,15469.616967176693,1022.9530651341793,0.0,True,360.1982883329408,34.62797621013158,13850.302943064738,260.76360326919655
2025-05-05,C3,6,2025-05-05 06:00:00,26331.130846099837,26271.731600098705,59.39924600113227,500.0,False,412.64952945531036,0.0,24635.7863121015,221.02733198088583
2025-05-05,C3,12,2025-05-05 12:00:00,23678.06252133598,23463.622121353746,214.44039998223525,500.0,False,377.002810572601,148.47934284050655,23257.151161500486,182.57907554816757
2025-05-05,C3,18,2025-05-05 18:00:00,16411.095475362985,15469.616967176693,941.478508186292,500.0,True,360.1982883329408,34.62797621013158,13850.302943064738,260.76360326919655
2025-05-06,C2,6,2025-05-06 06:00:00,30909.723037400814,24827.035536316587,6082.687501084227,0.0,True,4319.657604100599,158.0379854320803,24063.9531347208,517.6852543903922
2025-05-06,C2,12,2025-05-06 12:00:00,23073.92425730344,22614.407955022976,459.5163022804627,0.0,True,2478.797250058945,676.4327100747523,21834.740771556513,423.67409089520413
2025-05-06,C2,18,2025-05-06 18:00:00,16958.773841736675,15314.975159357838,1643.798682378836,0.0,True,408.1169869903619,51.29570075187041,14047.910474775246,322.2195730015483
2025-05-06,C3,6,2025-05-06 06:00:00,30909.723037400814,24827.035536316587,6082.687501084227,500.0,True,4319.657604100599,158.0379854320803,24063.9531347208,517.6852543903922
2025-05-06,C3,12,2025-05-06 12:00:00,23073.92425730344,22614.407955022976,459.5163022804627,500.0,False,2478.797250058945,676.4327100747523,21834.740771556513,423.67409089520413
2025-05-06,C3,18,2025-05-06 18:00:00,16669.776451317903,15314.975159357838,1354.8012919600642,500.0,True,408.1169869903619,51.29570075187041,14047.910474775246,322.2195730015483
2025-05-07,C2,6,2025-05-07 06:00:00,30939.562530068062,26899.949074484637,4039.613455583425,0.0,True,3486.631307210092,0.0,24755.887649483262,370.44841113005066
2025-05-07,C2,12,2025-05-07 12:00:00,25209.885546068832,24560.75614797902,649.1293980898117,0.0,True,2376.64777345047,0.0,22699.46044673091,398.6824977023531
2025-05-07,C2,18,2025-05-07 18:00:00,16209.888831112165,14793.67192332569,1416.2169077864746,0.0,True,579.0948973421655,0.0,12760.094442233103,148.66243844576832
2025-05-07,C3,6,2025-05-07 06:00:00,30939.562530068062,26899.949074484637,4039.613455583425,500.0,True,3486.631307210092,0.0,24755.887649483262,370.44841113005066
2025-05-07,C3,12,2025-05-07 12:00:00,25209.885546068832,24560.75614797902,649.1293980898117,500.0,True,2376.64777345047,0.0,22699.46044673091,398.6824977023531
2025-05-07,C3,18,2025-05-07 18:00:00,16209.888831112165,14793.67192332569,1416.2169077864746,500.0,True,579.0948973421655,0.0,12760.094442233103,148.66243844576832
2025-05-08,C2,6,2025-05-08 06:00:00,27696.05504133987,27294.07720785958,401.9778334802904,0.0,True,0.0,2030.3007859580684,26789.37564831552,247.13884272201028
2025-05-08,C2,12,2025-05-08 12:00:00,31616.709941710207,26956.438519647927,4660.27142206228,0.0,True,1984.8197979272763,1298.617863697933,26657.279631904057,796.8316547906876
2025-05-08,C2,18,2025-05-08 18:00:00,20136.309353536537,18063.175219599492,2073.1341339370447,0.0,True,513.5568409247794,1.1368683772161603e-13,16609.284415618786,271.8009275903638
2025-05-08,C3,6,2025-05-08 06:00:00,27696.05504133987,27294.07720785958,401.9778334802904,500.0,False,0.0,2030.3007859580684,26789.37564831552,247.13884272201028
2025-05-08,C3,12,2025-05-08 12:00:00,31770.861560289446,27488.765943802577,4282.095616486869,500.0,True,2422.8352062155564,1260.9822200163235,27153.15463916137,719.6176311133834
2025-05-08,C3,18,2025-05-08 18:00:00,20130.376777057303,18063.175219599492,2067.201557457811,500.0,True,513.5568409247794,1.1368683772161603e-13,16609.284415618786,271.8009275903638
2025-05-09,C2,6,2025-05-09 06:00:00,11963.573109219646,10711.165934987508,1252.4071742321375,0.0,True,584.0037085980334,41.29639484853351,9628.178101048195,175.2773728269505
2025-05-09,C2,12,2025-05-09 12:00:00,10038.937421739778,10031.503589440003,7.433832299775531,0.0,True,0.0,221.33136541023975,8859.352174517735,55.15613645681418
2025-05-09,C2,18,2025-05-09 18:00:00,9525.52866093108,8623.059848652205,902.4688122788757,0.0,True,324.8935469918506,0.0,7738.578458433635,287.5976801552287
2025-05-09,C3,6,2025-05-09 06:00:00,11963.573109219646,10711.165934987508,1252.4071742321375,500.0,True,584.0037085980334,41.29639484853351,9628.178101048195,175.2773728269505
2025-05-09,C3,12,2025-05-09 12:00:00,10038.937421739778,10031.503589440003,7.433832299775531,500.0,False,0.0,221.33136541023975,8859.352174517735,55.15613645681418
2025-05-09,C3,18,2025-05-09 18:00:00,9517.422543310322,8623.059848652205,894.3626946581171,500.0,True,324.8935469918506,0.0,7738.578458433635,287.5976801552287
2025-05-10,C2,6,2025-05-10 06:00:00,11663.83099159686,9543.84099706532,2119.989994531541,0.0,True,1095.0927005134604,0.0,8929.271793220676,192.9635353395094
2025-05-10,C2,12,2025-05-10 12:00:00,11483.450027093157,11397.07198217613,86.37804491702627,0.0,True,767.0132642669549,4.298455997855967,8352.818591367766,192.9635353395094
2025-05-10,C2,18,2025-05-10 18:00:00,8887.54802651871,7497.474610473939,1390.0734160447719,0.0,True,536.0047066588829,0.0,7178.108621035876,484.4074107253456
2025-05-10,C3,6,2025-05-10 06:00:00,11663.83099159686,9543.84099706532,2119.989994531541,500.0,True,1095.0927005134604,0.0,8929.271793220676,192.9635353395094
2025-05-10,C3,12,2025-05-10 12:00:00,11483.450027093157,11397.07198217613,86.37804491702627,500.0,False,767.0132642669549,4.298455997855967,8352.818591367766,192.9635353395094
2025-05-10,C3,18,2025-05-10 18:00:00,8868.52032627966,7497.474610473939,1371.0457158057216,500.0,True,536.0047066588829,0.0,7178.108621035876,484.4074107253456
2025-05-11,C2,6,2025-05-11 06:00:00,32052.550852590284,28641.3265314502,3411.2243211400855,0.0,True,2847.7463607564023,0.0,26837.470324490623,414.6434165990205
2025-05-11,C2,12,2025-05-11 12:00:00,27911.445881187326,27449.747099300563,461.69878188676375,0.0,True,1779.8020473781003,620.7867487961362,25254.36316595383,322.5628196375392
2025-05-11,C2,18,2025-05-11 18:00:00,17017.388442438034,15546.282354096229,1471.106088341805,0.0,True,890.7163214383364,52.133306245202334,15326.06934351541,382.4073414056098
2025-05-11,C3,6,2025-05-11 06:00:00,32052.550852590284,28641.3265314502,3411.2243211400855,500.0,True,2847.7463607564023,0.0,26837.470324490623,414.6434165990205
2025-05-11,C3,12,2025-05-11 12:00:00,27911.445881187326,27449.747099300563,461.69878188676375,500.0,False,1779.8020473781003,620.7867487961362,25254.36316595383,322.5628196375392
2025-05-11,C3,18,2025-05-11 18:00:00,18045.592865029423,16654.068967418905,1391.5238976105175,500.0,True,1440.0092994091663,52.13330624520313,16433.85595683808,545.8206425542601
2025-05-12,C2,6,2025-05-12 06:00:00,43995.07270047834,32424.77465971728,11570.29804076106,0.0,True,8707.69820780879,0.0,30448.57285106799,711.466449976586
2025-05-12,C2,12,2025-05-12 12:00:00,28440.93753793188,27427.96698437267,1012.9705535592111,0.0,True,4260.349871573263,0.0,25985.613176115105,563.5553034220655
2025-05-12,C2,18,2025-05-12 18:00:00,18769.684766572223,17206.885668223225,1562.799098348998,0.0,True,513.9528991687513,0.0,15696.333316605875,124.21252732401445
2025-05-12,C3,6,2025-05-12 06:00:00,43995.07270047834,32424.77465971728,11570.29804076106,500.0,True,8707.69820780879,0.0,30448.57285106799,711.466449976586
2025-05-12,C3,12,2025-05-12 12:00:00,28440.93753793188,27427.96698437267,1012.9705535592111,500.0,True,4260.349871573263,0.0,25985.613176115105,563.5553034220655
2025-05-12,C3,18,2025-05-12 18:00:00,18769.684766572223,17206.885668223225,1562.799098348998,500.0,True,513.9528991687513,0.0,15696.333316605875,124.21252732401445
2025-05-13,C2,6,2025-05-13 06:00:00,27637.484982906226,26295.44333691691,1342.0416459893167,0.0,True,643.7357508159542,4198.9035018832055,26026.415466299135,798.722656615102
2025-05-13,C2,12,2025-05-13 12:00:00,28811.27521571225,27642.19671038015,1169.0785053320978,0.0,True,2008.1147104242305,356.31013183286166,25781.75788012051,735.5523202633526
2025-05-13,C2,18,2025-05-13 18:00:00,19850.057799925155,18352.78985411788,1497.2679458072744,0.0,True,687.4061971489627,0.0,16810.38038707188,303.5208605420693
2025-05-13,C3,6,2025-05-13 06:00:00,27637.484982906226,26295.44333691691,1342.0416459893167,500.0,True,643.7357508159542,4198.9035018832055,26026.415466299135,798.722656615102
2025-05-13,C3,12,2025-05-13 12:00:00,28811.27521571225,27642.19671038015,1169.0785053320978,500.0,True,2008.1147104242305,356.31013183286166,25781.75788012051,735.5523202633526
2025-05-13,C3,18,2025-05-13 18:00:00,19850.057799925155,18352.78985411788,1497.2679458072744,500.0,True,687.4061971489627,0.0,16810.38038707188,303.5208605420693
2025-05-14,C2,6,2025-05-14 06:00:00,32440.28372428415,30786.284412326233,1653.9993119579158,0.0,True,2040.678037121721,0.0,28392.576710345173,632.1924738529863
2025-05-14,C2,12,2025-05-14 12:00:00,27532.12663739424,26579.65036971707,952.4762676771716,0.0,True,12.629669494410109,2470.669360034332,25341.81018773294,320.7757318017666
2025-05-14,C2,18,2025-05-14 18:00:00,17106.723384980753,16104.22588588198,1002.4974990987721,0.0,True,617.9898836407003,0.0,15804.754824186937,151.9498177402278
2025-05-14,C3,6,2025-05-14 06:00:00,32440.28372428415,30786.284412326233,1653.9993119579158,500.0,True,2040.678037121721,0.0,28392.576710345173,632.1924738529863
2025-05-14,C3,12,2025-05-14 12:00:00,27532.12663739424,26579.65036971707,952.4762676771716,500.0,True,12.629669494410109,2470.669360034332,25341.81018773294,320.7757318017666
2025-05-14,C3,18,2025-05-14 18:00:00,17106.723384980753,16104.22588588198,1002.4974990987721,500.0,True,617.9898836407003,0.0,15804.754824186937,151.9498177402278
2025-05-15,C2,6,2025-05-15 06:00:00,40549.12540980153,32028.164748462295,8520.960661339232,0.0,True,6976.162191530417,0.0,31144.816023014453,801.6506126733757
2025-05-15,C2,12,2025-05-15 12:00:00,28683.753862681242,25680.947185658446,3002.806677022796,0.0,True,847.8782982637863,232.61343739403878,25629.055941414532,801.6506126733757
2025-05-15,C2,18,2025-05-15 18:00:00,16841.853899471702,16343.638171496445,498.2157279752573,0.0,True,233.11611704471602,179.06550299291632,16178.775408638932,152.49795562246345
2025-05-15,C3,6,2025-05-15 06:00:00,40549.12540980153,32028.164748462295,8520.960661339232,500.0,True,6976.162191530417,0.0,31144.816023014453,801.6506126733757
2025-05-15,C3,12,2025-05-15 12:00:00,28683.753862681242,25680.947185658446,3002.806677022796,500.0,True,847.8782982637863,232.61343739403878,25629.055941414532,801.6506126733757
2025-05-15,C3,18,2025-05-15 18:00:00,16841.853899471702,16343.638171496445,498.2157279752573,500.0,False,233.11611704471602,179.06550299291632,16178.775408638932,152.49795562246345
2025-05-16,C2,6,2025-05-16 06:00:00,10946.520990555076,9293.667542893092,1652.8534476619843,0.0,True,319.0713493508874,2276.893578758778,9135.474316739505,504.43679674269254
2025-05-16,C2,12,2025-05-16 12:00:00,9747.408277216155,9322.445942573293,424.9623346428616,0.0,True,0.0,1155.9016120702722,9260.123473182422,374.4846760184488
2025-05-16,C2,18,2025-05-16 18:00:00,10621.061951772457,8561.50784621528,2059.5541055571775,0.0,True,105.38022413654767,121.01066170972149,7598.720559392177,324.1965863284546
2025-05-16,C3,6,2025-05-16 06:00:00,10946.520990555076,9293.667542893092,1652.8534476619843,500.0,True,319.0713493508874,2276.893578758778,9135.474316739505,504.43679674269254
2025-05-16,C3,12,2025-05-16 12:00:00,9747.408277216155,9322.445942573293,424.9623346428616,500.0,False,0.0,1155.9016120702722,9260.123473182422,374.4846760184488
2025-05-16,C3,18,2025-05-16 18:00:00,10163.053148401394,7955.041997956929,2208.011150444465,500.0,True,0.0,121.01066170972149,7401.122134469482,504.43679674269254
2025-05-17,C2,6,2025-05-17 06:00:00,10347.541686892864,10213.788715233257,133.75297165960728,0.0,True,67.69019053303883,393.95755195924517,10007.35830677023,84.86624276946736
2025-05-17,C2,12,2025-05-17 12:00:00,10189.685800312087,10023.332696505022,166.35310380706505,0.0,True,0.0,211.07496600225403,9977.970830687624,84.86624276946736
2025-05-17,C2,18,2025-05-17 18:00:00,10851.791960785913,9395.019055201945,1456.7729055839682,0.0,True,427.9403897549101,332.3747074920685,8556.383509447833,358.02701438174074
2025-05-17,C3,6,2025-05-17 06:00:00,10347.541686892864,10213.788715233257,133.75297165960728,500.0,False,67.69019053303883,393.95755195924517,10007.35830677023,84.86624276946736
2025-05-17,C3,12,2025-05-17 12:00:00,10117.702783628785,10023.332696505022,94.37008712376337,500.0,False,0.0,211.07496600225403,9977.970830687624,75.3872622264322
2025-05-17,C3,18,2025-05-17 18:00:00,10851.791960785913,9395.019055201945,1456.7729055839682,500.0,True,427.9403897549101,332.3747074920685,8556.383509447833,358.02701438174074
2025-05-18,C2,6,2025-05-18 06:00:00,29293.299026791505,28715.903635346207,577.3953914452977,0.0,True,1130.8478764215981,756.0793800219141,27774.408378018095,170.3349224184642
2025-05-18,C2,12,2025-05-18 12:00:00,27845.60198841714,27508.497535242423,337.1044531747175,0.0,True,1270.3399974498734,717.9464511323062,25330.275378271544,517.0680433923081
2025-05-18,C2,18,2025-05-18 18:00:00,16692.599362550474,15603.755989124873,1088.8433734256014,0.0,True,695.9840934718387,59.506512719707416,15332.480178402904,261.76416053546313
2025-05-18,C3,6,2025-05-18 06:00:00,29293.299026791505,28715.903635346207,577.3953914452977,500.0,True,1130.8478764215981,756.0793800219141,27774.408378018095,170.3349224184642
2025-05-18,C3,12,2025-05-18 12:00:00,27845.60198841714,27508.497535242423,337.1044531747175,500.0,False,1270.3399974498734,717.9464511323062,25330.275378271544,517.0680433923081
2025-05-18,C3,18,2025-05-18 18:00:00,17807.46046507331,16793.280547686787,1014.179917386522,500.0,True,1285.8289364977861,54.407921523503205,16520.869629556397,537.8946031409401
2025-05-19,C2,6,2025-05-19 06:00:00,25524.266210103444,25459.971184630533,64.29502547291122,0.0,True,202.8561355441941,423.6463384064011,23617.39443265044,171.90431066056806
2025-05-19,C2,12,2025-05-19 12:00:00,26598.447273398204,26018.51727368862,579.9299997095841,0.0,True,2146.597243505019,609.4299538709521,25317.20208010548,730.1779951423358
2025-05-19,C2,18,2025-05-19 18:00:00,19519.09603681063,18064.21790462995,1454.8781321806819,0.0,True,865.7172807109717,0.0,16210.311594739058,317.68524837314067
2025-05-19,C3,6,2025-05-19 06:00:00,25524.266210103444,25459.971184630533,64.29502547291122,500.0,False,202.8561355441941,423.6463384064011,23617.39443265044,171.90431066056806
2025-05-19,C3,12,2025-05-19 12:00:00,26400.568695266415,25778.446176038047,622.1225192283673,500.0,True,1904.101185272115,609.4299538709521,25077.130982454903,487.6819369094314
2025-05-19,C3,18,2025-05-19 18:00:00,19519.09603681063,18064.21790462995,1454.8781321806819,500.0,True,865.7172807109717,0.0,16210.311594739058,317.68524837314067
2025-05-20,C2,6,2025-05-20 06:00:00,39271.06992767502,29759.276153264742,9511.793774410275,0.0,True,7392.6906479272575,0.0,28613.69932729307,679.4181256108899
2025-05-20,C2,12,2025-05-20 12:00:00,27391.666656299712,27083.86749460175,307.7991616979634,0.0,True,4096.932196717133,0.0,25717.766425277045,565.4742545609919
2025-05-20,C2,18,2025-05-20 18:00:00,18823.503631900636,16926.693768254805,1896.8098636458308,0.0,True,661.1865554852654,0.0,15852.230081259002,279.3343657285736
2025-05-20,C3,6,2025-05-20 06:00:00,39271.06992767502,29759.276153264742,9511.793774410275,500.0,True,7392.6906479272575,0.0,28613.69932729307,679.4181256108899
2025-05-20,C3,12,2025-05-20 12:00:00,27391.666656299712,27083.86749460175,307.7991616979634,500.0,False,4096.932196717133,0.0,25717.766425277045,565.4742545609919
2025-05-20,C3,18,2025-05-20 18:00:00,19009.40609038265,17220.622481702394,1788.7836086802563,500.0,True,806.9303082794105,0.0,16146.158794706593,425.0781185227187
2025-05-21,C2,6,2025-05-21 06:00:00,37812.93467999365,29654.056250738795,8158.878429254852,0.0,True,5566.430068856985,398.086872209029,28549.979350179023,845.8854513917295
2025-05-21,C2,12,2025-05-21 12:00:00,27065.287407096755,26167.03139345284,898.256013643917,0.0,True,1699.3529296114557,197.23285899187726,24642.994292314095,655.2028356899984
2025-05-21,C2,18,2025-05-21 18:00:00,18263.157463121577,17515.246504665054,747.9109584565231,0.0,True,376.6339671375542,54.76104419429066,16018.108588746538,192.70056667461455
2025-05-21,C3,6,2025-05-21 06:00:00,37812.93467999365,29654.056250738795,8158.878429254852,500.0,True,5566.430068856985,398.086872209029,28549.979350179023,845.8854513917295
2025-05-21,C3,12,2025-05-21 12:00:00,27065.287407096755,26167.03139345284,898.256013643917,500.0,True,1699.3529296114557,197.23285899187726,24642.994292314095,655.2028356899984
2025-05-21,C3,18,2025-05-21 18:00:00,18263.157463121577,17515.246504665054,747.9109584565231,500.0,True,376.6339671375542,54.76104419429066,16018.108588746538,192.70056667461455
2025-05-22,C2,6,2025-05-22 06:00:00,25059.829882262795,24953.4005967122,106.42928555059552,0.0,True,1117.7633834259827,10.666771963537144,24110.10802450276,383.8146194914417
2025-05-22,C2,12,2025-05-22 12:00:00,25608.262263530058,25188.46251465457,419.79974887548815,0.0,True,1591.7219640266148,0.0,24431.914741997643,414.8517661530342
2025-05-22,C2,18,2025-05-22 18:00:00,19104.812210906483,17595.10200220876,1509.710208697721,0.0,True,479.3382376635359,57.563536033410855,15669.636921403015,249.52861863340468
2025-05-22,C3,6,2025-05-22 06:00:00,25059.829882262795,24953.4005967122,106.42928555059552,500.0,False,1117.7633834259827,10.666771963537144,24110.10802450276,383.8146194914417
2025-05-22,C3,12,2025-05-22 12:00:00,25380.36736895517,24751.334541148608,629.0328278065608,500.0,True,1109.1776021977357,23.761079013461767,24026.635845237157,411.2003869605677
2025-05-22,C3,18,2025-05-22 18:00:00,19199.225670312524,17595.10200220876,1604.1236681037626,500.0,True,479.3382376635359,57.563536033410855,15669.636921403015,249.52861863340468
2025-05-23,C2,6,2025-05-23 06:00:00,8503.35228679953,8444.896116397189,58.45617040234174,0.0,True,228.1265529686602,0.0,7080.241940480859,57.62544925410731
2025-05-23,C2,12,2025-05-23 12:00:00,12624.207285620058,10021.51745889495,2602.689826725107,0.0,True,1659.7714630646865,0.0,8861.136117570093,190.35878667001998
2025-05-23,C2,18,2025-05-23 18:00:00,11540.749570343087,9473.219697661596,2067.529872681491,0.0,True,955.7079083829105,0.0,7499.2129247428265,506.647737140142
2025-05-23,C3,6,2025-05-23 06:00:00,8503.35228679953,8444.896116397189,58.45617040234174,500.0,False,228.1265529686602,0.0,7080.241940480859,57.62544925410731
2025-05-23,C3,12,2025-05-23 12:00:00,13175.510906121086,10021.517458894956,3153.9934472261302,500.0,True,1659.7714630646965,0.0,8861.136117570102,229.4545093207106
2025-05-23,C3,18,2025-05-23 18:00:00,11540.74957034309,9473.219697661607,2067.5298726814835,500.0,True,955.7079083829153,0.0,7499.212924742836,506.647737140142
2025-05-24,C2,6,2025-05-24 06:00:00,8221.524885600411,7864.0941326212715,357.43075297913947,0.0,True,227.1922675917446,490.083148454366,7796.511472196656,151.7620163875136
2025-05-24,C2,12,2025-05-24 12:00:00,9557.597174390929,9146.57536658377,411.02180780715935,0.0,True,0.0,18.678093461130175,7749.821854100034,141.3131405141391
2025-05-24,C2,18,2025-05-24 18:00:00,9015.778253583749,7300.443887087197,1715.3343664965514,0.0,True,607.1481609772245,0.0,7172.419443677598,418.21665635875576
2025-05-24,C3,6,2025-05-24 06:00:00,8221.524885600411,7864.0941326212715,357.43075297913947,500.0,False,227.1922675917446,490.083148454366,7796.511472196656,151.7620163875136
2025-05-24,C3,12,2025-05-24 12:00:00,9153.946305254201,9146.57536658377,7.370938670432224,500.0,False,0.0,18.678093461130175,7749.821854100034,18.678093461130175
2025-05-24,C3,18,2025-05-24 18:00:00,9015.778253583749,7300.443887087197,1715.3343664965514,500.0,True,607.1481609772245,0.0,7172.419443677598,418.21665635875576
2025-05-25,C2,6,2025-05-25 06:00:00,25673.98409444377,25269.213587012266,404.7705074315054,0.0,True,699.1648416252915,498.2464976395155,23987.41119090564,226.26495639367613
2025-05-25,C2,12,2025-05-25 12:00:00,23128.932686697754,22812.3034873088,316.62919938895357,0.0,True,0.0,1609.6424141187408,22484.054792413044,318.3076202442026
2025-05-25,C2,18,2025-05-25 18:00:00,20730.525494068497,17081.287075973163,3649.238418095334,0.0,True,70.82639802942867,0.0,15300.50387443638,318.3076202442026
2025-05-25,C3,6,2025-05-25 06:00:00,25673.98409444377,25269.213587012266,404.7705074315054,500.0,False,699.1648416252915,498.2464976395155,23987.41119090564,226.26495639367613
2025-05-25,C3,12,2025-05-25 12:00:00,23159.866511539807,22785.84809676304,374.0184147767686,500.0,False,0.0,1609.6424141187408,22484.054792413044,318.3076202442026
2025-05-25,C3,18,2025-05-25 18:00:00,20790.065882151473,18418.847834019085,2371.2180481323885,500.0,True,706.0345021633952,0.0,16519.555063288513,287.86693985701817
2025-05-26,C2,6,2025-05-26 06:00:00,37248.935484032634,30351.795786950366,6897.139697082268,0.0,True,5478.879649658744,0.0,29054.875162527762,926.9315416065068
2025-05-26,C2,12,2025-05-26 12:00:00,33421.99660457237,28466.097789230746,4955.898815341625,0.0,True,3765.2209997285063,0.0,27346.73768287054,931.5669955382723
2025-05-26,C2,18,2025-05-26 18:00:00,17549.854312913136,17004.474871158072,545.3794417550635,0.0,True,422.19664625484336,0.0,16009.024062899498,202.9504393086305
2025-05-26,C3,6,2025-05-26 06:00:00,37248.935484032634,30351.795786950366,6897.139697082268,500.0,True,5478.879649658744,0.0,29054.875162527762,926.9315416065068
2025-05-26,C3,12,2025-05-26 12:00:00,33421.99660457237,28466.097789230746,4955.898815341625,500.0,True,3765.2209997285063,0.0,27346.73768287054,931.5669955382723
2025-05-26,C3,18,2025-05-26 18:00:00,17549.854312913136,17004.474871158072,545.3794417550635,500.0,True,422.19664625484336,0.0,16009.024062899498,202.9504393086305
2025-05-27,C2,6,2025-05-27 06:00:00,36800.66794304995,28116.70872868448,8683.95921436547,0.0,True,7258.039128529583,20.231680335957776,27943.80635279328,672.2540129927763
2025-05-27,C2,12,2025-05-27 12:00:00,25191.467625634195,23366.284001644013,1825.1836239901822,0.0,True,1667.8383798683935,11.306484096518943,22994.659451010022,565.1345512707401
2025-05-27,C2,18,2025-05-27 18:00:00,18670.302287655137,17477.08236350536,1193.2199241497765,0.0,True,546.036431514112,0.0,15230.157490495374,181.76714451681346
2025-05-27,C3,6,2025-05-27 06:00:00,36800.66794304995,28116.70872868448,8683.95921436547,500.0,True,7258.039128529583,20.231680335957776,27943.80635279328,672.2540129927763
2025-05-27,C3,12,2025-05-27 12:00:00,25191.467625634195,23366.284001644013,1825.1836239901822,500.0,True,1667.8383798683935,11.306484096518943,22994.659451010022,565.1345512707401
2025-05-27,C3,18,2025-05-27 18:00:00,18670.302287655137,17477.08236350536,1193.2199241497765,500.0,True,546.036431514112,0.0,15230.157490495374,181.76714451681346
2025-05-28,C2,6,2025-05-28 06:00:00,27624.76376580865,26468.372731175506,1156.3910346331431,0.0,True,2965.3210779803258,239.06297112761888,25831.470974215124,629.1517053059916
2025-05-28,C2,12,2025-05-28 12:00:00,25029.019112814785,24542.429130076376,486.58998273840916,0.0,True,801.2068008653089,882.2148685237595,23428.38733116124,268.4184548097104
2025-05-28,C2,18,2025-05-28 18:00:00,17258.42127412129,15601.15490149595,1657.2663726253413,0.0,True,663.6742545641423,0.0,15510.537680217518,134.01181763908255
2025-05-28,C3,6,2025-05-28 06:00:00,27624.76376580865,26468.372731175506,1156.3910346331431,500.0,True,2965.3210779803258,239.06297112761888,25831.470974215124,629.1517053059916
2025-05-28,C3,12,2025-05-28 12:00:00,25029.019112814785,24542.429130076376,486.58998273840916,500.0,False,801.2068008653089,882.2148685237595,23428.38733116124,268.4184548097104
2025-05-28,C3,18,2025-05-28 18:00:00,16864.97482356196,15469.22213182287,1395.7526917390896,500.0,True,598.2557497057924,0.0,15378.604910544442,134.01181763908255
2025-05-29,C2,6,2025-05-29 06:00:00,36209.02090577036,30057.135847436934,6151.885058333428,0.0,True,5532.288990761297,17.773245333517707,28516.80066408187,739.8226619293624
2025-05-29,C2,12,2025-05-29 12:00:00,25045.29608380861,23116.385965247464,1928.910118561147,0.0,True,281.4312487119954,458.1324684524658,22177.08930066449,469.9923495808055
2025-05-29,C2,18,2025-05-29 18:00:00,17765.77184777594,16546.296665280282,1219.4751824956584,0.0,True,590.4898725079361,0.0,15048.654608783663,222.52464999373922
2025-05-29,C3,6,2025-05-29 06:00:00,36209.02090577036,30057.135847436934,6151.885058333428,500.0,True,5532.288990761297,17.773245333517707,28516.80066408187,739.8226619293624
2025-05-29,C3,12,2025-05-29 12:00:00,25045.29608380861,23116.385965247464,1928.910118561147,500.0,True,281.4312487119954,458.1324684524658,22177.08930066449,469.9923495808055
2025-05-29,C3,18,2025-05-29 18:00:00,17765.77184777594,16546.296665280282,1219.4751824956584,500.0,True,590.4898725079361,0.0,15048.654608783663,222.52464999373922
2025-05-30,C2,6,2025-05-30 06:00:00,10388.595303041311,9725.358812602453,663.2364904388578,0.0,True,794.250115736676,0.0,8459.948999187076,131.6671160378752
2025-05-30,C2,12,2025-05-30 12:00:00,10730.515702006503,10674.896474439392,55.61922756711101,0.0,True,486.08897798078357,41.00348991676913,7933.784319234188,99.98895215745841
2025-05-30,C2,18,2025-05-30 18:00:00,8854.707829181543,7955.934686837237,898.7731423443065,0.0,True,459.8122144022925,0.0,6593.520298958526,301.5840800038575
2025-05-30,C3,6,2025-05-30 06:00:00,10388.595303041311,9725.358812602453,663.2364904388578,500.0,True,794.250115736676,0.0,8459.948999187076,131.6671160378752
2025-05-30,C3,12,2025-05-30 12:00:00,10730.515702006503,10674.896474439392,55.61922756711101,500.0,False,486.08897798078357,41.00348991676913,7933.784319234188,99.98895215745841
2025-05-30,C3,18,2025-05-30 18:00:00,8792.519426501764,7936.643035943618,855.8763905581454,500.0,True,449.52004043002466,0.0,6574.304295543604,291.29190603158963
2025-05-31,C2,6,2025-05-31 06:00:00,10278.589485993662,10153.55529177268,125.03419422098159,0.0,True,0.0,289.0770173514299,10052.602639320696,126.9131695313028
2025-05-31,C2,12,2025-05-31 12:00:00,10052.602639320692,9852.921898466442,199.68074085424996,0.0,True,0.0,814.3179168050035,9793.639956640865,93.06523044506775
2025-05-31,C2,18,2025-05-31 18:00:00,10846.297704938946,9468.076671615081,1378.2210333238654,0.0,True,474.78254046710936,0.0,8534.937148224131,451.9337100818193
2025-05-31,C3,6,2025-05-31 06:00:00,10278.589485993662,10153.55529177268,125.03419422098159,500.0,False,0.0,289.0770173514299,10052.602639320696,126.9131695313028
2025-05-31,C3,12,2025-05-31 12:00:00,10177.636833541674,9852.921898466442,324.71493507523155,500.0,False,0.0,814.3179168050035,9793.639956640865,167.57671431399075
2025-05-31,C3,18,2025-05-31 18:00:00,10795.699413248618,9453.16012200523,1342.5392912433872,500.0,True,466.85821635004794,0.0,8520.052890235056,444.0093859647579
2025-06-01,C2,6,2025-06-01 06:00:00,42782.87133144938,35876.69325157405,6906.178079875332,0.0,True,2432.098921425858,3504.6853048335015,34634.51683115182,795.9212541963245
2025-06-01,C2,12,2025-06-01 12:00:00,28978.965666804073,28673.424804988605,305.5408618154688,0.0,True,0.0,2843.503214053374,28236.709029164544,584.7712949154334
2025-06-01,C2,18,2025-06-01 18:00:00,18821.504522349074,17565.84426386979,1255.6602584792854,0.0,True,550.6064750379177,0.0,16126.91661753952,497.84881429598397
2025-06-01,C3,6,2025-06-01 06:00:00,42782.87133144938,35876.69325157405,6906.178079875332,500.0,True,2432.098921425858,3504.6853048335015,34634.51683115182,795.9212541963245
2025-06-01,C3,12,2025-06-01 12:00:00,28978.965666804073,28673.424804988605,305.5408618154688,500.0,False,0.0,2843.503214053374,28236.709029164544,584.7712949154334
2025-06-01,C3,18,2025-06-01 18:00:00,18822.015946719082,17565.84426386979,1256.1716828492936,500.0,True,550.6064750379177,0.0,16126.91661753952,497.84881429598397
2025-06-02,C2,6,2025-06-02 06:00:00,35221.98920907401,32028.07269099534,3193.9165180786695,0.0,True,0.0,8371.19662470804,32022.194357421013,921.9464683144912
2025-06-02,C2,12,2025-06-02 12:00:00,33102.48965925044,29478.334924625626,3624.1547346248117,0.0,True,0.0,3159.6681893627374,29053.285279693184,561.7897927100759
2025-06-02,C2,18,2025-06-02 18:00:00,19906.27532926284,18552.780759660993,1353.4945696018476,0.0,True,38.252575881925736,0.0,15900.489400220873,272.41895824139755
2025-06-02,C3,6,2025-06-02 06:00:00,35221.98920907401,32028.07269099534,3193.9165180786695,500.0,True,0.0,8371.19662470804,32022.194357421013,921.9464683144912
2025-06-02,C3,12,2025-06-02 12:00:00,33102.48965925044,29478.334924625626,3624.1547346248117,500.0,True,0.0,3159.6681893627374,29053.285279693184,561.7897927100759
2025-06-02,C3,18,2025-06-02 18:00:00,19906.27532926284,18552.780759660993,1353.4945696018476,500.0,True,38.252575881925736,0.0,15900.489400220873,272.41895824139755
2025-06-03,C2,6,2025-06-03 06:00:00,38929.55646452915,37267.36397812044,1662.1924864087123,0.0,True,2965.5702160128576,162.41211888917746,34404.43204766994,743.1434430652737
2025-06-03,C2,12,2025-06-03 12:00:00,29014.197088959678,28459.637722816162,554.559366143516,0.0,True,634.8764385858047,576.2581512663953,26274.901788192838,743.1434430652737
2025-06-03,C2,18,2025-06-03 18:00:00,18304.505640621974,17282.194121648517,1022.3115189734563,0.0,True,482.9039230282498,236.65270059287525,17213.427966284362,240.617816133907
2025-06-03,C3,6,2025-06-03 06:00:00,38929.55646452915,37267.36397812044,1662.1924864087123,500.0,True,2965.5702160128576,162.41211888917746,34404.43204766994,743.1434430652737
2025-06-03,C3,12,2025-06-03 12:00:00,29014.197088959678,28459.637722816162,554.559366143516,500.0,True,634.8764385858047,576.2581512663953,26274.901788192838,743.1434430652737
2025-06-03,C3,18,2025-06-03 18:00:00,18304.505640621974,17282.194121648517,1022.3115189734563,500.0,True,482.9039230282498,236.65270059287525,17213.427966284362,240.617816133907
2025-06-04,C2,6,2025-06-04 06:00:00,38484.85057299262,33414.357724893234,5070.492848099384,0.0,True,0.0,14538.844503686283,32999.361846812535,1072.9182548586896
2025-06-04,C2,12,2025-06-04 12:00:00,46440.733693644564,30738.95498137392,15701.778712270643,0.0,True,0.0,3727.392693315868,30364.653049645753,962.6368542387173
2025-06-04,C2,18,2025-06-04 18:00:00,17057.507962020547,16130.519007200986,926.9889548195606,0.0,True,366.2248379739513,304.24729676886636,15906.483410884895,230.07906905379974
2025-06-04,C3,6,2025-06-04 06:00:00,38484.85057299262,33414.357724893234,5070.492848099384,500.0,True,0.0,14538.844503686283,32999.361846812535,1072.9182548586896
2025-06-04,C3,12,2025-06-04 12:00:00,46440.733693644564,30738.95498137392,15701.778712270643,500.0,True,0.0,3727.392693315868,30364.653049645753,962.6368542387173
2025-06-04,C3,18,2025-06-04 18:00:00,17057.507962020547,16130.519007200986,926.9889548195606,500.0,True,366.2248379739513,304.24729676886636,15906.483410884895,230.07906905379974
2025-06-05,C2,6,2025-06-05 06:00:00,36149.92679452397,33113.076248699486,3036.8505458244836,0.0,True,3125.110108959173,670.0550346161117,32339.8500964145,451.0683092272642
2025-06-05,C2,12,2025-06-05 12:00:00,32681.752848677952,31455.38225360673,1226.370595071221,0.0,True,2937.5504361405256,597.0580780748135,29012.332578222413,598.8802680882509
2025-06-05,C2,18,2025-06-05 18:00:00,18316.699458018986,16726.937906008425,1589.761552010561,0.0,True,464.8314331505038,51.38817106339195,16609.126211378367,268.2408811499514
2025-06-05,C3,6,2025-06-05 06:00:00,36149.92679452397,33113.076248699486,3036.8505458244836,500.0,True,3125.110108959173,670.0550346161117,32339.8500964145,451.0683092272642
2025-06-05,C3,12,2025-06-05 12:00:00,32681.752848677952,31455.38225360673,1226.370595071221,500.0,True,2937.5504361405256,597.0580780748135,29012.332578222413,598.8802680882509
2025-06-05,C3,18,2025-06-05 18:00:00,18316.699458018986,16726.937906008425,1589.761552010561,500.0,True,464.8314331505038,51.38817106339195,16609.126211378367,268.2408811499514
2025-06-06,C2,6,2025-06-06 06:00:00,12773.50314226912,12542.74083824916,230.76230401996145,0.0,True,212.6559588843757,27.36630599961927,12027.2286415602,86.82134057368671
2025-06-06,C2,12,2025-06-06 12:00:00,17266.21653070079,15937.12839058017,1329.0881401206188,0.0,True,2548.2351645956983,0.0,13707.148748432133,521.2242881921109
2025-06-06,C2,18,2025-06-06 18:00:00,9340.57458936541,8646.99218514887,693.5824042165386,0.0,True,341.08641309235094,673.4078626675395,8425.522973284023,338.412651449845
2025-06-06,C3,6,2025-06-06 06:00:00,12773.50314226912,12542.74083824916,230.76230401996145,500.0,False,212.6559588843757,27.36630599961927,12027.2286415602,86.82134057368671
2025-06-06,C3,12,2025-06-06 12:00:00,17257.474603992792,15937.128390580165,1320.3462134126275,500.0,True,2548.235164595694,0.0,13707.14874843213,521.2242881921068
2025-06-06,C3,18,2025-06-06 18:00:00,9340.57458936541,8646.99218514887,693.5824042165386,500.0,True,341.08641309235094,673.4078626675395,8425.522973284023,338.412651449845
2025-06-07,C2,6,2025-06-07 06:00:00,12422.588085826614,12011.857702158128,410.73038366848596,0.0,True,1727.6506556520058,584.1430213169426,11562.904183514238,424.6653812683584
2025-06-07,C2,12,2025-06-07 12:00:00,16274.322649758586,12690.271240618453,3584.051409140133,0.0,True,2522.059666057179,0.0,11877.771652846128,611.2357111665797
2025-06-07,C2,18,2025-06-07 18:00:00,13468.121461567196,11375.145246880831,2092.976214686365,0.0,True,2265.0055862698127,0.0,11045.682843781766,550.1649822634557
2025-06-07,C3,6,2025-06-07 06:00:00,12422.588085826614,12011.857702158128,410.73038366848596,500.0,False,1727.6506556520058,584.1430213169426,11562.904183514238,424.6653812683584
2025-06-07,C3,12,2025-06-07 12:00:00,15815.331451552276,12690.271240618455,3125.0602109338215,500.0,True,2522.059666057182,0.0,11877.771652846131,611.2357111665797
2025-06-07,C3,18,2025-06-07 18:00:00,13468.121461567196,11375.145246880831,2092.976214686365,500.0,True,2265.0055862698127,0.0,11045.682843781766,550.1649822634557
2025-06-08,C2,6,2025-06-08 06:00:00,44355.26254817752,40609.74585212239,3745.5166960551287,0.0,True,4400.9123209211575,2189.1537009125536,38964.02515892453,997.2816464073394
2025-06-08,C2,12,2025-06-08 12:00:00,40711.54666407064,39525.844877962656,1185.7017861079876,0.0,True,7130.002895090268,461.108021986655,38146.90974707986,796.470227893994
2025-06-08,C2,18,2025-06-08 18:00:00,24073.32247045864,22129.227611925973,1944.094858532666,0.0,True,1273.6539000241296,0.0,21849.194101256133,770.3836920415241
2025-06-08,C3,6,2025-06-08 06:00:00,44355.26254817752,40609.74585212239,3745.5166960551287,500.0,True,4400.9123209211575,2189.1537009125536,38964.02515892453,997.2816464073394
2025-06-08,C3,12,2025-06-08 12:00:00,40711.54666407064,39525.844877962656,1185.7017861079876,500.0,True,7130.002895090268,461.108021986655,38146.90974707986,796.470227893994
2025-06-08,C3,18,2025-06-08 18:00:00,24073.32247045864,22129.227611925973,1944.094858532666,500.0,True,1273.6539000241296,0.0,21849.194101256133,770.3836920415241
2025-06-09,C2,6,2025-06-09 06:00:00,44401.97824449938,42120.98894942294,2280.9892950764406,0.0,True,40.11883694813628,5994.555765816048,39993.60737628024,1008.1281597127444
2025-06-09,C2,12,2025-06-09 12:00:00,42179.40399351004,38646.29093043862,3533.113063071418,0.0,True,1420.8984914518,1779.3062214645443,37713.30833515717,959.3657695827529
2025-06-09,C2,18,2025-06-09 18:00:00,21847.904416891644,21066.900476192444,781.0039406992,0.0,True,857.0385584276755,0.0,19354.855723552875,317.5567240625785
2025-06-09,C3,6,2025-06-09 06:00:00,44401.97824449938,42120.98894942294,2280.9892950764406,500.0,True,40.11883694813628,5994.555765816048,39993.60737628024,1008.1281597127444
2025-06-09,C3,12,2025-06-09 12:00:00,42179.40399351004,38646.29093043862,3533.113063071418,500.0,True,1420.8984914518,1779.3062214645443,37713.30833515717,959.3657695827529
2025-06-09,C3,18,2025-06-09 18:00:00,21847.904416891644,21066.900476192444,781.0039406992,500.0,True,857.0385584276755,0.0,19354.855723552875,317.5567240625785
2025-06-10,C2,6,2025-06-10 06:00:00,42736.53813906561,41568.17343907209,1168.3646999935227,0.0,True,865.9159072704363,1185.6810938328695,40197.8564340474,446.2953771250325
2025-06-10,C2,12,2025-06-10 12:00:00,41761.00822017248,38521.6455580419,3239.362662130581,0.0,True,2589.4272200750092,395.5743881608747,38037.37504511793,887.6567333333334
2025-06-10,C2,18,2025-06-10 18:00:00,26517.028622333746,22870.791116729815,3646.237505603931,0.0,True,1536.059790677766,0.0,22448.08048049859,850.4641865337582
2025-06-10,C3,6,2025-06-10 06:00:00,42736.53813906561,41568.17343907209,1168.3646999935227,500.0,True,865.9159072704363,1185.6810938328695,40197.8564340474,446.2953771250325
2025-06-10,C3,12,2025-06-10 12:00:00,41761.00822017248,38521.6455580419,3239.362662130581,500.0,True,2589.4272200750092,395.5743881608747,38037.37504511793,887.6567333333334
2025-06-10,C3,18,2025-06-10 18:00:00,26517.028622333746,22870.791116729815,3646.237505603931,500.0,True,1536.059790677766,0.0,22448.08048049859,850.4641865337582
2025-06-11,C2,6,2025-06-11 06:00:00,51193.11049413949,45496.23435126035,5696.87614287914,0.0,True,2470.0929294530833,1137.2044194101968,44822.54528362092,557.873023876492
2025-06-11,C2,12,2025-06-11 12:00:00,51062.34375578884,44294.68416764572,6767.65958814312,0.0,True,3496.191411254579,7.958078640513122e-13,42893.211994465724,715.1522979037063
2025-06-11,C2,18,2025-06-11 18:00:00,21261.374518577522,20247.70107776759,1013.6734408099328,0.0,True,313.0362414090839,1382.0581694803668,20141.081368186286,248.935596561005
2025-06-11,C3,6,2025-06-11 06:00:00,51193.11049413949,45496.23435126035,5696.87614287914,500.0,True,2470.0929294530833,1137.2044194101968,44822.54528362092,557.873023876492
2025-06-11,C3,12,2025-06-11 12:00:00,51062.34375578884,44294.68416764572,6767.65958814312,500.0,True,3496.191411254579,7.958078640513122e-13,42893.211994465724,715.1522979037063
2025-06-11,C3,18,2025-06-11 18:00:00,21261.374518577522,20247.70107776759,1013.6734408099328,500.0,True,313.0362414090839,1382.0581694803668,20141.081368186286,248.935596561005
2025-06-12,C2,6,2025-06-12 06:00:00,44668.75503987795,44170.47914009593,498.27589978202013,0.0,True,2063.3080756074387,12.894984735290791,40911.480485432076,701.2345712314824
2025-06-12,C2,12,2025-06-12 12:00:00,39378.66038948298,39056.439469053774,322.2209204292085,0.0,True,1520.2890341470888,363.41541615411086,36558.75359857378,593.8183620029357
2025-06-12,C2,18,2025-06-12 18:00:00,24014.91133396428,22962.676120629578,1052.2352133347013,0.0,True,2007.3873349996084,0.0,22197.554623760636,539.1488440479643
2025-06-12,C3,6,2025-06-12 06:00:00,44668.75503987795,44170.47914009593,498.27589978202013,500.0,False,2063.3080756074387,12.894984735290791,40911.480485432076,701.2345712314824
2025-06-12,C3,12,2025-06-12 12:00:00,39136.205271162034,38911.66763046928,224.53764069275348,500.0,False,1389.966685922049,363.41541615411086,36417.67314050277,593.8183620029357
2025-06-12,C3,18,2025-06-12 18:00:00,24015.804505917098,22905.524016284733,1110.280489632365,500.0,True,1979.09281331792,0.0,22140.402519415795,539.1488440479643
2025-06-13,C2,6,2025-06-13 06:00:00,17691.714276874976,15813.357037796723,1878.3572390782538,0.0,True,502.6153547793824,1778.8915134757935,15589.686375764344,215.9200624068419
2025-06-13,C2,12,2025-06-13 12:00:00,24668.51878822487,20232.511832733533,4436.006955491335,0.0,True,2907.452442348077,0.0,18183.87648827038,680.8110081954765
2025-06-13,C2,18,2025-06-13 18:00:00,14280.502595515123,13728.032767877452,552.4698276376712,0.0,True,257.17417014084725,0.0,11548.619811563702,240.6558785572485
2025-06-13,C3,6,2025-06-13 06:00:00,17691.714276874976,15813.357037796723,1878.3572390782538,500.0,True,502.6153547793824,1778.8915134757935,15589.686375764344,215.9200624068419
2025-06-13,C3,12,2025-06-13 12:00:00,24668.51878822487,20232.511832733533,4436.006955491335,500.0,True,2907.452442348077,0.0,18183.87648827038,680.8110081954765
2025-06-13,C3,18,2025-06-13 18:00:00,14280.502595515123,13728.032767877452,552.4698276376712,500.0,True,257.17417014084725,0.0,11548.619811563702,240.6558785572485
2025-06-14,C2,6,2025-06-14 06:00:00,19978.546289223377,18823.388904493506,1155.1573847298714,0.0,True,462.96933632948645,585.0904483298646,15949.975013491989,585.0904483298646
2025-06-14,C2,12,2025-06-14 12:00:00,19299.975546229758,18917.06322532549,382.9123209042664,0.0,True,317.20961571397265,92.55154451591045,15682.168744554325,492.5389038139541
2025-06-14,C2,18,2025-06-14 18:00:00,15893.126064056416,14275.976439581931,1617.1496244744849,0.0,True,1648.1521153477981,0.0,13940.55077285047,685.7583087630751
2025-06-14,C3,6,2025-06-14 06:00:00,19978.546289223377,18823.388904493506,1155.1573847298714,500.0,True,462.96933632948645,585.0904483298646,15949.975013491989,585.0904483298646
2025-06-14,C3,12,2025-06-14 12:00:00,19299.975546229758,18917.06322532549,382.9123209042664,500.0,False,317.20961571397265,92.55154451591045,15682.168744554325,492.5389038139541
2025-06-14,C3,18,2025-06-14 18:00:00,15893.126064056416,14275.976439581931,1617.1496244744849,500.0,True,1648.1521153477981,0.0,13940.55077285047,685.7583087630751
2025-06-15,C2,6,2025-06-15 06:00:00,52773.13001481145,44605.04682766417,8168.083187147284,0.0,True,6146.198424481429,0.0,40571.352028800226,751.9864578144526
2025-06-15,C2,12,2025-06-15 12:00:00,43852.66816422008,42400.71425354503,1451.9539106750453,0.0,True,7100.50403450188,90.12879516234761,40756.96482473519,857.1617777689434
2025-06-15,C2,18,2025-06-15 18:00:00,23239.892535452942,22590.82403828429,649.0684971686533,0.0,True,1276.0697229304133,0.0,19611.698903159187,592.4538525057195
2025-06-15,C3,6,2025-06-15 06:00:00,52773.13001481145,44605.04682766417,8168.083187147284,500.0,True,6146.198424481429,0.0,40571.352028800226,751.9864578144526
2025-06-15,C3,12,2025-06-15 12:00:00,43852.66816422008,42400.71425354503,1451.9539106750453,500.0,True,7100.50403450188,90.12879516234761,40756.96482473519,857.1617777689434
2025-06-15,C3,18,2025-06-15 18:00:00,23239.892535452942,22590.82403828429,649.0684971686533,500.0,True,1276.0697229304133,0.0,19611.698903159187,592.4538525057195
2025-06-16,C2,6,2025-06-16 06:00:00,46508.49533916302,43186.439545695466,3322.0557934675526,0.0,True,1944.7422185713033,75.0455089516937,40856.51347013859,519.4791470900299
2025-06-16,C2,12,2025-06-16 12:00:00,39949.62430439633,39602.41923011776,347.2050742785723,0.0,True,817.0819989613797,42.239391666666734,36786.96129182092,357.11657006413964
2025-06-16,C2,18,2025-06-16 18:00:00,25045.93259229472,23194.148980621147,1851.7836116735743,0.0,True,1572.7924531029203,0.0,22830.481514260464,800.0552022204968
2025-06-16,C3,6,2025-06-16 06:00:00,46508.49533916302,43186.439545695466,3322.0557934675526,500.0,True,1944.7422185713033,75.0455089516937,40856.51347013859,519.4791470900299
2025-06-16,C3,12,2025-06-16 12:00:00,39949.62430439633,39602.41923011776,347.2050742785723,500.0,False,817.0819989613797,42.239391666666734,36786.96129182092,357.11657006413964
2025-06-16,C3,18,2025-06-16 18:00:00,24918.53504327704,23028.824821868664,1889.7102214083752,500.0,True,1490.9447582900657,0.0,22665.15735550798,800.0552022204968
2025-06-17,C2,6,2025-06-17 06:00:00,52195.358162084216,44952.322604129135,7243.0355579550815,0.0,True,5996.634658671359,0.0,43223.09775287257,552.3459284471603
2025-06-17,C2,12,2025-06-17 12:00:00,43612.7305595868,42325.18508112761,1287.545478459193,0.0,True,6690.712116271685,0.0,41521.4301791653,813.0784904661351
2025-06-17,C2,18,2025-06-17 18:00:00,22076.15790321893,21394.843331862456,681.3145713564736,0.0,True,307.20489850811583,0.0,19633.569113307916,195.64020972830286
2025-06-17,C3,6,2025-06-17 06:00:00,52195.358162084216,44952.322604129135,7243.0355579550815,500.0,True,5996.634658671359,0.0,43223.09775287257,552.3459284471603
2025-06-17,C3,12,2025-06-17 12:00:00,43612.7305595868,42325.18508112761,1287.545478459193,500.0,True,6690.712116271685,0.0,41521.4301791653,813.0784904661351
2025-06-17,C3,18,2025-06-17 18:00:00,22076.15790321893,21394.843331862456,681.3145713564736,500.0,True,307.20489850811583,0.0,19633.569113307916,195.64020972830286
2025-06-18,C2,6,2025-06-18 06:00:00,53141.95198655838,47468.60384556518,5673.348140993199,0.0,True,5534.307284363784,0.0,45646.6597431574,750.4286501799374
2025-06-18,C2,12,2025-06-18 12:00:00,37875.1633191941,36340.697407905645,1534.4659112884547,0.0,True,0.0,928.1580575780166,36224.32958724773,507.0116633415298
2025-06-18,C2,18,2025-06-18 18:00:00,20964.290727400476,20554.73124607311,409.5594813273674,0.0,True,43.97267484855047,0.362972283416525,19359.699513118234,115.00955811266738
2025-06-18,C3,6,2025-06-18 06:00:00,53141.95198655838,47468.60384556518,5673.348140993199,500.0,True,5534.307284363784,0.0,45646.6597431574,750.4286501799374
2025-06-18,C3,12,2025-06-18 12:00:00,37875.1633191941,36340.697407905645,1534.4659112884547,500.0,True,0.0,928.1580575780166,36224.32958724773,507.0116633415298
2025-06-18,C3,18,2025-06-18 18:00:00,20964.290727400476,20554.73124607311,409.5594813273674,500.0,False,43.97267484855047,0.362972283416525,19359.699513118234,115.00955811266738
2025-06-19,C2,6,2025-06-19 06:00:00,38485.57896730616,38103.77417073809,381.8047965680671,0.0,True,834.0530797349514,753.9456790529464,35687.311111754825,389.5163891625998
2025-06-19,C2,12,2025-06-19 12:00:00,42975.5607938547,38967.605914510896,4007.9548793438007,0.0,True,6278.416639314715,0.0,37074.37369956569,1017.9013025195953
2025-06-19,C2,18,2025-06-19 18:00:00,24755.019406494852,22845.340704998387,1909.6787014964648,0.0,True,2187.7445103552295,0.0,22660.133486288487,503.2591791078569
2025-06-19,C3,6,2025-06-19 06:00:00,38485.57896730616,38103.77417073809,381.8047965680671,500.0,False,834.0530797349514,753.9456790529464,35687.311111754825,389.5163891625998
2025-06-19,C3,12,2025-06-19 12:00:00,42379.5740239517,38131.86081091958,4247.713213032126,500.0,True,5603.991375007114,0.0,36300.49841405751,1211.4241714692223
2025-06-19,C3,18,2025-06-19 18:00:00,24755.019406494852,22845.340704998387,1909.6787014964648,500.0,True,2187.7445103552295,0.0,22660.133486288487,503.2591791078569
2025-06-20,C2,6,2025-06-20 06:00:00,19194.709699957977,17782.609291972673,1412.1004079853046,0.0,True,1994.323348018694,0.0,16968.099122940555,273.84167773632976
2025-06-20,C2,12,2025-06-20 12:00:00,19102.196309858413,18524.89887446575,577.297435392662,0.0,True,1494.0781463114492,1.1368683772161603e-13,15625.774316152903,321.43279666961973
2025-06-20,C2,18,2025-06-20 18:00:00,12611.367300289967,12563.106818316282,48.260481973684364,0.0,True,109.93790308229188,26.80628669417115,10873.972397457926,109.93790308229188
2025-06-20,C3,6,2025-06-20 06:00:00,19194.709699957977,17782.609291972673,1412.1004079853046,500.0,True,1994.323348018694,0.0,16968.099122940555,273.84167773632976
2025-06-20,C3,12,2025-06-20 12:00:00,19102.196309858413,18524.89887446575,577.297435392662,500.0,True,1494.0781463114492,1.1368683772161603e-13,15625.774316152903,321.43279666961973
2025-06-20,C3,18,2025-06-20 18:00:00,12611.367300289967,12563.106818316282,48.260481973684364,500.0,False,109.93790308229188,26.80628669417115,10873.972397457926,109.93790308229188
2025-06-21,C2,6,2025-06-21 06:00:00,17132.88377375895,16905.198241421826,227.68553233712373,0.0,True,1384.8019484125311,0.0,16206.833209675931,100.40022627146789
2025-06-21,C2,12,2025-06-21 12:00:00,17301.148763288526,16705.604271294917,595.544491993609,0.0,True,298.2939455820472,38.02643408291169,14807.430053823671,123.37820295919073
2025-06-21,C2,18,2025-06-21 18:00:00,13665.619551351212,13536.84426655437,128.77528479684224,0.0,True,397.028692568507,0.0,11425.252098879415,376.18588544804464
2025-06-21,C3,6,2025-06-21 06:00:00,17132.88377375895,16905.198241421826,227.68553233712373,500.0,False,1384.8019484125311,0.0,16206.833209675931,100.40022627146789
2025-06-21,C3,12,2025-06-21 12:00:00,16741.14311045263,16705.604271294906,35.538839157725306,500.0,False,298.29394558203603,38.02643408291169,14807.430053823662,123.37820295919073
2025-06-21,C3,18,2025-06-21 18:00:00,13663.417878197415,13536.84426655437,126.5736116430453,500.0,False,397.028692568507,0.0,11425.252098879415,376.18588544804464
2025-06-22,C2,6,2025-06-22 06:00:00,49734.14488757608,39375.04442154993,10359.100466026153,0.0,True,6518.183330687547,297.7625023934215,37551.52148158462,849.9747880394528
2025-06-22,C2,12,2025-06-22 12:00:00,37725.00803231772,37452.99337765442,272.0146546632968,0.0,True,6290.005998773527,0.0,35105.38408303124,655.1544572110116
2025-06-22,C2,18,2025-06-22 18:00:00,21727.528211337383,21450.129754251397,277.3984570859866,0.0,True,1430.3735501172487,0.0,18728.19185044682,334.14589956967313
2025-06-22,C3,6,2025-06-22 06:00:00,49734.14488757608,39375.04442154993,10359.100466026153,500.0,True,6518.183330687547,297.7625023934215,37551.52148158462,849.9747880394528
2025-06-22,C3,12,2025-06-22 12:00:00,37725.00803231772,37452.99337765442,272.0146546632968,500.0,False,6290.005998773527,0.0,35105.38408303124,655.1544572110116
2025-06-22,C3,18,2025-06-22 18:00:00,22298.309023879912,21951.217244430765,347.091779449147,500.0,False,1678.6419636495648,0.0,19228.88717343812,540.6332048624184
2025-06-23,C2,6,2025-06-23 06:00:00,38120.28406293047,37763.47551488169,356.8085480487789,0.0,True,843.5764794328188,299.00699672807207,36894.03675963983,150.05856360064786
2025-06-23,C2,12,2025-06-23 12:00:00,38963.40997192114,38261.199581902176,702.2103900189613,0.0,True,4296.307119913648,7.131527029048357,37396.89927525954,788.8258076015518
2025-06-23,C2,18,2025-06-23 18:00:00,24424.789606189886,23124.853034115364,1299.9365720745227,0.0,True,1536.7994269663516,0.0,22338.798061068486,580.8617850854158
2025-06-23,C3,6,2025-06-23 06:00:00,38120.28406293047,37763.47551488169,356.8085480487789,500.0,False,843.5764794328188,299.00699672807207,36894.03675963983,150.05856360064786
2025-06-23,C3,12,2025-06-23 12:00:00,37867.5466664424,37319.04071597213,548.5059504702731,500.0,True,3448.444836141033,7.131527029048357,36454.7404093295,795.4699512138401
2025-06-23,C3,18,2025-06-23 18:00:00,24424.789606189886,23124.853034115364,1299.9365720745227,500.0,True,1536.7994269663516,0.0,22338.798061068486,580.8617850854158
2025-06-24,C2,6,2025-06-24 06:00:00,45617.332333407416,44293.598222132816,1323.7341112745999,0.0,True,1451.760402037157,1249.5523186377618,42729.802220906386,518.4866669748108
2025-06-24,C2,12,2025-06-24 12:00:00,39118.15756408735,38068.68191692809,1049.4756471592555,0.0,True,727.2286473073877,513.7811329904122,36404.8880838327,688.197783056855
2025-06-24,C2,18,2025-06-24 18:00:00,22559.803393908755,22181.8478020307,377.9555918780534,0.0,True,399.17299806174356,26.597516914216726,19760.338207022556,91.73535256016976
2025-06-24,C3,6,2025-06-24 06:00:00,45617.332333407416,44293.598222132816,1323.7341112745999,500.0,True,1451.760402037157,1249.5523186377618,42729.802220906386,518.4866669748108
2025-06-24,C3,12,2025-06-24 12:00:00,39118.15756408735,38068.68191692809,1049.4756471592555,500.0,True,727.2286473073877,513.7811329904122,36404.8880838327,688.197783056855
2025-06-24,C3,18,2025-06-24 18:00:00,22559.803393908755,22181.8478020307,377.9555918780534,500.0,False,399.17299806174356,26.597516914216726,19760.338207022556,91.73535256016976
2025-06-25,C2,6,2025-06-25 06:00:00,38757.69566480581,38702.14778169223,55.54788311358425,0.0,True,39.41446516540691,293.8071531609022,37255.30138284782,67.7541932811115
2025-06-25,C2,12,2025-06-25 12:00:00,37087.21828399834,36310.836651357014,776.3816326413289,0.0,True,1556.164639752707,331.39236736705186,32726.314783682363,721.6535124062842
2025-06-25,C2,18,2025-06-25 18:00:00,22757.992710527582,22087.73179643686,670.2609140907225,0.0,True,1246.051559937767,22.719449980061313,21600.679328578335,686.1192921939972
2025-06-25,C3,6,2025-06-25 06:00:00,38757.69566480581,38702.14778169223,55.54788311358425,500.0,False,39.41446516540691,293.8071531609022,37255.30138284782,67.7541932811115
2025-06-25,C3,12,2025-06-25 12:00:00,36998.3885933936,36258.46407252055,739.9245208730499,500.0,True,1507.5048062151639,331.39236736705186,32677.455444827316,721.6535124062842
2025-06-25,C3,18,2025-06-25 18:00:00,22757.992710527582,22087.73179643686,670.2609140907225,500.0,True,1246.051559937767,22.719449980061313,21600.679328578335,686.1192921939972
2025-06-26,C2,6,2025-06-26 06:00:00,41049.72383157313,39860.75517160655,1188.9686599665802,0.0,True,3298.121204258745,50.49779581216296,36780.2069105563,617.6922651725118
2025-06-26,C2,12,2025-06-26 12:00:00,37705.293259903694,36776.109340692135,929.1839192115585,0.0,True,6028.335509102322,0.0,35680.53188223558,960.3771472355036
2025-06-26,C2,18,2025-06-26 18:00:00,19383.40982624457,18744.455430614926,638.9543956296438,0.0,True,0.0,686.1236021602753,18488.592977417422,234.48171892901132
2025-06-26,C3,6,2025-06-26 06:00:00,41049.72383157313,39860.75517160655,1188.9686599665802,500.0,True,3298.121204258745,50.49779581216296,36780.2069105563,617.6922651725118
2025-06-26,C3,12,2025-06-26 12:00:00,37705.293259903694,36776.109340692135,929.1839192115585,500.0,True,6028.335509102322,0.0,35680.53188223558,960.3771472355036
2025-06-26,C3,18,2025-06-26 18:00:00,19383.40982624457,18744.455430614926,638.9543956296438,500.0,True,0.0,686.1236021602753,18488.592977417422,234.48171892901132
2025-06-27,C2,6,2025-06-27 06:00:00,14833.464601434276,14833.464601434276,0.0,0.0,False,0.0,0.0,13789.434973698657,0.0
2025-06-27,C2,12,2025-06-27 12:00:00,14430.96231059827,14226.192124006779,204.77018659149144,0.0,True,0.0,556.5720528660906,13556.55114910037,203.91500985480957
2025-06-27,C2,18,2025-06-27 18:00:00,10161.617019147006,9948.092219786517,213.52479936048985,0.0,True,0.0,907.5354022063891,9925.47822001457,107.41948313909091
2025-06-27,C3,6,2025-06-27 06:00:00,14833.464601434276,14833.464601434276,0.0,500.0,False,0.0,0.0,13789.434973698657,0.0
2025-06-27,C3,12,2025-06-27 12:00:00,14430.96231059827,14226.192124006779,204.77018659149144,500.0,False,0.0,556.5720528660906,13556.55114910037,203.91500985480957
2025-06-27,C3,18,2025-06-27 18:00:00,10161.617019147006,9948.092219786517,213.52479936048985,500.0,False,0.0,907.5354022063891,9925.47822001457,107.41948313909091
2025-06-28,C2,6,2025-06-28 06:00:00,18299.519540431953,17005.290680755817,1294.2288596761355,0.0,True,587.2082694635567,39.312632991604005,14754.285271004432,141.63850646634677
2025-06-28,C2,12,2025-06-28 12:00:00,18358.300220077082,17642.175569166182,716.1246509109005,0.0,True,2115.7545288842994,0.0,15961.452869466164,640.1665935961297
2025-06-28,C2,18,2025-06-28 18:00:00,11751.194678612623,11684.916306637399,66.27837197522422,0.0,True,0.0,75.79011174976779,10383.955671764112,58.162191026197775
2025-06-28,C3,6,2025-06-28 06:00:00,18299.519540431953,17005.290680755817,1294.2288596761355,500.0,True,587.2082694635567,39.312632991604005,14754.285271004432,141.63850646634677
2025-06-28,C3,12,2025-06-28 12:00:00,18358.300220077082,17642.175569166182,716.1246509109005,500.0,True,2115.7545288842994,0.0,15961.452869466164,640.1665935961297
2025-06-28,C3,18,2025-06-28 18:00:00,11751.194678612623,11684.916306637399,66.27837197522422,500.0,False,0.0,75.79011174976779,10383.955671764112,58.162191026197775
2025-06-29,C2,6,2025-06-29 06:00:00,43353.87401735624,38434.68502487225,4919.1889924839925,0.0,True,5842.428059931041,0.0,35894.898390122566,983.5997166636482
2025-06-29,C2,12,2025-06-29 12:00:00,37599.3112603897,36967.10161600519,632.2096443845148,0.0,True,5801.307475109256,219.73389732302508,33513.146976652075,742.2868308180565
2025-06-29,C2,18,2025-06-29 18:00:00,22255.66914117228,21436.768110278863,818.9010308934157,0.0,True,1385.7285071194717,0.0,21125.25165605199,739.5571535740709
2025-06-29,C3,6,2025-06-29 06:00:00,43353.87401735624,38434.68502487225,4919.1889924839925,500.0,True,5842.428059931041,0.0,35894.898390122566,983.5997166636482
2025-06-29,C3,12,2025-06-29 12:00:00,37599.3112603897,36967.10161600519,632.2096443845148,500.0,True,5801.307475109256,219.73389732302508,33513.146976652075,742.2868308180565
2025-06-29,C3,18,2025-06-29 18:00:00,22255.66914117228,21436.768110278863,818.9010308934157,500.0,True,1385.7285071194717,0.0,21125.25165605199,739.5571535740709
2025-06-30,C2,6,2025-06-30 06:00:00,44084.3087031486,41853.89830407465,2230.410399073946,0.0,True,3344.654609531064,3620.3188281019643,39630.97675714051,615.9205244527151
2025-06-30,C2,12,2025-06-30 12:00:00,43552.63481321814,40097.57616343994,3455.0586497781987,0.0,True,3697.3784505112735,628.9030524691021,36993.1492418075,615.9205244527151
2025-06-30,C2,18,2025-06-30 18:00:00,24968.259834367855,23457.70657382366,1510.553260544195,0.0,True,3770.460403078843,0.0,22773.972187463038,728.0371639734865
2025-06-30,C3,6,2025-06-30 06:00:00,44084.3087031486,41853.89830407465,2230.410399073946,500.0,True,3344.654609531064,3620.3188281019643,39630.97675714051,615.9205244527151
2025-06-30,C3,12,2025-06-30 12:00:00,43552.63481321814,40097.57616343994,3455.0586497781987,500.0,True,3697.3784505112735,628.9030524691021,36993.1492418075,615.9205244527151
2025-06-30,C3,18,2025-06-30 18:00:00,24968.259834367855,23457.70657382366,1510.553260544195,500.0,True,3770.460403078843,0.0,22773.972187463038,728.0371639734865
2025-07-01,C2,6,2025-07-01 06:00:00,40343.13731385676,37274.14104794584,3068.996265910915,0.0,True,3506.071603439938,144.97795100640678,34694.93284001285,724.8015134527863
2025-07-01,C2,12,2025-07-01 12:00:00,35305.91020879443,34097.71744280112,1208.1927659933062,0.0,True,4160.102237061516,6.851143800433988,32412.41855737715,865.1259777777781
2025-07-01,C2,18,2025-07-01 18:00:00,23077.297032019327,22362.890078190147,714.4069538291806,0.0,True,590.9405408641271,0.0,19572.488183750083,227.58553172711117
2025-07-01,C3,6,2025-07-01 06:00:00,40343.13731385676,37274.14104794584,3068.996265910915,500.0,True,3506.071603439938,144.97795100640678,34694.93284001285,724.8015134527863
2025-07-01,C3,12,2025-07-01 12:00:00,35305.91020879443,34097.71744280112,1208.1927659933062,500.0,True,4160.102237061516,6.851143800433988,32412.41855737715,865.1259777777781
2025-07-01,C3,18,2025-07-01 18:00:00,23077.297032019327,22362.890078190147,714.4069538291806,500.0,True,590.9405408641271,0.0,19572.488183750083,227.58553172711117
2025-07-02,C2,6,2025-07-02 06:00:00,31687.24167313109,31687.24167313109,0.0,0.0,False,0.0,0.0,27751.527796407256,0.0
2025-07-02,C2,12,2025-07-02 12:00:00,38540.60473192933,35201.025729196095,3339.579002733233,0.0,True,4921.267315498398,0.0,32300.173867346173,873.4148390507376
2025-07-02,C2,18,2025-07-02 18:00:00,22411.97769036923,22046.29836829455,365.6793220746804,0.0,True,494.5153072378653,0.0,19041.41946235602,259.50432469063753
2025-07-02,C3,6,2025-07-02 06:00:00,31687.24167313109,31687.24167313109,0.0,500.0,False,0.0,0.0,27751.527796407256,0.0
2025-07-02,C3,12,2025-07-02 12:00:00,38540.60473192933,35201.025729196095,3339.579002733233,500.0,True,4921.267315498398,0.0,32300.173867346173,873.4148390507376
2025-07-02,C3,18,2025-07-02 18:00:00,22411.97769036923,22046.29836829455,365.6793220746804,500.0,False,494.5153072378653,0.0,19041.41946235602,259.50432469063753
2025-07-03,C2,6,2025-07-03 06:00:00,39410.73854374132,38640.91367630463,769.8248674366841,0.0,True,819.6893941965286,1263.5064289765219,38387.45381172803,364.8453957564914
2025-07-03,C2,12,2025-07-03 12:00:00,33761.97868173734,32954.94634553223,807.0323362051058,0.0,True,0.0,3427.7264109254593,32954.946345532226,283.2194054174697
2025-07-03,C2,18,2025-07-03 18:00:00,24410.693448855865,21695.95271339677,2714.740735459094,0.0,True,1142.07388007801,47.0598187233187,21527.922277868278,538.1850094915957
2025-07-03,C3,6,2025-07-03 06:00:00,39410.73854374132,38640.91367630463,769.8248674366841,500.0,True,819.6893941965286,1263.5064289765219,38387.45381172803,364.8453957564914
2025-07-03,C3,12,2025-07-03 12:00:00,33761.97868173734,32954.94634553223,807.0323362051058,500.0,True,0.0,3427.7264109254593,32954.946345532226,283.2194054174697
2025-07-03,C3,18,2025-07-03 18:00:00,24410.693448855865,21695.95271339677,2714.740735459094,500.0,True,1142.07388007801,47.0598187233187,21527.922277868278,538.1850094915957
2025-07-04,C2,6,2025-07-04 06:00:00,16394.25857768217,16394.25857768217,0.0,0.0,False,0.0,0.0,13343.91700382452,0.0
2025-07-04,C2,12,2025-07-04 12:00:00,13434.098036553643,13243.023746238168,191.07429031547508,0.0,True,0.0,869.2940769855019,13059.79389997608,130.78339741169538
2025-07-04,C2,18,2025-07-04 18:00:00,20558.658025473935,14478.760636040595,6079.897389433339,0.0,True,1846.657339596721,0.0,14014.326078953538,695.1715298404151
2025-07-04,C3,6,2025-07-04 06:00:00,16394.25857768217,16394.25857768217,0.0,500.0,False,0.0,0.0,13343.91700382452,0.0
2025-07-04,C3,12,2025-07-04 12:00:00,13434.098036553643,13243.023746238168,191.07429031547508,500.0,False,0.0,869.2940769855019,13059.79389997608,130.78339741169538
2025-07-04,C3,18,2025-07-04 18:00:00,19737.457679629042,14686.828288931836,5050.629390697206,500.0,True,1949.8271191386768,0.0,14222.393731844777,695.1715298404151
2025-07-05,C2,6,2025-07-05 06:00:00,14033.85696358104,13945.491134743967,88.36582883707342,0.0,True,57.44986278862454,303.8077810622133,11276.722071221802,107.47854527616869
2025-07-05,C2,12,2025-07-05 12:00:00,17618.838102236434,16836.16972457895,782.6683776574828,0.0,True,3028.4075723636547,0.0,15121.390087916396,484.11378443790596
2025-07-05,C2,18,2025-07-05 18:00:00,14640.645206144694,13434.527175759475,1206.1180303852198,0.0,True,1264.4752180799658,0.0,10978.956010684822,495.7117510018686
2025-07-05,C3,6,2025-07-05 06:00:00,14033.85696358104,13945.491134743967,88.36582883707342,500.0,False,57.44986278862454,303.8077810622133,11276.722071221802,107.47854527616869
2025-07-05,C3,12,2025-07-05 12:00:00,17427.70784552335,16836.16972457895,591.5381209443985,500.0,True,3028.4075723636547,0.0,15121.390087916396,484.11378443790596
2025-07-05,C3,18,2025-07-05 18:00:00,14640.645206144694,13434.527175759475,1206.1180303852198,500.0,True,1264.4752180799658,0.0,10978.956010684822,495.7117510018686
2025-07-06,C2,6,2025-07-06 06:00:00,51646.76732235683,42231.97991755455,9414.787404802279,0.0,True,5850.538606127772,418.16341052013513,36577.6011528411,926.988762132836
2025-07-06,C2,12,2025-07-06 12:00:00,43208.317523202575,40765.982437723964,2442.3350854786113,0.0,True,7425.90664436525,9.21279430278446,38383.10819154586,695.5613839338544
2025-07-06,C2,18,2025-07-06 18:00:00,24848.18362148798,23134.14100333648,1714.0426181514995,0.0,True,4073.2764229371724,0.0,22811.90986470173,764.2436109513172
2025-07-06,C3,6,2025-07-06 06:00:00,51646.76732235683,42231.97991755455,9414.787404802279,500.0,True,5850.538606127772,418.16341052013513,36577.6011528411,926.988762132836
2025-07-06,C3,12,2025-07-06 12:00:00,43208.317523202575,40765.982437723964,2442.3350854786113,500.0,True,7425.90664436525,9.21279430278446,38383.10819154586,695.5613839338544
2025-07-06,C3,18,2025-07-06 18:00:00,24848.18362148798,23134.14100333648,1714.0426181514995,500.0,True,4073.2764229371724,0.0,22811.90986470173,764.2436109513172
2025-07-07,C2,6,2025-07-07 06:00:00,36318.36814160236,34863.70175502644,1454.6663865759183,0.0,True,2450.701987653476,34.264124965318615,33492.27638805573,151.33822223823336
2025-07-07,C2,12,2025-07-07 12:00:00,36335.88918574533,33157.53217766671,3178.3570080786158,0.0,True,2608.1089056809924,59.911110279185664,32562.717864576436,710.7757619037076
2025-07-07,C2,18,2025-07-07 18:00:00,18261.87901109879,18240.84252778872,21.036483310068434,0.0,True,116.92449720289801,1.100111665666759,17665.93559012729,88.6777552164117
2025-07-07,C3,6,2025-07-07 06:00:00,36318.36814160236,34863.70175502644,1454.6663865759183,500.0,True,2450.701987653476,34.264124965318615,33492.27638805573,151.33822223823336
2025-07-07,C3,12,2025-07-07 12:00:00,36335.88918574533,33157.53217766671,3178.3570080786158,500.0,True,2608.1089056809924,59.911110279185664,32562.717864576436,710.7757619037076
2025-07-07,C3,18,2025-07-07 18:00:00,18261.87901109879,18240.84252778872,21.036483310068434,500.0,False,116.92449720289801,1.100111665666759,17665.93559012729,88.6777552164117
2025-07-08,C2,6,2025-07-08 06:00:00,47107.74328920392,46957.67529667929,150.06799252462952,0.0,True,178.31948018734954,444.5717972610523,44012.604319831415,174.2259694592599
2025-07-08,C2,12,2025-07-08 12:00:00,50402.583184695744,47021.36228113184,3381.2209035639025,0.0,True,2551.629336198922,365.0876906564947,41772.37605766289,817.3411205325252
2025-07-08,C2,18,2025-07-08 18:00:00,27183.180311516247,27161.999027506583,21.181284009664523,0.0,True,72.64642869861586,0.0,24074.80016216448,40.22937308823896
2025-07-08,C3,6,2025-07-08 06:00:00,47107.74328920392,46957.67529667929,150.06799252462952,500.0,False,178.31948018734954,444.5717972610523,44012.604319831415,174.2259694592599
2025-07-08,C3,12,2025-07-08 12:00:00,50367.471945109966,47021.36228113184,3346.1096639781244,500.0,True,2551.629336198922,365.0876906564947,41772.37605766289,817.3411205325252
2025-07-08,C3,18,2025-07-08 18:00:00,27183.180311516247,27161.999027506583,21.181284009664523,500.0,False,72.64642869861586,0.0,24074.80016216448,40.22937308823896
2025-07-09,C2,6,2025-07-09 06:00:00,51482.09329191805,49208.33741648857,2273.7558754294805,0.0,True,5631.58357547694,285.2188560562988,46361.073429131,710.9408210697749
2025-07-09,C2,12,2025-07-09 12:00:00,48567.756638746585,47538.321873660505,1029.43476508608,0.0,True,7427.538708850561,283.37040273108437,45740.28545373079,849.0093596136053
2025-07-09,C2,18,2025-07-09 18:00:00,29538.32996511182,27987.072800947386,1551.2571641644354,0.0,True,4431.104585287549,0.0,27592.82622761771,710.2725508174816
2025-07-09,C3,6,2025-07-09 06:00:00,51482.09329191805,49208.33741648857,2273.7558754294805,500.0,True,5631.58357547694,285.2188560562988,46361.073429131,710.9408210697749
2025-07-09,C3,12,2025-07-09 12:00:00,48567.756638746585,47538.321873660505,1029.43476508608,500.0,True,7427.538708850561,283.37040273108437,45740.28545373079,849.0093596136053
2025-07-09,C3,18,2025-07-09 18:00:00,29538.32996511182,27987.072800947386,1551.2571641644354,500.0,True,4431.104585287549,0.0,27592.82622761771,710.2725508174816
2025-07-10,C2,6,2025-07-10 06:00:00,48459.01644215222,45440.91728019569,3018.099161956532,0.0,True,1799.0422205730856,563.284289276367,40175.067395148144,326.4180317549519
2025-07-10,C2,12,2025-07-10 12:00:00,42179.77462314749,42072.60087974323,107.17374340425886,0.0,True,434.7178365089442,259.7650701464238,37935.71130730341,403.2620350024972
2025-07-10,C2,18,2025-07-10 18:00:00,29429.578414513973,26767.161333227818,2662.4170812861557,0.0,True,1994.3553192762793,0.0,26487.19107378485,785.4696364267303
2025-07-10,C3,6,2025-07-10 06:00:00,48459.01644215222,45440.91728019569,3018.099161956532,500.0,True,1799.0422205730856,563.284289276367,40175.067395148144,326.4180317549519
2025-07-10,C3,12,2025-07-10 12:00:00,42179.77462314749,42072.60087974323,107.17374340425886,500.0,False,434.7178365089442,259.7650701464238,37935.71130730341,403.2620350024972
2025-07-10,C3,18,2025-07-10 18:00:00,29376.4381510071,26718.410950385864,2658.0272006212363,500.0,True,1970.1825745920319,0.0,26438.44069094289,761.2968917424829
2025-07-11,C2,6,2025-07-11 06:00:00,23967.272048911294,23887.627406929198,79.6446419820968,0.0,True,274.053365972896,0.0,21402.73573512522,131.25376250973665
2025-07-11,C2,12,2025-07-11 12:00:00,23076.973429921738,23060.147667982394,16.825761939344375,0.0,True,0.0,0.0,21058.34533099794,17.297832604327255
2025-07-11,C2,18,2025-07-11 18:00:00,19507.72393749854,18948.647273261115,559.0766642374256,0.0,True,2064.7046689956537,0.0,18628.02204347821,835.7928152793301
2025-07-11,C3,6,2025-07-11 06:00:00,23967.272048911294,23887.627406929198,79.6446419820968,500.0,False,274.053365972896,0.0,21402.73573512522,131.25376250973665
2025-07-11,C3,12,2025-07-11 12:00:00,23043.5097156589,23043.5097156589,0.0,500.0,False,0.0,0.0,21058.34533099794,0.0
2025-07-11,C3,18,2025-07-11 18:00:00,19507.72393749854,18948.647273261115,559.0766642374256,500.0,True,2064.7046689956537,0.0,18628.02204347821,835.7928152793301
2025-07-12,C2,6,2025-07-12 06:00:00,23157.398065056375,22965.174332359133,192.22373269724267,0.0,True,199.21026935837133,0.0,20114.067679569584,95.76961354601868
2025-07-12,C2,12,2025-07-12 12:00:00,25271.851801089375,24950.04073755409,321.81106353528594,0.0,True,1042.033954931147,0.0,20580.107496561504,326.95004275240376
2025-07-12,C2,18,2025-07-12 18:00:00,17003.242670506414,16950.679721276174,52.56294923023961,0.0,True,156.90432606044578,0.0,14941.9322793503,156.90432606044578
2025-07-12,C3,6,2025-07-12 06:00:00,23157.398065056375,22965.174332359133,192.22373269724267,500.0,False,199.21026935837133,0.0,20114.067679569584,95.76961354601868
2025-07-12,C3,12,2025-07-12 12:00:00,25271.851801089375,24950.04073755409,321.81106353528594,500.0,False,1042.033954931147,0.0,20580.107496561504,326.95004275240376
2025-07-12,C3,18,2025-07-12 18:00:00,17003.242670506414,16950.679721276174,52.56294923023961,500.0,False,156.90432606044578,0.0,14941.9322793503,156.90432606044578
2025-07-13,C2,6,2025-07-13 06:00:00,42184.11262564223,42001.86927511676,182.24335052546667,0.0,True,0.0,1891.7048439724388,40760.279211600646,235.40971823878067
2025-07-13,C2,12,2025-07-13 12:00:00,41554.31533872457,40596.39654519786,957.9187935267109,0.0,True,0.0,904.5233271985913,39400.31397483175,275.29176114492054
2025-07-13,C2,18,2025-07-13 18:00:00,27923.313781876397,26086.22989781091,1837.083884065487,0.0,True,1499.5326742507846,0.0,25666.369435180102,565.1301876710993
2025-07-13,C3,6,2025-07-13 06:00:00,42184.11262564223,42001.86927511676,182.24335052546667,500.0,False,0.0,1891.7048439724388,40760.279211600646,235.40971823878067
2025-07-13,C3,12,2025-07-13 12:00:00,40824.382574440926,40596.39654519786,227.9860292430676,500.0,False,0.0,904.5233271985913,39400.31397483175,275.29176114492054
2025-07-13,C3,18,2025-07-13 18:00:00,27961.000349139445,26338.732498203506,1622.2678509359394,500.0,True,1624.7354016054846,0.0,25918.8720355727,690.3329150257995
2025-07-14,C2,6,2025-07-14 06:00:00,46607.46425284468,45706.16212776904,901.3021250756356,0.0,True,4015.32849390977,1442.4192105481084,44038.206973609835,1033.8629822444173
2025-07-14,C2,12,2025-07-14 12:00:00,44124.39446122808,43839.027828358485,285.3666328695981,0.0,True,3563.4733592191037,206.54235764825808,39882.72502806482,325.6863542599515
2025-07-14,C2,18,2025-07-14 18:00:00,27786.784585250607,27010.623668278186,776.1609169724215,0.0,True,1631.415366352534,27.13472853976532,26662.450092721643,796.8070861052296
2025-07-14,C3,6,2025-07-14 06:00:00,46607.46425284468,45706.16212776904,901.3021250756356,500.0,True,4015.32849390977,1442.4192105481084,44038.206973609835,1033.8629822444173
2025-07-14,C3,12,2025-07-14 12:00:00,44124.39446122808,43839.027828358485,285.3666328695981,500.0,False,3563.4733592191037,206.54235764825808,39882.72502806482,325.6863542599515
2025-07-14,C3,18,2025-07-14 18:00:00,27848.886761974238,27084.780660817734,764.1061011565034,500.0,True,1668.1285662830005,27.13472853976532,26736.607085261196,796.8070861052296
2025-07-15,C2,6,2025-07-15 06:00:00,43516.60730671322,43408.74500443709,107.86230227612396,0.0,True,166.24030524552663,806.4218140161769,41744.034162397395,182.30856567747605
2025-07-15,C2,12,2025-07-15 12:00:00,40041.37851606391,39577.5600459323,463.81847013160586,0.0,True,0.0,2063.346228632764,39352.15182342769,144.12123264758782
2025-07-15,C2,18,2025-07-15 18:00:00,25510.778267765752,25207.7331033239,303.04516444185356,0.0,True,210.22515405287288,520.0285041347465,24047.21101030034,210.22515405287288
2025-07-15,C3,6,2025-07-15 06:00:00,43516.60730671322,43408.74500443709,107.86230227612396,500.0,False,166.24030524552663,806.4218140161769,41744.034162397395,182.30856567747605
2025-07-15,C3,12,2025-07-15 12:00:00,40226.66516586786,39725.974493069276,500.6906727985843,500.0,True,20.56736199691821,2057.7009922083944,39372.89298121577,185.30146574796584
2025-07-15,C3,18,2025-07-15 18:00:00,25509.815721959,25207.7331033239,302.0826186351005,500.0,False,210.22515405287288,520.0285041347465,24047.21101030034,210.22515405287288
2025-07-16,C2,6,2025-07-16 06:00:00,43124.53974309242,41703.85441999014,1420.6853231022833,0.0,True,2518.5079801772727,2407.6960026875167,40708.75805371778,402.70418332359105
2025-07-16,C2,12,2025-07-16 12:00:00,45932.78734906028,41862.658599698145,4070.128749362135,0.0,True,2348.4321724216593,0.0,38192.5832642148,792.6450881449177
2025-07-16,C2,18,2025-07-16 18:00:00,29266.72233072914,25805.64714835336,3461.0751823757782,0.0,True,3381.918620627347,0.0,25439.008278028065,512.0452259272045
2025-07-16,C3,6,2025-07-16 06:00:00,43124.53974309242,41703.85441999014,1420.6853231022833,500.0,True,2518.5079801772727,2407.6960026875167,40708.75805371778,402.70418332359105
2025-07-16,C3,12,2025-07-16 12:00:00,45932.78734906028,41862.658599698145,4070.128749362135,500.0,True,2348.4321724216593,0.0,38192.5832642148,792.6450881449177
2025-07-16,C3,18,2025-07-16 18:00:00,29266.72233072914,25805.64714835336,3461.0751823757782,500.0,True,3381.918620627347,0.0,25439.008278028065,512.0452259272045
2025-07-17,C2,6,2025-07-17 06:00:00,42576.0518824388,42155.519067506284,420.53281493251416,0.0,True,1308.305503118615,54.48145826162272,36018.791490463766,256.649181419344
2025-07-17,C2,12,2025-07-17 12:00:00,40489.543077958166,40057.49301959768,432.05005836048804,0.0,True,861.3715949227945,749.7525362484415,33305.22563235542,304.44102344361943
2025-07-17,C2,18,2025-07-17 18:00:00,22618.94280789402,22495.288904816465,123.65390307755297,0.0,True,1.003483266901867,0.0,19971.30429975983,67.52310639699033
2025-07-17,C3,6,2025-07-17 06:00:00,42576.0518824388,42155.519067506284,420.53281493251416,500.0,False,1308.305503118615,54.48145826162272,36018.791490463766,256.649181419344
2025-07-17,C3,12,2025-07-17 12:00:00,40805.22540624982,40057.49301959768,747.7323866521401,500.0,True,861.3715949227945,749.7525362484415,33305.22563235542,331.1184282314206
2025-07-17,C3,18,2025-07-17 18:00:00,22618.94280789402,22495.288904816465,123.65390307755297,500.0,False,1.003483266901867,0.0,19971.30429975983,67.52310639699033
2025-07-18,C2,6,2025-07-18 06:00:00,23996.104406214054,23732.25842251084,263.8459837032133,0.0,True,0.0,681.815510194107,22969.28821778291,192.90537497639912
2025-07-18,C2,12,2025-07-18 12:00:00,23412.178880583917,23367.372272709043,44.80660787487432,0.0,True,7.9220261804408665,1048.272470134235,22827.76190978351,104.28516944444448
2025-07-18,C2,18,2025-07-18 18:00:00,17117.41273905446,17098.802760021757,18.60997903270254,0.0,True,17.96986660818584,47.620366833148864,15382.09290530579,39.99696666701266
2025-07-18,C3,6,2025-07-18 06:00:00,23996.104406214054,23732.25842251084,263.8459837032133,500.0,False,0.0,681.815510194107,22969.28821778291,192.90537497639912
2025-07-18,C3,12,2025-07-18 12:00:00,23455.000233362505,23367.372272709046,87.62796065345901,500.0,False,7.9220261804408665,1048.2724701342208,22827.761909783516,282.64500998648646
2025-07-18,C3,18,2025-07-18 18:00:00,17093.150108604215,17083.00643786861,10.143670735604246,500.0,False,10.047840427744859,47.620366833148864,15367.166619677913,39.99696666701266
2025-07-19,C2,6,2025-07-19 06:00:00,28696.715681894664,23829.374001479588,4867.341680415077,0.0,True,3765.487427021024,2634.949211542907,23124.1204550892,525.9647227587468
2025-07-19,C2,12,2025-07-19 12:00:00,30513.9830404221,26342.86949437051,4171.113546051591,0.0,True,5488.423787984562,0.0,25722.18996662851,514.1938238380396
2025-07-19,C2,18,2025-07-19 18:00:00,19101.71627405798,18550.03526510199,551.6810089559913,0.0,True,1522.3512883409746,0.0,14897.163727204892,431.3513513942597
2025-07-19,C3,6,2025-07-19 06:00:00,28696.715681894664,23829.374001479588,4867.341680415077,500.0,True,3765.487427021024,2634.949211542907,23124.1204550892,525.9647227587468
2025-07-19,C3,12,2025-07-19 12:00:00,30513.9830404221,26342.86949437051,4171.113546051591,500.0,True,5488.423787984562,0.0,25722.18996662851,514.1938238380396
2025-07-19,C3,18,2025-07-19 18:00:00,19101.71627405798,18550.03526510199,551.6810089559913,500.0,True,1522.3512883409746,0.0,14897.163727204892,431.3513513942597
2025-07-20,C2,6,2025-07-20 06:00:00,48348.55720398518,45869.75673053043,2478.8004734547503,0.0,True,1587.312584297913,3819.0111337941585,44952.23975379041,748.1974119313695
2025-07-20,C2,12,2025-07-20 12:00:00,45678.36481641644,42600.20448813136,3078.1603282850774,0.0,True,29.78557241109752,1135.8674955018937,40768.945317590944,730.0724166666669
2025-07-20,C2,18,2025-07-20 18:00:00,24549.175342020975,24516.66485897242,32.510483048554306,0.0,True,49.928565351312045,96.28492268945001,22929.187868930716,48.52238139118208
2025-07-20,C3,6,2025-07-20 06:00:00,48348.55720398518,45869.75673053043,2478.8004734547503,500.0,True,1587.312584297913,3819.0111337941585,44952.23975379041,748.1974119313695
2025-07-20,C3,12,2025-07-20 12:00:00,45678.36481641644,42600.20448813136,3078.1603282850774,500.0,True,29.78557241109752,1135.8674955018937,40768.945317590944,730.0724166666669
2025-07-20,C3,18,2025-07-20 18:00:00,24549.175342020975,24516.66485897242,32.510483048554306,500.0,False,49.928565351312045,96.28492268945001,22929.187868930716,48.52238139118208
2025-07-21,C2,6,2025-07-21 06:00:00,50206.32457057371,47516.839978990436,2689.4845915832775,0.0,True,83.8323368093279,7808.943217859789,45951.37633216002,906.7120682688704
2025-07-21,C2,12,2025-07-21 12:00:00,57031.84766115253,46836.55346586342,10195.294195289112,0.0,True,719.6898082662598,929.324705704475,44586.70200278674,854.320712713315
2025-07-21,C2,18,2025-07-21 18:00:00,27210.570628780355,26620.029189910467,590.5414388698882,0.0,True,1243.22277371148,0.0,26273.9834563343,720.6575227798861
2025-07-21,C3,6,2025-07-21 06:00:00,50206.32457057371,47516.839978990436,2689.4845915832775,500.0,True,83.8323368093279,7808.943217859789,45951.37633216002,906.7120682688704
2025-07-21,C3,12,2025-07-21 12:00:00,57031.84766115253,46836.55346586342,10195.294195289112,500.0,True,719.6898082662598,929.324705704475,44586.70200278674,854.320712713315
2025-07-21,C3,18,2025-07-21 18:00:00,27210.570628780355,26620.029189910467,590.5414388698882,500.0,True,1243.22277371148,0.0,26273.9834563343,720.6575227798861
2025-07-22,C2,6,2025-07-22 06:00:00,69685.62108901644,53279.09423751989,16406.52685149655,0.0,True,13146.053508054743,0.0,48513.63610107637,1046.5973367432507
2025-07-22,C2,12,2025-07-22 12:00:00,45823.819863486104,41026.56143487761,4797.258428608497,0.0,True,1451.838918708143,0.0,35812.4175374884,1010.1697048006739
2025-07-22,C2,18,2025-07-22 18:00:00,25865.059045475427,25263.15692468384,601.9021207915866,0.0,True,3079.4746010504036,0.0,24613.940660649845,206.38364909342522
2025-07-22,C3,6,2025-07-22 06:00:00,69685.62108901644,53279.09423751989,16406.52685149655,500.0,True,13146.053508054743,0.0,48513.63610107637,1046.5973367432507
2025-07-22,C3,12,2025-07-22 12:00:00,45823.819863486104,41026.56143487761,4797.258428608497,500.0,True,1451.838918708143,0.0,35812.4175374884,1010.1697048006739
2025-07-22,C3,18,2025-07-22 18:00:00,25865.059045475427,25263.15692468384,601.9021207915866,500.0,True,3079.4746010504036,0.0,24613.940660649845,206.38364909342522
2025-07-23,C2,6,2025-07-23 06:00:00,45215.480961187684,40880.6003837543,4334.880577433381,0.0,True,0.0,11662.556118243341,40774.37986883631,995.3421619191455
2025-07-23,C2,12,2025-07-23 12:00:00,45726.327847289445,40886.4835565595,4839.844290729947,0.0,True,1815.9863837778803,3050.4179026248403,40151.98698959286,478.42789645755323
2025-07-23,C2,18,2025-07-23 18:00:00,25389.31753067836,25122.491716697063,266.82581398129696,0.0,True,0.0,0.0,21312.96717704043,203.79685007003513
2025-07-23,C3,6,2025-07-23 06:00:00,45215.480961187684,40880.6003837543,4334.880577433381,500.0,True,0.0,11662.556118243341,40774.37986883631,995.3421619191455
2025-07-23,C3,12,2025-07-23 12:00:00,45726.327847289445,40886.4835565595,4839.844290729947,500.0,True,1815.9863837778803,3050.4179026248403,40151.98698959286,478.42789645755323
2025-07-23,C3,18,2025-07-23 18:00:00,25389.31753067836,25122.491716697063,266.82581398129696,500.0,False,0.0,0.0,21312.96717704043,203.79685007003513
2025-07-24,C2,6,2025-07-24 06:00:00,48180.088395620616,45537.73301977784,2642.3553758427734,0.0,True,0.0,7953.9246418519915,45456.41683015445,1061.9355264180435
2025-07-24,C2,12,2025-07-24 12:00:00,50990.822699446486,44350.03905994346,6640.7836395030245,0.0,True,4.6641512381334,1106.497786642442,44013.645664137526,866.7165749999999
2025-07-24,C2,18,2025-07-24 18:00:00,24456.001025860394,24448.17497821475,7.826047645645303,0.0,True,0.0,32.08493745021144,22748.901265811575,16.45408569129995
2025-07-24,C3,6,2025-07-24 06:00:00,48180.088395620616,45537.73301977784,2642.3553758427734,500.0,True,0.0,7953.9246418519915,45456.41683015445,1061.9355264180435
2025-07-24,C3,12,2025-07-24 12:00:00,50990.822699446486,44350.03905994346,6640.7836395030245,500.0,True,4.6641512381334,1106.497786642442,44013.645664137526,866.7165749999999
2025-07-24,C3,18,2025-07-24 18:00:00,24456.001025860394,24448.17497821475,7.826047645645303,500.0,False,0.0,32.08493745021144,22748.901265811575,16.45408569129995
2025-07-25,C2,6,2025-07-25 06:00:00,21039.796229306095,21033.601647333817,6.194581972278684,0.0,True,24.01747966460446,56.73680368396049,19016.751486050314,45.31585901685594
2025-07-25,C2,12,2025-07-25 12:00:00,22085.26061061035,21853.97718140379,231.28342920655996,0.0,True,1281.5403783752845,0.0,20194.465792921925,203.7022815749043
2025-07-25,C2,18,2025-07-25 18:00:00,17949.400834110987,17506.477223149162,442.92361096182503,0.0,True,1509.9189331015182,0.0,16825.591666372504,709.161961223094
2025-07-25,C3,6,2025-07-25 06:00:00,21039.796229306095,21033.601647333817,6.194581972278684,500.0,False,24.01747966460446,56.73680368396049,19016.751486050314,45.31585901685594
2025-07-25,C3,12,2025-07-25 12:00:00,22037.05498046823,21863.52880295251,173.5261775157196,500.0,False,1292.9613230423881,0.0,20202.262300798924,203.7022815749043
2025-07-25,C3,18,2025-07-25 18:00:00,17663.405208980268,17255.236881625704,408.1683273545641,500.0,False,1385.3420933725188,0.0,16574.351324849045,584.5851214940944
2025-07-26,C2,6,2025-07-26 06:00:00,23861.795866992197,22276.89563443933,1584.9002325528672,0.0,True,1905.2943743967016,0.0,21455.361008153846,230.5286471440727
2025-07-26,C2,12,2025-07-26 12:00:00,23417.265887634956,22643.893169829884,773.3727178050722,0.0,True,1.1368683772161603e-13,0.0,18771.696297557544,230.5286471440727
2025-07-26,C2,18,2025-07-26 18:00:00,15672.16295260472,15670.380768153045,1.782184451674766,0.0,True,0.0,13.650388246513671,14086.200289581655,13.650388246513671
2025-07-26,C3,6,2025-07-26 06:00:00,23861.795866992197,22276.89563443933,1584.9002325528672,500.0,True,1905.2943743967016,0.0,21455.361008153846,230.5286471440727
2025-07-26,C3,12,2025-07-26 12:00:00,23417.265887634956,22643.893169829884,773.3727178050722,500.0,True,1.1368683772161603e-13,0.0,18771.696297557544,230.5286471440727
2025-07-26,C3,18,2025-07-26 18:00:00,15672.16295260472,15670.380768153045,1.782184451674766,500.0,False,0.0,13.650388246513671,14086.200289581655,13.650388246513671
2025-07-27,C2,6,2025-07-27 06:00:00,44811.916933953915,43792.06455284843,1019.8523811054838,0.0,True,2383.240506509045,105.86434390618217,40998.16630617985,630.9849208237669
2025-07-27,C2,12,2025-07-27 12:00:00,39493.734655238084,38641.65735628753,852.0772989505567,0.0,True,2296.228397816151,580.1201533769703,36938.680243863266,794.6472800967747
2025-07-27,C2,18,2025-07-27 18:00:00,25529.041153830683,24979.707245479523,549.3339083511601,0.0,True,1132.0396062191307,0.0,24164.885360230168,533.6277912748266
2025-07-27,C3,6,2025-07-27 06:00:00,44811.916933953915,43792.06455284843,1019.8523811054838,500.0,True,2383.240506509045,105.86434390618217,40998.16630617985,630.9849208237669
2025-07-27,C3,12,2025-07-27 12:00:00,39493.734655238084,38641.65735628753,852.0772989505567,500.0,True,2296.228397816151,580.1201533769703,36938.680243863266,794.6472800967747
2025-07-27,C3,18,2025-07-27 18:00:00,25529.041153830683,24979.707245479523,549.3339083511601,500.0,True,1132.0396062191307,0.0,24164.885360230168,533.6277912748266
2025-07-28,C2,6,2025-07-28 06:00:00,52706.34702350156,51090.73910898227,1615.6079145192925,0.0,True,2415.0080135284697,1449.857358645217,50222.27280059667,556.32623985948
2025-07-28,C2,12,2025-07-28 12:00:00,46828.50290596991,45540.77786967141,1287.7250362984996,0.0,True,2068.3406605572573,861.1146948186522,44876.13157749617,713.5198500000001
2025-07-28,C2,18,2025-07-28 18:00:00,26226.566536753253,25778.142441656335,448.4240950969179,0.0,True,1221.4126080576816,204.3612992527518,25580.50421489567,744.3771765793439
2025-07-28,C3,6,2025-07-28 06:00:00,52706.34702350156,51090.73910898227,1615.6079145192925,500.0,True,2415.0080135284697,1449.857358645217,50222.27280059667,556.32623985948
2025-07-28,C3,12,2025-07-28 12:00:00,46828.50290596991,45540.77786967141,1287.7250362984996,500.0,True,2068.3406605572573,861.1146948186522,44876.13157749617,713.5198500000001
2025-07-28,C3,18,2025-07-28 18:00:00,26226.566536753253,25778.142441656335,448.4240950969179,500.0,False,1221.4126080576816,204.3612992527518,25580.50421489567,744.3771765793439
2025-07-29,C2,6,2025-07-29 06:00:00,64114.19179513902,51696.345763831116,12417.846031307905,0.0,True,12127.73856814925,0.0,49452.68709681932,1083.916651909039
2025-07-29,C2,12,2025-07-29 12:00:00,48925.05172267595,47932.02606244266,993.0256602332884,0.0,True,9493.947770067185,0.0,46030.91393829049,899.3249680715276
2025-07-29,C2,18,2025-07-29 18:00:00,25442.570111479945,24245.673307357258,1196.8968041226872,0.0,True,962.5208024213133,0.0,21764.80168241241,510.0154604580315
2025-07-29,C3,6,2025-07-29 06:00:00,64114.19179513902,51696.345763831116,12417.846031307905,500.0,True,12127.73856814925,0.0,49452.68709681932,1083.916651909039
2025-07-29,C3,12,2025-07-29 12:00:00,48925.05172267595,47932.02606244266,993.0256602332884,500.0,True,9493.947770067185,0.0,46030.91393829049,899.3249680715276
2025-07-29,C3,18,2025-07-29 18:00:00,25442.570111479945,24245.673307357258,1196.8968041226872,500.0,True,962.5208024213133,0.0,21764.80168241241,510.0154604580315
2025-07-30,C2,6,2025-07-30 06:00:00,57652.66975157678,48049.93619129385,9602.733560282933,0.0,True,8780.365153619274,0.0,44397.4770426537,982.2820608416071
2025-07-30,C2,12,2025-07-30 12:00:00,41480.3969182693,41153.220618634594,327.1762996347097,0.0,True,2273.317951736521,0.0,36727.21244413774,618.280328420307
2025-07-30,C2,18,2025-07-30 18:00:00,27219.823182693402,25809.183564254312,1410.6396184390906,0.0,True,1720.4773813629563,0.0,25384.3885372368,699.3314586298859
2025-07-30,C3,6,2025-07-30 06:00:00,57652.66975157678,48049.93619129385,9602.733560282933,500.0,True,8780.365153619274,0.0,44397.4770426537,982.2820608416071
2025-07-30,C3,12,2025-07-30 12:00:00,41480.3969182693,41153.220618634594,327.1762996347097,500.0,False,2273.317951736521,0.0,36727.21244413774,618.280328420307
2025-07-30,C3,18,2025-07-30 18:00:00,27618.145195109428,26192.997072493043,1425.148122616385,500.0,True,1910.5503837452534,0.0,25768.08709620226,772.3151241987206
2025-07-31,C2,6,2025-07-31 06:00:00,53805.5143811814,46262.93346968296,7542.580911498437,0.0,True,10901.123917559004,0.0,44422.05815988073,1138.9954115671183
2025-07-31,C2,12,2025-07-31 12:00:00,46550.59609028542,44987.86088325108,1562.7352070343404,0.0,True,10100.484770833667,0.0,43095.91726773453,864.8742974085442
2025-07-31,C2,18,2025-07-31 18:00:00,24997.470580809182,24722.70566112676,274.76491968242044,0.0,True,82.81342026025197,0.0,20574.501837974534,192.16296043931607
2025-07-31,C3,6,2025-07-31 06:00:00,53805.5143811814,46262.93346968296,7542.580911498437,500.0,True,10901.123917559004,0.0,44422.05815988073,1138.9954115671183
2025-07-31,C3,12,2025-07-31 12:00:00,46550.59609028542,44987.86088325108,1562.7352070343404,500.0,True,10100.484770833667,0.0,43095.91726773453,864.8742974085442
2025-07-31,C3,18,2025-07-31 18:00:00,24997.470580809182,24722.70566112676,274.76491968242044,500.0,False,82.81342026025197,0.0,20574.501837974534,192.16296043931607
2025-08-01,C2,6,2025-08-01 06:00:00,20645.309010233035,20371.898382112402,273.4106281206332,0.0,True,485.60128611898494,221.00362857896573,16595.7133393298,161.23827655688297
2025-08-01,C2,12,2025-08-01 12:00:00,16595.713339329803,15179.687685954044,1416.0256533757583,0.0,True,0.0,1627.7676973811158,15111.126734929143,161.23827655688297
2025-08-01,C2,18,2025-08-01 18:00:00,15277.1549665067,15013.749286061886,263.4056804448137,0.0,True,485.6974527856531,0.0,11836.160694760092,154.0901704936157
2025-08-01,C3,6,2025-08-01 06:00:00,20645.309010233035,20371.898382112402,273.4106281206332,500.0,False,485.60128611898494,221.00362857896573,16595.7133393298,161.23827655688297
2025-08-01,C3,12,2025-08-01 12:00:00,15856.021311489589,15179.687685954044,676.3336255355443,500.0,True,0.0,1627.7676973811158,15111.126734929143,159.95771978091443
2025-08-01,C3,18,2025-08-01 18:00:00,15277.1549665067,15013.749286061886,263.4056804448137,500.0,False,485.6974527856531,0.0,11836.160694760092,154.0901704936157
2025-08-02,C2,6,2025-08-02 06:00:00,22937.49325312729,21480.110760881817,1457.3824922454733,0.0,True,0.0,4273.643117502852,20886.597339293912,961.3725679115738
2025-08-02,C2,12,2025-08-02 12:00:00,23009.390967334708,22084.804621519557,924.5863458151507,0.0,True,0.0,2110.2480087616796,21671.963878644758,741.4204338230571
2025-08-02,C2,18,2025-08-02 18:00:00,19658.421121473202,17540.220527649708,2118.2005938234943,0.0,True,1248.18498878069,63.92175707324384,17031.16684954203,723.1719703590481
2025-08-02,C3,6,2025-08-02 06:00:00,22938.545265172776,21480.63676690456,1457.9084982682143,500.0,True,0.0,4276.200890528591,20887.123345316653,961.3725679115738
2025-08-02,C3,12,2025-08-02 12:00:00,23009.916973357453,22085.067624530926,924.8493488265267,500.0,True,0.0,2110.2480087616796,21673.015890690243,741.4204338230571
2025-08-02,C3,18,2025-08-02 18:00:00,19658.421121473202,17540.220527649708,2118.2005938234943,500.0,True,1248.18498878069,63.92175707324384,17031.16684954203,723.1719703590481
2025-08-03,C2,6,2025-08-03 06:00:00,41255.68684765258,36020.387056001935,5235.299791650643,0.0,True,3580.27699362825,0.0,31099.648645414232,605.5732992361861
2025-08-03,C2,12,2025-08-03 12:00:00,38581.46365946028,37641.10040355212,940.3632559081598,0.0,True,7226.6204613290865,0.0,35817.782301613945,223.10243610247164
2025-08-03,C2,18,2025-08-03 18:00:00,25262.101365536288,24271.72479806704,990.3765674692477,0.0,True,1566.9369784348478,0.0,21182.260755126277,778.8688917677666
2025-08-03,C3,6,2025-08-03 06:00:00,41255.68684765258,36020.387056001935,5235.299791650643,500.0,True,3580.27699362825,0.0,31099.648645414232,605.5732992361861
2025-08-03,C3,12,2025-08-03 12:00:00,38581.46365946028,37641.10040355212,940.3632559081598,500.0,True,7226.6204613290865,0.0,35817.782301613945,223.10243610247164
2025-08-03,C3,18,2025-08-03 18:00:00,25262.101365536288,24271.72479806704,990.3765674692477,500.0,True,1566.9369784348478,0.0,21182.260755126277,778.8688917677666
2025-08-04,C2,6,2025-08-04 06:00:00,41747.934003195835,41669.69228591782,78.24171727801149,0.0,True,309.45957284018016,577.84497299865,39869.2286025458,237.04534592435107
2025-08-04,C2,12,2025-08-04 12:00:00,39938.138664768114,39764.471608656844,173.66705611126963,0.0,True,0.0,248.48096468249014,38392.74666448181,151.0620739797314
2025-08-04,C2,18,2025-08-04 18:00:00,22758.196472895066,22178.08259026439,580.1138826306778,0.0,True,0.0,2063.569670791632,21999.555144706632,189.73637217256328
2025-08-04,C3,6,2025-08-04 06:00:00,41747.934003195835,41669.69228591782,78.24171727801149,500.0,False,309.45957284018016,577.84497299865,39869.2286025458,237.04534592435107
2025-08-04,C3,12,2025-08-04 12:00:00,40012.66217944678,39961.45585457686,51.20632486991963,500.0,False,0.0,248.48096468249014,38392.74666448181,151.0620739797314
2025-08-04,C3,18,2025-08-04 18:00:00,22778.13445486255,22178.08259026439,600.051864598161,500.0,True,0.0,2063.569670791632,21999.555144706632,189.73637217256328
2025-08-05,C2,6,2025-08-05 06:00:00,40251.72873921049,40251.728739210484,7.275957614183426e-12,0.0,False,0.0,54.45033546720538,36351.37773372029,54.45033546720515
2025-08-05,C2,12,2025-08-05 12:00:00,36788.88202034873,36612.04631578881,176.83570455991867,0.0,True,567.5259915046762,488.6837019523837,35849.77260847733,381.745179205352
2025-08-05,C2,18,2025-08-05 18:00:00,25065.352980381034,24957.624160626918,107.72881975411656,0.0,True,0.0,60.726294688892494,22269.630092929307,91.48318995191335
2025-08-05,C3,6,2025-08-05 06:00:00,40251.72873921049,40251.728739210484,7.275957614183426e-12,500.0,False,0.0,54.45033546720538,36351.37773372029,54.45033546720515
2025-08-05,C3,12,2025-08-05 12:00:00,36788.88202034873,36612.04631578881,176.83570455991867,500.0,False,567.5259915046762,488.6837019523837,35849.77260847733,381.745179205352
2025-08-05,C3,18,2025-08-05 18:00:00,24971.462253024045,24957.624160626918,13.838092397127184,500.0,False,0.0,60.726294688892494,22269.630092929307,42.27278659850106
2025-08-06,C2,6,2025-08-06 06:00:00,46410.54741933557,40172.14238554726,6238.405033788309,0.0,True,914.0426637392845,13057.930364303567,39677.92022045955,1178.6310782294809
2025-08-06,C2,12,2025-08-06 12:00:00,44198.14391024184,41903.86537113242,2294.278539109415,0.0,True,0.0,3339.2959149742805,41756.34706776383,942.3954027413125
2025-08-06,C2,18,2025-08-06 18:00:00,25041.825003764752,24987.93762989353,53.887373871220916,0.0,True,0.0,97.75491362229809,22224.14385052425,29.622988215262353
2025-08-06,C3,6,2025-08-06 06:00:00,46410.54741933557,40172.14238554726,6238.405033788309,500.0,True,914.0426637392845,13057.930364303567,39677.92022045955,1178.6310782294809
2025-08-06,C3,12,2025-08-06 12:00:00,44198.14391024184,41903.86537113242,2294.278539109415,500.0,True,0.0,3339.2959149742805,41756.34706776383,942.3954027413125
2025-08-06,C3,18,2025-08-06 18:00:00,25041.825003764752,24987.93762989353,53.887373871220916,500.0,False,0.0,97.75491362229809,22224.14385052425,29.622988215262353
2025-08-07,C2,6,2025-08-07 06:00:00,42037.44980199437,39732.356686354025,2305.093115640346,0.0,True,853.1841945199229,6880.8241299177325,35296.83918074485,988.3152090998611
2025-08-07,C2,12,2025-08-07 12:00:00,38412.437400204544,38119.72606466604,292.71133553850086,0.0,True,1119.0016321333483,3669.8027109419218,33428.80833937123,562.6956811672279
2025-08-07,C2,18,2025-08-07 18:00:00,18764.08969519892,18298.78032786417,465.3093673347503,0.0,True,229.30235834344512,104.54187880579377,18166.69529755409,90.81120262222169
2025-08-07,C3,6,2025-08-07 06:00:00,42037.44980199437,39732.356686354025,2305.093115640346,500.0,True,853.1841945199229,6880.8241299177325,35296.83918074485,988.3152090998611
2025-08-07,C3,12,2025-08-07 12:00:00,38412.437400204544,38119.72606466604,292.71133553850086,500.0,False,1119.0016321333483,3669.8027109419218,33428.80833937123,562.6956811672279
2025-08-07,C3,18,2025-08-07 18:00:00,18391.62230399845,18276.33217932565,115.29012467279972,500.0,False,229.30235834344603,137.78615560274523,18144.471982709707,56.57545054704667
2025-08-08,C2,6,2025-08-08 06:00:00,17649.387350704503,15975.767937320268,1673.6194133842346,0.0,True,0.0,3810.881523402195,15869.707291162113,771.7875300583349
2025-08-08,C2,12,2025-08-08 12:00:00,20064.96197906419,18754.98847034738,1309.9735087168083,0.0,True,0.0,0.0,17579.18142636331,771.7875300583349
2025-08-08,C2,18,2025-08-08 18:00:00,16141.539103229132,16141.539103229132,0.0,0.0,False,0.0,0.0,13263.65049320031,0.0
2025-08-08,C3,6,2025-08-08 06:00:00,17649.387350704503,15975.767937320268,1673.6194133842346,500.0,True,0.0,3810.881523402195,15869.707291162113,771.7875300583349
2025-08-08,C3,12,2025-08-08 12:00:00,20064.96197906419,18754.98847034738,1309.9735087168083,500.0,True,0.0,0.0,17579.18142636331,771.7875300583349
2025-08-08,C3,18,2025-08-08 18:00:00,16141.539103229132,16141.539103229132,0.0,500.0,False,0.0,0.0,13263.65049320031,0.0
2025-08-09,C2,6,2025-08-09 06:00:00,18191.812116100824,17807.111604883186,384.70051121763754,0.0,True,164.23408874523193,543.7043760972963,14424.60059682462,188.41390604667504
2025-08-09,C2,12,2025-08-09 12:00:00,18041.654591535902,17553.756319391974,487.8982721439279,0.0,True,186.03493240732018,0.0,14761.99710875624,188.41390604667504
2025-08-09,C2,18,2025-08-09 18:00:00,14322.670791078503,14275.852763840163,46.81802723833971,0.0,True,0.0,0.0,10335.088866599615,111.66895580032337
2025-08-09,C3,6,2025-08-09 06:00:00,18191.812116100824,17807.111604883186,384.70051121763754,500.0,False,164.23408874523193,543.7043760972963,14424.60059682462,188.41390604667504
2025-08-09,C3,12,2025-08-09 12:00:00,17767.405813243695,17651.919750414396,115.48606282929904,500.0,False,334.7477430084116,0.0,14853.745477256585,185.54106673805643
2025-08-09,C3,18,2025-08-09 18:00:00,14274.503536833776,14274.503536833776,0.0,500.0,False,0.0,0.0,10335.088866599615,0.0
2025-08-10,C2,6,2025-08-10 06:00:00,39935.06561339017,38970.245108173774,964.8205052163976,0.0,True,1098.4535816853836,535.3019362122573,33558.075114139036,303.3342058060397
2025-08-10,C2,12,2025-08-10 12:00:00,37164.96157185807,37015.43615263778,149.52541922028468,0.0,True,34.347199451826896,69.52872799535135,32386.0780691033,146.94913604063913
2025-08-10,C2,18,2025-08-10 18:00:00,23003.322191477866,22995.23562656233,8.086564915534836,0.0,True,15.24754012780727,0.0,19171.112489870746,14.77992556847812
2025-08-10,C3,6,2025-08-10 06:00:00,39935.06561339017,38970.245108173774,964.8205052163976,500.0,True,1098.4535816853836,535.3019362122573,33558.075114139036,303.3342058060397
2025-08-10,C3,12,2025-08-10 12:00:00,37164.96157185807,37015.43615263778,149.52541922028468,500.0,False,34.347199451826896,69.52872799535135,32386.0780691033,146.94913604063913
2025-08-10,C3,18,2025-08-10 18:00:00,23008.414071964446,22968.16286075538,40.25121120906624,500.0,False,15.24754012780727,0.0,19171.112489870746,105.52422114129911
2025-08-11,C2,6,2025-08-11 06:00:00,41895.4473680727,40060.065743075116,1835.3816249975862,0.0,True,2750.9889166565818,0.0,34498.06402745863,422.80140110269605
2025-08-11,C2,12,2025-08-11 12:00:00,39254.122460125494,39120.0699476819,134.05251244359533,0.0,True,1478.128592577752,0.0,32038.68328060589,214.41699783540173
2025-08-11,C2,18,2025-08-11 18:00:00,25750.64012225831,24001.494075831677,1749.1460464266347,0.0,True,3714.3598959190476,0.0,23738.208409090126,233.23479234283116
2025-08-11,C3,6,2025-08-11 06:00:00,41895.4473680727,40060.065743075116,1835.3816249975862,500.0,True,2750.9889166565818,0.0,34498.06402745863,422.80140110269605
2025-08-11,C3,12,2025-08-11 12:00:00,39254.122460125494,39120.0699476819,134.05251244359533,500.0,False,1478.128592577752,0.0,32038.68328060589,214.41699783540173
2025-08-11,C3,18,2025-08-11 18:00:00,25817.5624285347,24096.075243680152,1721.487184854548,500.0,True,3761.415203306349,0.0,23832.7895769386,205.0450838183367
2025-08-12,C2,6,2025-08-12 06:00:00,41349.17526716671,41264.24006549892,84.9352016677949,0.0,True,0.0,591.6201823069474,36922.37328119524,173.05331968504265
2025-08-12,C2,12,2025-08-12 12:00:00,34459.98624570875,33216.124030302664,1243.8622154060868,0.0,True,0.0,3839.5925767416998,33173.66504147438,301.26493636318446
2025-08-12,C2,18,2025-08-12 18:00:00,25464.237254271116,22733.49391339633,2730.7433408747856,0.0,True,861.9699098241701,0.0,22441.08625127332,195.24252552319035
2025-08-12,C3,6,2025-08-12 06:00:00,41349.17526716671,41264.24006549892,84.9352016677949,500.0,False,0.0,591.6201823069474,36922.37328119524,173.05331968504265
2025-08-12,C3,12,2025-08-12 12:00:00,34589.774469233475,33216.124030302664,1373.6504389308102,500.0,True,0.0,3839.5925767416998,33173.66504147438,301.26493636318446
2025-08-12,C3,18,2025-08-12 18:00:00,25464.237254271116,22733.49391339633,2730.7433408747856,500.0,True,861.9699098241701,0.0,22441.08625127332,195.24252552319035
2025-08-13,C2,6,2025-08-13 06:00:00,35926.20768097417,34390.601069961995,1535.6066110121756,0.0,True,0.0,4601.083047625921,33877.065609169156,335.6461467391831
2025-08-13,C2,12,2025-08-13 12:00:00,32924.8741559782,32476.733329859835,448.1408261183642,0.0,True,0.0,4248.688465696623,32382.758752715257,204.7314948868011
2025-08-13,C2,18,2025-08-13 18:00:00,22905.39700693842,22003.68801406616,901.7089928722598,0.0,True,0.0,76.44735983663543,21952.720906292623,196.2721260359914
2025-08-13,C3,6,2025-08-13 06:00:00,35926.20768097417,34390.601069961995,1535.6066110121756,500.0,True,0.0,4601.083047625921,33877.065609169156,335.6461467391831
2025-08-13,C3,12,2025-08-13 12:00:00,32924.8741559782,32476.733329859835,448.1408261183642,500.0,False,0.0,4248.688465696623,32382.758752715257,204.7314948868011
2025-08-13,C3,18,2025-08-13 18:00:00,23208.408467779253,22633.988307929696,574.4201598495565,500.0,True,0.0,40.21159836841366,21977.06946252844,335.6461467391831
2025-08-14,C2,6,2025-08-14 06:00:00,41662.487346401904,39520.186658879524,2142.30068752238,0.0,True,1201.088891133009,1098.3510882642606,38997.97652719324,364.8537634609945
2025-08-14,C2,12,2025-08-14 12:00:00,38787.20579841787,38644.288431279245,142.91736713862338,0.0,True,0.0,127.2437131380276,36487.630713683626,160.52979432336997
2025-08-14,C2,18,2025-08-14 18:00:00,23309.635573419906,23204.22722491444,105.40834850546526,0.0,True,83.98786266771401,0.0,21687.316331174017,83.98786266771401
2025-08-14,C3,6,2025-08-14 06:00:00,41662.487346401904,39520.186658879524,2142.30068752238,500.0,True,1201.088891133009,1098.3510882642606,38997.97652719324,364.8537634609945
2025-08-14,C3,12,2025-08-14 12:00:00,38787.20579841787,38644.288431279245,142.91736713862338,500.0,False,0.0,127.2437131380276,36487.630713683626,160.52979432336997
2025-08-14,C3,18,2025-08-14 18:00:00,23316.277467031676,23266.16165482932,50.1158122023553,500.0,False,114.72531516771392,0.0,21749.098610699013,114.72531516771392
2025-08-15,C2,6,2025-08-15 06:00:00,15935.485832292681,15366.852649063063,568.6331832296182,0.0,True,124.09402072538353,1223.1800798984393,15207.59922432554,136.10678141726802
2025-08-15,C2,12,2025-08-15 12:00:00,18495.88797264779,18086.971451883885,408.9165207639053,0.0,True,20.140618746325572,332.7028630024887,15495.592326671167,102.06261184266208
2025-08-15,C2,18,2025-08-15 18:00:00,10862.124186566462,10819.052662117569,43.07152444889289,0.0,True,0.0,155.92878471704682,10643.108816323273,84.01644143792828
2025-08-15,C3,6,2025-08-15 06:00:00,15935.485832292681,15366.852649063063,568.6331832296182,500.0,True,124.09402072538353,1223.1800798984393,15207.59922432554,136.10678141726802
2025-08-15,C3,12,2025-08-15 12:00:00,18495.88797264779,18086.971451883885,408.9165207639053,500.0,False,20.140618746325572,332.7028630024887,15495.592326671167,102.06261184266208
2025-08-15,C3,18,2025-08-15 18:00:00,10939.292563755393,10804.780949172484,134.5116145829088,500.0,False,0.0,164.54598163009075,10641.226820517462,92.63363835097209
2025-08-16,C2,6,2025-08-16 06:00:00,20512.354104796777,19618.637578846607,893.7165259501708,0.0,True,278.963128236663,1766.907917414706,17337.51881325161,196.73048286093092
2025-08-16,C2,12,2025-08-16 12:00:00,18189.05489581429,17712.55612247294,476.4987733413509,0.0,True,0.0,2880.792265973836,16470.283462082996,147.69302048855974
2025-08-16,C2,18,2025-08-16 18:00:00,12764.224832095362,12764.224832095362,0.0,0.0,False,0.0,0.0,11343.450590848845,0.0
2025-08-16,C3,6,2025-08-16 06:00:00,20512.354104796777,19618.637578846607,893.7165259501708,500.0,True,278.963128236663,1766.907917414706,17337.51881325161,196.73048286093092
2025-08-16,C3,12,2025-08-16 12:00:00,18189.05489581429,17712.55612247294,476.4987733413509,500.0,False,0.0,2880.792265973836,16470.283462082996,147.69302048855974
2025-08-16,C3,18,2025-08-16 18:00:00,12776.676525108138,12776.676525108138,0.0,500.0,False,0.0,0.0,11343.450590848845,0.0
2025-08-17,C2,6,2025-08-17 06:00:00,32201.954343168163,31037.355403084315,1164.598940083848,0.0,True,0.0,3374.5426634685527,30938.45579965122,757.3806880590861
2025-08-17,C2,12,2025-08-17 12:00:00,33886.02383029074,32182.01082109017,1704.0130092005675,0.0,True,3.120906513496948,3253.876812453677,30179.282692769913,575.0547722195043
2025-08-17,C2,18,2025-08-17 18:00:00,21511.43583056375,21428.456062175588,82.97976838816248,0.0,True,167.0887365372206,0.0,19101.646527292418,59.46693250082444
2025-08-17,C3,6,2025-08-17 06:00:00,32201.954343168163,31037.355403084315,1164.598940083848,500.0,True,0.0,3374.5426634685527,30938.45579965122,757.3806880590861
2025-08-17,C3,12,2025-08-17 12:00:00,33886.02383029074,32182.01082109017,1704.0130092005675,500.0,True,3.120906513496948,3253.876812453677,30179.282692769913,575.0547722195043
2025-08-17,C3,18,2025-08-17 18:00:00,21511.43583056375,21428.456062175588,82.97976838816248,500.0,False,167.0887365372206,0.0,19101.646527292418,59.46693250082444
2025-08-18,C2,6,2025-08-18 06:00:00,35183.20794551538,33981.74933500191,1201.458610513473,0.0,True,371.74657071809156,2808.8030520420507,33353.52835560583,405.0058777566571
2025-08-18,C2,12,2025-08-18 12:00:00,39610.197690801535,38174.98916944138,1435.208521360153,0.0,True,201.7249894085005,0.0,33568.31056606918,405.0058777566571
2025-08-18,C2,18,2025-08-18 18:00:00,19850.03967588659,19745.976791020028,104.06288486656194,0.0,True,67.8420603434464,6.522022435553708,19437.01602423873,58.92362094053351
2025-08-18,C3,6,2025-08-18 06:00:00,35183.20794551538,33981.74933500191,1201.458610513473,500.0,True,371.74657071809156,2808.8030520420507,33353.52835560583,405.0058777566571
2025-08-18,C3,12,2025-08-18 12:00:00,39610.197690801535,38174.98916944138,1435.208521360153,500.0,True,201.7249894085005,0.0,33568.31056606918,405.0058777566571
2025-08-18,C3,18,2025-08-18 18:00:00,19850.03967588659,19745.976791020028,104.06288486656194,500.0,False,67.8420603434464,6.522022435553708,19437.01602423873,58.92362094053351
2025-08-19,C2,6,2025-08-19 06:00:00,38365.3424098652,38230.00385126655,135.33855859865434,0.0,True,0.0,1078.2665112036339,37651.8183036668,144.98255457472203
2025-08-19,C2,12,2025-08-19 12:00:00,46821.59774388179,43462.149156438616,3359.4485874431775,0.0,True,5637.810011237642,54.120016666667084,42634.48876631797,892.5802833201999
2025-08-19,C2,18,2025-08-19 18:00:00,24024.91909904282,24024.91909904282,0.0,0.0,False,0.0,0.0,22578.85023748359,1.1368683772161603e-13
2025-08-19,C3,6,2025-08-19 06:00:00,38365.3424098652,38230.00385126655,135.33855859865434,500.0,False,0.0,1078.2665112036339,37651.8183036668,144.98255457472203
2025-08-19,C3,12,2025-08-19 12:00:00,44814.539758859115,43462.149156438616,1352.390602420499,500.0,True,5637.810011237642,54.120016666667084,42634.48876631797,888.9328833333333
2025-08-19,C3,18,2025-08-19 18:00:00,24024.91909904282,24024.91909904282,0.0,500.0,False,0.0,0.0,22578.85023748359,1.1368683772161603e-13
2025-08-20,C2,6,2025-08-20 06:00:00,48219.35613090775,44264.63319441009,3954.7229364976592,0.0,True,1326.6824216149134,6180.413990145677,42220.204184000664,815.9199761367726
2025-08-20,C2,12,2025-08-20 12:00:00,40108.536342455205,39377.23213319774,731.3042092574688,0.0,True,0.0,1794.7863224692644,37389.610999452205,746.6281372478837
2025-08-20,C2,18,2025-08-20 18:00:00,22094.622437574857,21674.67329421006,419.9491433647963,0.0,True,95.7986954057036,1397.2656153199828,21486.246623920404,142.7975254939313
2025-08-20,C3,6,2025-08-20 06:00:00,48219.35613090775,44264.63319441009,3954.7229364976592,500.0,True,1326.6824216149134,6180.413990145677,42220.204184000664,815.9199761367726
2025-08-20,C3,12,2025-08-20 12:00:00,40108.536342455205,39377.23213319774,731.3042092574688,500.0,True,0.0,1794.7863224692644,37389.610999452205,746.6281372478837
2025-08-20,C3,18,2025-08-20 18:00:00,22094.622437574857,21674.67329421006,419.9491433647963,500.0,False,95.7986954057036,1397.2656153199828,21486.246623920404,142.7975254939313
2025-08-21,C2,6,2025-08-21 06:00:00,37450.03621576484,36838.17613173365,611.860084031192,0.0,True,805.949233484005,437.57665994262425,33028.787530019836,156.5975407825697
2025-08-21,C2,12,2025-08-21 12:00:00,34414.98439156708,34178.02341948735,236.9609720797307,0.0,True,1694.0838610182823,264.6771150545271,32948.221789907286,540.4420525762692
2025-08-21,C2,18,2025-08-21 18:00:00,19018.659011102915,19005.715997222072,12.943013880842045,0.0,True,51.81726246325525,116.83563775028392,18735.30442699294,62.937149651812206
2025-08-21,C3,6,2025-08-21 06:00:00,37450.03621576484,36838.17613173365,611.860084031192,500.0,True,805.949233484005,437.57665994262425,33028.787530019836,156.5975407825697
2025-08-21,C3,12,2025-08-21 12:00:00,34414.98439156708,34178.02341948735,236.9609720797307,500.0,False,1694.0838610182823,264.6771150545271,32948.221789907286,540.4420525762692
2025-08-21,C3,18,2025-08-21 18:00:00,19097.091796059158,19028.621355415144,68.47044064401416,500.0,False,68.80684723782156,116.83563775028392,18769.662464282548,62.937149651812206
2025-08-22,C2,6,2025-08-22 06:00:00,18863.8253835388,18682.95163712957,180.87374640923008,0.0,True,372.6371395932181,88.192989646512,15044.71776598255,92.00733807604877
2025-08-22,C2,12,2025-08-22 12:00:00,19527.83325143968,19446.151099448234,81.6821519914447,0.0,True,172.74247825937687,0.0,14829.347073493853,64.60505055293761
2025-08-22,C2,18,2025-08-22 18:00:00,12994.111074412145,12927.893600206482,66.21747420566317,0.0,True,32.69965289734364,0.0,10487.925494136407,131.5233727471376
2025-08-22,C3,6,2025-08-22 06:00:00,18863.8253835388,18682.95163712957,180.87374640923008,500.0,False,372.6371395932181,88.192989646512,15044.71776598255,92.00733807604877
2025-08-22,C3,12,2025-08-22 12:00:00,19653.507253627664,19552.03579284277,101.47146078489459,500.0,False,172.74247825937687,0.0,14829.347073493853,131.5233727471376
2025-08-22,C3,18,2025-08-22 18:00:00,12967.518809223628,12964.237917638404,3.2808915852237988,500.0,False,32.69965289734364,0.0,10487.925494136407,30.900166079915834
2025-08-23,C2,6,2025-08-23 06:00:00,18552.11638307793,18552.11638307793,0.0,0.0,False,0.0,0.0,17488.056677539556,0.0
2025-08-23,C2,12,2025-08-23 12:00:00,17576.710670703396,17364.43639914294,212.2742715604545,0.0,True,0.0,712.2569882172984,17265.103620947095,128.03890345187517
2025-08-23,C2,18,2025-08-23 18:00:00,16128.133004479718,15900.112349624353,228.02065485536514,0.0,True,135.9362622307524,0.0,13767.299128603396,131.21496747776348
2025-08-23,C3,6,2025-08-23 06:00:00,18552.11638307793,18552.11638307793,0.0,500.0,False,0.0,0.0,17488.056677539556,0.0
2025-08-23,C3,12,2025-08-23 12:00:00,17576.710670703396,17364.43639914294,212.2742715604545,500.0,False,0.0,712.2569882172984,17265.103620947095,128.03890345187517
2025-08-23,C3,18,2025-08-23 18:00:00,15947.752810981958,15906.126667759328,41.62614322262925,500.0,False,138.92010998764,0.0,13773.296662594741,134.19881523465108
2025-08-24,C2,6,2025-08-24 06:00:00,36673.827113444895,35999.80425705523,674.0228563896671,0.0,True,603.0938311013375,1402.095098806014,30479.556914095232,751.6453840141783
2025-08-24,C2,12,2025-08-24 12:00:00,45097.064936529765,38599.86730084015,6497.197635689612,0.0,True,3033.4935632250235,0.0,33106.32130250582,844.1058100993237
2025-08-24,C2,18,2025-08-24 18:00:00,19469.44033440387,19327.108627694997,142.33170670887193,0.0,True,173.1639679753789,140.62028421261243,18616.758491652556,61.70092970356029
2025-08-24,C3,6,2025-08-24 06:00:00,36673.827113444895,35999.80425705523,674.0228563896671,500.0,True,603.0938311013375,1402.095098806014,30479.556914095232,751.6453840141783
2025-08-24,C3,12,2025-08-24 12:00:00,45097.064936529765,38599.86730084015,6497.197635689612,500.0,True,3033.4935632250235,0.0,33106.32130250582,844.1058100993237
2025-08-24,C3,18,2025-08-24 18:00:00,19469.44033440387,19327.108627694997,142.33170670887193,500.0,False,173.1639679753789,140.62028421261243,18616.758491652556,61.70092970356029
2025-08-25,C2,6,2025-08-25 06:00:00,51026.91494528887,45865.25660871096,5161.658336577908,0.0,True,61.555428432180065,15542.63929247651,43161.438205104496,1163.2237389500533
2025-08-25,C2,12,2025-08-25 12:00:00,42453.97181304469,42178.75302186663,275.21879117806384,0.0,True,110.09219683424988,10646.234474452998,39713.707048624296,620.8349515000673
2025-08-25,C2,18,2025-08-25 18:00:00,19758.340486249337,19535.993617289514,222.34686895982304,0.0,True,3.6889746034570408,181.52524358431947,19435.443514763138,63.0230668013769
2025-08-25,C3,6,2025-08-25 06:00:00,51026.91494528887,45865.25660871096,5161.658336577908,500.0,True,61.555428432180065,15542.63929247651,43161.438205104496,1163.2237389500533
2025-08-25,C3,12,2025-08-25 12:00:00,42453.97181304469,42178.75302186663,275.21879117806384,500.0,False,110.09219683424988,10646.234474452998,39713.707048624296,620.8349515000673
2025-08-25,C3,18,2025-08-25 18:00:00,19697.04531897368,19498.65033768324,198.39498129043932,500.0,False,3.6889746034570408,241.44717988317097,19398.10023515686,73.4031791865848
2025-08-26,C2,6,2025-08-26 06:00:00,42602.67812825097,41199.75801130476,1402.9201169462103,0.0,True,5352.303511351936,0.0,37524.3623072642,617.3698266226453
2025-08-26,C2,12,2025-08-26 12:00:00,40782.88151077212,40421.68937127147,361.1921395006502,0.0,True,3811.6995416088803,0.0,36116.63245536423,524.8963821442229
2025-08-26,C2,18,2025-08-26 18:00:00,21229.566581860472,20998.920708222024,230.6458736384484,0.0,True,149.55506003101016,0.0,19840.97836160249,140.0685523515184
2025-08-26,C3,6,2025-08-26 06:00:00,42602.67812825098,41199.75801130476,1402.9201169462176,500.0,True,5352.303511351938,0.0,37524.3623072642,617.3698266226453
2025-08-26,C3,12,2025-08-26 12:00:00,40782.88151077212,40421.68937127147,361.1921395006502,500.0,False,3811.6995416088803,0.0,36116.63245536423,524.8963821442229
2025-08-26,C3,18,2025-08-26 18:00:00,20704.614908874228,20610.658999158506,93.95590971572165,500.0,False,149.55506003101016,0.0,19840.97836160249,58.8283324474246
2025-08-27,C2,6,2025-08-27 06:00:00,44773.065486526946,44405.66521800916,367.40026851778384,0.0,True,1236.1293761015158,11.596141899543909,39978.796265491175,332.40092222053306
2025-08-27,C2,12,2025-08-27 12:00:00,38868.82444402381,38238.41034127059,630.4141027532241,0.0,True,0.0,46.44946112284481,35223.427089362354,332.40092222053306
2025-08-27,C2,18,2025-08-27 18:00:00,23794.010961687873,23770.959894132695,23.051067555177724,0.0,True,7.123208485886835,0.0,21801.106460110554,23.75751267711371
2025-08-27,C3,6,2025-08-27 06:00:00,44773.065486526946,44405.66521800916,367.40026851778384,500.0,False,1236.1293761015158,11.596141899543909,39978.796265491175,332.40092222053306
2025-08-27,C3,12,2025-08-27 12:00:00,37702.182032091965,37697.054033278626,5.127998813339218,500.0,False,0.0,46.44946112284481,35223.427089362354,23.75751267711371
2025-08-27,C3,18,2025-08-27 18:00:00,23773.03346012294,23770.959894132695,2.0735659902456973,500.0,False,7.123208485886835,0.0,21801.106460110554,7.123208485886835
2025-08-28,C2,6,2025-08-28 06:00:00,52759.99256403986,43183.19433236698,9576.798231672881,0.0,True,6555.230588410162,0.0,35217.92730554864,971.5605032835042
2025-08-28,C2,12,2025-08-28 12:00:00,39520.86547152137,38705.120676013525,815.744795507846,0.0,True,5099.6138783900105,0.0,34837.91746576233,457.0402830788879
2025-08-28,C2,18,2025-08-28 18:00:00,22209.11232548361,22029.660480089064,179.45184539454567,0.0,True,670.9262216248143,0.0,19602.00159992898,108.8181729808548
2025-08-28,C3,6,2025-08-28 06:00:00,52759.99256403986,43183.19433236698,9576.798231672881,500.0,True,6555.230588410162,0.0,35217.92730554864,971.5605032835042
2025-08-28,C3,12,2025-08-28 12:00:00,39520.86547152137,38705.120676013525,815.744795507846,500.0,True,5099.6138783900105,0.0,34837.91746576233,457.0402830788879
2025-08-28,C3,18,2025-08-28 18:00:00,22209.11232548361,22029.660480089064,179.45184539454567,500.0,False,670.9262216248143,0.0,19602.00159992898,108.8181729808548
2025-08-29,C2,6,2025-08-29 06:00:00,20780.210430509636,20003.27794103827,776.9324894713682,0.0,True,145.4552139732333,1798.1381791308477,17772.705495292194,212.93432007698425
2025-08-29,C2,12,2025-08-29 12:00:00,21142.213073875253,20898.91076857847,243.30230529678374,0.0,True,0.0,404.501239250031,18167.886558286522,212.93432007698425
2025-08-29,C2,18,2025-08-29 18:00:00,13646.91136632927,13646.91136632927,0.0,0.0,False,0.0,50.63113165987966,11597.143585192105,0.0
2025-08-29,C3,6,2025-08-29 06:00:00,20780.210430509636,20003.27794103827,776.9324894713682,500.0,True,145.4552139732333,1798.1381791308477,17772.705495292194,212.93432007698425
2025-08-29,C3,12,2025-08-29 12:00:00,21142.213073875253,20898.91076857847,243.30230529678374,500.0,False,0.0,404.501239250031,18167.886558286522,212.93432007698425
2025-08-29,C3,18,2025-08-29 18:00:00,13698.526576738444,13688.127639056995,10.398937681449752,500.0,False,0.0,50.63113165987966,11597.143585192105,39.66973843210633
2025-08-30,C2,6,2025-08-30 06:00:00,21249.74100682409,21233.06132647552,16.6796803485704,0.0,True,0.0,184.40520997599106,16816.289161387118,77.36059082786983
2025-08-30,C2,12,2025-08-30 12:00:00,20115.97097555996,20092.447689552835,23.523286007126444,0.0,True,0.0,0.0,16884.509644709524,77.36059082786983
2025-08-30,C2,18,2025-08-30 18:00:00,14401.933593088475,14196.098798891808,205.83479419666764,0.0,True,237.76398715103664,0.0,11882.64673313639,126.58499700164248
2025-08-30,C3,6,2025-08-30 06:00:00,21249.74100682409,21233.06132647552,16.6796803485704,500.0,False,0.0,184.40520997599106,16816.289161387118,77.36059082786983
2025-08-30,C3,12,2025-08-30 12:00:00,20092.447689552835,20092.447689552835,0.0,500.0,False,0.0,0.0,16884.509644709524,0.0
2025-08-30,C3,18,2025-08-30 18:00:00,14401.933593088475,14196.098798891808,205.83479419666764,500.0,False,237.76398715103664,0.0,11882.64673313639,126.58499700164248
2025-08-31,C2,6,2025-08-31 06:00:00,37138.44806378291,34719.8106689688,2418.6373948141118,0.0,True,1471.6053960123645,231.42762649866052,33313.67892243819,372.5421566086452
2025-08-31,C2,12,2025-08-31 12:00:00,39211.21727626158,39067.49518266312,143.72209359845874,0.0,True,92.65004642121869,0.0,31756.051412058958,100.70298836844267
2025-08-31,C2,18,2025-08-31 18:00:00,21034.27020077209,20984.50656759819,49.763633173901326,0.0,True,124.58766951169935,0.0,18916.322687263535,44.95309488535645
2025-08-31,C3,6,2025-08-31 06:00:00,37138.44806378291,34719.8106689688,2418.6373948141118,500.0,True,1471.6053960123645,231.42762649866052,33313.67892243819,372.5421566086452
2025-08-31,C3,12,2025-08-31 12:00:00,39211.21727626158,39067.49518266312,143.72209359845874,500.0,False,92.65004642121869,0.0,31756.051412058958,100.70298836844267
2025-08-31,C3,18,2025-08-31 18:00:00,21050.875702862264,20990.4910835322,60.38461933006329,500.0,False,129.0463228179757,0.0,18925.34410343079,36.51413347759001
2025-09-01,C2,6,2025-09-01 06:00:00,38637.221110164646,37680.57784680869,956.6432633559598,0.0,True,58.22473781688893,3055.985690980058,35306.62015370532,487.44812720153607
2025-09-01,C2,12,2025-09-01 12:00:00,40835.0081529304,38911.807050298514,1923.201102631887,0.0,True,2210.6921552374806,941.0689162298619,33760.553744038654,691.0100787338439
2025-09-01,C2,18,2025-09-01 18:00:00,19225.466631316773,19018.874768710888,206.59186260588467,0.0,True,1.4500259603233872,226.72492040598934,18674.415387239234,85.52395186652325
2025-09-01,C3,6,2025-09-01 06:00:00,38637.221110164646,37680.57784680869,956.6432633559598,500.0,True,58.22473781688893,3055.985690980058,35306.62015370532,487.44812720153607
2025-09-01,C3,12,2025-09-01 12:00:00,40835.0081529304,38911.807050298514,1923.201102631887,500.0,True,2210.6921552374806,941.0689162298619,33760.553744038654,691.0100787338439
2025-09-01,C3,18,2025-09-01 18:00:00,19225.466631316773,19018.874768710888,206.59186260588467,500.0,False,1.4500259603233872,226.72492040598934,18674.415387239234,85.52395186652325
2025-09-02,C2,6,2025-09-02 06:00:00,44203.793510656586,39098.367188510136,5105.42632214645,0.0,True,4963.495435575392,0.0,35852.666624021185,798.7749714678836
2025-09-02,C2,12,2025-09-02 12:00:00,32377.27122662529,30174.70260199803,2202.56862462726,0.0,True,379.47987341588504,736.3844516342994,29903.12132002018,774.3447743602316
2025-09-02,C2,18,2025-09-02 18:00:00,20597.48865133119,20557.37482241845,40.113828912741155,0.0,True,36.17843306026293,47.322113381826625,18615.129724209324,37.111630065464965
2025-09-02,C3,6,2025-09-02 06:00:00,44203.793510656586,39098.36718851014,5105.4263221464425,500.0,True,4963.495435575396,0.0,35852.66662402119,798.7749714678836
2025-09-02,C3,12,2025-09-02 12:00:00,32377.27122662529,30174.70260199803,2202.56862462726,500.0,True,379.47987341588504,736.3844516342994,29903.12132002018,774.3447743602316
2025-09-02,C3,18,2025-09-02 18:00:00,20597.48865133119,20557.37482241845,40.113828912741155,500.0,False,36.17843306026293,47.322113381826625,18615.129724209324,37.111630065464965
2025-09-03,C2,6,2025-09-03 06:00:00,35419.51885861114,34230.189347051324,1189.3295115598157,0.0,True,182.76447513215197,4085.207776557396,34178.169967834,684.9684659592125
2025-09-03,C2,12,2025-09-03 12:00:00,34588.82686822002,34175.69078705258,413.13608116743853,0.0,True,0.0,354.38022222222344,33066.27655185841,296.5046202641083
2025-09-03,C2,18,2025-09-03 18:00:00,20387.825938758422,19893.66055697681,494.16538178161136,0.0,True,0.0,1518.124851353667,19893.660556976803,196.31359197411814
2025-09-03,C3,6,2025-09-03 06:00:00,35419.51885861114,34230.189347051324,1189.3295115598157,500.0,True,182.76447513215197,4085.207776557394,34178.169967834,684.9684659592125
2025-09-03,C3,12,2025-09-03 12:00:00,34588.82686822002,34175.69078705258,413.13608116743853,500.0,False,0.0,354.38022222222344,33066.27655185841,296.5046202641083
2025-09-03,C3,18,2025-09-03 18:00:00,19803.575662977328,19420.840748878396,382.73491409893177,500.0,False,0.0,2229.806512039908,19420.8407488784,115.17818318781497
2025-09-04,C2,6,2025-09-04 06:00:00,35202.365428576086,33578.57786811291,1623.7875604631772,0.0,True,159.93024198582626,4758.3764938099785,33169.70077894666,781.5198585155774
2025-09-04,C2,12,2025-09-04 12:00:00,33006.034820201785,32312.5353417015,693.4994785002855,0.0,True,0.0,5229.212683418073,32312.535341701485,333.42888200250366
2025-09-04,C2,18,2025-09-04 18:00:00,19041.290820493836,18823.288733147063,218.0020873467729,0.0,True,0.0,2534.391222512,18823.288733147067,113.00849385493177
2025-09-04,C3,6,2025-09-04 06:00:00,35202.365428576086,33578.57786811291,1623.7875604631772,500.0,True,159.93024198582626,4758.3764938099785,33169.70077894666,781.5198585155774
2025-09-04,C3,12,2025-09-04 12:00:00,33006.034820201785,32312.5353417015,693.4994785002855,500.0,True,0.0,5229.212683418073,32312.535341701485,333.42888200250366
2025-09-04,C3,18,2025-09-04 18:00:00,19041.290820493836,18823.288733147063,218.0020873467729,500.0,False,0.0,2534.391222512,18823.288733147067,113.00849385493177
2025-09-05,C2,6,2025-09-05 06:00:00,15687.450275263773,14522.88259966766,1164.5676755961122,0.0,True,0.0,2506.8554407825336,14241.078205899397,452.0272471062489
2025-09-05,C2,12,2025-09-05 12:00:00,14873.911993750587,14452.817933560882,421.0940601897055,0.0,True,0.0,2142.6407658237836,14448.416551960514,408.2191369291661
2025-09-05,C2,18,2025-09-05 18:00:00,10191.492175228495,10062.28312310804,129.20905212045545,0.0,True,0.0,631.3794312990683,10046.101894805299,415.7700992065433
2025-09-05,C3,6,2025-09-05 06:00:00,15687.450275263773,14522.88259966766,1164.5676755961122,500.0,True,0.0,2506.8554407825336,14241.078205899397,452.0272471062489
2025-09-05,C3,12,2025-09-05 12:00:00,14873.911993750587,14452.817933560882,421.0940601897055,500.0,False,0.0,2142.6407658237836,14448.416551960514,408.2191369291661
2025-09-05,C3,18,2025-09-05 18:00:00,10067.2780617098,10041.803106710406,25.474954999393958,500.0,False,0.0,664.0299157911103,10025.621878407663,88.94948129454133
2025-09-06,C2,6,2025-09-06 06:00:00,14966.405185054653,14878.48384060462,87.92134445003285,0.0,True,265.80437217311163,45.57657879577175,14430.587065827722,166.81209021983153
2025-09-06,C2,12,2025-09-06 12:00:00,14108.922148052488,13738.325660298262,370.5964877542265,0.0,True,0.0,1015.099792569064,13657.285222294067,161.34143206582377
2025-09-06,C2,18,2025-09-06 18:00:00,9729.540541432698,9700.743866045226,28.796675387471623,0.0,True,0.0,163.758231497137,9700.743866045226,109.75009392658683
2025-09-06,C3,6,2025-09-06 06:00:00,14966.405185054653,14878.48384060462,87.92134445003285,500.0,False,265.80437217311163,45.57657879577175,14430.587065827722,166.81209021983153
2025-09-06,C3,12,2025-09-06 12:00:00,14128.43517286609,13738.325660298262,390.10951256782755,500.0,False,0.0,1015.099792569064,13657.285222294067,161.34143206582377
2025-09-06,C3,18,2025-09-06 18:00:00,9803.504423261862,9768.32657657736,35.17784668450258,500.0,False,0.0,56.013774690228615,9768.32657657736,54.00813757055016
2025-09-07,C2,6,2025-09-07 06:00:00,38485.78995714607,33445.869936283714,5039.920020862359,0.0,True,3823.1608308073673,19.79936674211376,31220.109491422507,513.1105184888859
2025-09-07,C2,12,2025-09-07 12:00:00,28832.843572157362,27814.258424763102,1018.5851473942603,0.0,True,16.278360894073217,1012.0529074343891,27620.33056562471,667.6727065982302
2025-09-07,C2,18,2025-09-07 18:00:00,17202.481128094845,17018.85266308391,183.62846501093372,0.0,True,6.092812816652128,317.48927280038663,16848.678426808227,185.9687451821734
2025-09-07,C3,6,2025-09-07 06:00:00,38485.78995714607,33445.869936283714,5039.920020862359,500.0,True,3823.1608308073673,19.79936674211376,31220.109491422507,513.1105184888859
2025-09-07,C3,12,2025-09-07 12:00:00,28832.843572157362,27814.258424763102,1018.5851473942603,500.0,True,16.278360894073217,1012.0529074343891,27620.33056562471,667.6727065982302
2025-09-07,C3,18,2025-09-07 18:00:00,17202.481128094845,17018.85266308391,183.62846501093372,500.0,False,6.092812816652128,317.48927280038663,16848.678426808227,185.9687451821734
2025-09-08,C2,6,2025-09-08 06:00:00,26642.93663643662,25989.14512444501,653.7915119916106,0.0,True,712.5825473778432,363.20170934723996,24577.49991931885,163.80661041057465
2025-09-08,C2,12,2025-09-08 12:00:00,26770.037379973954,25157.995281172345,1612.0420988016085,0.0,True,2313.0172024273156,647.6639983335324,24663.666136973352,525.5324731993973
2025-09-08,C2,18,2025-09-08 18:00:00,13084.80050406708,12937.917736227746,146.8827678393336,0.0,True,0.0,1.7567684491361888,12519.455745239413,76.05148660948146
2025-09-08,C3,6,2025-09-08 06:00:00,26642.93663643662,25989.14512444501,653.7915119916106,500.0,True,712.5825473778432,363.20170934723996,24577.49991931885,163.80661041057465
2025-09-08,C3,12,2025-09-08 12:00:00,26770.037379973954,25157.995281172345,1612.0420988016085,500.0,True,2313.0172024273156,647.6639983335324,24663.666136973352,525.5324731993973
2025-09-08,C3,18,2025-09-08 18:00:00,13084.80050406708,12937.917736227746,146.8827678393336,500.0,False,0.0,1.7567684491361888,12519.455745239413,76.05148660948146
2025-09-09,C2,6,2025-09-09 06:00:00,23857.994098679428,23364.709520852888,493.28457782654004,0.0,True,1222.2694188829187,31.388270253198755,22883.727814783677,256.2066837696228
2025-09-09,C2,12,2025-09-09 12:00:00,22955.75509652745,22403.63971161202,552.1153849154289,0.0,True,398.37429091850754,96.39598387002889,21836.79878253936,114.74670909803342
2025-09-09,C2,18,2025-09-09 18:00:00,12979.205171306012,12954.569299276982,24.635872029029997,0.0,True,0.0,106.01663072291899,12871.832169885853,46.168113840320075
2025-09-09,C3,6,2025-09-09 06:00:00,23857.994098679428,23364.709520852888,493.28457782654004,500.0,False,1222.2694188829187,31.388270253198755,22883.727814783677,256.2066837696228
2025-09-09,C3,12,2025-09-09 12:00:00,22631.18033490781,22403.63971161202,227.54062329579028,500.0,False,398.37429091850754,96.39598387002889,21836.79878253936,174.33262586990557
2025-09-09,C3,18,2025-09-09 18:00:00,12983.327220766992,12954.569299276982,28.75792149001063,500.0,False,0.0,106.01663072291899,12871.832169885853,46.168113840320075
2025-09-10,C2,6,2025-09-10 06:00:00,28335.291657243262,27547.219230070114,788.0724271731488,0.0,True,246.17199094177136,3481.9999156133126,26347.24062311697,696.7713615090111
2025-09-10,C2,12,2025-09-10 12:00:00,28368.94874974691,25689.20023203926,2679.7485177076487,0.0,True,1613.1360203752702,451.2510534842139,25258.005356783877,818.0529236601895
2025-09-10,C2,18,2025-09-10 18:00:00,13048.871328104791,12909.45956266301,139.41176544178052,0.0,True,0.0,424.11626139605175,12866.619526353012,79.56819994178602
2025-09-10,C3,6,2025-09-10 06:00:00,28335.291657243262,27547.219230070114,788.0724271731488,500.0,True,246.17199094177136,3481.9999156133126,26347.24062311697,696.7713615090111
2025-09-10,C3,12,2025-09-10 12:00:00,28368.94874974691,25689.20023203926,2679.7485177076487,500.0,True,1613.1360203752702,451.2510534842139,25258.005356783877,818.0529236601895
2025-09-10,C3,18,2025-09-10 18:00:00,13048.871328104791,12909.45956266301,139.41176544178052,500.0,False,0.0,424.11626139605175,12866.619526353012,79.56819994178602
2025-09-11,C2,6,2025-09-11 06:00:00,25774.952941525764,24720.385814596535,1054.5671269292288,0.0,True,22.059682712538574,4310.394545307803,23942.545441208764,779.9991442431034
2025-09-11,C2,12,2025-09-11 12:00:00,24971.563074306927,24779.057341255477,192.50573305145008,0.0,True,0.0,2883.8987490990703,24007.60053958231,533.2699974170483
2025-09-11,C2,18,2025-09-11 18:00:00,13832.65785854131,13832.379636310077,0.2782222312325757,0.0,True,0.0,0.0,12766.793504156945,1.0484866791545073
2025-09-11,C3,6,2025-09-11 06:00:00,25774.952941525764,24720.385814596535,1054.5671269292288,500.0,True,22.059682712538574,4310.394545307803,23942.545441208764,779.9991442431034
2025-09-11,C3,12,2025-09-11 12:00:00,24971.563074306927,24779.057341255477,192.50573305145008,500.0,False,0.0,2883.8987490990703,24007.60053958231,533.2699974170483
2025-09-11,C3,18,2025-09-11 18:00:00,13834.706932836252,13832.37963631008,2.327296526173086,500.0,False,0.0,0.0,12766.793504156945,22.059682712538574
2025-09-12,C2,6,2025-09-12 06:00:00,9545.345314107259,9322.417908151974,222.92740595528448,0.0,True,123.32310062510092,477.2849021157918,9096.484726361554,122.38226846196795
2025-09-12,C2,12,2025-09-12 12:00:00,10096.870901744564,10020.283177606709,76.58772413785482,0.0,True,0.0,99.46796694207978,9098.538155991773,122.38226846196795
2025-09-12,C2,18,2025-09-12 18:00:00,6520.624873436516,6516.911665812552,3.713207623964081,0.0,True,38.13960890233113,0.0,5770.018160820083,28.496308837848403
2025-09-12,C3,6,2025-09-12 06:00:00,9545.345314107259,9322.417908151974,222.92740595528448,500.0,False,123.32310062510092,477.2849021157918,9096.484726361554,122.38226846196795
2025-09-12,C3,12,2025-09-12 12:00:00,10059.817266392349,10020.283177606709,39.53408878564005,500.0,False,0.0,99.46796694207978,9098.538155991773,54.06840657269004
2025-09-12,C3,18,2025-09-12 18:00:00,6520.624873436516,6516.911665812552,3.713207623964081,500.0,False,38.13960890233113,0.0,5770.018160820083,28.496308837848403
2025-09-13,C2,6,2025-09-13 06:00:00,10446.28996859528,9939.322788806983,506.96717978829656,0.0,True,367.80639321060244,297.91878816162705,8576.682468458468,167.76906951378027
2025-09-13,C2,12,2025-09-13 12:00:00,8686.039927946387,8593.821446706572,92.21848123981545,0.0,True,144.22630396264714,548.448514131778,8277.511897361013,180.17116935735123
2025-09-13,C2,18,2025-09-13 18:00:00,6838.758241433091,6751.490907164627,87.26733426846386,0.0,True,215.02760684120943,0.0,5792.228088158196,213.6334780874223
2025-09-13,C3,6,2025-09-13 06:00:00,10446.28996859528,9939.322788806983,506.96717978829656,500.0,True,367.80639321060244,297.91878816162705,8576.682468458468,167.76906951378027
2025-09-13,C3,12,2025-09-13 12:00:00,8686.039927946387,8593.821446706572,92.21848123981545,500.0,False,144.22630396264714,548.448514131778,8277.511897361013,180.17116935735123
2025-09-13,C3,18,2025-09-13 18:00:00,6751.573016669821,6660.742278457545,90.83073821227663,500.0,False,165.9868855631151,0.0,5702.292309406299,40.80956643556988
2025-09-14,C2,6,2025-09-14 06:00:00,29232.929024911584,28113.700152760557,1119.2288721510267,0.0,True,0.0,3073.186664311862,27041.942926047755,892.0176393752002
2025-09-14,C2,12,2025-09-14 12:00:00,24949.92649036587,24136.94293332234,812.983557043528,0.0,True,0.0,325.8833470341068,23740.387243166624,521.0823249154357
2025-09-14,C2,18,2025-09-14 18:00:00,13979.366806311169,13685.56943908421,293.79736722695816,0.0,True,57.76694072761535,0.0,12641.867939998885,78.45651864061665
2025-09-14,C3,6,2025-09-14 06:00:00,29232.929024911584,28113.700152760557,1119.2288721510267,500.0,True,0.0,3073.186664311862,27041.942926047755,892.0176393752002
2025-09-14,C3,12,2025-09-14 12:00:00,24949.92649036587,24136.94293332234,812.983557043528,500.0,True,0.0,325.8833470341068,23740.387243166624,521.0823249154357
2025-09-14,C3,18,2025-09-14 18:00:00,13979.366806311169,13685.56943908421,293.79736722695816,500.0,False,57.76694072761535,0.0,12641.867939998885,78.45651864061665
2025-09-15,C2,6,2025-09-15 06:00:00,27181.685387663627,26615.90354825984,565.7818394037859,0.0,True,449.3367185254504,580.990966008617,25323.06298534658,420.0477207142868
2025-09-15,C2,12,2025-09-15 12:00:00,26252.484990363853,25934.021806045283,318.4631843185707,0.0,True,0.0,0.0,25013.588858753683,420.0477207142868
2025-09-15,C2,18,2025-09-15 18:00:00,15340.93624384331,15340.93624384331,0.0,0.0,False,0.0,0.0,14521.622042719735,0.0
2025-09-15,C3,6,2025-09-15 06:00:00,27181.685387663627,26615.90354825984,565.7818394037859,500.0,True,449.3367185254504,580.990966008617,25323.06298534658,420.0477207142868
2025-09-15,C3,12,2025-09-15 12:00:00,26252.484990363853,25934.021806045283,318.4631843185707,500.0,False,0.0,0.0,25013.588858753683,420.0477207142868
2025-09-15,C3,18,2025-09-15 18:00:00,15340.93624384331,15340.93624384331,0.0,500.0,False,0.0,0.0,14521.622042719735,0.0
2025-09-16,C2,6,2025-09-16 06:00:00,31257.192465990687,30877.459790040364,379.732675950323,0.0,True,209.04761610758453,2013.8948647957493,28942.05531161253,283.0137085697876
2025-09-16,C2,12,2025-09-16 12:00:00,28287.99260969186,27628.921994543365,659.0706151484956,0.0,True,0.0,3695.9208431956636,26623.468812495346,279.29904773366957
2025-09-16,C2,18,2025-09-16 18:00:00,15365.428104639326,15340.132520566412,25.295584072913698,0.0,True,0.0,0.0,13805.673815981696,28.23393700879501
2025-09-16,C3,6,2025-09-16 06:00:00,31257.192465990687,30877.459790040364,379.732675950323,500.0,False,209.04761610758453,2013.8948647957493,28942.05531161253,283.0137085697876
2025-09-16,C3,12,2025-09-16 12:00:00,28801.41504836786,27989.391529105214,812.023519262646,500.0,True,0.0,2714.7398643196807,26983.938347057196,361.74940297382796
2025-09-16,C3,18,2025-09-16 18:00:00,15365.428104639326,15340.132520566412,25.295584072913698,500.0,False,0.0,0.0,13805.673815981696,28.23393700879501
2025-09-17,C2,6,2025-09-17 06:00:00,31545.96853462566,30230.79176941987,1315.1767652057897,0.0,True,610.4842476598626,2603.2073987287404,28855.674569699702,677.9824736079397
2025-09-17,C2,12,2025-09-17 12:00:00,27828.92023858907,27494.76292092297,334.1573176661004,0.0,True,5.004266576974601,519.1779666785369,26680.323646785393,677.9824736079397
2025-09-17,C2,18,2025-09-17 18:00:00,13759.488314764461,13660.286154599251,99.20216016521044,0.0,True,19.150784322539835,325.34049816079096,13610.09614692245,110.83766791988796
2025-09-17,C3,6,2025-09-17 06:00:00,31545.96853462566,30230.79176941987,1315.1767652057897,500.0,True,610.4842476598626,2603.2073987287404,28855.674569699702,677.9824736079397
2025-09-17,C3,12,2025-09-17 12:00:00,27828.92023858907,27494.76292092297,334.1573176661004,500.0,False,5.004266576974601,519.1779666785369,26680.323646785393,677.9824736079397
2025-09-17,C3,18,2025-09-17 18:00:00,13764.792869427949,13658.735200470803,106.05766895714623,500.0,False,19.150784322539835,327.6399112496689,13608.545192794001,110.83766791988796
2025-09-18,C2,6,2025-09-18 06:00:00,32778.72252144942,28544.649681664978,4234.07283978444,0.0,True,5329.23622289121,525.105704822948,27472.209349959,543.6105360218143
2025-09-18,C2,12,2025-09-18 12:00:00,25132.88779014827,24557.72183913689,575.1659510113786,0.0,True,0.0,0.0,23354.348934261587,482.92718120427514
2025-09-18,C2,18,2025-09-18 18:00:00,14418.833914635925,14387.215957632212,31.617957003712945,0.0,True,94.15706032659,39.22871886271275,13503.753438209827,54.76535343929868
2025-09-18,C3,6,2025-09-18 06:00:00,32778.72252144942,28544.649681664978,4234.07283978444,500.0,True,5329.23622289121,525.105704822948,27472.209349959,543.6105360218143
2025-09-18,C3,12,2025-09-18 12:00:00,25132.88779014827,24557.72183913689,575.1659510113786,500.0,True,0.0,0.0,23354.348934261587,482.92718120427514
2025-09-18,C3,18,2025-09-18 18:00:00,14418.833914635925,14387.215957632212,31.617957003712945,500.0,False,94.15706032659,39.22871886271275,13503.753438209827,54.76535343929868
2025-09-19,C2,6,2025-09-19 06:00:00,11915.92858146078,11604.771220443741,311.15736101703806,0.0,True,442.58283084929553,10.27655000000027,10062.441603671803,131.49221993922697
2025-09-19,C2,12,2025-09-19 12:00:00,10768.842635666284,10564.409033023589,204.4336026426954,0.0,True,0.0,237.93877126757337,9338.454693695921,131.49221993922697
2025-09-19,C2,18,2025-09-19 18:00:00,7281.633223016797,7281.633223016797,0.0,0.0,False,0.0,0.0,6083.386657243336,0.0
2025-09-19,C3,6,2025-09-19 06:00:00,11915.92858146078,11604.771220443741,311.15736101703806,500.0,False,442.58283084929553,10.27655000000027,10062.441603671803,131.49221993922697
2025-09-19,C3,12,2025-09-19 12:00:00,10665.578856023985,10564.409033023589,101.16982300039672,500.0,False,0.0,237.93877126757337,9338.454693695921,63.386641012733946
2025-09-19,C3,18,2025-09-19 18:00:00,7281.633223016797,7281.633223016797,0.0,500.0,False,0.0,0.0,6083.386657243336,0.0
2025-09-20,C2,6,2025-09-20 06:00:00,11095.307764496603,10728.263524658072,367.0442398385312,0.0,True,264.5675251299597,223.44202969403727,10399.267396431313,123.81130996068919
2025-09-20,C2,12,2025-09-20 12:00:00,10397.304507291281,10287.853323495456,109.45118379582527,0.0,True,0.0,139.86219536512098,10143.411240329218,94.32166338484205
2025-09-20,C2,18,2025-09-20 18:00:00,6979.75053529294,6967.706497978128,12.044037314812158,0.0,True,0.0,96.48924952956236,6329.9374617124995,45.758878641686124
2025-09-20,C3,6,2025-09-20 06:00:00,11095.307764496603,10728.263524658072,367.0442398385312,500.0,False,264.5675251299597,223.44202969403727,10399.267396431313,123.81130996068919
2025-09-20,C3,12,2025-09-20 12:00:00,10349.32650201458,10287.853323495456,61.473178519123394,500.0,False,0.0,139.86219536512098,10143.411240329218,53.25272765690656
2025-09-20,C3,18,2025-09-20 18:00:00,6979.75053529294,6967.706497978128,12.044037314812158,500.0,False,0.0,96.48924952956236,6329.9374617124995,45.758878641686124
2025-09-21,C2,6,2025-09-21 06:00:00,31973.298321706025,30702.34643301296,1270.9518886930637,0.0,True,3497.3790436919253,47.19240442723719,28797.506592858714,669.5118866621946
2025-09-21,C2,12,2025-09-21 12:00:00,26981.166838936875,25950.396832476505,1030.7700064603705,0.0,True,0.0,700.2085187855635,25216.901822580265,366.8295912325084
2025-09-21,C2,18,2025-09-21 18:00:00,14309.631435124173,14244.640454139188,64.99098098498507,0.0,True,72.91038040913031,321.93822411621545,13705.054200483002,71.01722667493891
2025-09-21,C3,6,2025-09-21 06:00:00,31973.298321706025,30702.34643301296,1270.9518886930637,500.0,True,3497.3790436919253,47.19240442723719,28797.506592858714,669.5118866621946
2025-09-21,C3,12,2025-09-21 12:00:00,26981.166838936875,25950.396832476505,1030.7700064603705,500.0,True,0.0,700.2085187855635,25216.901822580265,366.8295912325084
2025-09-21,C3,18,2025-09-21 18:00:00,14309.631435124173,14244.640454139188,64.99098098498507,500.0,False,72.91038040913031,321.93822411621545,13705.054200483002,71.01722667493891
2025-09-22,C2,6,2025-09-22 06:00:00,32594.70403349791,30230.496886238216,2364.2071472596945,0.0,True,330.36356131532045,7632.236348242022,30141.991860180373,782.7815892404434
2025-09-22,C2,12,2025-09-22 12:00:00,27711.2552849018,27395.291213156754,315.96407174504566,0.0,True,0.0,4042.8890620941647,27135.124879746974,536.0204958003927
2025-09-22,C2,18,2025-09-22 18:00:00,15017.649567109956,14970.318309861968,47.331257247988106,0.0,True,25.421660160458714,0.0,14181.52012759358,61.90996272825464
2025-09-22,C3,6,2025-09-22 06:00:00,32594.70403349791,30230.496886238216,2364.2071472596945,500.0,True,330.36356131532045,7632.236348242022,30141.991860180373,782.7815892404434
2025-09-22,C3,12,2025-09-22 12:00:00,27711.2552849018,27395.291213156754,315.96407174504566,500.0,False,0.0,4042.8890620941647,27135.124879746974,536.0204958003927
2025-09-22,C3,18,2025-09-22 18:00:00,14892.284133878418,14743.468962424213,148.81517145420548,500.0,False,0.0,0.0,14130.083211507917,70.36961921227646
2025-09-23,C2,6,2025-09-23 06:00:00,33922.24583024384,33481.71045977753,440.53537046630663,0.0,True,849.1713741483051,44.65982724218179,30872.641724871173,230.0369559919227
2025-09-23,C2,12,2025-09-23 12:00:00,30757.660225729913,30121.494132502437,636.1660932274754,0.0,True,1778.231722209197,68.08703323464943,29299.69757641293,300.4370655478781
2025-09-23,C2,18,2025-09-23 18:00:00,15817.146317320803,15732.112554457373,85.03376286342973,0.0,True,602.1691345155047,0.0,14715.59953805676,226.6636703588049
2025-09-23,C3,6,2025-09-23 06:00:00,33922.24583024384,33481.71045977753,440.53537046630663,500.0,False,849.1713741483051,44.65982724218179,30872.641724871173,230.0369559919227
2025-09-23,C3,12,2025-09-23 12:00:00,30703.70015292027,29813.180312524124,890.5198403961476,500.0,True,1411.5501606128237,68.08703323464943,28932.55774630834,177.58031496778358
2025-09-23,C3,18,2025-09-23 18:00:00,15904.62001676133,15799.68807006775,104.93194669357945,500.0,False,635.7887940231543,0.0,14783.175053667137,260.28332986645455
2025-09-24,C2,6,2025-09-24 06:00:00,30933.25579705558,29927.74880891236,1005.5069881432173,0.0,True,1358.750395581907,219.6904260450001,27860.835317816298,478.25081523772604
2025-09-24,C2,12,2025-09-24 12:00:00,32316.571013447337,28379.87504165202,3936.6959717953177,0.0,True,3772.565034689876,38.289987305148315,27860.87684859134,497.01942427359427
2025-09-24,C2,18,2025-09-24 18:00:00,15858.36854154945,15648.865173305916,209.50336824353326,0.0,True,267.57979922732034,231.45536116064068,14971.252882893325,250.8270405575962
2025-09-24,C3,6,2025-09-24 06:00:00,30933.25579705558,29927.74880891236,1005.5069881432173,500.0,True,1358.750395581907,219.6904260450001,27860.835317816298,478.25081523772604
2025-09-24,C3,12,2025-09-24 12:00:00,32316.571013447337,28379.87504165202,3936.6959717953177,500.0,True,3772.565034689876,38.289987305148315,27860.87684859134,497.01942427359427
2025-09-24,C3,18,2025-09-24 18:00:00,15858.36854154945,15648.865173305916,209.50336824353326,500.0,False,267.57979922732034,231.45536116064068,14971.252882893325,250.8270405575962
2025-09-25,C2,6,2025-09-25 06:00:00,34807.36725449948,32907.233874492864,1900.1333800066132,0.0,True,1039.4445259083905,299.6435397413604,30703.953982756262,525.3988781726507
2025-09-25,C2,12,2025-09-25 12:00:00,27972.432038863746,27934.978887530353,37.45315133339318,0.0,True,0.0,315.2452628730731,27334.6864030489,122.28456516920755
2025-09-25,C2,18,2025-09-25 18:00:00,16560.034880429674,15804.368586329063,755.6662941006107,0.0,True,654.2741360403593,0.0,15353.291690024253,403.24894153716167
2025-09-25,C3,6,2025-09-25 06:00:00,34807.36725449948,32907.233874492864,1900.1333800066132,500.0,True,1039.4445259083905,299.6435397413604,30703.953982756262,525.3988781726507
2025-09-25,C3,12,2025-09-25 12:00:00,27972.432038863746,27934.978887530353,37.45315133339318,500.0,False,0.0,315.2452628730731,27334.6864030489,122.28456516920755
2025-09-25,C3,18,2025-09-25 18:00:00,16594.628284359365,15817.68267095981,776.9456133995554,500.0,True,660.883644006683,0.0,15366.590134094662,407.88318163712466
2025-09-26,C2,6,2025-09-26 06:00:00,13101.581311542921,11701.83085697959,1399.750454563331,0.0,True,1076.669061227069,520.8979216990397,11158.511471180542,374.6034235671967
2025-09-26,C2,12,2025-09-26 12:00:00,10877.082822255148,9854.042975191378,1023.0398470637701,0.0,True,0.0,1097.9141002373813,9443.913778977687,374.6034235671967
2025-09-26,C2,18,2025-09-26 18:00:00,6287.140338817647,6268.971786485983,18.168552331663705,0.0,True,69.69532012739967,0.0,5839.690996203813,36.76649819065881
2025-09-26,C3,6,2025-09-26 06:00:00,13101.581311542921,11701.83085697959,1399.750454563331,500.0,True,1076.669061227069,520.8979216990397,11158.511471180542,374.6034235671967
2025-09-26,C3,12,2025-09-26 12:00:00,10877.082822255148,9854.042975191378,1023.0398470637701,500.0,True,0.0,1097.9141002373813,9443.913778977687,374.6034235671967
2025-09-26,C3,18,2025-09-26 18:00:00,6287.140338817647,6268.971786485983,18.168552331663705,500.0,False,69.69532012739967,0.0,5839.690996203813,36.76649819065881
2025-09-27,C2,6,2025-09-27 06:00:00,13399.737286500967,12700.778130445957,698.9591560550107,0.0,True,1008.5837845018102,39.424821877068894,11408.68917378806,169.14816704569543
2025-09-27,C2,12,2025-09-27 12:00:00,11764.890199104759,11623.454523004817,141.4356760999417,0.0,True,497.55492080978956,26.707074348534093,10837.854165405388,101.24445416165557
2025-09-27,C2,18,2025-09-27 18:00:00,6940.215883220311,6885.1332141713765,55.082669048934804,0.0,True,154.19324848188194,5.684341886080802e-14,6400.031335662625,154.19324848188194
2025-09-27,C3,6,2025-09-27 06:00:00,13399.737286500967,12700.778130445957,698.9591560550107,500.0,True,1008.5837845018102,39.424821877068894,11408.68917378806,169.14816704569543
2025-09-27,C3,12,2025-09-27 12:00:00,11764.890199104759,11623.454523004817,141.4356760999417,500.0,False,497.55492080978956,26.707074348534093,10837.854165405388,101.24445416165557
2025-09-27,C3,18,2025-09-27 18:00:00,6944.837304383409,6884.668094085732,60.16921029767673,500.0,False,153.94537282170666,5.684341886080802e-14,6399.568539411295,153.94537282170666
2025-09-28,C2,6,2025-09-28 06:00:00,38161.382148658064,33464.7001283623,4696.682020295761,0.0,True,3631.6879456587394,361.5817423956213,32479.702233814354,737.9486366410206
2025-09-28,C2,12,2025-09-28 12:00:00,28293.45281997518,26567.406724641492,1726.0460953336878,0.0,True,691.5137041607592,885.8743685068725,26032.143887320708,670.0999402314633
2025-09-28,C2,18,2025-09-28 18:00:00,16485.060082765645,16079.705333900023,405.35474886562224,0.0,True,845.0464823922965,0.0,15598.405480942676,452.90247630646684
2025-09-28,C3,6,2025-09-28 06:00:00,38161.382148658064,33464.7001283623,4696.682020295761,500.0,True,3631.6879456587394,361.5817423956213,32479.702233814354,737.9486366410206
2025-09-28,C3,12,2025-09-28 12:00:00,28293.45281997518,26567.406724641492,1726.0460953336878,500.0,True,691.5137041607592,885.8743685068725,26032.143887320708,670.0999402314633
2025-09-28,C3,18,2025-09-28 18:00:00,16485.060082765645,16079.705333900023,405.35474886562224,500.0,False,845.0464823922965,0.0,15598.405480942676,452.90247630646684
2025-09-29,C2,6,2025-09-29 06:00:00,30627.703001102942,30499.97218854455,127.73081255839134,0.0,True,0.0,510.496853489005,30385.42585725051,206.5782254244849
2025-09-29,C2,12,2025-09-29 12:00:00,30431.519815377527,29743.73212074841,687.787694629118,0.0,True,1426.1364028623789,71.22809476896362,28780.497514361232,689.3306896461212
2025-09-29,C2,18,2025-09-29 18:00:00,17242.18667596023,16223.23362418266,1018.9530517775711,0.0,True,662.468900460013,0.0,15876.043232752083,416.5448309025609
2025-09-29,C3,6,2025-09-29 06:00:00,30627.703001102942,30499.97218854455,127.73081255839134,500.0,False,0.0,510.496853489005,30385.42585725051,206.5782254244849
2025-09-29,C3,12,2025-09-29 12:00:00,29882.98745218981,29673.01007201869,209.97738017111988,500.0,False,1360.0085843255017,71.22809476896362,28714.09857176835,689.3306896461212
2025-09-29,C3,18,2025-09-29 18:00:00,17192.84200988828,16223.23362418266,969.6083857056219,500.0,True,662.468900460013,0.0,15876.043232752083,416.5448309025609
2025-09-30,C2,6,2025-09-30 06:00:00,37708.79716922304,34110.9601716233,3597.836997599741,0.0,True,1574.997728479797,178.69574432025598,32819.64464271058,545.097407932303
2025-09-30,C2,12,2025-09-30 12:00:00,32551.55814509178,31982.719975195563,568.8381698962185,0.0,True,1820.7312442796738,178.63077079453933,31551.98577986256,592.3501292533142
2025-09-30,C2,18,2025-09-30 18:00:00,15901.173545134443,15834.810637305447,66.36290782899596,0.0,True,30.46362487460226,266.13784416219755,14645.668669941466,64.70605119466131
2025-09-30,C3,6,2025-09-30 06:00:00,37708.79716922304,34110.9601716233,3597.836997599741,500.0,True,1574.997728479797,178.69574432025598,32819.64464271058,545.097407932303
2025-09-30,C3,12,2025-09-30 12:00:00,32551.55814509178,31982.719975195563,568.8381698962185,500.0,True,1820.7312442796738,178.63077079453933,31551.98577986256,592.3501292533142
2025-09-30,C3,18,2025-09-30 18:00:00,15901.173545134443,15834.810637305447,66.36290782899596,500.0,False,30.46362487460226,266.13784416219755,14645.668669941466,64.70605119466131
2025-10-01,C2,6,2025-10-01 06:00:00,28941.7685328057,28205.12760332605,736.6409294796504,0.0,True,1234.2668208692126,168.99665295454474,26178.818276043537,194.52775619710053
2025-10-01,C2,12,2025-10-01 12:00:00,27200.333242015713,26463.38888982159,736.9443521941248,0.0,True,1437.5398612556826,1185.6394211482898,25870.24639277251,373.9515568003411
2025-10-01,C2,18,2025-10-01 18:00:00,16132.84766969356,15610.811292482986,522.0363772105738,0.0,True,734.6121994028322,76.41862000964682,14869.318828554224,274.15950137891
2025-10-01,C3,6,2025-10-01 06:00:00,28941.7685328057,28205.12760332605,736.6409294796504,500.0,True,1234.2668208692126,168.99665295454474,26178.818276043537,194.52775619710053
2025-10-01,C3,12,2025-10-01 12:00:00,27200.333242015713,26463.38888982159,736.9443521941248,500.0,True,1437.5398612556826,1185.6394211482898,25870.24639277251,373.9515568003411
2025-10-01,C3,18,2025-10-01 18:00:00,16132.84766969356,15610.811292482986,522.0363772105738,500.0,True,734.6121994028322,76.41862000964682,14869.318828554224,274.15950137891
2025-10-02,C2,6,2025-10-02 06:00:00,33060.33480872425,30192.06687056877,2868.267938155477,0.0,True,0.0,8415.348459944362,29984.086447564496,1077.5837669072705
2025-10-02,C2,12,2025-10-02 12:00:00,27229.137773206894,26740.606483554773,488.5312896521209,0.0,True,0.0,8004.161443938341,26305.064534635283,447.04026854428594
2025-10-02,C2,18,2025-10-02 18:00:00,15397.7618662479,15297.193388688454,100.56847755944545,0.0,True,483.3370720557118,83.31679564097982,14305.226790415509,83.1104209033193
2025-10-02,C3,6,2025-10-02 06:00:00,33060.33480872425,30192.06687056877,2868.267938155477,500.0,True,0.0,8415.348459944362,29984.086447564496,1077.5837669072705
2025-10-02,C3,12,2025-10-02 12:00:00,27229.137773206894,26740.606483554773,488.5312896521209,500.0,False,0.0,8004.161443938341,26305.064534635283,447.04026854428594
2025-10-02,C3,18,2025-10-02 18:00:00,15420.696341917388,15312.557422972797,108.13891894459084,500.0,False,490.98087020712705,83.31679564097982,14320.590824699853,90.75421905473459
2025-10-03,C2,6,2025-10-03 06:00:00,10683.998792432096,10148.361619376694,535.637173055402,0.0,True,475.53696972304806,0.0,9528.974760462048,148.87486504856594
2025-10-03,C2,12,2025-10-03 12:00:00,10777.536118635335,10480.37828794445,297.157830690885,0.0,True,808.1429380887503,0.0,9817.515298428218,106.16020150988436
2025-10-03,C2,18,2025-10-03 18:00:00,6972.348850068895,6699.148879087416,273.19997098147905,0.0,True,355.5441670157774,0.0,6343.36826623387,148.4286995451116
2025-10-03,C3,6,2025-10-03 06:00:00,10683.998792432096,10148.361619376694,535.637173055402,500.0,True,475.53696972304806,0.0,9528.974760462048,148.87486504856594
2025-10-03,C3,12,2025-10-03 12:00:00,10777.536118635335,10480.37828794445,297.157830690885,500.0,False,808.1429380887503,0.0,9817.515298428218,106.16020150988436
2025-10-03,C3,18,2025-10-03 18:00:00,6668.22524335949,6612.073210297459,56.15203306203148,500.0,False,308.90606477429685,0.0,6256.292597443914,101.79059730363105
2025-10-04,C2,6,2025-10-04 06:00:00,11220.758048730579,10823.171750054991,397.5862986755874,0.0,True,321.0443530467545,7.782190766066492,9997.19934365845,213.36432629282265
2025-10-04,C2,12,2025-10-04 12:00:00,10336.258854239471,10100.188382141903,236.0704720975682,0.0,True,0.0,298.9905074860599,9326.98890810796,213.36432629282265
2025-10-04,C2,18,2025-10-04 18:00:00,8061.1028000490915,7711.785202011937,349.3175980371543,0.0,True,575.9574581118056,0.0,6788.360333986917,472.11072173689513
2025-10-04,C3,6,2025-10-04 06:00:00,11220.758048730579,10823.171750054991,397.5862986755874,500.0,False,321.0443530467545,7.782190766066492,9997.19934365845,213.36432629282265
2025-10-04,C3,12,2025-10-04 12:00:00,10199.427150678412,10100.188382141903,99.23876853650836,500.0,False,0.0,298.9905074860599,9326.98890810796,100.14706939634385
2025-10-04,C3,18,2025-10-04 18:00:00,8041.475798675832,7711.785202011937,329.6905966638951,500.0,False,575.9574581118056,0.0,6788.360333986917,472.11072173689513
2025-10-05,C2,6,2025-10-05 06:00:00,31392.87958813805,28945.591152663004,2447.288435475046,0.0,True,0.0,9359.051770434133,28854.892725751095,869.690686951304
2025-10-05,C2,12,2025-10-05 12:00:00,29267.99551276428,27256.917882593472,2011.0776301708065,0.0,True,1235.3612500567624,1052.848056241773,26516.75613760031,730.4602354168283
2025-10-05,C2,18,2025-10-05 18:00:00,14458.098306267193,14400.112869893657,57.98543637353578,0.0,True,91.37867092165635,102.82606391675893,14003.132908629728,59.63060258955505
2025-10-05,C3,6,2025-10-05 06:00:00,31392.87958813805,28945.591152663004,2447.288435475046,500.0,True,0.0,9359.051770434133,28854.892725751095,869.690686951304
2025-10-05,C3,12,2025-10-05 12:00:00,29267.99551276428,27256.917882593472,2011.0776301708065,500.0,True,1235.3612500567624,1052.848056241773,26516.75613760031,730.4602354168283
2025-10-05,C3,18,2025-10-05 18:00:00,14458.098306267193,14400.112869893657,57.98543637353578,500.0,False,91.37867092165635,102.82606391675893,14003.132908629728,59.63060258955505
2025-10-06,C2,6,2025-10-06 06:00:00,37579.59574436491,33744.12395852489,3835.471785840018,0.0,True,7335.710252542691,0.0,32554.707065745937,808.1747656381038
2025-10-06,C2,12,2025-10-06 12:00:00,29176.25558302328,28482.986022366065,693.2695606572161,0.0,True,3638.9923715894442,15.372075220101692,27313.358353395335,439.13316688203633
2025-10-06,C2,18,2025-10-06 18:00:00,14994.814024749074,14932.981902870708,61.8321218783658,0.0,True,198.064178469049,0.0,14241.839530912108,58.79997062273242
2025-10-06,C3,6,2025-10-06 06:00:00,37579.59574436491,33744.12395852489,3835.471785840018,500.0,True,7335.710252542691,0.0,32554.707065745937,808.1747656381038
2025-10-06,C3,12,2025-10-06 12:00:00,29176.25558302328,28482.986022366065,693.2695606572161,500.0,True,3638.9923715894442,15.372075220101692,27313.358353395335,439.13316688203633
2025-10-06,C3,18,2025-10-06 18:00:00,14994.814024749074,14932.981902870708,61.8321218783658,500.0,False,198.064178469049,0.0,14241.839530912108,58.79997062273242
2025-10-07,C2,6,2025-10-07 06:00:00,33186.64912696802,30698.114267240457,2488.5348597275624,0.0,True,2136.804594930488,0.0,29225.954422755323,595.3450840169152
2025-10-07,C2,12,2025-10-07 12:00:00,30678.75650397541,28899.1277270065,1779.6287769689116,0.0,True,3314.3940718607687,0.0,27966.514626581156,796.3421960409963
2025-10-07,C2,18,2025-10-07 18:00:00,15473.675811635805,15413.774819794007,59.900991841797804,0.0,True,1154.6698771746724,0.0,14536.659848043693,101.40752990987534
2025-10-07,C3,6,2025-10-07 06:00:00,33186.64912696803,30698.114267240457,2488.5348597275697,500.0,True,2136.804594930488,0.0,29225.954422755323,595.3450840169152
2025-10-07,C3,12,2025-10-07 12:00:00,30678.75650397541,28899.1277270065,1779.6287769689116,500.0,True,3314.3940718607687,0.0,27966.514626581156,796.3421960409963
2025-10-07,C3,18,2025-10-07 18:00:00,15473.675811635805,15413.774819794007,59.900991841797804,500.0,False,1154.6698771746724,0.0,14536.659848043693,101.40752990987534
2025-10-08,C2,6,2025-10-08 06:00:00,25503.92372338301,24154.910964100724,1349.0127592822864,0.0,True,774.5185161877337,707.3941235841808,24047.428131157434,551.5723570526469
2025-10-08,C2,12,2025-10-08 12:00:00,25069.362129467212,23819.942972334382,1249.4191571328302,0.0,True,1090.3581908341157,69.42361246040116,22603.793479929584,422.772826606644
2025-10-08,C2,18,2025-10-08 18:00:00,13408.310706445129,12774.187629234186,634.1230772109429,0.0,True,606.0179294286395,0.0,12682.640732283347,206.1287824058166
2025-10-08,C3,6,2025-10-08 06:00:00,25503.92372338301,24154.867995606986,1349.0557277760236,500.0,True,774.5185161877337,707.5968051584051,24047.3851626637,551.5723570526469
2025-10-08,C3,12,2025-10-08 12:00:00,25069.426582207816,23819.82533701545,1249.601245192367,500.0,True,1089.2914457066177,69.42361246040116,22603.08766801597,422.772826606644
2025-10-08,C3,18,2025-10-08 18:00:00,13408.127524971836,12774.187629234186,633.9398957376507,500.0,True,606.0179294286395,0.0,12682.640732283347,206.1287824058166
2025-10-09,C2,6,2025-10-09 06:00:00,30631.7394018307,27909.19189823546,2722.5475035952404,0.0,True,0.0,9732.38990598881,26654.20792016512,1043.200693870774
2025-10-09,C2,12,2025-10-09 12:00:00,28175.49438231528,24751.57779463151,3423.9165876837687,0.0,True,686.912243539454,3335.3286755737613,24047.320792950602,790.9519406172466
2025-10-09,C2,18,2025-10-09 18:00:00,12721.60878529047,12649.142096526273,72.46668876419608,0.0,True,0.0,0.0,10820.283225227491,156.99814199715826
2025-10-09,C3,6,2025-10-09 06:00:00,30631.7394018307,27909.19189823546,2722.5475035952404,500.0,True,0.0,9732.38990598881,26654.20792016512,1043.200693870774
2025-10-09,C3,12,2025-10-09 12:00:00,28175.49438231528,24751.57779463151,3423.9165876837687,500.0,True,686.912243539454,3335.3286755737613,24047.320792950602,790.9519406172466
2025-10-09,C3,18,2025-10-09 18:00:00,12721.60878529047,12649.142096526273,72.46668876419608,500.0,False,0.0,0.0,10820.283225227491,156.99814199715826
2025-10-10,C2,6,2025-10-10 06:00:00,9360.581337189236,9114.874074339943,245.70726284929333,0.0,True,207.71357416666422,299.78638149433215,8888.93488986227,134.2420098337697
2025-10-10,C2,12,2025-10-10 12:00:00,8667.82390670474,8390.007711200022,277.81619550471805,0.0,True,0.0,910.8726396684235,8373.521306415885,123.44430080655212
2025-10-10,C2,18,2025-10-10 18:00:00,7044.532021770788,6224.430343607166,820.1016781636217,0.0,True,458.7112656893287,27.85570637485307,5727.577422452968,466.2442750450088
2025-10-10,C3,6,2025-10-10 06:00:00,9360.581337189236,9114.874074339943,245.70726284929333,500.0,False,207.71357416666422,299.78638149433215,8888.93488986227,134.2420098337697
2025-10-10,C3,12,2025-10-10 12:00:00,8768.399111910358,8390.007711200022,378.3914007103358,500.0,False,0.0,910.8726396684235,8373.521306415885,192.98136988944418
2025-10-10,C3,18,2025-10-10 18:00:00,7220.167055478572,6412.636060328795,807.5309951497775,500.0,True,559.5150560118318,27.85570637485307,5915.783139174598,398.1292266480507
2025-10-11,C2,6,2025-10-11 06:00:00,10027.765616924353,9493.263078617807,534.5025383065458,0.0,True,869.0045290912974,0.0,8857.392274536047,202.9725613048308
2025-10-11,C2,12,2025-10-11 12:00:00,8479.171555162893,7548.452215818769,930.7193393441239,0.0,True,0.0,542.9651152529765,7527.8447857269675,127.75979473826061
2025-10-11,C2,18,2025-10-11 18:00:00,7380.722823695314,6560.668617977543,820.0542057177709,0.0,True,723.4839517275318,132.549427773341,6157.140689125655,446.5579559235836
2025-10-11,C3,6,2025-10-11 06:00:00,10027.765616924353,9493.263078617807,534.5025383065458,500.0,True,869.0045290912974,0.0,8857.392274536047,202.9725613048308
2025-10-11,C3,12,2025-10-11 12:00:00,8479.171555162893,7548.452215818769,930.7193393441239,500.0,True,0.0,542.9651152529765,7527.8447857269675,127.75979473826061
2025-10-11,C3,18,2025-10-11 18:00:00,7380.722823695314,6560.668617977543,820.0542057177709,500.0,True,723.4839517275318,132.549427773341,6157.140689125655,446.5579559235836
2025-10-12,C2,6,2025-10-12 06:00:00,27821.138640491496,27607.242268530343,213.8963719611529,0.0,True,401.71009951101485,0.0,26324.088201445305,69.20143003234273
2025-10-12,C2,12,2025-10-12 12:00:00,22915.13379497004,22625.84488074168,289.2889142283602,0.0,True,405.14298230385566,173.39639690043407,22477.204678667676,405.14298230385566
2025-10-12,C2,18,2025-10-12 18:00:00,13603.398428097034,13051.134119954342,552.2643081426922,0.0,True,490.711070241108,0.0,12539.381796720418,250.40621838735092
2025-10-12,C3,6,2025-10-12 06:00:00,27821.138640491496,27607.242268530343,213.8963719611529,500.0,False,401.71009951101485,0.0,26324.088201445305,69.20143003234273
2025-10-12,C3,12,2025-10-12 12:00:00,22447.386757364646,22404.069573523113,43.317183841532824,500.0,False,146.13291320117435,173.39639690043407,22256.450396771463,146.13291320117435
2025-10-12,C3,18,2025-10-12 18:00:00,13603.398428097034,13051.134119954342,552.2643081426922,500.0,True,490.711070241108,0.0,12539.381796720418,250.40621838735092
2025-10-13,C2,6,2025-10-13 06:00:00,35401.04357215225,29859.473533486886,5541.570038665366,0.0,True,1546.7603172679715,7190.136917782567,29348.71424661287,867.1030715976547
2025-10-13,C2,12,2025-10-13 12:00:00,27496.05618854934,25877.03663433489,1619.0195542144502,0.0,True,0.0,4354.144849683325,25632.702452777085,649.5822236337109
2025-10-13,C2,18,2025-10-13 18:00:00,14697.194339213987,14117.584162541383,579.6101766726042,0.0,True,582.05044596233,50.98233459047526,13522.298104554677,421.28116627256543
2025-10-13,C3,6,2025-10-13 06:00:00,35401.04357215225,29859.473533486886,5541.570038665366,500.0,True,1546.7603172679715,7190.136917782567,29348.71424661287,867.1030715976547
2025-10-13,C3,12,2025-10-13 12:00:00,27496.05618854934,25877.03663433489,1619.0195542144502,500.0,True,0.0,4354.144849683325,25632.702452777085,649.5822236337109
2025-10-13,C3,18,2025-10-13 18:00:00,14697.194339213987,14117.584162541383,579.6101766726042,500.0,True,582.05044596233,50.98233459047526,13522.298104554677,421.28116627256543
2025-10-14,C2,6,2025-10-14 06:00:00,35174.328094649696,30260.570296406637,4913.757798243059,0.0,True,1426.3978673698111,7288.613825600147,30122.043969025213,922.5099002270642
2025-10-14,C2,12,2025-10-14 12:00:00,34348.39295217312,27573.2493374366,6775.14361473652,0.0,True,0.0,870.6802109923193,27293.35683224992,758.3133827080228
2025-10-14,C2,18,2025-10-14 18:00:00,14915.575372396053,13455.927313126025,1459.6480592700282,0.0,True,798.4418759872734,88.66080277278172,13306.912506206223,263.47561976463356
2025-10-14,C3,6,2025-10-14 06:00:00,35174.328094649696,30260.570296406637,4913.757798243059,500.0,True,1426.3978673698111,7288.613825600147,30122.043969025213,922.5099002270642
2025-10-14,C3,12,2025-10-14 12:00:00,34348.39295217312,27573.2493374366,6775.14361473652,500.0,True,0.0,870.6802109923193,27293.35683224992,758.3133827080228
2025-10-14,C3,18,2025-10-14 18:00:00,14915.575372396053,13455.927313126025,1459.6480592700282,500.0,True,798.4418759872734,88.66080277278172,13306.912506206223,263.47561976463356
2025-10-15,C2,6,2025-10-15 06:00:00,34161.62332362476,31947.88132872279,2213.7419949019677,0.0,True,1387.368971047235,4444.202430167631,31561.21913045179,863.4875358193035
2025-10-15,C2,12,2025-10-15 12:00:00,34313.20300546264,28883.78645546985,5429.416549992788,0.0,True,155.56558921074406,453.05741135301923,28080.874399529454,850.7542752871718
2025-10-15,C2,18,2025-10-15 18:00:00,13512.749869105251,12991.911051937916,520.838817167336,0.0,True,457.9311369228676,156.83097532495287,12634.92935880556,398.852811393823
2025-10-15,C3,6,2025-10-15 06:00:00,34161.62332362476,31947.88132872279,2213.7419949019677,500.0,True,1387.368971047235,4444.202430167631,31561.21913045179,863.4875358193035
2025-10-15,C3,12,2025-10-15 12:00:00,34313.20300546264,28883.78645546985,5429.416549992788,500.0,True,155.56558921074406,453.05741135301923,28080.874399529454,850.7542752871718
2025-10-15,C3,18,2025-10-15 18:00:00,13512.749869105251,12991.911051937916,520.838817167336,500.0,True,457.9311369228676,156.83097532495287,12634.92935880556,398.852811393823
2025-10-16,C2,6,2025-10-16 06:00:00,34914.879374825454,31693.783785148848,3221.0955896766063,0.0,True,2180.3917199648326,234.02307467129106,31169.32460635495,714.6193583018944
2025-10-16,C2,12,2025-10-16 12:00:00,27400.668092724514,26474.997466646626,925.6706260778883,0.0,True,1844.1367980777393,40.52107961030384,25911.44840566792,676.975894915065
2025-10-16,C2,18,2025-10-16 18:00:00,14423.425548863037,13518.593073386624,904.8324754764126,0.0,True,830.5853196649499,59.0643685844758,12843.74612385702,183.28621330453893
2025-10-16,C3,6,2025-10-16 06:00:00,34914.879374825454,31693.783785148848,3221.0955896766063,500.0,True,2180.3917199648326,234.02307467129106,31169.32460635495,714.6193583018944
2025-10-16,C3,12,2025-10-16 12:00:00,27400.668092724514,26474.997466646626,925.6706260778883,500.0,True,1844.1367980777393,40.52107961030384,25911.44840566792,676.975894915065
2025-10-16,C3,18,2025-10-16 18:00:00,14423.425548863037,13518.593073386624,904.8324754764126,500.0,True,830.5853196649499,59.0643685844758,12843.74612385702,183.28621330453893
2025-10-17,C2,6,2025-10-17 06:00:00,11400.363271557833,10455.360507738409,945.0027638194242,0.0,True,1356.5225833220052,5.187165353342266,9301.003624392251,285.87790641057114
2025-10-17,C2,12,2025-10-17 12:00:00,10634.156694927104,10528.226961259783,105.92973366732076,0.0,True,1539.5194674575196,11.050409803365142,9380.25713840326,126.64359851378333
2025-10-17,C2,18,2025-10-17 18:00:00,7699.335325671307,6321.000986734822,1378.3343389364854,0.0,True,869.1536511597433,16.54037623078125,6209.231851651881,449.6213714793862
2025-10-17,C3,6,2025-10-17 06:00:00,11400.363271557833,10455.360507738409,945.0027638194242,500.0,True,1356.5225833220052,5.187165353342266,9301.003624392251,285.87790641057114
2025-10-17,C3,12,2025-10-17 12:00:00,10634.156694927104,10528.226961259783,105.92973366732076,500.0,False,1539.5194674575196,11.050409803365142,9380.25713840326,126.64359851378333
2025-10-17,C3,18,2025-10-17 18:00:00,7658.744983631936,6292.962365362134,1365.7826182698018,500.0,True,854.1360451113308,16.54037623078125,6181.193230279194,449.6213714793878
2025-10-18,C2,6,2025-10-18 06:00:00,11412.714858615438,10436.637255133204,976.0776034822338,0.0,True,655.190454352152,688.3962600280418,9840.980900678973,230.58072294814326
2025-10-18,C2,12,2025-10-18 12:00:00,9478.877729252752,9335.584379858492,143.29334939426008,0.0,True,0.0,695.0419447929003,9065.441181992632,117.6623783825944
2025-10-18,C2,18,2025-10-18 18:00:00,5907.333153255219,5698.167320656938,209.16583259828167,0.0,True,331.9496671345592,123.09039582936873,5267.202865276327,309.28404916396045
2025-10-18,C3,6,2025-10-18 06:00:00,11412.714858615438,10436.637255133204,976.0776034822338,500.0,True,655.190454352152,688.3962600280418,9840.980900678973,230.58072294814326
2025-10-18,C3,12,2025-10-18 12:00:00,9478.877729252752,9335.584379858492,143.29334939426008,500.0,False,0.0,695.0419447929003,9065.441181992632,117.6623783825944
2025-10-18,C3,18,2025-10-18 18:00:00,5909.495753409581,5698.167320656938,211.3284327526435,500.0,False,331.9496671345592,123.09039582936873,5267.202865276327,309.28404916396045
2025-10-19,C2,6,2025-10-19 06:00:00,31400.83560738646,30741.120355180385,659.7152522060751,0.0,True,2305.8339435523058,86.6490383154669,29617.413393188668,485.3192937585337
2025-10-19,C2,12,2025-10-19 12:00:00,27583.167591840607,27295.093677459885,288.0739143807223,0.0,True,1465.3612668808,87.63727795604086,26824.71325566249,424.28961272837387
2025-10-19,C2,18,2025-10-19 18:00:00,15077.954125950251,14132.932730877748,945.0213950725029,0.0,True,900.1012587045697,31.438313372345647,13829.022916621876,579.404795573765
2025-10-19,C3,6,2025-10-19 06:00:00,31400.83560738646,30741.120355180385,659.7152522060751,500.0,True,2305.8339435523058,86.6490383154669,29617.413393188668,485.3192937585337
2025-10-19,C3,12,2025-10-19 12:00:00,27583.167591840607,27295.093677459885,288.0739143807223,500.0,False,1465.3612668808,87.63727795604086,26824.71325566249,424.28961272837387
2025-10-19,C3,18,2025-10-19 18:00:00,15105.293156890304,14132.932730877748,972.3604260125558,500.0,True,900.1012587045697,31.438313372345647,13829.022916621876,579.404795573765
2025-10-20,C2,6,2025-10-20 06:00:00,35999.73742366692,35710.08673419765,289.65068946927204,0.0,True,566.7634445083344,240.46111957096525,34765.81117288952,149.14866319600787
2025-10-20,C2,12,2025-10-20 12:00:00,28743.487244383014,28447.699747309398,295.78749707361567,0.0,True,1245.5273778975213,114.58579485159919,27609.574292974525,604.900791001704
2025-10-20,C2,18,2025-10-20 18:00:00,13848.514016802234,13637.133144088992,211.38087271324184,0.0,True,462.42619215747766,185.1958670619893,12858.729424301484,100.22307645230092
2025-10-20,C3,6,2025-10-20 06:00:00,35999.73742366692,35710.08673419765,289.65068946927204,500.0,False,566.7634445083344,240.46111957096525,34765.81117288952,149.14866319600787
2025-10-20,C3,12,2025-10-20 12:00:00,28097.97879746489,27869.01744259861,228.96135486627827,500.0,False,712.1359498354802,114.58579485159919,27032.151402525968,203.29352602868266
2025-10-20,C3,18,2025-10-20 18:00:00,13811.8185816948,13526.95055140566,284.86803028914073,500.0,False,407.60898186726445,185.1958670619893,12748.546831618154,85.1885715363918
2025-10-21,C2,6,2025-10-21 06:00:00,37982.82329640755,35525.35805478346,2457.4652416240933,0.0,True,1231.6370521948202,2271.3108366957454,35098.418946510035,444.82912893238944
2025-10-21,C2,12,2025-10-21 12:00:00,29981.805457028284,29029.185832432122,952.6196245961619,0.0,True,0.0,1503.673915055622,29025.52398249781,251.97104935009793
2025-10-21,C2,18,2025-10-21 18:00:00,14380.102232366966,13687.61385180257,692.4883805643967,0.0,True,353.153415178199,0.0,13237.707748518429,183.13296820943413
2025-10-21,C3,6,2025-10-21 06:00:00,37982.82329640755,35525.35805478346,2457.4652416240933,500.0,True,1231.6370521948202,2271.3108366957454,35098.418946510035,444.82912893238944
2025-10-21,C3,12,2025-10-21 12:00:00,29981.805457028284,29029.185832432122,952.6196245961619,500.0,True,0.0,1503.673915055622,29025.52398249781,251.97104935009793
2025-10-21,C3,18,2025-10-21 18:00:00,14380.102232366966,13687.61385180257,692.4883805643967,500.0,True,353.153415178199,0.0,13237.707748518429,183.13296820943413
2025-10-22,C2,6,2025-10-22 06:00:00,35359.87077927678,33922.65614937266,1437.2146299041196,0.0,True,2842.8076994779385,0.0,32750.920418754875,581.8734054441177
2025-10-22,C2,12,2025-10-22 12:00:00,37557.96121523933,30392.091691047503,7165.8695241918285,0.0,True,5132.51613571432,0.0,30077.77455192918,882.6019070757033
2025-10-22,C2,18,2025-10-22 18:00:00,13584.382959865043,13363.81408887399,220.56887099105188,0.0,True,698.1884979690964,0.0,13024.98562755263,92.84839700877046
2025-10-22,C3,6,2025-10-22 06:00:00,35359.87077927678,33922.65614937266,1437.2146299041196,500.0,True,2842.8076994779385,0.0,32750.920418754875,581.8734054441177
2025-10-22,C3,12,2025-10-22 12:00:00,37557.96121523933,30392.091691047503,7165.8695241918285,500.0,True,5132.51613571432,0.0,30077.77455192918,882.6019070757033
2025-10-22,C3,18,2025-10-22 18:00:00,13584.382959865043,13363.81408887399,220.56887099105188,500.0,False,698.1884979690964,0.0,13024.98562755263,92.84839700877046
2025-10-23,C2,6,2025-10-23 06:00:00,37806.083257203325,33692.82592001229,4113.257337191033,0.0,True,0.0,13941.02777672891,33514.73645041959,1020.8411802092875
2025-10-23,C2,12,2025-10-23 12:00:00,36115.54550012995,28607.98247671545,7507.563023414499,0.0,True,1156.695420677294,1821.8697507403144,28293.939259241117,770.6862514256528
2025-10-23,C2,18,2025-10-23 18:00:00,14661.300755638606,13497.485149636892,1163.8156060017136,0.0,True,746.7429762959686,0.0,13154.333917645163,185.12244721689967
2025-10-23,C3,6,2025-10-23 06:00:00,37806.083257203325,33692.82592001229,4113.257337191033,500.0,True,0.0,13941.02777672891,33514.73645041959,1020.8411802092875
2025-10-23,C3,12,2025-10-23 12:00:00,36115.54550012995,28607.98247671545,7507.563023414499,500.0,True,1156.695420677294,1821.8697507403144,28293.939259241117,770.6862514256528
2025-10-23,C3,18,2025-10-23 18:00:00,14661.300755638606,13497.485149636892,1163.8156060017136,500.0,True,746.7429762959686,0.0,13154.333917645163,185.12244721689967
2025-10-24,C2,6,2025-10-24 06:00:00,11514.148496181795,10795.706792468096,718.4417037136991,0.0,True,868.9342845642238,15.240610935944005,9802.832647137535,219.5384096770153
2025-10-24,C2,12,2025-10-24 12:00:00,11523.839296259217,11162.449259211526,361.3900370476913,0.0,True,1402.4590225932286,0.0,10328.24612617187,291.1160972204725
2025-10-24,C2,18,2025-10-24 18:00:00,6914.8408975897755,6585.170846691383,329.6700508983922,0.0,True,497.59777004786,0.0,6083.602759837912,215.53841193151266
2025-10-24,C3,6,2025-10-24 06:00:00,11514.148496181795,10795.706792468096,718.4417037136991,500.0,True,868.9342845642238,15.240610935944005,9802.832647137535,219.5384096770153
2025-10-24,C3,12,2025-10-24 12:00:00,11523.839296259217,11162.449259211526,361.3900370476913,500.0,False,1402.4590225932286,0.0,10328.24612617187,291.1160972204725
2025-10-24,C3,18,2025-10-24 18:00:00,6792.172679664705,6459.342015704902,332.83066395980313,500.0,False,430.2033076679131,0.0,5957.773928851432,279.54033227110324
2025-10-25,C2,6,2025-10-25 06:00:00,9655.778854524571,9194.3662707896,461.4125837349711,0.0,True,411.45448915994695,102.0703263261471,8853.717066262703,218.3402231989847
2025-10-25,C2,12,2025-10-25 12:00:00,9370.329501908478,9285.922412803517,84.40708910496141,0.0,True,274.71243626137255,6.359328732191102,8599.144106983404,161.38685174716454
2025-10-25,C2,18,2025-10-25 18:00:00,6712.477766045183,6140.029711143357,572.4480549018253,0.0,True,367.92809229096895,0.0,5581.886519176397,334.5722370441847
2025-10-25,C3,6,2025-10-25 06:00:00,9655.778854524571,9194.3662707896,461.4125837349711,500.0,False,411.45448915994695,102.0703263261471,8853.717066262703,218.3402231989847
2025-10-25,C3,12,2025-10-25 12:00:00,9833.905435513228,9570.248660283778,263.65677522945043,500.0,False,562.9830012729338,6.359328732191102,8880.500889388139,263.04413294577137
2025-10-25,C3,18,2025-10-25 18:00:00,6711.845807752421,6140.029711143357,571.8160966090636,500.0,True,367.92809229096895,0.0,5581.886519176397,334.5722370441847
2025-10-26,C2,6,2025-10-26 06:00:00,33263.14223505309,31922.876288406034,1340.2659466470577,0.0,True,0.0,3936.7277870764447,31859.593875701066,759.27682882932
2025-10-26,C2,12,2025-10-26 12:00:00,35266.91125276625,29801.404729246176,5465.506523520075,0.0,True,2342.6268445336464,232.33093724015384,28848.057590733893,764.3794135615373
2025-10-26,C2,18,2025-10-26 18:00:00,15008.367685355926,13842.956257938584,1165.4114274173426,0.0,True,623.0533066374065,103.5344572058965,13523.951767821096,364.0860410770841
2025-10-26,C3,6,2025-10-26 06:00:00,33263.14223505309,31922.876288406034,1340.2659466470577,500.0,True,0.0,3936.7277870764447,31859.593875701066,759.27682882932
2025-10-26,C3,12,2025-10-26 12:00:00,35266.91125276625,29801.404729246176,5465.506523520075,500.0,True,2342.6268445336464,232.33093724015384,28848.057590733893,764.3794135615373
2025-10-26,C3,18,2025-10-26 18:00:00,15008.367685355926,13842.956257938584,1165.4114274173426,500.0,True,623.0533066374065,103.5344572058965,13523.951767821096,364.0860410770841
2025-10-27,C2,6,2025-10-27 06:00:00,41927.0268425124,37491.048476581964,4435.978365930438,0.0,True,4820.694854600124,216.6237942320783,34498.2810481759,821.139062876282
2025-10-27,C2,12,2025-10-27 12:00:00,28758.001316811795,28338.810882122154,419.1904346896408,0.0,True,2110.1111445547836,106.56826620483673,27516.19414899234,320.962920615076
2025-10-27,C2,18,2025-10-27 18:00:00,15762.550707148348,14354.392430156877,1408.1582769914712,0.0,True,715.1538340576259,0.0,14124.624371713431,403.3273063880977
2025-10-27,C3,6,2025-10-27 06:00:00,41927.0268425124,37491.048476581964,4435.978365930438,500.0,True,4820.694854600124,216.6237942320783,34498.2810481759,821.139062876282
2025-10-27,C3,12,2025-10-27 12:00:00,28758.001316811795,28338.810882122154,419.1904346896408,500.0,False,2110.1111445547836,106.56826620483673,27516.19414899234,320.962920615076
2025-10-27,C3,18,2025-10-27 18:00:00,16192.11050154244,14354.392430156877,1837.7180713855632,500.0,True,715.1538340576259,0.0,14124.624371713431,403.3273063880977
2025-10-28,C2,6,2025-10-28 06:00:00,40658.37639572357,35870.515362934755,4787.861032788816,0.0,True,7843.104499743244,0.0,35199.97012800991,763.7111091187579
2025-10-28,C2,12,2025-10-28 12:00:00,31205.23458571438,30213.888064876028,991.3465208383532,0.0,True,5087.326423939011,54.27236644318384,29264.94965168195,645.7877565856421
2025-10-28,C2,18,2025-10-28 18:00:00,13583.386860360275,13235.520536070417,347.8663242898583,0.0,True,304.3174451713168,0.0,12550.98048205722,276.1578850450049
2025-10-28,C3,6,2025-10-28 06:00:00,40658.37639572357,35870.515362934755,4787.861032788816,500.0,True,7843.104499743244,0.0,35199.97012800991,763.7111091187579
2025-10-28,C3,12,2025-10-28 12:00:00,31205.23458571438,30213.888064876028,991.3465208383532,500.0,True,5087.326423939011,54.27236644318384,29264.94965168195,645.7877565856421
2025-10-28,C3,18,2025-10-28 18:00:00,13583.386860360275,13235.520536070417,347.8663242898583,500.0,False,304.3174451713168,0.0,12550.98048205722,276.1578850450049
2025-10-29,C2,6,2025-10-29 06:00:00,42341.75355895267,39575.27702638557,2766.476532567096,0.0,True,1809.3709189738838,1781.1851668236072,38869.902726527915,756.5545611130981
2025-10-29,C2,12,2025-10-29 12:00:00,32513.170341530567,30803.72702076949,1709.4433207610782,0.0,True,1424.866877040362,1041.9703986061354,29911.562908506385,763.3271459182686
2025-10-29,C2,18,2025-10-29 18:00:00,14397.397698907174,13448.316389746069,949.0813091611053,0.0,True,773.3760853815072,0.0,13317.708055422987,276.13658394213843
2025-10-29,C3,6,2025-10-29 06:00:00,42341.75355895267,39575.27702638557,2766.476532567096,500.0,True,1809.3709189738838,1781.1851668236072,38869.902726527915,756.5545611130981
2025-10-29,C3,12,2025-10-29 12:00:00,32513.170341530567,30803.72702076949,1709.4433207610782,500.0,True,1424.866877040362,1041.9703986061354,29911.562908506385,763.3271459182686
2025-10-29,C3,18,2025-10-29 18:00:00,14397.397698907174,13448.316389746069,949.0813091611053,500.0,True,773.3760853815072,0.0,13317.708055422987,276.13658394213843
2025-10-30,C2,6,2025-10-30 06:00:00,32279.795680142004,32255.967992011803,23.82768813020084,0.0,True,142.5256073972323,53.160026245418976,29963.54409102096,78.44487717599179
2025-10-30,C2,12,2025-10-30 12:00:00,31122.93877315774,28251.08614575937,2871.85262739837,0.0,True,2235.97723156363,0.0,27701.087290073465,750.9575614949949
2025-10-30,C2,18,2025-10-30 18:00:00,14743.42837995396,13505.345603055694,1238.0827768982672,0.0,True,957.6022153843037,0.0,13309.979180977018,328.5783642779591
2025-10-30,C3,6,2025-10-30 06:00:00,32279.795680142004,32255.967992011803,23.82768813020084,500.0,False,142.5256073972323,53.160026245418976,29963.54409102096,78.44487717599179
2025-10-30,C3,12,2025-10-30 12:00:00,30959.29307434813,28098.019226432203,2861.273847915927,500.0,True,2096.1795438332683,0.0,27548.199676709144,724.6856255461219
2025-10-30,C3,18,2025-10-30 18:00:00,14743.42837995396,13505.345603055694,1238.0827768982672,500.0,True,957.6022153843037,0.0,13309.979180977018,328.5783642779591
2025-10-31,C2,6,2025-10-31 06:00:00,12253.132652239596,11159.144160383257,1093.9884918563384,0.0,True,357.53779891451984,1954.2799496473053,10826.708150186209,327.5585998039489
2025-10-31,C2,12,2025-10-31 12:00:00,12659.551346455306,11700.73395857078,958.8173878845264,0.0,True,0.0,881.4444865505112,10831.836450970699,327.5585998039489
2025-10-31,C2,18,2025-10-31 18:00:00,7446.110446148841,6604.751875281921,841.3585708669207,0.0,True,561.6762600947101,66.58300474260943,6059.625047230462,233.08465051673005
2025-10-31,C3,6,2025-10-31 06:00:00,12253.132652239596,11159.144160383257,1093.9884918563384,500.0,True,357.53779891451984,1954.2799496473053,10826.708150186209,327.5585998039489
2025-10-31,C3,12,2025-10-31 12:00:00,12659.551346455306,11700.73395857078,958.8173878845264,500.0,True,0.0,881.4444865505112,10831.836450970699,327.5585998039489
2025-10-31,C3,18,2025-10-31 18:00:00,7446.110446148841,6604.751875281921,841.3585708669207,500.0,True,561.6762600947101,66.58300474260943,6059.625047230462,233.08465051673005
2025-11-01,C2,6,2025-11-01 06:00:00,10888.489593676344,10437.18389219581,451.3057014805345,0.0,True,643.9204763988162,98.66578518322811,9928.043322417594,205.90246264992058
2025-11-01,C2,12,2025-11-01 12:00:00,14435.37330921508,11992.71609145421,2442.6572177608705,0.0,True,2673.370378524665,23.126136516000884,11580.421675426165,700.9307939306312
2025-11-01,C2,18,2025-11-01 18:00:00,7134.054164130461,6332.858613138569,801.1955509918917,0.0,True,631.4292719601425,0.0,5904.189218380129,422.7246798499324
2025-11-01,C3,6,2025-11-01 06:00:00,10888.489593676344,10437.18389219581,451.3057014805345,500.0,False,643.9204763988162,98.66578518322811,9928.043322417594,205.90246264992058
2025-11-01,C3,12,2025-11-01 12:00:00,14589.86722139883,11992.71609145421,2597.151129944621,500.0,True,2673.370378524665,23.126136516000884,11580.421675426165,669.476398232598
2025-11-01,C3,18,2025-11-01 18:00:00,7134.054164130461,6332.858613138569,801.1955509918917,500.0,True,631.4292719601425,0.0,5904.189218380129,422.7246798499324
2025-11-02,C2,6,2025-11-02 06:00:00,47129.39845985463,41345.92300413329,5783.475455721338,0.0,True,6666.071735778505,110.01413325155545,40301.62842248513,814.2228177718056
2025-11-02,C2,12,2025-11-02 12:00:00,30061.07024024779,29399.618115806075,661.4521244417156,0.0,True,1023.8072549090914,434.6835548285118,29258.07588672942,312.16237809924814
2025-11-02,C2,18,2025-11-02 18:00:00,14951.355460813289,13534.740784063486,1416.614676749803,0.0,True,627.0921116128889,18.531493632055174,13242.051541585606,280.0157818703542
2025-11-02,C3,6,2025-11-02 06:00:00,47129.39845985463,41345.92300413329,5783.475455721338,500.0,True,6666.071735778505,110.01413325155545,40301.62842248513,814.2228177718056
2025-11-02,C3,12,2025-11-02 12:00:00,30061.07024024779,29399.618115806075,661.4521244417156,500.0,True,1023.8072549090914,434.6835548285118,29258.07588672942,312.16237809924814
2025-11-02,C3,18,2025-11-02 18:00:00,14951.355460813289,13534.740784063486,1416.614676749803,500.0,True,627.0921116128889,18.531493632055174,13242.051541585606,280.0157818703542
2025-11-03,C2,6,2025-11-03 06:00:00,38988.22362109785,37806.36972519886,1181.8538958989884,0.0,True,0.0,3626.295444395725,37775.392686253785,689.0132839271506
2025-11-03,C2,12,2025-11-03 12:00:00,30550.69804993343,29512.803154675326,1037.894895258105,0.0,True,11.18584916931411,2036.5754318392187,29499.6352258022,628.5955851323557
2025-11-03,C2,18,2025-11-03 18:00:00,15550.700524872862,14248.593049483974,1302.107475388888,0.0,True,493.3910593338948,0.0,13807.605458662583,395.7534272925171
2025-11-03,C3,6,2025-11-03 06:00:00,38988.22362109785,37806.36972519886,1181.8538958989884,500.0,True,0.0,3626.295444395725,37775.392686253785,689.0132839271506
2025-11-03,C3,12,2025-11-03 12:00:00,30550.69804993343,29512.803154675326,1037.894895258105,500.0,True,11.18584916931411,2036.5754318392187,29499.6352258022,628.5955851323557
2025-11-03,C3,18,2025-11-03 18:00:00,15550.700524872862,14248.593049483974,1302.107475388888,500.0,True,493.3910593338948,0.0,13807.605458662583,395.7534272925171
2025-11-04,C2,6,2025-11-04 06:00:00,40892.713336072666,38766.57765786935,2126.135678203318,0.0,True,2022.0817275240695,388.98393418390515,36404.69225557138,775.6554458692739
2025-11-04,C2,12,2025-11-04 12:00:00,29755.28501776585,28959.544733021066,795.7402847447847,0.0,True,1239.3695432583227,141.43761362802832,28336.26832805839,678.9347643948284
2025-11-04,C2,18,2025-11-04 18:00:00,14408.529976281181,13585.299390925613,823.2305853555681,0.0,True,586.8799907782511,55.18333984471394,13139.1183104049,237.13450803913344
2025-11-04,C3,6,2025-11-04 06:00:00,40892.713336072666,38766.57765786935,2126.135678203318,500.0,True,2022.0817275240695,388.98393418390515,36404.69225557138,775.6554458692739
2025-11-04,C3,12,2025-11-04 12:00:00,29755.28501776585,28959.544733021066,795.7402847447847,500.0,True,1239.3695432583227,141.43761362802832,28336.26832805839,678.9347643948284
2025-11-04,C3,18,2025-11-04 18:00:00,14408.529976281181,13585.299390925613,823.2305853555681,500.0,True,586.8799907782511,55.18333984471394,13139.1183104049,237.13450803913344
2025-11-05,C2,6,2025-11-05 06:00:00,40280.85971869253,38347.482700478904,1933.3770182136286,0.0,True,520.4432892106283,5767.203353435238,37604.46356799375,862.2627579827363
2025-11-05,C2,12,2025-11-05 12:00:00,37525.49423605332,30792.570030290608,6732.924205762709,0.0,True,161.93530664447178,1002.6039513308651,30178.266214529518,862.2627579827363
2025-11-05,C2,18,2025-11-05 18:00:00,15164.740203360281,14362.500953953082,802.2392494071992,0.0,True,817.921867691222,0.0,13940.576082054966,317.87446594936387
2025-11-05,C3,6,2025-11-05 06:00:00,40280.85971869253,38347.482700478904,1933.3770182136286,500.0,True,520.4432892106283,5767.203353435238,37604.46356799375,862.2627579827363
2025-11-05,C3,12,2025-11-05 12:00:00,37525.49423605332,30792.570030290608,6732.924205762709,500.0,True,161.93530664447178,1002.6039513308651,30178.266214529518,862.2627579827363
2025-11-05,C3,18,2025-11-05 18:00:00,15164.740203360281,14362.500953953082,802.2392494071992,500.0,True,817.921867691222,0.0,13940.576082054966,317.87446594936387
2025-11-06,C2,6,2025-11-06 06:00:00,45223.44672973371,41198.8252939243,4024.6214358094076,0.0,True,2356.4288722080837,809.9407122656605,40401.29852388241,769.5808024838483
2025-11-06,C2,12,2025-11-06 12:00:00,31759.97966213131,30311.656417307033,1448.323244824278,0.0,True,1479.1586369636568,256.6016932624434,29479.858577323444,776.1153229732638
2025-11-06,C2,18,2025-11-06 18:00:00,14959.14774511887,13488.259844460312,1470.8879006585576,0.0,True,628.7931961822386,23.229920360692972,13319.755918328632,333.6888667612595
2025-11-06,C3,6,2025-11-06 06:00:00,45223.44672973371,41198.8252939243,4024.6214358094076,500.0,True,2356.4288722080837,809.9407122656605,40401.29852388241,769.5808024838483
2025-11-06,C3,12,2025-11-06 12:00:00,31759.97966213131,30311.656417307033,1448.323244824278,500.0,True,1479.1586369636568,256.6016932624434,29479.858577323444,776.1153229732638
2025-11-06,C3,18,2025-11-06 18:00:00,14959.14774511887,13488.259844460312,1470.8879006585576,500.0,True,628.7931961822386,23.229920360692972,13319.755918328632,333.6888667612595
2025-11-07,C2,6,2025-11-07 06:00:00,12280.750078121775,11447.01555369766,833.7345244241151,0.0,True,1653.6888398467445,0.0,11019.90000001774,355.3885746943315
2025-11-07,C2,12,2025-11-07 12:00:00,10262.84076095673,9868.927312215761,393.9134487409683,0.0,True,282.6582480515954,0.0,9454.451792594507,92.60711779714381
2025-11-07,C2,18,2025-11-07 18:00:00,7895.789982265103,6938.412520765482,957.377461499621,0.0,True,558.9236607481769,0.0,6209.852980010316,346.33343441841635
2025-11-07,C3,6,2025-11-07 06:00:00,12280.750078121775,11447.01555369766,833.7345244241151,500.0,True,1653.6888398467445,0.0,11019.90000001774,355.3885746943315
2025-11-07,C3,12,2025-11-07 12:00:00,10262.84076095673,9868.927312215761,393.9134487409683,500.0,False,282.6582480515954,0.0,9454.451792594507,92.60711779714381
2025-11-07,C3,18,2025-11-07 18:00:00,8120.103179862355,7053.406413862642,1066.6967659997135,500.0,True,620.246629680573,0.0,6324.346029155546,407.6564033508125
2025-11-08,C2,6,2025-11-08 06:00:00,10230.404418743721,10219.5836179607,10.820800783021696,0.0,True,0.0,210.77822184577607,9954.542284918438,115.04071908659103
2025-11-08,C2,12,2025-11-08 12:00:00,14042.77814834514,12258.429763772798,1784.3483845723422,0.0,True,1994.4562077936384,0.0,11630.954943898556,708.5262604044203
2025-11-08,C2,18,2025-11-08 18:00:00,8204.496433194901,6960.021497613444,1244.4749355814574,0.0,True,761.0500528810996,113.30641710972606,6528.744510076225,406.1559045395617
2025-11-08,C3,6,2025-11-08 06:00:00,10230.404418743721,10219.5836179607,10.820800783021696,500.0,False,0.0,210.77822184577607,9954.542284918438,115.04071908659103
2025-11-08,C3,12,2025-11-08 12:00:00,13827.701688896293,12258.429763772807,1569.2719251234867,500.0,True,1994.4562077936466,0.0,11630.954943898563,708.5262604044284
2025-11-08,C3,18,2025-11-08 18:00:00,8204.496433194901,6960.021497613444,1244.4749355814574,500.0,True,761.0500528810996,113.30641710972606,6528.744510076225,406.1559045395617
2025-11-09,C2,6,2025-11-09 06:00:00,41220.41364078488,39922.58094607883,1297.8326947060486,0.0,True,1277.9693241211778,190.56455236657735,38057.596136266235,624.4994827836578
2025-11-09,C2,12,2025-11-09 12:00:00,36163.577700896,32478.487885982246,3685.089814913754,0.0,True,2697.5484585889,225.2412855906622,31501.38780039557,707.6605541433667
2025-11-09,C2,18,2025-11-09 18:00:00,14390.365955307208,13832.758666090178,557.6072892170305,0.0,True,573.0975240214631,0.0,13606.156683031419,356.92676637361694
2025-11-09,C3,6,2025-11-09 06:00:00,41220.41364078488,39922.58094607883,1297.8326947060486,500.0,True,1277.9693241211778,190.56455236657735,38057.596136266235,624.4994827836578
2025-11-09,C3,12,2025-11-09 12:00:00,36163.577700896,32478.487885982246,3685.089814913754,500.0,True,2697.5484585889,225.2412855906622,31501.38780039557,707.6605541433667
2025-11-09,C3,18,2025-11-09 18:00:00,14390.365955307208,13832.758666090178,557.6072892170305,500.0,True,573.0975240214631,0.0,13606.156683031419,356.92676637361694
2025-11-10,C2,6,2025-11-10 06:00:00,53383.13273680866,45399.7990728639,7983.333663944759,0.0,True,4671.53249904183,406.50119695654257,43223.89897630519,815.2094115314859
2025-11-10,C2,12,2025-11-10 12:00:00,31332.022578590306,30999.506800530984,332.51577805932175,0.0,True,636.7668735712874,501.97719694510636,30894.08605314298,544.3763849141968
2025-11-10,C2,18,2025-11-10 18:00:00,15652.56812732805,14395.84670259352,1256.7214247345291,0.0,True,636.315874725728,0.0,13835.278833572062,223.27888058493858
2025-11-10,C3,6,2025-11-10 06:00:00,53383.13273680866,45399.7990728639,7983.333663944759,500.0,True,4671.53249904183,406.50119695654257,43223.89897630519,815.2094115314859
2025-11-10,C3,12,2025-11-10 12:00:00,31332.022578590306,30999.506800530984,332.51577805932175,500.0,False,636.7668735712874,501.97719694510636,30894.08605314298,544.3763849141968
2025-11-10,C3,18,2025-11-10 18:00:00,15589.826096086574,14395.84670259352,1193.979393493053,500.0,True,636.315874725728,0.0,13835.278833572062,223.27888058493858
2025-11-11,C2,6,2025-11-11 06:00:00,40912.8759310013,40566.84726768955,346.0286633117503,0.0,True,937.8664268966913,459.85729902724313,39823.20537748427,343.80363194171156
2025-11-11,C2,12,2025-11-11 12:00:00,30425.72555716522,29813.29734511439,612.4282120508287,0.0,True,1250.9212002392196,33.72445921284293,29650.43810824243,650.936219840627
2025-11-11,C2,18,2025-11-11 18:00:00,15479.85393903678,14139.931451882829,1339.9224871539518,0.0,True,658.0899135669758,49.14827970047395,13804.138579559914,340.4624029541187
2025-11-11,C3,6,2025-11-11 06:00:00,40912.8759310013,40566.84726768955,346.0286633117503,500.0,False,937.8664268966913,459.85729902724313,39823.20537748427,343.80363194171156
2025-11-11,C3,12,2025-11-11 12:00:00,29230.597742188682,29030.247045968506,200.35069622017545,500.0,False,484.84401700120935,33.72445921284293,28891.837283210705,369.0671599789575
2025-11-11,C3,18,2025-11-11 18:00:00,15491.458478626237,14139.931451882829,1351.527026743408,500.0,True,658.0899135669758,49.14827970047395,13804.138579559914,340.4624029541187
2025-11-12,C2,6,2025-11-12 06:00:00,44926.39756329119,41832.19207509216,3094.205488199026,0.0,True,1557.451414238637,2159.272805611369,41346.377743142424,753.9249469435922
2025-11-12,C2,12,2025-11-12 12:00:00,30791.480157499343,30308.843598064315,482.6365594350282,0.0,True,4.547473508864641e-13,1673.6342455488937,30268.51707327059,568.7280520479483
2025-11-12,C2,18,2025-11-12 18:00:00,14124.06665602198,13362.918840235177,761.1478157868023,0.0,True,379.7714381388166,556.7273600624765,13217.486259191663,206.69293819825918
2025-11-12,C3,6,2025-11-12 06:00:00,44926.39756329119,41832.19207509216,3094.205488199026,500.0,True,1557.451414238637,2159.272805611369,41346.377743142424,753.9249469435922
2025-11-12,C3,12,2025-11-12 12:00:00,30791.480157499343,30308.843598064315,482.6365594350282,500.0,False,4.547473508864641e-13,1673.6342455488937,30268.51707327059,568.7280520479483
2025-11-12,C3,18,2025-11-12 18:00:00,13949.065607787787,13085.51140261424,863.5542051735465,500.0,True,241.75778758113677,556.727360062476,12940.078821570727,133.23202851087467
2025-11-13,C2,6,2025-11-13 06:00:00,39272.68060079475,38568.549338983634,704.1312618111187,0.0,True,2855.7681237322877,0.0,36887.76974464514,683.8110429540876
2025-11-13,C2,12,2025-11-13 12:00:00,32486.33686368735,30246.252173601428,2240.0846900859215,0.0,True,3113.9304702732943,0.0,29589.31512796237,737.6569965498373
2025-11-13,C2,18,2025-11-13 18:00:00,14469.327032481744,13393.892674679932,1075.4343578018124,0.0,True,640.7344629055622,0.0,13255.621874540308,215.35603045344078
2025-11-13,C3,6,2025-11-13 06:00:00,39272.68060079475,38568.549338983634,704.1312618111187,500.0,True,2855.7681237322877,0.0,36887.76974464514,683.8110429540876
2025-11-13,C3,12,2025-11-13 12:00:00,32486.33686368735,30246.252173601428,2240.0846900859215,500.0,True,3113.9304702732943,0.0,29589.31512796237,737.6569965498373
2025-11-13,C3,18,2025-11-13 18:00:00,14469.327032481744,13393.892674679932,1075.4343578018124,500.0,True,640.7344629055622,0.0,13255.621874540308,215.35603045344078
2025-11-14,C2,6,2025-11-14 06:00:00,11578.87492625457,10897.422698508195,681.4522277463748,0.0,True,521.8850648258519,783.6548689097892,10437.287185377874,255.02403259543107
2025-11-14,C2,12,2025-11-14 12:00:00,20154.92407823308,13143.422527382538,7011.501550850544,0.0,True,3117.2898555401875,0.0,12948.157052546345,768.6498548541373
2025-11-14,C2,18,2025-11-14 18:00:00,7923.261350884752,6566.423959283987,1356.837391600765,0.0,True,630.1172222156499,0.0,6060.315796769884,344.99567603068306
2025-11-14,C3,6,2025-11-14 06:00:00,11578.87492625457,10897.422698508195,681.4522277463748,500.0,True,521.8850648258519,783.6548689097892,10437.287185377874,255.02403259543107
2025-11-14,C3,12,2025-11-14 12:00:00,20154.92407823308,13143.422527382538,7011.501550850544,500.0,True,3117.2898555401875,0.0,12948.157052546345,768.6498548541373
2025-11-14,C3,18,2025-11-14 18:00:00,7923.261350884752,6566.423959283987,1356.837391600765,500.0,True,630.1172222156499,0.0,6060.315796769884,344.99567603068306
2025-11-15,C2,6,2025-11-15 06:00:00,11113.62523858746,11068.129924276527,45.49531431093237,0.0,True,214.61416782494484,364.8413930746766,10451.262821183967,364.8413930746766
2025-11-15,C2,12,2025-11-15 12:00:00,11146.752650192831,10744.403802976383,402.3488472164481,0.0,True,381.6871457761145,18.05232957120188,10544.244029792777,346.7890635034747
2025-11-15,C2,18,2025-11-15 18:00:00,7041.5932341895095,6415.175091793462,626.4181423960472,0.0,True,508.21912590240765,40.08070482010129,6020.259326870139,254.68144271985574
2025-11-15,C3,6,2025-11-15 06:00:00,11113.62523858746,11068.129924276527,45.49531431093237,500.0,False,214.61416782494484,364.8413930746766,10451.262821183967,364.8413930746766
2025-11-15,C3,12,2025-11-15 12:00:00,11187.871409971513,10928.536927226627,259.33448274488546,500.0,False,653.993055813653,18.05232957120188,10726.539221267407,316.0269861734091
2025-11-15,C3,18,2025-11-15 18:00:00,7028.695090126246,6415.175091793462,613.5199983327839,500.0,True,508.21912590240765,40.08070482010129,6020.259326870139,254.68144271985574
2025-11-16,C2,6,2025-11-16 06:00:00,47024.641212455266,42959.17069344285,4065.470519012415,0.0,True,2739.3547863770204,564.9669927541861,42366.750235879335,813.432378413026
2025-11-16,C2,12,2025-11-16 12:00:00,32066.891683102385,31233.517562968715,833.3741201336707,0.0,True,1326.0305112322658,402.8338996616128,30887.49955516735,623.7137039242368
2025-11-16,C2,18,2025-11-16 18:00:00,14124.638043890687,13323.541490488406,801.0965534022816,0.0,True,397.696879604923,0.0,13112.844297165346,277.24546270644925
2025-11-16,C3,6,2025-11-16 06:00:00,47024.641212455266,42959.17069344285,4065.470519012415,500.0,True,2739.3547863770204,564.9669927541861,42366.750235879335,813.432378413026
2025-11-16,C3,12,2025-11-16 12:00:00,32066.891683102385,31233.517562968715,833.3741201336707,500.0,True,1326.0305112322658,402.8338996616128,30887.49955516735,623.7137039242368
2025-11-16,C3,18,2025-11-16 18:00:00,14124.638043890687,13323.541490488406,801.0965534022816,500.0,True,397.696879604923,0.0,13112.844297165346,277.24546270644925
2025-11-17,C2,6,2025-11-17 06:00:00,56748.1575787663,43651.680152731795,13096.477426034508,0.0,True,7843.318316864517,0.0,40844.76632205144,994.9252745824963
2025-11-17,C2,12,2025-11-17 12:00:00,31494.341618931456,31382.736434814946,111.60518411650992,0.0,True,4512.5476922029275,0.0,30453.303537214648,261.1007912104237
2025-11-17,C2,18,2025-11-17 18:00:00,14159.108526026761,13395.85965001684,763.2488760099204,0.0,True,404.89754224186754,0.0,13251.6589144584,180.55114234667883
2025-11-17,C3,6,2025-11-17 06:00:00,56748.1575787663,43651.680152731795,13096.477426034508,500.0,True,7843.318316864517,0.0,40844.76632205144,994.9252745824963
2025-11-17,C3,12,2025-11-17 12:00:00,31494.341618931456,31382.736434814946,111.60518411650992,500.0,False,4512.5476922029275,0.0,30453.303537214648,261.1007912104237
2025-11-17,C3,18,2025-11-17 18:00:00,14157.501106618894,13395.85965001684,761.641456602054,500.0,True,404.89754224186754,0.0,13251.6589144584,180.55114234667883
2025-11-18,C2,6,2025-11-18 06:00:00,43095.77058786677,40046.36928917258,3049.401298694189,0.0,True,1378.659325790564,1190.007422338953,38680.59640589726,820.6647565816719
2025-11-18,C2,12,2025-11-18 12:00:00,40207.13042644648,33208.83155733184,6998.298869114638,0.0,True,2260.947792278723,30.17095971162962,32822.01292400352,682.2736650116858
2025-11-18,C2,18,2025-11-18 18:00:00,15615.896093715723,14333.781886209854,1282.1142075058688,0.0,True,1000.57976160885,0.0,14144.014172683073,267.85836356076754
2025-11-18,C3,6,2025-11-18 06:00:00,43095.77058786677,40046.36928917258,3049.401298694189,500.0,True,1378.659325790564,1190.007422338953,38680.59640589726,820.6647565816719
2025-11-18,C3,12,2025-11-18 12:00:00,40207.13042644648,33208.83155733184,6998.298869114638,500.0,True,2260.947792278723,30.17095971162962,32822.01292400352,682.2736650116858
2025-11-18,C3,18,2025-11-18 18:00:00,15615.896093715723,14333.781886209854,1282.1142075058688,500.0,True,1000.57976160885,0.0,14144.014172683073,267.85836356076754
2025-11-19,C2,6,2025-11-19 06:00:00,60793.145054851135,47668.38029910798,13124.764755743156,0.0,True,8131.663250487727,134.2081581048759,46561.26425615244,865.3540186427102
2025-11-19,C2,12,2025-11-19 12:00:00,32233.214183576736,31222.548259023555,1010.665924553181,0.0,True,1985.0141614203292,460.1189792795021,31011.211001467178,677.217556841793
2025-11-19,C2,18,2025-11-19 18:00:00,14145.696929820388,13733.279485218165,412.41744460222253,0.0,True,245.57454223319598,31.855912915653448,13171.425055471393,231.54917582164398
2025-11-19,C3,6,2025-11-19 06:00:00,60793.145054851135,47668.38029910798,13124.764755743156,500.0,True,8131.663250487727,134.2081581048759,46561.26425615244,865.3540186427102
2025-11-19,C3,12,2025-11-19 12:00:00,32233.214183576736,31222.548259023555,1010.665924553181,500.0,True,1985.0141614203292,460.1189792795021,31011.211001467178,677.217556841793
2025-11-19,C3,18,2025-11-19 18:00:00,14145.696929820388,13733.279485218165,412.41744460222253,500.0,False,245.57454223319598,31.855912915653448,13171.425055471393,231.54917582164398
2025-11-20,C2,6,2025-11-20 06:00:00,43449.58182703198,41332.3320866058,2117.2497404261812,0.0,True,1573.3416570897868,163.37134087538408,39803.00777961405,733.9700042256417
2025-11-20,C2,12,2025-11-20 12:00:00,35345.456793013465,33005.36034885606,2340.0964441574033,0.0,True,2178.5078095996173,38.02731739795627,31647.32112420164,783.3407651311783
2025-11-20,C2,18,2025-11-20 18:00:00,14446.476894580697,13512.778386393826,933.6985081868715,0.0,True,594.8585336174323,0.0,13149.490393548354,214.02235574550502
2025-11-20,C3,6,2025-11-20 06:00:00,43449.58182703198,41332.3320866058,2117.2497404261812,500.0,True,1573.3416570897868,163.37134087538408,39803.00777961405,733.9700042256417
2025-11-20,C3,12,2025-11-20 12:00:00,35345.456793013465,33005.36034885606,2340.0964441574033,500.0,True,2178.5078095996173,38.02731739795627,31647.32112420164,783.3407651311783
2025-11-20,C3,18,2025-11-20 18:00:00,14446.476894580697,13512.778386393826,933.6985081868715,500.0,True,594.8585336174323,0.0,13149.490393548354,214.02235574550502
2025-11-21,C2,6,2025-11-21 06:00:00,14630.992923980744,13294.31014904697,1336.6827749337735,0.0,True,2359.910196086842,0.0,12124.32313510765,537.0428905283529
2025-11-21,C2,12,2025-11-21 12:00:00,12134.759523638422,11732.595160077464,402.164363560958,0.0,True,611.9561641062153,0.0,10552.65011394812,437.0766371513862
2025-11-21,C2,18,2025-11-21 18:00:00,6919.906492756202,5958.756718594701,961.1497741615012,0.0,True,442.734004846511,0.0,5571.895188136471,380.3239950977206
2025-11-21,C3,6,2025-11-21 06:00:00,14630.992923980744,13294.31014904697,1336.6827749337735,500.0,True,2359.910196086842,0.0,12124.32313510765,537.0428905283529
2025-11-21,C3,12,2025-11-21 12:00:00,12134.759523638422,11732.595160077464,402.164363560958,500.0,False,611.9561641062153,0.0,10552.65011394812,437.0766371513862
2025-11-21,C3,18,2025-11-21 18:00:00,6942.391253707953,5993.840183850409,948.5510698575445,500.0,True,461.52485954012263,0.0,5606.978653392179,377.2007932284601
2025-11-22,C2,6,2025-11-22 06:00:00,12678.086078659879,12199.360289158272,478.7257895016064,0.0,True,0.0,2115.169123671716,11980.553118302787,643.7410080110944
2025-11-22,C2,12,2025-11-22 12:00:00,14863.227394620959,12746.917680050876,2116.309714570083,0.0,True,1252.6778704790813,920.4784250368151,12274.975442376863,792.2108885270178
2025-11-22,C2,18,2025-11-22 18:00:00,7854.146084855816,6436.535210735654,1417.6108741201624,0.0,True,709.9592132112941,0.0,6343.494861875189,384.0150536351375
2025-11-22,C3,6,2025-11-22 06:00:00,12678.086078659879,12199.360289158272,478.7257895016064,500.0,False,0.0,2115.169123671716,11980.553118302787,643.7410080110944
2025-11-22,C3,12,2025-11-22 12:00:00,15115.399365169365,13245.060625681797,1870.338739487568,500.0,True,1732.4165411518186,895.0738808505354,12767.074949216858,716.7455446935442
2025-11-22,C3,18,2025-11-22 18:00:00,7854.146084855816,6436.535210735654,1417.6108741201624,500.0,True,709.9592132112941,0.0,6343.494861875189,384.0150536351375
2025-11-23,C2,6,2025-11-23 06:00:00,53122.188074777696,45730.699402614526,7391.48867216317,0.0,True,4846.1115447847205,365.62963626469525,43318.20194149433,825.8808924959641
2025-11-23,C2,12,2025-11-23 12:00:00,30181.095453158385,29938.275608162392,242.81984499599275,0.0,True,804.2443054554642,627.1634000121704,29754.07934115704,286.7254701615931
2025-11-23,C2,18,2025-11-23 18:00:00,14041.697433299989,13473.48704903607,568.210384263919,0.0,True,357.9475138003462,103.92933613854268,13281.81970745548,256.17283529572705
2025-11-23,C3,6,2025-11-23 06:00:00,53122.188074777696,45730.699402614526,7391.48867216317,500.0,True,4846.1115447847205,365.62963626469525,43318.20194149433,825.8808924959641
2025-11-23,C3,12,2025-11-23 12:00:00,30181.095453158385,29938.275608162392,242.81984499599275,500.0,False,804.2443054554642,627.1634000121704,29754.07934115704,286.7254701615931
2025-11-23,C3,18,2025-11-23 18:00:00,14185.65893540071,13473.48704903607,712.1718863646402,500.0,True,357.9475138003462,103.92933613854268,13281.81970745548,256.17283529572705
2025-11-24,C2,6,2025-11-24 06:00:00,42453.03809141947,39937.863184197246,2515.174907222223,0.0,True,2540.854795642589,45.3356033757035,39395.14662081306,636.764171546658
2025-11-24,C2,12,2025-11-24 12:00:00,31856.362995208336,30722.99863389612,1133.364361312215,0.0,True,2236.6156842040627,20.347058091250915,30200.395631828585,530.9516035609805
2025-11-24,C2,18,2025-11-24 18:00:00,13872.804464588442,13242.35137636748,630.453088220962,0.0,True,388.10245695693584,0.0,12519.532001312162,106.9926667570345
2025-11-24,C3,6,2025-11-24 06:00:00,42453.03809141947,39937.863184197246,2515.174907222223,500.0,True,2540.854795642589,45.3356033757035,39395.14662081306,636.764171546658
2025-11-24,C3,12,2025-11-24 12:00:00,31856.362995208336,30722.99863389612,1133.364361312215,500.0,True,2236.6156842040627,20.347058091250915,30200.395631828585,530.9516035609805
2025-11-24,C3,18,2025-11-24 18:00:00,13872.804464588442,13242.35137636748,630.453088220962,500.0,True,388.10245695693584,0.0,12519.532001312162,106.9926667570345
2025-11-25,C2,6,2025-11-25 06:00:00,44454.5600376419,44170.07655621831,284.48348142359464,0.0,True,404.510010988422,1005.328040852459,43806.78201358219,283.29362851303665
2025-11-25,C2,12,2025-11-25 12:00:00,34177.06886702994,33546.879416289594,630.1894507403485,0.0,True,155.98214980361848,1035.8764596720112,32606.762904252155,283.29362851303665
2025-11-25,C2,18,2025-11-25 18:00:00,14126.713851935689,13685.543857300996,441.16999463469256,0.0,True,283.6465533883327,0.0,13204.585648905351,282.7689457749576
2025-11-25,C3,6,2025-11-25 06:00:00,44454.5600376419,44170.07655621831,284.48348142359464,500.0,False,404.510010988422,1005.328040852459,43806.78201358219,283.29362851303665
2025-11-25,C3,12,2025-11-25 12:00:00,34444.46008550283,34125.46742304238,318.9926624604559,500.0,False,598.7626826950125,1035.8764596720112,32984.14475243549,583.312527841787
2025-11-25,C3,18,2025-11-25 18:00:00,14124.49473074396,13685.543857300996,438.9508734429637,500.0,False,283.6465533883327,0.0,13204.585648905351,282.7689457749576
2025-11-26,C2,6,2025-11-26 06:00:00,51679.707802008576,46677.9875319427,5001.7202700658745,0.0,True,4160.941413969342,683.2499476882617,46370.181221570216,792.6194228727489
2025-11-26,C2,12,2025-11-26 12:00:00,34190.6088642894,33682.9369032251,507.6719610643049,0.0,True,1158.7727692422795,983.9784477397213,32530.43297362894,442.5141318975009
2025-11-26,C2,18,2025-11-26 18:00:00,13825.405326270007,13560.769937045307,264.6353892247007,0.0,True,247.4866502142877,40.747621424551426,12859.901074995478,98.48864907113057
2025-11-26,C3,6,2025-11-26 06:00:00,51679.707802008576,46677.9875319427,5001.7202700658745,500.0,True,4160.941413969342,683.2499476882617,46370.181221570216,792.6194228727489
2025-11-26,C3,12,2025-11-26 12:00:00,34190.6088642894,33682.9369032251,507.6719610643049,500.0,True,1158.7727692422795,983.9784477397213,32530.43297362894,442.5141318975009
2025-11-26,C3,18,2025-11-26 18:00:00,13825.405326270007,13560.769937045307,264.6353892247007,500.0,False,247.4866502142877,40.747621424551426,12859.901074995478,98.48864907113057
2025-11-27,C2,6,2025-11-27 06:00:00,49268.5067648581,44673.86303245145,4594.64373240665,0.0,True,4534.906753606694,410.1074249597483,43860.329996398694,803.9648736929128
2025-11-27,C2,12,2025-11-27 12:00:00,32009.59017652697,31629.99108535897,379.59909116799827,0.0,True,918.8284127115832,439.90385940919634,31089.037912048443,290.836411621086
2025-11-27,C2,18,2025-11-27 18:00:00,13368.69706698203,12907.374838308426,461.3222286736036,0.0,True,274.18782876819273,44.063052543760705,12611.081271653093,123.98119206120384
2025-11-27,C3,6,2025-11-27 06:00:00,49268.5067648581,44673.86303245145,4594.64373240665,500.0,True,4534.906753606694,410.1074249597483,43860.329996398694,803.9648736929128
2025-11-27,C3,12,2025-11-27 12:00:00,32009.59017652697,31629.99108535897,379.59909116799827,500.0,False,918.8284127115832,439.90385940919634,31089.037912048443,290.836411621086
2025-11-27,C3,18,2025-11-27 18:00:00,13333.530771258811,12907.374838308426,426.15593295038525,500.0,False,274.18782876819273,44.063052543760705,12611.081271653093,123.98119206120384
2025-11-28,C2,6,2025-11-28 06:00:00,15359.507135878712,13906.626024047937,1452.881111830775,0.0,True,2228.230297328631,0.0,12149.31795530293,381.6229931397679
2025-11-28,C2,12,2025-11-28 12:00:00,11467.09937067679,10761.57564691391,705.523723762879,0.0,True,505.08139023328187,20.602767627349635,9978.98225614128,280.33512203028897
2025-11-28,C2,18,2025-11-28 18:00:00,6400.723611256207,5952.558349493697,448.16526176250954,0.0,True,353.3377442323215,34.074862948081886,5755.231525558658,244.20318850506658
2025-11-28,C3,6,2025-11-28 06:00:00,15359.507135878712,13906.626024047937,1452.881111830775,500.0,True,2228.230297328631,0.0,12149.31795530293,381.6229931397679
2025-11-28,C3,12,2025-11-28 12:00:00,11467.09937067679,10761.57564691391,705.523723762879,500.0,True,505.08139023328187,20.602767627349635,9978.98225614128,280.33512203028897
2025-11-28,C3,18,2025-11-28 18:00:00,6400.723611256207,5952.558349493697,448.16526176250954,500.0,False,353.3377442323215,34.074862948081886,5755.231525558658,244.20318850506658
2025-11-29,C2,6,2025-11-29 06:00:00,14391.94996866986,12822.438649418425,1569.5113192514345,0.0,True,0.0,5076.990148520808,12802.025564318807,796.8918820858199
2025-11-29,C2,12,2025-11-29 12:00:00,16405.9997735152,12631.929352797244,3774.070420717955,0.0,True,0.0,1215.9789386299044,12498.89079583061,294.6430762967758
2025-11-29,C2,18,2025-11-29 18:00:00,6685.21110240498,6014.200953046024,671.0101493589564,0.0,True,462.70684269609666,104.84373198133278,5850.841427845905,477.084551513832
2025-11-29,C3,6,2025-11-29 06:00:00,14391.94996866986,12822.438649418425,1569.5113192514345,500.0,True,0.0,5076.990148520808,12802.025564318807,796.8918820858199
2025-11-29,C3,12,2025-11-29 12:00:00,16405.9997735152,12631.929352797244,3774.070420717955,500.0,True,0.0,1215.9789386299044,12498.89079583061,294.6430762967758
2025-11-29,C3,18,2025-11-29 18:00:00,6685.21110240498,6014.200953046024,671.0101493589564,500.0,True,462.70684269609666,104.84373198133278,5850.841427845905,477.084551513832
2025-11-30,C2,6,2025-11-30 06:00:00,51028.10762577785,46855.331401941236,4172.776223836612,0.0,True,3860.036719611004,0.0,44310.386105211575,801.7353633671756
2025-11-30,C2,12,2025-11-30 12:00:00,33235.08417135033,32785.058453827536,450.0257175227962,0.0,True,2405.4012880061946,195.10904405736437,32441.241293129766,545.6433506818958
2025-11-30,C2,18,2025-11-30 18:00:00,13723.903796229635,13257.971314276901,465.9324819527337,0.0,True,307.1607474067812,0.0,12731.353027618388,241.93074666836037
2025-11-30,C3,6,2025-11-30 06:00:00,51028.10762577785,46855.331401941236,4172.776223836612,500.0,True,3860.036719611004,0.0,44310.386105211575,801.7353633671756
2025-11-30,C3,12,2025-11-30 12:00:00,33235.08417135033,32785.058453827536,450.0257175227962,500.0,False,2405.4012880061946,195.10904405736437,32441.241293129766,545.6433506818958
2025-11-30,C3,18,2025-11-30 18:00:00,13724.736163553116,13257.971314276901,466.7648492762146,500.0,False,307.1607474067812,0.0,12731.353027618388,241.93074666836037
2025-12-01,C2,6,2025-12-01 06:00:00,46421.462531926445,46285.01470565231,136.44782627413224,0.0,True,641.3039899586064,78.38642247667087,44055.44524358103,120.11665776364475
2025-12-01,C2,12,2025-12-01 12:00:00,32853.16235608667,32468.232916357818,384.92943972885405,0.0,True,0.0,237.79797951264516,32109.1718216343,120.11665776364475
2025-12-01,C2,18,2025-12-01 18:00:00,14389.855545895824,13592.365557227004,797.4899886688199,0.0,True,473.2450234221709,0.0,13431.442745997068,91.212865851983
2025-12-01,C3,6,2025-12-01 06:00:00,46421.462531926445,46285.01470565231,136.44782627413224,500.0,False,641.3039899586064,78.38642247667087,44055.44524358103,120.11665776364475
2025-12-01,C3,12,2025-12-01 12:00:00,32343.764815459697,32170.796034508003,172.9687809516945,500.0,False,0.0,630.3153363949922,31940.293799634877,140.76180197312442
2025-12-01,C3,18,2025-12-01 18:00:00,14389.855545895824,13592.365557227004,797.4899886688199,500.0,True,473.2450234221709,0.0,13431.442745997068,91.212865851983
2025-12-02,C2,6,2025-12-02 06:00:00,46123.51948076228,46054.01040541048,69.50907535180158,0.0,True,325.14700881037606,430.48964720354275,45201.94584406003,60.19096937798486
2025-12-02,C2,12,2025-12-02 12:00:00,34336.99472191353,34169.49488054786,167.4998413656649,0.0,True,122.52940986827227,753.2156678593409,33285.49535241382,111.16091930008542
2025-12-02,C2,18,2025-12-02 18:00:00,14838.755628272773,13879.334049010618,959.4215792621544,0.0,True,565.1669609190756,0.0,13377.324335588324,241.64072007075254
2025-12-02,C3,6,2025-12-02 06:00:00,46123.51948076228,46054.01040541048,69.50907535180158,500.0,False,325.14700881037606,430.48964720354275,45201.94584406003,60.19096937798486
2025-12-02,C3,12,2025-12-02 12:00:00,34137.953887904834,33966.64488875994,171.3089991448942,500.0,False,0.0,836.719736024278,33114.21264825258,178.2094745297028
2025-12-02,C3,18,2025-12-02 18:00:00,14730.561472755562,13879.334049010618,851.2274237449437,500.0,True,565.1669609190756,0.0,13377.324335588324,241.64072007075254
2025-12-03,C2,6,2025-12-03 06:00:00,57662.500492646526,46512.05569361723,11150.444799029297,0.0,True,7120.043999106866,24.6157031634732,45814.95047359513,918.1786239800005
2025-12-03,C2,12,2025-12-03 12:00:00,36578.66417410695,34844.89983011733,1733.76434398962,0.0,True,4959.1605139345165,42.2830492310801,34529.861055966845,729.7206586540277
2025-12-03,C2,18,2025-12-03 18:00:00,14330.023531833547,13440.933139087285,889.0903927462623,0.0,True,428.3236845633865,124.85840190481031,13097.751408652242,174.347790171484
2025-12-03,C3,6,2025-12-03 06:00:00,57662.500492646526,46512.05569361723,11150.444799029297,500.0,True,7120.043999106866,24.6157031634732,45814.95047359513,918.1786239800005
2025-12-03,C3,12,2025-12-03 12:00:00,36578.66417410695,34844.89983011733,1733.76434398962,500.0,True,4959.1605139345165,42.2830492310801,34529.861055966845,729.7206586540277
2025-12-03,C3,18,2025-12-03 18:00:00,14330.023531833547,13440.933139087285,889.0903927462623,500.0,True,428.3236845633865,124.85840190481031,13097.751408652242,174.347790171484
2025-12-04,C2,6,2025-12-04 06:00:00,50332.88264324033,47202.02694606983,3130.8556971704966,0.0,True,1657.716549530315,2861.6471960818203,45612.091699983896,745.3547000581592
2025-12-04,C2,12,2025-12-04 12:00:00,33807.30375871495,32486.148369854553,1321.1553888603994,0.0,True,0.0,2030.178463018307,32412.739595152172,613.90957415258
2025-12-04,C2,18,2025-12-04 18:00:00,14424.994111646147,13179.745668986776,1245.248442659371,0.0,True,235.71130921551435,0.0,12881.655459911026,226.3035706768759
2025-12-04,C3,6,2025-12-04 06:00:00,50332.88264324033,47202.02694606983,3130.8556971704966,500.0,True,1657.716549530315,2861.6471960818203,45612.091699983896,745.3547000581592
2025-12-04,C3,12,2025-12-04 12:00:00,33807.30375871495,32486.148369854553,1321.1553888603994,500.0,True,0.0,2030.178463018307,32412.739595152172,613.90957415258
2025-12-04,C3,18,2025-12-04 18:00:00,14424.994111646147,13179.745668986776,1245.248442659371,500.0,True,235.71130921551435,0.0,12881.655459911026,226.3035706768759
2025-12-05,C2,6,2025-12-05 06:00:00,16741.90261721322,16081.235424767894,660.6671924453276,0.0,True,2028.6177509523284,7.87889258773879,13767.819537299383,447.6727378092826
2025-12-05,C2,12,2025-12-05 12:00:00,13493.806019820473,13159.082619681303,334.7234001391698,0.0,True,1510.1060746585788,10.73138612531443,12955.338680668505,380.2402900655909
2025-12-05,C2,18,2025-12-05 18:00:00,7590.728488843142,6787.093251444185,803.6352373989575,0.0,True,763.1810014104746,0.0,6381.556056830893,467.3954081481201
2025-12-05,C3,6,2025-12-05 06:00:00,16741.90261721322,16081.235424767894,660.6671924453276,500.0,True,2028.6177509523284,7.87889258773879,13767.819537299383,447.6727378092826
2025-12-05,C3,12,2025-12-05 12:00:00,13493.806019820473,13159.082619681303,334.7234001391698,500.0,False,1510.1060746585788,10.73138612531443,12955.338680668505,380.2402900655909
2025-12-05,C3,18,2025-12-05 18:00:00,7577.734628627139,6787.093251444185,790.6413771829539,500.0,True,763.1810014104746,0.0,6381.556056830893,467.3954081481201
2025-12-06,C2,6,2025-12-06 06:00:00,16077.445940653703,15534.44103004911,543.0049106045917,0.0,True,656.8045857078719,1123.186731849432,13304.863914945407,422.4805930391143
2025-12-06,C2,12,2025-12-06 12:00:00,17262.085324392836,13274.045094112336,3988.0402302804996,0.0,True,1085.5674837385714,368.1410618971398,13099.521056573183,663.6609407752405
2025-12-06,C2,18,2025-12-06 18:00:00,7752.4173133131735,6584.914965657422,1167.5023476557517,0.0,True,600.8270040250234,0.0,5765.109580064529,393.3030394045127
2025-12-06,C3,6,2025-12-06 06:00:00,16077.445940653703,15534.44103004911,543.0049106045917,500.0,True,656.8045857078719,1123.186731849432,13304.863914945407,422.4805930391143
2025-12-06,C3,12,2025-12-06 12:00:00,17262.085324392836,13274.045094112336,3988.0402302804996,500.0,True,1085.5674837385714,368.1410618971398,13099.521056573183,663.6609407752405
2025-12-06,C3,18,2025-12-06 18:00:00,7752.4173133131735,6584.914965657422,1167.5023476557517,500.0,True,600.8270040250234,0.0,5765.109580064529,393.3030394045127
2025-12-07,C2,6,2025-12-07 06:00:00,46483.09772708044,45982.65985911129,500.43786796915083,0.0,True,187.6735731082996,2088.2628029048087,45511.861781472246,232.44541665150268
2025-12-07,C2,12,2025-12-07 12:00:00,41518.84225956946,36932.42449890244,4586.41776066702,0.0,True,1721.0375517672778,744.9484913784597,36393.761596443204,738.3763451075978
2025-12-07,C2,18,2025-12-07 18:00:00,14319.592099318339,13491.62917919558,827.9629201227599,0.0,True,480.75077323150185,0.0,13230.922683233657,186.6582766240606
2025-12-07,C3,6,2025-12-07 06:00:00,46483.09772708044,45982.65985911129,500.43786796915083,500.0,True,187.6735731082996,2088.2628029048087,45511.861781472246,232.44541665150268
2025-12-07,C3,12,2025-12-07 12:00:00,41518.84225956946,36932.42449890244,4586.41776066702,500.0,True,1721.0375517672778,744.9484913784597,36393.761596443204,738.3763451075978
2025-12-07,C3,18,2025-12-07 18:00:00,14319.592099318339,13491.62917919558,827.9629201227599,500.0,True,480.75077323150185,0.0,13230.922683233657,186.6582766240606
2025-12-08,C2,6,2025-12-08 06:00:00,54323.028766859556,54091.948283525926,231.08048333362967,0.0,True,1586.5798198781122,3.6613824748546904,52322.98493286057,386.8932925839242
2025-12-08,C2,12,2025-12-08 12:00:00,35862.201491811466,35353.94800375867,508.25348805279646,0.0,True,717.968297737375,35.531418009564845,35212.36753113977,552.7464265734627
2025-12-08,C2,18,2025-12-08 18:00:00,14999.450409762721,14126.476836662488,872.9735731002329,0.0,True,341.85938407830037,0.0,13421.79642692774,232.11298832934023
2025-12-08,C3,6,2025-12-08 06:00:00,54323.028766859556,54091.948283525926,231.08048333362967,500.0,False,1586.5798198781122,3.6613824748546904,52322.98493286057,386.8932925839242
2025-12-08,C3,12,2025-12-08 12:00:00,34616.53474844748,34588.012573564665,28.52217488281167,500.0,False,28.57907981266419,138.807801891792,34559.17831717863,58.91881734546189
2025-12-08,C3,18,2025-12-08 18:00:00,15002.466715603585,14126.476836662488,875.9898789410963,500.0,True,341.85938407830037,0.0,13421.79642692774,232.11298832934023
2025-12-09,C2,6,2025-12-09 06:00:00,51996.11845598677,51966.98978998404,29.128666002725367,0.0,True,95.89571792937488,133.18972356137002,50392.61856555983,32.96207078043062
2025-12-09,C2,12,2025-12-09 12:00:00,37141.00860017537,36647.46348011079,493.5451200645839,0.0,True,782.3413805334621,769.2328844493381,35045.363268675836,494.16391538511436
2025-12-09,C2,18,2025-12-09 18:00:00,14204.198580725162,13582.292177387517,621.9064033376453,0.0,True,331.7016626138999,0.0,13468.954967120999,131.87453729510707
2025-12-09,C3,6,2025-12-09 06:00:00,51996.11845598677,51966.98978998404,29.128666002725367,500.0,False,95.89571792937488,133.18972356137002,50392.61856555983,32.96207078043062
2025-12-09,C3,12,2025-12-09 12:00:00,37049.93806829118,36584.73988997797,465.1981783132069,500.0,False,738.4035088187115,769.2328844493381,34983.56904589621,494.16391538511436
2025-12-09,C3,18,2025-12-09 18:00:00,14204.198580725162,13582.292177387517,621.9064033376453,500.0,True,331.7016626138999,0.0,13468.954967120999,131.87453729510707
2025-12-10,C2,6,2025-12-10 06:00:00,57734.72084734245,53614.77507970327,4119.945767639176,0.0,True,3664.354458709151,8.550986301093076,50453.25074612353,717.9592653336398
2025-12-10,C2,12,2025-12-10 12:00:00,35565.905991011015,35383.02284486095,182.88314615006675,0.0,True,510.15058845286273,91.8319054795054,34864.40554948178,157.51491185124428
2025-12-10,C2,18,2025-12-10 18:00:00,14164.562407282832,13383.601324660573,780.9610826222597,0.0,True,498.93606978580567,5.814983171167114,13002.773007021742,366.8378818626986
2025-12-10,C3,6,2025-12-10 06:00:00,57734.72084734245,53614.77507970327,4119.945767639176,500.0,True,3664.354458709151,8.550986301093076,50453.25074612353,717.9592653336398
2025-12-10,C3,12,2025-12-10 12:00:00,35565.905991011015,35383.02284486095,182.88314615006675,500.0,False,510.15058845286273,91.8319054795054,34864.40554948178,157.51491185124428
2025-12-10,C3,18,2025-12-10 18:00:00,13945.082422030322,13177.106196914068,767.9762251162538,500.0,True,394.4670421582284,5.814983171167114,12800.92317529112,262.3688542351214
2025-12-11,C2,6,2025-12-11 06:00:00,50890.09344197737,49450.80074877272,1439.2926932046466,0.0,True,269.2798088804584,4137.365538207728,48978.892221744594,285.6318596491021
2025-12-11,C2,12,2025-12-11 12:00:00,37258.006321865796,34337.802810897316,2920.2035109684803,0.0,True,0.0,1904.112603569557,34137.970446092324,230.18548040203905
2025-12-11,C2,18,2025-12-11 18:00:00,13740.469187683537,13278.133139597234,462.336048086303,0.0,True,225.74524526392338,4.99804531875202,13123.21986828977,86.28803724225202
2025-12-11,C3,6,2025-12-11 06:00:00,50890.09344197737,49450.80074877272,1439.2926932046466,500.0,True,269.2798088804584,4137.365538207728,48978.892221744594,285.6318596491021
2025-12-11,C3,12,2025-12-11 12:00:00,37258.006321865796,34337.802810897316,2920.2035109684803,500.0,True,0.0,1904.112603569557,34137.970446092324,230.18548040203905
2025-12-11,C3,18,2025-12-11 18:00:00,13740.469187683537,13278.133139597234,462.336048086303,500.0,False,225.74524526392338,4.99804531875202,13123.21986828977,86.28803724225202
2025-12-12,C2,6,2025-12-12 06:00:00,28072.086550103963,22371.017811171507,5701.068738932456,0.0,True,4735.098073950592,122.61231711881788,20831.592026142618,797.6435514742554
2025-12-12,C2,12,2025-12-12 12:00:00,18212.88488711026,15212.176217855791,3000.708669254469,0.0,True,2461.816228944539,69.21862839622321,14915.543095696721,827.143445564312
2025-12-12,C2,18,2025-12-12 18:00:00,6186.195361278465,5917.887422869997,268.30793840846763,0.0,True,421.95014871166353,13.795916399182545,5808.465925296632,148.55639930662568
2025-12-12,C3,6,2025-12-12 06:00:00,28072.086550103963,22371.017811171507,5701.068738932456,500.0,True,4735.098073950592,122.61231711881788,20831.592026142618,797.6435514742554
2025-12-12,C3,12,2025-12-12 12:00:00,18212.88488711026,15212.176217855791,3000.708669254469,500.0,True,2461.816228944539,69.21862839622321,14915.543095696721,827.143445564312
2025-12-12,C3,18,2025-12-12 18:00:00,6186.195361278465,5917.887422869997,268.30793840846763,500.0,False,421.95014871166353,13.795916399182545,5808.465925296632,148.55639930662568
2025-12-13,C2,6,2025-12-13 06:00:00,22195.426439080347,20736.94093952431,1458.4854995560381,0.0,True,2624.7357595923527,13.154021948550167,19275.643582821318,971.7045844142386
2025-12-13,C2,12,2025-12-13 12:00:00,14783.382521111926,14438.661072776857,344.721448335069,0.0,True,1826.819140467128,12.692090435417072,14055.508521435795,510.13383736260096
2025-12-13,C2,18,2025-12-13 18:00:00,6564.063184929242,6331.407454605988,232.65573032325392,0.0,True,187.4416550727808,23.234789698156533,5782.826392907364,143.6145503252667
2025-12-13,C3,6,2025-12-13 06:00:00,22195.426439080347,20736.94093952431,1458.4854995560381,500.0,True,2624.7357595923527,13.154021948550167,19275.643582821318,971.7045844142386
2025-12-13,C3,12,2025-12-13 12:00:00,14783.382521111926,14438.661072776857,344.721448335069,500.0,False,1826.819140467128,12.692090435417072,14055.508521435795,510.13383736260096
2025-12-13,C3,18,2025-12-13 18:00:00,6590.364539465646,6331.407454605993,258.95708485965315,500.0,False,187.44165507278245,23.234789698156533,5782.826392907366,143.61455032526834
2025-12-14,C2,6,2025-12-14 06:00:00,53341.24073165827,50633.08457496875,2708.156156689518,0.0,True,3092.4144330875247,128.9388170297682,48786.477681668155,793.2939382274976
2025-12-14,C2,12,2025-12-14 12:00:00,37335.65637496176,36050.926363979976,1284.730010981788,0.0,True,1979.6384746084432,120.34931939550097,35677.92186337646,385.1363225594501
2025-12-14,C2,18,2025-12-14 18:00:00,13598.42808343724,13143.908586149364,454.5194972878762,0.0,True,249.92282278482867,39.606272834328024,12996.334935264273,184.09684968905674
2025-12-14,C3,6,2025-12-14 06:00:00,53341.24073165827,50633.08457496875,2708.156156689518,500.0,True,3092.4144330875247,128.9388170297682,48786.477681668155,793.2939382274976
2025-12-14,C3,12,2025-12-14 12:00:00,37335.65637496176,36050.926363979976,1284.730010981788,500.0,True,1979.6384746084432,120.34931939550097,35677.92186337646,385.1363225594501
2025-12-14,C3,18,2025-12-14 18:00:00,13598.42808343724,13143.908586149364,454.5194972878762,500.0,False,249.92282278482867,39.606272834328024,12996.334935264273,184.09684968905674
2025-12-15,C2,6,2025-12-15 06:00:00,63637.39875583412,55257.96360441933,8379.435151414786,0.0,True,7116.04541565996,0.0,52000.60678575037,920.5348103998632
2025-12-15,C2,12,2025-12-15 12:00:00,35395.489432333125,34939.89744368441,455.59198864871723,0.0,True,3304.7660303970633,0.4926321787457937,34590.36581538503,500.1622587295667
2025-12-15,C2,18,2025-12-15 18:00:00,13662.59629349907,13332.243354380076,330.35293911899316,0.0,True,204.97434860394355,0.4926321787457937,13129.014728805509,204.97434860394355
2025-12-15,C3,6,2025-12-15 06:00:00,63637.39875583412,55257.96360441933,8379.435151414786,500.0,True,7116.04541565996,0.0,52000.60678575037,920.5348103998632
2025-12-15,C3,12,2025-12-15 12:00:00,35395.489432333125,34939.89744368441,455.59198864871723,500.0,False,3304.7660303970633,0.4926321787457937,34590.36581538503,500.1622587295667
2025-12-15,C3,18,2025-12-15 18:00:00,13662.321146604067,13332.243354380076,330.0777922239904,500.0,False,204.97434860394355,0.4926321787457937,13129.014728805509,204.97434860394355
2025-12-16,C2,6,2025-12-16 06:00:00,55194.162197621576,54755.0804150748,439.0817825467748,0.0,True,630.6333329848776,1109.3165913573785,52532.730456519464,386.42823930882037
2025-12-16,C2,12,2025-12-16 12:00:00,38058.02057143011,36761.200469550764,1296.820101879348,0.0,True,1220.5801788100944,915.0105727623187,36547.61414872093,648.1534609050885
2025-12-16,C2,18,2025-12-16 18:00:00,14256.100179486135,13707.903849253129,548.1963302330059,0.0,True,261.28208517805615,48.414341100207366,13552.123707505461,131.71862493180583
2025-12-16,C3,6,2025-12-16 06:00:00,55194.162197621576,54755.0804150748,439.0817825467748,500.0,False,630.6333329848756,1109.3165913573785,52532.730456519464,386.4282393088183
2025-12-16,C3,12,2025-12-16 12:00:00,38241.588924294534,36761.200469550764,1480.3884547437701,500.0,True,1220.5801788100944,915.0105727623187,36547.61414872093,648.1534609050885
2025-12-16,C3,18,2025-12-16 18:00:00,14256.100179486135,13707.903849253129,548.1963302330059,500.0,True,261.28208517805615,48.414341100207366,13552.123707505461,131.71862493180583
2025-12-17,C2,6,2025-12-17 06:00:00,51504.75252554895,51326.666078172195,178.08644737675786,0.0,True,3.4324900709503936,1007.6406371113618,49732.7820539073,183.22196535300031
2025-12-17,C2,12,2025-12-17 12:00:00,37246.63122917587,36031.74034469002,1214.8908844858524,0.0,True,1071.5493672433058,33.86400005793041,35615.61413090125,510.79668276460427
2025-12-17,C2,18,2025-12-17 18:00:00,13298.654853779357,13063.924912787495,234.72994099186144,0.0,True,370.25520851154255,32.476812712842616,12893.533196812308,171.5018644565597
2025-12-17,C3,6,2025-12-17 06:00:00,51504.75252554895,51326.666078172195,178.08644737675786,500.0,False,3.4324900709503936,1007.6406371113618,49732.7820539073,183.22196535300031
2025-12-17,C3,12,2025-12-17 12:00:00,37312.42836935461,36341.127445457554,971.3009238970553,500.0,True,1335.2053396047563,33.86400005793041,35925.00123166879,510.79668276460427
2025-12-17,C3,18,2025-12-17 18:00:00,13298.654853779357,13063.924912787495,234.72994099186144,500.0,False,370.25520851154255,32.476812712842616,12893.533196812308,171.5018644565597
2025-12-18,C2,6,2025-12-18 06:00:00,59334.716245986485,54083.67522456964,5251.041021416844,0.0,True,3905.9412909917523,0.0,50980.50397921901,853.5054214460057
2025-12-18,C2,12,2025-12-18 12:00:00,34486.71800181977,34125.36137828776,361.3566235320104,0.0,True,2584.392280246988,79.11025595880403,33584.28281526341,187.4715373051188
2025-12-18,C2,18,2025-12-18 18:00:00,12575.204467981503,12417.136426441337,158.06804154016572,0.0,True,121.11938588991967,52.18872832840725,12236.359415225354,92.33670889622312
2025-12-18,C3,6,2025-12-18 06:00:00,59334.716245986485,54083.67522456964,5251.041021416844,500.0,True,3905.9412909917523,0.0,50980.50397921901,853.5054214460057
2025-12-18,C3,12,2025-12-18 12:00:00,34486.71800181977,34125.36137828776,361.3566235320104,500.0,False,2584.392280246988,79.11025595880403,33584.28281526341,187.4715373051188
2025-12-18,C3,18,2025-12-18 18:00:00,12709.812415961576,12591.980292502605,117.83212345897118,500.0,False,211.61125560048595,52.18872832840725,12411.203281286624,182.8285786067894
2025-12-19,C2,6,2025-12-19 06:00:00,28950.923508849897,23470.256778103005,5480.666730746892,0.0,True,6771.152757026508,114.791822504094,21264.44606560738,744.6757480610167
2025-12-19,C2,12,2025-12-19 12:00:00,14330.194105772876,14011.80178102829,318.3923247445855,0.0,True,766.1566810620515,166.2116068261745,13486.26021247506,461.44798102584195
2025-12-19,C2,18,2025-12-19 18:00:00,6004.542764517898,5766.32869991515,238.2140646027483,0.0,True,247.97779526393606,0.0,5519.427842822561,247.97779526393606
2025-12-19,C3,6,2025-12-19 06:00:00,28950.923508849897,23470.256778103005,5480.666730746892,500.0,True,6771.152757026508,114.791822504094,21264.44606560738,744.6757480610167
2025-12-19,C3,12,2025-12-19 12:00:00,14330.194105772876,14011.80178102829,318.3923247445855,500.0,False,766.1566810620515,166.2116068261745,13486.26021247506,461.44798102584195
2025-12-19,C3,18,2025-12-19 18:00:00,5958.028716111632,5766.32869991515,191.70001619648247,500.0,False,247.97779526393606,0.0,5519.427842822561,247.97779526393606
2025-12-20,C2,6,2025-12-20 06:00:00,15990.653164087113,15944.206984678396,46.44617940871649,0.0,True,0.0,403.6117410540251,15145.974739487436,83.45380404563707
2025-12-20,C2,12,2025-12-20 12:00:00,14634.952888609054,13726.34481084169,908.6080777673633,0.0,True,972.8557790810049,6.887791273038488,13030.066174382866,524.7240962251675
2025-12-20,C2,18,2025-12-20 18:00:00,6298.402009679829,5823.92537566098,474.4766340188489,0.0,True,272.25186147432237,0.0,5480.893807882468,249.38753541666668
2025-12-20,C3,6,2025-12-20 06:00:00,15990.653164087113,15944.206984678396,46.44617940871649,500.0,False,0.0,403.6117410540251,15145.974739487436,83.45380404563707
2025-12-20,C3,12,2025-12-20 12:00:00,14672.65777921922,14055.947898036262,616.7098811829583,500.0,True,1303.5566304654312,6.887791273038488,13357.460017253448,524.7240962251675
2025-12-20,C3,18,2025-12-20 18:00:00,6298.402009679829,5823.92537566098,474.4766340188489,500.0,False,272.25186147432237,0.0,5480.893807882468,249.38753541666668
2025-12-21,C2,6,2025-12-21 06:00:00,51086.220526058074,50605.19589097455,481.0246350835223,0.0,True,1099.9314326332951,0.0,49103.454074673595,306.62836896932595
2025-12-21,C2,12,2025-12-21 12:00:00,38178.13033864173,35686.657815656006,2491.4725229857213,0.0,True,2071.356629035999,0.0,35052.99408042501,651.6063367908972
2025-12-21,C2,18,2025-12-21 18:00:00,13273.293619645336,13044.719692309069,228.57392733626693,0.0,True,230.3753662148896,0.0,12679.539532358785,167.09697587593473
2025-12-21,C3,6,2025-12-21 06:00:00,51086.220526058074,50605.19589097455,481.0246350835223,500.0,False,1099.9314326332951,0.0,49103.454074673595,306.62836896932595
2025-12-21,C3,12,2025-12-21 12:00:00,38349.60517978241,35686.657815656006,2662.947364126405,500.0,True,2071.356629035999,0.0,35052.99408042501,651.6063367908972
2025-12-21,C3,18,2025-12-21 18:00:00,13273.293619645336,13044.719692309069,228.57392733626693,500.0,False,230.3753662148896,0.0,12679.539532358785,167.09697587593473
2025-12-22,C2,6,2025-12-22 06:00:00,58348.42945106475,54529.448253143724,3818.981197921028,0.0,True,5788.394011757055,52.95536552624833,53579.66227574412,1006.2940712555305
2025-12-22,C2,12,2025-12-22 12:00:00,38877.31311717485,36452.355352474464,2424.9577647003825,0.0,True,3154.574086494713,62.57082059733273,35811.30714360081,599.1657201176808
2025-12-22,C2,18,2025-12-22 18:00:00,13217.758531904941,12814.245697655786,403.5128342491553,0.0,True,221.21307104924944,125.92861050296449,12664.345080745476,193.90476208605452
2025-12-22,C3,6,2025-12-22 06:00:00,58348.42945106477,54529.448253143724,3818.9811979210426,500.0,True,5788.394011757056,52.95536552624833,53579.66227574413,1006.2940712555305
2025-12-22,C3,12,2025-12-22 12:00:00,38877.31311717485,36452.355352474464,2424.9577647003825,500.0,True,3154.574086494713,62.57082059733273,35811.30714360081,599.1657201176808
2025-12-22,C3,18,2025-12-22 18:00:00,13217.758531904941,12814.245697655786,403.5128342491553,500.0,False,221.21307104924944,125.92861050296449,12664.345080745476,193.90476208605452
2025-12-23,C2,6,2025-12-23 06:00:00,50441.37527029795,50069.65546873554,371.719801562409,0.0,True,945.0281050783968,372.87927866210316,48866.263957956144,154.7272539600399
2025-12-23,C2,12,2025-12-23 12:00:00,35484.91485052612,34443.69316931266,1041.2216812134575,0.0,True,1331.1857811230077,263.93048004506545,33882.42403942641,414.7385537417497
2025-12-23,C2,18,2025-12-23 18:00:00,13429.222539931367,13049.758613410928,379.4639265204387,0.0,True,334.5860208233125,0.0,12886.328249748422,167.08831189393203
2025-12-23,C3,6,2025-12-23 06:00:00,50441.37527029795,50069.65546873554,371.719801562409,500.0,False,945.0281050783968,372.87927866210316,48866.263957956144,154.7272539600399
2025-12-23,C3,12,2025-12-23 12:00:00,34333.376869576976,33727.62360728512,605.7532622918588,500.0,True,746.3501913935175,263.93048004506545,33167.86897879393,307.6578564502456
2025-12-23,C3,18,2025-12-23 18:00:00,13429.222539931367,13049.758613410928,379.4639265204387,500.0,False,334.5860208233125,0.0,12886.328249748422,167.08831189393203
2025-12-24,C2,6,2025-12-24 06:00:00,48377.51735569601,48340.92094414671,36.596411549297045,0.0,True,437.4773563999004,54.97054697900455,47002.21819147507,364.94012449075603
2025-12-24,C2,12,2025-12-24 12:00:00,33463.57952299984,33250.615290902955,212.9642320968851,0.0,True,478.8436481993758,115.86966979198667,32804.719008544474,131.38851011801944
2025-12-24,C2,18,2025-12-24 18:00:00,13422.266992106437,13058.488087796464,363.77890430997286,0.0,True,443.17117453892837,10.919753027598745,12826.156567695583,176.0589193222783
2025-12-24,C3,6,2025-12-24 06:00:00,48377.51735569601,48340.92094414671,36.596411549297045,500.0,False,437.4773563999004,54.97054697900455,47002.21819147507,364.94012449075603
2025-12-24,C3,12,2025-12-24 12:00:00,33482.60937661219,33207.54637198119,275.0630046310034,500.0,False,428.31106704042577,115.86966979198667,32761.6500896227,80.85592895906939
2025-12-24,C3,18,2025-12-24 18:00:00,13069.489456731459,12715.270130983665,354.21932574779385,500.0,False,265.5359201265886,10.919753027598745,12482.938610882778,64.39636806198132
2025-12-25,C2,6,2025-12-25 06:00:00,47576.45227647505,47207.188479334945,369.26379714010545,0.0,True,871.2931808012582,76.38236520346413,45482.06697282375,673.9799100570303
2025-12-25,C2,12,2025-12-25 12:00:00,40180.042718003286,34752.51261965584,5427.530098347444,0.0,True,2909.2187808438684,159.48417485865025,34192.10450201702,838.8820619775519
2025-12-25,C2,18,2025-12-25 18:00:00,13245.561545873881,12921.530010657834,324.0315352160469,0.0,True,212.927857724393,99.67489097877092,12760.230456766676,111.09250538341644
2025-12-25,C3,6,2025-12-25 06:00:00,47576.45227647505,47207.188479334945,369.26379714010545,500.0,False,871.2931808012582,76.38236520346413,45482.06697282375,673.9799100570303
2025-12-25,C3,12,2025-12-25 12:00:00,39859.32250496662,34520.377996715484,5338.944508251137,500.0,True,2703.895887100658,159.06987263708095,33960.149039411466,633.5591682343398
2025-12-25,C3,18,2025-12-25 18:00:00,13245.410462282742,12921.530010657834,323.88045162490744,500.0,False,212.927857724393,99.67489097877092,12760.230456766676,111.09250538341644
2025-12-26,C2,6,2025-12-26 06:00:00,16103.69294192363,15509.134640419965,594.5583015036646,0.0,True,1144.8207959241895,144.13163880305223,14575.072822199794,340.3817556096601
2025-12-26,C2,12,2025-12-26 12:00:00,16043.048776741804,14044.704416093495,1998.3443606483088,0.0,True,1731.9458035211137,24.622911256766372,13754.202306926207,623.4817458942281
2025-12-26,C2,18,2025-12-26 18:00:00,6133.177981831494,5941.0888605000955,192.08912133139893,0.0,True,393.04757495081986,0.0,5808.554743545102,269.2202396514471
2025-12-26,C3,6,2025-12-26 06:00:00,16103.69294192363,15509.134640419965,594.5583015036646,500.0,True,1144.8207959241895,144.13163880305223,14575.072822199794,340.3817556096601
2025-12-26,C3,12,2025-12-26 12:00:00,16043.048776741804,14044.704416093495,1998.3443606483088,500.0,True,1731.9458035211137,24.622911256766372,13754.202306926207,623.4817458942281
2025-12-26,C3,18,2025-12-26 18:00:00,6133.177981831494,5941.0888605000955,192.08912133139893,500.0,False,393.04757495081986,0.0,5808.554743545102,269.2202396514471
2025-12-27,C2,6,2025-12-27 06:00:00,19234.7911683771,18585.834487994067,648.9566803830348,0.0,True,1317.8709193542722,0.0,16965.534410683304,591.5889649790352
2025-12-27,C2,12,2025-12-27 12:00:00,15654.746153498565,14108.338543135429,1546.407610363136,0.0,True,1342.6277704535487,0.0,13518.810341236487,561.1900548133241
2025-12-27,C2,18,2025-12-27 18:00:00,6384.6565550442665,6078.875515346806,305.7810396974601,0.0,True,304.06665501697967,66.91404953952173,5877.695241156078,285.9234361701604
2025-12-27,C3,6,2025-12-27 06:00:00,19234.7911683771,18585.834487994067,648.9566803830348,500.0,True,1317.8709193542722,0.0,16965.534410683304,591.5889649790352
2025-12-27,C3,12,2025-12-27 12:00:00,15654.746153498565,14108.338543135429,1546.407610363136,500.0,True,1342.6277704535487,0.0,13518.810341236487,561.1900548133241
2025-12-27,C3,18,2025-12-27 18:00:00,6384.6565550442665,6078.875515346806,305.7810396974601,500.0,False,304.06665501697967,66.91404953952173,5877.695241156078,285.9234361701604
2025-12-28,C2,6,2025-12-28 06:00:00,53008.33839317653,51957.68031358784,1050.658079588684,0.0,True,1966.5309287639236,5.790287771477779,49523.900310716606,742.1134529236872
2025-12-28,C2,12,2025-12-28 12:00:00,34914.20008639707,34113.405440149894,800.7946462471737,0.0,True,1005.0211199231125,168.00634632547565,33308.25146986403,628.0114551532662
2025-12-28,C2,18,2025-12-28 18:00:00,13454.930449930442,12806.369538591076,648.5609113393657,0.0,True,207.97089898242558,0.0,12526.514059512161,116.2862825135092
2025-12-28,C3,6,2025-12-28 06:00:00,53008.33839317653,51957.68031358784,1050.658079588684,500.0,True,1966.5309287639236,5.790287771477779,49523.900310716606,742.1134529236872
2025-12-28,C3,12,2025-12-28 12:00:00,34914.20008639707,34113.405440149894,800.7946462471737,500.0,True,1005.0211199231125,168.00634632547565,33308.25146986403,628.0114551532662
2025-12-28,C3,18,2025-12-28 18:00:00,13454.930449930442,12806.369538591076,648.5609113393657,500.0,True,207.97089898242558,0.0,12526.514059512161,116.2862825135092
2025-12-29,C2,6,2025-12-29 06:00:00,56187.098709566606,52520.19635316142,3666.9023564051895,0.0,True,4245.810106542511,69.84545657245098,51073.79337644904,788.961817677018
2025-12-29,C2,12,2025-12-29 12:00:00,36696.90935053289,35671.54978314923,1025.3595673836608,0.0,True,943.7323974057203,20.484660604868168,34691.416823318235,430.54054738634954
2025-12-29,C2,18,2025-12-29 18:00:00,13321.831144690432,13143.195705823036,178.63543886739535,0.0,True,161.5507068618914,74.38537449561295,12917.006249950493,80.45272739387269
2025-12-29,C3,6,2025-12-29 06:00:00,56187.098709566606,52520.19635316142,3666.9023564051895,500.0,True,4245.810106542511,69.84545657245098,51073.79337644904,788.961817677018
2025-12-29,C3,12,2025-12-29 12:00:00,36696.90935053289,35671.54978314923,1025.3595673836608,500.0,True,943.7323974057203,20.484660604868168,34691.416823318235,430.54054738634954
2025-12-29,C3,18,2025-12-29 18:00:00,13321.831144690432,13143.195705823036,178.63543886739535,500.0,False,161.5507068618914,74.38537449561295,12917.006249950493,80.45272739387269
2025-12-30,C2,6,2025-12-30 06:00:00,54547.26827089298,51979.27194991422,2567.99632097876,0.0,True,3507.048362275305,570.550882657388,51355.23688973984,764.0099374147964
2025-12-30,C2,12,2025-12-30 12:00:00,34626.962556573846,33484.267216704735,1142.6953398691112,0.0,True,0.0,399.16176972608173,33176.037759354265,764.0099374147964
2025-12-30,C2,18,2025-12-30 18:00:00,13412.651741591604,12907.346560785716,505.3051808058881,0.0,True,222.11194491533388,62.24528724432503,12769.922227159404,147.1526893327764
2025-12-30,C3,6,2025-12-30 06:00:00,54547.26827089298,51979.27194991422,2567.99632097876,500.0,True,3507.048362275305,570.550882657388,51355.23688973984,764.0099374147964
2025-12-30,C3,12,2025-12-30 12:00:00,34626.962556573846,33484.267216704735,1142.6953398691112,500.0,True,0.0,399.16176972608173,33176.037759354265,764.0099374147964
2025-12-30,C3,18,2025-12-30 18:00:00,13412.651741591604,12907.346560785716,505.3051808058881,500.0,True,222.11194491533388,62.24528724432503,12769.922227159404,147.1526893327764
2025-12-31,C2,6,2025-12-31 06:00:00,52451.1967331688,52211.2877884228,239.90894474599918,0.0,True,862.6233856999164,150.92553300610632,49634.540964801214,563.2800415927818
2025-12-31,C2,12,2025-12-31 12:00:00,35227.50366556363,34125.43534886941,1102.068316694218,0.0,True,1116.3111911754204,121.39326425320337,33322.737811322695,763.6609529166439
2025-12-31,C2,18,2025-12-31 18:00:00,13372.641579217901,12804.249511698352,568.3920675195495,0.0,True,240.42522533720262,101.3318522867745,12735.921025180673,153.10895145172594
2025-12-31,C3,6,2025-12-31 06:00:00,52451.1967331688,52211.2877884228,239.90894474599918,500.0,False,862.6233856999164,150.92553300610632,49634.540964801214,563.2800415927818
2025-12-31,C3,12,2025-12-31 12:00:00,35220.50114297226,34122.61408479728,1097.8870581749798,500.0,True,1114.258679971074,121.39326425320337,33319.958916403135,763.6609529166439
2025-12-31,C3,18,2025-12-31 18:00:00,13372.641579217901,12804.249511698352,568.3920675195495,500.0,True,240.42522533720262,101.3318522867745,12735.921025180673,153.10895145172594
