analysis_type,policy,date,final_vs_original_non_emergency_yuan,sequential_revision_non_emergency_yuan,difference_yuan
fixed existing policy trajectory repricing,C0,2025-02-01,23015.715264641243,23015.715264641243,0.0
fixed existing policy trajectory repricing,C0,2025-02-02,64829.5135245637,64829.5135245637,0.0
fixed existing policy trajectory repricing,C0,2025-02-03,66899.02269067778,66899.02269067778,0.0
fixed existing policy trajectory repricing,C0,2025-02-04,65775.72092131621,65775.72092131621,0.0
fixed existing policy trajectory repricing,C0,2025-02-05,60891.49589105022,60891.49589105022,0.0
fixed existing policy trajectory repricing,C0,2025-02-06,64570.6805028747,64570.6805028747,0.0
fixed existing policy trajectory repricing,C0,2025-02-07,30867.07424657381,30867.07424657381,0.0
fixed existing policy trajectory repricing,C0,2025-02-08,22689.139119572385,22689.139119572385,0.0
fixed existing policy trajectory repricing,C0,2025-02-09,59756.35669093377,59756.35669093377,0.0
fixed existing policy trajectory repricing,C0,2025-02-10,58412.62017220976,58412.62017220976,0.0
fixed existing policy trajectory repricing,C0,2025-02-11,53710.3113430686,53710.3113430686,0.0
fixed existing policy trajectory repricing,C0,2025-02-12,53920.95996245927,53920.95996245927,0.0
fixed existing policy trajectory repricing,C0,2025-02-13,50615.90264750629,50615.90264750629,0.0
fixed existing policy trajectory repricing,C0,2025-02-14,19774.250126874693,19774.250126874693,0.0
fixed existing policy trajectory repricing,C0,2025-02-15,22757.75874842943,22757.75874842943,0.0
fixed existing policy trajectory repricing,C0,2025-02-16,60414.17670975914,60414.17670975914,0.0
fixed existing policy trajectory repricing,C0,2025-02-17,55222.64753202977,55222.64753202977,0.0
fixed existing policy trajectory repricing,C0,2025-02-18,48588.82172168333,48588.82172168333,0.0
fixed existing policy trajectory repricing,C0,2025-02-19,47458.26088510193,47458.26088510193,0.0
fixed existing policy trajectory repricing,C0,2025-02-20,50395.32327519231,50395.32327519231,0.0
fixed existing policy trajectory repricing,C0,2025-02-21,18273.06604032948,18273.06604032948,0.0
fixed existing policy trajectory repricing,C0,2025-02-22,22820.45194437992,22820.45194437992,0.0
fixed existing policy trajectory repricing,C0,2025-02-23,47986.25894818277,47986.25894818277,0.0
fixed existing policy trajectory repricing,C0,2025-02-24,47414.47239339375,47414.47239339375,0.0
fixed existing policy trajectory repricing,C0,2025-02-25,52679.28357510974,52679.28357510974,0.0
fixed existing policy trajectory repricing,C0,2025-02-26,44139.36416437451,44139.36416437451,0.0
fixed existing policy trajectory repricing,C0,2025-02-27,45383.003735363214,45383.003735363214,0.0
fixed existing policy trajectory repricing,C0,2025-02-28,17774.330603746264,17774.330603746264,0.0
fixed existing policy trajectory repricing,C0,2025-03-01,24047.696215832773,24047.696215832773,0.0
fixed existing policy trajectory repricing,C0,2025-03-02,57554.79960046922,57554.79960046922,0.0
fixed existing policy trajectory repricing,C0,2025-03-03,55486.35615445391,55486.35615445391,0.0
fixed existing policy trajectory repricing,C0,2025-03-04,46742.71723803806,46742.71723803806,0.0
fixed existing policy trajectory repricing,C0,2025-03-05,52611.32421344979,52611.32421344979,0.0
fixed existing policy trajectory repricing,C0,2025-03-06,45914.04275828255,45914.04275828255,0.0
fixed existing policy trajectory repricing,C0,2025-03-07,18459.633174839477,18459.633174839477,0.0
fixed existing policy trajectory repricing,C0,2025-03-08,20529.34164417146,20529.34164417146,0.0
fixed existing policy trajectory repricing,C0,2025-03-09,46406.20919670456,46406.20919670456,0.0
fixed existing policy trajectory repricing,C0,2025-03-10,45512.73662635449,45512.73662635449,0.0
fixed existing policy trajectory repricing,C0,2025-03-11,39022.99329025206,39022.99329025206,0.0
fixed existing policy trajectory repricing,C0,2025-03-12,45985.0431062748,45985.0431062748,0.0
fixed existing policy trajectory repricing,C0,2025-03-13,42763.02573935455,42763.02573935455,0.0
fixed existing policy trajectory repricing,C0,2025-03-14,15605.574650696097,15605.574650696097,0.0
fixed existing policy trajectory repricing,C0,2025-03-15,15595.007109566626,15595.007109566626,0.0
fixed existing policy trajectory repricing,C0,2025-03-16,43243.499043300886,43243.499043300886,0.0
fixed existing policy trajectory repricing,C0,2025-03-17,39830.89158531286,39830.89158531286,0.0
fixed existing policy trajectory repricing,C0,2025-03-18,45148.08266155592,45148.08266155592,0.0
fixed existing policy trajectory repricing,C0,2025-03-19,37505.65446011708,37505.65446011708,0.0
fixed existing policy trajectory repricing,C0,2025-03-20,43049.94642193864,43049.94642193864,0.0
fixed existing policy trajectory repricing,C0,2025-03-21,15508.755900573757,15508.755900573757,0.0
fixed existing policy trajectory repricing,C0,2025-03-22,16404.846931664862,16404.846931664862,0.0
fixed existing policy trajectory repricing,C0,2025-03-23,42908.744213287166,42908.744213287166,0.0
fixed existing policy trajectory repricing,C0,2025-03-24,41384.46197798558,41384.46197798558,0.0
fixed existing policy trajectory repricing,C0,2025-03-25,44953.57036306791,44953.57036306791,0.0
fixed existing policy trajectory repricing,C0,2025-03-26,39063.19822578518,39063.19822578518,0.0
fixed existing policy trajectory repricing,C0,2025-03-27,41016.914466854745,41016.914466854745,0.0
fixed existing policy trajectory repricing,C0,2025-03-28,15528.25481795866,15528.25481795866,0.0
fixed existing policy trajectory repricing,C0,2025-03-29,14224.149526888814,14224.149526888814,0.0
fixed existing policy trajectory repricing,C0,2025-03-30,39431.77317139635,39431.77317139635,0.0
fixed existing policy trajectory repricing,C0,2025-03-31,36529.97673127657,36529.97673127657,0.0
fixed existing policy trajectory repricing,C0,2025-04-01,41740.1288720828,41740.1288720828,0.0
fixed existing policy trajectory repricing,C0,2025-04-02,40681.06246649328,40681.06246649328,0.0
fixed existing policy trajectory repricing,C0,2025-04-03,41892.90705999706,41892.90705999706,0.0
fixed existing policy trajectory repricing,C0,2025-04-04,14258.126260128103,14258.126260128103,0.0
fixed existing policy trajectory repricing,C0,2025-04-05,13913.99414002898,13913.99414002898,0.0
fixed existing policy trajectory repricing,C0,2025-04-06,38737.862385749104,38737.862385749104,0.0
fixed existing policy trajectory repricing,C0,2025-04-07,34676.35032679342,34676.35032679342,0.0
fixed existing policy trajectory repricing,C0,2025-04-08,41885.515843755005,41885.515843755005,0.0
fixed existing policy trajectory repricing,C0,2025-04-09,39685.651859497215,39685.651859497215,0.0
fixed existing policy trajectory repricing,C0,2025-04-10,37777.55531737282,37777.55531737282,0.0
fixed existing policy trajectory repricing,C0,2025-04-11,13329.841129091474,13329.841129091474,0.0
fixed existing policy trajectory repricing,C0,2025-04-12,14574.357281253868,14574.357281253868,0.0
fixed existing policy trajectory repricing,C0,2025-04-13,37131.75458221922,37131.75458221922,0.0
fixed existing policy trajectory repricing,C0,2025-04-14,39178.874195076736,39178.874195076736,0.0
fixed existing policy trajectory repricing,C0,2025-04-15,33539.67795034383,33539.67795034383,0.0
fixed existing policy trajectory repricing,C0,2025-04-16,36672.18001438782,36672.18001438782,0.0
fixed existing policy trajectory repricing,C0,2025-04-17,34206.75823753544,34206.75823753544,0.0
fixed existing policy trajectory repricing,C0,2025-04-18,13449.420677720422,13449.420677720422,0.0
fixed existing policy trajectory repricing,C0,2025-04-19,12492.053155111029,12492.053155111029,0.0
fixed existing policy trajectory repricing,C0,2025-04-20,33314.715902966665,33314.715902966665,0.0
fixed existing policy trajectory repricing,C0,2025-04-21,36628.40053532885,36628.40053532885,0.0
fixed existing policy trajectory repricing,C0,2025-04-22,32280.62061815639,32280.62061815639,0.0
fixed existing policy trajectory repricing,C0,2025-04-23,32315.981888982857,32315.981888982857,0.0
fixed existing policy trajectory repricing,C0,2025-04-24,31225.45796676879,31225.45796676879,0.0
fixed existing policy trajectory repricing,C0,2025-04-25,12655.21255640554,12655.21255640554,0.0
fixed existing policy trajectory repricing,C0,2025-04-26,12639.177108630967,12639.177108630967,0.0
fixed existing policy trajectory repricing,C0,2025-04-27,29814.6662724185,29814.6662724185,0.0
fixed existing policy trajectory repricing,C0,2025-04-28,38370.36368500743,38370.36368500743,0.0
fixed existing policy trajectory repricing,C0,2025-04-29,32516.74097704095,32516.74097704095,0.0
fixed existing policy trajectory repricing,C0,2025-04-30,30893.213219371617,30893.213219371617,0.0
fixed existing policy trajectory repricing,C0,2025-05-01,32401.58733384704,32401.58733384704,0.0
fixed existing policy trajectory repricing,C0,2025-05-02,14106.125844314269,14106.125844314269,0.0
fixed existing policy trajectory repricing,C0,2025-05-03,13268.603769615089,13268.603769615089,0.0
fixed existing policy trajectory repricing,C0,2025-05-04,35334.61083308458,35334.61083308458,0.0
fixed existing policy trajectory repricing,C0,2025-05-05,37870.953716782686,37870.953716782686,0.0
fixed existing policy trajectory repricing,C0,2025-05-06,32041.44188169292,32041.44188169292,0.0
fixed existing policy trajectory repricing,C0,2025-05-07,33377.52659989326,33377.52659989326,0.0
fixed existing policy trajectory repricing,C0,2025-05-08,40924.78474076961,40924.78474076961,0.0
fixed existing policy trajectory repricing,C0,2025-05-09,16575.95335724175,16575.95335724175,0.0
fixed existing policy trajectory repricing,C0,2025-05-10,14682.998077949538,14682.998077949538,0.0
fixed existing policy trajectory repricing,C0,2025-05-11,36420.558254500655,36420.558254500655,0.0
fixed existing policy trajectory repricing,C0,2025-05-12,34288.96106178204,34288.96106178204,0.0
fixed existing policy trajectory repricing,C0,2025-05-13,40320.55040223094,40320.55040223094,0.0
fixed existing policy trajectory repricing,C0,2025-05-14,40342.03250056685,40342.03250056685,0.0
fixed existing policy trajectory repricing,C0,2025-05-15,37489.01779585881,37489.01779585881,0.0
fixed existing policy trajectory repricing,C0,2025-05-16,16882.655116685895,16882.655116685895,0.0
fixed existing policy trajectory repricing,C0,2025-05-17,17175.46507820425,17175.46507820425,0.0
fixed existing policy trajectory repricing,C0,2025-05-18,39501.533118685205,39501.533118685205,0.0
fixed existing policy trajectory repricing,C0,2025-05-19,36989.58248953853,36989.58248953853,0.0
fixed existing policy trajectory repricing,C0,2025-05-20,35146.350747869845,35146.350747869845,0.0
fixed existing policy trajectory repricing,C0,2025-05-21,35014.36980915692,35014.36980915692,0.0
fixed existing policy trajectory repricing,C0,2025-05-22,36112.60370679967,36112.60370679967,0.0
fixed existing policy trajectory repricing,C0,2025-05-23,13990.690835357984,13990.690835357984,0.0
fixed existing policy trajectory repricing,C0,2025-05-24,14749.55644661676,14749.55644661676,0.0
fixed existing policy trajectory repricing,C0,2025-05-25,36738.61109482189,36738.61109482189,0.0
fixed existing policy trajectory repricing,C0,2025-05-26,37129.94270388362,37129.94270388362,0.0
fixed existing policy trajectory repricing,C0,2025-05-27,33251.60721650786,33251.60721650786,0.0
fixed existing policy trajectory repricing,C0,2025-05-28,36547.4154448182,36547.4154448182,0.0
fixed existing policy trajectory repricing,C0,2025-05-29,36029.04240646533,36029.04240646533,0.0
fixed existing policy trajectory repricing,C0,2025-05-30,14638.704510072916,14638.704510072916,0.0
fixed existing policy trajectory repricing,C0,2025-05-31,17741.419484057387,17741.419484057387,0.0
fixed existing policy trajectory repricing,C0,2025-06-01,46546.39910056213,46546.39910056213,0.0
fixed existing policy trajectory repricing,C0,2025-06-02,48653.50191359471,48653.50191359471,0.0
fixed existing policy trajectory repricing,C0,2025-06-03,44693.57174891496,44693.57174891496,0.0
fixed existing policy trajectory repricing,C0,2025-06-04,51522.83000616077,51522.83000616077,0.0
fixed existing policy trajectory repricing,C0,2025-06-05,42530.28351496518,42530.28351496518,0.0
fixed existing policy trajectory repricing,C0,2025-06-06,19532.804356479643,19532.804356479643,0.0
fixed existing policy trajectory repricing,C0,2025-06-07,19499.034078725865,19499.034078725865,0.0
fixed existing policy trajectory repricing,C0,2025-06-08,49167.60994062965,49167.60994062965,0.0
fixed existing policy trajectory repricing,C0,2025-06-09,56677.6494382245,56677.6494382245,0.0
fixed existing policy trajectory repricing,C0,2025-06-10,54001.25377667503,54001.25377667503,0.0
fixed existing policy trajectory repricing,C0,2025-06-11,57053.206940300086,57053.206940300086,0.0
fixed existing policy trajectory repricing,C0,2025-06-12,53380.35707732775,53380.35707732775,0.0
fixed existing policy trajectory repricing,C0,2025-06-13,24273.85734464679,24273.85734464679,0.0
fixed existing policy trajectory repricing,C0,2025-06-14,23682.23230007992,23682.23230007992,0.0
fixed existing policy trajectory repricing,C0,2025-06-15,47481.49739604496,47481.49739604496,0.0
fixed existing policy trajectory repricing,C0,2025-06-16,52941.84987437064,52941.84987437064,0.0
fixed existing policy trajectory repricing,C0,2025-06-17,51147.85092038311,51147.85092038311,0.0
fixed existing policy trajectory repricing,C0,2025-06-18,53874.17613234754,53874.17613234754,0.0
fixed existing policy trajectory repricing,C0,2025-06-19,48943.09551864488,48943.09551864488,0.0
fixed existing policy trajectory repricing,C0,2025-06-20,22391.74998190437,22391.74998190437,0.0
fixed existing policy trajectory repricing,C0,2025-06-21,22323.621239765653,22323.621239765653,0.0
fixed existing policy trajectory repricing,C0,2025-06-22,42728.635369153824,42728.635369153824,0.0
fixed existing policy trajectory repricing,C0,2025-06-23,50295.65241630772,50295.65241630772,0.0
fixed existing policy trajectory repricing,C0,2025-06-24,55583.74684432171,55583.74684432171,0.0
fixed existing policy trajectory repricing,C0,2025-06-25,51403.11151955784,51403.11151955784,0.0
fixed existing policy trajectory repricing,C0,2025-06-26,48389.80776113062,48389.80776113062,0.0
fixed existing policy trajectory repricing,C0,2025-06-27,22295.881944080415,22295.881944080415,0.0
fixed existing policy trajectory repricing,C0,2025-06-28,21810.66528866911,21810.66528866911,0.0
fixed existing policy trajectory repricing,C0,2025-06-29,43559.01213960851,43559.01213960851,0.0
fixed existing policy trajectory repricing,C0,2025-06-30,50203.200477327606,50203.200477327606,0.0
fixed existing policy trajectory repricing,C0,2025-07-01,44816.21591862537,44816.21591862537,0.0
fixed existing policy trajectory repricing,C0,2025-07-02,41521.824040726366,41521.824040726366,0.0
fixed existing policy trajectory repricing,C0,2025-07-03,53138.73489600359,53138.73489600359,0.0
fixed existing policy trajectory repricing,C0,2025-07-04,21616.776843379663,21616.776843379663,0.0
fixed existing policy trajectory repricing,C0,2025-07-05,19345.431305126247,19345.431305126247,0.0
fixed existing policy trajectory repricing,C0,2025-07-06,44182.25639262297,44182.25639262297,0.0
fixed existing policy trajectory repricing,C0,2025-07-07,43980.42940081144,43980.42940081144,0.0
fixed existing policy trajectory repricing,C0,2025-07-08,59983.2832907558,59983.2832907558,0.0
fixed existing policy trajectory repricing,C0,2025-07-09,55842.637729172166,55842.637729172166,0.0
fixed existing policy trajectory repricing,C0,2025-07-10,53813.97453541401,53813.97453541401,0.0
fixed existing policy trajectory repricing,C0,2025-07-11,31713.684886206607,31713.684886206607,0.0
fixed existing policy trajectory repricing,C0,2025-07-12,29809.023764281177,29809.023764281177,0.0
fixed existing policy trajectory repricing,C0,2025-07-13,57529.12551097044,57529.12551097044,0.0
fixed existing policy trajectory repricing,C0,2025-07-14,56047.94440849147,56047.94440849147,0.0
fixed existing policy trajectory repricing,C0,2025-07-15,58244.68314150627,58244.68314150627,0.0
fixed existing policy trajectory repricing,C0,2025-07-16,53924.56632354915,53924.56632354915,0.0
fixed existing policy trajectory repricing,C0,2025-07-17,49960.06288805834,49960.06288805834,0.0
fixed existing policy trajectory repricing,C0,2025-07-18,33893.45457082235,33893.45457082235,0.0
fixed existing policy trajectory repricing,C0,2025-07-19,27822.220918459545,27822.220918459545,0.0
fixed existing policy trajectory repricing,C0,2025-07-20,60983.63228388598,60983.63228388598,0.0
fixed existing policy trajectory repricing,C0,2025-07-21,65646.13113112265,65646.13113112265,0.0
fixed existing policy trajectory repricing,C0,2025-07-22,50311.61240283615,50311.61240283615,0.0
fixed existing policy trajectory repricing,C0,2025-07-23,60574.93147435247,60574.93147435247,0.0
fixed existing policy trajectory repricing,C0,2025-07-24,64832.52795218438,64832.52795218438,0.0
fixed existing policy trajectory repricing,C0,2025-07-25,28851.35348970733,28851.35348970733,0.0
fixed existing policy trajectory repricing,C0,2025-07-26,28655.91640499201,28655.91640499201,0.0
fixed existing policy trajectory repricing,C0,2025-07-27,54610.01778593768,54610.01778593768,0.0
fixed existing policy trajectory repricing,C0,2025-07-28,64649.123073396055,64649.123073396055,0.0
fixed existing policy trajectory repricing,C0,2025-07-29,51396.83824822657,51396.83824822657,0.0
fixed existing policy trajectory repricing,C0,2025-07-30,52446.33881584347,52446.33881584347,0.0
fixed existing policy trajectory repricing,C0,2025-07-31,48732.77048545865,48732.77048545865,0.0
fixed existing policy trajectory repricing,C0,2025-08-01,25286.94765606809,25286.94765606809,0.0
fixed existing policy trajectory repricing,C0,2025-08-02,33460.18547327862,33460.18547327862,0.0
fixed existing policy trajectory repricing,C0,2025-08-03,40218.31207591001,40218.31207591001,0.0
fixed existing policy trajectory repricing,C0,2025-08-04,56522.42901317756,56522.42901317756,0.0
fixed existing policy trajectory repricing,C0,2025-08-05,53291.809115575554,53291.809115575554,0.0
fixed existing policy trajectory repricing,C0,2025-08-06,60446.60624025652,60446.60624025652,0.0
fixed existing policy trajectory repricing,C0,2025-08-07,51025.00861843423,51025.00861843423,0.0
fixed existing policy trajectory repricing,C0,2025-08-08,28807.1307803457,28807.1307803457,0.0
fixed existing policy trajectory repricing,C0,2025-08-09,23228.2908754936,23228.2908754936,0.0
fixed existing policy trajectory repricing,C0,2025-08-10,47046.24390711069,47046.24390711069,0.0
fixed existing policy trajectory repricing,C0,2025-08-11,46161.90740401747,46161.90740401747,0.0
fixed existing policy trajectory repricing,C0,2025-08-12,53719.37114837465,53719.37114837465,0.0
fixed existing policy trajectory repricing,C0,2025-08-13,52329.08909764124,52329.08909764124,0.0
fixed existing policy trajectory repricing,C0,2025-08-14,54507.08890216184,54507.08890216184,0.0
fixed existing policy trajectory repricing,C0,2025-08-15,24996.10341752964,24996.10341752964,0.0
fixed existing policy trajectory repricing,C0,2025-08-16,26642.256021860336,26642.256021860336,0.0
fixed existing policy trajectory repricing,C0,2025-08-17,47136.08953104028,47136.08953104028,0.0
fixed existing policy trajectory repricing,C0,2025-08-18,49150.93463476831,49150.93463476831,0.0
fixed existing policy trajectory repricing,C0,2025-08-19,54693.43334346171,54693.43334346171,0.0
fixed existing policy trajectory repricing,C0,2025-08-20,58981.784468055375,58981.784468055375,0.0
fixed existing policy trajectory repricing,C0,2025-08-21,46945.99697046703,46945.99697046703,0.0
fixed existing policy trajectory repricing,C0,2025-08-22,23701.13637088696,23701.13637088696,0.0
fixed existing policy trajectory repricing,C0,2025-08-23,28598.71408488488,28598.71408488488,0.0
fixed existing policy trajectory repricing,C0,2025-08-24,43781.49244894737,43781.49244894737,0.0
fixed existing policy trajectory repricing,C0,2025-08-25,63689.49144305718,63689.49144305718,0.0
fixed existing policy trajectory repricing,C0,2025-08-26,47655.87298840178,47655.87298840178,0.0
fixed existing policy trajectory repricing,C0,2025-08-27,55017.216643511936,55017.216643511936,0.0
fixed existing policy trajectory repricing,C0,2025-08-28,43578.89269731073,43578.89269731073,0.0
fixed existing policy trajectory repricing,C0,2025-08-29,28438.044188751097,28438.044188751097,0.0
fixed existing policy trajectory repricing,C0,2025-08-30,26109.04837136662,26109.04837136662,0.0
fixed existing policy trajectory repricing,C0,2025-08-31,45569.35210408721,45569.35210408721,0.0
fixed existing policy trajectory repricing,C0,2025-09-01,51119.21672499864,51119.21672499864,0.0
fixed existing policy trajectory repricing,C0,2025-09-02,45187.15225967256,45187.15225967256,0.0
fixed existing policy trajectory repricing,C0,2025-09-03,50593.0918057975,50593.0918057975,0.0
fixed existing policy trajectory repricing,C0,2025-09-04,49805.305450196334,49805.305450196334,0.0
fixed existing policy trajectory repricing,C0,2025-09-05,23759.3582686917,23759.3582686917,0.0
fixed existing policy trajectory repricing,C0,2025-09-06,22096.89709392083,22096.89709392083,0.0
fixed existing policy trajectory repricing,C0,2025-09-07,40656.43195166429,40656.43195166429,0.0
fixed existing policy trajectory repricing,C0,2025-09-08,35941.1325021411,35941.1325021411,0.0
fixed existing policy trajectory repricing,C0,2025-09-09,33900.05235739174,33900.05235739174,0.0
fixed existing policy trajectory repricing,C0,2025-09-10,39923.47418054946,39923.47418054946,0.0
fixed existing policy trajectory repricing,C0,2025-09-11,37567.49388164285,37567.49388164285,0.0
fixed existing policy trajectory repricing,C0,2025-09-12,16683.530997158578,16683.530997158578,0.0
fixed existing policy trajectory repricing,C0,2025-09-13,15532.687558964106,15532.687558964106,0.0
fixed existing policy trajectory repricing,C0,2025-09-14,41290.83358471726,41290.83358471726,0.0
fixed existing policy trajectory repricing,C0,2025-09-15,38322.75786100347,38322.75786100347,0.0
fixed existing policy trajectory repricing,C0,2025-09-16,42529.208506117895,42529.208506117895,0.0
fixed existing policy trajectory repricing,C0,2025-09-17,42554.69270077296,42554.69270077296,0.0
fixed existing policy trajectory repricing,C0,2025-09-18,36441.70311669439,36441.70311669439,0.0
fixed existing policy trajectory repricing,C0,2025-09-19,17234.558088907143,17234.558088907143,0.0
fixed existing policy trajectory repricing,C0,2025-09-20,18084.37263877981,18084.37263877981,0.0
fixed existing policy trajectory repricing,C0,2025-09-21,39910.41924898275,39910.41924898275,0.0
fixed existing policy trajectory repricing,C0,2025-09-22,45470.77604218972,45470.77604218972,0.0
fixed existing policy trajectory repricing,C0,2025-09-23,43435.736744260175,43435.736744260175,0.0
fixed existing policy trajectory repricing,C0,2025-09-24,39924.4417399597,39924.4417399597,0.0
fixed existing policy trajectory repricing,C0,2025-09-25,42866.69744849525,42866.69744849525,0.0
fixed existing policy trajectory repricing,C0,2025-09-26,17983.3437112404,17983.3437112404,0.0
fixed existing policy trajectory repricing,C0,2025-09-27,18484.71840029896,18484.71840029896,0.0
fixed existing policy trajectory repricing,C0,2025-09-28,42069.17539820329,42069.17539820329,0.0
fixed existing policy trajectory repricing,C0,2025-09-29,44743.29411521005,44743.29411521005,0.0
fixed existing policy trajectory repricing,C0,2025-09-30,44659.61067275391,44659.61067275391,0.0
fixed existing policy trajectory repricing,C0,2025-10-01,37875.408230885536,37875.408230885536,0.0
fixed existing policy trajectory repricing,C0,2025-10-02,46053.22606404673,46053.22606404673,0.0
fixed existing policy trajectory repricing,C0,2025-10-03,16588.11935426297,16588.11935426297,0.0
fixed existing policy trajectory repricing,C0,2025-10-04,17577.439734352592,17577.439734352592,0.0
fixed existing policy trajectory repricing,C0,2025-10-05,44632.74997610879,44632.74997610879,0.0
fixed existing policy trajectory repricing,C0,2025-10-06,38565.11890119659,38565.11890119659,0.0
fixed existing policy trajectory repricing,C0,2025-10-07,40291.13781105023,40291.13781105023,0.0
fixed existing policy trajectory repricing,C0,2025-10-08,36232.15275663861,36232.15275663861,0.0
fixed existing policy trajectory repricing,C0,2025-10-09,42871.545290092894,42871.545290092894,0.0
fixed existing policy trajectory repricing,C0,2025-10-10,17555.937042696747,17555.937042696747,0.0
fixed existing policy trajectory repricing,C0,2025-10-11,16628.04754334457,16628.04754334457,0.0
fixed existing policy trajectory repricing,C0,2025-10-12,39489.91614468375,39489.91614468375,0.0
fixed existing policy trajectory repricing,C0,2025-10-13,43643.0810342174,43643.0810342174,0.0
fixed existing policy trajectory repricing,C0,2025-10-14,44558.86787486762,44558.86787486762,0.0
fixed existing policy trajectory repricing,C0,2025-10-15,45127.70902329384,45127.70902329384,0.0
fixed existing policy trajectory repricing,C0,2025-10-16,41888.931540963895,41888.931540963895,0.0
fixed existing policy trajectory repricing,C0,2025-10-17,16404.296874995784,16404.296874995784,0.0
fixed existing policy trajectory repricing,C0,2025-10-18,17992.851653427562,17992.851653427562,0.0
fixed existing policy trajectory repricing,C0,2025-10-19,41352.838886508565,41352.838886508565,0.0
fixed existing policy trajectory repricing,C0,2025-10-20,47751.29997755513,47751.29997755513,0.0
fixed existing policy trajectory repricing,C0,2025-10-21,48419.62323383481,48419.62323383481,0.0
fixed existing policy trajectory repricing,C0,2025-10-22,43358.351935551626,43358.351935551626,0.0
fixed existing policy trajectory repricing,C0,2025-10-23,51905.62897491608,51905.62897491608,0.0
fixed existing policy trajectory repricing,C0,2025-10-24,18034.656806597653,18034.656806597653,0.0
fixed existing policy trajectory repricing,C0,2025-10-25,17892.335414162244,17892.335414162244,0.0
fixed existing policy trajectory repricing,C0,2025-10-26,46903.8251799547,46903.8251799547,0.0
fixed existing policy trajectory repricing,C0,2025-10-27,44247.98013230713,44247.98013230713,0.0
fixed existing policy trajectory repricing,C0,2025-10-28,42693.14193213329,42693.14193213329,0.0
fixed existing policy trajectory repricing,C0,2025-10-29,50921.98254055373,50921.98254055373,0.0
fixed existing policy trajectory repricing,C0,2025-10-30,43288.45560652974,43288.45560652974,0.0
fixed existing policy trajectory repricing,C0,2025-10-31,21031.514129901927,21031.514129901927,0.0
fixed existing policy trajectory repricing,C0,2025-11-01,18405.65558717203,18405.65558717203,0.0
fixed existing policy trajectory repricing,C0,2025-11-02,47816.30125089139,47816.30125089139,0.0
fixed existing policy trajectory repricing,C0,2025-11-03,52953.128624233526,52953.128624233526,0.0
fixed existing policy trajectory repricing,C0,2025-11-04,47821.91021997254,47821.91021997254,0.0
fixed existing policy trajectory repricing,C0,2025-11-05,52662.938682748616,52662.938682748616,0.0
fixed existing policy trajectory repricing,C0,2025-11-06,51509.98163857825,51509.98163857825,0.0
fixed existing policy trajectory repricing,C0,2025-11-07,19184.574969469508,19184.574969469508,0.0
fixed existing policy trajectory repricing,C0,2025-11-08,20102.22046011194,20102.22046011194,0.0
fixed existing policy trajectory repricing,C0,2025-11-09,50356.62987836234,50356.62987836234,0.0
fixed existing policy trajectory repricing,C0,2025-11-10,52184.38071944797,52184.38071944797,0.0
fixed existing policy trajectory repricing,C0,2025-11-11,53507.470995899006,53507.470995899006,0.0
fixed existing policy trajectory repricing,C0,2025-11-12,54132.76952711521,54132.76952711521,0.0
fixed existing policy trajectory repricing,C0,2025-11-13,48402.648443310834,48402.648443310834,0.0
fixed existing policy trajectory repricing,C0,2025-11-14,20238.380069327788,20238.380069327788,0.0
fixed existing policy trajectory repricing,C0,2025-11-15,20676.14326673184,20676.14326673184,0.0
fixed existing policy trajectory repricing,C0,2025-11-16,53190.66309030313,53190.66309030313,0.0
fixed existing policy trajectory repricing,C0,2025-11-17,47427.92556003127,47427.92556003127,0.0
fixed existing policy trajectory repricing,C0,2025-11-18,50966.4824002797,50966.4824002797,0.0
fixed existing policy trajectory repricing,C0,2025-11-19,52083.30167415121,52083.30167415121,0.0
fixed existing policy trajectory repricing,C0,2025-11-20,51270.349677366255,51270.349677366255,0.0
fixed existing policy trajectory repricing,C0,2025-11-21,19950.92277189041,19950.92277189041,0.0
fixed existing policy trajectory repricing,C0,2025-11-22,23735.35313548719,23735.35313548719,0.0
fixed existing policy trajectory repricing,C0,2025-11-23,52744.29807971922,52744.29807971922,0.0
fixed existing policy trajectory repricing,C0,2025-11-24,49879.56352207822,49879.56352207822,0.0
fixed existing policy trajectory repricing,C0,2025-11-25,58176.18030051698,58176.18030051698,0.0
fixed existing policy trajectory repricing,C0,2025-11-26,55570.41995064452,55570.41995064452,0.0
fixed existing policy trajectory repricing,C0,2025-11-27,52868.75579909303,52868.75579909303,0.0
fixed existing policy trajectory repricing,C0,2025-11-28,19899.983427383788,19899.983427383788,0.0
fixed existing policy trajectory repricing,C0,2025-11-29,25645.50067103177,25645.50067103177,0.0
fixed existing policy trajectory repricing,C0,2025-11-30,54175.84984426938,54175.84984426938,0.0
fixed existing policy trajectory repricing,C0,2025-12-01,57681.66787531746,57681.66787531746,0.0
fixed existing policy trajectory repricing,C0,2025-12-02,59284.405817282095,59284.405817282095,0.0
fixed existing policy trajectory repricing,C0,2025-12-03,53265.61282572215,53265.61282572215,0.0
fixed existing policy trajectory repricing,C0,2025-12-04,58827.71677930398,58827.71677930398,0.0
fixed existing policy trajectory repricing,C0,2025-12-05,23409.580718929177,23409.580718929177,0.0
fixed existing policy trajectory repricing,C0,2025-12-06,24106.304423361154,24106.304423361154,0.0
fixed existing policy trajectory repricing,C0,2025-12-07,60298.95349172046,60298.95349172046,0.0
fixed existing policy trajectory repricing,C0,2025-12-08,66530.2877961187,66530.2877961187,0.0
fixed existing policy trajectory repricing,C0,2025-12-09,65916.7443637644,65916.7443637644,0.0
fixed existing policy trajectory repricing,C0,2025-12-10,61673.21594910382,61673.21594910382,0.0
fixed existing policy trajectory repricing,C0,2025-12-11,65642.16505439613,65642.16505439613,0.0
fixed existing policy trajectory repricing,C0,2025-12-12,28704.3022194759,28704.3022194759,0.0
fixed existing policy trajectory repricing,C0,2025-12-13,28765.519871637425,28765.519871637425,0.0
fixed existing policy trajectory repricing,C0,2025-12-14,61117.320326131885,61117.320326131885,0.0
fixed existing policy trajectory repricing,C0,2025-12-15,60984.54267967067,60984.54267967067,0.0
fixed existing policy trajectory repricing,C0,2025-12-16,67604.66238728267,67604.66238728267,0.0
fixed existing policy trajectory repricing,C0,2025-12-17,66155.30466375864,66155.30466375864,0.0
fixed existing policy trajectory repricing,C0,2025-12-18,62185.57006774248,62185.57006774248,0.0
fixed existing policy trajectory repricing,C0,2025-12-19,29261.12915624069,29261.12915624069,0.0
fixed existing policy trajectory repricing,C0,2025-12-20,27625.22316699413,27625.22316699413,0.0
fixed existing policy trajectory repricing,C0,2025-12-21,63113.52463095634,63113.52463095634,0.0
fixed existing policy trajectory repricing,C0,2025-12-22,64294.40164462067,64294.40164462067,0.0
fixed existing policy trajectory repricing,C0,2025-12-23,63172.01801949336,63172.01801949336,0.0
fixed existing policy trajectory repricing,C0,2025-12-24,62025.939578162455,62025.939578162455,0.0
fixed existing policy trajectory repricing,C0,2025-12-25,59920.73039834251,59920.73039834251,0.0
fixed existing policy trajectory repricing,C0,2025-12-26,26062.75837551312,26062.75837551312,0.0
fixed existing policy trajectory repricing,C0,2025-12-27,28027.049559313866,28027.049559313866,0.0
fixed existing policy trajectory repricing,C0,2025-12-28,63496.58615640953,63496.58615640953,0.0
fixed existing policy trajectory repricing,C0,2025-12-29,62074.11758192354,62074.11758192354,0.0
fixed existing policy trajectory repricing,C0,2025-12-30,64202.106995497605,64202.106995497605,0.0
fixed existing policy trajectory repricing,C0,2025-12-31,65189.09798307273,65189.09798307273,0.0
fixed existing policy trajectory repricing,C1,2025-02-01,23015.715264641243,23015.715264641243,0.0
fixed existing policy trajectory repricing,C1,2025-02-02,64840.42400095121,64840.42400095121,0.0
fixed existing policy trajectory repricing,C1,2025-02-03,66899.02269067778,66899.02269067778,0.0
fixed existing policy trajectory repricing,C1,2025-02-04,65775.72092131621,65775.72092131621,0.0
fixed existing policy trajectory repricing,C1,2025-02-05,60891.49589105022,60891.49589105022,0.0
fixed existing policy trajectory repricing,C1,2025-02-06,64570.6805028747,64570.6805028747,0.0
fixed existing policy trajectory repricing,C1,2025-02-07,30867.07424657381,30867.07424657381,0.0
fixed existing policy trajectory repricing,C1,2025-02-08,22689.139119572385,22689.139119572385,0.0
fixed existing policy trajectory repricing,C1,2025-02-09,59756.35669093377,59756.35669093377,0.0
fixed existing policy trajectory repricing,C1,2025-02-10,58412.62017220976,58412.62017220976,0.0
fixed existing policy trajectory repricing,C1,2025-02-11,53710.3113430686,53710.3113430686,0.0
fixed existing policy trajectory repricing,C1,2025-02-12,53920.95996245927,53920.95996245927,0.0
fixed existing policy trajectory repricing,C1,2025-02-13,50615.90264750629,50615.90264750629,0.0
fixed existing policy trajectory repricing,C1,2025-02-14,19774.250126874693,19774.250126874693,0.0
fixed existing policy trajectory repricing,C1,2025-02-15,22757.75874842943,22757.75874842943,0.0
fixed existing policy trajectory repricing,C1,2025-02-16,60414.17670975914,60414.17670975914,0.0
fixed existing policy trajectory repricing,C1,2025-02-17,55222.64753202977,55222.64753202977,0.0
fixed existing policy trajectory repricing,C1,2025-02-18,48588.82172168333,48588.82172168333,0.0
fixed existing policy trajectory repricing,C1,2025-02-19,47458.26088510193,47458.26088510193,0.0
fixed existing policy trajectory repricing,C1,2025-02-20,50395.32327519231,50395.32327519231,0.0
fixed existing policy trajectory repricing,C1,2025-02-21,18273.06604032948,18273.06604032948,0.0
fixed existing policy trajectory repricing,C1,2025-02-22,22820.45194437992,22820.45194437992,0.0
fixed existing policy trajectory repricing,C1,2025-02-23,47986.25894818277,47986.25894818277,0.0
fixed existing policy trajectory repricing,C1,2025-02-24,47414.47239339375,47414.47239339375,0.0
fixed existing policy trajectory repricing,C1,2025-02-25,52679.28357510974,52679.28357510974,0.0
fixed existing policy trajectory repricing,C1,2025-02-26,44139.36416437451,44139.36416437451,0.0
fixed existing policy trajectory repricing,C1,2025-02-27,45383.003735363214,45383.003735363214,0.0
fixed existing policy trajectory repricing,C1,2025-02-28,17774.330603746264,17774.330603746264,0.0
fixed existing policy trajectory repricing,C1,2025-03-01,24047.696215832773,24047.696215832773,0.0
fixed existing policy trajectory repricing,C1,2025-03-02,57554.79960046922,57554.79960046922,0.0
fixed existing policy trajectory repricing,C1,2025-03-03,55486.35615445391,55486.35615445391,0.0
fixed existing policy trajectory repricing,C1,2025-03-04,46742.71723803806,46742.71723803806,0.0
fixed existing policy trajectory repricing,C1,2025-03-05,52611.32421344979,52611.32421344979,0.0
fixed existing policy trajectory repricing,C1,2025-03-06,45914.04275828255,45914.04275828255,0.0
fixed existing policy trajectory repricing,C1,2025-03-07,18459.633174839477,18459.633174839477,0.0
fixed existing policy trajectory repricing,C1,2025-03-08,20529.34164417146,20529.34164417146,0.0
fixed existing policy trajectory repricing,C1,2025-03-09,46406.20919670456,46406.20919670456,0.0
fixed existing policy trajectory repricing,C1,2025-03-10,45512.73662635449,45512.73662635449,0.0
fixed existing policy trajectory repricing,C1,2025-03-11,39022.99329025206,39022.99329025206,0.0
fixed existing policy trajectory repricing,C1,2025-03-12,45985.0431062748,45985.0431062748,0.0
fixed existing policy trajectory repricing,C1,2025-03-13,42763.02573935455,42763.02573935455,0.0
fixed existing policy trajectory repricing,C1,2025-03-14,15605.574650696097,15605.574650696097,0.0
fixed existing policy trajectory repricing,C1,2025-03-15,15595.007109566626,15595.007109566626,0.0
fixed existing policy trajectory repricing,C1,2025-03-16,43243.499043300886,43243.499043300886,0.0
fixed existing policy trajectory repricing,C1,2025-03-17,39830.89158531286,39830.89158531286,0.0
fixed existing policy trajectory repricing,C1,2025-03-18,45148.08266155592,45148.08266155592,0.0
fixed existing policy trajectory repricing,C1,2025-03-19,37505.65446011708,37505.65446011708,0.0
fixed existing policy trajectory repricing,C1,2025-03-20,43049.94642193864,43049.94642193864,0.0
fixed existing policy trajectory repricing,C1,2025-03-21,15508.755900573757,15508.755900573757,0.0
fixed existing policy trajectory repricing,C1,2025-03-22,16404.846931664862,16404.846931664862,0.0
fixed existing policy trajectory repricing,C1,2025-03-23,42910.41821937482,42910.41821937482,0.0
fixed existing policy trajectory repricing,C1,2025-03-24,41384.46197798558,41384.46197798558,0.0
fixed existing policy trajectory repricing,C1,2025-03-25,44953.57036306791,44953.57036306791,0.0
fixed existing policy trajectory repricing,C1,2025-03-26,39063.19822578518,39063.19822578518,0.0
fixed existing policy trajectory repricing,C1,2025-03-27,41016.914466854745,41016.914466854745,0.0
fixed existing policy trajectory repricing,C1,2025-03-28,15528.25481795866,15528.25481795866,0.0
fixed existing policy trajectory repricing,C1,2025-03-29,14224.149526888814,14224.149526888814,0.0
fixed existing policy trajectory repricing,C1,2025-03-30,39431.77317139635,39431.77317139635,0.0
fixed existing policy trajectory repricing,C1,2025-03-31,36529.97673127657,36529.97673127657,0.0
fixed existing policy trajectory repricing,C1,2025-04-01,41740.1288720828,41740.1288720828,0.0
fixed existing policy trajectory repricing,C1,2025-04-02,40681.06246649328,40681.06246649328,0.0
fixed existing policy trajectory repricing,C1,2025-04-03,41892.90705999706,41892.90705999706,0.0
fixed existing policy trajectory repricing,C1,2025-04-04,14258.126260128103,14258.126260128103,0.0
fixed existing policy trajectory repricing,C1,2025-04-05,13913.99414002898,13913.99414002898,0.0
fixed existing policy trajectory repricing,C1,2025-04-06,38737.862385749104,38737.862385749104,0.0
fixed existing policy trajectory repricing,C1,2025-04-07,34676.35032679342,34676.35032679342,0.0
fixed existing policy trajectory repricing,C1,2025-04-08,41885.515843755005,41885.515843755005,0.0
fixed existing policy trajectory repricing,C1,2025-04-09,39685.651859497215,39685.651859497215,0.0
fixed existing policy trajectory repricing,C1,2025-04-10,37777.55531737282,37777.55531737282,0.0
fixed existing policy trajectory repricing,C1,2025-04-11,13329.841129091474,13329.841129091474,0.0
fixed existing policy trajectory repricing,C1,2025-04-12,14574.357281253868,14574.357281253868,0.0
fixed existing policy trajectory repricing,C1,2025-04-13,37131.75458221922,37131.75458221922,0.0
fixed existing policy trajectory repricing,C1,2025-04-14,39178.874195076736,39178.874195076736,0.0
fixed existing policy trajectory repricing,C1,2025-04-15,33539.67795034383,33539.67795034383,0.0
fixed existing policy trajectory repricing,C1,2025-04-16,36672.18001438782,36672.18001438782,0.0
fixed existing policy trajectory repricing,C1,2025-04-17,34206.75823753544,34206.75823753544,0.0
fixed existing policy trajectory repricing,C1,2025-04-18,13449.420677720422,13449.420677720422,0.0
fixed existing policy trajectory repricing,C1,2025-04-19,12492.053155111029,12492.053155111029,0.0
fixed existing policy trajectory repricing,C1,2025-04-20,33314.715902966665,33314.715902966665,0.0
fixed existing policy trajectory repricing,C1,2025-04-21,36628.40053532885,36628.40053532885,0.0
fixed existing policy trajectory repricing,C1,2025-04-22,32280.62061815639,32280.62061815639,0.0
fixed existing policy trajectory repricing,C1,2025-04-23,32315.981888982857,32315.981888982857,0.0
fixed existing policy trajectory repricing,C1,2025-04-24,31225.45796676879,31225.45796676879,0.0
fixed existing policy trajectory repricing,C1,2025-04-25,12655.21255640554,12655.21255640554,0.0
fixed existing policy trajectory repricing,C1,2025-04-26,12639.177108630967,12639.177108630967,0.0
fixed existing policy trajectory repricing,C1,2025-04-27,29814.6662724185,29814.6662724185,0.0
fixed existing policy trajectory repricing,C1,2025-04-28,38370.36368500743,38370.36368500743,0.0
fixed existing policy trajectory repricing,C1,2025-04-29,32516.74097704095,32516.74097704095,0.0
fixed existing policy trajectory repricing,C1,2025-04-30,30893.213219371617,30893.213219371617,0.0
fixed existing policy trajectory repricing,C1,2025-05-01,32401.58733384704,32401.58733384704,0.0
fixed existing policy trajectory repricing,C1,2025-05-02,14106.125844314269,14106.125844314269,0.0
fixed existing policy trajectory repricing,C1,2025-05-03,13268.603769615089,13268.603769615089,0.0
fixed existing policy trajectory repricing,C1,2025-05-04,35334.61083308458,35334.61083308458,0.0
fixed existing policy trajectory repricing,C1,2025-05-05,37870.953716782686,37870.953716782686,0.0
fixed existing policy trajectory repricing,C1,2025-05-06,32041.44188169292,32041.44188169292,0.0
fixed existing policy trajectory repricing,C1,2025-05-07,33377.52659989326,33377.52659989326,0.0
fixed existing policy trajectory repricing,C1,2025-05-08,40924.78474076961,40924.78474076961,0.0
fixed existing policy trajectory repricing,C1,2025-05-09,16575.95335724175,16575.95335724175,0.0
fixed existing policy trajectory repricing,C1,2025-05-10,14682.998077949538,14682.998077949538,0.0
fixed existing policy trajectory repricing,C1,2025-05-11,36420.558254500655,36420.558254500655,0.0
fixed existing policy trajectory repricing,C1,2025-05-12,34288.96106178204,34288.96106178204,0.0
fixed existing policy trajectory repricing,C1,2025-05-13,40316.51877710736,40316.51877710736,0.0
fixed existing policy trajectory repricing,C1,2025-05-14,40342.03250056685,40342.03250056685,0.0
fixed existing policy trajectory repricing,C1,2025-05-15,37534.87252122515,37534.87252122515,0.0
fixed existing policy trajectory repricing,C1,2025-05-16,16965.474459986865,16965.474459986865,0.0
fixed existing policy trajectory repricing,C1,2025-05-17,17175.46507820425,17175.46507820425,0.0
fixed existing policy trajectory repricing,C1,2025-05-18,39501.533118685205,39501.533118685205,0.0
fixed existing policy trajectory repricing,C1,2025-05-19,36989.38563532248,36989.38563532248,0.0
fixed existing policy trajectory repricing,C1,2025-05-20,35146.350747869845,35146.350747869845,0.0
fixed existing policy trajectory repricing,C1,2025-05-21,35014.36980915692,35014.36980915692,0.0
fixed existing policy trajectory repricing,C1,2025-05-22,36112.60370679967,36112.60370679967,0.0
fixed existing policy trajectory repricing,C1,2025-05-23,13990.690835357984,13990.690835357984,0.0
fixed existing policy trajectory repricing,C1,2025-05-24,14749.55644661676,14749.55644661676,0.0
fixed existing policy trajectory repricing,C1,2025-05-25,36817.1332214863,36817.1332214863,0.0
fixed existing policy trajectory repricing,C1,2025-05-26,37129.94270388362,37129.94270388362,0.0
fixed existing policy trajectory repricing,C1,2025-05-27,33251.60721650786,33251.60721650786,0.0
fixed existing policy trajectory repricing,C1,2025-05-28,36547.4154448182,36547.4154448182,0.0
fixed existing policy trajectory repricing,C1,2025-05-29,36029.04240646533,36029.04240646533,0.0
fixed existing policy trajectory repricing,C1,2025-05-30,14638.704510072916,14638.704510072916,0.0
fixed existing policy trajectory repricing,C1,2025-05-31,17713.95595589956,17713.95595589956,0.0
fixed existing policy trajectory repricing,C1,2025-06-01,46546.39910056213,46546.39910056213,0.0
fixed existing policy trajectory repricing,C1,2025-06-02,48653.50191359471,48653.50191359471,0.0
fixed existing policy trajectory repricing,C1,2025-06-03,44693.57174891496,44693.57174891496,0.0
fixed existing policy trajectory repricing,C1,2025-06-04,51522.83000616077,51522.83000616077,0.0
fixed existing policy trajectory repricing,C1,2025-06-05,42530.28351496518,42530.28351496518,0.0
fixed existing policy trajectory repricing,C1,2025-06-06,19532.804356479643,19532.804356479643,0.0
fixed existing policy trajectory repricing,C1,2025-06-07,19499.034078725865,19499.034078725865,0.0
fixed existing policy trajectory repricing,C1,2025-06-08,49167.60994062965,49167.60994062965,0.0
fixed existing policy trajectory repricing,C1,2025-06-09,56691.2450317395,56691.2450317395,0.0
fixed existing policy trajectory repricing,C1,2025-06-10,54001.25377667503,54001.25377667503,0.0
fixed existing policy trajectory repricing,C1,2025-06-11,57053.206940300086,57053.206940300086,0.0
fixed existing policy trajectory repricing,C1,2025-06-12,53380.35707732775,53380.35707732775,0.0
fixed existing policy trajectory repricing,C1,2025-06-13,24279.34899002338,24279.34899002338,0.0
fixed existing policy trajectory repricing,C1,2025-06-14,23680.99656512313,23680.99656512313,0.0
fixed existing policy trajectory repricing,C1,2025-06-15,47483.10220719003,47483.10220719003,0.0
fixed existing policy trajectory repricing,C1,2025-06-16,52950.190242532924,52950.190242532924,0.0
fixed existing policy trajectory repricing,C1,2025-06-17,51147.544617623855,51147.544617623855,0.0
fixed existing policy trajectory repricing,C1,2025-06-18,53878.72748533533,53878.72748533533,0.0
fixed existing policy trajectory repricing,C1,2025-06-19,48942.76024969118,48942.76024969118,0.0
fixed existing policy trajectory repricing,C1,2025-06-20,22391.74998190437,22391.74998190437,0.0
fixed existing policy trajectory repricing,C1,2025-06-21,22489.39540917038,22489.39540917038,0.0
fixed existing policy trajectory repricing,C1,2025-06-22,42729.296142261854,42729.296142261854,0.0
fixed existing policy trajectory repricing,C1,2025-06-23,50291.45716096149,50291.45716096149,0.0
fixed existing policy trajectory repricing,C1,2025-06-24,55584.02750284023,55584.02750284023,0.0
fixed existing policy trajectory repricing,C1,2025-06-25,51407.101394409685,51407.101394409685,0.0
fixed existing policy trajectory repricing,C1,2025-06-26,48380.55535666573,48380.55535666573,0.0
fixed existing policy trajectory repricing,C1,2025-06-27,22295.881944080415,22295.881944080415,0.0
fixed existing policy trajectory repricing,C1,2025-06-28,22073.222969357492,22073.222969357492,0.0
fixed existing policy trajectory repricing,C1,2025-06-29,43563.15512740172,43563.15512740172,0.0
fixed existing policy trajectory repricing,C1,2025-06-30,50190.23318200349,50190.23318200349,0.0
fixed existing policy trajectory repricing,C1,2025-07-01,44816.21591862537,44816.21591862537,0.0
fixed existing policy trajectory repricing,C1,2025-07-02,41521.824040726366,41521.824040726366,0.0
fixed existing policy trajectory repricing,C1,2025-07-03,53138.73489600359,53138.73489600359,0.0
fixed existing policy trajectory repricing,C1,2025-07-04,21616.776843379663,21616.776843379663,0.0
fixed existing policy trajectory repricing,C1,2025-07-05,19345.431305126247,19345.431305126247,0.0
fixed existing policy trajectory repricing,C1,2025-07-06,44182.25639262297,44182.25639262297,0.0
fixed existing policy trajectory repricing,C1,2025-07-07,43980.42940081144,43980.42940081144,0.0
fixed existing policy trajectory repricing,C1,2025-07-08,59983.2832907558,59983.2832907558,0.0
fixed existing policy trajectory repricing,C1,2025-07-09,55840.03281333575,55840.03281333575,0.0
fixed existing policy trajectory repricing,C1,2025-07-10,53735.51792880094,53735.51792880094,0.0
fixed existing policy trajectory repricing,C1,2025-07-11,31713.684886206607,31713.684886206607,0.0
fixed existing policy trajectory repricing,C1,2025-07-12,29809.023764281177,29809.023764281177,0.0
fixed existing policy trajectory repricing,C1,2025-07-13,57528.94592548793,57528.94592548793,0.0
fixed existing policy trajectory repricing,C1,2025-07-14,56100.78464186803,56100.78464186803,0.0
fixed existing policy trajectory repricing,C1,2025-07-15,58194.42020456877,58194.42020456877,0.0
fixed existing policy trajectory repricing,C1,2025-07-16,53923.67182610374,53923.67182610374,0.0
fixed existing policy trajectory repricing,C1,2025-07-17,49968.82518109233,49968.82518109233,0.0
fixed existing policy trajectory repricing,C1,2025-07-18,33893.45457082235,33893.45457082235,0.0
fixed existing policy trajectory repricing,C1,2025-07-19,27822.220918459545,27822.220918459545,0.0
fixed existing policy trajectory repricing,C1,2025-07-20,60982.6731100403,60982.6731100403,0.0
fixed existing policy trajectory repricing,C1,2025-07-21,65646.13113112265,65646.13113112265,0.0
fixed existing policy trajectory repricing,C1,2025-07-22,50311.61240283615,50311.61240283615,0.0
fixed existing policy trajectory repricing,C1,2025-07-23,60581.960214305225,60581.960214305225,0.0
fixed existing policy trajectory repricing,C1,2025-07-24,64828.11533241794,64828.11533241794,0.0
fixed existing policy trajectory repricing,C1,2025-07-25,28866.79500871288,28866.79500871288,0.0
fixed existing policy trajectory repricing,C1,2025-07-26,28651.03065275201,28651.03065275201,0.0
fixed existing policy trajectory repricing,C1,2025-07-27,54596.30185804268,54596.30185804268,0.0
fixed existing policy trajectory repricing,C1,2025-07-28,64618.52428348424,64618.52428348424,0.0
fixed existing policy trajectory repricing,C1,2025-07-29,51396.83824822657,51396.83824822657,0.0
fixed existing policy trajectory repricing,C1,2025-07-30,52446.33881584347,52446.33881584347,0.0
fixed existing policy trajectory repricing,C1,2025-07-31,48700.036392500406,48700.036392500406,0.0
fixed existing policy trajectory repricing,C1,2025-08-01,25286.94765606809,25286.94765606809,0.0
fixed existing policy trajectory repricing,C1,2025-08-02,33460.18547327862,33460.18547327862,0.0
fixed existing policy trajectory repricing,C1,2025-08-03,40210.70225209501,40210.70225209501,0.0
fixed existing policy trajectory repricing,C1,2025-08-04,56522.42901317756,56522.42901317756,0.0
fixed existing policy trajectory repricing,C1,2025-08-05,53305.32250138244,53305.32250138244,0.0
fixed existing policy trajectory repricing,C1,2025-08-06,60441.30371025652,60441.30371025652,0.0
fixed existing policy trajectory repricing,C1,2025-08-07,51025.00861843423,51025.00861843423,0.0
fixed existing policy trajectory repricing,C1,2025-08-08,28807.1307803457,28807.1307803457,0.0
fixed existing policy trajectory repricing,C1,2025-08-09,23228.2908754936,23228.2908754936,0.0
fixed existing policy trajectory repricing,C1,2025-08-10,47046.24390711069,47046.24390711069,0.0
fixed existing policy trajectory repricing,C1,2025-08-11,46161.92192949307,46161.92192949307,0.0
fixed existing policy trajectory repricing,C1,2025-08-12,53719.37114837465,53719.37114837465,0.0
fixed existing policy trajectory repricing,C1,2025-08-13,52329.08909764124,52329.08909764124,0.0
fixed existing policy trajectory repricing,C1,2025-08-14,54507.08890216184,54507.08890216184,0.0
fixed existing policy trajectory repricing,C1,2025-08-15,24996.10341752964,24996.10341752964,0.0
fixed existing policy trajectory repricing,C1,2025-08-16,26642.256021860336,26642.256021860336,0.0
fixed existing policy trajectory repricing,C1,2025-08-17,47136.08953104028,47136.08953104028,0.0
fixed existing policy trajectory repricing,C1,2025-08-18,49150.93463476831,49150.93463476831,0.0
fixed existing policy trajectory repricing,C1,2025-08-19,54696.40104345029,54696.40104345029,0.0
fixed existing policy trajectory repricing,C1,2025-08-20,58981.784468055375,58981.784468055375,0.0
fixed existing policy trajectory repricing,C1,2025-08-21,46945.99697046703,46945.99697046703,0.0
fixed existing policy trajectory repricing,C1,2025-08-22,23701.13637088696,23701.13637088696,0.0
fixed existing policy trajectory repricing,C1,2025-08-23,28598.71408488488,28598.71408488488,0.0
fixed existing policy trajectory repricing,C1,2025-08-24,43764.87266573095,43764.87266573095,0.0
fixed existing policy trajectory repricing,C1,2025-08-25,63689.49144305718,63689.49144305718,0.0
fixed existing policy trajectory repricing,C1,2025-08-26,47662.720821513765,47662.720821513765,0.0
fixed existing policy trajectory repricing,C1,2025-08-27,55057.74279612504,55057.74279612504,0.0
fixed existing policy trajectory repricing,C1,2025-08-28,43577.60500879573,43577.60500879573,0.0
fixed existing policy trajectory repricing,C1,2025-08-29,28436.02855522561,28436.02855522561,0.0
fixed existing policy trajectory repricing,C1,2025-08-30,26127.551903323365,26127.551903323365,0.0
fixed existing policy trajectory repricing,C1,2025-08-31,45569.74707950388,45569.74707950388,0.0
fixed existing policy trajectory repricing,C1,2025-09-01,51119.21672499864,51119.21672499864,0.0
fixed existing policy trajectory repricing,C1,2025-09-02,45187.15225967256,45187.15225967256,0.0
fixed existing policy trajectory repricing,C1,2025-09-03,50509.305519746325,50509.305519746325,0.0
fixed existing policy trajectory repricing,C1,2025-09-04,49805.305450196334,49805.305450196334,0.0
fixed existing policy trajectory repricing,C1,2025-09-05,23759.3582686917,23759.3582686917,0.0
fixed existing policy trajectory repricing,C1,2025-09-06,22134.144867391617,22134.144867391617,0.0
fixed existing policy trajectory repricing,C1,2025-09-07,40685.86478177757,40685.86478177757,0.0
fixed existing policy trajectory repricing,C1,2025-09-08,35919.15487946205,35919.15487946205,0.0
fixed existing policy trajectory repricing,C1,2025-09-09,33900.05235739174,33900.05235739174,0.0
fixed existing policy trajectory repricing,C1,2025-09-10,39923.47418054946,39923.47418054946,0.0
fixed existing policy trajectory repricing,C1,2025-09-11,37567.49388164285,37567.49388164285,0.0
fixed existing policy trajectory repricing,C1,2025-09-12,16683.530997158578,16683.530997158578,0.0
fixed existing policy trajectory repricing,C1,2025-09-13,15532.687558964106,15532.687558964106,0.0
fixed existing policy trajectory repricing,C1,2025-09-14,41290.83358471726,41290.83358471726,0.0
fixed existing policy trajectory repricing,C1,2025-09-15,38322.75786100347,38322.75786100347,0.0
fixed existing policy trajectory repricing,C1,2025-09-16,42529.208506117895,42529.208506117895,0.0
fixed existing policy trajectory repricing,C1,2025-09-17,42554.69270077296,42554.69270077296,0.0
fixed existing policy trajectory repricing,C1,2025-09-18,36441.70311669439,36441.70311669439,0.0
fixed existing policy trajectory repricing,C1,2025-09-19,17234.558088907143,17234.558088907143,0.0
fixed existing policy trajectory repricing,C1,2025-09-20,18084.37263877981,18084.37263877981,0.0
fixed existing policy trajectory repricing,C1,2025-09-21,39910.41924898275,39910.41924898275,0.0
fixed existing policy trajectory repricing,C1,2025-09-22,45470.77604218972,45470.77604218972,0.0
fixed existing policy trajectory repricing,C1,2025-09-23,43435.736744260175,43435.736744260175,0.0
fixed existing policy trajectory repricing,C1,2025-09-24,39924.4417399597,39924.4417399597,0.0
fixed existing policy trajectory repricing,C1,2025-09-25,42866.69744849525,42866.69744849525,0.0
fixed existing policy trajectory repricing,C1,2025-09-26,17983.3437112404,17983.3437112404,0.0
fixed existing policy trajectory repricing,C1,2025-09-27,18484.71840029896,18484.71840029896,0.0
fixed existing policy trajectory repricing,C1,2025-09-28,42069.17539820329,42069.17539820329,0.0
fixed existing policy trajectory repricing,C1,2025-09-29,44743.29411521005,44743.29411521005,0.0
fixed existing policy trajectory repricing,C1,2025-09-30,44659.61067275391,44659.61067275391,0.0
fixed existing policy trajectory repricing,C1,2025-10-01,37875.408230885536,37875.408230885536,0.0
fixed existing policy trajectory repricing,C1,2025-10-02,46069.90281027843,46069.90281027843,0.0
fixed existing policy trajectory repricing,C1,2025-10-03,16588.11935426297,16588.11935426297,0.0
fixed existing policy trajectory repricing,C1,2025-10-04,17556.053472863776,17556.053472863776,0.0
fixed existing policy trajectory repricing,C1,2025-10-05,44632.74997610879,44632.74997610879,0.0
fixed existing policy trajectory repricing,C1,2025-10-06,38565.11890119659,38565.11890119659,0.0
fixed existing policy trajectory repricing,C1,2025-10-07,40291.13781105023,40291.13781105023,0.0
fixed existing policy trajectory repricing,C1,2025-10-08,36078.78909821356,36078.78909821356,0.0
fixed existing policy trajectory repricing,C1,2025-10-09,42871.545290092894,42871.545290092894,0.0
fixed existing policy trajectory repricing,C1,2025-10-10,17555.937042696747,17555.937042696747,0.0
fixed existing policy trajectory repricing,C1,2025-10-11,16628.04754334457,16628.04754334457,0.0
fixed existing policy trajectory repricing,C1,2025-10-12,39489.91614468375,39489.91614468375,0.0
fixed existing policy trajectory repricing,C1,2025-10-13,43643.0810342174,43643.0810342174,0.0
fixed existing policy trajectory repricing,C1,2025-10-14,44558.86787486762,44558.86787486762,0.0
fixed existing policy trajectory repricing,C1,2025-10-15,45127.70902329384,45127.70902329384,0.0
fixed existing policy trajectory repricing,C1,2025-10-16,41888.931540963895,41888.931540963895,0.0
fixed existing policy trajectory repricing,C1,2025-10-17,16404.296874995784,16404.296874995784,0.0
fixed existing policy trajectory repricing,C1,2025-10-18,17992.851653427562,17992.851653427562,0.0
fixed existing policy trajectory repricing,C1,2025-10-19,41352.838886508565,41352.838886508565,0.0
fixed existing policy trajectory repricing,C1,2025-10-20,47751.29997755513,47751.29997755513,0.0
fixed existing policy trajectory repricing,C1,2025-10-21,48419.62323383481,48419.62323383481,0.0
fixed existing policy trajectory repricing,C1,2025-10-22,43358.351935551626,43358.351935551626,0.0
fixed existing policy trajectory repricing,C1,2025-10-23,51905.62897491608,51905.62897491608,0.0
fixed existing policy trajectory repricing,C1,2025-10-24,18034.656806597653,18034.656806597653,0.0
fixed existing policy trajectory repricing,C1,2025-10-25,17892.335414162244,17892.335414162244,0.0
fixed existing policy trajectory repricing,C1,2025-10-26,46903.8251799547,46903.8251799547,0.0
fixed existing policy trajectory repricing,C1,2025-10-27,44247.98013230713,44247.98013230713,0.0
fixed existing policy trajectory repricing,C1,2025-10-28,42693.14193213329,42693.14193213329,0.0
fixed existing policy trajectory repricing,C1,2025-10-29,50921.98254055373,50921.98254055373,0.0
fixed existing policy trajectory repricing,C1,2025-10-30,43288.45560652974,43288.45560652974,0.0
fixed existing policy trajectory repricing,C1,2025-10-31,21031.514129901927,21031.514129901927,0.0
fixed existing policy trajectory repricing,C1,2025-11-01,18405.65558717203,18405.65558717203,0.0
fixed existing policy trajectory repricing,C1,2025-11-02,47816.30125089139,47816.30125089139,0.0
fixed existing policy trajectory repricing,C1,2025-11-03,52953.128624233526,52953.128624233526,0.0
fixed existing policy trajectory repricing,C1,2025-11-04,47821.91021997254,47821.91021997254,0.0
fixed existing policy trajectory repricing,C1,2025-11-05,52662.938682748616,52662.938682748616,0.0
fixed existing policy trajectory repricing,C1,2025-11-06,51509.98163857825,51509.98163857825,0.0
fixed existing policy trajectory repricing,C1,2025-11-07,19184.574969469508,19184.574969469508,0.0
fixed existing policy trajectory repricing,C1,2025-11-08,20102.22046011194,20102.22046011194,0.0
fixed existing policy trajectory repricing,C1,2025-11-09,50356.62987836234,50356.62987836234,0.0
fixed existing policy trajectory repricing,C1,2025-11-10,52184.38071944797,52184.38071944797,0.0
fixed existing policy trajectory repricing,C1,2025-11-11,53507.470995899006,53507.470995899006,0.0
fixed existing policy trajectory repricing,C1,2025-11-12,54132.76952711521,54132.76952711521,0.0
fixed existing policy trajectory repricing,C1,2025-11-13,48402.648443310834,48402.648443310834,0.0
fixed existing policy trajectory repricing,C1,2025-11-14,20238.380069327788,20238.380069327788,0.0
fixed existing policy trajectory repricing,C1,2025-11-15,20676.14326673184,20676.14326673184,0.0
fixed existing policy trajectory repricing,C1,2025-11-16,53190.66309030313,53190.66309030313,0.0
fixed existing policy trajectory repricing,C1,2025-11-17,47427.92556003127,47427.92556003127,0.0
fixed existing policy trajectory repricing,C1,2025-11-18,50966.4824002797,50966.4824002797,0.0
fixed existing policy trajectory repricing,C1,2025-11-19,52083.30167415121,52083.30167415121,0.0
fixed existing policy trajectory repricing,C1,2025-11-20,51270.349677366255,51270.349677366255,0.0
fixed existing policy trajectory repricing,C1,2025-11-21,19950.92277189041,19950.92277189041,0.0
fixed existing policy trajectory repricing,C1,2025-11-22,23735.35313548719,23735.35313548719,0.0
fixed existing policy trajectory repricing,C1,2025-11-23,52744.29807971922,52744.29807971922,0.0
fixed existing policy trajectory repricing,C1,2025-11-24,49879.56352207822,49879.56352207822,0.0
fixed existing policy trajectory repricing,C1,2025-11-25,58176.18030051698,58176.18030051698,0.0
fixed existing policy trajectory repricing,C1,2025-11-26,55570.41995064452,55570.41995064452,0.0
fixed existing policy trajectory repricing,C1,2025-11-27,52868.75579909303,52868.75579909303,0.0
fixed existing policy trajectory repricing,C1,2025-11-28,19899.983427383788,19899.983427383788,0.0
fixed existing policy trajectory repricing,C1,2025-11-29,25645.50067103177,25645.50067103177,0.0
fixed existing policy trajectory repricing,C1,2025-11-30,54175.84984426938,54175.84984426938,0.0
fixed existing policy trajectory repricing,C1,2025-12-01,57681.66787531746,57681.66787531746,0.0
fixed existing policy trajectory repricing,C1,2025-12-02,59284.405817282095,59284.405817282095,0.0
fixed existing policy trajectory repricing,C1,2025-12-03,53265.61282572215,53265.61282572215,0.0
fixed existing policy trajectory repricing,C1,2025-12-04,58827.71677930398,58827.71677930398,0.0
fixed existing policy trajectory repricing,C1,2025-12-05,23409.580718929177,23409.580718929177,0.0
fixed existing policy trajectory repricing,C1,2025-12-06,24106.304423361154,24106.304423361154,0.0
fixed existing policy trajectory repricing,C1,2025-12-07,60298.95349172046,60298.95349172046,0.0
fixed existing policy trajectory repricing,C1,2025-12-08,66530.2877961187,66530.2877961187,0.0
fixed existing policy trajectory repricing,C1,2025-12-09,65916.7443637644,65916.7443637644,0.0
fixed existing policy trajectory repricing,C1,2025-12-10,61673.21594910382,61673.21594910382,0.0
fixed existing policy trajectory repricing,C1,2025-12-11,65642.16505439613,65642.16505439613,0.0
fixed existing policy trajectory repricing,C1,2025-12-12,28704.3022194759,28704.3022194759,0.0
fixed existing policy trajectory repricing,C1,2025-12-13,28765.519871637425,28765.519871637425,0.0
fixed existing policy trajectory repricing,C1,2025-12-14,61117.320326131885,61117.320326131885,0.0
fixed existing policy trajectory repricing,C1,2025-12-15,60984.54267967067,60984.54267967067,0.0
fixed existing policy trajectory repricing,C1,2025-12-16,67604.66238728267,67604.66238728267,0.0
fixed existing policy trajectory repricing,C1,2025-12-17,66155.30466375864,66155.30466375864,0.0
fixed existing policy trajectory repricing,C1,2025-12-18,62185.57006774248,62185.57006774248,0.0
fixed existing policy trajectory repricing,C1,2025-12-19,29261.12915624069,29261.12915624069,0.0
fixed existing policy trajectory repricing,C1,2025-12-20,27625.22316699413,27625.22316699413,0.0
fixed existing policy trajectory repricing,C1,2025-12-21,63113.52463095634,63113.52463095634,0.0
fixed existing policy trajectory repricing,C1,2025-12-22,64294.40164462067,64294.40164462067,0.0
fixed existing policy trajectory repricing,C1,2025-12-23,63172.01801949336,63172.01801949336,0.0
fixed existing policy trajectory repricing,C1,2025-12-24,62025.939578162455,62025.939578162455,0.0
fixed existing policy trajectory repricing,C1,2025-12-25,59920.73039834251,59920.73039834251,0.0
fixed existing policy trajectory repricing,C1,2025-12-26,26062.75837551312,26062.75837551312,0.0
fixed existing policy trajectory repricing,C1,2025-12-27,28027.049559313866,28027.049559313866,0.0
fixed existing policy trajectory repricing,C1,2025-12-28,63496.58615640953,63496.58615640953,0.0
fixed existing policy trajectory repricing,C1,2025-12-29,62074.11758192354,62074.11758192354,0.0
fixed existing policy trajectory repricing,C1,2025-12-30,64202.106995497605,64202.106995497605,0.0
fixed existing policy trajectory repricing,C1,2025-12-31,65189.09798307273,65189.09798307273,0.0
fixed existing policy trajectory repricing,C2,2025-02-01,28305.690450350787,28309.439245396206,3.7487950454196834
fixed existing policy trajectory repricing,C2,2025-02-02,64153.50514388569,67824.85321527005,3671.34807138436
fixed existing policy trajectory repricing,C2,2025-02-03,70228.97476083014,70228.97476083014,0.0
fixed existing policy trajectory repricing,C2,2025-02-04,72522.06681862182,72855.11040417905,333.04358555722865
fixed existing policy trajectory repricing,C2,2025-02-05,62222.98602807585,62521.30812694128,298.3220988654284
fixed existing policy trajectory repricing,C2,2025-02-06,64256.93954496798,66005.89941382971,1748.9598688617334
fixed existing policy trajectory repricing,C2,2025-02-07,32865.847798090064,32955.77806238257,89.93026429250313
fixed existing policy trajectory repricing,C2,2025-02-08,22795.257249736325,22918.846976719175,123.58972698284924
fixed existing policy trajectory repricing,C2,2025-02-09,59701.46215607414,59736.79402517917,35.33186910502991
fixed existing policy trajectory repricing,C2,2025-02-10,61023.47476543545,62040.86237188827,1017.3876064528231
fixed existing policy trajectory repricing,C2,2025-02-11,53737.56423743036,55824.41841938928,2086.8541819589227
fixed existing policy trajectory repricing,C2,2025-02-12,54667.5620383066,54761.475827217335,93.91378891073691
fixed existing policy trajectory repricing,C2,2025-02-13,52198.15466945779,52937.202423219605,739.0477537618135
fixed existing policy trajectory repricing,C2,2025-02-14,29023.41565969626,29191.966725146973,168.55106545071249
fixed existing policy trajectory repricing,C2,2025-02-15,23086.75938327291,23207.566244512593,120.8068612396819
fixed existing policy trajectory repricing,C2,2025-02-16,59996.98355669005,62710.44328416421,2713.459727474161
fixed existing policy trajectory repricing,C2,2025-02-17,55014.94307250001,56115.09831413014,1100.1552416301274
fixed existing policy trajectory repricing,C2,2025-02-18,53963.17703615888,54400.973761685025,437.7967255261465
fixed existing policy trajectory repricing,C2,2025-02-19,51281.30632918519,51493.993818313844,212.68748912865703
fixed existing policy trajectory repricing,C2,2025-02-20,51374.12862814399,51729.87474617044,355.74611802645086
fixed existing policy trajectory repricing,C2,2025-02-21,19022.61636675059,19084.5761918135,61.95982506290966
fixed existing policy trajectory repricing,C2,2025-02-22,22049.290035154,23072.145067148274,1022.8550319942733
fixed existing policy trajectory repricing,C2,2025-02-23,49741.78056916279,50078.94405798839,337.16348882560123
fixed existing policy trajectory repricing,C2,2025-02-24,49627.64372961116,49705.56367400996,77.91994439879636
fixed existing policy trajectory repricing,C2,2025-02-25,52674.78624640068,52703.16925510415,28.383008703465748
fixed existing policy trajectory repricing,C2,2025-02-26,48715.67973313622,48864.69508984624,149.01535671002057
fixed existing policy trajectory repricing,C2,2025-02-27,48652.37131852093,48906.901388390186,254.53006986925902
fixed existing policy trajectory repricing,C2,2025-02-28,19673.14876137437,19782.895800752693,109.74703937832237
fixed existing policy trajectory repricing,C2,2025-03-01,24381.733685125648,25018.277796271046,636.5441111453983
fixed existing policy trajectory repricing,C2,2025-03-02,60454.10721010264,61744.186398151076,1290.0791880484394
fixed existing policy trajectory repricing,C2,2025-03-03,55904.78147522163,58373.787655362146,2469.0061801405172
fixed existing policy trajectory repricing,C2,2025-03-04,50268.38440967296,50482.504504581535,214.120094908576
fixed existing policy trajectory repricing,C2,2025-03-05,52772.0078274697,54639.531814356356,1867.5239868866556
fixed existing policy trajectory repricing,C2,2025-03-06,49328.37706446154,49406.78944070918,78.41237624763744
fixed existing policy trajectory repricing,C2,2025-03-07,21843.02264359316,22829.082450039212,986.0598064460501
fixed existing policy trajectory repricing,C2,2025-03-08,20519.453028964414,21146.119286971196,626.6662580067823
fixed existing policy trajectory repricing,C2,2025-03-09,47218.64871810784,50058.027608154545,2839.3788900467043
fixed existing policy trajectory repricing,C2,2025-03-10,48879.82288679349,49401.820743873104,521.9978570796156
fixed existing policy trajectory repricing,C2,2025-03-11,44717.115591270434,45604.87219042744,887.7565991570082
fixed existing policy trajectory repricing,C2,2025-03-12,46713.046589990976,50440.91230163217,3727.8657116411923
fixed existing policy trajectory repricing,C2,2025-03-13,46080.74329416177,46324.97217864178,244.22888448000595
fixed existing policy trajectory repricing,C2,2025-03-14,17890.09491731891,18084.123911916962,194.0289945980512
fixed existing policy trajectory repricing,C2,2025-03-15,16461.803130252047,16636.030179099733,174.2270488476861
fixed existing policy trajectory repricing,C2,2025-03-16,44678.5162893296,44943.021783574695,264.5054942450952
fixed existing policy trajectory repricing,C2,2025-03-17,42062.18059499914,43406.05723218287,1343.8766371837337
fixed existing policy trajectory repricing,C2,2025-03-18,44395.919884080366,44806.08046501734,410.1605809369721
fixed existing policy trajectory repricing,C2,2025-03-19,42334.71806202202,42972.90484125182,638.1867792297999
fixed existing policy trajectory repricing,C2,2025-03-20,43378.49545155649,46425.81042054808,3047.314968991588
fixed existing policy trajectory repricing,C2,2025-03-21,15944.45344185962,16397.293210565917,452.83976870629704
fixed existing policy trajectory repricing,C2,2025-03-22,16704.569651302605,16949.470157292762,244.9005059901574
fixed existing policy trajectory repricing,C2,2025-03-23,42523.46275684064,42932.59673211927,409.1339752786298
fixed existing policy trajectory repricing,C2,2025-03-24,42402.4329159231,42667.96142828664,265.52851236354036
fixed existing policy trajectory repricing,C2,2025-03-25,44472.19902741032,46419.33852142592,1947.1394940155951
fixed existing policy trajectory repricing,C2,2025-03-26,40326.86378725342,40429.01481450235,102.15102724893222
fixed existing policy trajectory repricing,C2,2025-03-27,41363.64097038346,42114.82233233848,751.181361955023
fixed existing policy trajectory repricing,C2,2025-03-28,16168.628932805774,16297.148889556616,128.51995675084254
fixed existing policy trajectory repricing,C2,2025-03-29,15233.490231175889,15457.651597360618,224.16136618472956
fixed existing policy trajectory repricing,C2,2025-03-30,39203.951612253135,39292.66970206533,88.7180898121951
fixed existing policy trajectory repricing,C2,2025-03-31,40341.4831216516,42756.77820005331,2415.2950784017085
fixed existing policy trajectory repricing,C2,2025-04-01,42445.805256403095,43171.71463079498,725.9093743918856
fixed existing policy trajectory repricing,C2,2025-04-02,45333.80640006429,46452.84932542205,1119.0429253577604
fixed existing policy trajectory repricing,C2,2025-04-03,41698.31289886673,43091.66622599151,1393.3533271247798
fixed existing policy trajectory repricing,C2,2025-04-04,14769.049105918162,15090.454536055237,321.4054301370743
fixed existing policy trajectory repricing,C2,2025-04-05,15183.73910329426,15270.379857623951,86.64075432969184
fixed existing policy trajectory repricing,C2,2025-04-06,41647.50514183578,41737.64325445816,90.13811262237869
fixed existing policy trajectory repricing,C2,2025-04-07,38355.84003784335,39298.9550988592,943.1150610158511
fixed existing policy trajectory repricing,C2,2025-04-08,41249.90987695417,42504.434266124365,1254.5243891701975
fixed existing policy trajectory repricing,C2,2025-04-09,43392.236930495375,43642.62577203884,250.38884154346306
fixed existing policy trajectory repricing,C2,2025-04-10,39944.15062310411,40275.55404515547,331.40342205135676
fixed existing policy trajectory repricing,C2,2025-04-11,14382.502428011454,14384.560640788122,2.0582127766683698
fixed existing policy trajectory repricing,C2,2025-04-12,15018.851406479229,15388.185205242518,369.33379876328945
fixed existing policy trajectory repricing,C2,2025-04-13,40142.89409749558,40185.185520723855,42.29142322827829
fixed existing policy trajectory repricing,C2,2025-04-14,38115.863642769415,39519.476253824534,1403.6126110551195
fixed existing policy trajectory repricing,C2,2025-04-15,36464.4100743178,37838.04463436623,1373.6345600484347
fixed existing policy trajectory repricing,C2,2025-04-16,38897.92081541573,39626.248527071235,728.3277116555037
fixed existing policy trajectory repricing,C2,2025-04-17,37111.64086799413,37732.147645714846,620.506777720715
fixed existing policy trajectory repricing,C2,2025-04-18,13945.198621236454,13998.891005507354,53.69238427090022
fixed existing policy trajectory repricing,C2,2025-04-19,13744.242100871428,13867.658281398959,123.41618052753074
fixed existing policy trajectory repricing,C2,2025-04-20,37540.90869166861,37840.39475401917,299.4860623505665
fixed existing policy trajectory repricing,C2,2025-04-21,36159.81660656754,38358.61754838472,2198.8009418171787
fixed existing policy trajectory repricing,C2,2025-04-22,35297.84134369574,36476.81782393711,1178.9764802413702
fixed existing policy trajectory repricing,C2,2025-04-23,37391.81974721419,37565.96086397524,174.1411167610495
fixed existing policy trajectory repricing,C2,2025-04-24,35324.54065628151,35383.268936408334,58.72828012682294
fixed existing policy trajectory repricing,C2,2025-04-25,13525.076735225924,13711.691580095887,186.61484486996233
fixed existing policy trajectory repricing,C2,2025-04-26,13323.72000702159,13585.14013751613,261.42013049454
fixed existing policy trajectory repricing,C2,2025-04-27,36458.05771886627,36947.974361282184,489.91664241591207
fixed existing policy trajectory repricing,C2,2025-04-28,42509.17923500637,42928.61755274715,419.4383177407799
fixed existing policy trajectory repricing,C2,2025-04-29,36894.04180654825,37025.028043910024,130.9862373617725
fixed existing policy trajectory repricing,C2,2025-04-30,34262.892092785136,34732.52418007067,469.6320872855358
fixed existing policy trajectory repricing,C2,2025-05-01,36176.98658514234,36412.67584205934,235.68925691700133
fixed existing policy trajectory repricing,C2,2025-05-02,14862.392691102625,14889.044594838313,26.651903735688393
fixed existing policy trajectory repricing,C2,2025-05-03,13925.881985751936,14026.375462332822,100.49347658088664
fixed existing policy trajectory repricing,C2,2025-05-04,35096.470769677624,36591.178008785646,1494.707239108022
fixed existing policy trajectory repricing,C2,2025-05-05,38663.68563338775,38823.954958013535,160.26932462578407
fixed existing policy trajectory repricing,C2,2025-05-06,37008.70549276259,37605.50332342993,596.7978306673467
fixed existing policy trajectory repricing,C2,2025-05-07,37645.8725786186,38694.548208761305,1048.6756301427085
fixed existing policy trajectory repricing,C2,2025-05-08,43113.341280328365,43819.61747450233,706.2761941739664
fixed existing policy trajectory repricing,C2,2025-05-09,17342.142130857545,17447.25283171345,105.11070085590472
fixed existing policy trajectory repricing,C2,2025-05-10,16141.203689692546,16596.559237860714,455.35554816816875
fixed existing policy trajectory repricing,C2,2025-05-11,39549.6233271641,41183.06783450626,1633.4445073421593
fixed existing policy trajectory repricing,C2,2025-05-12,41370.88888489974,43126.24046907955,1755.3515841798144
fixed existing policy trajectory repricing,C2,2025-05-13,41630.96051239797,41856.24627619702,225.28576379904553
fixed existing policy trajectory repricing,C2,2025-05-14,41574.19014616366,41745.51798431643,171.3278381527707
fixed existing policy trajectory repricing,C2,2025-05-15,39844.102678520896,42192.46543054565,2348.3627520247537
fixed existing policy trajectory repricing,C2,2025-05-16,17028.601653159883,18918.95418160228,1890.3525284423959
fixed existing policy trajectory repricing,C2,2025-05-17,17468.901412953634,17769.51266941386,300.6112564602263
fixed existing policy trajectory repricing,C2,2025-05-18,41154.2065198162,42338.91711456668,1184.7105947504751
fixed existing policy trajectory repricing,C2,2025-05-19,39537.76502132136,39640.55741190131,102.79239057995437
fixed existing policy trajectory repricing,C2,2025-05-20,41696.50362269229,42744.32496774341,1047.8213450511175
fixed existing policy trajectory repricing,C2,2025-05-21,39471.39738230493,41051.88288750376,1580.485505198827
fixed existing policy trajectory repricing,C2,2025-05-22,38195.24868131652,38363.18410872324,167.93542740671546
fixed existing policy trajectory repricing,C2,2025-05-23,16589.129293850554,16663.406298832222,74.27700498166814
fixed existing policy trajectory repricing,C2,2025-05-24,15588.927242371032,16089.066859153494,500.1396167824623
fixed existing policy trajectory repricing,C2,2025-05-25,37175.8383926363,38304.40060668607,1128.5622140497653
fixed existing policy trajectory repricing,C2,2025-05-26,44937.1249514605,45296.591813263316,359.4668618028154
fixed existing policy trajectory repricing,C2,2025-05-27,37477.781442018015,39171.87448896234,1694.0930469443265
fixed existing policy trajectory repricing,C2,2025-05-28,38962.70412006367,39511.52729524079,548.8231751771236
fixed existing policy trajectory repricing,C2,2025-05-29,39604.96952428448,41576.02068662981,1971.0511623453276
fixed existing policy trajectory repricing,C2,2025-05-30,15738.07838953901,16072.501798751233,334.4234092122224
fixed existing policy trajectory repricing,C2,2025-05-31,17529.770169717576,17543.50023546747,13.730065749892674
fixed existing policy trajectory repricing,C2,2025-06-01,48889.14966396328,50216.16191466923,1327.0122507059496
fixed existing policy trajectory repricing,C2,2025-06-02,46584.10619135592,49398.35855704687,2814.2523656909543
fixed existing policy trajectory repricing,C2,2025-06-03,47049.10189427743,48387.45564836485,1338.3537540874167
fixed existing policy trajectory repricing,C2,2025-06-04,49172.51821395255,53705.672868938076,4533.154654985527
fixed existing policy trajectory repricing,C2,2025-06-05,47383.541685167,48071.290609195734,687.7489240287323
fixed existing policy trajectory repricing,C2,2025-06-06,21711.07402781704,21724.125169622843,13.051141805801308
fixed existing policy trajectory repricing,C2,2025-06-07,24653.09039199632,26260.572032500255,1607.4816405039346
fixed existing policy trajectory repricing,C2,2025-06-08,57536.19293016207,58377.66750559704,841.4745754349715
fixed existing policy trajectory repricing,C2,2025-06-09,56793.059620847,60429.874941147595,3636.815320300593
fixed existing policy trajectory repricing,C2,2025-06-10,60288.65537866383,60545.71191523726,257.0565365734292
fixed existing policy trajectory repricing,C2,2025-06-11,63355.38369223077,64458.844588847795,1103.4608966170272
fixed existing policy trajectory repricing,C2,2025-06-12,58672.62262345001,58875.45046140164,202.82783795162686
fixed existing policy trajectory repricing,C2,2025-06-13,26924.369488139266,28565.64635334846,1641.2768652091945
fixed existing policy trajectory repricing,C2,2025-06-14,27525.0789116319,27734.94327123058,209.86435959867958
fixed existing policy trajectory repricing,C2,2025-06-15,57909.70133915135,60247.605605680554,2337.9042665292072
fixed existing policy trajectory repricing,C2,2025-06-16,58758.055194109074,58804.26014539208,46.20495128300536
fixed existing policy trajectory repricing,C2,2025-06-17,59601.19869003547,60799.153240884225,1197.9545508487572
fixed existing policy trajectory repricing,C2,2025-06-18,57843.41565515964,58976.13560403573,1132.719948876089
fixed existing policy trajectory repricing,C2,2025-06-19,58963.99996081237,59057.05461681859,93.0546560062212
fixed existing policy trajectory repricing,C2,2025-06-20,23070.06904958119,24749.26780919019,1679.1987596090003
fixed existing policy trajectory repricing,C2,2025-06-21,23442.0790351616,24524.993314407802,1082.9142792462007
fixed existing policy trajectory repricing,C2,2025-06-22,49576.70248772558,52327.69671649074,2750.9942287651575
fixed existing policy trajectory repricing,C2,2025-06-23,57236.783654053856,57507.1223947686,270.33874071474565
fixed existing policy trajectory repricing,C2,2025-06-24,58299.48611658419,59107.2385060059,807.7523894217156
fixed existing policy trajectory repricing,C2,2025-06-25,54889.99082806805,55110.65686645014,220.66603838209267
fixed existing policy trajectory repricing,C2,2025-06-26,54337.76697293791,54911.79295700372,574.0259840658109
fixed existing policy trajectory repricing,C2,2025-06-27,21737.66379497297,21737.66379497297,0.0
fixed existing policy trajectory repricing,C2,2025-06-28,24388.60209611132,24487.88460017702,99.28250406570078
fixed existing policy trajectory repricing,C2,2025-06-29,52538.36425231731,54275.73842346976,1737.374171152449
fixed existing policy trajectory repricing,C2,2025-06-30,57315.40984986976,60015.29207515498,2699.882225285226
fixed existing policy trajectory repricing,C2,2025-07-01,50577.74172481236,51470.923270671345,893.1815458589845
fixed existing policy trajectory repricing,C2,2025-07-02,46007.57962366566,46623.39492507891,615.8153014132477
fixed existing policy trajectory repricing,C2,2025-07-03,55663.34023488005,57512.581213699414,1849.2409788193618
fixed existing policy trajectory repricing,C2,2025-07-04,24899.36455415781,25412.55660652731,513.1920523694971
fixed existing policy trajectory repricing,C2,2025-07-05,22351.93883830037,23885.41563091603,1533.47679261566
fixed existing policy trajectory repricing,C2,2025-07-06,59271.89003740847,59946.55929448997,674.6692570814994
fixed existing policy trajectory repricing,C2,2025-07-07,46484.53865589085,48705.754656370285,2221.216000479435
fixed existing policy trajectory repricing,C2,2025-07-08,62720.78098047794,62720.78098047794,0.0
fixed existing policy trajectory repricing,C2,2025-07-09,69377.54106233893,70197.8023544128,820.2612920738611
fixed existing policy trajectory repricing,C2,2025-07-10,59159.2320714235,59196.786380061094,37.55430863759102
fixed existing policy trajectory repricing,C2,2025-07-11,34484.59145862491,34507.924505024894,23.333046399980958
fixed existing policy trajectory repricing,C2,2025-07-12,30478.982165370577,30478.98216537058,3.637978807091713e-12
fixed existing policy trajectory repricing,C2,2025-07-13,60178.32907016606,61908.02385809082,1729.69478792476
fixed existing policy trajectory repricing,C2,2025-07-14,62390.81152694936,63057.66041920465,666.8488922552933
fixed existing policy trajectory repricing,C2,2025-07-15,58146.83050056404,59022.0678300372,875.2373294731588
fixed existing policy trajectory repricing,C2,2025-07-16,60034.91247531588,62806.35465911639,2771.4421838005073
fixed existing policy trajectory repricing,C2,2025-07-17,50553.29439620209,51066.544498353906,513.2501021518183
fixed existing policy trajectory repricing,C2,2025-07-18,34013.09580774086,34439.99640355119,426.90059581032983
fixed existing policy trajectory repricing,C2,2025-07-19,32708.970539914884,37019.764443678985,4310.793903764101
fixed existing policy trajectory repricing,C2,2025-07-20,62362.31201936737,64711.53299216137,2349.220972793999
fixed existing policy trajectory repricing,C2,2025-07-21,68598.9700117474,73195.73337027221,4596.763358524811
fixed existing policy trajectory repricing,C2,2025-07-22,57845.77543518323,64132.495728005335,6286.720292822109
fixed existing policy trajectory repricing,C2,2025-07-23,57997.97665984226,62765.781225341765,4767.804565499508
fixed existing policy trajectory repricing,C2,2025-07-24,63971.85881317305,67583.6099982336,3611.7511850605515
fixed existing policy trajectory repricing,C2,2025-07-25,32598.61557082558,32965.08557919159,366.47000836601
fixed existing policy trajectory repricing,C2,2025-07-26,28750.237738774787,30336.36803950635,1586.1303007315619
fixed existing policy trajectory repricing,C2,2025-07-27,59951.60129236458,61011.0125844948,1059.4112921302149
fixed existing policy trajectory repricing,C2,2025-07-28,71023.81468077938,72428.0130178893,1404.1983371099195
fixed existing policy trajectory repricing,C2,2025-07-29,66722.14002000226,70028.06021006242,3305.920190060162
fixed existing policy trajectory repricing,C2,2025-07-30,63625.77174840241,64630.38457358863,1004.6128251862174
fixed existing policy trajectory repricing,C2,2025-07-31,62227.87590957802,64351.06510050772,2123.1891909297046
fixed existing policy trajectory repricing,C2,2025-08-01,25392.108951703754,26053.242070959837,661.1331192560829
fixed existing policy trajectory repricing,C2,2025-08-02,35271.556238609555,36864.57383215446,1593.0175935449079
fixed existing policy trajectory repricing,C2,2025-08-03,47545.69436829604,51109.0608052109,3563.366436914861
fixed existing policy trajectory repricing,C2,2025-08-04,56414.197707692445,56610.35070547368,196.15299778123153
fixed existing policy trajectory repricing,C2,2025-08-05,53718.857821141166,53957.28126507548,238.42344393431267
fixed existing policy trajectory repricing,C2,2025-08-06,60075.63768420899,67633.03196497523,7557.394280766246
fixed existing policy trajectory repricing,C2,2025-08-07,50165.808778087725,51233.06415359714,1067.2553755094123
fixed existing policy trajectory repricing,C2,2025-08-08,28798.15383668298,32187.404786927185,3389.2509502442044
fixed existing policy trajectory repricing,C2,2025-08-09,23539.70093041336,24198.830105123227,659.1291747098658
fixed existing policy trajectory repricing,C2,2025-08-10,48292.4371884105,48627.20125118328,334.7640627727815
fixed existing policy trajectory repricing,C2,2025-08-11,53650.70610007957,54391.62833960928,740.9222395297038
fixed existing policy trajectory repricing,C2,2025-08-12,54189.37000510954,56383.17424834363,2193.8042432340953
fixed existing policy trajectory repricing,C2,2025-08-13,51408.27942461963,56146.170615211755,4737.891190592127
fixed existing policy trajectory repricing,C2,2025-08-14,55575.75897361378,56416.569909600716,840.810935986934
fixed existing policy trajectory repricing,C2,2025-08-15,24936.70350928088,25781.87937176436,845.1758624834802
fixed existing policy trajectory repricing,C2,2025-08-16,25931.12913449603,25931.129134496034,3.637978807091713e-12
fixed existing policy trajectory repricing,C2,2025-08-17,46441.57045603693,47494.98435243934,1053.4138964024096
fixed existing policy trajectory repricing,C2,2025-08-18,49229.26752270142,51656.42176024651,2427.154237545088
fixed existing policy trajectory repricing,C2,2025-08-19,60848.100955267146,61734.282189924576,886.1812346574297
fixed existing policy trajectory repricing,C2,2025-08-20,59759.66786866856,61772.85670998994,2013.1888413213746
fixed existing policy trajectory repricing,C2,2025-08-21,48702.3444627854,49329.91498494893,627.5705221635362
fixed existing policy trajectory repricing,C2,2025-08-22,23964.02960579076,24328.271511556974,364.24190576621186
fixed existing policy trajectory repricing,C2,2025-08-23,28781.153131159284,29071.375044641467,290.2219134821826
fixed existing policy trajectory repricing,C2,2025-08-24,46694.27423267666,48175.61585382589,1481.3416211492295
fixed existing policy trajectory repricing,C2,2025-08-25,58789.77495138701,59954.9128710745,1165.1379196874914
fixed existing policy trajectory repricing,C2,2025-08-26,51919.87781906293,52937.80472724098,1017.9269081780512
fixed existing policy trajectory repricing,C2,2025-08-27,55420.55796336599,56352.36827262248,931.8103092564925
fixed existing policy trajectory repricing,C2,2025-08-28,51473.42502938944,52716.36244907437,1242.9374196849312
fixed existing policy trajectory repricing,C2,2025-08-29,28355.498941765483,29687.48013300841,1331.981191242925
fixed existing policy trajectory repricing,C2,2025-08-30,26987.766116608484,27124.207083253295,136.44096664481185
fixed existing policy trajectory repricing,C2,2025-08-31,47503.812331208304,47806.66167463888,302.8493434305783
fixed existing policy trajectory repricing,C2,2025-09-01,52193.79918325757,52698.51612400405,504.7169407464753
fixed existing policy trajectory repricing,C2,2025-09-02,47154.11149180082,48714.770511414376,1560.6590196135585
fixed existing policy trajectory repricing,C2,2025-09-03,49735.16827217127,51358.10520722681,1622.9369350555353
fixed existing policy trajectory repricing,C2,2025-09-04,47873.51638978881,49372.49045234946,1498.97406256065
fixed existing policy trajectory repricing,C2,2025-09-05,22703.0523491381,23705.762271450934,1002.7099223128353
fixed existing policy trajectory repricing,C2,2025-09-06,21984.78144825265,22176.2788670531,191.49741880045258
fixed existing policy trajectory repricing,C2,2025-09-07,42872.82878961923,43493.92835416445,621.0995645452203
fixed existing policy trajectory repricing,C2,2025-09-08,38061.07710731834,38304.51430977163,243.43720245328586
fixed existing policy trajectory repricing,C2,2025-09-09,34337.28430148941,35128.936355726626,791.6520542372164
fixed existing policy trajectory repricing,C2,2025-09-10,40586.98486610844,41610.06310578052,1023.0782396720824
fixed existing policy trajectory repricing,C2,2025-09-11,36893.896538715584,37888.6655588053,994.7690200897196
fixed existing policy trajectory repricing,C2,2025-09-12,16767.483711384364,17087.38086934027,319.89715795590746
fixed existing policy trajectory repricing,C2,2025-09-13,16256.70025361489,16437.764570425545,181.06431681065442
fixed existing policy trajectory repricing,C2,2025-09-14,40785.98635980416,42089.14927341463,1303.1629136104675
fixed existing policy trajectory repricing,C2,2025-09-15,38756.772481606655,39141.73938567811,384.966904071458
fixed existing policy trajectory repricing,C2,2025-09-16,41390.10390773615,41604.56148237893,214.45757464277995
fixed existing policy trajectory repricing,C2,2025-09-17,42933.48193278978,44126.56702023919,1193.0850874494135
fixed existing policy trajectory repricing,C2,2025-09-18,40018.88937234825,41052.901633844536,1034.0122614962893
fixed existing policy trajectory repricing,C2,2025-09-19,17467.622180189344,17686.84264742298,219.22046723363383
fixed existing policy trajectory repricing,C2,2025-09-20,18381.37010649659,18571.496279945633,190.12617344904356
fixed existing policy trajectory repricing,C2,2025-09-21,41701.04393612133,42313.44214885587,612.3982127345444
fixed existing policy trajectory repricing,C2,2025-09-22,43539.4773715176,44435.72462897218,896.2472574545827
fixed existing policy trajectory repricing,C2,2025-09-23,45680.06357604273,46307.41280195496,627.3492259122286
fixed existing policy trajectory repricing,C2,2025-09-24,44130.216946502645,44305.3453403557,175.12839385305415
fixed existing policy trajectory repricing,C2,2025-09-25,45228.91576379353,45273.10597291962,44.19020912609267
fixed existing policy trajectory repricing,C2,2025-09-26,18104.45886178661,18899.114748061744,794.6558862751335
fixed existing policy trajectory repricing,C2,2025-09-27,19781.148008697422,20067.415590321634,286.26758162421174
fixed existing policy trajectory repricing,C2,2025-09-28,45555.98167956841,46837.864479265125,1281.8827996967157
fixed existing policy trajectory repricing,C2,2025-09-29,46875.636137998736,47141.403902502636,265.76776450390025
fixed existing policy trajectory repricing,C2,2025-09-30,47635.78891757723,47748.8836872965,113.09476971926779
fixed existing policy trajectory repricing,C2,2025-10-01,39883.303424434926,40659.57458879081,776.2711643558869
fixed existing policy trajectory repricing,C2,2025-10-02,43361.17811398588,43448.85571970011,87.67760571422696
fixed existing policy trajectory repricing,C2,2025-10-03,17914.990002411054,18152.38225535908,237.392252948026
fixed existing policy trajectory repricing,C2,2025-10-04,18424.672391682416,18798.01245711046,373.3400654280449
fixed existing policy trajectory repricing,C2,2025-10-05,43740.4362210987,44702.02141940378,961.5851983050816
fixed existing policy trajectory repricing,C2,2025-10-06,44823.84183994497,46294.39044931429,1470.548609369318
fixed existing policy trajectory repricing,C2,2025-10-07,44360.42997765271,44874.97667852544,514.5467008727283
fixed existing policy trajectory repricing,C2,2025-10-08,38656.747606370765,39200.18883146571,543.4412250949463
fixed existing policy trajectory repricing,C2,2025-10-09,41258.32275496624,43138.20422861599,1879.8814736497516
fixed existing policy trajectory repricing,C2,2025-10-10,18221.305338116286,18350.191264593268,128.8859264769817
fixed existing policy trajectory repricing,C2,2025-10-11,18087.083821290413,18913.03476210985,825.950940819439
fixed existing policy trajectory repricing,C2,2025-10-12,40644.35840649722,41049.771315645936,405.41290914871934
fixed existing policy trajectory repricing,C2,2025-10-13,44779.04988548473,45953.392119341785,1174.3422338570526
fixed existing policy trajectory repricing,C2,2025-10-14,46517.38996569588,49278.991837633825,2761.6018719379426
fixed existing policy trajectory repricing,C2,2025-10-15,46852.842147019954,49886.29244591873,3033.4502988987733
fixed existing policy trajectory repricing,C2,2025-10-16,46563.38932237412,47204.25211654429,640.8627941701707
fixed existing policy trajectory repricing,C2,2025-10-17,19976.189993570755,19996.899390581417,20.709397010661633
fixed existing policy trajectory repricing,C2,2025-10-18,18671.875019507537,18828.096065201527,156.22104569399016
fixed existing policy trajectory repricing,C2,2025-10-19,44191.01784933194,44463.63519757455,272.6173482426093
fixed existing policy trajectory repricing,C2,2025-10-20,49543.53147512755,50025.56721739249,482.0357422649395
fixed existing policy trajectory repricing,C2,2025-10-21,49989.03723407231,51391.62369637337,1402.5864623010566
fixed existing policy trajectory repricing,C2,2025-10-22,50959.92229142811,51160.51739680859,200.5951053804747
fixed existing policy trajectory repricing,C2,2025-10-23,50998.04397390805,53106.42990735095,2108.3859334429
fixed existing policy trajectory repricing,C2,2025-10-24,20880.893037548663,20918.40548073243,37.512443183764844
fixed existing policy trajectory repricing,C2,2025-10-25,19215.396642657084,19259.257309743316,43.86066708623184
fixed existing policy trajectory repricing,C2,2025-10-26,49267.72339627655,50008.03192086704,740.3085245904877
fixed existing policy trajectory repricing,C2,2025-10-27,49508.77313818763,49924.02214596577,415.24900777814037
fixed existing policy trajectory repricing,C2,2025-10-28,50215.98884182867,50721.14790562442,505.1590637957488
fixed existing policy trajectory repricing,C2,2025-10-29,54468.14092672858,55513.3691920142,1045.228265285623
fixed existing policy trajectory repricing,C2,2025-10-30,47234.32852867388,47271.46886481522,37.1403361413395
fixed existing policy trajectory repricing,C2,2025-10-31,21875.200528011974,22846.0975876088,970.8970595968276
fixed existing policy trajectory repricing,C2,2025-11-01,21670.34919468525,22037.966833852846,367.6176391675981
fixed existing policy trajectory repricing,C2,2025-11-02,54132.60341539566,54813.194456412355,680.591041016698
fixed existing policy trajectory repricing,C2,2025-11-03,52913.06465432319,54091.471020488585,1178.4063661653927
fixed existing policy trajectory repricing,C2,2025-11-04,51287.984429955446,51622.94856834156,334.96413838611625
fixed existing policy trajectory repricing,C2,2025-11-05,53845.40523690377,56354.58496634555,2509.1797294417847
fixed existing policy trajectory repricing,C2,2025-11-06,56469.90380722418,56605.16449731445,135.26069009026833
fixed existing policy trajectory repricing,C2,2025-11-07,21343.62561279753,21901.504492216434,557.8788794189059
fixed existing policy trajectory repricing,C2,2025-11-08,22513.99630298685,22615.274330842964,101.27802785611493
fixed existing policy trajectory repricing,C2,2025-11-09,55142.65433712969,55266.65505790499,124.00072077530058
fixed existing policy trajectory repricing,C2,2025-11-10,58216.278622104015,58584.87748838745,368.5988662834352
fixed existing policy trajectory repricing,C2,2025-11-11,55449.65735623201,55873.659764389675,424.002408157663
fixed existing policy trajectory repricing,C2,2025-11-12,56138.94913380418,57247.237971377624,1108.2888375734474
fixed existing policy trajectory repricing,C2,2025-11-13,53127.41373680904,53426.90459080101,299.49085399197065
fixed existing policy trajectory repricing,C2,2025-11-14,24095.708675084843,24854.531961723453,758.8232866386097
fixed existing policy trajectory repricing,C2,2025-11-15,21658.047848687664,21876.479385964634,218.43153727697063
fixed existing policy trajectory repricing,C2,2025-11-16,58139.9447004298,58362.7577683101,222.81306788029906
fixed existing policy trajectory repricing,C2,2025-11-17,54564.96885244172,55093.98957396398,529.0207215222617
fixed existing policy trajectory repricing,C2,2025-11-18,56530.125447202925,57364.731948341614,834.606501138689
fixed existing policy trajectory repricing,C2,2025-11-19,60724.506601766974,61769.95380689071,1045.447205123739
fixed existing policy trajectory repricing,C2,2025-11-20,56371.00673832985,56796.61386382002,425.607125490169
fixed existing policy trajectory repricing,C2,2025-11-21,22082.6247865444,22532.36778533962,449.74299879522005
fixed existing policy trajectory repricing,C2,2025-11-22,25559.169583226143,25904.38092726713,345.2113440409885
fixed existing policy trajectory repricing,C2,2025-11-23,58292.63431936797,58762.14670278677,469.512383418798
fixed existing policy trajectory repricing,C2,2025-11-24,53969.15530414619,54528.892894713055,559.7375905668669
fixed existing policy trajectory repricing,C2,2025-11-25,59218.397020031305,59903.91917225863,685.5221522273278
fixed existing policy trajectory repricing,C2,2025-11-26,61091.121465982,61328.21153150807,237.09006552606297
fixed existing policy trajectory repricing,C2,2025-11-27,58028.065432099706,58362.58325236071,334.5178202610041
fixed existing policy trajectory repricing,C2,2025-11-28,21966.374159198444,23053.980103989794,1087.6059447913503
fixed existing policy trajectory repricing,C2,2025-11-29,25725.518294824786,27757.803151757267,2032.2848569324815
fixed existing policy trajectory repricing,C2,2025-11-30,58758.94556700476,59447.15084383389,688.2052768291323
fixed existing policy trajectory repricing,C2,2025-12-01,58342.99441356154,58804.58212983468,461.58771627314127
fixed existing policy trajectory repricing,C2,2025-12-02,60455.3154531768,60681.36611687219,226.0506636953869
fixed existing policy trajectory repricing,C2,2025-12-03,62639.33839656964,62744.521917834674,105.18352126503305
fixed existing policy trajectory repricing,C2,2025-12-04,60659.92896762489,62028.794984160995,1368.866016536107
fixed existing policy trajectory repricing,C2,2025-12-05,27008.57948812736,27037.6798404401,29.100352312740142
fixed existing policy trajectory repricing,C2,2025-12-06,26582.60155385027,27296.531912499508,713.9303586492388
fixed existing policy trajectory repricing,C2,2025-12-07,62794.615747232,63348.266048995094,553.6503017630966
fixed existing policy trajectory repricing,C2,2025-12-08,68054.88784594851,68794.85856342003,739.970717471515
fixed existing policy trajectory repricing,C2,2025-12-09,66934.08856437843,67057.2447698505,123.15620547207072
fixed existing policy trajectory repricing,C2,2025-12-10,66790.60262345818,66951.70520122618,161.10257776800427
fixed existing policy trajectory repricing,C2,2025-12-11,65675.87541034324,67148.8854394875,1473.0100291442504
fixed existing policy trajectory repricing,C2,2025-12-12,35110.214553587124,35478.10304156064,367.8884879735124
fixed existing policy trajectory repricing,C2,2025-12-13,31338.333836128437,32102.83353629548,764.4997001670417
fixed existing policy trajectory repricing,C2,2025-12-14,65740.65211571786,65869.44723261999,128.7951169021253
fixed existing policy trajectory repricing,C2,2025-12-15,69363.70379378866,69487.19746978694,123.4936759982811
fixed existing policy trajectory repricing,C2,2025-12-16,69595.92129398066,69753.53946900327,157.61817502260965
fixed existing policy trajectory repricing,C2,2025-12-17,67390.65747333544,67771.7950134064,381.13754007096577
fixed existing policy trajectory repricing,C2,2025-12-18,66173.44900059215,66905.45599839749,732.0069978053361
fixed existing policy trajectory repricing,C2,2025-12-19,34334.66805066632,34780.67350543574,446.0054547694235
fixed existing policy trajectory repricing,C2,2025-12-20,28825.25253499549,29197.72052323864,372.4679882431519
fixed existing policy trajectory repricing,C2,2025-12-21,66181.38731927563,66223.67190168439,42.28458240875625
fixed existing policy trajectory repricing,C2,2025-12-22,71039.99447367067,71531.85846455045,491.8639908797777
fixed existing policy trajectory repricing,C2,2025-12-23,64903.99663102133,65558.5297776309,654.533146609574
fixed existing policy trajectory repricing,C2,2025-12-24,63315.57673146062,63412.00533748104,96.42860602041765
fixed existing policy trajectory repricing,C2,2025-12-25,64380.37652403554,64588.44983423974,208.07331020419952
fixed existing policy trajectory repricing,C2,2025-12-26,28616.328184493654,28737.71811716888,121.38993267522528
fixed existing policy trajectory repricing,C2,2025-12-27,30577.329837421683,30652.979123482008,75.64928606032481
fixed existing policy trajectory repricing,C2,2025-12-28,66104.09868131076,66331.23517455466,227.1364932439028
fixed existing policy trajectory repricing,C2,2025-12-29,67836.06891843787,67979.409387707,143.3404692691256
fixed existing policy trajectory repricing,C2,2025-12-30,66139.80590591524,67148.66650807754,1008.8606021622982
fixed existing policy trajectory repricing,C2,2025-12-31,67299.2960521056,67399.45574401572,100.15969191012846
fixed existing policy trajectory repricing,C3,2025-02-01,27928.003402007867,27931.752197053287,3.7487950454196834
fixed existing policy trajectory repricing,C3,2025-02-02,63739.57506248066,67394.90054891337,3655.32548643271
fixed existing policy trajectory repricing,C3,2025-02-03,69252.88899575124,69252.88899575124,0.0
fixed existing policy trajectory repricing,C3,2025-02-04,72710.42384054144,72710.42384054144,0.0
fixed existing policy trajectory repricing,C3,2025-02-05,62498.895866687584,62498.895866687584,0.0
fixed existing policy trajectory repricing,C3,2025-02-06,64248.73552794309,65997.69539680483,1748.9598688617407
fixed existing policy trajectory repricing,C3,2025-02-07,32806.915095044074,32806.91509504407,-7.275957614183426e-12
fixed existing policy trajectory repricing,C3,2025-02-08,22689.139119572385,22689.139119572385,0.0
fixed existing policy trajectory repricing,C3,2025-02-09,59756.35669093377,59756.35669093377,0.0
fixed existing policy trajectory repricing,C3,2025-02-10,60495.138155665474,61226.41347849485,731.2753228293732
fixed existing policy trajectory repricing,C3,2025-02-11,53489.17817066645,55549.705489890664,2060.5273192242166
fixed existing policy trajectory repricing,C3,2025-02-12,54599.662615721005,54599.662615721005,0.0
fixed existing policy trajectory repricing,C3,2025-02-13,51978.37430387494,52664.08386560763,685.7095617326922
fixed existing policy trajectory repricing,C3,2025-02-14,28846.92741872838,28989.560713481776,142.6332947533956
fixed existing policy trajectory repricing,C3,2025-02-15,22182.19104738583,22182.19104738583,0.0
fixed existing policy trajectory repricing,C3,2025-02-16,59506.398215736,62171.15500432499,2664.7567885889875
fixed existing policy trajectory repricing,C3,2025-02-17,53830.75266713415,53830.75266713415,0.0
fixed existing policy trajectory repricing,C3,2025-02-18,54058.35163465669,54058.35163465669,0.0
fixed existing policy trajectory repricing,C3,2025-02-19,51281.30632918519,51493.993818313844,212.68748912865703
fixed existing policy trajectory repricing,C3,2025-02-20,51033.49831941526,51033.49831941526,0.0
fixed existing policy trajectory repricing,C3,2025-02-21,18273.06604032948,18273.06604032948,0.0
fixed existing policy trajectory repricing,C3,2025-02-22,22139.335198044664,22801.783603270414,662.4484052257503
fixed existing policy trajectory repricing,C3,2025-02-23,49276.74419375519,49607.22779650717,330.48360275197774
fixed existing policy trajectory repricing,C3,2025-02-24,49612.63869184172,49612.63869184172,0.0
fixed existing policy trajectory repricing,C3,2025-02-25,52587.38041370611,52587.38041370611,0.0
fixed existing policy trajectory repricing,C3,2025-02-26,48293.04300767742,48439.30854279973,146.26553512230748
fixed existing policy trajectory repricing,C3,2025-02-27,48632.68583423291,48887.21590410216,254.53006986925175
fixed existing policy trajectory repricing,C3,2025-02-28,18787.34186556977,18787.341865569775,3.637978807091713e-12
fixed existing policy trajectory repricing,C3,2025-03-01,24047.696215832773,24047.696215832773,0.0
fixed existing policy trajectory repricing,C3,2025-03-02,59889.2624601958,61179.34164824424,1290.0791880484394
fixed existing policy trajectory repricing,C3,2025-03-03,55904.78147522163,58373.787655362146,2469.0061801405172
fixed existing policy trajectory repricing,C3,2025-03-04,49883.32522970873,50046.07770532479,162.75247561605647
fixed existing policy trajectory repricing,C3,2025-03-05,52611.32421344979,52611.32421344979,0.0
fixed existing policy trajectory repricing,C3,2025-03-06,48985.49291481116,49051.027010117396,65.53409530623321
fixed existing policy trajectory repricing,C3,2025-03-07,21843.02264359316,22829.082450039212,986.0598064460501
fixed existing policy trajectory repricing,C3,2025-03-08,19909.84741501261,19909.84741501261,0.0
fixed existing policy trajectory repricing,C3,2025-03-09,46967.5223651387,49762.70716345214,2795.184798313443
fixed existing policy trajectory repricing,C3,2025-03-10,48422.38099907322,48938.25548765347,515.8744885802516
fixed existing policy trajectory repricing,C3,2025-03-11,45463.94776244638,45463.94776244639,7.275957614183426e-12
fixed existing policy trajectory repricing,C3,2025-03-12,46178.49883139543,49877.95572847074,3699.45689707531
fixed existing policy trajectory repricing,C3,2025-03-13,46098.19943773712,46342.42832221712,244.22888447999867
fixed existing policy trajectory repricing,C3,2025-03-14,17890.09491731891,18084.123911916962,194.0289945980512
fixed existing policy trajectory repricing,C3,2025-03-15,16130.695737650602,16130.695737650603,1.8189894035458565e-12
fixed existing policy trajectory repricing,C3,2025-03-16,45106.47590673982,45120.278859213264,13.802952473444748
fixed existing policy trajectory repricing,C3,2025-03-17,41580.76705398751,42852.260534399815,1271.493480412304
fixed existing policy trajectory repricing,C3,2025-03-18,44484.85428289781,44895.014863834775,410.16058093696483
fixed existing policy trajectory repricing,C3,2025-03-19,42630.97868568126,42636.38814724697,5.409461565715901
fixed existing policy trajectory repricing,C3,2025-03-20,43295.15364060154,46286.27136150061,2991.1177208990703
fixed existing policy trajectory repricing,C3,2025-03-21,15783.36403022644,16184.153855830213,400.78982560377335
fixed existing policy trajectory repricing,C3,2025-03-22,16404.846931664862,16404.846931664862,0.0
fixed existing policy trajectory repricing,C3,2025-03-23,42111.91745369547,42111.91745369547,0.0
fixed existing policy trajectory repricing,C3,2025-03-24,42247.16060901394,42247.16060901395,7.275957614183426e-12
fixed existing policy trajectory repricing,C3,2025-03-25,44472.19902741032,46419.33852142592,1947.1394940155951
fixed existing policy trajectory repricing,C3,2025-03-26,40445.68653556417,40445.68653556418,7.275957614183426e-12
fixed existing policy trajectory repricing,C3,2025-03-27,41363.64097038346,42114.82233233848,751.181361955023
fixed existing policy trajectory repricing,C3,2025-03-28,15528.25481795866,15528.25481795866,0.0
fixed existing policy trajectory repricing,C3,2025-03-29,14964.703936706344,14964.703936706343,-1.8189894035458565e-12
fixed existing policy trajectory repricing,C3,2025-03-30,39431.77317139635,39431.77317139635,0.0
fixed existing policy trajectory repricing,C3,2025-03-31,39986.57484392216,42344.344767958224,2357.769924036067
fixed existing policy trajectory repricing,C3,2025-04-01,42402.33462323945,42402.33462323945,0.0
fixed existing policy trajectory repricing,C3,2025-04-02,45308.08460046673,46427.1275258245,1119.0429253577677
fixed existing policy trajectory repricing,C3,2025-04-03,41698.31289886673,43091.66622599151,1393.3533271247798
fixed existing policy trajectory repricing,C3,2025-04-04,14262.004432515649,14262.004432515649,0.0
fixed existing policy trajectory repricing,C3,2025-04-05,15226.690822854784,15226.690822854787,3.637978807091713e-12
fixed existing policy trajectory repricing,C3,2025-04-06,41647.50514183578,41737.64325445816,90.13811262237869
fixed existing policy trajectory repricing,C3,2025-04-07,38835.699243615854,38835.699243615854,0.0
fixed existing policy trajectory repricing,C3,2025-04-08,40913.732899316296,42168.25728848649,1254.5243891701975
fixed existing policy trajectory repricing,C3,2025-04-09,43294.8467967465,43484.62084483634,189.77404808984284
fixed existing policy trajectory repricing,C3,2025-04-10,39944.15062310411,40275.55404515547,331.40342205135676
fixed existing policy trajectory repricing,C3,2025-04-11,14387.344155378049,14387.344155378049,0.0
fixed existing policy trajectory repricing,C3,2025-04-12,15049.33393978448,15049.333939784481,1.8189894035458565e-12
fixed existing policy trajectory repricing,C3,2025-04-13,39937.107302165015,39966.879630057534,29.77232789251866
fixed existing policy trajectory repricing,C3,2025-04-14,37675.54371866816,39054.963481326624,1379.4197626584646
fixed existing policy trajectory repricing,C3,2025-04-15,36464.4100743178,37838.04463436623,1373.6345600484347
fixed existing policy trajectory repricing,C3,2025-04-16,38631.68527109108,39300.58185192402,668.8965808329376
fixed existing policy trajectory repricing,C3,2025-04-17,37111.64086799413,37732.147645714846,620.506777720715
fixed existing policy trajectory repricing,C3,2025-04-18,13449.420677720422,13449.420677720422,0.0
fixed existing policy trajectory repricing,C3,2025-04-19,13364.8279999666,13364.827999966601,1.8189894035458565e-12
fixed existing policy trajectory repricing,C3,2025-04-20,37116.5034440521,37411.272855539086,294.76941148698825
fixed existing policy trajectory repricing,C3,2025-04-21,35849.81345871252,37999.96675084079,2150.1532921282706
fixed existing policy trajectory repricing,C3,2025-04-22,34972.807459356234,36120.47316107996,1147.665701723723
fixed existing policy trajectory repricing,C3,2025-04-23,37391.81974721419,37565.96086397524,174.1411167610495
fixed existing policy trajectory repricing,C3,2025-04-24,34879.26341739537,34879.26341739537,0.0
fixed existing policy trajectory repricing,C3,2025-04-25,13945.530462522744,13959.435805217841,13.905342695097715
fixed existing policy trajectory repricing,C3,2025-04-26,12920.753810634733,12920.753810634731,-1.8189894035458565e-12
fixed existing policy trajectory repricing,C3,2025-04-27,35972.88675421639,36421.436000048205,448.5492458318113
fixed existing policy trajectory repricing,C3,2025-04-28,42206.2860157034,42571.382368024475,365.09635232107394
fixed existing policy trajectory repricing,C3,2025-04-29,36568.61519821689,36667.124338074114,98.50913985722582
fixed existing policy trajectory repricing,C3,2025-04-30,33829.81131955829,34263.26349191777,433.45217235948076
fixed existing policy trajectory repricing,C3,2025-05-01,36176.98658514234,36412.67584205934,235.68925691700133
fixed existing policy trajectory repricing,C3,2025-05-02,14691.290504923913,14691.290504923914,1.8189894035458565e-12
fixed existing policy trajectory repricing,C3,2025-05-03,13942.839835529285,13942.839835529287,1.8189894035458565e-12
fixed existing policy trajectory repricing,C3,2025-05-04,35138.284935383075,36145.24484203875,1006.9599066556766
fixed existing policy trajectory repricing,C3,2025-05-05,37870.953716782686,37870.953716782686,0.0
fixed existing policy trajectory repricing,C3,2025-05-06,37008.70549276259,37605.50332342993,596.7978306673467
fixed existing policy trajectory repricing,C3,2025-05-07,37074.014752943374,38085.44981001455,1011.4350570711758
fixed existing policy trajectory repricing,C3,2025-05-08,43894.35289847144,44250.65124144291,356.2983429714659
fixed existing policy trajectory repricing,C3,2025-05-09,17063.07990537039,17063.07990537039,0.0
fixed existing policy trajectory repricing,C3,2025-05-10,16756.682738987878,16760.672699601648,3.9899606137696537
fixed existing policy trajectory repricing,C3,2025-05-11,40116.575798078185,40116.575798078185,0.0
fixed existing policy trajectory repricing,C3,2025-05-12,41370.88888489974,43126.24046907955,1755.3515841798144
fixed existing policy trajectory repricing,C3,2025-05-13,41127.640635076175,41346.85292635961,219.2122912834311
fixed existing policy trajectory repricing,C3,2025-05-14,41207.1714856836,41346.34287825675,139.17139257315284
fixed existing policy trajectory repricing,C3,2025-05-15,39705.84211373862,42020.2189230288,2314.376809290181
fixed existing policy trajectory repricing,C3,2025-05-16,16919.27632957299,18269.05423557083,1349.777905997842
fixed existing policy trajectory repricing,C3,2025-05-17,16954.509519926014,16954.509519926014,0.0
fixed existing policy trajectory repricing,C3,2025-05-18,41340.85191474079,41340.851914740786,-7.275957614183426e-12
fixed existing policy trajectory repricing,C3,2025-05-19,39395.20549521128,39490.65318529478,95.44769008349977
fixed existing policy trajectory repricing,C3,2025-05-20,42125.84079089538,42357.3083059494,231.46751505402062
fixed existing policy trajectory repricing,C3,2025-05-21,39142.046313443,40592.82867178921,1450.7823583462086
fixed existing policy trajectory repricing,C3,2025-05-22,37485.61829750468,37549.10557903237,63.48728152769036
fixed existing policy trajectory repricing,C3,2025-05-23,16589.129293850554,16635.69358989159,46.56429604103687
fixed existing policy trajectory repricing,C3,2025-05-24,15293.736512511134,15360.954887752954,67.21837524182047
fixed existing policy trajectory repricing,C3,2025-05-25,36638.18914740354,37738.49875500634,1100.3096076028014
fixed existing policy trajectory repricing,C3,2025-05-26,44484.467238165846,44842.275660167434,357.80842200158804
fixed existing policy trajectory repricing,C3,2025-05-27,36973.75139469271,38642.403394417575,1668.6519997248688
fixed existing policy trajectory repricing,C3,2025-05-28,38889.15785630841,38889.15785630841,0.0
fixed existing policy trajectory repricing,C3,2025-05-29,39580.50561082055,41551.556773165874,1971.0511623453203
fixed existing policy trajectory repricing,C3,2025-05-30,15612.418041006677,15612.418041006675,-1.8189894035458565e-12
fixed existing policy trajectory repricing,C3,2025-05-31,17705.94250032999,17705.94250032999,0.0
fixed existing policy trajectory repricing,C3,2025-06-01,48860.812330878,48876.4118185938,15.599487715800933
fixed existing policy trajectory repricing,C3,2025-06-02,46584.10619135592,49398.35855704687,2814.2523656909543
fixed existing policy trajectory repricing,C3,2025-06-03,47817.98566924319,47817.98566924319,0.0
fixed existing policy trajectory repricing,C3,2025-06-04,48646.04136231877,53179.1960173043,4533.154654985527
fixed existing policy trajectory repricing,C3,2025-06-05,47383.541685167,48071.290609195734,687.7489240287323
fixed existing policy trajectory repricing,C3,2025-06-06,21577.863859183224,21577.86385918322,-3.637978807091713e-12
fixed existing policy trajectory repricing,C3,2025-06-07,24653.090391996324,24653.090391996328,3.637978807091713e-12
fixed existing policy trajectory repricing,C3,2025-06-08,57536.19293016207,58377.66750559704,841.4745754349715
fixed existing policy trajectory repricing,C3,2025-06-09,56793.059620847,60429.874941147595,3636.815320300593
fixed existing policy trajectory repricing,C3,2025-06-10,60288.65537866383,60545.71191523726,257.0565365734292
fixed existing policy trajectory repricing,C3,2025-06-11,63355.38369223077,64458.844588847795,1103.4608966170272
fixed existing policy trajectory repricing,C3,2025-06-12,56497.41843788939,56497.418437889384,-7.275957614183426e-12
fixed existing policy trajectory repricing,C3,2025-06-13,26877.939552744003,28290.104306497436,1412.1647537534336
fixed existing policy trajectory repricing,C3,2025-06-14,27513.88016710522,27723.7445267039,209.86435959867958
fixed existing policy trajectory repricing,C3,2025-06-15,58723.59471826284,59336.62585398531,613.0311357224709
fixed existing policy trajectory repricing,C3,2025-06-16,58150.888302178486,58179.529435851495,28.64113367300888
fixed existing policy trajectory repricing,C3,2025-06-17,59601.19869003547,60799.153240884225,1197.9545508487572
fixed existing policy trajectory repricing,C3,2025-06-18,57690.11497051839,58515.89482437709,825.779853858694
fixed existing policy trajectory repricing,C3,2025-06-19,58446.85420725858,58450.41468528734,3.560478028761281
fixed existing policy trajectory repricing,C3,2025-06-20,22966.303831126395,24645.502590735396,1679.1987596090003
fixed existing policy trajectory repricing,C3,2025-06-21,22489.39540917038,22489.39540917038,0.0
fixed existing policy trajectory repricing,C3,2025-06-22,50984.14485290625,50984.14485290625,0.0
fixed existing policy trajectory repricing,C3,2025-06-23,56173.17330054057,56305.78051276833,132.60721222776192
fixed existing policy trajectory repricing,C3,2025-06-24,57878.68277518155,58674.31542982185,795.6326546402997
fixed existing policy trajectory repricing,C3,2025-06-25,54841.3490111106,54912.72517576868,71.37616465808242
fixed existing policy trajectory repricing,C3,2025-06-26,54337.76697293791,54911.79295700372,574.0259840658109
fixed existing policy trajectory repricing,C3,2025-06-27,22286.78140627834,22286.78140627834,0.0
fixed existing policy trajectory repricing,C3,2025-06-28,22649.14663271842,22649.146632718417,-3.637978807091713e-12
fixed existing policy trajectory repricing,C3,2025-06-29,52532.60074539601,54269.97491654847,1737.3741711524563
fixed existing policy trajectory repricing,C3,2025-06-30,57315.40984986976,60015.29207515498,2699.882225285226
fixed existing policy trajectory repricing,C3,2025-07-01,50577.74172481236,51470.923270671345,893.1815458589845
fixed existing policy trajectory repricing,C3,2025-07-02,46311.36869947695,46311.36869947695,0.0
fixed existing policy trajectory repricing,C3,2025-07-03,55663.34023488005,57512.581213699414,1849.2409788193618
fixed existing policy trajectory repricing,C3,2025-07-04,25111.63363478273,25111.63363478273,0.0
fixed existing policy trajectory repricing,C3,2025-07-05,22227.412416834235,23502.323494131917,1274.911077297682
fixed existing policy trajectory repricing,C3,2025-07-06,59271.89003740847,59946.55929448997,674.6692570814994
fixed existing policy trajectory repricing,C3,2025-07-07,46532.98308444666,48682.74701956106,2149.7639351143953
fixed existing policy trajectory repricing,C3,2025-07-08,62394.60856839562,62394.60856839562,0.0
fixed existing policy trajectory repricing,C3,2025-07-09,69373.91498863797,70194.17628071184,820.2612920738611
fixed existing policy trajectory repricing,C3,2025-07-10,59107.61730455615,59107.61730455615,0.0
fixed existing policy trajectory repricing,C3,2025-07-11,34479.16746707817,34479.16746707817,0.0
fixed existing policy trajectory repricing,C3,2025-07-12,29430.022603655627,29430.022603655627,0.0
fixed existing policy trajectory repricing,C3,2025-07-13,60537.79311958371,60537.7931195837,-7.275957614183426e-12
fixed existing policy trajectory repricing,C3,2025-07-14,62869.70103764563,62890.562190539276,20.86115289364534
fixed existing policy trajectory repricing,C3,2025-07-15,57705.93818385447,57705.93818385447,0.0
fixed existing policy trajectory repricing,C3,2025-07-16,60034.91247531588,62806.35465911639,2771.4421838005073
fixed existing policy trajectory repricing,C3,2025-07-17,50315.5256015421,50315.525601542104,7.275957614183426e-12
fixed existing policy trajectory repricing,C3,2025-07-18,33893.45457082235,33893.45457082235,0.0
fixed existing policy trajectory repricing,C3,2025-07-19,32708.970539914884,37019.764443678985,4310.793903764101
fixed existing policy trajectory repricing,C3,2025-07-20,62294.1100245658,64602.71871182033,2308.6086872545275
fixed existing policy trajectory repricing,C3,2025-07-21,68598.9700117474,73195.73337027221,4596.763358524811
fixed existing policy trajectory repricing,C3,2025-07-22,57845.77543518323,64132.495728005335,6286.720292822109
fixed existing policy trajectory repricing,C3,2025-07-23,59384.27843325499,63227.88181647934,3843.6033832243484
fixed existing policy trajectory repricing,C3,2025-07-24,63920.47357961461,67525.91743295583,3605.4438533412176
fixed existing policy trajectory repricing,C3,2025-07-25,28866.795008712885,28866.795008712885,0.0
fixed existing policy trajectory repricing,C3,2025-07-26,29223.98917246992,30810.119473201474,1586.1303007315546
fixed existing policy trajectory repricing,C3,2025-07-27,59951.60129236458,61011.0125844948,1059.4112921302149
fixed existing policy trajectory repricing,C3,2025-07-28,68442.31185425284,69746.71118819383,1304.3993339409935
fixed existing policy trajectory repricing,C3,2025-07-29,67142.63546798714,70448.55565804729,3305.9201900601474
fixed existing policy trajectory repricing,C3,2025-07-30,64182.209389119045,64296.93919831861,114.72980919956171
fixed existing policy trajectory repricing,C3,2025-07-31,63780.74993949693,64743.08336335757,962.3334238606403
fixed existing policy trajectory repricing,C3,2025-08-01,24565.897583775564,24565.897583775564,0.0
fixed existing policy trajectory repricing,C3,2025-08-02,35323.584273253335,36917.653878843725,1594.06960559039
fixed existing policy trajectory repricing,C3,2025-08-03,47545.69436829604,51109.0608052109,3563.366436914861
fixed existing policy trajectory repricing,C3,2025-08-04,55923.07108035121,55923.07108035121,0.0
fixed existing policy trajectory repricing,C3,2025-08-05,53433.91297686564,53433.91297686564,0.0
fixed existing policy trajectory repricing,C3,2025-08-06,60024.96246844349,67472.62731064652,7447.664842203034
fixed existing policy trajectory repricing,C3,2025-08-07,50249.004027587005,50249.004027587,-7.275957614183426e-12
fixed existing policy trajectory repricing,C3,2025-08-08,28786.893268430027,32176.14421867423,3389.2509502442044
fixed existing policy trajectory repricing,C3,2025-08-09,23228.2908754936,23228.2908754936,0.0
fixed existing policy trajectory repricing,C3,2025-08-10,48339.50756057046,48339.50756057046,0.0
fixed existing policy trajectory repricing,C3,2025-08-11,54090.4925780352,54090.4925780352,0.0
fixed existing policy trajectory repricing,C3,2025-08-12,54206.70874694159,56400.51299017569,2193.8042432340953
fixed existing policy trajectory repricing,C3,2025-08-13,50941.278019182966,53133.6356417138,2192.357622530835
fixed existing policy trajectory repricing,C3,2025-08-14,55386.103036235145,55386.10303623515,7.275957614183426e-12
fixed existing policy trajectory repricing,C3,2025-08-15,24564.923709920346,24564.923709920346,0.0
fixed existing policy trajectory repricing,C3,2025-08-16,25931.12913449603,25931.129134496034,3.637978807091713e-12
fixed existing policy trajectory repricing,C3,2025-08-17,46140.37531329672,47182.83448926965,1042.45917597293
fixed existing policy trajectory repricing,C3,2025-08-18,49503.9453518891,51750.63897818564,2246.693626296539
fixed existing policy trajectory repricing,C3,2025-08-19,60856.24390491677,60856.243904916766,-7.275957614183426e-12
fixed existing policy trajectory repricing,C3,2025-08-20,59784.27607179617,61797.46491311755,2013.1888413213746
fixed existing policy trajectory repricing,C3,2025-08-21,47993.90212541465,47993.90212541464,-7.275957614183426e-12
fixed existing policy trajectory repricing,C3,2025-08-22,23701.13637088696,23701.13637088696,0.0
fixed existing policy trajectory repricing,C3,2025-08-23,28598.71408488488,28598.71408488488,0.0
fixed existing policy trajectory repricing,C3,2025-08-24,46967.093092561205,48192.74722038977,1225.6541278285658
fixed existing policy trajectory repricing,C3,2025-08-25,58499.6422874055,58499.6422874055,0.0
fixed existing policy trajectory repricing,C3,2025-08-26,52388.13224664837,52388.13224664837,0.0
fixed existing policy trajectory repricing,C3,2025-08-27,55084.84237910352,55084.84237910352,0.0
fixed existing policy trajectory repricing,C3,2025-08-28,51905.67958320627,52526.40285181621,620.7232686099378
fixed existing policy trajectory repricing,C3,2025-08-29,27686.84198278213,27686.84198278213,0.0
fixed existing policy trajectory repricing,C3,2025-08-30,26127.551903323365,26127.551903323365,0.0
fixed existing policy trajectory repricing,C3,2025-08-31,47408.9417912838,47408.94179128381,7.275957614183426e-12
fixed existing policy trajectory repricing,C3,2025-09-01,52526.27839571861,52840.99431529922,314.7159195806089
fixed existing policy trajectory repricing,C3,2025-09-02,46995.64656328515,48458.514731275034,1462.8681679898873
fixed existing policy trajectory repricing,C3,2025-09-03,49429.653975183566,49429.653975183566,0.0
fixed existing policy trajectory repricing,C3,2025-09-04,47572.60162969136,48393.93959961579,821.3379699244324
fixed existing policy trajectory repricing,C3,2025-09-05,22586.06878499921,22586.06878499921,0.0
fixed existing policy trajectory repricing,C3,2025-09-06,22021.713791694667,22021.713791694667,0.0
fixed existing policy trajectory repricing,C3,2025-09-07,43052.389703041954,43633.80726400533,581.4175609633749
fixed existing policy trajectory repricing,C3,2025-09-08,38230.69325363205,38305.55234119019,74.8590875581358
fixed existing policy trajectory repricing,C3,2025-09-09,33900.05235739174,33900.05235739174,0.0
fixed existing policy trajectory repricing,C3,2025-09-10,40673.156228308406,41696.23446798049,1023.0782396720824
fixed existing policy trajectory repricing,C3,2025-09-11,36370.293055449496,36370.29305544949,-7.275957614183426e-12
fixed existing policy trajectory repricing,C3,2025-09-12,16683.530997158578,16683.530997158578,0.0
fixed existing policy trajectory repricing,C3,2025-09-13,15532.687558964106,15532.687558964106,0.0
fixed existing policy trajectory repricing,C3,2025-09-14,40472.94353206563,41483.89063044879,1010.9470983831634
fixed existing policy trajectory repricing,C3,2025-09-15,38564.28902957093,38564.28902957093,0.0
fixed existing policy trajectory repricing,C3,2025-09-16,41758.03242270076,41758.03242270076,0.0
fixed existing policy trajectory repricing,C3,2025-09-17,42595.87862808469,42595.87862808469,0.0
fixed existing policy trajectory repricing,C3,2025-09-18,39643.74783550314,40677.76009699943,1034.0122614962893
fixed existing policy trajectory repricing,C3,2025-09-19,17234.558088907143,17234.558088907143,0.0
fixed existing policy trajectory repricing,C3,2025-09-20,18084.37263877981,18084.37263877981,0.0
fixed existing policy trajectory repricing,C3,2025-09-21,41441.98006437943,42054.37827711398,612.3982127345516
fixed existing policy trajectory repricing,C3,2025-09-22,43691.04016864528,43691.040168645275,-7.275957614183426e-12
fixed existing policy trajectory repricing,C3,2025-09-23,45053.785692902165,45053.785692902165,0.0
fixed existing policy trajectory repricing,C3,2025-09-24,43681.29394443117,43831.920981241725,150.62703681055427
fixed existing policy trajectory repricing,C3,2025-09-25,45348.3272453623,45392.51745448839,44.19020912609267
fixed existing policy trajectory repricing,C3,2025-09-26,17751.118069521417,18538.65566002514,787.5375905037217
fixed existing policy trajectory repricing,C3,2025-09-27,18484.71840029896,18484.71840029896,0.0
fixed existing policy trajectory repricing,C3,2025-09-28,44456.773962812,45662.59596721356,1205.8220044015543
fixed existing policy trajectory repricing,C3,2025-09-29,46052.14932905952,46052.14932905952,0.0
fixed existing policy trajectory repricing,C3,2025-09-30,47750.36905669479,47824.78420646422,74.41514976942562
fixed existing policy trajectory repricing,C3,2025-10-01,39883.303424434926,40659.57458879081,776.2711643558869
fixed existing policy trajectory repricing,C3,2025-10-02,43080.50366224455,43080.50366224455,0.0
fixed existing policy trajectory repricing,C3,2025-10-03,16588.11935426297,16588.11935426297,0.0
fixed existing policy trajectory repricing,C3,2025-10-04,17556.053472863776,17556.053472863776,0.0
fixed existing policy trajectory repricing,C3,2025-10-05,43886.05785227357,44803.864262847106,917.8064105735393
fixed existing policy trajectory repricing,C3,2025-10-06,44612.71150110727,46083.26011047658,1470.5486093693107
fixed existing policy trajectory repricing,C3,2025-10-07,44054.821358288296,44501.47524530337,446.6538870150762
fixed existing policy trajectory repricing,C3,2025-10-08,38741.05900037433,39284.50022546927,543.4412250949463
fixed existing policy trajectory repricing,C3,2025-10-09,41454.25132879605,43125.033702123124,1670.782373327078
fixed existing policy trajectory repricing,C3,2025-10-10,18578.09310715925,18578.09310715925,0.0
fixed existing policy trajectory repricing,C3,2025-10-11,16628.04754334457,16628.04754334457,0.0
fixed existing policy trajectory repricing,C3,2025-10-12,40451.61901635986,40451.619016359866,7.275957614183426e-12
fixed existing policy trajectory repricing,C3,2025-10-13,44779.04988548473,45953.392119341785,1174.3422338570526
fixed existing policy trajectory repricing,C3,2025-10-14,46517.38996569588,49278.991837633825,2761.6018719379426
fixed existing policy trajectory repricing,C3,2025-10-15,46852.842147019954,49886.29244591873,3033.4502988987733
fixed existing policy trajectory repricing,C3,2025-10-16,46563.38932237412,47204.25211654429,640.8627941701707
fixed existing policy trajectory repricing,C3,2025-10-17,19078.25653329028,19090.1038211091,11.847287818818586
fixed existing policy trajectory repricing,C3,2025-10-18,18143.395250765905,18143.3952507659,-3.637978807091713e-12
fixed existing policy trajectory repricing,C3,2025-10-19,44355.45943903754,44400.42982210137,44.970383063824556
fixed existing policy trajectory repricing,C3,2025-10-20,47751.29997755513,47751.29997755513,0.0
fixed existing policy trajectory repricing,C3,2025-10-21,49989.03723407231,51391.62369637337,1402.5864623010566
fixed existing policy trajectory repricing,C3,2025-10-22,50375.713582396216,50531.207550171326,155.49396777510992
fixed existing policy trajectory repricing,C3,2025-10-23,50998.04397390805,53106.42990735095,2108.3859334429
fixed existing policy trajectory repricing,C3,2025-10-24,20142.325785897207,20179.838229080975,37.51244318376848
fixed existing policy trajectory repricing,C3,2025-10-25,18549.920445628428,18549.920445628428,0.0
fixed existing policy trajectory repricing,C3,2025-10-26,49267.72339627655,50008.03192086704,740.3085245904877
fixed existing policy trajectory repricing,C3,2025-10-27,49601.82515355145,49744.85772923473,143.03257568328263
fixed existing policy trajectory repricing,C3,2025-10-28,49860.35364355636,50170.941031235074,310.58738767871546
fixed existing policy trajectory repricing,C3,2025-10-29,54468.14092672858,55513.3691920142,1045.228265285623
fixed existing policy trajectory repricing,C3,2025-10-30,47099.41985443722,47115.82610860795,16.4062541707317
fixed existing policy trajectory repricing,C3,2025-10-31,21875.200528011974,22846.0975876088,970.8970595968276
fixed existing policy trajectory repricing,C3,2025-11-01,21405.68767090689,21422.35041418124,16.66274327435167
fixed existing policy trajectory repricing,C3,2025-11-02,54132.60341539566,54813.194456412355,680.591041016698
fixed existing policy trajectory repricing,C3,2025-11-03,52913.06465432319,54091.471020488585,1178.4063661653927
fixed existing policy trajectory repricing,C3,2025-11-04,51287.984429955446,51622.94856834156,334.96413838611625
fixed existing policy trajectory repricing,C3,2025-11-05,53845.40523690377,56354.58496634555,2509.1797294417847
fixed existing policy trajectory repricing,C3,2025-11-06,56469.90380722418,56605.16449731445,135.26069009026833
fixed existing policy trajectory repricing,C3,2025-11-07,21892.44014546467,21951.379168342628,58.93902287795936
fixed existing policy trajectory repricing,C3,2025-11-08,22513.996302986856,22513.996302986856,0.0
fixed existing policy trajectory repricing,C3,2025-11-09,55142.65433712969,55266.65505790499,124.00072077530058
fixed existing policy trajectory repricing,C3,2025-11-10,58203.40596455593,58238.05497964857,34.649015092640184
fixed existing policy trajectory repricing,C3,2025-11-11,54665.94840382874,54665.94840382874,0.0
fixed existing policy trajectory repricing,C3,2025-11-12,55818.987386207154,56044.59509617844,225.60770997128566
fixed existing policy trajectory repricing,C3,2025-11-13,53127.41373680904,53426.90459080101,299.49085399197065
fixed existing policy trajectory repricing,C3,2025-11-14,24095.708675084843,24854.531961723453,758.8232866386097
fixed existing policy trajectory repricing,C3,2025-11-15,21366.214717692303,21366.2147176923,-3.637978807091713e-12
fixed existing policy trajectory repricing,C3,2025-11-16,58139.9447004298,58362.7577683101,222.81306788029906
fixed existing policy trajectory repricing,C3,2025-11-17,55154.090488040085,55161.82763807086,7.737150030778139
fixed existing policy trajectory repricing,C3,2025-11-18,56530.125447202925,57364.731948341614,834.606501138689
fixed existing policy trajectory repricing,C3,2025-11-19,60193.2656167794,61146.579306044616,953.3136892652183
fixed existing policy trajectory repricing,C3,2025-11-20,56371.00673832985,56796.61386382002,425.607125490169
fixed existing policy trajectory repricing,C3,2025-11-21,22617.85406832144,22672.870441707146,55.016373385704355
fixed existing policy trajectory repricing,C3,2025-11-22,26357.293731744,26357.293731744,0.0
fixed existing policy trajectory repricing,C3,2025-11-23,58434.24443000856,58633.79114558847,199.54671557990514
fixed existing policy trajectory repricing,C3,2025-11-24,53969.15530414619,54528.892894713055,559.7375905668669
fixed existing policy trajectory repricing,C3,2025-11-25,58176.18030051698,58176.18030051698,0.0
fixed existing policy trajectory repricing,C3,2025-11-26,60324.005439436674,60324.005439436674,0.0
fixed existing policy trajectory repricing,C3,2025-11-27,57616.41209909324,57616.412099093235,-7.275957614183426e-12
fixed existing policy trajectory repricing,C3,2025-11-28,21330.469411522063,22408.57150940135,1078.1020978792876
fixed existing policy trajectory repricing,C3,2025-11-29,25725.518294824786,27757.803151757267,2032.2848569324815
fixed existing policy trajectory repricing,C3,2025-11-30,58509.73804399797,58509.73804399796,-7.275957614183426e-12
fixed existing policy trajectory repricing,C3,2025-12-01,58445.11749201371,58445.11749201372,7.275957614183426e-12
fixed existing policy trajectory repricing,C3,2025-12-02,60372.48895336707,60372.48895336707,0.0
fixed existing policy trajectory repricing,C3,2025-12-03,62639.33839656964,62744.521917834674,105.18352126503305
fixed existing policy trajectory repricing,C3,2025-12-04,60659.92896762489,62028.794984160995,1368.866016536107
fixed existing policy trajectory repricing,C3,2025-12-05,26296.64668754981,26322.572654631454,25.92596708164274
fixed existing policy trajectory repricing,C3,2025-12-06,26582.60155385027,27296.531912499508,713.9303586492388
fixed existing policy trajectory repricing,C3,2025-12-07,62794.615747232,63348.266048995094,553.6503017630966
fixed existing policy trajectory repricing,C3,2025-12-08,67204.0379653582,67204.03796535822,1.4551915228366852e-11
fixed existing policy trajectory repricing,C3,2025-12-09,66863.16159244697,66863.16159244697,0.0
fixed existing policy trajectory repricing,C3,2025-12-10,66678.22226965797,66680.2363239692,2.014054311235668
fixed existing policy trajectory repricing,C3,2025-12-11,65205.09462862415,66613.06515170321,1407.9705230790569
fixed existing policy trajectory repricing,C3,2025-12-12,34887.96454140136,35157.31159639605,269.3470549946942
fixed existing policy trajectory repricing,C3,2025-12-13,31592.10871185856,31592.108711858556,-3.637978807091713e-12
fixed existing policy trajectory repricing,C3,2025-12-14,65424.02981863267,65518.7306300226,94.70081138992828
fixed existing policy trajectory repricing,C3,2025-12-15,67754.38434221313,67754.38434221312,-1.4551915228366852e-11
fixed existing policy trajectory repricing,C3,2025-12-16,69159.2368154398,69217.48720391036,58.25038847056567
fixed existing policy trajectory repricing,C3,2025-12-17,67720.16410092195,67720.16410092195,0.0
fixed existing policy trajectory repricing,C3,2025-12-18,66653.8606622252,66653.8606622252,0.0
fixed existing policy trajectory repricing,C3,2025-12-19,34352.071501059734,34352.071501059734,0.0
fixed existing policy trajectory repricing,C3,2025-12-20,28857.94014263345,28857.94014263345,0.0
fixed existing policy trajectory repricing,C3,2025-12-21,65141.76378960559,65141.76378960558,-7.275957614183426e-12
fixed existing policy trajectory repricing,C3,2025-12-22,70632.68194003374,71118.388851635,485.70691160125716
fixed existing policy trajectory repricing,C3,2025-12-23,63919.26812285455,63919.26812285455,0.0
fixed existing policy trajectory repricing,C3,2025-12-24,62018.38733458245,62018.38733458245,0.0
fixed existing policy trajectory repricing,C3,2025-12-25,63201.4323976927,63370.2094711658,168.77707347310206
fixed existing policy trajectory repricing,C3,2025-12-26,27946.39866567634,28057.28408253117,110.88541685482778
fixed existing policy trajectory repricing,C3,2025-12-27,30204.397432086207,30280.046718146536,75.64928606032845
fixed existing policy trajectory repricing,C3,2025-12-28,66137.72687743869,66364.8633706826,227.1364932439028
fixed existing policy trajectory repricing,C3,2025-12-29,67538.59882169521,67681.93929096435,143.34046926914016
fixed existing policy trajectory repricing,C3,2025-12-30,66143.14053775201,67152.00113991433,1008.8606021623127
fixed existing policy trajectory repricing,C3,2025-12-31,66672.83652516193,66720.753024362,47.916499200073304
