branch,policy,date,initial_soc_kwh,actual_causal_emergency_cost_yuan,fixed_g_perfect_information_emergency_cost_yuan,causal_execution_gap_yuan,actual_emergency_purchase_kwh,perfect_information_emergency_purchase_kwh,perfect_information_terminal_soc_kwh
Q2,B1,2025-02-01,4910.116222222223,555.2538234367711,0.0,555.2538234367711,156.58798406513918,0.0,1200.0
Q2,B1,2025-02-02,1396.4820788373684,743.0572381033769,0.0,743.0572381033769,223.4229013957243,0.0,1200.0
Q2,B1,2025-02-03,1244.7245993418203,2983.4170208487158,173.83547011710638,2809.5815507316092,863.4578795117205,40.55436721215278,1200.0
Q2,B1,2025-02-04,1272.4803984207929,7146.652323303317,3816.4044046280424,3330.2479186752744,1878.9196091571966,1057.7687340924667,1200.0
Q2,B1,2025-02-05,1291.3431784406032,4016.9176309576237,1853.7931127972467,2163.124518160377,1160.1324791202655,511.91415814292014,1200.0
Q2,B1,2025-02-06,1200.0,2646.516408097615,318.8090577166665,2327.707350380949,842.5461786258429,54.7670333333333,1200.0
Q2,B1,2025-02-07,1224.277654258047,522.7161052461701,161.6432157104198,361.0728895357503,182.03608498369246,35.05004497627708,1200.0
Q2,B1,2025-02-08,1200.0,5164.509869067304,1845.9948696518177,3318.5149994154863,1643.9053932190302,477.970640258663,1200.0
Q2,B1,2025-02-09,1200.0,12035.278003231011,10737.556236077402,1297.721767153609,3585.3029962100863,3192.7862155855028,1200.0
Q2,B1,2025-02-10,1200.0,2166.2123516655784,698.0387254644772,1468.1736262011011,764.2445366541981,235.94895184632566,1200.0
Q2,B1,2025-02-11,1200.0,4071.318903022129,2592.729526309728,1478.5893767124007,938.6833373105168,450.56194154613775,1200.0
Q2,B1,2025-02-12,1200.0,5094.40787689162,3462.2117448690105,1632.1961320226092,1291.3910480350814,777.6284799824672,1200.0
Q2,B1,2025-02-13,1200.0,4617.35059317366,2095.981395430147,2521.369197743513,1283.5010895169676,355.2872293541534,1200.0
Q2,B1,2025-02-14,1200.0,4553.012475405633,1490.0088354551483,3063.003639950485,1781.4734790745565,521.8466704393775,1200.0
Q2,B1,2025-02-15,1200.0,6923.460761960556,3406.7202144194416,3516.740547541114,2486.1671220356,1048.289840385784,1200.0
Q2,B1,2025-02-16,1200.0,16925.201730035158,14752.345021631581,2172.8567084035767,4639.089227600996,4202.99685749246,1200.0
Q2,B1,2025-02-17,1200.0,4178.042815911465,2051.7938325745617,2126.2489833369036,1170.874966756919,395.07873424425827,1200.0
Q2,B1,2025-02-18,1200.0,5400.67746946586,1912.5465406283033,3488.1309288375564,1576.1848062659983,428.70976144482296,1200.0
Q2,B1,2025-02-19,1200.0,10801.348467095437,8898.850995526569,1902.4974715688677,2956.0696178011767,2449.612619156006,1200.0
Q2,B1,2025-02-20,1200.0,6558.381501644761,4873.050405086038,1685.3310965587225,1743.2040700196862,1176.0583367936147,1200.0
Q2,B1,2025-02-21,1200.0,1773.728985684128,612.5854829620498,1161.1435027220782,766.7636524785858,288.9960765549323,1200.0
Q2,B1,2025-02-22,1200.0,6241.346868497354,1623.6412330119863,4617.705635485368,2231.453954567562,606.2083823629707,1200.0
Q2,B1,2025-02-23,1200.0,9985.080158498175,7887.797389185838,2097.2827693123363,2940.8410443206158,2361.727390016976,1200.0
Q2,B1,2025-02-24,1200.0,3179.6699260442037,2266.222597686421,913.4473283577827,855.6538959595612,537.4589022854243,1200.0
Q2,B1,2025-02-25,1200.0,3588.160058268093,1767.9959621592584,1820.1640961088347,1038.160394625742,443.55490833369083,1200.0
Q2,B1,2025-02-26,1200.0,5976.173277338072,3762.391978544438,2213.7812987936336,1736.7349246559763,1014.9460992686664,1200.0
Q2,B1,2025-02-27,1200.0,9223.959894781732,7526.189704421232,1697.7701903605002,2056.502592276888,1761.4791084251624,1200.0
Q2,B1,2025-02-28,1200.0,3963.326685066514,785.5009265901756,3177.8257584763387,1409.9404795878818,189.65173298087097,1200.0
Q2,B1,2025-03-01,1200.0,3161.5323528902204,1324.8291859359965,1836.703166954224,941.1722458273248,347.6326339023186,1200.0
Q2,B1,2025-03-02,1200.0,25904.48782668035,22831.28128805488,3073.206538625469,7871.510707515118,7015.302689474178,1200.0
Q2,B1,2025-03-03,1200.0,18878.53781402728,16013.14736113722,2865.3904528900603,5124.462701948958,4513.844165061656,1200.0
Q2,B1,2025-03-04,1200.0,4882.862469544972,1009.0475348702784,3873.814934674693,1584.0409211858323,265.0145766530745,1200.0
Q2,B1,2025-03-05,1200.0,3765.8971622680674,1390.671602867123,2375.2255594009443,974.2915068699855,243.35093512354763,1200.0
Q2,B1,2025-03-06,1200.0,5020.451615159641,3096.152852415853,1924.2987627437878,1459.3433368836015,829.4365559881471,1200.0
Q2,B1,2025-03-07,1200.0,2572.351014128697,104.41729351016937,2467.933720618528,802.8093690848036,49.836495515923666,1200.0
Q2,B1,2025-03-08,1200.0,3066.926576596546,2278.981700291633,787.9448763049131,1193.1932038259897,1015.9608844546547,1200.0
Q2,B1,2025-03-09,1200.0,3821.924305128651,2258.5447240415847,1563.3795810870665,1273.147831822173,751.7041982434262,1200.0
Q2,B1,2025-03-10,1200.0,12678.965639247668,10365.399839773727,2313.5657994739413,4215.543534011043,3621.502276990789,1200.0
Q2,B1,2025-03-11,1200.0,5630.606032474021,4034.0863359866626,1596.5196964873585,1533.270455816008,1016.5294451706562,1200.0
Q2,B1,2025-03-12,1200.0,4973.609468842414,3384.395451708523,1589.2140171338906,1465.9208953645184,818.4020802686516,1200.0
Q2,B1,2025-03-13,1200.0,22812.93324514929,20274.246235083312,2538.687010065976,6713.987654032893,6304.283644086676,1200.0
Q2,B1,2025-03-14,1200.0,3625.489662064819,1493.1360433101397,2132.3536187546797,1269.7999820194746,626.9843094194903,1200.0
Q2,B1,2025-03-15,1200.0,6383.904387706611,3974.4610392088794,2409.443348497731,2177.8881140476506,1358.5574872292436,1200.0
Q2,B1,2025-03-16,1200.0,9376.628829474157,6340.641398384688,3035.9874310894693,2877.494572176942,2198.253333076579,1200.0
Q2,B1,2025-03-17,1200.0,1782.6776255465643,272.2562429542942,1510.4213825922702,528.6603833313281,66.23597295845606,1200.0
Q2,B1,2025-03-18,1200.0,10385.58486295274,7371.687475712517,3013.897387240224,2510.138137535627,1923.1418844867603,1200.0
Q2,B1,2025-03-19,1200.0,6357.312885919565,3817.1890255954613,2540.1238603241036,1489.6775252220682,1013.3848419709252,1200.0
Q2,B1,2025-03-20,1233.1498409932815,10491.75416943442,8917.189670764303,1574.5644986701172,3101.527241395107,2816.4570683406973,1200.0
Q2,B1,2025-03-21,1200.0,3019.53406003634,2377.845235657175,641.688824379165,1113.5068493791296,882.3129437464008,1200.0
Q2,B1,2025-03-22,1200.0,4939.951092693903,372.19422486613576,4567.756867827768,1692.1574291240076,172.16735035641392,1200.0
Q2,B1,2025-03-23,1308.767286566608,9409.147482527944,5919.658646045286,3489.4888364826575,2740.0036819090437,1528.5659278620014,1200.0
Q2,B1,2025-03-24,1200.0,6180.553972641378,3602.4457365891876,2578.1082360521905,1908.0784113213736,1194.8564298411243,1200.0
Q2,B1,2025-03-25,1200.0,16057.807887127363,13897.626076393351,2160.1818107340114,4844.6651205584385,4260.089628120738,1200.0
Q2,B1,2025-03-26,1200.0,4771.7933098089115,3732.273759783986,1039.5195500249256,1373.7823423749153,1087.2250432679148,1200.0
Q2,B1,2025-03-27,1200.0,10770.746218558543,9030.910924517808,1739.8352940407349,3246.922633807747,3030.386453778687,1200.0
Q2,B1,2025-03-28,1200.0,1407.7914295118112,767.7560105839384,640.0354189278728,523.0467192544029,353.63339133650675,1200.0
Q2,B1,2025-03-29,1200.0,3027.0406451229273,2402.610895277887,624.4297498450405,986.379961532297,728.9716592968609,1200.0
Q2,B1,2025-03-30,1200.0,6551.04146047108,3189.5768817720027,3361.4645786990777,2255.9094737692985,1321.1955126183873,1200.0
Q2,B1,2025-03-31,1200.0,14338.799256992272,8669.036044229259,5669.763212763013,4557.377741814516,3104.8799890664036,1200.0
Q2,B1,2025-04-01,1200.0,16561.614401694278,14062.030484295617,2499.5839173986606,5983.004311807861,5502.37162219846,1200.0
Q2,B1,2025-04-02,1200.0,21257.171604253697,16759.672189102075,4497.499415151622,6810.511236232514,5772.1479699719075,1200.0
Q2,B1,2025-04-03,1200.0,8568.146615129182,5955.449063143585,2612.697551985598,2324.89523560007,1643.3116389053102,1200.0
Q2,B1,2025-04-04,1200.0,1920.1865994652499,903.607554451385,1016.5790450138649,768.3763482459675,416.35097413485414,1200.0
Q2,B1,2025-04-05,1200.0,9547.716127905322,1518.9192131639256,8028.796914741396,2968.3638723927324,530.4045946843349,1200.0
Q2,B1,2025-04-06,1200.0,4919.356013290995,1928.5208571776247,2990.8351561133704,1414.162142860714,431.2772257290906,1200.0
Q2,B1,2025-04-07,1200.0,4430.341392844028,287.7409664737956,4142.6004263702325,1536.5800642686643,136.3200624974213,1200.0
Q2,B1,2025-04-08,1200.0,7294.847684167527,3946.9798835273655,3347.867800640162,2099.01789626391,1015.2712701981268,1200.0
Q2,B1,2025-04-09,1200.0,17739.758426121705,14739.70057673796,3000.0578493837456,6158.902918098926,5636.9890678608845,1200.0
Q2,B1,2025-04-10,1200.0,7264.074596862084,6102.74976301989,1161.3248338421936,2182.1324039249002,1792.006616884373,1200.0
Q2,B1,2025-04-11,1200.0,1958.9458563287678,873.8493946481619,1085.096461680606,825.2025053104385,410.2343445719847,1200.0
Q2,B1,2025-04-12,1200.0,3598.783247250055,0.0,3598.783247250055,1198.7955061383593,0.0,1200.0
Q2,B1,2025-04-13,1200.0,9216.206271263145,7913.391073001914,1302.8151982612308,3260.51638369945,2660.082155775567,1200.0
Q2,B1,2025-04-14,1200.0,4758.638684727275,1088.4231871054214,3670.2154976218535,1651.1505135328548,173.6538693954831,1200.0
Q2,B1,2025-04-15,1200.0,6584.082974104339,858.5662935258864,5725.516680578453,1936.4251623011803,223.65049632646918,1200.0
Q2,B1,2025-04-16,1200.0,11020.13074683214,8975.128666557603,2045.0020802745366,4258.991621527821,3579.834090462465,1200.0
Q2,B1,2025-04-17,1200.0,7446.394363030808,5607.475639983006,1838.918723047802,2283.3543512872957,1860.1223291139343,1200.0
Q2,B1,2025-04-18,1200.0,2200.236161627012,306.07556325423764,1894.160598372774,809.7662551082988,142.30429306437765,1200.0
Q2,B1,2025-04-19,1213.505750459329,2392.9826121366655,1247.4786759576928,1145.5039361789727,893.4644307550343,584.9923813644874,1200.0
Q2,B1,2025-04-20,1200.0,5038.975467370299,3414.8005409139532,1624.174926456346,1852.5324568726228,1398.5667451750933,1200.0
Q2,B1,2025-04-21,1200.0,1913.0198413540254,358.847248202389,1554.1725931516364,724.8937180619428,149.3934334192781,1200.0
Q2,B1,2025-04-22,1200.0,9628.233989630142,6339.785979711624,3288.4480099185175,3646.358676998525,2925.1532182708797,1200.0
Q2,B1,2025-04-23,1200.0,5546.886365525259,1443.0713359317401,4103.815029593519,2015.5155473095047,673.0916164856859,1200.0
Q2,B1,2025-04-24,1239.4712731010072,3542.880813511435,1560.0877925892478,1982.7930209221872,1159.7573497006215,352.3720285286,1200.0
Q2,B1,2025-04-25,1200.0,1562.7826068532543,942.8308602966248,619.9517465566295,599.4024309325378,310.88842943319355,1200.0
Q2,B1,2025-04-26,1200.0,9260.440936842659,3092.382983116212,6168.057953726447,2742.633621558538,817.3381986209191,1200.0
Q2,B1,2025-04-27,1200.0,13613.51531730585,10190.071056979259,3423.4442603265907,3318.0768051116984,2835.8389824166384,1200.0
Q2,B1,2025-04-28,1200.0,27098.406755809374,21263.820048458198,5834.586707351176,9177.632043688785,8777.380769370957,1200.0
Q2,B1,2025-04-29,1200.0,5785.195859266529,4931.71002347512,853.485835791409,1392.942820078779,1163.342000760426,1200.0
Q2,B1,2025-04-30,1200.0,6768.849750802533,796.1403532405043,5972.709397562028,2669.5363591038,155.5878356111561,1200.0
Q2,B1,2025-05-01,1200.0,25383.778142817326,21960.714500035858,3423.063642781468,5737.724845669212,5743.448648788502,1200.0
Q2,B1,2025-05-02,1200.0,29650.500446948667,16055.749455427092,13594.750991521574,7462.025849605893,4167.653485920631,1200.0
Q2,B1,2025-05-03,1200.0,19835.245194457133,13012.935876945905,6822.309317511228,4757.279258594544,3125.5803120946516,1200.0
Q2,B1,2025-05-04,1200.0,18449.62159817959,14358.497396890603,4091.124201288987,4870.0712199648815,3189.2901357327532,1200.0
Q2,B1,2025-05-05,1200.0,21409.61065429017,19068.981320518546,2340.6293337716234,6005.09063940076,5284.1573513233125,1200.0
Q2,B1,2025-05-06,1200.0,18774.385045945815,15424.14745381434,3350.237592131476,5000.520467046202,3899.0247187415275,1200.0
Q2,B1,2025-05-07,1200.0,22582.958976438353,20940.909742787866,1642.0492336504867,5708.83688734676,5286.018795989248,1200.0
Q2,B1,2025-05-08,1200.0,13729.201937496022,8430.066257047052,5299.13568044897,4670.701971916635,3329.7158575611725,1200.0
Q2,B1,2025-05-09,1200.0,2116.3691014626884,630.3321567784737,1486.0369446842146,694.1129610253325,251.6694875347624,1200.0
Q2,B1,2025-05-10,1200.0,8596.94321159797,382.25855488389544,8214.684656714075,2640.303562793165,183.11568682252602,1200.0
Q2,B1,2025-05-11,1200.0,11000.414133643224,7550.584952927064,3449.8291807161604,3632.912814292977,2606.2736931195977,1200.0
Q2,B1,2025-05-12,1200.0,3532.1185058542565,1035.5098750604848,2496.6086307937717,1062.3808327809857,229.85978168415375,1200.0
Q2,B1,2025-05-13,1200.0,2627.748819056498,882.0877876006858,1745.6610314558125,779.5182067257745,135.9492068992267,1200.0
Q2,B1,2025-05-14,1200.0,2328.0938787729337,0.0,2328.0938787729337,764.693464762627,0.0,1200.0
Q2,B1,2025-05-15,1329.2823325177906,5705.704336782858,2341.224511693693,3364.4798250891654,1537.6379310794152,618.037664079468,1200.0
Q2,B1,2025-05-16,1414.9402783842124,1645.9651361910283,717.5430315420003,928.4221046490279,723.6184980935344,338.8514145423839,1200.0
Q2,B1,2025-05-17,1200.0,11591.028115078352,3434.0546752810706,8156.973439797282,3366.3973557436757,760.5243525435914,1200.0
Q2,B1,2025-05-18,1200.0,6889.031981609521,3669.3232158779247,3219.708765731596,3003.0989815788316,1699.2647247175616,1200.0
Q2,B1,2025-05-19,1231.6307011477925,3013.1272080459094,1321.7674691643274,1691.359738881582,704.5026733777632,207.7126424971268,1200.0
Q2,B1,2025-05-20,1200.0,12394.598386187392,7737.966184200539,4656.632201986853,4052.166428203387,3015.409157551172,1200.0
Q2,B1,2025-05-21,1200.0,5527.923192454019,3324.570215784707,2203.352976669312,1645.86525873549,875.3719881092051,1200.0
Q2,B1,2025-05-22,1200.0,7546.435462185905,5330.739192152721,2215.6962700331833,2211.0764634248503,1312.111616185909,1200.0
Q2,B1,2025-05-23,1200.0,6767.006536360535,1587.5408581454421,5179.465678215093,2003.2280369370364,493.87965000380865,1200.0
Q2,B1,2025-05-24,1200.0,1578.5646846476761,369.5564085438582,1209.008276103818,618.6979524871613,172.28626492428512,1200.0
Q2,B1,2025-05-25,1278.0984400142172,4450.172982045965,3318.8982517741597,1131.2747302718053,1043.1868742296379,648.8425451826963,1200.0
Q2,B1,2025-05-26,1200.0,13809.353389139998,10225.307435347113,3584.0459537928855,5504.250906808975,4606.606611719735,1200.0
Q2,B1,2025-05-27,1220.0041709463464,1502.6890489900686,0.0,1502.6890489900686,550.0268270253116,0.0,1200.0
Q2,B1,2025-05-28,1200.0,13051.378919810648,6120.317010512426,6931.0619092982215,5230.888227955106,2555.5713853782217,1200.0
Q2,B1,2025-05-29,1200.0,16188.599535330599,13727.889982930294,2460.7095524003053,5576.068354609213,4824.392857413912,1200.0
Q2,B1,2025-05-30,1200.0,8491.315958607427,1798.3231233465685,6692.992835260859,2278.451294362547,417.8677697109449,1200.0
Q2,B1,2025-05-31,1279.38568111453,10177.70641198757,2017.8140269517016,8159.892385035869,3039.407150123016,750.7650220115482,1200.0
Q2,B1,2025-06-01,1200.0,67238.5638676829,63845.069987189854,3393.4938804930425,20464.271428586602,20378.558130561083,1200.0
Q2,B1,2025-06-02,1200.0,56093.94598894611,53235.26724892023,2858.6787400258763,15961.207542697986,15803.399436504467,1200.0
Q2,B1,2025-06-03,1200.0,48033.745539179385,45920.13070517898,2113.6148340004074,13813.140337559356,13730.791037377167,1200.0
Q2,B1,2025-06-04,1200.0,44509.66500466225,42940.14542785634,1569.519576805913,13132.420323834529,13106.879438223914,1200.0
Q2,B1,2025-06-05,1200.0,44191.43508782395,43677.0417226945,514.3933651294501,13354.611306687202,13317.81518379728,1200.0
Q2,B1,2025-06-06,1200.0,48593.385195282695,30868.594061670272,17724.791133612423,13128.685825872406,7973.272256192118,1200.0
Q2,B1,2025-06-07,1200.0,33269.97689139589,22005.451541191112,11264.525350204778,9168.887045304322,5711.501054507658,1200.0
Q2,B1,2025-06-08,1200.0,1690.429118199387,111.18631447435969,1579.2428037250272,485.8894158373735,16.502091016912345,1200.0
Q2,B1,2025-06-09,1391.923513185465,5856.7051425073405,1647.8816615368905,4208.82348097045,1576.2225744343214,319.6163703472185,1200.0
Q2,B1,2025-06-10,1299.6338296233364,2355.582448340884,329.5246002170875,2026.0578481237967,824.3486978994641,48.87823201410413,1200.0
Q2,B1,2025-06-11,1401.923358399364,19556.815008929418,15911.014636448712,3645.800372480706,4613.860278205691,4075.191751641413,1200.0
Q2,B1,2025-06-12,1435.355939915998,4975.259819816523,772.3063655230012,4202.953454293522,1419.0162355782306,225.51864371682052,1200.0
Q2,B1,2025-06-13,1587.986471848687,1817.3756885593957,0.0,1817.3756885593957,672.5778553904295,0.0,1200.0
Q2,B1,2025-06-14,1542.0608798575936,2676.858120696308,0.0,2676.858120696308,1193.8158925147256,0.0,1200.0
Q2,B1,2025-06-15,1373.6964427854032,1913.6182261192907,422.2938218321802,1491.3244042871106,560.5601567613892,62.28113405371744,1200.0
Q2,B1,2025-06-16,1596.7502342192768,3994.3508029273926,146.40311619954122,3847.9476867278513,1224.6536456760964,21.70708933241133,1200.0
Q2,B1,2025-06-17,1564.7681882822858,9710.218148189324,6756.389477327774,2953.8286708615497,2376.3892096689183,1557.480536583844,1200.0
Q2,B1,2025-06-18,1315.549702206753,3307.069412009596,363.23382360747746,2943.8355884021184,939.8774226903415,53.870976868649564,1200.0
Q2,B1,2025-06-19,1516.0244569542322,3279.946457249518,914.1178999404472,2365.8285573090707,908.6653888406826,135.7574901425436,1200.0
Q2,B1,2025-06-20,1200.0,751.9823930949128,0.0,751.9823930949128,266.1216501624457,0.0,1200.0
Q2,B1,2025-06-21,1722.342865600751,976.1405556046661,182.04579353992213,794.094762064744,442.60885413119115,85.16384814452691,1200.0
Q2,B1,2025-06-22,1682.519877176131,6017.592382995391,786.8735891291274,5230.718793866264,1758.1838798203821,116.20709349854565,1200.0
Q2,B1,2025-06-23,1200.0,4091.769821988426,110.90667306350339,3980.8631489249224,1137.3712886471744,16.305640830277184,1200.0
Q2,B1,2025-06-24,1369.9442897454207,33700.323531426264,27895.323707548527,5804.999823877737,9513.958140536195,8573.223785705823,1200.0
Q2,B1,2025-06-25,1522.037147887724,8658.83256204312,3652.3218613486447,5006.510700694476,2953.3802283276577,1372.3326319327364,1200.0
Q2,B1,2025-06-26,1336.5510495647038,5728.655149789461,1958.3893415407902,3770.2658082486705,1661.9910338872671,434.5948656752289,1200.0
Q2,B1,2025-06-27,1200.0,858.7704817930116,0.0,858.7704817930116,374.2831165088122,0.0,1200.0
Q2,B1,2025-06-28,1301.5312623086982,2574.409957564987,0.0,2574.409957564987,795.3245257687171,0.0,1200.0
Q2,B1,2025-06-29,1226.365568556518,8159.9636363521,3116.5662188972447,5043.397417454856,2687.4111187981825,1140.384175639862,1200.0
Q2,B1,2025-06-30,1225.5452851313376,5629.489612285634,658.513539546064,4970.976072739571,1610.5083272762467,97.73501349182436,1200.0
Q2,B1,2025-07-01,1270.4837152581647,28734.79437134579,28569.584799465465,165.2095718803248,8288.371155916448,8213.672854993398,1200.0
Q2,B1,2025-07-02,1200.0,28111.019058357655,23847.06569325366,4263.9533651039965,7963.671161657678,6015.082631886709,1200.0
Q2,B1,2025-07-03,1200.0,49834.24208767486,49093.26096178113,740.9811258937261,14509.762114703935,14444.879950512586,1200.0
Q2,B1,2025-07-04,1200.0,33145.30041403553,30033.510672237637,3111.7897417978966,9260.059624299402,8878.09439560123,1200.0
Q2,B1,2025-07-05,1200.0,38488.7168680722,32979.24440900519,5509.472459067016,10375.129658681839,9327.012016017303,1200.0
Q2,B1,2025-07-06,1200.0,63550.69664509701,62033.677270552886,1517.019374544121,18604.99193451137,18455.16868593226,1200.0
Q2,B1,2025-07-07,1200.0,26463.1495388139,25529.39839068664,933.7511481272595,7862.354534883313,7560.9476297068995,1200.0
Q2,B1,2025-07-08,1200.0,3186.9515078920863,325.75577574357965,2861.1957321485065,932.2064094404818,48.26046318214537,1200.0
Q2,B1,2025-07-09,1628.926429191603,2319.216885859453,340.6900569295182,1978.526828929935,704.7493910705678,50.52233180738472,1200.0
Q2,B1,2025-07-10,1797.3123523535132,2484.2595434584846,697.8837301311349,1786.3758133273495,767.863086417633,103.5252079435187,1200.0
Q2,B1,2025-07-11,1200.0,3943.91090369849,0.0,3943.91090369849,1622.2807424446376,0.0,1200.0
Q2,B1,2025-07-12,1959.76164522527,1324.5275184423642,0.0,1324.5275184423642,415.041469387475,0.0,1200.0
Q2,B1,2025-07-13,1378.1333218283175,2370.9225204200484,961.0864169687034,1409.836103451345,474.26361008403677,142.73063399821456,1200.0
Q2,B1,2025-07-14,1560.9764192281652,1140.9190009156305,103.8510382700648,1037.0679626455658,209.85210401703532,15.424185098776888,1200.0
Q2,B1,2025-07-15,1548.4091333960478,4144.756679643713,57.0210388991381,4087.735640744575,1611.4575049114105,8.482118095818237,1200.0
Q2,B1,2025-07-16,1842.003003147457,2983.1642038699997,441.2667799215751,2541.8974239484246,854.2673978545658,65.38979508076534,1200.0
Q2,B1,2025-07-17,1338.022004532008,6065.421776171381,1689.9181986940162,4375.503577477364,1800.1724336984362,435.33879576454746,1200.0
Q2,B1,2025-07-18,1292.438078086213,3366.7464920063667,0.0,3366.7464920063667,1259.711875901084,0.0,1200.0
Q2,B1,2025-07-19,1734.368827407151,2413.704350384979,0.0,2413.704350384979,740.5272145488568,0.0,1200.0
Q2,B1,2025-07-20,1325.1248110526724,4748.56844891707,697.7285415978931,4050.8399073191767,1747.1298925745275,265.9627539525392,1200.0
Q2,B1,2025-07-21,1318.9536758783147,1912.4001205054576,15.717386779979476,1896.682733725478,668.2219329570219,2.253065765478709,1200.0
Q2,B1,2025-07-22,1830.9621269282693,4168.4234719664455,437.1769769133904,3731.2464950530552,1252.0485412377266,64.80210493683308,1200.0
Q2,B1,2025-07-23,1392.6901032367798,3481.357051140903,401.9314865647418,3079.4255645761614,1099.8071735316921,59.42397964886618,1200.0
Q2,B1,2025-07-24,1373.90251795957,9682.629781852645,3651.207119840389,6031.422662012256,2797.763250537762,1000.1649385236728,1200.0
Q2,B1,2025-07-25,1373.698885683128,881.7414788651968,0.0,881.7414788651968,327.5113933268067,0.0,1200.0
Q2,B1,2025-07-26,1546.331590710728,1918.3135429446306,0.0,1918.3135429446306,851.7464411628472,0.0,1200.0
Q2,B1,2025-07-27,1368.3261734970768,11266.182384234493,6833.021081379579,4433.161302854914,3627.1453148144715,2461.9065155147,1200.0
Q2,B1,2025-07-28,1327.6137569215257,12979.392727262404,8867.326704092511,4112.066023169893,4034.3112032833847,3111.450241667818,1200.0
Q2,B1,2025-07-29,1507.6930619128814,4298.000385372035,498.93397355968705,3799.0664118123486,1504.522189759652,73.72002635464571,1200.0
Q2,B1,2025-07-30,1565.94550678119,3882.442579376428,149.42950971875598,3733.013069657672,1173.9186332932654,68.78081296825901,1200.0
Q2,B1,2025-07-31,1587.2920295058082,9326.56807247094,5839.696682515884,3486.8713899550557,2571.2042791610957,1413.9046635715192,1200.0
Q2,B1,2025-08-01,1200.0,1054.7734531348044,0.0,1054.7734531348044,459.96141796715625,0.0,1200.0
Q2,B1,2025-08-02,1460.6176694851877,1068.056946841394,0.0,1068.056946841394,304.2691816663619,0.0,1200.0
Q2,B1,2025-08-03,1270.047743706145,5281.500011895272,4221.90283996005,1059.597171935222,1236.0347593167708,861.3360752981043,1200.0
Q2,B1,2025-08-04,1200.0,2289.191955716311,279.5168368702025,2009.6751188461085,583.1233568257915,41.5058843025173,1200.0
Q2,B1,2025-08-05,1492.0205638363143,1827.0294817969132,105.88906160143708,1721.140420195476,677.4184546109914,15.708102271869507,1200.0
Q2,B1,2025-08-06,1478.838253467164,11891.147651978034,6050.248996612023,5840.898655366011,3379.8174446911767,1740.5961718394688,1200.0
Q2,B1,2025-08-07,1200.0,3129.7823562232525,588.1387438793267,2541.6436123439257,1259.082750120654,175.45633352316815,1200.0
Q2,B1,2025-08-08,1200.0,1451.71980417321,0.0,1451.71980417321,356.1419231952558,0.0,1200.0
Q2,B1,2025-08-09,1372.419833768275,4951.916293170915,732.8718944243863,4219.044398746529,1592.8925687746,301.12041083580715,1200.0
Q2,B1,2025-08-10,1200.0,10810.708595419519,6375.929127590582,4434.779467828937,3407.2258722588413,2476.741364975457,1200.0
Q2,B1,2025-08-11,1319.5027311816991,1653.8059879654675,760.2828419760167,893.5231459894508,434.7991399409732,112.79635367824756,1200.0
Q2,B1,2025-08-12,1239.0365449473445,12236.018022840088,8966.520837039834,3269.4971858002536,3736.980052202646,2841.9669786442205,1200.0
Q2,B1,2025-08-13,1287.493092526992,8039.90129347468,4107.870196557968,3932.031096916712,2909.5383769980413,1528.4263474902111,1200.0
Q2,B1,2025-08-14,1350.5951439345945,14048.699100095982,10746.943256351198,3301.755843744784,4360.006228088448,3256.9347339090477,1200.0
Q2,B1,2025-08-15,1200.0,2605.9839202096764,638.4854500710048,1967.4984701386716,911.4592717078993,295.6089820395375,1200.0
Q2,B1,2025-08-16,1200.0,4969.040775482825,1606.4421574849384,3362.5986179978863,1482.6545122623752,384.8719041762824,1200.0
Q2,B1,2025-08-17,1200.0,9569.535671610563,5331.6847136349825,4237.850957975581,2512.474415711341,1377.596718252135,1200.0
Q2,B1,2025-08-18,1200.0,5529.4710654333285,1004.3666461114642,4525.104419321864,1441.9183553912312,147.70106701183317,1200.0
Q2,B1,2025-08-19,1542.2054767273248,4097.947515576594,765.6360583557118,3332.3114572208824,1237.656378741001,113.46381177225226,1200.0
Q2,B1,2025-08-20,1412.0034694189285,24284.95134749155,16922.065819316664,7362.885528174887,7700.191889726489,6509.194229739839,1200.0
Q2,B1,2025-08-21,1200.0,8768.686436462147,2540.6537102964826,6228.032726165664,2661.6680807686344,976.2393681062697,1200.0
Q2,B1,2025-08-22,1200.0,6899.825707520653,1782.127532586314,5117.6981749343395,2030.126060940669,455.0669120829499,1200.0
Q2,B1,2025-08-23,1200.0,2128.9216647117837,282.8203291662113,1846.1013355455725,692.1857709661208,71.93405789284262,1200.0
Q2,B1,2025-08-24,1200.0,8256.727253013112,6135.875064453519,2120.852188559593,2077.011526874758,1471.404279089778,1200.0
Q2,B1,2025-08-25,1200.0,15328.075018037907,11307.910418643552,4020.164599394355,5002.402045277315,4097.503846161385,1200.0
Q2,B1,2025-08-26,1577.334140636434,3072.550443452055,183.33523296569032,2889.2152104863644,700.744990921674,26.280853349439553,1200.0
Q2,B1,2025-08-27,1643.717369262035,8309.137119113975,4327.216873602147,3981.9202455118284,3001.564836277191,1584.0789169306408,1200.0
Q2,B1,2025-08-28,1372.9540077116612,18426.576411592767,13598.42336127496,4828.153050317807,6730.403093117044,5279.229729933148,1200.0
Q2,B1,2025-08-29,1200.0,2082.314013487476,0.0,2082.314013487476,560.9405776358419,0.0,1200.0
Q2,B1,2025-08-30,1705.061444426575,2799.7795182661976,0.0,2799.7795182661976,865.0115083115074,0.0,1200.0
Q2,B1,2025-08-31,1200.0,8180.8323982173515,6001.26443022648,2179.5679679908717,2852.3545236791874,2062.9124971719034,1200.0
Q2,B1,2025-09-01,1200.0,43.059286505150524,0.0,43.059286505150524,20.484320183737054,0.0,1200.0
Q2,B1,2025-09-02,3046.901373302096,210.14636570100123,0.0,210.14636570100123,78.76080477394203,0.0,1200.0
Q2,B1,2025-09-03,2619.538519080166,492.7231015978269,0.0,492.7231015978269,132.19663067333988,0.0,1200.0
Q2,B1,2025-09-04,2775.042887890512,450.03994937883533,0.0,450.03994937883533,118.88861700353812,0.0,1200.0
Q2,B1,2025-09-05,2401.362510947936,589.9214923807881,0.0,589.9214923807881,253.17088129056236,0.0,1200.0
Q2,B1,2025-09-06,2728.99990919054,1560.9881471998701,0.0,1560.9881471998701,433.0653687495215,0.0,1200.0
Q2,B1,2025-09-07,2809.1897030183327,2867.658879835014,0.0,2867.658879835014,1258.2579121852355,0.0,1200.0
Q2,B1,2025-09-08,2157.5177548348274,30542.56584861679,28040.662834455477,2501.903014161311,8961.652844065095,8874.11103953146,1200.0
Q2,B1,2025-09-09,1200.0,13867.695652235121,11077.093477401539,2790.6021748335825,3564.168945418302,2460.4186542886246,1200.0
Q2,B1,2025-09-10,1200.0,36793.259405017976,29168.168001178157,7625.091403839819,10410.542132138176,10600.678932256635,1200.0
Q2,B1,2025-09-11,1200.0,14648.999723048595,13928.192812079424,720.8069109691714,3895.849669981164,3616.5075072775658,1200.0
Q2,B1,2025-09-12,1200.0,10727.961929642119,9214.53533095515,1513.4265986869686,3155.2628279934434,3082.772454486573,1200.0
Q2,B1,2025-09-13,1200.0,12931.522446692336,11424.917505035712,1506.6049416566239,3391.715581161614,3255.878636309105,1200.0
Q2,B1,2025-09-14,1200.0,32939.52667450423,29118.13227068538,3821.394403818853,9719.842659986387,9768.740761158766,1200.0
Q2,B1,2025-09-15,1200.0,10512.246652076326,7601.290771366115,2910.955880710211,2738.3608705923216,1916.4213332174227,1200.0
Q2,B1,2025-09-16,1200.0,15933.022631568383,13367.477168534335,2565.545463034048,5190.418989276085,4365.379507061811,1200.0
Q2,B1,2025-09-17,1200.0,18571.606608863913,16115.711538850126,2455.8950700137866,5609.0524395711645,5387.470143706078,1200.0
Q2,B1,2025-09-18,1200.0,21143.009314786148,19016.95731532281,2126.0519994633396,5773.967100843614,5722.4351514792015,1200.0
Q2,B1,2025-09-19,1200.0,9517.851222238176,5858.805513530366,3659.0457087078103,2713.9652206202522,1760.3583405633422,1200.0
Q2,B1,2025-09-20,1200.0,17039.01095850666,10982.13799976129,6056.872958745371,4510.243337482915,3119.9934177095397,1200.0
Q2,B1,2025-09-21,1200.0,14438.357330044098,10685.108719689264,3753.2486103548345,4058.6475686295616,2592.260278509525,1200.0
Q2,B1,2025-09-22,1200.0,11332.479405639197,8094.746403811459,3237.733001827738,3282.7985936553528,2066.5712249718254,1200.0
Q2,B1,2025-09-23,1200.0,13522.556892101427,12188.99414749028,1333.5627446111466,3708.003645090826,3314.3942223773406,1200.0
Q2,B1,2025-09-24,1200.0,12107.66687433732,9099.153054142696,3008.513820194623,3392.815854092237,2363.504282654381,1200.0
Q2,B1,2025-09-25,1200.0,14554.6445254554,11516.05162936283,3038.5928960925703,4207.563092321962,3240.1510234754405,1200.0
Q2,B1,2025-09-26,1200.0,5189.862623111199,1422.7945049728044,3767.068118138395,1759.0385924492912,509.082848814148,1200.0
Q2,B1,2025-09-27,1200.0,21013.025185169845,11364.7346327772,9648.290552392646,5910.719864189718,3313.1265126556727,1200.0
Q2,B1,2025-09-28,1200.0,21057.59404868335,18054.641729844283,3002.9523188390667,6130.757609555363,5820.7706433917865,1200.0
Q2,B1,2025-09-29,1200.0,7982.626375761567,5503.539211153697,2479.0871646078704,2160.821011671246,1352.3965010761099,1200.0
Q2,B1,2025-09-30,1200.0,14908.955787550216,12381.07406207762,2527.8817254725964,4370.701243068159,3794.4714620655054,1200.0
Q2,B1,2025-10-01,1200.0,598.3108967387864,0.0,598.3108967387864,266.81488665322587,0.0,1200.0
Q2,B1,2025-10-02,1908.0106915203444,1809.9756226108962,611.8376199977432,1198.1380026131528,776.7954440487168,281.9175713914807,1200.0
Q2,B1,2025-10-03,1782.3398933335047,1106.032379884287,263.78665093817006,842.2457289461169,504.13894065898234,123.11277426202949,1200.0
Q2,B1,2025-10-04,2095.1154488874577,3489.413143910605,1447.3765014234775,2042.0366424871274,1130.1890580275156,669.7579069231581,1200.0
Q2,B1,2025-10-05,2215.8388315549123,2691.1893154325617,1733.480419357461,957.7088960751007,1069.7939425504253,765.5852342780373,1200.0
Q2,B1,2025-10-06,1635.116994591837,3794.8886654728176,0.0,3794.8886654728176,1499.085237501559,0.0,1200.0
Q2,B1,2025-10-07,1789.1560055958837,7753.348638902401,2808.1849543492103,4945.16368455319,2444.615606657511,709.3007607028487,1200.0
Q2,B1,2025-10-08,1980.9722413628729,14693.910074498797,12711.958352839361,1981.9517216594359,4169.5117922427235,3543.9856857571617,1200.0
Q2,B1,2025-10-09,1200.0,16659.952881103894,15037.485333927432,1622.4675471764622,4125.035060822553,3651.0843420391193,1200.0
Q2,B1,2025-10-10,1200.0,7456.850090939125,6546.454172240891,910.3959186982338,2276.4317805515293,2077.924586590847,1200.0
Q2,B1,2025-10-11,1200.0,8610.04217405097,6322.349956303584,2287.692217747386,2320.492610284912,1660.213801266512,1200.0
Q2,B1,2025-10-12,1200.0,19772.610687205593,16921.031755415337,2851.5789317902563,5576.9423382198465,5195.148608946113,1200.0
Q2,B1,2025-10-13,1200.0,5861.784779444845,3653.7422920588488,2208.0424873859965,1548.054680073867,753.1924724279552,1200.0
Q2,B1,2025-10-14,1200.0,18134.367530917265,16157.457372624367,1976.910158292898,4770.943140512505,4583.5277476397205,1200.0
Q2,B1,2025-10-15,1200.0,20909.125708473995,18157.423705216745,2751.702003257251,6196.170637173416,6011.3420757740705,1200.0
Q2,B1,2025-10-16,1200.0,27041.511186424523,24744.289028660023,2297.2221577644996,7377.466241602047,7285.596761934627,1200.0
Q2,B1,2025-10-17,1200.0,4887.686226686263,2045.238327993877,2842.447898692386,1512.7786066109118,549.0047771557931,1200.0
Q2,B1,2025-10-18,1200.0,7534.095127033044,3828.6326999036196,3705.4624271294247,2492.0825793487284,1277.455543818229,1200.0
Q2,B1,2025-10-19,1200.0,22801.290999769164,21597.162086180597,1204.1289135885672,6019.139554143002,5928.226220763699,1200.0
Q2,B1,2025-10-20,1200.0,12206.054429700387,10019.355233648588,2186.699196051799,3242.461325130208,2851.0732513233024,1200.0
Q2,B1,2025-10-21,1200.0,13658.717465846797,11728.123526310415,1930.593939536382,4247.88685339493,3797.0503573090086,1200.0
Q2,B1,2025-10-22,1200.0,18396.52670916891,14432.055397752943,3964.471311415966,4554.686362297492,3565.996950815405,1200.0
Q2,B1,2025-10-23,1200.0,10850.504073884986,8152.632694781207,2697.871379103779,2894.1262806365435,2141.5129900597403,1200.0
Q2,B1,2025-10-24,1200.0,6178.470610214805,4677.500519316192,1500.9700908986124,1719.7834338136076,1362.4416576384651,1200.0
Q2,B1,2025-10-25,1200.0,7858.6057390529695,5255.266120362635,2603.3396186903346,2199.290029665167,1276.1825760632314,1200.0
Q2,B1,2025-10-26,1200.0,7624.942708043367,6557.262664363606,1067.6800436797612,2312.370886749085,1980.450981066834,1200.0
Q2,B1,2025-10-27,1200.0,6901.060522235989,5644.601445758129,1256.4590764778604,1912.3798192841903,1435.8452396600273,1200.0
Q2,B1,2025-10-28,1200.0,9619.11825690922,7415.595388353047,2203.5228685561724,2563.0237966779346,2009.159188228205,1200.0
Q2,B1,2025-10-29,1200.0,21885.181307208593,19698.44719245895,2186.7341147496445,6186.314518161689,6008.402923966643,1200.0
Q2,B1,2025-10-30,1200.0,10453.30755844383,9302.83235919207,1150.4751992517595,2742.0479062401573,2300.674575821091,1200.0
Q2,B1,2025-10-31,1200.0,6469.286278431879,1806.8682127835918,4662.418065648287,2221.5577656663713,518.3827868425411,1200.0
Q2,B1,2025-11-01,1200.0,6801.298541233806,3302.6932972158784,3498.6052440179274,2240.9038693245775,1142.6325714649356,1200.0
Q2,B1,2025-11-02,1200.0,16419.04382487035,15093.959303031414,1325.0845218389368,4091.289362192234,4059.9796451546013,1200.0
Q2,B1,2025-11-03,1200.0,4820.32273122287,1736.6356792631973,3083.6870519596728,1776.471933642169,675.7766923153988,1200.0
Q2,B1,2025-11-04,1200.0,4763.748166525448,3452.682209408524,1311.065957116924,1117.6228616999617,637.7452708181567,1200.0
Q2,B1,2025-11-05,1200.0,6144.6560463079895,3594.704940439583,2549.9511058684066,1747.1413989444382,968.1429848240808,1200.0
Q2,B1,2025-11-06,1200.0,19177.1816302054,16685.055153289795,2492.126476915604,4961.171970142687,4616.514688669653,1200.0
Q2,B1,2025-11-07,1200.0,4531.963083745541,2815.813281959445,1716.1498017860958,1267.561137978325,1050.0070726869276,1200.0
Q2,B1,2025-11-08,1200.0,3171.718698681932,1903.7422491701109,1267.976449511821,949.9574555293832,434.10981973109267,1200.0
Q2,B1,2025-11-09,1200.0,10845.286390039342,8910.414966090528,1934.8714239488145,3320.8257779947926,2650.8364224590905,1200.0
Q2,B1,2025-11-10,1200.0,13476.796908016713,12107.55683536883,1369.2400726478827,3685.504247123623,3271.2052703309764,1200.0
Q2,B1,2025-11-11,1200.0,5483.547798712141,3981.6683652833894,1501.8794334287518,1503.6437627020978,1074.6463247961724,1200.0
Q2,B1,2025-11-12,1200.0,5058.069990753615,3284.4091979928808,1773.6607927607338,1167.3048164729798,716.7406035386357,1200.0
Q2,B1,2025-11-13,1200.0,12320.990833508537,7649.966073825456,4671.02475968308,3492.2258596650863,1994.2203010787603,1200.0
Q2,B1,2025-11-14,1200.0,5323.12308686908,1329.8060089501719,3993.317077918908,1770.5248323406033,336.15234465417495,1200.0
Q2,B1,2025-11-15,1200.0,5050.425068649909,3076.9884838069765,1973.4365848429325,1508.7022028637853,1034.7375689798657,1200.0
Q2,B1,2025-11-16,1200.0,9851.332088518671,8569.981637605806,1281.3504509128652,2758.840142471141,2382.8501084296045,1200.0
Q2,B1,2025-11-17,1200.0,1854.3115682505359,106.8297842336064,1747.4817840169294,685.9348207000057,53.76410088825803,1200.0
Q2,B1,2025-11-18,1200.0,8986.320854362697,5656.2115513490835,3330.1093030136135,2939.447695553892,1787.6354142984742,1200.0
Q2,B1,2025-11-19,1200.0,9912.775319648796,8765.436572633796,1147.3387470149992,2703.321586664799,2331.390999798483,1200.0
Q2,B1,2025-11-20,1200.0,8278.537870994263,5922.041406406306,2356.4964645879572,2432.582692398789,1489.6011861825864,1200.0
Q2,B1,2025-11-21,1200.0,3046.796628168864,1508.58284418811,1538.2137839807542,1244.2393579227069,699.2997238221021,1200.0
Q2,B1,2025-11-22,1200.0,4025.2245295266866,3171.2891328341957,853.9353966924909,1232.048450452215,1039.006670408604,1200.0
Q2,B1,2025-11-23,1200.0,6092.947710143711,4533.612569699517,1559.3351404441946,1669.6357496343524,1181.463972751676,1200.0
Q2,B1,2025-11-24,1200.0,6981.708840516462,4626.452309710538,2355.256530805924,1844.8066192454364,1105.495649231309,1200.0
Q2,B1,2025-11-25,1200.0,6381.535400011716,4722.3139217012285,1659.2214783104873,1862.8188079162442,1419.4952408850495,1200.0
Q2,B1,2025-11-26,1200.0,7479.072044937043,5460.817515724766,2018.2545292122768,2221.4431153615214,1573.2674008971935,1200.0
Q2,B1,2025-11-27,1200.0,6970.072099952781,4636.259943986858,2333.812155965923,1867.7049442733137,1136.6028590713993,1200.0
Q2,B1,2025-11-28,1200.0,4479.911679680959,1704.5993004140184,2775.312379266941,1313.2033802474982,414.3976701837718,1200.0
Q2,B1,2025-11-29,1200.0,11838.274521879592,6299.959334687273,5538.315187192318,4288.492901712075,2800.0795839276752,1200.0
Q2,B1,2025-11-30,1200.0,12705.048179315203,10721.12721867356,1983.9209606416425,3644.191945310271,3105.787103038422,1200.0
Q2,B1,2025-12-01,1200.0,27267.59043812196,26061.542712152306,1206.0477259696527,7513.741261605947,7242.431831008749,1200.0
Q2,B1,2025-12-02,1200.0,35643.98882921101,35036.32294224685,607.6658869641615,9623.942696630005,9511.298286593337,1200.0
Q2,B1,2025-12-03,1200.0,23530.229561712003,22497.65296238089,1032.5765993311143,7176.0100542057335,6918.957958954043,1200.0
Q2,B1,2025-12-04,1200.0,27905.46755289386,26782.360453975656,1123.1070989182044,7601.958024640088,7387.0114400534385,1200.0
Q2,B1,2025-12-05,1200.0,15996.840484681283,13359.725062040034,2637.115422641249,6014.975065467062,5778.891975161492,1200.0
Q2,B1,2025-12-06,1200.0,22086.97865730458,20763.503894648427,1323.4747626561511,8243.847254834229,8144.107117568508,1200.0
Q2,B1,2025-12-07,1200.0,21350.98155156007,20787.852077402087,563.1294741579841,6083.373667160964,5907.266442449526,1200.0
Q2,B1,2025-12-08,1200.0,2420.424498179733,199.9230345009896,2220.501463678743,677.5441230988469,32.704569687713004,1200.0
Q2,B1,2025-12-09,1200.0,1806.698022503215,853.8739959745873,952.8240265286278,495.0770239125142,156.8937636603947,1200.0
Q2,B1,2025-12-10,1200.0,4497.882412416286,1030.0554219149883,3467.8269905012976,1220.37623193335,274.6643926452429,1200.0
Q2,B1,2025-12-11,1200.0,1545.1313314933077,274.3569057886717,1270.774425704636,485.2364161366256,129.62608485222512,1200.0
Q2,B1,2025-12-12,1200.0,2663.9927518854906,17.75599381369321,2646.2367580717973,1141.2048525151574,9.202380831144445,1200.0
Q2,B1,2025-12-13,1200.0,1603.347946242035,0.0,1603.347946242035,553.911085554168,0.0,1200.0
Q2,B1,2025-12-14,1200.0,2559.0107907977754,830.3222373493861,1728.6885534483893,650.7272459148614,206.34933498345288,1200.0
Q2,B1,2025-12-15,1200.0,2238.7936030278383,128.53801553980267,2110.255587488036,735.0620191547182,26.366126307854913,1200.0
Q2,B1,2025-12-16,1200.0,1612.888293282267,23.384955857533082,1589.5033374247341,526.2225586045593,5.853555909269858,1200.0
Q2,B1,2025-12-17,1200.0,2365.170079877574,567.1273691571374,1798.0427107204368,683.6914795233406,105.08636982716058,1200.0
Q2,B1,2025-12-18,1200.0,4242.33048331798,2676.425778965118,1565.9047043528622,1338.7003945013084,811.9521405646761,1200.0
Q2,B1,2025-12-19,1200.0,1913.8315963756536,486.96750364943887,1426.8640927262147,667.7268057463376,165.00911933812648,1200.0
Q2,B1,2025-12-20,1200.0,1477.6432165197516,684.805466488201,792.8377500315506,552.8403088556943,258.9895263141585,1200.0
Q2,B1,2025-12-21,1200.0,4876.456027843292,1344.9155976268332,3531.540430216459,1517.8809080826418,216.55930036348522,1200.0
Q2,B1,2025-12-22,1200.0,3240.981630312888,1850.7178348848124,1390.2637954280754,908.286709591506,357.08819576180707,1200.0
Q2,B1,2025-12-23,1200.0,1023.0432636878002,0.0,1023.0432636878002,302.25681422418097,0.0,1200.0
Q2,B1,2025-12-24,1200.0,4270.018438884034,1652.613770073654,2617.4046688103804,976.6417220388354,281.0551020251247,1200.0
Q2,B1,2025-12-25,1200.0,5959.303996054119,2386.922944247606,3572.381051806513,1662.7408512924803,407.46588736974496,1200.0
Q2,B1,2025-12-26,1200.0,1756.4116961158602,0.0,1756.4116961158602,658.0251399263632,0.0,1200.0
Q2,B1,2025-12-27,1539.7117319852634,1836.4513030625285,501.2632179105361,1335.1880851519923,630.7006830590044,101.29821060438373,1200.0
Q2,B1,2025-12-28,1200.0,3488.283328881317,1505.4997699669736,1982.7835589143435,1052.9007208665457,306.2853034992319,1200.0
Q2,B1,2025-12-29,1200.0,1658.534657767238,0.0,1658.534657767238,532.1609976531572,0.0,1200.0
Q2,B1,2025-12-30,1200.0,1658.94967774612,446.88854637314154,1212.0611313729785,471.31813730291776,88.0523098987555,1200.0
Q2,B1,2025-12-31,1200.0,5350.4030652597385,3040.09548322931,2310.3075820304284,1528.0858336001681,701.1258800437353,1200.0
Q2,B3,2025-02-01,4910.116222222223,457.9380969988166,0.0,457.9380969988166,109.97068242502804,0.0,1200.0
Q2,B3,2025-02-02,1375.8562421791664,414.3766009280495,0.0,414.3766009280495,107.27294226012876,0.0,1200.0
Q2,B3,2025-02-03,1242.874653099654,1050.6111361229841,0.0,1050.6111361229841,346.8165772468937,0.0,1200.0
Q2,B3,2025-02-04,1200.0,5832.555797131392,0.0,5832.555797131392,1462.2406520632474,0.0,1200.0
Q2,B3,2025-02-05,1279.3582041515235,2055.9708885243826,0.0,2055.9708885243826,496.4929595079862,0.0,1200.0
Q2,B3,2025-02-06,1248.7105900487754,676.692337689792,0.0,676.692337689792,201.97103828167528,0.0,1200.0
Q2,B3,2025-02-07,1278.8145714431273,487.92729384737515,0.0,487.92729384737515,78.05797023693887,0.0,1200.0
Q2,B3,2025-02-08,1222.2716554396277,4417.735455772392,0.0,4417.735455772392,1120.1101296328093,0.0,1200.0
Q2,B3,2025-02-09,1231.4072425818067,9664.760732358405,443.9566489367868,9220.804083421619,2626.3275412975945,204.11732027267826,1200.0
Q2,B3,2025-02-10,1200.0,1287.4303315481484,0.0,1287.4303315481484,479.4969186078239,0.0,1200.0
Q2,B3,2025-02-11,1200.0,2484.581198478162,0.0,2484.581198478162,529.3932811497168,0.0,1200.0
Q2,B3,2025-02-12,1200.0,3979.7434865802998,0.0,3979.7434865802998,962.3042870639177,0.0,1200.0
Q2,B3,2025-02-13,1208.1366934633963,3535.1913016074186,0.0,3535.1913016074186,925.4332095869901,0.0,1200.0
Q2,B3,2025-02-14,1212.9266642142427,3736.60718252677,0.0,3736.60718252677,1409.5600369047165,0.0,1200.0
Q2,B3,2025-02-15,1200.0,5809.10500634049,518.0748900506376,5291.030116289852,2028.8427802668389,224.26686281965374,1200.0
Q2,B3,2025-02-16,1200.0,12558.365673241226,2235.188921890246,10323.17675135098,3122.7712229401836,1050.0459692985924,1200.0
Q2,B3,2025-02-17,1200.0,3085.1394225202757,0.0,3085.1394225202757,807.1468027087103,0.0,1200.0
Q2,B3,2025-02-18,1236.7747229176036,4355.930458337235,0.0,4355.930458337235,1205.9368271313901,0.0,1200.0
Q2,B3,2025-02-19,1200.0,9039.457014672771,849.8632754519697,8189.593739220802,2397.1361772025384,382.4299110161701,1200.0
Q2,B3,2025-02-20,1200.0,5130.448180228721,156.86732146790845,4973.580858760813,1237.957184114155,33.4900344722264,1200.0
Q2,B3,2025-02-21,1200.0,1146.4556827917972,0.0,1146.4556827917972,537.3240896161983,0.0,1200.0
Q2,B3,2025-02-22,1200.0,5808.575440552296,0.0,5808.575440552296,1969.414665435781,0.0,1200.0
Q2,B3,2025-02-23,1200.0,8362.463372845494,0.0,8362.463372845494,2322.7097932441147,0.0,1200.0
Q2,B3,2025-02-24,1200.0,1908.0915365634178,81.34817830028436,1826.7433582631334,410.17781862190543,17.494366108017743,1200.0
Q2,B3,2025-02-25,1207.4590426623763,2502.044681902161,0.0,2502.044681902161,644.3049321764486,0.0,1200.0
Q2,B3,2025-02-26,1200.0,5193.493983407563,1253.2981236406572,3940.195859766906,1508.8225064799376,345.7959953721231,1200.0
Q2,B3,2025-02-27,1232.805228242764,8658.60122961823,2700.9215275883894,5957.679702029842,1843.1594500052088,702.1350630142467,1200.0
Q2,B3,2025-02-28,1248.434137918108,2647.1114752170142,0.0,2647.1114752170142,865.2890113748174,0.0,1200.0
Q2,B3,2025-03-01,1223.5288815284898,2444.4043858233576,103.33102456391921,2341.0733612594386,663.4917574077795,30.662399407684813,1200.0
Q2,B3,2025-03-02,1229.5025450959508,25063.5702101949,16738.664169650354,8324.906040544545,7506.95634183565,5469.929408208653,1200.0
Q2,B3,2025-03-03,1200.0,16423.369192652277,12805.877408068289,3617.491784583988,4853.0336481252925,4327.826651989024,1200.0
Q2,B3,2025-03-04,1200.0,2694.5989010180706,0.0,2694.5989010180706,1052.0697415096415,0.0,1200.0
Q2,B3,2025-03-05,1200.0,2087.5272287350517,0.0,2087.5272287350517,454.92892381231894,0.0,1200.0
Q2,B3,2025-03-06,1200.0,4006.4040546339957,847.6127220482949,3158.7913325857007,1129.3797535423328,346.64501301139535,1200.0
Q2,B3,2025-03-07,1200.0,1196.5571206385057,0.0,1196.5571206385057,339.66811364667126,0.0,1200.0
Q2,B3,2025-03-08,1216.5705264593084,2436.5879085228357,863.7727249140884,1572.8151836087472,999.7986324517317,397.6292013352603,1200.0
Q2,B3,2025-03-09,1200.0,2840.207443864885,0.0,2840.207443864885,861.6273721886586,0.0,1200.0
Q2,B3,2025-03-10,1200.0,10913.59261691062,7635.304536969709,3278.2880799409113,3958.255051477173,3419.124506208708,1200.0
Q2,B3,2025-03-11,1201.9623549779908,4585.620496486242,1214.0382219717928,3371.5822745144487,1176.3680057393722,313.4949005327633,1200.0
Q2,B3,2025-03-12,1294.9363740078202,3884.5964226656647,971.0609549683884,2913.5354676972765,1074.3447270501215,323.1313087591926,1200.0
Q2,B3,2025-03-13,1223.0638338464462,21252.813014226478,16886.38364221173,4366.429372014747,6461.511859006352,6316.221298049104,1200.0
Q2,B3,2025-03-14,1211.8737445602562,4279.4735904217905,782.5427702502884,3496.930820171502,1330.221206639779,373.53848277409503,1200.0
Q2,B3,2025-03-15,1213.792218221254,5360.991183709226,689.7653471729188,4671.225836536307,1701.4253643878658,317.7299284319972,1200.0
Q2,B3,2025-03-16,1200.0,8307.211695239223,7.461179999999938,8299.750515239222,2537.5262018987073,1.6399999999999864,1200.0
Q2,B3,2025-03-17,1200.0,1019.327170160275,0.0,1019.327170160275,323.92269144991633,0.0,1200.0
Q2,B3,2025-03-18,1209.2970357659203,9306.99422949688,5058.982551326155,4248.011678170726,2141.5230681671346,1297.0109509355218,1200.0
Q2,B3,2025-03-19,1200.0,3923.2960729394417,549.9784053071277,3373.317667632314,1033.3539540267288,223.3055136092081,1200.0
Q2,B3,2025-03-20,1219.186089058673,8752.33853925866,4556.163312500465,4196.175226758196,2891.8158356677486,1823.2205231795854,1200.0
Q2,B3,2025-03-21,1207.435702564268,2154.974306840404,1330.7401152384734,824.2341916019307,868.8961297669264,624.311352963306,1200.0
Q2,B3,2025-03-22,1200.0,4341.292509722201,173.79630935721457,4167.496200364987,1454.1671852856448,80.39896145378381,1200.0
Q2,B3,2025-03-23,1312.4246021493811,7796.972174464228,110.96476373024005,7686.007410733989,2092.378429588957,41.47843200424441,1200.0
Q2,B3,2025-03-24,1219.7022384064903,3433.4802031528366,0.0,3433.4802031528366,1133.9934897533165,0.0,1200.0
Q2,B3,2025-03-25,1200.0,14518.059630806743,7800.303781838422,6717.7558489683215,4510.332396549843,3124.7163311834556,1200.0
Q2,B3,2025-03-26,1238.2723189357532,3836.2052764806167,0.0,3836.2052764806167,1027.4925827260158,0.0,1200.0
Q2,B3,2025-03-27,1200.0,9367.078306406213,4136.599829278526,5230.478477127686,2688.2909199380756,1682.5728979211744,1200.0
Q2,B3,2025-03-28,1200.0,1064.4591018391238,0.0,1064.4591018391238,386.4936923375073,0.0,1200.0
Q2,B3,2025-03-29,1200.0,2511.5058072136435,94.8616400524047,2416.644167161239,737.589366650508,24.43628028140255,1200.0
Q2,B3,2025-03-30,1205.655141107789,5647.65061184406,580.3784350657743,5067.272176778286,1886.778037422373,270.19517313482413,1200.0
Q2,B3,2025-03-31,1200.0,12900.923845135465,4294.082407571509,8606.841437563955,4147.585833973732,1809.4593017627476,1200.0
Q2,B3,2025-04-01,1251.127068795534,14165.675819856484,5267.961232053118,8897.714587803366,5011.072341252045,2370.269543245955,1200.0
Q2,B3,2025-04-02,1200.0,17792.4569139447,7792.686961177316,9999.769952767385,4542.853729566429,2527.355622680921,1200.0
Q2,B3,2025-04-03,1231.094555665172,10385.89835446369,0.0,10385.89835446369,2610.118356409051,0.0,1200.0
Q2,B3,2025-04-04,1231.094555665172,1301.3948696403156,0.0,1301.3948696403156,532.9269329266272,0.0,1200.0
Q2,B3,2025-04-05,1260.9845240330972,8651.655007164005,0.0,8651.655007164005,2638.2549164773627,0.0,1200.0
Q2,B3,2025-04-06,1200.0,4519.553507790806,0.0,4519.553507790806,1280.5280325709105,0.0,1200.0
Q2,B3,2025-04-07,1206.0872803289806,4262.593593855429,0.0,4262.593593855429,1533.5790801599628,0.0,1200.0
Q2,B3,2025-04-08,1200.0,8760.929445264559,223.91482408149378,8537.014621183065,2001.6641073652127,99.50444261645745,1200.0
Q2,B3,2025-04-09,1200.0,16505.280482092778,7512.778967234657,8992.50151485812,5336.502531356514,3168.249431783079,1200.0
Q2,B3,2025-04-10,1200.0,7189.281208863538,466.88219103974205,6722.399017823796,1799.5877854198202,135.72642617411825,1200.0
Q2,B3,2025-04-11,1219.986638701566,1155.8429966754293,0.0,1155.8429966754293,523.4859559333652,0.0,1200.0
Q2,B3,2025-04-12,1200.0,2802.1071833974634,0.0,2802.1071833974634,891.765317252825,0.0,1200.0
Q2,B3,2025-04-13,1200.0,6850.0795265996885,0.0,6850.0795265996885,1814.7635168396935,0.0,1200.0
Q2,B3,2025-04-14,1202.5740491417714,3499.881243411239,0.0,3499.881243411239,966.1576775115311,0.0,1200.0
Q2,B3,2025-04-15,1224.4971851281098,5783.000864333972,0.0,5783.000864333972,1708.9614978722375,0.0,1200.0
Q2,B3,2025-04-16,1246.3814130193796,7713.804596449755,0.0,7713.804596449755,2410.4536472275176,0.0,1200.0
Q2,B3,2025-04-17,1200.0,7722.150106390357,0.0,7722.150106390357,2147.2742828978458,0.0,1200.0
Q2,B3,2025-04-18,1200.0,2608.9365728567504,0.0,2608.9365728567504,897.9487318999011,0.0,1200.0
Q2,B3,2025-04-19,1259.2939757230836,1882.068118086128,9.72719706220332,1872.3409210239247,666.2143773628271,4.531654815841286,1200.0
Q2,B3,2025-04-20,1200.0,6847.473392808487,947.6336427926857,5899.839750015802,1834.7670055428307,435.37379960384044,1200.0
Q2,B3,2025-04-21,1200.0,1123.1320221439007,0.0,1123.1320221439007,482.6357807779503,0.0,1200.0
Q2,B3,2025-04-22,1220.4995405700404,8078.406575911163,0.0,8078.406575911163,2778.422418361844,0.0,1200.0
Q2,B3,2025-04-23,1200.0,5536.556821209736,0.0,5536.556821209736,1932.4420486238678,0.0,1200.0
Q2,B3,2025-04-24,1247.5184307151103,2318.1825597939637,0.0,2318.1825597939637,723.2267774866476,0.0,1200.0
Q2,B3,2025-04-25,1200.0,1105.216118399634,0.0,1105.216118399634,435.9785392686453,0.0,1200.0
Q2,B3,2025-04-26,1222.5182422807147,8570.28583732229,422.9071420658021,8147.378695256488,2339.4686585746813,101.55951889435866,1200.0
Q2,B3,2025-04-27,1200.0,12714.131241097904,4653.383175682417,8060.748065415488,3013.8513532874827,1113.5059772982568,1200.0
Q2,B3,2025-04-28,1200.0,23933.370602592076,13330.107179947083,10603.263422644994,7861.79210010355,5663.802110089369,1200.0
Q2,B3,2025-04-29,1237.4117307878837,5156.632565334102,1281.2308406270254,3875.4017247070765,1244.6698695806622,330.85101300357655,1200.0
Q2,B3,2025-04-30,1229.4408615021282,6341.830325922992,0.0,6341.830325922992,2546.5764481416077,0.0,1200.0
Q2,B3,2025-05-01,1200.0,25044.391558735417,14089.497838269453,10954.893720465963,5570.778328340228,3077.461117465723,1200.0
Q2,B3,2025-05-02,1200.0,28870.472363448098,13634.696461595135,15235.775901852963,7076.5225712139345,3455.683922406803,1200.0
Q2,B3,2025-05-03,1200.0,19988.171000752423,10273.900609532904,9714.27039121952,4634.805551427639,2295.2247286089887,1200.0
Q2,B3,2025-05-04,1200.0,16723.704311564015,10078.720402753954,6644.983908810062,4072.6351843166703,2129.618102188825,1200.0
Q2,B3,2025-05-05,1200.0,23621.6756099529,11983.415260605765,11638.260349347136,5295.753151244902,3029.978190120236,1200.0
Q2,B3,2025-05-06,1200.0,20634.37607872138,10760.020677181765,9874.355401539615,4726.827772206452,2655.498956876075,1200.0
Q2,B3,2025-05-07,1200.0,21978.023250763516,9387.740078965493,12590.283171798023,4874.245388268509,2507.4989171030365,1200.0
Q2,B3,2025-05-08,1200.0,10132.711708042581,243.22893262499974,9889.482775417582,3039.028091586826,35.99924999999996,1200.0
Q2,B3,2025-05-09,1200.0,1521.7471817813762,0.0,1521.7471817813762,435.7073758561978,0.0,1200.0
Q2,B3,2025-05-10,1245.470703322684,8031.640862139304,0.0,8031.640862139304,2257.0703906010167,0.0,1200.0
Q2,B3,2025-05-11,1209.6562202978532,10346.65016262623,518.4278790686396,9828.22228355759,3373.9757571813698,79.91564710939284,1200.0
Q2,B3,2025-05-12,1200.0,4194.2370194457535,0.0,4194.2370194457535,1367.5700720657758,0.0,1200.0
Q2,B3,2025-05-13,1245.470703322684,1106.7763809962971,0.0,1106.7763809962971,402.7390669309068,0.0,1200.0
Q2,B3,2025-05-14,1304.6911789535116,1757.2440345035013,0.0,1757.2440345035013,514.0633557794247,0.0,1200.0
Q2,B3,2025-05-15,1214.895792057766,7289.605432814492,0.0,7289.605432814492,1892.3284022504977,0.0,1200.0
Q2,B3,2025-05-16,1604.439548098693,1238.2086791089803,0.0,1238.2086791089803,442.70131629174045,0.0,1200.0
Q2,B3,2025-05-17,1200.0,10080.185730486513,505.6297114398646,9574.55601904665,2853.0528781535,110.51540257281678,1200.0
Q2,B3,2025-05-18,1200.0,8840.242180656685,0.0,8840.242180656685,2552.9449778012004,0.0,1200.0
Q2,B3,2025-05-19,1264.031038166955,2488.2427613729355,62.5840411670034,2425.6587202059322,526.169807446035,9.279270689747705,1200.0
Q2,B3,2025-05-20,1200.0,10444.333742739287,0.0,10444.333742739287,3536.8282888746494,0.0,1200.0
Q2,B3,2025-05-21,1200.0,3968.6538670557225,0.0,3968.6538670557225,1188.2630716745903,0.0,1200.0
Q2,B3,2025-05-22,1201.5704522241251,6814.6900762268915,499.3460625125788,6315.3440137143125,1566.394291529958,80.48773832321388,1200.0
Q2,B3,2025-05-23,1227.4684263504364,4753.357980306655,0.0,4753.357980306655,1362.9219804761995,0.0,1200.0
Q2,B3,2025-05-24,1246.6751605589825,659.8998542217746,0.0,659.8998542217746,261.30403150273673,0.0,1200.0
Q2,B3,2025-05-25,1412.4888453080252,3455.2735162777526,501.608985023654,2953.6645312540986,711.3844632077374,126.28854471339338,1200.0
Q2,B3,2025-05-26,1268.7890230843916,14420.681152982517,3191.320109305225,11229.361043677292,5017.503129566873,1446.2311101128712,1200.0
Q2,B3,2025-05-27,1230.580444269821,401.4888279849914,0.0,401.4888279849914,186.02166215490303,0.0,1200.0
Q2,B3,2025-05-28,1220.1745864560437,11092.954226000471,0.0,11092.954226000471,3699.498856083961,0.0,1200.0
Q2,B3,2025-05-29,1267.337036125099,16339.468234450547,3434.3375875959136,12905.130646854634,4486.813909088026,1388.4779856075752,1200.0
Q2,B3,2025-05-30,1214.895792057766,8115.9887530931865,41.00127455141339,8074.987478541773,2125.041822783521,19.48266787902751,1200.0
Q2,B3,2025-05-31,1252.2614000827512,8552.828965607989,213.76072364778835,8339.0682419602,2612.8632374225954,99.05069465358658,1200.0
Q2,B3,2025-06-01,1200.0,67807.64070493083,50694.39448535163,17113.246219579203,18330.20133391762,16200.05537684391,1200.0
Q2,B3,2025-06-02,1200.0,59828.30682871215,40614.50952426813,19213.797304444022,15282.42993603654,13088.189001864417,1200.0
Q2,B3,2025-06-03,1200.0,45153.07269379813,24371.811094646466,20781.261599151665,11168.046501834968,8801.130235122222,1200.0
Q2,B3,2025-06-04,1200.0,41020.06078149233,20872.468576012077,20147.59220548025,11381.039496776733,7817.349159606292,1200.0
Q2,B3,2025-06-05,1200.0,39809.15692469341,14112.39492120739,25696.76200348602,10228.09875442813,5594.464668959956,1200.0
Q2,B3,2025-06-06,1200.0,43783.04629587516,12096.629272285933,31686.417023589227,11244.52369008075,3349.1425626536056,1200.0
Q2,B3,2025-06-07,1200.0,30333.895407730644,10357.702137828692,19976.193269901953,8198.940887797231,3237.4767491964844,1200.0
Q2,B3,2025-06-08,1200.0,672.8403987353367,0.0,672.8403987353367,180.3748841912321,0.0,1200.0
Q2,B3,2025-06-09,1269.4933416954066,3593.860916404831,0.0,3593.860916404831,908.3440408948682,0.0,1200.0
Q2,B3,2025-06-10,1292.0597569788622,3425.0373663844216,0.0,3425.0373663844216,773.4655812202033,0.0,1200.0
Q2,B3,2025-06-11,1424.6647880448131,17112.654043333863,0.0,17112.654043333863,3853.7726551043525,0.0,1200.0
Q2,B3,2025-06-12,1393.300134364244,2652.8754795778136,0.0,2652.8754795778136,713.2421539408215,0.0,1200.0
Q2,B3,2025-06-13,1678.7218637416925,635.2216890796429,0.0,635.2216890796429,191.56036740629634,0.0,1200.0
Q2,B3,2025-06-14,1454.6106602075376,2159.771467723654,0.0,2159.771467723654,984.5792415554095,0.0,1200.0
Q2,B3,2025-06-15,1509.019812560406,428.70918093703045,0.0,428.70918093703045,169.95901071355757,0.0,1200.0
Q2,B3,2025-06-16,1537.7904800958236,2868.958611690926,0.0,2868.958611690926,851.8020170307789,0.0,1200.0
Q2,B3,2025-06-17,1623.877557938952,9022.74513912163,0.0,9022.74513912163,2390.771811546648,0.0,1200.0
Q2,B3,2025-06-18,1281.6594603126482,2276.5989247332323,0.0,2276.5989247332323,669.2988413048199,0.0,1200.0
Q2,B3,2025-06-19,1463.2808985557642,1881.7027219800173,0.0,1881.7027219800173,588.0775142033309,0.0,1200.0
Q2,B3,2025-06-20,1200.0,257.32426948981083,0.0,257.32426948981083,118.9306585701411,0.0,1200.0
Q2,B3,2025-06-21,1703.410185591821,613.7061680277196,0.0,613.7061680277196,276.9557411873622,0.0,1200.0
Q2,B3,2025-06-22,1748.1772195966926,4919.564830824154,0.0,4919.564830824154,1411.9148351268109,0.0,1200.0
Q2,B3,2025-06-23,1200.0,2195.1106735868248,0.0,2195.1106735868248,636.4400786361078,0.0,1200.0
Q2,B3,2025-06-24,1525.6834984472723,31635.19394165697,11974.96913352688,19660.22480813009,8208.144245645883,4261.912878092065,1200.0
Q2,B3,2025-06-25,1517.5126942321072,5797.5005419888,0.0,5797.5005419888,1606.2721605615639,0.0,1200.0
Q2,B3,2025-06-26,1385.8756035739127,6476.592004857592,0.0,6476.592004857592,1524.438405160649,0.0,1200.0
Q2,B3,2025-06-27,1200.0,215.42239671232545,0.0,215.42239671232545,90.43721728148132,0.0,1200.0
Q2,B3,2025-06-28,1270.631425716405,1674.372466908093,0.0,1674.372466908093,509.9342193807911,0.0,1200.0
Q2,B3,2025-06-29,1224.1833201917002,7419.533819308664,0.0,7419.533819308664,2361.4767566026294,0.0,1200.0
Q2,B3,2025-06-30,1289.3670790119124,2954.000288986128,0.0,2954.000288986128,790.7946517232303,0.0,1200.0
Q2,B3,2025-07-01,1322.9185181245305,21460.848041963465,1627.4677656944143,19833.38027626905,5392.5218525048995,417.1421232019749,1200.0
Q2,B3,2025-07-02,1200.0,22235.1070535147,814.2383620552822,21420.86869145942,5753.358440764867,219.54502406622595,1200.0
Q2,B3,2025-07-03,1200.0,38350.95775752973,13912.479867075863,24438.47789045387,9376.823471885018,5049.696011761587,1200.0
Q2,B3,2025-07-04,1200.0,28451.53073006915,6867.53857322863,21583.99215684052,7387.113319698616,2711.5858857322182,1200.0
Q2,B3,2025-07-05,1200.0,36162.56953630595,19567.65809249354,16594.91144381241,9547.624174818284,6193.823253769191,1200.0
Q2,B3,2025-07-06,1200.0,62891.23277849288,48645.021520474766,14246.211258018113,16557.354630829344,14552.659421098324,1200.0
Q2,B3,2025-07-07,1200.0,19207.160293919518,94.7966883029089,19112.36360561661,5034.407186334196,14.072098018690554,1200.0
Q2,B3,2025-07-08,1200.0,2311.1199474907685,0.0,2311.1199474907685,585.6220184156039,0.0,1200.0
Q2,B3,2025-07-09,1594.4164670918635,1498.1385285693405,0.0,1498.1385285693405,404.49618313876067,0.0,1200.0
Q2,B3,2025-07-10,1732.3073479462832,804.9907025849924,0.0,804.9907025849924,262.01381923849726,0.0,1200.0
Q2,B3,2025-07-11,1269.08105637089,2053.8083242688094,0.0,2053.8083242688094,768.2061796423143,0.0,1200.0
Q2,B3,2025-07-12,1897.6336789078848,944.1553123096121,0.0,944.1553123096121,277.31243331209623,0.0,1200.0
Q2,B3,2025-07-13,1496.5286687618948,1079.2951728612315,94.412524294339,984.8826485668926,232.700265972272,14.042057113276996,1200.0
Q2,B3,2025-07-14,1327.0083300277254,183.94224319886533,0.0,183.94224319886533,40.79942355948454,0.0,1200.0
Q2,B3,2025-07-15,1530.2800630211248,510.30934994418016,0.0,510.30934994418016,169.0837181196612,0.0,1200.0
Q2,B3,2025-07-16,1849.7240134095168,2148.211107282972,0.0,2148.211107282972,617.9818381748619,0.0,1200.0
Q2,B3,2025-07-17,1427.8197496428052,8430.086420346737,0.0,8430.086420346737,1892.7403249311938,0.0,1200.0
Q2,B3,2025-07-18,1463.1537856788004,2933.6623452810836,0.0,2933.6623452810836,1086.9776042693693,0.0,1200.0
Q2,B3,2025-07-19,1731.1591661098812,1331.0749650734467,0.0,1331.0749650734467,456.7476394792729,0.0,1200.0
Q2,B3,2025-07-20,1304.7905132693652,4683.601479562576,0.0,4683.601479562576,1395.5433974332377,0.0,1200.0
Q2,B3,2025-07-21,1395.31242227829,1469.5108582042521,0.0,1469.5108582042521,421.32894208187747,0.0,1200.0
Q2,B3,2025-07-22,1851.2222839411131,3105.4068206444094,0.0,3105.4068206444094,905.4566217809942,0.0,1200.0
Q2,B3,2025-07-23,1444.1414382422631,2252.9846980446464,0.0,2252.9846980446464,570.7118400752182,0.0,1200.0
Q2,B3,2025-07-24,1471.1877647882866,8094.5738741033365,0.0,8094.5738741033365,2236.203905931119,0.0,1200.0
Q2,B3,2025-07-25,1439.9426289033856,146.98158131925913,0.0,146.98158131925913,67.71738908559777,0.0,1200.0
Q2,B3,2025-07-26,1638.6393502890987,1401.4955504086324,0.0,1401.4955504086324,634.4228221665443,0.0,1200.0
Q2,B3,2025-07-27,1433.8913548923315,12789.389555542879,3731.5220402471846,9057.867515295695,2955.7561904943877,1387.525401887938,1200.0
Q2,B3,2025-07-28,1221.0513966373735,11436.967593018555,0.0,11436.967593018555,3098.203239119978,0.0,1200.0
Q2,B3,2025-07-29,1734.218712910785,2666.744690255106,0.0,2666.744690255106,866.3018972890792,0.0,1200.0
Q2,B3,2025-07-30,1484.8894845838722,1938.2415787514649,0.0,1938.2415787514649,540.5484275762135,0.0,1200.0
Q2,B3,2025-07-31,1575.6569954891668,8376.870570875959,0.0,8376.870570875959,2130.677031039122,0.0,1200.0
Q2,B3,2025-08-01,1200.0,686.6999436930748,0.0,686.6999436930748,293.58044119738554,0.0,1200.0
Q2,B3,2025-08-02,1361.6815012759157,36.96770207841115,0.0,36.96770207841115,16.937594276376537,0.0,1200.0
Q2,B3,2025-08-03,1348.44911203525,4362.520380361472,0.0,4362.520380361472,954.6385909857624,0.0,1200.0
Q2,B3,2025-08-04,1245.2752167169203,488.30524647458867,0.0,488.30524647458867,224.95696280995634,0.0,1200.0
Q2,B3,2025-08-05,1200.0,438.826182398565,0.0,438.826182398565,199.96697781930237,0.0,1200.0
Q2,B3,2025-08-06,1535.782156167071,10284.406476598022,0.0,10284.406476598022,2896.0127258628345,0.0,1200.0
Q2,B3,2025-08-07,1515.469919032393,1260.5039033887595,660.0711187241849,600.4327846645746,575.8203409124769,313.22804298990854,1200.0
Q2,B3,2025-08-08,1223.058034726834,1764.9852621085765,0.0,1764.9852621085765,400.3139516305159,0.0,1200.0
Q2,B3,2025-08-09,1305.2277839038325,4352.769869501784,0.0,4352.769869501784,1310.8227582669588,0.0,1200.0
Q2,B3,2025-08-10,1267.7274446360368,9534.147291665637,0.0,9534.147291665637,2990.2685164528393,0.0,1200.0
Q2,B3,2025-08-11,1255.4288395262288,1873.35464342149,754.6627279234607,1118.6919154980292,569.4898211920196,118.91073674085835,1200.0
Q2,B3,2025-08-12,1265.6752571667253,9897.489520774347,1779.7913214709506,8117.698199303396,3151.2659388351144,850.5348859033519,1200.0
Q2,B3,2025-08-13,1242.0431327062593,5577.965789255635,1.1697011959438852,5576.796088059691,2233.3099747668357,0.17350755706354448,1200.0
Q2,B3,2025-08-14,1265.0406535517864,12844.33188101892,226.9931815843791,12617.33869943454,2930.430695569029,105.92700654996165,1200.0
Q2,B3,2025-08-15,1200.0,1810.1185264572468,0.0,1810.1185264572468,591.4752789029925,0.0,1200.0
Q2,B3,2025-08-16,1200.0,2395.8208810509714,0.0,2395.8208810509714,799.0174836879797,0.0,1200.0
Q2,B3,2025-08-17,1277.9580598368188,9778.343947097768,1013.3727127030728,8764.971234394696,2235.47170272938,234.29386770531124,1200.0
Q2,B3,2025-08-18,1225.6829507314528,5002.015566615626,0.0,5002.015566615626,1245.2152403380232,0.0,1200.0
Q2,B3,2025-08-19,1370.3871148340756,3116.586547771992,125.97397778994514,2990.612569982047,1075.9101187408244,18.669942380106363,1200.0
Q2,B3,2025-08-20,1342.1749016507677,22483.038592704983,11362.509689857246,11120.528902847736,6756.693296395664,4802.546048227643,1200.0
Q2,B3,2025-08-21,1200.0,7177.274870965933,477.99542550037836,6699.279445465554,2325.927375262898,154.3367260712028,1200.0
Q2,B3,2025-08-22,1203.499617347737,6291.8480787044955,1780.0847918773597,4511.763286827136,1737.7061411428933,381.22210380238363,1200.0
Q2,B3,2025-08-23,1289.3955578392884,1877.6334792382554,0.0,1877.6334792382554,573.2176005722303,0.0,1200.0
Q2,B3,2025-08-24,1200.0,11205.981435966318,0.0,11205.981435966318,2753.596657745152,0.0,1200.0
Q2,B3,2025-08-25,1274.5042545389897,15263.42735447955,4612.514519489108,10650.912834990442,4852.034687665166,2050.491802346686,1200.0
Q2,B3,2025-08-26,1496.9304603060427,2218.750501143015,0.0,2218.750501143015,473.96746210204475,0.0,1200.0
Q2,B3,2025-08-27,1740.152382182995,8731.578959575858,0.0,8731.578959575858,2470.4782996883227,0.0,1200.0
Q2,B3,2025-08-28,1271.6961508123925,16102.495964212492,6487.692559878855,9614.803404333637,5651.979737821342,2933.886352641247,1200.0
Q2,B3,2025-08-29,1265.0406535517973,1762.2715114708328,0.0,1762.2715114708328,470.3280616262078,0.0,1200.0
Q2,B3,2025-08-30,1524.412698135876,1390.5976858613526,0.0,1390.5976858613526,483.78337118223453,0.0,1200.0
Q2,B3,2025-08-31,1200.6658218699235,6295.411964644041,0.0,6295.411964644041,2029.8528563779187,0.0,1200.0
Q2,B3,2025-09-01,1238.3287833834868,0.0,0.0,0.0,0.0,0.0,1200.0
Q2,B3,2025-09-02,3370.5223639759424,3034.479488341954,0.0,3034.479488341954,655.0084125031898,0.0,1200.0
Q2,B3,2025-09-03,2988.672148960849,272.05093008614637,0.0,272.05093008614637,71.06014515577384,0.0,1200.0
Q2,B3,2025-09-04,3014.944173682331,1902.3615087582757,0.0,1902.3615087582757,434.23480107201925,0.0,1200.0
Q2,B3,2025-09-05,2500.704801454884,588.6026882179884,0.0,588.6026882179884,252.56215562114187,0.0,1200.0
Q2,B3,2025-09-06,2948.918155868839,1400.8452265982055,0.0,1400.8452265982055,359.50513052141144,0.0,1200.0
Q2,B3,2025-09-07,2809.544077242651,3306.863405498825,0.0,3306.863405498825,1060.870651071495,0.0,1200.0
Q2,B3,2025-09-08,2175.7831604339526,30790.203400486593,24777.88521596112,6012.318184525473,9024.571997067967,7777.007773636302,1200.0
Q2,B3,2025-09-09,1200.0,14135.565916724878,7896.29371360659,6239.2722031182875,3670.730255161145,1798.094393517488,1200.0
Q2,B3,2025-09-10,1200.0,34407.45445669361,22588.866194335562,11818.588262358047,9461.94848157583,8509.382466491656,1200.0
Q2,B3,2025-09-11,1200.0,16739.63025940787,9595.778170392494,7143.852089015376,4158.016691111311,2635.0035656539926,1200.0
Q2,B3,2025-09-12,1200.0,9701.195351050686,7165.778342685247,2535.41700836544,2943.133150872515,2671.669179813299,1200.0
Q2,B3,2025-09-13,1200.0,12172.406706282805,7963.543264735308,4208.863441547497,3138.5497665723897,2387.503827300296,1200.0
Q2,B3,2025-09-14,1200.0,29355.218164633232,16158.504892577723,13196.71327205551,8054.4464072545225,5218.8942981754935,1200.0
Q2,B3,2025-09-15,1200.0,8712.397896267728,975.0722773734159,7737.325618894312,2131.924896093255,254.30754940485585,1200.0
Q2,B3,2025-09-16,1255.5124733835116,13347.791980598791,3539.375842364844,9808.416138233948,4152.037949269168,1424.3622431397328,1200.0
Q2,B3,2025-09-17,1200.0,14783.99852061454,6583.862628357695,8200.135892256843,4165.166673012469,3006.689272687076,1200.0
Q2,B3,2025-09-18,1200.0,18447.05883266216,5799.793753269259,12647.265079392899,4601.4030508655205,1757.8647981145773,1200.0
Q2,B3,2025-09-19,1217.417366730569,8995.0744124251,395.8035491413918,8599.270863283708,2460.1514397246674,146.53470022186815,1200.0
Q2,B3,2025-09-20,1200.0,15722.119640761364,6622.168100993367,9099.951539767997,4092.13000145149,2128.6697734001455,1200.0
Q2,B3,2025-09-21,1200.0,13283.29982744953,3350.8145331558367,9932.485294293692,3420.215810080599,641.7930686088831,1200.0
Q2,B3,2025-09-22,1204.1775231486265,9438.462560931743,94.99114830201718,9343.471412629726,2620.9106117287324,35.96967528529981,1200.0
Q2,B3,2025-09-23,1215.606048706083,10748.780223724774,1924.5830356111064,8824.197188113667,2541.8229507937203,561.852271017726,1200.0
Q2,B3,2025-09-24,1259.7318196947374,11340.205536684765,0.0,11340.205536684765,3089.5549430321917,0.0,1200.0
Q2,B3,2025-09-25,1200.0,12524.13840611737,562.8460280194312,11961.29237809794,3491.745805788203,242.4556086107094,1200.0
Q2,B3,2025-09-26,1200.0,4248.026529293943,0.0,4248.026529293943,1318.1495431452677,0.0,1200.0
Q2,B3,2025-09-27,1200.0,19921.456360875865,4913.380878428061,15008.075482447804,5525.732191078742,1739.8858880538287,1200.0
Q2,B3,2025-09-28,1200.0,19863.06343840412,7030.017003813812,12833.046434590306,5545.9729821712635,3171.489434329069,1200.0
Q2,B3,2025-09-29,1200.0,6437.835083567981,0.0,6437.835083567981,1545.3820369778537,0.0,1200.0
Q2,B3,2025-09-30,1200.0,11990.26819624183,630.8004360090669,11359.467760232763,3243.1266634875938,293.4770315638206,1200.0
Q2,B3,2025-10-01,1200.0,205.76729209113836,0.0,205.76729209113836,86.42813178417768,0.0,1200.0
Q2,B3,2025-10-02,1848.8320840795463,1654.0915492956071,0.0,1654.0915492956071,690.7269434792267,0.0,1200.0
Q2,B3,2025-10-03,1754.110303497949,670.1849283537881,0.0,670.1849283537881,302.873225679714,0.0,1200.0
Q2,B3,2025-10-04,2084.9775975600355,2163.1323766027385,0.0,2163.1323766027385,665.8574453351828,0.0,1200.0
Q2,B3,2025-10-05,2087.5585322696315,2021.9114449682095,0.0,2021.9114449682095,809.8143503801442,0.0,1200.0
Q2,B3,2025-10-06,1571.4618379190774,3130.496389695965,0.0,3130.496389695965,1224.5890430396635,0.0,1200.0
Q2,B3,2025-10-07,1770.4619642037112,5518.412223422347,0.0,5518.412223422347,1498.540911399285,0.0,1200.0
Q2,B3,2025-10-08,1937.0937537306293,12838.407170059334,0.0,12838.407170059334,3445.997214931022,0.0,1200.0
Q2,B3,2025-10-09,1203.2980409787688,14385.605128581328,985.0037647781303,13400.601363803198,3318.400254994096,187.4203771242124,1200.0
Q2,B3,2025-10-10,1200.0,6262.209182926679,10.820130865926794,6251.389052060752,1703.8089259548071,5.154897982814099,1200.0
Q2,B3,2025-10-11,1200.0,7877.301717980386,5515.817328832016,2361.4843891483697,1978.4337652194415,1573.8095847262507,1200.0
Q2,B3,2025-10-12,1200.0,18821.565300259674,9594.587662251379,9226.977638008295,5224.760762378758,3579.738121866242,1200.0
Q2,B3,2025-10-13,1200.0,5021.339878504684,0.0,5021.339878504684,1277.0149325761988,0.0,1200.0
Q2,B3,2025-10-14,1200.0,16050.631361064301,2496.8258027128018,13553.8055583515,3991.8893569636825,1082.6017446569558,1200.0
Q2,B3,2025-10-15,1200.0,17152.721787789407,3892.95445812105,13259.767329668357,4764.305758741526,1693.0596201598787,1200.0
Q2,B3,2025-10-16,1200.0,25273.684958672588,6364.704567062605,18908.980391609985,6750.321504357596,2058.515588976737,1200.0
Q2,B3,2025-10-17,1200.0,4232.829631249873,0.0,4232.829631249873,1224.1051287478126,0.0,1200.0
Q2,B3,2025-10-18,1216.0305584298007,7294.844054380435,171.95819013141423,7122.885864249021,2368.708703251591,84.4241458471886,1200.0
Q2,B3,2025-10-19,1200.0,21754.243287166984,14397.52572036958,7356.717566797404,5569.65364151448,4680.167143172905,1200.0
Q2,B3,2025-10-20,1200.0,8329.75056101384,935.0507030513972,7394.699857962442,1817.9248129134705,245.97076081520368,1200.0
Q2,B3,2025-10-21,1200.0,10047.084020385377,0.0,10047.084020385377,2896.916795827484,0.0,1200.0
Q2,B3,2025-10-22,1200.0,15924.899003523456,2762.9166096992562,13161.9823938242,3633.0620841283853,752.5535763927458,1200.0
Q2,B3,2025-10-23,1200.0,8716.429633400297,0.0,8716.429633400297,2197.2871554642215,0.0,1200.0
Q2,B3,2025-10-24,1200.0,5078.687003366191,0.0,5078.687003366191,1302.3401305097627,0.0,1200.0
Q2,B3,2025-10-25,1200.0,7285.934306817189,20.54780048931724,7265.386506327872,1791.1499253266784,10.579985644316059,1200.0
Q2,B3,2025-10-26,1200.0,5584.550654508566,0.0,5584.550654508566,1568.971129888796,0.0,1200.0
Q2,B3,2025-10-27,1200.0,5890.409250264329,0.0,5890.409250264329,1578.7199117830376,0.0,1200.0
Q2,B3,2025-10-28,1200.0,8209.301177111824,0.0,8209.301177111824,2052.6827958317117,0.0,1200.0
Q2,B3,2025-10-29,1200.0,17691.844145662548,3322.8211475829266,14369.022998079621,4643.2657876078765,1408.0849089743865,1200.0
Q2,B3,2025-10-30,1200.0,8517.063595730397,0.0,8517.063595730397,2133.025156452284,0.0,1200.0
Q2,B3,2025-10-31,1200.0,5262.056428971905,0.0,5262.056428971905,1740.1830951075074,0.0,1200.0
Q2,B3,2025-11-01,1200.0,6128.161507452703,0.0,6128.161507452703,1976.5948526913323,0.0,1200.0
Q2,B3,2025-11-02,1200.0,14255.749494785581,5487.9469978240395,8767.802496961542,3300.886544319307,1667.1990604282635,1200.0
Q2,B3,2025-11-03,1205.062891191584,3351.01096522949,0.0,3351.01096522949,1155.5257732307764,0.0,1200.0
Q2,B3,2025-11-04,1200.0,3872.229614843076,0.0,3872.229614843076,774.5228421591696,0.0,1200.0
Q2,B3,2025-11-05,1200.917062065336,4776.625222461416,0.0,4776.625222461416,1218.530227078783,0.0,1200.0
Q2,B3,2025-11-06,1251.8725706196672,16012.403147359422,3207.720973460764,12804.682173898658,3837.225759489671,942.5399127011914,1200.0
Q2,B3,2025-11-07,1200.8032019774755,4113.613099838574,0.0,4113.613099838574,1072.4142536854497,0.0,1200.0
Q2,B3,2025-11-08,1200.0,2427.5577958292597,0.0,2427.5577958292597,612.6965883121511,0.0,1200.0
Q2,B3,2025-11-09,1200.0,9697.352374428725,96.65633634827988,9600.696038080445,2864.640196782483,46.01917651255647,1200.0
Q2,B3,2025-11-10,1200.0,11888.45393017758,0.0,11888.45393017758,3116.723185023173,0.0,1200.0
Q2,B3,2025-11-11,1200.0,4606.2196733384535,0.0,4606.2196733384535,1176.2213274710136,0.0,1200.0
Q2,B3,2025-11-12,1200.0,4439.125642477318,0.0,4439.125642477318,985.8159627084448,0.0,1200.0
Q2,B3,2025-11-13,1200.0,10933.695762765561,2009.865510120131,8923.83025264543,2975.638524993918,600.894653012895,1200.0
Q2,B3,2025-11-14,1200.0,4318.706276264706,0.0,4318.706276264706,1377.684658868764,0.0,1200.0
Q2,B3,2025-11-15,1209.497054283116,4402.176707582062,249.60962875417943,4152.567078827882,1204.9570957055007,114.74472702111858,1200.0
Q2,B3,2025-11-16,1218.4748034781803,6816.7934023294,0.0,6816.7934023294,1520.3780549296725,0.0,1200.0
Q2,B3,2025-11-17,1200.0,1890.9208671419597,0.0,1890.9208671419597,535.3326326058086,0.0,1200.0
Q2,B3,2025-11-18,1232.8537880587712,6927.778533924228,0.0,6927.778533924228,2216.501233824861,0.0,1200.0
Q2,B3,2025-11-19,1231.4912449093815,8781.581758778579,6.301057499999959,8775.280701278578,2092.5205148408095,1.384999999999991,1200.0
Q2,B3,2025-11-20,1200.0,6537.528325773667,0.0,6537.528325773667,1790.41482389436,0.0,1200.0
Q2,B3,2025-11-21,1200.9170620653358,2166.143231780621,0.0,2166.143231780621,866.8252597584208,0.0,1200.0
Q2,B3,2025-11-22,1211.871082285443,3230.013458393765,0.0,3230.013458393765,903.0294849796454,0.0,1200.0
Q2,B3,2025-11-23,1200.0,6158.472733813081,0.0,6158.472733813081,1427.2875624211893,0.0,1200.0
Q2,B3,2025-11-24,1201.543944807917,5562.193777096073,83.29960205337366,5478.894175042699,1388.805244194987,17.783860387142113,1200.0
Q2,B3,2025-11-25,1200.0,5403.85430173374,0.0,5403.85430173374,1320.6681112336396,0.0,1200.0
Q2,B3,2025-11-26,1200.0,6096.782438835334,17.884846513607425,6078.897592321727,1666.317100287474,3.8182849089682804,1200.0
Q2,B3,2025-11-27,1200.0,5486.087198950569,0.0,5486.087198950569,1339.150618562686,0.0,1200.0
Q2,B3,2025-11-28,1200.0,4600.622042518529,0.0,4600.622042518529,1095.9227991269472,0.0,1200.0
Q2,B3,2025-11-29,1200.0,10640.50642339135,923.1102112384139,9717.396212152937,3733.5433244476526,448.2243053644877,1200.0
Q2,B3,2025-11-30,1200.0,9822.206426271056,327.44525139069134,9494.761174880365,2495.276383762127,153.20532822523052,1200.0
Q2,B3,2025-12-01,1200.0,26481.003969798818,18891.40831059561,7589.595659203209,7224.327408939931,5967.09913602484,1200.0
Q2,B3,2025-12-02,1200.0,34432.424176235676,27003.623464764583,7428.800711471093,9162.979072106964,8181.858727027911,1200.0
Q2,B3,2025-12-03,1200.0,22083.43645004897,14112.28489239512,7971.151557653848,6799.931321405778,5322.560082935293,1200.0
Q2,B3,2025-12-04,1200.0,26291.24866836451,12856.743341257376,13434.505327107136,7011.867839751064,4355.8527552434525,1200.0
Q2,B3,2025-12-05,1200.0,16704.98502246509,2402.0256890111173,14302.959333453973,5108.281406030541,1121.464751943469,1200.0
Q2,B3,2025-12-06,1200.0,23571.96271093308,15098.939649894404,8473.023061038675,7604.964419150316,6645.407705386374,1200.0
Q2,B3,2025-12-07,1200.0,18962.256494504836,2370.6235274780865,16591.63296702675,5314.0868444583575,1077.6200539713832,1200.0
Q2,B3,2025-12-08,1200.0,1445.111848344939,0.0,1445.111848344939,426.68702557280005,0.0,1200.0
Q2,B3,2025-12-09,1242.1739618376653,795.2112548956163,0.0,795.2112548956163,183.87373312509672,0.0,1200.0
Q2,B3,2025-12-10,1207.949924457619,2608.0614620000542,0.0,2608.0614620000542,677.4069661370738,0.0,1200.0
Q2,B3,2025-12-11,1200.0,581.2396563324132,0.0,581.2396563324132,250.32694933350808,0.0,1200.0
Q2,B3,2025-12-12,1202.8461147038154,2111.487788557978,0.0,2111.487788557978,885.0857269303356,0.0,1200.0
Q2,B3,2025-12-13,1210.097074521053,1522.1014556283087,0.0,1522.1014556283087,438.5282974320372,0.0,1200.0
Q2,B3,2025-12-14,1205.1389242930145,969.8478186413533,0.0,969.8478186413533,255.24606827256585,0.0,1200.0
Q2,B3,2025-12-15,1200.0,1472.8188264273072,0.0,1472.8188264273072,483.13108281004116,0.0,1200.0
Q2,B3,2025-12-16,1225.353653099541,918.3780566867865,0.0,918.3780566867865,320.08714649237015,0.0,1200.0
Q2,B3,2025-12-17,1200.0,1353.0515359804538,0.0,1353.0515359804538,294.89092040776757,0.0,1200.0
Q2,B3,2025-12-18,1219.0252588990684,2342.085899065207,0.0,2342.085899065207,738.8137310532597,0.0,1200.0
Q2,B3,2025-12-19,1207.4632557722564,1447.852266632173,0.0,1447.852266632173,473.1494525749132,0.0,1200.0
Q2,B3,2025-12-20,1200.0,724.9830533243683,0.0,724.9830533243683,314.87775683935405,0.0,1200.0
Q2,B3,2025-12-21,1217.0578158073708,2537.139548303595,0.0,2537.139548303595,722.1511385312267,0.0,1200.0
Q2,B3,2025-12-22,1223.2797380629838,1874.4177005466047,0.0,1874.4177005466047,415.089880134126,0.0,1200.0
Q2,B3,2025-12-23,1200.0,215.97116610902577,0.0,215.97116610902577,70.57124736926784,0.0,1200.0
Q2,B3,2025-12-24,1213.3028053032974,1901.4801300013878,0.0,1901.4801300013878,427.6829113281889,0.0,1200.0
Q2,B3,2025-12-25,1200.0,4436.224321976358,148.06390892721737,4288.1604130491405,1158.8483961169206,31.600450096514216,1200.0
Q2,B3,2025-12-26,1200.0,1331.5372209263162,0.0,1331.5372209263162,464.493076714772,0.0,1200.0
Q2,B3,2025-12-27,1544.658616394154,780.8863289912417,0.0,780.8863289912417,205.3278038233414,0.0,1200.0
Q2,B3,2025-12-28,1206.283936654591,1694.7376976978996,0.0,1694.7376976978996,419.5470561655154,0.0,1200.0
Q2,B3,2025-12-29,1224.4304355027034,801.4856177971295,0.0,801.4856177971295,245.76948657850423,0.0,1200.0
Q2,B3,2025-12-30,1200.0,98.05579639838012,0.0,98.05579639838012,49.09968526786281,0.0,1200.0
Q2,B3,2025-12-31,1259.9312032594053,3685.2095364520173,0.0,3685.2095364520173,978.2458914049064,0.0,1200.0
Q2,B4,2025-02-01,4910.116222222223,330.3650842985004,0.0,330.3650842985004,75.1414440395644,0.0,1200.0
Q2,B4,2025-02-02,1375.8562421791664,408.6077006239118,0.0,408.6077006239118,91.36245143394213,0.0,1200.0
Q2,B4,2025-02-03,1249.143309661492,746.4773924667063,0.0,746.4773924667063,266.9405775433956,0.0,1200.0
Q2,B4,2025-02-04,1200.0,5184.706137300989,0.0,5184.706137300989,1295.2244272852763,0.0,1200.0
Q2,B4,2025-02-05,1258.2668961143193,2184.7365613977113,0.0,2184.7365613977113,519.7755007044298,0.0,1200.0
Q2,B4,2025-02-06,1248.7105900487754,742.4824474933453,0.0,742.4824474933453,224.86951637885716,0.0,1200.0
Q2,B4,2025-02-07,1333.7930100585847,483.7909361385964,0.0,483.7909361385964,76.14237178568534,0.0,1200.0
Q2,B4,2025-02-08,1225.954835333807,4921.718837165303,0.0,4921.718837165303,1291.5972799724514,0.0,1200.0
Q2,B4,2025-02-09,1233.7379144590336,9174.47528476107,472.55437172110777,8701.920913039963,2393.362967789312,206.01409149695436,1200.0
Q2,B4,2025-02-10,1200.0,986.3902326955424,0.0,986.3902326955424,355.24733103155233,0.0,1200.0
Q2,B4,2025-02-11,1200.0,2648.0518585629698,0.0,2648.0518585629698,567.511431895857,0.0,1200.0
Q2,B4,2025-02-12,1200.0,3631.0542897005616,0.0,3631.0542897005616,884.0518865758831,0.0,1200.0
Q2,B4,2025-02-13,1200.0,2869.4058947885396,0.0,2869.4058947885396,721.5140266842177,0.0,1200.0
Q2,B4,2025-02-14,1200.0,2414.3711458966573,10.114524281596438,2404.256621615061,695.4951282217846,4.762017081730903,1200.0
Q2,B4,2025-02-15,1200.0,4333.3167782116925,0.0,4333.3167782116925,1342.268095584752,0.0,1200.0
Q2,B4,2025-02-16,1200.0,11894.573906632493,0.0,11894.573906632493,2803.4359312092656,0.0,1200.0
Q2,B4,2025-02-17,1200.0,2851.2714920824383,0.0,2851.2714920824383,736.3742759426143,0.0,1200.0
Q2,B4,2025-02-18,1237.6192101473305,4203.090018945286,0.0,4203.090018945286,1127.9623785646943,0.0,1200.0
Q2,B4,2025-02-19,1200.0,8852.931846744657,0.0,8852.931846744657,2272.7614921174954,0.0,1200.0
Q2,B4,2025-02-20,1200.0,4643.074633164543,0.0,4643.074633164543,1101.4982266415968,0.0,1200.0
Q2,B4,2025-02-21,1200.0,869.6553850098442,0.0,869.6553850098442,408.1553442769969,0.0,1200.0
Q2,B4,2025-02-22,1200.0,5944.357132165534,0.0,5944.357132165534,1990.4213061103687,0.0,1200.0
Q2,B4,2025-02-23,1200.0,8167.647036977212,0.0,8167.647036977212,2246.6997990260597,0.0,1200.0
Q2,B4,2025-02-24,1200.0,1990.7354832229098,0.0,1990.7354832229098,522.9201346330533,0.0,1200.0
Q2,B4,2025-02-25,1207.4590426623763,2628.3907588452043,0.0,2628.3907588452043,712.3211310899808,0.0,1200.0
Q2,B4,2025-02-26,1211.8737445602565,5280.363520937415,152.46726458403293,5127.896256353382,1532.2810084176504,42.12298120481275,1200.0
Q2,B4,2025-02-27,1211.7398146975304,8730.096423652009,2192.783811852354,6537.312611799654,1898.6557798955587,564.2301274171361,1200.0
Q2,B4,2025-02-28,1248.434137918108,2653.62206262745,0.0,2653.62206262745,864.3785023430601,0.0,1200.0
Q2,B4,2025-03-01,1223.5288815284898,2395.4734947386864,0.0,2395.4734947386864,650.9778946509379,0.0,1200.0
Q2,B4,2025-03-02,1214.478675832923,23082.20817171925,14837.27480377494,8244.933367944308,6682.829856561832,4716.364341619615,1200.0
Q2,B4,2025-03-03,1200.0,17199.577801064734,11664.600117084463,5534.977683980271,4899.587240706816,3965.458349080767,1200.0
Q2,B4,2025-03-04,1200.0,2644.792970573952,0.0,2644.792970573952,1026.1306156026565,0.0,1200.0
Q2,B4,2025-03-05,1200.0,2410.227279876395,0.0,2410.227279876395,540.9702692316718,0.0,1200.0
Q2,B4,2025-03-06,1200.0,4155.176057099263,899.782359757454,3255.393697341809,1162.4316006726722,341.6346846064628,1200.0
Q2,B4,2025-03-07,1200.0,1036.6687572248638,0.0,1036.6687572248638,294.17705975149175,0.0,1200.0
Q2,B4,2025-03-08,1216.3111385796817,2441.4054413924728,775.9549399965272,1665.4505013959456,1012.7886295829434,356.28862445373704,1200.0
Q2,B4,2025-03-09,1200.0,2485.8707002820393,0.0,2485.8707002820393,753.8810176310142,0.0,1200.0
Q2,B4,2025-03-10,1200.0,11386.118854485963,7020.90292802295,4365.215926463014,3996.566405664942,3156.6988071955884,1200.0
Q2,B4,2025-03-11,1201.9623549779908,4528.631527755184,1212.9529095590722,3315.6786181961115,1147.715285824438,312.3127883520955,1200.0
Q2,B4,2025-03-12,1284.6348604978184,3874.1919849835153,934.9211512664556,2939.2708337170598,1072.2584630136282,306.64778356383226,1200.0
Q2,B4,2025-03-13,1222.1811577369767,21805.179227279852,16606.654305350356,5198.5249219294965,6444.2174539991665,6129.954081149697,1200.0
Q2,B4,2025-03-14,1211.8737445602562,4280.987806499654,634.2329974990475,3646.754809000606,1325.632770343606,304.47678158726126,1200.0
Q2,B4,2025-03-15,1206.6877649695527,5618.066506725834,629.4940968613289,4988.572409864505,1751.0666445297566,292.59631575131056,1200.0
Q2,B4,2025-03-16,1200.0,8536.705380603236,7.461179999999938,8529.244200603236,2556.568220623836,1.6399999999999864,1200.0
Q2,B4,2025-03-17,1200.0,1004.70326629308,0.0,1004.70326629308,330.8948337471593,0.0,1200.0
Q2,B4,2025-03-18,1209.2970357659203,9251.843652154106,4792.387107101198,4459.456545052908,2127.04817643909,1225.206547057236,1200.0
Q2,B4,2025-03-19,1200.0,4366.1676352931545,494.87216572071407,3871.29546957244,1016.4186848463411,200.27592090209328,1200.0
Q2,B4,2025-03-20,1215.4068495376448,9422.745437667902,2149.4147112586957,7273.330726409205,2794.918580876645,839.1522977881767,1200.0
Q2,B4,2025-03-21,1207.435702564268,2078.221407619811,1056.738890272491,1021.48251734732,821.4045198201316,499.33933306393243,1200.0
Q2,B4,2025-03-22,1200.0,4326.553826979241,0.0,4326.553826979241,1446.5095638501411,0.0,1200.0
Q2,B4,2025-03-23,1288.087978848432,8091.913030710893,49.4343750702355,8042.478655640657,2262.237123441161,23.48984322653148,1200.0
Q2,B4,2025-03-24,1229.9804795313394,3541.198421935733,0.0,3541.198421935733,1155.4020856562622,0.0,1200.0
Q2,B4,2025-03-25,1200.0,14653.808135280891,6004.864122524452,8648.94401275644,4369.351305900594,2403.4706463470093,1200.0
Q2,B4,2025-03-26,1222.6516577949135,3730.036835809386,0.0,3730.036835809386,1033.9928780042312,0.0,1200.0
Q2,B4,2025-03-27,1200.0,9500.109884989237,2716.663556321525,6783.446328667712,2730.6552256631367,1119.647485668314,1200.0
Q2,B4,2025-03-28,1200.0,1092.0449170620502,0.0,1092.0449170620502,394.87334400116725,0.0,1200.0
Q2,B4,2025-03-29,1200.0,2495.4622086574564,0.0,2495.4622086574564,719.7974064532833,0.0,1200.0
Q2,B4,2025-03-30,1205.655141107789,5680.095022566134,0.0,5680.095022566134,1888.0329044142093,0.0,1200.0
Q2,B4,2025-03-31,1200.0,13137.226061182817,1550.5705069786018,11586.655554204215,4171.200637691265,552.455906148611,1200.0
Q2,B4,2025-04-01,1251.127068795534,13717.555257450402,3898.2181644439347,9819.337093006467,4822.698970806152,1802.3372320550384,1200.0
Q2,B4,2025-04-02,1200.0,16714.097592559567,6210.137190093888,10503.960402465678,4086.137632881836,1807.724817106479,1200.0
Q2,B4,2025-04-03,1231.094555665172,10602.639824592248,0.0,10602.639824592248,2661.9839232898494,0.0,1200.0
Q2,B4,2025-04-04,1231.094555665172,1182.3958185558752,0.0,1182.3958185558752,474.5585941160971,0.0,1200.0
Q2,B4,2025-04-05,1260.9845240330972,8947.196369668127,0.0,8947.196369668127,2708.671742858859,0.0,1200.0
Q2,B4,2025-04-06,1200.0,4424.210745902479,0.0,4424.210745902479,1216.1134292490333,0.0,1200.0
Q2,B4,2025-04-07,1206.0872803289806,4352.072328105578,0.0,4352.072328105578,1569.4045239412317,0.0,1200.0
Q2,B4,2025-04-08,1200.0,8903.466809870171,169.45553502621533,8734.011274843957,2049.4980066291246,80.737524405193,1200.0
Q2,B4,2025-04-09,1200.0,16083.067430424737,6506.102361239849,9576.965069184887,5149.359247527815,2763.7982247331042,1200.0
Q2,B4,2025-04-10,1200.0,7101.041897913045,315.7482622740307,6785.293635639015,1748.2955967700768,88.43986944959904,1200.0
Q2,B4,2025-04-11,1212.8625361769666,1274.457385608647,0.0,1274.457385608647,580.2276934190144,0.0,1200.0
Q2,B4,2025-04-12,1200.0,2929.897081218716,0.0,2929.897081218716,914.1935969822756,0.0,1200.0
Q2,B4,2025-04-13,1200.0,6980.111062649559,0.0,6980.111062649559,1840.8281154840759,0.0,1200.0
Q2,B4,2025-04-14,1202.5740491417714,3501.2982641432627,0.0,3501.2982641432627,956.2973707971918,0.0,1200.0
Q2,B4,2025-04-15,1224.4971851281098,5818.8781687493165,0.0,5818.8781687493165,1715.954595649726,0.0,1200.0
Q2,B4,2025-04-16,1237.942235281428,7528.682832512923,0.0,7528.682832512923,2327.311588046142,0.0,1200.0
Q2,B4,2025-04-17,1200.0,7367.911335427324,0.0,7367.911335427324,1989.871813272677,0.0,1200.0
Q2,B4,2025-04-18,1200.0,2553.8907388388448,0.0,2553.8907388388448,880.7531882637554,0.0,1200.0
Q2,B4,2025-04-19,1287.523936884199,1878.726814908286,4.422677308250566,1874.3041376000356,664.6221038960608,2.0604133744470374,1200.0
Q2,B4,2025-04-20,1200.0,6971.061373237446,0.0,6971.061373237446,1860.1841804651729,0.0,1200.0
Q2,B4,2025-04-21,1200.0,1189.03107617399,0.0,1189.03107617399,517.4176992664663,0.0,1200.0
Q2,B4,2025-04-22,1220.4995405700404,7503.50908479174,0.0,7503.50908479174,2556.6573206958037,0.0,1200.0
Q2,B4,2025-04-23,1200.0,5237.841664719362,0.0,5237.841664719362,1790.9270470195975,0.0,1200.0
Q2,B4,2025-04-24,1244.5959487345974,2411.845213213073,0.0,2411.845213213073,745.7084916123124,0.0,1200.0
Q2,B4,2025-04-25,1200.0,933.6224411665457,0.0,933.6224411665457,355.67709674826494,0.0,1200.0
Q2,B4,2025-04-26,1222.5182422807147,8681.163418760385,314.4724198024903,8366.690998957894,2395.167569103505,85.45147594064176,1200.0
Q2,B4,2025-04-27,1205.851168139625,12989.23979773004,3496.4581372193306,9492.781660510711,3034.3725466081974,815.080105359255,1200.0
Q2,B4,2025-04-28,1200.0,23341.25018037235,12341.380018912278,10999.870161460072,7594.557394539997,5237.5582721804285,1200.0
Q2,B4,2025-04-29,1226.3766213631102,5164.776870879591,1248.4420646970023,3916.334806182589,1249.765834088386,323.8695132796198,1200.0
Q2,B4,2025-04-30,1220.298630655015,6019.446339384402,0.0,6019.446339384402,2372.8854443146365,0.0,1200.0
Q2,B4,2025-05-01,1200.0,24829.085798985005,13834.98693763039,10994.098861354614,5489.349532245367,3007.987922903628,1200.0
Q2,B4,2025-05-02,1200.0,28747.231456602643,13467.486545732314,15279.74491087033,7052.0279526845625,3417.0766704168423,1200.0
Q2,B4,2025-05-03,1200.0,19945.687859916623,9820.021976038908,10125.665883877715,4597.2787843478045,2128.562107982455,1200.0
Q2,B4,2025-05-04,1200.0,16008.62413576258,10061.333232111458,5947.290903651123,3759.2970010252766,2134.5516641816603,1200.0
Q2,B4,2025-05-05,1200.0,23563.03925369886,10962.62784662324,12600.411407075619,5293.468371356657,2697.0541338217013,1200.0
Q2,B4,2025-05-06,1200.0,20376.842513644573,9594.496206194326,10782.346307450247,4668.440495219735,2302.0518124135124,1200.0
Q2,B4,2025-05-07,1200.0,21239.098004222647,7502.421400391226,13736.676603831422,4555.712072471401,1942.9861858700533,1200.0
Q2,B4,2025-05-08,1200.0,10209.62124700282,243.22893262499974,9966.392314377821,3044.158190880311,35.99924999999996,1200.0
Q2,B4,2025-05-09,1200.0,1349.9182040556193,0.0,1349.9182040556193,389.76279650621694,0.0,1200.0
Q2,B4,2025-05-10,1253.4361337534783,7380.538628729879,0.0,7380.538628729879,2058.6267895871947,0.0,1200.0
Q2,B4,2025-05-11,1231.8595497416377,9717.011788805137,347.00548273969866,9370.00630606544,3069.893259039582,52.3712755613988,1200.0
Q2,B4,2025-05-12,1200.0,3323.8937583873785,0.0,3323.8937583873785,1012.1254411930805,0.0,1200.0
Q2,B4,2025-05-13,1245.470703322684,1956.28214676349,0.0,1956.28214676349,516.40984390802,0.0,1200.0
Q2,B4,2025-05-14,1236.3184248774437,1700.2301490730974,0.0,1700.2301490730974,456.01239694697335,0.0,1200.0
Q2,B4,2025-05-15,1316.7961251352838,7246.175274044741,0.0,7246.175274044741,1920.384905583486,0.0,1200.0
Q2,B4,2025-05-16,1608.1075872460387,1142.7430176052947,0.0,1142.7430176052947,367.67430212545753,0.0,1200.0
Q2,B4,2025-05-17,1200.0,10767.695822450996,0.0,10767.695822450996,2953.3084327759143,0.0,1200.0
Q2,B4,2025-05-18,1200.0,8595.69848755484,0.0,8595.69848755484,2399.1593847635554,0.0,1200.0
Q2,B4,2025-05-19,1228.735894477659,2398.3636644847797,62.5840411670034,2335.7796233177764,498.7325621379265,9.279270689747705,1200.0
Q2,B4,2025-05-20,1200.0,10216.238325754603,0.0,10216.238325754603,3406.7823596821613,0.0,1200.0
Q2,B4,2025-05-21,1200.0,3303.876075941398,0.0,3303.876075941398,923.5708390491221,0.0,1200.0
Q2,B4,2025-05-22,1201.5704522241251,6797.331789579196,17.33336499999957,6779.998424579197,1584.4149728428076,2.5699999999999363,1200.0
Q2,B4,2025-05-23,1227.4684263504364,4635.9581890076115,0.0,4635.9581890076115,1323.9757963606048,0.0,1200.0
Q2,B4,2025-05-24,1257.74491409196,1571.1245010166126,0.0,1571.1245010166126,587.9162311959519,0.0,1200.0
Q2,B4,2025-05-25,1475.3869528539535,3472.862817169496,178.01678710452558,3294.8460300649704,700.5922581775874,45.58107766361807,1200.0
Q2,B4,2025-05-26,1282.1999924493712,12774.607469378421,1284.8591886450663,11489.748280733354,3916.0206015309514,596.5005898970852,1200.0
Q2,B4,2025-05-27,1220.4449565371829,646.4592053070362,0.0,646.4592053070362,257.6698904882933,0.0,1200.0
Q2,B4,2025-05-28,1234.1674337582815,11243.226281616384,0.0,11243.226281616384,3492.7651574564175,0.0,1200.0
Q2,B4,2025-05-29,1232.7365817918846,15287.605983713947,2393.003549071809,12894.602434642138,4011.35167699445,980.7962922311639,1200.0
Q2,B4,2025-05-30,1228.545058078015,8224.612644525385,0.0,8224.612644525385,2162.4428586423714,0.0,1200.0
Q2,B4,2025-05-31,1322.1829771678522,9142.696096844178,36.11616352384842,9106.57993332033,2669.9449111985264,16.912275122382777,1200.0
Q2,B4,2025-06-01,1200.0,67493.1061544194,49317.06549603117,18176.04065838822,18262.763420473668,16087.674207552132,1200.0
Q2,B4,2025-06-02,1200.0,58542.032073014234,35525.357903138916,23016.674169875318,14883.433457847575,11768.123632590308,1200.0
Q2,B4,2025-06-03,1200.0,44664.665974640884,23730.27399494376,20934.391979697124,10994.268076414144,8584.724186485717,1200.0
Q2,B4,2025-06-04,1200.0,38349.04749262378,13510.947262194079,24838.1002304297,10195.769686101276,5019.416144331191,1200.0
Q2,B4,2025-06-05,1200.0,36410.857695313374,4957.048094956497,31453.80960035688,8943.594202712691,2013.488545841628,1200.0
Q2,B4,2025-06-06,1200.0,41508.05031315127,7072.057941884894,34435.99237126637,10271.20166022322,1667.8581571546565,1200.0
Q2,B4,2025-06-07,1200.0,29373.905128469243,5373.841631923662,24000.063496545583,7734.300340042208,1970.3956250120282,1200.0
Q2,B4,2025-06-08,1200.0,852.3587970162812,0.0,852.3587970162812,244.5066179509491,0.0,1200.0
Q2,B4,2025-06-09,1451.2973218178995,3380.7061869625413,0.0,3380.7061869625413,897.3504926256268,0.0,1200.0
Q2,B4,2025-06-10,1292.0597569788636,3296.815932729367,0.0,3296.815932729367,715.3906146954946,0.0,1200.0
Q2,B4,2025-06-11,1430.8683455139512,17296.136403640965,0.0,17296.136403640965,3889.5654488414225,0.0,1200.0
Q2,B4,2025-06-12,1440.944405550494,2607.418775772739,0.0,2607.418775772739,652.9560161891816,0.0,1200.0
Q2,B4,2025-06-13,1678.7218637416925,637.1504775849605,0.0,637.1504775849605,195.80712886375738,0.0,1200.0
Q2,B4,2025-06-14,1529.7002422405994,2062.109645462317,0.0,2062.109645462317,954.6274655320329,0.0,1200.0
Q2,B4,2025-06-15,1525.6596920246093,155.62340866000824,0.0,155.62340866000824,70.79064851442838,0.0,1200.0
Q2,B4,2025-06-16,1522.9207802890433,2775.4989306931902,0.0,2775.4989306931902,764.5908009463374,0.0,1200.0
Q2,B4,2025-06-17,1661.2692941492824,8073.81307145917,0.0,8073.81307145917,1977.9260224933357,0.0,1200.0
Q2,B4,2025-06-18,1284.341016901664,1615.8949591706921,0.0,1615.8949591706921,429.52587252332864,0.0,1200.0
Q2,B4,2025-06-19,1487.499844753205,1667.7807734809153,0.0,1667.7807734809153,488.51558759617706,0.0,1200.0
Q2,B4,2025-06-20,1200.0,362.522853360043,0.0,362.522853360043,123.9471081730167,0.0,1200.0
Q2,B4,2025-06-21,1703.4101855918204,665.8353578714924,0.0,665.8353578714924,301.1129855688294,0.0,1200.0
Q2,B4,2025-06-22,1717.555096149389,4682.314666155985,0.0,4682.314666155985,1353.7754585352982,0.0,1200.0
Q2,B4,2025-06-23,1215.7687659162727,2225.422236126946,0.0,2225.422236126946,638.2949722471168,0.0,1200.0
Q2,B4,2025-06-24,1536.7846290836098,28458.429214859934,6146.599652823892,22311.829562036044,6837.021492505301,1739.9670307992487,1200.0
Q2,B4,2025-06-25,1546.7016014448504,5868.1714163063825,0.0,5868.1714163063825,1652.3004220073365,0.0,1200.0
Q2,B4,2025-06-26,1427.9465492237805,6399.521666682557,0.0,6399.521666682557,1419.426438704529,0.0,1200.0
Q2,B4,2025-06-27,1211.8160299524868,332.838500128158,0.0,332.838500128158,144.94665167870667,0.0,1200.0
Q2,B4,2025-06-28,1288.0090341581647,1966.5741384765993,0.0,1966.5741384765993,590.9967288395035,0.0,1200.0
Q2,B4,2025-06-29,1200.0,7603.3244563237,0.0,7603.3244563237,2386.9606733594,0.0,1200.0
Q2,B4,2025-06-30,1200.0,2471.6839337389,0.0,2471.6839337389,631.5953820558951,0.0,1200.0
Q2,B4,2025-07-01,1342.6343532535068,21274.310287184133,1124.4139443333288,20149.896342850803,5352.498766740071,298.27495639858796,1200.0
Q2,B4,2025-07-02,1200.0,21923.398533337986,509.8087059266181,21413.589827411368,5646.469907180972,82.2684277275124,1200.0
Q2,B4,2025-07-03,1200.0,38578.813370809556,6178.328498994174,32400.48487181538,9478.930773593975,1823.7083685578286,1200.0
Q2,B4,2025-07-04,1200.0,27761.628893792782,5309.870561244844,22451.75833254794,7065.991592203469,2277.4856999622125,1200.0
Q2,B4,2025-07-05,1200.0,35055.54415052663,13830.377015034413,21225.167135492215,9189.050218085416,4733.199247823005,1200.0
Q2,B4,2025-07-06,1200.0,60068.69952857384,39365.79050533332,20702.909023240514,15505.45741090899,12722.540509226634,1200.0
Q2,B4,2025-07-07,1200.0,19041.685254466152,94.7966883029089,18946.888566163245,4966.304654088834,14.072098018690554,1200.0
Q2,B4,2025-07-08,1200.0,2273.2000298759626,0.0,2273.2000298759626,574.5763653900881,0.0,1200.0
Q2,B4,2025-07-09,1594.4164670918635,1067.4065203756982,0.0,1067.4065203756982,289.19762964153864,0.0,1200.0
Q2,B4,2025-07-10,1761.6517226275378,1054.5292132533048,0.0,1054.5292132533048,307.1189321188532,0.0,1200.0
Q2,B4,2025-07-11,1269.08105637089,1851.1981602022124,0.0,1851.1981602022124,672.4986555677574,0.0,1200.0
Q2,B4,2025-07-12,1897.633678907883,1050.133030804422,0.0,1050.133030804422,305.13311567431913,0.0,1200.0
Q2,B4,2025-07-13,1372.303147880645,434.98489870505665,94.412524294339,340.57237441071766,86.10404367306825,14.042057113276996,1200.0
Q2,B4,2025-07-14,1324.1651085838714,93.90714036635924,0.0,93.90714036635924,17.48410731080976,0.0,1200.0
Q2,B4,2025-07-15,1530.2800630211225,345.097601709712,0.0,345.097601709712,97.78377031636094,0.0,1200.0
Q2,B4,2025-07-16,1849.7240134095168,1763.4755091252728,0.0,1763.4755091252728,504.5415177277904,0.0,1200.0
Q2,B4,2025-07-17,1427.8197496428047,8420.075973814444,0.0,8420.075973814444,1887.2170281590465,0.0,1200.0
Q2,B4,2025-07-18,1482.15158510397,1691.2590892332366,0.0,1691.2590892332366,544.4285120649514,0.0,1200.0
Q2,B4,2025-07-19,1648.8868728025768,1490.4088098142668,0.0,1490.4088098142668,505.521680649577,0.0,1200.0
Q2,B4,2025-07-20,1302.347176174189,4596.164462720294,0.0,4596.164462720294,1345.971182408333,0.0,1200.0
Q2,B4,2025-07-21,1356.2336665419466,1240.535431097302,0.0,1240.535431097302,332.09493030522714,0.0,1200.0
Q2,B4,2025-07-22,1851.222283941112,3007.681792905369,0.0,3007.681792905369,832.2447181644402,0.0,1200.0
Q2,B4,2025-07-23,1476.8011001228267,2411.3610058529266,0.0,2411.3610058529266,611.4080400649921,0.0,1200.0
Q2,B4,2025-07-24,1471.1877647882889,7818.804675624456,0.0,7818.804675624456,2083.5912199062354,0.0,1200.0
Q2,B4,2025-07-25,1439.942628903387,146.98158131925913,0.0,146.98158131925913,67.71738908559777,0.0,1200.0
Q2,B4,2025-07-26,1638.6393502890987,1400.568320508612,0.0,1400.568320508612,634.33298155944,0.0,1200.0
Q2,B4,2025-07-27,1438.5716015915198,11510.135578499567,142.48486560062116,11367.650712898945,2649.73904074229,65.58508563854879,1200.0
Q2,B4,2025-07-28,1253.775410218046,10927.587421420256,0.0,10927.587421420256,2877.2680219584263,0.0,1200.0
Q2,B4,2025-07-29,1734.218712910785,1353.6275600615588,0.0,1353.6275600615588,290.99179300333424,0.0,1200.0
Q2,B4,2025-07-30,1483.0615643038998,4670.116444810295,0.0,4670.116444810295,1067.407017511736,0.0,1200.0
Q2,B4,2025-07-31,1635.2167516921793,9266.47885982402,0.0,9266.47885982402,2316.794860839392,0.0,1200.0
Q2,B4,2025-08-01,1200.0,361.5868224226301,0.0,361.5868224226301,168.1408148907836,0.0,1200.0
Q2,B4,2025-08-02,1435.1817687117718,0.0,0.0,0.0,0.0,0.0,1200.0
Q2,B4,2025-08-03,1399.7312690347808,3907.1729530573307,0.0,3907.1729530573307,797.2227882096847,0.0,1200.0
Q2,B4,2025-08-04,1200.0,593.8277351868821,0.0,593.8277351868821,122.75564193938763,0.0,1200.0
Q2,B4,2025-08-05,1354.172543391983,269.61398741790924,0.0,269.61398741790924,102.47509125311305,0.0,1200.0
Q2,B4,2025-08-06,1690.515182367716,10920.244184148412,0.0,10920.244184148412,3054.88280665215,0.0,1200.0
Q2,B4,2025-08-07,1574.344303173389,2245.523497584267,0.0,2245.523497584267,607.7337144567708,0.0,1200.0
Q2,B4,2025-08-08,1223.058034726834,1120.1444916212697,0.0,1120.1444916212697,249.5677359456993,0.0,1200.0
Q2,B4,2025-08-09,1459.6448927007457,3366.0163419903574,0.0,3366.0163419903574,949.9036142433017,0.0,1200.0
Q2,B4,2025-08-10,1321.1641551679886,9477.814708953465,0.0,9477.814708953465,2966.879218372792,0.0,1200.0
Q2,B4,2025-08-11,1277.040947966564,28.7308006493607,0.0,28.7308006493607,13.561860112985933,0.0,1200.0
Q2,B4,2025-08-12,1249.8160514357055,9127.07081265984,644.9262536173236,8482.144559042517,2843.2787328545373,313.60381892405724,1200.0
Q2,B4,2025-08-13,1214.7360017091437,4653.093511200423,1.1697011959438852,4651.923810004479,1749.300221752474,0.17350755706354448,1200.0
Q2,B4,2025-08-14,1236.757359233056,13336.6147421703,0.0,13336.6147421703,3030.1877297427263,0.0,1200.0
Q2,B4,2025-08-15,1200.0,1802.5543044002254,0.0,1802.5543044002254,539.0512855712502,0.0,1200.0
Q2,B4,2025-08-16,1290.729767112345,3381.873923948059,0.0,3381.873923948059,1005.0898320387516,0.0,1200.0
Q2,B4,2025-08-17,1247.1892723446276,10256.947928797148,56.463542535799256,10200.484386261349,2443.480619945064,8.399188179367684,1200.0
Q2,B4,2025-08-18,1225.6829507314533,4745.626691193291,0.0,4745.626691193291,1140.9909578639772,0.0,1200.0
Q2,B4,2025-08-19,1432.9960465897725,2507.927937322429,125.97397778994514,2381.953959532484,805.0845973897763,18.669942380106363,1200.0
Q2,B4,2025-08-20,1363.70025354459,23224.224317777454,9193.153185651365,14031.07113212609,6492.7523150970355,3866.5446894614756,1200.0
Q2,B4,2025-08-21,1200.0,6603.880725414495,236.4998243216606,6367.380901092834,2170.4307281682304,105.39361505571037,1200.0
Q2,B4,2025-08-22,1200.0,5682.843859338631,0.0,5682.843859338631,1564.88899434206,0.0,1200.0
Q2,B4,2025-08-23,1200.0,1661.055620441499,0.0,1661.055620441499,475.8547463262079,0.0,1200.0
Q2,B4,2025-08-24,1200.0,11121.11272865493,0.0,11121.11272865493,2716.3046263425426,0.0,1200.0
Q2,B4,2025-08-25,1211.8479118815735,14360.891035375305,3728.942716002862,10631.948319372443,4600.792886253288,1664.7823821123877,1200.0
Q2,B4,2025-08-26,1573.4936755318731,2121.394037716206,0.0,2121.394037716206,447.8240428855395,0.0,1200.0
Q2,B4,2025-08-27,1742.8449570130222,8255.12643190584,0.0,8255.12643190584,1931.1865939991728,0.0,1200.0
Q2,B4,2025-08-28,1235.4433377508567,17638.19960987834,5497.937544077616,12140.262065800722,5816.342225845829,2511.3518481217457,1200.0
Q2,B4,2025-08-29,1265.0406535517864,1882.783289714565,0.0,1882.783289714565,473.61860731795883,0.0,1200.0
Q2,B4,2025-08-30,1531.576254628294,1636.2211045368404,0.0,1636.2211045368404,546.1951480252766,0.0,1200.0
Q2,B4,2025-08-31,1200.6658218699235,6373.33523380467,0.0,6373.33523380467,1950.6354360047458,0.0,1200.0
Q2,B4,2025-09-01,1275.012554293193,317.0824651701358,0.0,317.0824651701358,136.02851358650184,0.0,1200.0
Q2,B4,2025-09-02,3349.7245055786507,3050.0854934651247,0.0,3050.0854934651247,655.0084125031901,0.0,1200.0
Q2,B4,2025-09-03,3005.695794718933,189.57778105678187,0.0,189.57778105678187,49.975356959592645,0.0,1200.0
Q2,B4,2025-09-04,3047.4932270373806,1867.7160414740695,0.0,1867.7160414740695,438.30882281788206,0.0,1200.0
Q2,B4,2025-09-05,2416.885966850883,588.6026882179884,0.0,588.6026882179884,252.56215562114187,0.0,1200.0
Q2,B4,2025-09-06,3080.146610277976,1400.8452265982055,0.0,1400.8452265982055,359.50513052141144,0.0,1200.0
Q2,B4,2025-09-07,2643.753181092024,3271.523751832935,0.0,3271.523751832935,1046.6290520864134,0.0,1200.0
Q2,B4,2025-09-08,2156.8118641275014,29203.35497258015,20475.125809149267,8728.229163430882,8298.043396909403,6277.690876265741,1200.0
Q2,B4,2025-09-09,1200.0,14176.86275197734,7072.019687717172,7104.843064260168,3608.8823891244597,1533.618290133933,1200.0
Q2,B4,2025-09-10,1200.0,32922.163025511094,18123.777296949942,14798.385728561152,8756.994350242821,6851.092450135719,1200.0
Q2,B4,2025-09-11,1200.0,16054.123639700454,6559.6869961755365,9494.436643524918,3999.861523146308,1796.057449440346,1200.0
Q2,B4,2025-09-12,1200.0,9626.921159817033,5920.3087488372985,3706.6124109797347,2948.9862160225966,2352.198544799574,1200.0
Q2,B4,2025-09-13,1200.0,12152.25383244055,6524.727815934747,5627.526016505803,3057.233142559011,1966.3061024158844,1200.0
Q2,B4,2025-09-14,1200.0,27597.499500202754,13046.672335760695,14550.827164442058,7244.553744182898,3934.0924006497644,1200.0
Q2,B4,2025-09-15,1200.0,9290.28621467467,735.7027139736077,8554.583500701063,2236.183676554714,119.36835532895931,1200.0
Q2,B4,2025-09-16,1261.160730769192,12733.01135936541,843.5952502132745,11889.416109152135,3883.2716729355934,285.0409253297023,1200.0
Q2,B4,2025-09-17,1200.0,13833.693488699037,2756.150169541987,11077.54331915705,3619.3017367941434,1282.2027359689866,1200.0
Q2,B4,2025-09-18,1200.0,18331.636461358285,3766.6937853922213,14564.942675966064,4576.872994673931,840.9690314562146,1200.0
Q2,B4,2025-09-19,1200.0,8746.657592272692,12.026836204992422,8734.6307560677,2375.492420667179,5.621330313153738,1200.0
Q2,B4,2025-09-20,1200.0,15862.323712300533,2273.588997812079,13588.734714488453,4053.4779853781,1057.1728573515156,1200.0
Q2,B4,2025-09-21,1200.0,12921.361796980455,0.0,12921.361796980455,3257.3207821042515,0.0,1200.0
Q2,B4,2025-09-22,1204.177523148626,9021.177006546555,28.050013648813405,8993.126992897742,2539.0068851167366,4.161105718560066,1200.0
Q2,B4,2025-09-23,1216.4248593942764,10881.393069081087,1884.64738114217,8996.745687938917,2603.050211110314,533.4387123754716,1200.0
Q2,B4,2025-09-24,1278.9997812705533,11151.529173707757,0.0,11151.529173707757,2996.9777809006264,0.0,1200.0
Q2,B4,2025-09-25,1200.0,12030.451324237916,95.6683313049378,11934.782992932978,3360.724110365682,45.708710609143715,1200.0
Q2,B4,2025-09-26,1200.0,4117.206699874155,0.0,4117.206699874155,1287.8777602936846,0.0,1200.0
Q2,B4,2025-09-27,1200.0,19811.70387949413,3419.336779570671,16392.36709992346,5434.604912082919,1202.41701961244,1200.0
Q2,B4,2025-09-28,1200.0,17370.764019695318,523.6025838422142,16847.161435853104,4445.214444917787,245.51029205405115,1200.0
Q2,B4,2025-09-29,1200.0,6155.5216994806615,0.0,6155.5216994806615,1459.9688550242786,0.0,1200.0
Q2,B4,2025-09-30,1200.0,12053.76225069358,0.0,12053.76225069358,3267.7258375095043,0.0,1200.0
Q2,B4,2025-10-01,1200.0,257.8740044622262,0.0,257.8740044622262,110.31707946560005,0.0,1200.0
Q2,B4,2025-10-02,1875.3504415801303,1631.1530898880667,0.0,1631.1530898880667,679.8657704918944,0.0,1200.0
Q2,B4,2025-10-03,1765.3346585082877,612.4220259818187,0.0,612.4220259818187,277.27456005752197,0.0,1200.0
Q2,B4,2025-10-04,2093.797237022375,2489.744083018036,0.0,2489.744083018036,751.2781186841919,0.0,1200.0
Q2,B4,2025-10-05,1984.9572615058376,1841.6947365298593,0.0,1841.6947365298593,662.2513890163083,0.0,1200.0
Q2,B4,2025-10-06,1667.7727939186482,2977.506954885794,0.0,2977.506954885794,1163.3948919988684,0.0,1200.0
Q2,B4,2025-10-07,1798.7997881967551,5294.647957065153,0.0,5294.647957065153,1401.0414569397535,0.0,1200.0
Q2,B4,2025-10-08,1970.1982362291735,12156.432908050752,0.0,12156.432908050752,3184.3177385003473,0.0,1200.0
Q2,B4,2025-10-09,1207.4325689400673,14063.66747300835,849.9614510335591,13213.706021974791,3236.428244814812,154.4062496725536,1200.0
Q2,B4,2025-10-10,1200.0,6139.240893724247,0.0,6139.240893724247,1658.0777000174246,0.0,1200.0
Q2,B4,2025-10-11,1200.0,7757.932618657456,4989.56727729806,2768.3653413593966,1916.7069113199361,1374.4938968798094,1200.0
Q2,B4,2025-10-12,1200.0,18781.53409602925,7248.831375515447,11532.702720513802,5206.383991518767,2759.9009001046597,1200.0
Q2,B4,2025-10-13,1200.0,4889.952344893896,0.0,4889.952344893896,1254.0784715980558,0.0,1200.0
Q2,B4,2025-10-14,1200.0,15816.10049404738,1988.7420242752255,13827.358469772154,3890.9079990716073,862.4977170778596,1200.0
Q2,B4,2025-10-15,1200.0,16695.578528054204,1719.7753698104812,14975.803158243723,4589.086367240947,762.210853537615,1200.0
Q2,B4,2025-10-16,1200.0,24833.70452308621,5847.676791200721,18986.02773188549,6522.84197494527,1817.9738669578326,1200.0
Q2,B4,2025-10-17,1200.0,4171.980767578198,0.0,4171.980767578198,1210.6615040347833,0.0,1200.0
Q2,B4,2025-10-18,1206.5457912294423,6977.662331436268,0.0,6977.662331436268,2299.7144355754817,0.0,1200.0
Q2,B4,2025-10-19,1200.0,21391.237390254544,12427.01980205188,8964.217588202664,5403.632601215137,3852.4034355089343,1200.0
Q2,B4,2025-10-20,1200.0,8474.252322241759,869.7333161941976,7604.519006047561,1835.546503004636,230.5690001900357,1200.0
Q2,B4,2025-10-21,1200.0,9654.292789921841,0.0,9654.292789921841,2666.79142739902,0.0,1200.0
Q2,B4,2025-10-22,1200.0,15613.1932092275,2797.430197227492,12815.763012000009,3495.752348272672,762.633324555585,1200.0
Q2,B4,2025-10-23,1200.0,8575.854074903966,0.0,8575.854074903966,2108.035376593809,0.0,1200.0
Q2,B4,2025-10-24,1200.0,5004.669454559391,0.0,5004.669454559391,1284.4552183244105,0.0,1200.0
Q2,B4,2025-10-25,1200.0,6955.7682820673745,0.0,6955.7682820673745,1670.9285680269281,0.0,1200.0
Q2,B4,2025-10-26,1200.0,5426.864675181097,0.0,5426.864675181097,1488.265854842697,0.0,1200.0
Q2,B4,2025-10-27,1200.0,5689.843200301942,0.0,5689.843200301942,1504.2865074014849,0.0,1200.0
Q2,B4,2025-10-28,1200.0,8062.166790183948,0.0,8062.166790183948,1995.2954055170148,0.0,1200.0
Q2,B4,2025-10-29,1200.0,17443.24736877883,1414.653538375187,16028.593830403643,4420.355279916932,614.6899197292423,1200.0
Q2,B4,2025-10-30,1200.0,8504.931427867345,0.0,8504.931427867345,2109.2234684263335,0.0,1200.0
Q2,B4,2025-10-31,1200.0,5153.751331031288,0.0,5153.751331031288,1683.727930074092,0.0,1200.0
Q2,B4,2025-11-01,1200.0,6192.766088474642,0.0,6192.766088474642,1981.181526218816,0.0,1200.0
Q2,B4,2025-11-02,1200.0,14191.522701597281,4127.705531336675,10063.817170260605,3299.7500843113294,1246.8960737139885,1200.0
Q2,B4,2025-11-03,1200.0,3129.897024692331,0.0,3129.897024692331,1060.01966647009,0.0,1200.0
Q2,B4,2025-11-04,1200.0,3727.452940750187,0.0,3727.452940750187,713.1258864791505,0.0,1200.0
Q2,B4,2025-11-05,1200.0,4717.373489097984,0.0,4717.373489097984,1198.0566408040074,0.0,1200.0
Q2,B4,2025-11-06,1236.3538846031302,15623.045623762666,3092.4675926387913,12530.578031123874,3667.5498813277154,889.9927077735106,1200.0
Q2,B4,2025-11-07,1205.6468641444549,4354.864116416455,0.0,4354.864116416455,1114.9302521827426,0.0,1200.0
Q2,B4,2025-11-08,1200.0,1951.6275375488328,0.0,1951.6275375488328,463.489759622636,0.0,1200.0
Q2,B4,2025-11-09,1200.0,9454.950031483622,83.63135226073892,9371.318679222883,2763.323283186272,39.84619827201573,1200.0
Q2,B4,2025-11-10,1200.0,11357.344995634885,0.0,11357.344995634885,2901.5014583475177,0.0,1200.0
Q2,B4,2025-11-11,1200.0,4551.774020070077,0.0,4551.774020070077,1156.9073087213746,0.0,1200.0
Q2,B4,2025-11-12,1200.0,4305.720751487869,0.0,4305.720751487869,954.6064275488677,0.0,1200.0
Q2,B4,2025-11-13,1200.0,10865.274174170869,592.940022285908,10272.334151884961,2853.790416692003,177.55270863457918,1200.0
Q2,B4,2025-11-14,1200.0,4245.659720491202,0.0,4245.659720491202,1351.472828174608,0.0,1200.0
Q2,B4,2025-11-15,1201.336479783652,4605.817353655713,37.80148913306643,4568.015864522647,1246.667269926209,17.5372252994973,1200.0
Q2,B4,2025-11-16,1203.6854449377718,7169.748946776913,0.0,7169.748946776913,1651.230857341834,0.0,1200.0
Q2,B4,2025-11-17,1200.0,1990.72727723431,0.0,1990.72727723431,580.4371326990301,0.0,1200.0
Q2,B4,2025-11-18,1232.8537880587712,6999.473659927726,0.0,6999.473659927726,2239.417678501618,0.0,1200.0
Q2,B4,2025-11-19,1211.7751052673823,8616.646217649366,6.301057499999959,8610.345160149365,2048.0023732112068,1.384999999999991,1200.0
Q2,B4,2025-11-20,1200.0,6520.033973320225,0.0,6520.033973320225,1841.4395538245922,0.0,1200.0
Q2,B4,2025-11-21,1200.9170620653358,2191.460302032401,0.0,2191.460302032401,877.9449517057046,0.0,1200.0
Q2,B4,2025-11-22,1207.9561526462055,2955.060653027316,0.0,2955.060653027316,806.1979250704848,0.0,1200.0
Q2,B4,2025-11-23,1200.0,6214.257117845746,0.0,6214.257117845746,1439.8998302273606,0.0,1200.0
Q2,B4,2025-11-24,1200.0,5440.069028513859,83.29960205337366,5356.769426460485,1368.9509809552549,17.783860387142113,1200.0
Q2,B4,2025-11-25,1200.0,5430.836139946836,0.0,5430.836139946836,1361.8827427853378,0.0,1200.0
Q2,B4,2025-11-26,1200.0,6539.512084990294,17.884846513607425,6521.627238476687,1809.9494364453776,3.8182849089682804,1200.0
Q2,B4,2025-11-27,1200.0,5447.525928332033,0.0,5447.525928332033,1285.1821770047918,0.0,1200.0
Q2,B4,2025-11-28,1200.0,4588.755984098387,0.0,4588.755984098387,1102.1012601520993,0.0,1200.0
Q2,B4,2025-11-29,1200.0,10333.915614382691,0.0,10333.915614382691,3672.135385337074,0.0,1200.0
Q2,B4,2025-11-30,1200.0,10094.423761211163,0.0,10094.423761211163,2493.697728534271,0.0,1200.0
Q2,B4,2025-12-01,1200.0,26338.92562445548,18611.44355231999,7727.482072135492,7185.413703507096,5875.549311040421,1200.0
Q2,B4,2025-12-02,1200.0,34350.549560339445,24150.615713060557,10199.933847278888,9069.38612209561,7422.739697840643,1200.0
Q2,B4,2025-12-03,1200.0,21573.13709900435,10782.907901232718,10790.229197771632,6569.052682323754,4626.081887271535,1200.0
Q2,B4,2025-12-04,1200.0,25727.64403183039,8681.158798665954,17046.485233164436,6819.594205469558,3063.054933669776,1200.0
Q2,B4,2025-12-05,1200.0,16799.042453992985,0.0,16799.042453992985,5048.0070981761855,0.0,1200.0
Q2,B4,2025-12-06,1200.0,21255.803409551783,11839.205100525494,9416.598309026289,6591.891383195811,5200.135594047108,1200.0
Q2,B4,2025-12-07,1200.0,18447.610207194273,646.974105992604,17800.636101201668,5121.831893196538,298.29586199861774,1200.0
Q2,B4,2025-12-08,1200.0,1593.213450302318,0.0,1593.213450302318,451.1421602738152,0.0,1200.0
Q2,B4,2025-12-09,1247.3064062753444,766.6607887046464,0.0,766.6607887046464,174.29557944951742,0.0,1200.0
Q2,B4,2025-12-10,1207.949924457619,2589.3354216100824,0.0,2589.3354216100824,628.5559605785452,0.0,1200.0
Q2,B4,2025-12-11,1200.0,837.8914898225125,0.0,837.8914898225125,274.067571580915,0.0,1200.0
Q2,B4,2025-12-12,1200.0,1101.002202753935,0.0,1101.002202753935,423.8860298295156,0.0,1200.0
Q2,B4,2025-12-13,1200.0,1435.7685679915387,0.0,1435.7685679915387,398.3650238909456,0.0,1200.0
Q2,B4,2025-12-14,1237.7692913270848,899.4412246211906,0.0,899.4412246211906,213.50923908401109,0.0,1200.0
Q2,B4,2025-12-15,1200.0,1526.521017046787,0.0,1526.521017046787,448.0342704020474,0.0,1200.0
Q2,B4,2025-12-16,1223.7557877623906,525.900364656047,0.0,525.900364656047,180.93445492673442,0.0,1200.0
Q2,B4,2025-12-17,1222.8798397147723,1168.2384101924358,0.0,1168.2384101924358,312.51510930312816,0.0,1200.0
Q2,B4,2025-12-18,1219.0242602441713,2782.2290311828356,0.0,2782.2290311828356,855.695805919107,0.0,1200.0
Q2,B4,2025-12-19,1207.4632557722564,1774.79691405616,0.0,1774.79691405616,561.4426250297375,0.0,1200.0
Q2,B4,2025-12-20,1200.0,1000.0126926462002,0.0,1000.0126926462002,353.0257440669744,0.0,1200.0
Q2,B4,2025-12-21,1218.4231694277155,2381.7492152285467,0.0,2381.7492152285467,694.1180672867035,0.0,1200.0
Q2,B4,2025-12-22,1217.8550542895405,1795.0232824738391,0.0,1795.0232824738391,403.8831433885893,0.0,1200.0
Q2,B4,2025-12-23,1200.0,531.8328067515616,0.0,531.8328067515616,135.0136443153254,0.0,1200.0
Q2,B4,2025-12-24,1213.302805303297,1791.038369229852,0.0,1791.038369229852,397.2813712591826,0.0,1200.0
Q2,B4,2025-12-25,1200.0,4586.269038164478,0.0,4586.269038164478,1199.3898117557692,0.0,1200.0
Q2,B4,2025-12-26,1200.0,1239.7360781160892,0.0,1239.7360781160892,436.91070661927546,0.0,1200.0
Q2,B4,2025-12-27,1526.749733822235,654.9050823689574,0.0,654.9050823689574,188.95325371385894,0.0,1200.0
Q2,B4,2025-12-28,1200.0,1752.9143132280708,0.0,1752.9143132280708,448.25592837609963,0.0,1200.0
Q2,B4,2025-12-29,1215.159746301778,650.5231402159053,0.0,650.5231402159053,189.93077623481085,0.0,1200.0
Q2,B4,2025-12-30,1200.0,663.7145642459163,0.0,663.7145642459163,218.81185907248278,0.0,1200.0
Q2,B4,2025-12-31,1241.022937119949,4126.9426449592165,0.0,4126.9426449592165,1091.9114481555348,0.0,1200.0
Q4-2,B1,2025-02-01,3911.098134470335,536.8916859892527,0.0,536.8916859892527,174.85504973133905,0.0,1200.0
Q4-2,B1,2025-02-02,1209.7760767452207,630.3981499715894,7.203218663588132,623.1949313080013,196.84669609196928,1.3402583800517505,1200.0
Q4-2,B1,2025-02-03,1205.9200660289312,3686.4546679496625,272.4026126305548,3414.0520553191077,893.3533612092342,54.76311611580695,1200.0
Q4-2,B1,2025-02-04,1214.7415490547662,8479.812804854966,5142.1298825447775,3337.6829223101886,1936.5979108219333,1174.2490257175564,1200.0
Q4-2,B1,2025-02-05,1200.0,5019.870487011174,2543.260393356458,2476.6100936547164,1183.3238955694917,578.3760474910894,1200.0
Q4-2,B1,2025-02-06,1311.7972215902462,3706.040390642931,388.5189419999998,3317.5214486429313,931.9834176369586,54.7670333333333,1200.0
Q4-2,B1,2025-02-07,1241.398628924108,459.2668128945168,105.94044087107426,353.32637202344256,195.15760121520046,27.7403177672242,1200.0
Q4-2,B1,2025-02-08,1240.297616436631,4289.264711887086,1618.9260131978704,2670.338698689216,1653.4351357704447,547.0173343750314,1200.0
Q4-2,B1,2025-02-09,1233.7379144590334,14248.08963159549,13144.468136548629,1103.621495046862,3446.800725584025,3175.833547945809,1200.0
Q4-2,B1,2025-02-10,1200.0,1999.5932878901563,818.9066233636253,1180.6866645265309,714.8638061296382,272.1600441795328,1200.0
Q4-2,B1,2025-02-11,1200.0,3870.8881218510905,2624.552014874015,1246.3361069770754,878.4091601101615,462.4943409361419,1200.0
Q4-2,B1,2025-02-12,1200.0,5775.116797315343,2248.8380941378728,3526.2787031774706,1381.0100474508595,451.60710768260515,1200.0
Q4-2,B1,2025-02-13,1200.0,4600.003266502258,2199.440974212334,2400.5622922899242,1242.5275356672887,391.8472910937561,1200.0
Q4-2,B1,2025-02-14,1200.0,3582.495420930725,1187.6700806685758,2394.825340262149,1781.049238995632,522.3793987272195,1200.0
Q4-2,B1,2025-02-15,1200.0,5681.400350113866,2869.6729805371515,2811.7273695767144,2492.146488946755,1077.4440205178314,1200.0
Q4-2,B1,2025-02-16,1200.0,19165.339603212007,17482.351719401897,1682.9878838101104,4618.798004677319,4245.86446308928,1200.0
Q4-2,B1,2025-02-17,1200.0,4442.636124827957,2059.680046083751,2382.956078744206,1152.2389036193547,363.6687029543102,1200.0
Q4-2,B1,2025-02-18,1223.123077096619,6062.171212426436,2844.2815761152724,3217.8896363111635,1536.6338566484428,553.6840177693778,1200.0
Q4-2,B1,2025-02-19,1200.0,11611.595850330068,10106.013833655756,1505.5820166743124,2876.4783364059467,2488.1561362416323,1200.0
Q4-2,B1,2025-02-20,1200.0,7246.783758954865,5749.926965262163,1496.856793692702,1758.7453617860374,1308.9917366647067,1200.0
Q4-2,B1,2025-02-21,1200.0,1384.6637668986434,741.8894402550026,642.7743266436408,730.9651981937213,415.9463152730649,1200.0
Q4-2,B1,2025-02-22,1200.0,5071.654467957675,1542.8418593890228,3528.8126085686517,2291.6526352198944,651.741992040237,1200.0
Q4-2,B1,2025-02-23,1200.0,11540.538693466307,9118.532546806131,2422.0061466601765,3028.5476276014892,2455.1916140455114,1200.0
Q4-2,B1,2025-02-24,1200.0,3339.6641425383314,2451.475502463319,888.1886400750122,836.9826230824293,518.443245361333,1200.0
Q4-2,B1,2025-02-25,1223.5205972345689,3774.6229457702057,1796.2761495512827,1978.346796218923,1039.3169314718853,439.4566157427771,1200.0
Q4-2,B1,2025-02-26,1200.0,6508.501210233422,4183.525804013928,2324.9754062194943,1758.552753885419,1023.4313620828752,1200.0
Q4-2,B1,2025-02-27,1200.0,9819.897990696127,8064.740815018529,1755.1571756775975,2042.0416138825622,1662.1007739999454,1200.0
Q4-2,B1,2025-02-28,1200.0,2789.6165484913554,756.7415203677245,2032.8750281236307,1321.8568665543605,232.448486083702,1200.0
Q4-2,B1,2025-03-01,1200.0,2486.3607762478728,1045.2371114172854,1441.1236648305874,935.7941189687666,281.8243136925149,1200.0
Q4-2,B1,2025-03-02,1237.6879260644062,30081.88617461449,27393.676692353423,2688.209482261067,7900.875049326507,7165.429081655195,1200.0
Q4-2,B1,2025-03-03,1200.0,21814.630570943576,18387.47612360678,3427.1544473367976,5147.008977485835,4496.337636232333,1200.0
Q4-2,B1,2025-03-04,1200.0,5071.680504928129,1111.4328431217534,3960.2476618063756,1481.5517341924856,308.3260280598826,1200.0
Q4-2,B1,2025-03-05,1200.0,3383.4998375855143,1229.063702374867,2154.436135210647,896.1734116001124,216.48831029539446,1200.0
Q4-2,B1,2025-03-06,1200.0,5127.25693810675,4295.120472251256,832.136465855494,1418.784550237279,1083.7926712901472,1200.0
Q4-2,B1,2025-03-07,1200.0,2018.3214315190144,109.78150092057162,1908.5399305984427,856.6754122804567,60.75130362723314,1200.0
Q4-2,B1,2025-03-08,1236.0464657120351,2439.1995091997014,1835.8897752664222,603.3097339332792,1190.2899264721345,1034.837853692976,1200.0
Q4-2,B1,2025-03-09,1200.0,3607.752391604872,2241.59762491288,1366.1547666919923,1215.2792262879989,771.4137008226519,1200.0
Q4-2,B1,2025-03-10,1200.0,14762.894145176402,12327.890390924373,2435.0037542520295,4286.128447359408,3663.354917508178,1200.0
Q4-2,B1,2025-03-11,1238.190907966913,6214.196109639973,4534.783609510986,1679.4125001289867,1570.4787439576098,1046.572885660231,1200.0
Q4-2,B1,2025-03-12,1200.0,5140.837808925623,3747.777637036718,1393.0601718889052,1434.1751695557248,903.8405890270091,1200.0
Q4-2,B1,2025-03-13,1200.0,25913.75429429661,22977.827946325528,2935.9263479710826,6634.198821576161,6194.464967059566,1200.0
Q4-2,B1,2025-03-14,1200.0,3145.5447222576186,1247.3141771254882,1898.2305451321304,1420.9625780279312,699.3952802796574,1200.0
Q4-2,B1,2025-03-15,1217.1451299431517,5180.842492878953,3373.591528351884,1807.2509645270688,2215.334428742147,1441.4128812215374,1200.0
Q4-2,B1,2025-03-16,1200.0,9705.544881879352,7168.082375765191,2537.4625061141614,2848.185625528613,2277.9533835672137,1200.0
Q4-2,B1,2025-03-17,1200.0,2037.2350233993498,323.47186376523604,1713.7631596341137,602.4688958149861,79.98945309952255,1200.0
Q4-2,B1,2025-03-18,1200.0,11046.336223771552,7281.381819951711,3764.954403819841,2482.4670799707237,1889.9164018278648,1200.0
Q4-2,B1,2025-03-19,1200.0,6554.886078245601,3882.391131573313,2672.4949466722883,1485.7847627383924,1050.9521660103705,1200.0
Q4-2,B1,2025-03-20,1268.19296684674,11318.60900400072,9611.637253703142,1706.9717502975782,3103.397615669877,2802.298291705779,1200.0
Q4-2,B1,2025-03-21,1200.0,2295.802585596147,2045.50458470674,250.29800088940692,1054.8225434825354,974.3083222342061,1200.0
Q4-2,B1,2025-03-22,1200.0,3501.4114238885927,394.468295354177,3106.943128534416,1731.756779073804,239.90640122737761,1200.0
Q4-2,B1,2025-03-23,1200.0,9773.237650593752,5998.422331806026,3774.815318787726,2726.2855089338186,1589.9489556731996,1200.0
Q4-2,B1,2025-03-24,1200.0,6130.555675567947,3797.3639078487977,2333.1917677191495,1913.7844654470898,1245.963949883846,1200.0
Q4-2,B1,2025-03-25,1200.0,16104.562110243813,14443.621376133,1660.9407341108126,4746.179157507019,4429.8066641895,1200.0
Q4-2,B1,2025-03-26,1200.0,4660.085754914695,3657.22420753427,1002.8615473804248,1328.9573753468585,1025.8272157972842,1200.0
Q4-2,B1,2025-03-27,1200.0,10992.674258980442,9602.055235886972,1390.6190230934699,3239.726208251786,3108.3520177084374,1200.0
Q4-2,B1,2025-03-28,1200.0,1265.3087993702184,631.2033462488516,634.1054531213667,588.2730287989223,369.9739269221026,1200.0
Q4-2,B1,2025-03-29,1200.0,2364.523497395032,1878.9363182484317,485.5871791466002,975.4682123408367,733.4040318195018,1200.0
Q4-2,B1,2025-03-30,1200.0385974629835,6155.820456525948,3345.5553421675313,2810.265114358417,2155.9596409995247,1391.5772858291195,1200.0
Q4-2,B1,2025-03-31,1200.0,14706.84401897162,9127.106270700482,5579.737748271138,4473.668644038513,3184.347481695739,1200.0
Q4-2,B1,2025-04-01,1262.0725583380708,18587.653056602656,16239.31006530437,2348.3429912982865,6085.555446923564,5428.270416527155,1200.0
Q4-2,B1,2025-04-02,1200.0,24392.63169414662,18018.28222705023,6374.349467096392,6783.311984770337,5772.475792812704,1200.0
Q4-2,B1,2025-04-03,1200.0,10954.662716828065,7690.959744701864,3263.7029721262006,2813.0318507097154,2215.2854709366143,1200.0
Q4-2,B1,2025-04-04,1200.0,1499.565555940642,835.9133846623774,663.6521712782646,768.3763482459696,498.13334490358426,1200.0
Q4-2,B1,2025-04-05,1200.0,6547.354655862572,1165.713273656016,5381.641382206556,2965.4811949352693,522.6387907230046,1200.0
Q4-2,B1,2025-04-06,1211.8479118815742,4642.920129170757,2205.425968853401,2437.4941603173556,1350.2329975235648,569.3848080511627,1200.0
Q4-2,B1,2025-04-07,1200.0,5580.041582447806,306.7184637749012,5273.3231186729045,2006.1012934871515,145.61938129595086,1200.0
Q4-2,B1,2025-04-08,1200.0,8995.325089166623,5581.385120391664,3413.939968774959,2346.4321587197946,1501.9826600596016,1200.0
Q4-2,B1,2025-04-09,1200.0,18597.668667968428,16362.768324094392,2234.9003438740365,6175.474758227914,5702.070756684943,1200.0
Q4-2,B1,2025-04-10,1200.0,9365.02148402371,6829.196074045338,2535.8254099783717,2475.7100990921235,2116.3492444777266,1200.0
Q4-2,B1,2025-04-11,1200.0,1458.336990795391,713.1164316764362,745.220559118955,767.6286516533198,431.35219486167955,1200.0
Q4-2,B1,2025-04-12,1200.0,2206.90033628002,0.0,2206.90033628002,1180.6669778442322,0.0,1200.0
Q4-2,B1,2025-04-13,1200.0,9182.361622277873,7853.756926115175,1328.604696162698,3162.4030915886424,2720.765095364819,1200.0
Q4-2,B1,2025-04-14,1200.9614112793308,4660.351576060415,1203.909572081707,3456.4420039787083,1660.192909932871,243.34207509436902,1200.0
Q4-2,B1,2025-04-15,1200.0,6252.080563156054,713.5204940590568,5538.560069096998,1933.8839528287372,220.7305866016465,1200.0
Q4-2,B1,2025-04-16,1206.054321312066,11828.307762041224,9731.276689053764,2097.03107298746,4284.3749112757005,3670.203098153881,1200.0
Q4-2,B1,2025-04-17,1200.0,7360.502056749626,5535.107441196374,1825.3946155532522,2277.574018027772,1917.5805659068787,1200.0
Q4-2,B1,2025-04-18,1200.0,1959.6911452595446,245.98806292452417,1713.7030823350203,990.3940926485816,143.89334712696598,1200.0
Q4-2,B1,2025-04-19,1200.0,2027.7280031514879,1134.4593419343153,893.2686612171726,988.6060387306171,653.3114372108191,1200.0
Q4-2,B1,2025-04-20,1200.0,4923.907619824012,3348.402462326332,1575.5051574976796,1817.2877739001538,1382.913454673519,1200.0
Q4-2,B1,2025-04-21,1200.0,2174.4124515268973,469.6307846896785,1704.7816668372188,789.6181176070236,188.96740374744297,1200.0
Q4-2,B1,2025-04-22,1200.0,9732.948236308755,6474.805996896789,3258.1422394119663,3755.2464608676128,2991.458563342302,1200.0
Q4-2,B1,2025-04-23,1200.0,5998.357273669444,1793.6260000177367,4204.731273651707,2152.573540274176,803.2955930972641,1200.0
Q4-2,B1,2025-04-24,1200.0,3481.5032848208994,1698.9067688057833,1782.596516015116,1185.7050052859186,416.13377972485,1200.0
Q4-2,B1,2025-04-25,1200.0,1156.2557272732456,735.7290399075202,420.52668736572537,547.1401552698142,321.23286279363685,1200.0
Q4-2,B1,2025-04-26,1200.0,6360.46391828575,2519.2189858574347,3841.244932428315,2819.0151953245827,968.4451001483719,1200.0
Q4-2,B1,2025-04-27,1205.851168139625,13030.074643509273,10039.555744013072,2990.518899496201,3279.7380002520567,2826.4887370698134,1200.0
Q4-2,B1,2025-04-28,1200.0,28764.949686139033,23129.836885878267,5635.112800260766,9167.21794121492,8767.373825529856,1200.0
Q4-2,B1,2025-04-29,1200.0,5612.443936528079,4872.166648094535,740.2772884335436,1362.9825729839747,1169.1812388748037,1200.0
Q4-2,B1,2025-04-30,1200.0,6173.822251683339,1144.3111859912058,5029.511065692133,2459.146412672374,207.67744191494324,1200.0
Q4-2,B1,2025-05-01,1200.0,25663.581435182463,22529.364241139345,3134.217194043118,5754.068160875744,5733.9600055701985,1200.0
Q4-2,B1,2025-05-02,1200.0,21408.800706210543,12969.48917999846,8439.311526212083,7545.483204379532,4109.002270045095,1200.0
Q4-2,B1,2025-05-03,1200.0,14779.638274035366,10731.05595261068,4048.582321424685,4819.472186573818,3160.7870439981693,1200.0
Q4-2,B1,2025-05-04,1200.0,18206.145200657746,15051.632954793573,3154.5122458641727,4702.26200202948,3374.1962927766263,1200.0
Q4-2,B1,2025-05-05,1200.0,25801.887135472985,20264.558479923904,5537.328655549081,6121.467802591948,5782.943494270403,1200.0
Q4-2,B1,2025-05-06,1200.0,22502.564055769326,18687.43412714357,3815.1299286257563,5290.7843135925405,5147.729012564664,1200.0
Q4-2,B1,2025-05-07,1200.0,24306.296888745055,21606.800065972642,2699.496822772413,5712.5669990900715,5464.392720959413,1200.0
Q4-2,B1,2025-05-08,1200.0,13294.773046998602,8248.050136407126,5046.722910591476,4560.770455370625,3273.2369231633993,1200.0
Q4-2,B1,2025-05-09,1200.0,1581.6807889840602,554.5258506636761,1027.1549383203842,689.938289470755,276.53125029545777,1200.0
Q4-2,B1,2025-05-10,1200.0,5346.200264531793,231.1102341034834,5115.0900304283105,2622.0384579213114,139.21047459183313,1200.0
Q4-2,B1,2025-05-11,1209.6562202978532,10966.418908740237,7363.687122823778,3602.7317859164596,3655.3349717880883,2525.9511711466084,1200.0
Q4-2,B1,2025-05-12,1200.0,5369.42879378215,1096.4437158568765,4272.985077925274,1700.194855819578,242.60208717933227,1200.0
Q4-2,B1,2025-05-13,1200.0,1874.8938077466753,0.0,1874.8938077466753,661.5841908071211,0.0,1200.0
Q4-2,B1,2025-05-14,1254.2214729008792,2484.734980651134,0.0,2484.734980651134,833.7956233098175,0.0,1200.0
Q4-2,B1,2025-05-15,1200.0,6053.133985490657,2487.103695784803,3566.030289705854,1610.0778694272094,638.5016546049941,1200.0
Q4-2,B1,2025-05-16,1234.4816102210937,1375.2931816953892,626.951884144732,748.3412975506571,781.7973206921105,372.1634314437752,1200.0
Q4-2,B1,2025-05-17,1200.0,7602.761943064854,2708.532597707479,4894.229345357375,3212.4222014990005,803.9488535371619,1200.0
Q4-2,B1,2025-05-18,1200.0,7518.016901932382,3753.38974802526,3764.627153907122,2981.618506642495,1544.694710402015,1200.0
Q4-2,B1,2025-05-19,1200.0,3066.204136732341,1479.219996828644,1586.9841399036968,693.2403171239393,273.73851934439244,1200.0
Q4-2,B1,2025-05-20,1200.0,12605.058065283247,8148.142460498914,4456.915604784333,3894.8262361161487,2893.36166785035,1200.0
Q4-2,B1,2025-05-21,1200.0,6507.359450674112,3468.351056518055,3039.008394156057,1987.135755197588,927.0760142632332,1200.0
Q4-2,B1,2025-05-22,1200.0,7428.5400832788255,5352.214364367175,2076.3257189116503,2171.6660920601703,1339.3400309150697,1200.0
Q4-2,B1,2025-05-23,1200.0,4461.220966039722,1436.5924160064533,3024.6285500332688,1961.5880632243225,584.5086389844607,1200.0
Q4-2,B1,2025-05-24,1200.0,1275.8886976207966,420.97832318011365,854.910374440683,707.3914452113793,231.1588915291568,1200.0
Q4-2,B1,2025-05-25,1245.9326169691149,4354.637335910142,3448.9404721381316,905.6968637720101,970.9600860488666,677.4564942054817,1200.0
Q4-2,B1,2025-05-26,1200.0,14482.741966445356,10608.718353132803,3874.0236133125527,5585.1239079651405,4564.778604023474,1200.0
Q4-2,B1,2025-05-27,1283.6767348714416,1426.127851115884,175.1543560693134,1250.9734950465704,486.62794008028715,80.79673105723234,1200.0
Q4-2,B1,2025-05-28,1200.0,12667.417772969518,6349.9487824454245,6317.468990524094,4669.80506111485,2564.2420058807184,1200.0
Q4-2,B1,2025-05-29,1202.161670526967,16368.453086077272,13734.734137944642,2633.7189481326295,5438.595868523882,4892.9184264908545,1200.0
Q4-2,B1,2025-05-30,1200.0,5601.738559269249,1229.6274558866878,4372.111103382561,2316.2793565965767,416.94486553128655,1200.0
Q4-2,B1,2025-05-31,1200.0,6639.141458510603,1833.203591708148,4805.937866802455,2973.4145471477814,926.2384582371648,1200.0
Q4-2,B1,2025-06-01,1200.0,77648.97138106456,73606.4407426273,4042.530638437267,20477.472712495157,19844.93509804068,1200.0
Q4-2,B1,2025-06-02,1200.0,63606.65486222387,59045.40533288906,4561.249529334811,15951.014128069894,16032.346576812048,1200.0
Q4-2,B1,2025-06-03,1200.0,50893.85223405359,50006.91992445995,886.9323095936415,13914.33932146385,13885.958318789053,1200.0
Q4-2,B1,2025-06-04,1200.0,48861.370979310355,47264.8770659097,1596.4939134006563,13093.598784945636,13126.569274278445,1200.0
Q4-2,B1,2025-06-05,1200.0,49946.847920558976,49378.77985036513,568.0680701938472,13280.193379732867,13175.061863739302,1200.0
Q4-2,B1,2025-06-06,1200.0,42444.27159728192,27347.00064355415,15097.27095372777,13073.195107277312,8023.820316929119,1200.0
Q4-2,B1,2025-06-07,1200.0,28355.424044355583,19094.73471264768,9260.689331707901,9158.74301649964,5684.254102559584,1200.0
Q4-2,B1,2025-06-08,1209.768669127881,1720.8672629384328,115.34913212592254,1605.5181308125102,481.1900553641218,16.502091016912345,1200.0
Q4-2,B1,2025-06-09,1391.923513185465,5495.56464189538,1869.00639370407,3626.55824819131,1359.6083928316807,326.9932105824638,1200.0
Q4-2,B1,2025-06-10,1200.0,2618.411113130922,280.0149089002023,2338.3962042307194,811.2216862839546,45.13277301410585,1200.0
Q4-2,B1,2025-06-11,1207.8975771655153,21761.666885543076,17395.10969927566,4366.557186267415,4702.189893837512,3965.3974507064695,1200.0
Q4-2,B1,2025-06-12,1240.369377906366,6121.231195310216,1031.3356858567038,5089.895509453512,1535.8898641700378,236.02574914777745,1200.0
Q4-2,B1,2025-06-13,1234.8127082170795,1411.7727758944634,0.0,1411.7727758944634,672.5778553904274,0.0,1200.0
Q4-2,B1,2025-06-14,1498.8895349421246,2321.043014646803,20.18295336904654,2300.8600612777564,1319.0418927582218,10.279069706669997,1200.0
Q4-2,B1,2025-06-15,1259.0453217302356,1841.0714133312906,753.1023317444672,1087.9690815868234,492.2635295527954,109.17089576499791,1200.0
Q4-2,B1,2025-06-16,1497.1178454387618,3974.611011526116,94.6626603337573,3879.9483511923586,1068.3926911107046,14.035534188413862,1200.0
Q4-2,B1,2025-06-17,1200.0,11834.780426310146,8500.661119599497,3334.1193067106487,2688.5398334500173,1880.97609506019,1200.0
Q4-2,B1,2025-06-18,1203.9708375549335,3340.8857636016514,372.53464031364683,2968.3511232880046,864.4376489182496,53.870976868649564,1200.0
Q4-2,B1,2025-06-19,1472.4447247988146,3623.1984883776613,937.103194470242,2686.0952939074195,960.740043366498,135.7574901425436,1200.0
Q4-2,B1,2025-06-20,1200.0,601.2925977310662,58.13531355778657,543.1572841732795,257.0512984543989,30.549297718227308,1200.0
Q4-2,B1,2025-06-21,1755.4300831172902,795.9933788468813,143.45956539049854,652.5338134563829,408.69190564352203,85.54200132699154,1200.0
Q4-2,B1,2025-06-22,1257.3666252504847,5870.233721529465,1517.285937127363,4352.947784402102,1581.7392880918405,415.51294591106404,1200.0
Q4-2,B1,2025-06-23,1200.0,4094.3051032741546,113.1606280858342,3981.1444751883205,1097.0000360184772,16.305640830277184,1200.0
Q4-2,B1,2025-06-24,1341.657707689902,37278.90220153316,32508.9051152677,4769.997086265459,10116.272812438583,8755.411124837326,1200.0
Q4-2,B1,2025-06-25,1470.8595975852386,10228.265171214045,4835.794308989845,5392.4708622242,2926.7650610679243,1358.9717514903373,1200.0
Q4-2,B1,2025-06-26,1259.81042859184,7075.563814960156,1170.4141224436964,5905.14969251646,1987.1803874275165,226.27599834620042,1200.0
Q4-2,B1,2025-06-27,1200.0,701.664122048785,238.5648795629872,463.0992424857978,361.99547261928404,121.61746153202421,1200.0
Q4-2,B1,2025-06-28,1369.2503912288105,1965.5631758172694,0.0,1965.5631758172694,733.4590189654518,0.0,1200.0
Q4-2,B1,2025-06-29,1219.5771487291593,9309.402990340663,4006.2604926902413,5303.142497650421,2620.359471495821,1198.1475336777394,1200.0
Q4-2,B1,2025-06-30,1200.0,6640.86666669934,730.0114636903897,5910.85520300895,1834.6052695541807,112.6785126913868,1200.0
Q4-2,B1,2025-07-01,1200.0,34951.65939189692,34214.814424954864,736.8449669420588,8464.873979610446,8219.038253920744,1200.0
Q4-2,B1,2025-07-02,1200.0,33972.313067361465,28252.230822186437,5720.082245175028,7963.671161657678,5764.763726334697,1200.0
Q4-2,B1,2025-07-03,1200.0,59060.13347160069,58778.64129743551,281.49217416517786,14554.531696494436,14273.940890492126,1200.0
Q4-2,B1,2025-07-04,1200.0,32182.524818035214,29688.536250087156,2493.9885679480576,9242.777570867103,8867.418720332364,1200.0
Q4-2,B1,2025-07-05,1200.0,35733.91735542381,31189.7248188281,4544.192536595707,10415.997493706462,9284.428696442026,1200.0
Q4-2,B1,2025-07-06,1200.0,76036.0016225011,73802.40275618689,2233.59886631422,18614.164799045633,18349.663934474156,1200.0
Q4-2,B1,2025-07-07,1200.0,31817.957422081672,30470.034271135908,1347.923150945764,7952.65225772775,7574.123498859347,1200.0
Q4-2,B1,2025-07-08,1200.0,3928.421828334972,406.4432924670857,3521.9785358678864,1045.1545249932924,48.26046318214537,1200.0
Q4-2,B1,2025-07-09,1628.9264291916006,3016.4190583461095,430.07718739653944,2586.34187094957,784.4819896932592,50.52233180738472,1200.0
Q4-2,B1,2025-07-10,1797.3123523535132,3137.0482311383257,875.7799285683288,2261.268302569997,802.4331274629756,103.5252079435187,1200.0
Q4-2,B1,2025-07-11,1200.0,3169.283711409569,0.0,3169.283711409569,1546.3486979133372,0.0,1200.0
Q4-2,B1,2025-07-12,1959.761645225261,1095.4675279709058,0.0,1095.4675279709058,389.9184730180952,0.0,1200.0
Q4-2,B1,2025-07-13,1228.884457913406,3285.698629221643,1191.3451669179224,2094.3534623037203,606.9122652271035,142.73063399821456,1200.0
Q4-2,B1,2025-07-14,1560.9764192281652,1317.2643461674004,132.65570394203064,1184.6086422253697,229.77970082497103,15.424185098776888,1200.0
Q4-2,B1,2025-07-15,1200.0,4972.609432081951,119.99269207821912,4852.616740003732,1511.2098211151042,26.958498441195047,1200.0
Q4-2,B1,2025-07-16,1204.5441094166454,4245.954406913438,958.3630480704854,3287.5913588429526,999.4756832780168,117.35404433405533,1200.0
Q4-2,B1,2025-07-17,1391.036099239822,7920.7429143104455,2928.2588278290887,4992.484086481357,2081.729734270744,785.4521703322155,1200.0
Q4-2,B1,2025-07-18,1200.0,2675.6694204692412,0.0,2675.6694204692412,1259.711875901084,0.0,1200.0
Q4-2,B1,2025-07-19,1772.0305026886383,2271.8793531388364,0.0,2271.8793531388364,804.6646511237991,0.0,1200.0
Q4-2,B1,2025-07-20,1200.0,5679.674541716935,815.9639832413563,4863.710558475579,1660.7327066787125,210.20014938586604,1200.0
Q4-2,B1,2025-07-21,1344.1333098568737,2668.0823773251523,19.508169930397404,2648.574207394755,774.811058077914,2.253065765478709,1200.0
Q4-2,B1,2025-07-22,1830.9621269282693,5378.661990386942,756.5925533196238,4622.069437067318,1415.7515365861236,136.22220979616776,1200.0
Q4-2,B1,2025-07-23,1200.0,4217.096885733259,372.4387764699768,3844.6581092632823,1205.7225033101588,43.79093750521952,1200.0
Q4-2,B1,2025-07-24,1356.5324711332942,11196.680111833828,4338.05565725601,6858.624454577818,2718.815158673055,950.0826416046386,1200.0
Q4-2,B1,2025-07-25,1373.698885683128,706.8265350318283,50.398961545145795,656.4275734866825,235.12678717953114,23.020349664205554,1200.0
Q4-2,B1,2025-07-26,1570.5258210589966,1725.6591045932878,3.7147924337741034,1721.9443121595136,916.6688979787882,1.9357959529828577,1200.0
Q4-2,B1,2025-07-27,1231.03861945711,12675.938734847301,8301.421811296957,4374.516923550344,3694.320010431625,2820.294822342854,1200.0
Q4-2,B1,2025-07-28,1327.6137569215266,15262.266170208575,10139.749874069785,5122.5162961387905,4303.707061890422,3169.250110838556,1200.0
Q4-2,B1,2025-07-29,1222.5507276505928,6262.912612016904,640.8037844175535,5622.108827599351,1793.393774449196,73.72002635464571,1200.0
Q4-2,B1,2025-07-30,1565.94550678119,5375.31133087869,0.0,5375.31133087869,1420.8731602834882,0.0,1200.0
Q4-2,B1,2025-07-31,1587.2920295058093,11158.757840214566,6799.09049570006,4359.667344514506,2610.552704544071,1401.1659378874942,1200.0
Q4-2,B1,2025-08-01,1200.0,1258.9462417227764,0.0,1258.9462417227764,549.820321294389,0.0,1200.0
Q4-2,B1,2025-08-02,1200.0,1416.3274536677768,65.11591169390384,1351.211541973873,450.93193955016676,27.463564223185426,1200.0
Q4-2,B1,2025-08-03,1200.0,6288.4858749145005,5152.892620466309,1135.5932544481911,1206.1789014360897,861.3382101435434,1200.0
Q4-2,B1,2025-08-04,1200.0,2659.8601720720753,334.93443692057843,2324.925735151497,591.6025034271254,41.5058843025173,1200.0
Q4-2,B1,2025-08-05,1492.0205638363143,2630.4733112240683,196.6155314319692,2433.857779792099,934.2887190067939,23.88153435903348,1200.0
Q4-2,B1,2025-08-06,1487.919844675124,14442.831540039235,7195.19278041907,7247.638759620165,3496.672542942252,1702.5123954165724,1200.0
Q4-2,B1,2025-08-07,1200.0,6916.564775967697,4719.019958779416,2197.544817188281,1887.117877406471,1682.309009086464,1200.0
Q4-2,B1,2025-08-08,1200.0,1202.9669036460064,0.0,1202.9669036460064,349.6718680274894,0.0,1200.0
Q4-2,B1,2025-08-09,1372.419833768275,3765.2830954840483,1056.1757633099683,2709.10733217408,1480.6114009933808,432.70214661752095,1200.0
Q4-2,B1,2025-08-10,1237.1525333711195,12098.734471617157,7120.433271890124,4978.301199727033,3569.8673663321297,2573.3895740265225,1200.0
Q4-2,B1,2025-08-11,1319.5027311816991,4188.0874690416185,1575.6097259829526,2612.477743058666,852.5888120030662,309.9263780429507,1200.0
Q4-2,B1,2025-08-12,1256.45249679632,13892.537005770064,10287.229017336538,3605.3079884335257,3890.138976446688,2958.778508117646,1200.0
Q4-2,B1,2025-08-13,1270.7678451970278,9449.1286289835,4783.649689776893,4665.478939206608,2985.877358766709,1568.1187137806387,1200.0
Q4-2,B1,2025-08-14,1350.5951439345945,18111.5484780213,12434.14990526086,5677.398572760441,4108.212427817678,3412.543800820964,1200.0
Q4-2,B1,2025-08-15,1200.0,2216.2377211942567,541.6021474807521,1674.6355737135045,952.060669708331,269.55210946599806,1200.0
Q4-2,B1,2025-08-16,1200.0,3350.8195904893137,1463.6406745620911,1887.1789159272225,1328.3438566698937,398.8886491725476,1200.0
Q4-2,B1,2025-08-17,1225.923512478262,11941.147852089753,8260.204346344783,3680.94350574497,2685.6781686103527,2282.1580871743004,1200.0
Q4-2,B1,2025-08-18,1200.0,7939.337334155678,1463.6969069847598,6475.640427170918,1788.8385279650845,229.12837223448778,1200.0
Q4-2,B1,2025-08-19,1542.2054767273248,4681.477606492027,1032.8183130948278,3648.6592933971992,1292.254411608673,121.61762531771365,1200.0
Q4-2,B1,2025-08-20,1421.0632622472194,28107.250847609095,18421.097076766353,9686.153770842742,7473.283553545658,6441.978780936176,1200.0
Q4-2,B1,2025-08-21,1200.0,10142.649976905595,3034.4282644275,7108.2217124780955,2958.4147001718825,1002.2291806349887,1200.0
Q4-2,B1,2025-08-22,1200.0,5524.272472067753,1657.7785169038455,3866.493955163908,2031.587136628114,564.2699184848873,1200.0
Q4-2,B1,2025-08-23,1200.0,1871.8882954036055,295.55642644806176,1576.3318689555438,727.8074225416623,99.12832532630358,1200.0
Q4-2,B1,2025-08-24,1200.0,13305.495309244068,9969.273582179725,3336.221727064343,3077.5044546365707,2735.744337169718,1200.0
Q4-2,B1,2025-08-25,1200.0,17616.24571600686,10727.98089250502,6888.264823501839,5100.650486998586,3601.039956743244,1200.0
Q4-2,B1,2025-08-26,1577.3341406364334,3824.9741309880774,221.62643629582374,3603.3476946922538,757.5873029436591,26.280853349439553,1200.0
Q4-2,B1,2025-08-27,1643.717369262035,11450.22972349657,3853.8697965206165,7596.359926975953,2743.549376968298,1446.8065895955283,1200.0
Q4-2,B1,2025-08-28,1372.9540077116608,22629.279185388175,15409.401657905903,7219.877527482273,6614.081466784215,5229.078788651095,1200.0
Q4-2,B1,2025-08-29,1200.0,1707.9721560722382,0.0,1707.9721560722382,563.0003222847206,0.0,1200.0
Q4-2,B1,2025-08-30,1622.18796734753,2601.5759416425776,455.8554437885646,2145.720497854013,962.9634591920965,215.66572026972375,1200.0
Q4-2,B1,2025-08-31,1200.665821869923,9288.706120858069,6037.772032025282,3250.934088832787,2786.917712252603,1864.1155389482662,1200.0
Q4-2,B1,2025-09-01,1200.0,43.06995258569104,0.0,43.06995258569104,20.484320183737054,0.0,1200.0
Q4-2,B1,2025-09-02,2928.8259014262167,2976.2325737003434,0.0,2976.2325737003434,655.0084125031917,0.0,1200.0
Q4-2,B1,2025-09-03,2407.31733260292,496.78169243642213,0.0,496.78169243642213,119.94617374459517,0.0,1200.0
Q4-2,B1,2025-09-04,2572.1187402499145,513.8893569267036,0.0,513.8893569267036,146.3616510210661,0.0,1200.0
Q4-2,B1,2025-09-05,2390.222890329512,169.93020886290472,0.0,169.93020886290472,173.3233306489263,0.0,1200.0
Q4-2,B1,2025-09-06,1668.3108155436123,1124.6492937370024,0.0,1124.6492937370024,389.02606349419557,0.0,1200.0
Q4-2,B1,2025-09-07,1465.3210621981875,2921.2244022488976,0.0,2921.2244022488976,1258.2579121852373,0.0,1200.0
Q4-2,B1,2025-09-08,1394.7845292547872,32411.8884887151,28981.247331161914,3430.6411575531856,8902.07989538417,8970.79236992179,1200.0
Q4-2,B1,2025-09-09,1200.0,15287.214014272571,12860.41903834469,2426.7949759278818,3823.2356062640256,3068.4522701503893,1200.0
Q4-2,B1,2025-09-10,1200.0,37526.6377830637,29659.214154162706,7867.423628900993,10365.868913483948,10618.158686341987,1200.0
Q4-2,B1,2025-09-11,1200.0,18050.98395060195,16386.605462357373,1664.3784882445761,4432.152488036286,4518.621412123437,1200.0
Q4-2,B1,2025-09-12,1200.0,8937.70669651885,7528.778362206262,1408.928334312588,3253.327247955296,3103.380616678318,1200.0
Q4-2,B1,2025-09-13,1200.0,10652.51839846942,9409.206723987569,1243.3116744818508,3418.1339920317578,3168.108325767107,1200.0
Q4-2,B1,2025-09-14,1200.0,33662.591518937494,29835.53428131292,3827.0572376245727,9723.444196348277,9770.057232555475,1200.0
Q4-2,B1,2025-09-15,1200.0,10542.237046094633,8020.548833218884,2521.688212875749,2671.9508702480343,1970.343983069747,1200.0
Q4-2,B1,2025-09-16,1200.0,16395.836530307828,13818.25709488415,2577.5794354236787,5173.8032971513585,4521.1549622438115,1200.0
Q4-2,B1,2025-09-17,1200.0,19119.303969567645,16582.19217927828,2537.111790289364,5629.875237373406,5407.945301970546,1200.0
Q4-2,B1,2025-09-18,1200.0,21556.22378959071,19077.735690144138,2478.488099446571,5871.191159399463,5816.664009712364,1200.0
Q4-2,B1,2025-09-19,1200.0,7263.412968447174,4915.247147887689,2348.165820559485,2734.6090330740794,1860.528280997843,1200.0
Q4-2,B1,2025-09-20,1200.0,13465.972640730448,9068.899923537085,4397.072717193363,4510.24333748292,3097.567044222832,1200.0
Q4-2,B1,2025-09-21,1200.0,15965.705946220378,10892.476570254235,5073.2293759661425,4318.7097186086385,2472.0583383530493,1200.0
Q4-2,B1,2025-09-22,1227.1063834431975,11611.598068171654,8690.044593999435,2921.5534741722186,3237.8770206874815,2122.8047423801163,1200.0
Q4-2,B1,2025-09-23,1200.0,14237.308790055338,12828.012502031354,1409.2962880239847,3678.9533422141826,3304.621828359239,1200.0
Q4-2,B1,2025-09-24,1200.0,12879.503741819104,9468.708419712264,3410.79532210684,3443.8311445827094,2375.9450727970625,1200.0
Q4-2,B1,2025-09-25,1200.0,15369.07129974345,12202.209567654703,3166.861732088746,4192.037415636754,3236.494263673798,1200.0
Q4-2,B1,2025-09-26,1200.0,3899.5674396673103,1525.6830066122384,2373.884433055072,1758.8497805806574,708.8133521730717,1200.0
Q4-2,B1,2025-09-27,1200.0,16767.350674077086,9712.090325277099,7055.260348799988,5910.719864189718,3276.6740055469672,1200.0
Q4-2,B1,2025-09-28,1200.0,22346.75608648303,19514.12443501949,2832.63165146354,6137.72278619017,5902.369825964533,1200.0
Q4-2,B1,2025-09-29,1200.0,7677.745734208917,5393.804073358771,2283.941660850146,1951.6861321512192,1265.1184892875826,1200.0
Q4-2,B1,2025-09-30,1200.0,15505.328376214366,13320.180079066778,2185.148297147587,4252.89888963753,4019.4535194563914,1200.0
Q4-2,B1,2025-10-01,1200.0,584.0832083192663,0.0,584.0832083192663,264.79144503732783,0.0,1200.0
Q4-2,B1,2025-10-02,1261.98789885135,1796.6569686802006,511.75781827799324,1284.8991504022074,745.4057600877195,234.14500947362748,1200.0
Q4-2,B1,2025-10-03,1723.2332706307411,738.479758309034,199.70177230834435,538.7779860006897,438.3846119178166,123.80810361811353,1200.0
Q4-2,B1,2025-10-04,1361.0881678759613,2758.2814076405966,1138.2743799885461,1620.0070276520505,1114.8081585490584,695.6389336014507,1200.0
Q4-2,B1,2025-10-05,1509.3479544182549,2903.283403653623,1806.058790739463,1097.22461291416,1166.4862151293555,767.1494931748459,1200.0
Q4-2,B1,2025-10-06,1200.0,3811.1272524266287,0.0,3811.1272524266287,1485.8841864517353,0.0,1200.0
Q4-2,B1,2025-10-07,1200.0,7971.605388218493,3022.7609528867833,4948.84443533171,2470.976133203532,774.5345819348495,1200.0
Q4-2,B1,2025-10-08,1358.5354185512736,14815.05352652432,12946.263339830357,1868.7901866939628,4191.746568211757,3533.9964670721047,1200.0
Q4-2,B1,2025-10-09,1200.0,16680.01555083602,15325.45076811049,1354.5647827255289,4127.032170260938,3667.1793471520314,1200.0
Q4-2,B1,2025-10-10,1200.0,5881.7707509901575,5175.314369199455,706.4563817907028,2271.2743632053457,2090.150174244909,1200.0
Q4-2,B1,2025-10-11,1200.0,6614.672549191622,5219.1716458273795,1395.5009033642427,2321.236716820452,1791.1021777181504,1200.0
Q4-2,B1,2025-10-12,1200.0,20012.080879521614,17302.66130179356,2709.4195777280547,5588.70848514308,5229.762596791426,1200.0
Q4-2,B1,2025-10-13,1200.0,5668.737029767188,3754.765289748788,1913.9717400184,1470.0182207587923,764.1113225755047,1200.0
Q4-2,B1,2025-10-14,1200.0,18485.632863036994,16835.335996674738,1650.296866362256,4683.966233763286,4603.5571056369845,1200.0
Q4-2,B1,2025-10-15,1200.0,21066.448741436394,18712.09819246485,2354.3505489715426,6201.629955847054,6229.433401842816,1200.0
Q4-2,B1,2025-10-16,1200.0,29391.675993765337,26825.514541008873,2566.1614527564634,7308.532479437693,7307.906802983465,1200.0
Q4-2,B1,2025-10-17,1200.0,3669.655968109923,1764.492451488487,1905.163516621436,1527.1921398039456,559.2975300855808,1200.0
Q4-2,B1,2025-10-18,1200.0,5554.195516315948,3078.2465650753625,2475.9489512405858,2418.414412579178,1344.9720006386542,1200.0
Q4-2,B1,2025-10-19,1200.0,24739.09772950512,23474.001869906744,1265.0958595983757,6099.860415394777,6020.050976328526,1200.0
Q4-2,B1,2025-10-20,1200.0,12694.938490997058,10700.17472795274,1994.7637630443169,3195.5586448798103,2855.4690182866025,1200.0
Q4-2,B1,2025-10-21,1200.0,15203.198420598856,13447.256926620368,1755.9414939784874,4283.951667413478,3945.924860125381,1200.0
Q4-2,B1,2025-10-22,1200.0,19936.901231214157,16020.129852192318,3916.7713790218386,4546.725154170757,3564.9344807262696,1200.0
Q4-2,B1,2025-10-23,1200.0,11067.010372330455,8851.359817743001,2215.6505545874534,2845.6779129725305,2270.4207173813784,1200.0
Q4-2,B1,2025-10-24,1200.0,5083.202954525303,3955.3238972592126,1127.87905726609,1740.2375617484527,1414.8466482867823,1200.0
Q4-2,B1,2025-10-25,1200.0,6272.713129681774,4445.998352009661,1826.714777672113,2232.521345646798,1374.6889084475774,1200.0
Q4-2,B1,2025-10-26,1200.0,7756.940197976428,7184.0233166556645,572.9168813207634,2250.8167012970716,2090.992652158265,1200.0
Q4-2,B1,2025-10-27,1200.0,7429.211654806179,6303.82540929972,1125.3862455064582,1867.4190051006422,1435.8132776674352,1200.0
Q4-2,B1,2025-10-28,1200.0,10382.592862835318,8116.27885659988,2266.314006235438,2555.478182530413,2014.864398922872,1200.0
Q4-2,B1,2025-10-29,1200.0,24184.103199376084,22039.685840896305,2144.417358479779,6212.062777899033,5942.080949727548,1200.0
Q4-2,B1,2025-10-30,1200.0,11193.733993677579,10083.386250390831,1110.3477432867476,2720.290177180717,2318.8562904439727,1200.0
Q4-2,B1,2025-10-31,1200.0,4959.678255878158,1427.5027585154248,3532.175497362733,2250.4804674494712,485.0553892987357,1200.0
Q4-2,B1,2025-11-01,1200.0,5367.258298566819,2730.8761815864355,2636.382116980383,2205.301306373218,1214.3810934886621,1200.0
Q4-2,B1,2025-11-02,1200.0,17102.69804544079,16073.81038116181,1028.88766427898,4087.8245887692447,3923.824939044644,1200.0
Q4-2,B1,2025-11-03,1200.0,5288.277958954406,2183.437854157764,3104.840104796642,1796.5110937864679,759.3463463669614,1200.0
Q4-2,B1,2025-11-04,1200.0,5101.175697923714,3527.4094584924137,1573.7662394313006,1140.0053420829968,626.1236041514887,1200.0
Q4-2,B1,2025-11-05,1200.0,7047.957000594259,4369.952209474352,2678.004791119907,1792.1045623887694,1092.413332842046,1200.0
Q4-2,B1,2025-11-06,1200.0,21244.17066628817,18637.02762695549,2607.143039332681,4922.020819129155,4708.389730515895,1200.0
Q4-2,B1,2025-11-07,1200.0,3823.9738691626962,2180.900489195723,1643.0733799669733,1266.9813285538717,1052.9106477966352,1200.0
Q4-2,B1,2025-11-08,1200.0,2550.9993053254634,1754.9934045058728,796.0059008195906,929.6543059327695,515.2694343552432,1200.0
Q4-2,B1,2025-11-09,1200.0,12449.677608259464,10689.10656163489,1760.5710466245746,3197.452262794577,2631.8796478336376,1200.0
Q4-2,B1,2025-11-10,1200.0,14869.102767000644,14001.792329687378,867.3104373132664,3690.145125816039,3330.3373208009816,1200.0
Q4-2,B1,2025-11-11,1227.8719429955631,6725.088907841242,4773.008392796938,1952.0805150443039,1623.2681449276747,1147.3095845855792,1200.0
Q4-2,B1,2025-11-12,1200.0,5355.570538982094,3617.71969440828,1737.8508445738144,1166.4642476238605,736.1169756462917,1200.0
Q4-2,B1,2025-11-13,1200.0,13249.800565963307,9136.346929227206,4113.4536367361015,3290.35461478588,2007.16640036636,1200.0
Q4-2,B1,2025-11-14,1200.0,4416.705257394338,1084.9350368549326,3331.7702205394057,1788.793023329921,326.29161114417997,1200.0
Q4-2,B1,2025-11-15,1200.0,4495.64311732909,2581.912606757471,1913.730510571619,1478.2725934707155,1036.7667209445115,1200.0
Q4-2,B1,2025-11-16,1208.8746292849517,10564.403299338323,9957.92677337159,606.4765259667329,2637.7993001646364,2503.206666597056,1200.0
Q4-2,B1,2025-11-17,1200.0,2699.826950473871,323.19830819094807,2376.628642282923,783.6478524991956,137.46407990133588,1200.0
Q4-2,B1,2025-11-18,1200.0,10479.69548478855,7026.281117829131,3453.4143669594187,2877.437891056014,1813.2413189086978,1200.0
Q4-2,B1,2025-11-19,1200.0,11032.01449499387,9944.636453700732,1087.3780412931374,2685.9040450776847,2457.3049082585194,1200.0
Q4-2,B1,2025-11-20,1200.0,9301.490090493407,6787.702415504564,2513.7876749888437,2295.032529164385,1495.4512931023191,1200.0
Q4-2,B1,2025-11-21,1200.0,2554.4573109707417,1300.7524526620148,1253.704858308727,1260.9506577926281,742.7065615169126,1200.0
Q4-2,B1,2025-11-22,1200.0,3579.7613194533333,2817.819629293168,761.9416901601653,1269.1109859704661,1094.7966962548942,1200.0
Q4-2,B1,2025-11-23,1200.0,7877.457744987533,5020.759726559175,2856.6980184283584,1960.6565359613007,1211.984307996228,1200.0
Q4-2,B1,2025-11-24,1219.713830825537,7515.973539473331,5572.986834454816,1942.9867050185148,1758.10075486074,1273.6649190484284,1200.0
Q4-2,B1,2025-11-25,1200.0,8870.813259733197,5499.908662288947,3370.9045974442497,2176.071829168098,1329.4824911113847,1200.0
Q4-2,B1,2025-11-26,1200.0,8498.985443892429,6667.710942252513,1831.2745016399158,2164.1996895921557,1574.1218687273174,1200.0
Q4-2,B1,2025-11-27,1200.0,8144.740661212517,5556.814012535895,2587.926648676622,1834.083175438284,1142.8796417907606,1200.0
Q4-2,B1,2025-11-28,1211.674343344299,3645.388199073193,1698.990377848178,1946.397821225015,1260.6992277507654,533.1371514916287,1200.0
Q4-2,B1,2025-11-29,1200.0,10368.197478325852,5124.348287296223,5243.849191029629,4321.316244244354,2793.593641390692,1200.0
Q4-2,B1,2025-11-30,1200.0,14257.922113383083,12469.910184659135,1788.0119287239486,3336.177423720766,2991.0166173976954,1200.0
Q4-2,B1,2025-12-01,1200.0,33434.14301024852,31779.42503151401,1654.7179787345085,7510.025807642052,7379.573473151118,1200.0
Q4-2,B1,2025-12-02,1200.0,45236.35050163443,43742.46201415856,1493.888487475866,9657.884342279285,9710.041080034951,1200.0
Q4-2,B1,2025-12-03,1200.0,29159.942228754655,28222.088826092106,937.8534026625493,7216.288302973182,7033.875912173194,1200.0
Q4-2,B1,2025-12-04,1200.0,32579.9720126867,31843.913954381882,736.0580583048177,7534.795386976679,7513.885306503835,1200.0
Q4-2,B1,2025-12-05,1200.0,15306.013920293977,11705.312774911024,3600.7011453829527,5908.491574820514,5707.8623617555495,1200.0
Q4-2,B1,2025-12-06,1200.0,21576.57359689327,19832.181883935285,1744.3917129579859,8326.604908581861,8203.246237811692,1200.0
Q4-2,B1,2025-12-07,1200.0,25486.68396832951,25141.61561074938,345.0683575801304,6054.0732797829605,5957.3889344380905,1200.0
Q4-2,B1,2025-12-08,1200.0,2862.3688667783695,224.6607200024191,2637.7081467759504,630.5946425741992,32.704569687713104,1200.0
Q4-2,B1,2025-12-09,1281.529485224503,2133.3944838867437,988.4854108370016,1144.9090730497421,505.5424389774671,156.8937636603947,1200.0
Q4-2,B1,2025-12-10,1247.108685861246,5283.315460489459,1490.2910050152423,3793.0244554742167,1200.1848083143052,274.4247790934244,1200.0
Q4-2,B1,2025-12-11,1200.0,1955.891925164847,231.34609700794041,1724.5458281569065,527.7254782735929,107.45377964536162,1200.0
Q4-2,B1,2025-12-12,1201.2249753961944,2129.602973544531,15.280553370114934,2114.322420174416,922.2199845244181,9.202380831144193,1200.0
Q4-2,B1,2025-12-13,1247.0059839306582,1618.70109364575,0.0,1618.70109364575,590.6500668056733,0.0,1200.0
Q4-2,B1,2025-12-14,1200.0,2897.4172875817308,943.5709636267213,1953.8463239550094,583.1687837652426,206.34933498345276,1200.0
Q4-2,B1,2025-12-15,1200.0,2926.4708307617466,160.35103203712754,2766.119798724619,756.2997867475763,28.98092387144843,1200.0
Q4-2,B1,2025-12-16,1202.0641284801409,1923.3965600598299,0.0,1923.3965600598299,511.0988784521316,0.0,1200.0
Q4-2,B1,2025-12-17,1200.0,3090.6828115415847,653.9135484302549,2436.7692631113296,753.9446539763153,111.05184669206861,1200.0
Q4-2,B1,2025-12-18,1200.0,5501.799866842297,3603.2922471957927,1898.5076196465043,1370.784606123509,894.7506196605357,1200.0
Q4-2,B1,2025-12-19,1200.0,1725.8354967517646,428.79032366647937,1297.0451730852851,664.4787393380698,186.34332809200566,1200.0
Q4-2,B1,2025-12-20,1222.636793211956,1127.9267681180286,354.3601257942408,773.5666423237878,499.9456883017417,185.81210462513846,1200.0
Q4-2,B1,2025-12-21,1232.4558621738092,5771.983789203626,1405.0006158538563,4366.9831733497695,1436.6874101204269,216.55930036348357,1200.0
Q4-2,B1,2025-12-22,1200.0,3610.223283680507,1931.0191511039245,1679.2041325765824,922.2826059245331,357.08819576180707,1200.0
Q4-2,B1,2025-12-23,1200.0,1187.0893021130235,0.0,1187.0893021130235,316.3726267016042,0.0,1200.0
Q4-2,B1,2025-12-24,1200.0,4408.070198169523,1802.0759931258149,2605.994205043708,887.7985888206574,315.0318297033647,1200.0
Q4-2,B1,2025-12-25,1200.0,7070.06227197776,2428.164988825204,4641.897283152556,1662.7408512924812,377.8453474934454,1200.0
Q4-2,B1,2025-12-26,1200.0,1663.626360526307,0.0,1663.626360526307,682.4131684871268,0.0,1200.0
Q4-2,B1,2025-12-27,1554.2741934060118,1670.780684685336,423.6006421304978,1247.180042554838,642.5240888030257,101.2982106043839,1200.0
Q4-2,B1,2025-12-28,1206.420338867395,4143.442201180946,1701.4826287685376,2441.9595724124083,1088.8972292995668,306.2853034992318,1200.0
Q4-2,B1,2025-12-29,1253.5846603736406,2443.8291446498356,0.0,2443.8291446498356,658.0724651725218,0.0,1200.0
Q4-2,B1,2025-12-30,1200.0,2164.4355819534985,509.6385172514164,1654.797064702082,540.8589319423812,88.0523098987555,1200.0
Q4-2,B1,2025-12-31,1200.0,6273.542024616365,3583.4942995510187,2690.047725065346,1456.7740847575974,736.5302030858626,1200.0
Q4-2,B3,2025-02-01,3911.098134470335,100.0492836206183,0.0,100.0492836206183,56.57079330286268,0.0,1200.0
Q4-2,B3,2025-02-02,1209.7760767452207,67.58618848095271,0.0,67.58618848095271,21.883695917317873,0.0,1200.0
Q4-2,B3,2025-02-03,1300.1771920765138,1786.724896997298,0.0,1786.724896997298,423.44154421591196,0.0,1200.0
Q4-2,B3,2025-02-04,1200.0,7269.766664876645,0.0,7269.766664876645,1675.5359015785905,0.0,1200.0
Q4-2,B3,2025-02-05,1331.3410113023613,2768.907225243397,0.0,2768.907225243397,580.5208969542073,0.0,1200.0
Q4-2,B3,2025-02-06,1285.869771322719,2062.909697599145,0.0,2062.909697599145,456.7975288070103,0.0,1200.0
Q4-2,B3,2025-02-07,1262.4855816357936,515.2462607757776,0.0,515.2462607757776,111.16871059455136,0.0,1200.0
Q4-2,B3,2025-02-08,1248.340176257327,3231.6336105136465,0.0,3231.6336105136465,1122.415777523568,0.0,1200.0
Q4-2,B3,2025-02-09,1234.0378295826915,11307.178228870205,632.7334547637344,10674.44477410647,2657.818910620608,294.79765922440197,1200.0
Q4-2,B3,2025-02-10,1200.0,1147.9206884747016,0.0,1147.9206884747016,424.0806153922315,0.0,1200.0
Q4-2,B3,2025-02-11,1200.0,2291.5639138045326,0.0,2291.5639138045326,516.8232431251338,0.0,1200.0
Q4-2,B3,2025-02-12,1200.0,4123.268166900241,0.0,4123.268166900241,910.5011127070676,0.0,1200.0
Q4-2,B3,2025-02-13,1200.0,3572.1931580555993,0.0,3572.1931580555993,937.7066929774073,0.0,1200.0
Q4-2,B3,2025-02-14,1200.0,2879.11022598255,0.0,2879.11022598255,1375.3287680227531,0.0,1200.0
Q4-2,B3,2025-02-15,1200.0,4794.79942741366,349.91269240124916,4444.886735012411,2076.359651872868,203.309831724415,1200.0
Q4-2,B3,2025-02-16,1200.0,13596.834729968392,2284.2087246659744,11312.626005302418,2999.733264733414,1076.861918720638,1200.0
Q4-2,B3,2025-02-17,1200.0,3056.765245602043,0.0,3056.765245602043,736.5091530367303,0.0,1200.0
Q4-2,B3,2025-02-18,1236.0657559315896,5085.29112936363,0.0,5085.29112936363,1179.9915909959714,0.0,1200.0
Q4-2,B3,2025-02-19,1200.0,10157.445815364847,861.456403330558,9295.989412034289,2464.121661355515,377.4256539627353,1200.0
Q4-2,B3,2025-02-20,1200.0,5780.5468202203165,216.20227160078494,5564.344548619531,1304.3471984766795,51.87680497846786,1200.0
Q4-2,B3,2025-02-21,1200.0,922.3621161620861,0.0,922.3621161620861,516.4077185763385,0.0,1200.0
Q4-2,B3,2025-02-22,1200.0,4642.504089023569,0.0,4642.504089023569,2028.613278965457,0.0,1200.0
Q4-2,B3,2025-02-23,1200.0,9364.716636399575,0.0,9364.716636399575,2315.206533236719,0.0,1200.0
Q4-2,B3,2025-02-24,1200.0,2379.0023697783317,89.34060992009012,2289.6617598582416,542.6798008218612,17.494366108017743,1200.0
Q4-2,B3,2025-02-25,1207.4590426623763,2462.6924122644696,0.0,2462.6924122644696,618.5438014697786,0.0,1200.0
Q4-2,B3,2025-02-26,1208.03115125743,5328.630374717072,868.9070043995382,4459.723370317534,1391.018774701611,237.3790061534492,1200.0
Q4-2,B3,2025-02-27,1234.993275113478,9342.723469937391,2917.414044561957,6425.309425375434,1876.3307047986127,684.6650314583528,1200.0
Q4-2,B3,2025-02-28,1230.5428119220526,2239.1427338519534,0.0,2239.1427338519534,1004.395526999622,0.0,1200.0
Q4-2,B3,2025-03-01,1227.5317505583591,1960.0456550441859,90.66432221546918,1869.3813328287167,684.2355804994563,32.2002841449598,1200.0
Q4-2,B3,2025-03-02,1261.288503609844,29246.795295337073,20526.252462647793,8720.54283268928,7557.104642990612,5725.138765050787,1200.0
Q4-2,B3,2025-03-03,1200.0,18786.721000564132,15352.705585051222,3434.0154155129094,4830.866253819488,4312.615331699725,1200.0
Q4-2,B3,2025-03-04,1200.0,3349.721874292674,0.0,3349.721874292674,1119.3119716970996,0.0,1200.0
Q4-2,B3,2025-03-05,1200.0,1679.4742165892803,0.0,1679.4742165892803,411.6339220811467,0.0,1200.0
Q4-2,B3,2025-03-06,1200.0,4090.3460808163327,695.7330244551175,3394.613056361215,1090.6706754632755,345.8454983311097,1200.0
Q4-2,B3,2025-03-07,1200.0,968.4841144545935,45.7700823064628,922.7140321481307,388.2693785599501,25.2943256736462,1200.0
Q4-2,B3,2025-03-08,1240.3424701332794,2059.5800105533754,753.3863077758369,1306.1937027775384,1057.789733575528,470.3440768523156,1200.0
Q4-2,B3,2025-03-09,1200.0,2876.190577414415,0.0,2876.190577414415,953.0896007731762,0.0,1200.0
Q4-2,B3,2025-03-10,1200.0,13019.53649271516,9669.466751124062,3350.069741591098,4133.134004627458,3453.8190396914215,1200.0
Q4-2,B3,2025-03-11,1230.1528317482764,4852.415638328822,1311.021945823819,3541.393692505003,1115.9491423186566,298.8417317292369,1200.0
Q4-2,B3,2025-03-12,1303.5854455545082,4252.758047764742,1242.154274787442,3010.6037729772997,1145.5993857713374,396.3782235090687,1200.0
Q4-2,B3,2025-03-13,1200.374738797408,23626.54666008566,20262.260030258447,3364.286629827213,6427.713896611449,6378.416712005439,1200.0
Q4-2,B3,2025-03-14,1200.0,3531.1948010201722,727.5795655958274,2803.615235424345,1399.2136399611484,440.4091597569198,1200.0
Q4-2,B3,2025-03-15,1217.1451299431512,4679.535546440971,641.9936287200243,4037.541917720947,1827.596958658757,381.81843973731225,1200.0
Q4-2,B3,2025-03-16,1200.0,8372.34499787258,149.39463831249333,8222.950359560087,2423.3282155026313,72.3090106995453,1200.0
Q4-2,B3,2025-03-17,1200.0,1053.9007388543073,0.0,1053.9007388543073,330.0909813443695,0.0,1200.0
Q4-2,B3,2025-03-18,1200.0,9876.264502977807,4797.586598188496,5078.677904789311,2201.7592476236364,1237.070759512269,1200.0
Q4-2,B3,2025-03-19,1200.0,4073.3751580792823,672.4600853902616,3400.9150726890207,1011.5837147014589,287.3724807471438,1200.0
Q4-2,B3,2025-03-20,1233.5341404840335,9287.581365501734,4832.547151755882,4455.034213745852,2879.6600606347147,1776.666065063664,1200.0
Q4-2,B3,2025-03-21,1200.0,1842.4094578695644,1084.409244541369,758.0002133281955,906.2563136768692,652.8629183386959,1200.0
Q4-2,B3,2025-03-22,1200.0,3231.9075014012105,251.49578762807315,2980.4117137731373,1568.9282838904621,148.88364227269716,1200.0
Q4-2,B3,2025-03-23,1200.0,8043.723326402125,254.52892390975433,7789.1944024923705,2140.983280463072,65.11593945304963,1200.0
Q4-2,B3,2025-03-24,1231.4274578580596,3301.4148330516646,0.0,3301.4148330516646,1111.9021700563867,0.0,1200.0
Q4-2,B3,2025-03-25,1200.0,14850.243777656757,8095.710687647382,6754.533090009375,4494.869484590974,3135.958053911982,1200.0
Q4-2,B3,2025-03-26,1210.227254354574,3831.184456588971,0.0,3831.184456588971,1033.0798081801458,0.0,1200.0
Q4-2,B3,2025-03-27,1200.0,9369.34229967419,5056.11361631597,4313.22868335822,2649.8448213814945,2016.9024695258659,1200.0
Q4-2,B3,2025-03-28,1200.0,1043.722351031201,0.0,1043.722351031201,482.9320893064744,0.0,1200.0
Q4-2,B3,2025-03-29,1200.0,1837.2685566748876,8.502617072029887,1828.7659396028578,700.1018514387952,4.952158645618318,1200.0
Q4-2,B3,2025-03-30,1200.0385974629835,5264.504655560152,721.2143232315653,4543.290332328586,1813.0184344140257,351.02308313072945,1200.0
Q4-2,B3,2025-03-31,1200.0,13712.165644402343,4345.510033129201,9366.655611273141,4194.072483215947,1768.0522747756452,1200.0
Q4-2,B3,2025-04-01,1277.224769172214,16154.959938994132,5868.281486826745,10286.678452167387,5175.5417539887385,2402.502560950504,1200.0
Q4-2,B3,2025-04-02,1200.0,20273.73247549156,7718.902265687936,12554.830209803626,4917.302503375672,2716.499050512382,1200.0
Q4-2,B3,2025-04-03,1231.094555665172,10666.660992485202,0.0,10666.660992485202,2617.602849249084,0.0,1200.0
Q4-2,B3,2025-04-04,1200.0,1014.3601517791172,0.0,1014.3601517791172,530.8519558332256,0.0,1200.0
Q4-2,B3,2025-04-05,1244.6677599733116,6010.545979169734,0.0,6010.545979169734,2695.567830167107,0.0,1200.0
Q4-2,B3,2025-04-06,1211.8479118815742,4494.609759078163,0.0,4494.609759078163,1298.1120093496909,0.0,1200.0
Q4-2,B3,2025-04-07,1201.9939948845963,4621.180773609603,0.0,4621.180773609603,1658.5927959484375,0.0,1200.0
Q4-2,B3,2025-04-08,1200.0,8697.06611579892,512.1711058584443,8184.895009940476,2017.391076396909,188.32557292986442,1200.0
Q4-2,B3,2025-04-09,1200.0,17418.40302127315,8386.625573452051,9031.777447821098,5409.298915832213,3181.676808924114,1200.0
Q4-2,B3,2025-04-10,1200.0,7322.21321861645,514.4098423370017,6807.8033762794485,1771.8119554496081,140.87949778826163,1200.0
Q4-2,B3,2025-04-11,1274.771882622737,1016.3687766812236,0.0,1016.3687766812236,571.7913514423883,0.0,1200.0
Q4-2,B3,2025-04-12,1200.0,1710.2944291913168,0.0,1710.2944291913168,893.9158685597044,0.0,1200.0
Q4-2,B3,2025-04-13,1200.0,7163.2973709211865,0.0,7163.2973709211865,1873.4462350840386,0.0,1200.0
Q4-2,B3,2025-04-14,1202.5740491417714,3542.0382751504103,0.0,3542.0382751504103,1021.4968505579133,0.0,1200.0
Q4-2,B3,2025-04-15,1200.0,5411.727617831786,0.0,5411.727617831786,1701.3396626327703,0.0,1200.0
Q4-2,B3,2025-04-16,1238.9178232702943,8475.126589541425,0.9152075467394561,8474.211381994686,2592.148752471479,0.4189551598715753,1200.0
Q4-2,B3,2025-04-17,1200.0,7614.817452748777,0.0,7614.817452748777,2202.287121703198,0.0,1200.0
Q4-2,B3,2025-04-18,1200.0,1896.4963137844027,0.0,1896.4963137844027,951.9050195483212,0.0,1200.0
Q4-2,B3,2025-04-19,1256.484575359526,1458.9285653484772,42.96075356975182,1415.9678117787253,669.9046044891361,24.785791356099285,1200.0
Q4-2,B3,2025-04-20,1200.0,6971.240566657842,933.0680212961397,6038.172545361702,1879.896002398257,441.02735650256795,1200.0
Q4-2,B3,2025-04-21,1200.0,1193.2437444192014,0.0,1193.2437444192014,482.53625635811284,0.0,1200.0
Q4-2,B3,2025-04-22,1201.753728419599,8121.371178280384,0.0,8121.371178280384,2836.7926580447156,0.0,1200.0
Q4-2,B3,2025-04-23,1200.0,5644.1106210264315,9.508886966746761,5634.6017340596845,2004.6272178649392,3.9276691312460805,1200.0
Q4-2,B3,2025-04-24,1233.8251633904626,2390.539776678749,60.388386985354984,2330.1513896933943,831.3498161033342,39.676995391166216,1200.0
Q4-2,B3,2025-04-25,1200.0,893.7578691641711,0.0,893.7578691641711,401.4075088843051,0.0,1200.0
Q4-2,B3,2025-04-26,1200.0,5914.6352257889575,307.6165266628004,5607.018699126157,2603.8396009414423,101.40065951872812,1200.0
Q4-2,B3,2025-04-27,1205.851168139625,12451.687678355836,4627.515814011327,7824.171864344509,3065.652980980394,1124.1833407280728,1200.0
Q4-2,B3,2025-04-28,1200.0,25665.000986947467,15235.152369058082,10429.848617889385,7954.56384283565,5603.091670864613,1200.0
Q4-2,B3,2025-04-29,1219.668444755117,4710.837325014637,1288.185596386083,3422.651728628554,1155.0638706160619,327.0643089885048,1200.0
Q4-2,B3,2025-04-30,1200.0,5501.335727419075,0.0,5501.335727419075,2248.3772632417513,0.0,1200.0
Q4-2,B3,2025-05-01,1200.0,25165.314195460316,15221.00367846408,9944.310516996236,5524.133658124437,3407.912141663985,1200.0
Q4-2,B3,2025-05-02,1200.0,21011.14613448814,11038.000303773784,9973.145830714355,7198.070250495687,3449.4703054592674,1200.0
Q4-2,B3,2025-05-03,1200.0,14889.605902502217,8487.384713629357,6402.22118887286,4553.47493266517,2304.5042842275857,1200.0
Q4-2,B3,2025-05-04,1200.0,16908.58991359623,10381.911258912078,6526.678654684154,4077.110472813201,2143.9195883750112,1200.0
Q4-2,B3,2025-05-05,1200.0,23708.77624300959,12207.840827956754,11500.935415052836,5282.302767969607,3032.701485179458,1200.0
Q4-2,B3,2025-05-06,1200.0,20900.108127847234,11323.792787814251,9576.315340032983,4667.808609865272,2731.4367020551726,1200.0
Q4-2,B3,2025-05-07,1200.0,22552.48551686425,9601.827170490345,12950.658346373904,5013.330895083583,2526.1145859301027,1200.0
Q4-2,B3,2025-05-08,1210.5064271983092,9694.525504892117,434.3447961998025,9260.180708692315,3025.8844084133198,62.24459662336676,1200.0
Q4-2,B3,2025-05-09,1210.209978892206,1302.3481309109798,30.386112603782845,1271.962018307197,555.2315334855556,17.289691907546604,1200.0
Q4-2,B3,2025-05-10,1245.470703322684,4847.755910515106,0.0,4847.755910515106,2320.2697965669995,0.0,1200.0
Q4-2,B3,2025-05-11,1224.6695002387116,9833.291319868315,386.1222155639363,9447.169104304377,3211.8122291545797,59.79946275059339,1200.0
Q4-2,B3,2025-05-12,1200.0,4481.5129486386495,0.0,4481.5129486386495,1530.4418062652344,0.0,1200.0
Q4-2,B3,2025-05-13,1245.470703322684,704.0337245359897,0.0,704.0337245359897,325.50973656736403,0.0,1200.0
Q4-2,B3,2025-05-14,1293.061488303491,1882.882591091021,0.0,1882.882591091021,579.0439310516133,0.0,1200.0
Q4-2,B3,2025-05-15,1200.0,7275.379209177907,0.0,7275.379209177907,1907.9622017935553,0.0,1200.0
Q4-2,B3,2025-05-16,1250.411828238853,1021.8643543140454,0.0,1021.8643543140454,569.7172759360789,0.0,1200.0
Q4-2,B3,2025-05-17,1200.0,6625.883934293985,359.19169407485236,6266.692240219132,2809.2795629746324,114.00287942705715,1200.0
Q4-2,B3,2025-05-18,1200.0,8624.895200292744,0.0,8624.895200292744,2532.101935036662,0.0,1200.0
Q4-2,B3,2025-05-19,1224.1348056719758,2490.838071638109,467.5827616666666,2023.2553099714423,570.8107913573626,67.00333333333333,1200.0
Q4-2,B3,2025-05-20,1200.0,11186.786728584908,0.0,11186.786728584908,3594.64107809167,0.0,1200.0
Q4-2,B3,2025-05-21,1200.0,3447.1263090101793,0.0,3447.1263090101793,993.4482023859536,0.0,1200.0
Q4-2,B3,2025-05-22,1200.0,7318.667570406763,863.3704542982041,6455.297116108559,1776.5108845879593,136.16676682545912,1200.0
Q4-2,B3,2025-05-23,1203.4745065186517,3597.3851596382265,0.0,3597.3851596382265,1681.8275632988957,0.0,1200.0
Q4-2,B3,2025-05-24,1242.2333720712309,734.8568936152933,0.0,734.8568936152933,378.63287302054215,0.0,1200.0
Q4-2,B3,2025-05-25,1245.9326169691149,3999.450628336949,626.891145500889,3372.55948283606,898.2837966901355,148.09849344981396,1200.0
Q4-2,B3,2025-05-26,1268.789023084398,14426.5796474363,3137.4787512293506,11289.10089620695,4916.379802262685,1333.0887711008586,1200.0
Q4-2,B3,2025-05-27,1283.6767348714416,464.8322020348511,0.0,464.8322020348511,202.18591479410924,0.0,1200.0
Q4-2,B3,2025-05-28,1242.459135384696,10657.71898377347,0.0,10657.71898377347,3387.3788253066195,0.0,1200.0
Q4-2,B3,2025-05-29,1241.3032038149854,16629.587676001607,3890.9531018305524,12738.634574171054,4597.586916819386,1473.4100095517738,1200.0
Q4-2,B3,2025-05-30,1200.0,5180.533715139233,39.62541723226277,5140.908297906971,2119.0856029114093,22.96459996074342,1200.0
Q4-2,B3,2025-05-31,1200.0,5937.102341566169,322.68507022788117,5614.417271338289,2767.9954125875374,197.35273267639388,1200.0
Q4-2,B3,2025-06-01,1200.0,79005.70303728101,58020.902483621525,20984.800553659486,19142.55111498005,15882.92227484969,1200.0
Q4-2,B3,2025-06-02,1200.0,66703.64815314424,45831.762378671054,20871.885774473187,15224.959108607409,13242.607095489846,1200.0
Q4-2,B3,2025-06-03,1200.0,48022.985687651904,27415.828901065004,20607.1567865869,11274.731499658763,8956.688971472995,1200.0
Q4-2,B3,2025-06-04,1200.0,45326.73284487729,23532.775902563342,21793.956942313947,11605.70055370876,7787.035347029392,1200.0
Q4-2,B3,2025-06-05,1200.0,43122.47264513825,18256.077067345934,24866.39557779232,9993.631070662705,5994.11685974296,1200.0
Q4-2,B3,2025-06-06,1200.0,37605.88259328153,10671.56636522455,26934.31622805698,10879.496812954247,3420.151647900216,1200.0
Q4-2,B3,2025-06-07,1200.0,25319.3678428335,8868.831232288803,16450.536610544696,7958.262492179285,3227.671635522116,1200.0
Q4-2,B3,2025-06-08,1209.768669127881,678.0692961334548,0.0,678.0692961334548,209.8606334141529,0.0,1200.0
Q4-2,B3,2025-06-09,1343.2290948464629,3677.1046028874885,0.0,3677.1046028874885,868.9240674742114,0.0,1200.0
Q4-2,B3,2025-06-10,1200.0,3420.8663378475585,0.0,3420.8663378475585,758.7005587665376,0.0,1200.0
Q4-2,B3,2025-06-11,1208.410480596736,20277.040683470175,0.0,20277.040683470175,4099.8148525463985,0.0,1200.0
Q4-2,B3,2025-06-12,1240.3693779063651,3712.2490665169325,0.0,3712.2490665169325,811.5697223014911,0.0,1200.0
Q4-2,B3,2025-06-13,1239.8367837149951,503.6172634553697,0.0,503.6172634553697,198.58617967299966,0.0,1200.0
Q4-2,B3,2025-06-14,1519.7745621772438,1883.7463333016199,0.0,1883.7463333016199,1124.0300281470604,0.0,1200.0
Q4-2,B3,2025-06-15,1266.1694242548351,295.09687720947875,0.0,295.09687720947875,118.17261698674002,0.0,1200.0
Q4-2,B3,2025-06-16,1560.4158065132845,3577.9257189482832,0.0,3577.9257189482832,909.1163211266428,0.0,1200.0
Q4-2,B3,2025-06-17,1200.0,11893.54118461265,0.0,11893.54118461265,2908.898982302706,0.0,1200.0
Q4-2,B3,2025-06-18,1200.0,2050.734780424114,0.0,2050.734780424114,586.2758680555555,0.0,1200.0
Q4-2,B3,2025-06-19,1433.8911483650772,1578.1909728305723,0.0,1578.1909728305723,523.8919913582756,0.0,1200.0
Q4-2,B3,2025-06-20,1200.0,144.3106772345304,0.27480785410490444,144.0358693804255,78.0595560482706,0.1444077005280633,1200.0
Q4-2,B3,2025-06-21,1686.6175434552574,619.5771737991365,0.0,619.5771737991365,310.55903433685427,0.0,1200.0
Q4-2,B3,2025-06-22,1257.3666252504847,6498.003077485158,143.6371310268788,6354.36594645828,1841.9427256354918,60.86198797949089,1200.0
Q4-2,B3,2025-06-23,1200.0,2187.6474304591657,0.0,2187.6474304591657,625.4895139068645,0.0,1200.0
Q4-2,B3,2025-06-24,1437.8396945320433,37319.8029326964,14798.307033321622,22521.49589937478,8416.226010094255,4170.334892027949,1200.0
Q4-2,B3,2025-06-25,1525.777548285571,8337.861728702062,0.0,8337.861728702062,2217.583123215981,0.0,1200.0
Q4-2,B3,2025-06-26,1342.4014727680642,6719.774230929956,0.0,6719.774230929956,1487.771968351809,0.0,1200.0
Q4-2,B3,2025-06-27,1200.0,711.3981432517917,72.50688540746498,638.8912578443267,285.0309757334818,36.852405879955526,1200.0
Q4-2,B3,2025-06-28,1315.191021437253,1310.5925350101597,0.0,1310.5925350101597,470.3208189078863,0.0,1200.0
Q4-2,B3,2025-06-29,1224.1324369066556,6685.563483985713,0.0,6685.563483985713,1957.1195804226227,0.0,1200.0
Q4-2,B3,2025-06-30,1284.3128873766784,4500.170468949774,0.0,4500.170468949774,1144.9042035403186,0.0,1200.0
Q4-2,B3,2025-07-01,1200.0,24207.447442958917,2967.1665248500376,21240.28091810888,4963.95780566563,666.0605665549947,1200.0
Q4-2,B3,2025-07-02,1200.0,23276.961163181528,1882.2907075588755,21394.670455622654,4559.77447460156,333.9292966647931,1200.0
Q4-2,B3,2025-07-03,1200.0,45260.106506739896,13899.48034060749,31360.626166132406,9304.680751963122,4149.85429223291,1200.0
Q4-2,B3,2025-07-04,1200.0,27796.201989527166,6820.400603233456,20975.801386293708,7474.83096233357,2721.972100872371,1200.0
Q4-2,B3,2025-07-05,1200.0,32763.896837739947,18783.694261477754,13980.202576262192,9143.07664744776,6185.95056196888,1200.0
Q4-2,B3,2025-07-06,1200.0,73885.30041771756,57703.35475684737,16181.945660870188,16410.281921974543,14445.283210043242,1200.0
Q4-2,B3,2025-07-07,1200.0,20858.231865510334,118.5855700035053,20739.646295506827,4445.466391212292,14.072098018690554,1200.0
Q4-2,B3,2025-07-08,1200.0,2570.0970884446497,0.0,2570.0970884446497,655.9195279579676,0.0,1200.0
Q4-2,B3,2025-07-09,1594.4164670918617,1477.7258677384627,0.0,1477.7258677384627,367.6430958005459,0.0,1200.0
Q4-2,B3,2025-07-10,1732.3073479462787,1468.6575290569212,0.0,1468.6575290569212,426.84281836221646,0.0,1200.0
Q4-2,B3,2025-07-11,1276.68168567932,1681.9335947543937,0.0,1681.9335947543937,751.4363307784132,0.0,1200.0
Q4-2,B3,2025-07-12,1897.6336789078828,720.5160342194108,0.0,720.5160342194108,233.43976388151805,0.0,1200.0
Q4-2,B3,2025-07-13,1285.9381962493887,1055.670002451156,115.44329572321898,940.2267067279371,190.1311510018442,14.042057113276996,1200.0
Q4-2,B3,2025-07-14,1367.760628679208,882.8817228957564,0.0,882.8817228957564,142.93436991148081,0.0,1200.0
Q4-2,B3,2025-07-15,1200.0,1431.2368871269623,0.0,1431.2368871269623,451.87671060455864,0.0,1200.0
Q4-2,B3,2025-07-16,1221.6896953407252,2099.5517963923558,0.0,2099.5517963923558,560.881806708114,0.0,1200.0
Q4-2,B3,2025-07-17,1427.8197496428024,9652.234560661544,0.0,9652.234560661544,2027.6729079449904,0.0,1200.0
Q4-2,B3,2025-07-18,1200.0,2439.4707046693197,0.0,2439.4707046693197,1128.474679235799,0.0,1200.0
Q4-2,B3,2025-07-19,1886.2614808059643,1338.7393914680067,0.0,1338.7393914680067,523.6002471074754,0.0,1200.0
Q4-2,B3,2025-07-20,1200.0,4560.673509658065,0.0,4560.673509658065,1217.4942656681806,0.0,1200.0
Q4-2,B3,2025-07-21,1344.6841249748716,2433.2594233725035,0.0,2433.2594233725035,680.5882041315945,0.0,1200.0
Q4-2,B3,2025-07-22,1851.222283941116,3931.181706561504,0.0,3931.181706561504,1065.1164338144727,0.0,1200.0
Q4-2,B3,2025-07-23,1200.0,2608.0737621490234,0.0,2608.0737621490234,628.4578150742173,0.0,1200.0
Q4-2,B3,2025-07-24,1471.1877647882864,9389.54169277768,0.0,9389.54169277768,2193.6022718272898,0.0,1200.0
Q4-2,B3,2025-07-25,1439.9426289033856,271.1145469267828,0.0,271.1145469267828,131.3294964776019,0.0,1200.0
Q4-2,B3,2025-07-26,1638.6393502890987,958.9301039583148,0.0,958.9301039583148,549.6496849195655,0.0,1200.0
Q4-2,B3,2025-07-27,1270.066747759005,14579.498173991406,4207.321910633688,10372.176263357716,3215.2644001316676,1420.2561668938738,1200.0
Q4-2,B3,2025-07-28,1257.4478045806034,13447.529391229553,0.0,13447.529391229553,3219.5214169711458,0.0,1200.0
Q4-2,B3,2025-07-29,1200.0,3231.687431809041,0.0,3231.687431809041,878.0830106921456,0.0,1200.0
Q4-2,B3,2025-07-30,1484.8894845838722,3525.4458463294613,0.0,3525.4458463294613,739.7662147975801,0.0,1200.0
Q4-2,B3,2025-07-31,1575.656995489167,11253.643515140042,0.0,11253.643515140042,2447.3454398134436,0.0,1200.0
Q4-2,B3,2025-08-01,1200.0,906.0011419886387,0.0,906.0011419886387,410.7483422286085,0.0,1200.0
Q4-2,B3,2025-08-02,1252.4439613155116,769.0099944968315,0.0,769.0099944968315,276.0147430991385,0.0,1200.0
Q4-2,B3,2025-08-03,1200.0,5678.557463744476,2141.526494440016,3537.03096930446,1029.3804260371712,432.48727301705037,1200.0
Q4-2,B3,2025-08-04,1213.253584381959,1290.2636433943594,0.0,1290.2636433943594,379.3061357613883,0.0,1200.0
Q4-2,B3,2025-08-05,1200.0,562.823599213393,0.0,562.823599213393,280.85453556336205,0.0,1200.0
Q4-2,B3,2025-08-06,1517.2244877346552,11882.476403469153,0.0,11882.476403469153,2848.557023587661,0.0,1200.0
Q4-2,B3,2025-08-07,1509.905391618209,1840.8945161075187,1388.4859230424017,452.408593065117,707.0128102939775,527.7066209762442,1200.0
Q4-2,B3,2025-08-08,1200.0,1694.5124033592804,0.0,1694.5124033592804,381.1264168421119,0.0,1200.0
Q4-2,B3,2025-08-09,1334.883178185258,3377.983642291333,10.099118510757625,3367.8845237805754,1312.3108357197457,4.545057835624494,1200.0
Q4-2,B3,2025-08-10,1253.082751388878,10189.857076747288,0.0,10189.857076747288,3034.488714301136,0.0,1200.0
Q4-2,B3,2025-08-11,1236.7285860123195,2279.73157682193,1582.1759902366377,697.5555865852923,338.6813803990928,206.4922419420943,1200.0
Q4-2,B3,2025-08-12,1247.986682774375,11306.927454747478,1991.5508619383627,9315.376592809116,3346.221182473818,949.8141530192476,1200.0
Q4-2,B3,2025-08-13,1242.0431327062593,5835.232277710882,18.380777014875687,5816.851500696006,2332.8925487275646,2.235424386120485,1200.0
Q4-2,B3,2025-08-14,1265.0406535517864,14250.910583519177,394.73090224933924,13856.179681269838,3081.384262460054,197.4148048258761,1200.0
Q4-2,B3,2025-08-15,1200.0,1392.3742319892826,0.0,1392.3742319892826,556.8792460458683,0.0,1200.0
Q4-2,B3,2025-08-16,1200.0,1800.531125797849,0.0,1800.531125797849,859.489514620664,0.0,1200.0
Q4-2,B3,2025-08-17,1225.923512478262,11101.82351720355,2682.987931930539,8418.83558527301,2466.402550247245,751.1530935094787,1200.0
Q4-2,B3,2025-08-18,1200.0,5794.878671176594,0.0,5794.878671176594,1295.0199810611705,0.0,1200.0
Q4-2,B3,2025-08-19,1370.3871148340731,3293.0073778200976,158.26842332122737,3134.73895449887,1083.6850994835568,18.669942380106363,1200.0
Q4-2,B3,2025-08-20,1268.638981768917,24201.8769425133,12990.650604194865,11211.226338318435,6782.1716404739345,5023.020809230395,1200.0
Q4-2,B3,2025-08-21,1200.0,8169.241548325377,782.7949299443932,7386.446618380984,2435.6415131703066,173.12554556824608,1200.0
Q4-2,B3,2025-08-22,1200.0,5829.121428635072,1786.6653953491425,4042.45603328593,1940.848318740495,413.06741850118647,1200.0
Q4-2,B3,2025-08-23,1314.3093011033982,1619.1032174755508,0.0,1619.1032174755508,617.0159588089665,0.0,1200.0
Q4-2,B3,2025-08-24,1200.0,11751.210639888312,279.0138310710914,11472.19680881722,2716.0667662845444,68.11029685611898,1200.0
Q4-2,B3,2025-08-25,1276.033520351339,15717.591636261785,4849.780653127734,10867.810983134052,4739.591170355316,2042.7709195510342,1200.0
Q4-2,B3,2025-08-26,1536.9460186326874,2602.6037874346193,0.0,2602.6037874346193,505.5795708409484,0.0,1200.0
Q4-2,B3,2025-08-27,1772.1480246933068,8151.9161487180245,0.0,8151.9161487180245,2479.1252118987886,0.0,1200.0
Q4-2,B3,2025-08-28,1259.3108477883702,17714.28970423109,6800.505402976257,10913.784301254833,5734.267791093393,2911.6995926273335,1200.0
Q4-2,B3,2025-08-29,1265.0406535517864,1339.3353197846554,0.0,1339.3353197846554,423.3299036310388,0.0,1200.0
Q4-2,B3,2025-08-30,1519.8647490141368,1628.5584999958048,0.0,1628.5584999958048,638.9182481641449,0.0,1200.0
Q4-2,B3,2025-08-31,1200.665821869923,6902.403026105549,70.9931634651116,6831.409862640437,2003.5050561538474,8.862513384322028,1200.0
Q4-2,B3,2025-09-01,1255.3083892265488,52.613355955892956,0.0,52.613355955892956,24.155377816004943,0.0,1200.0
Q4-2,B3,2025-09-02,3539.1014503402985,3071.2413328131634,0.0,3071.2413328131634,655.0084125031902,0.0,1200.0
Q4-2,B3,2025-09-03,3044.036818555531,350.1432832002536,0.0,350.1432832002536,78.62204630071935,0.0,1200.0
Q4-2,B3,2025-09-04,3028.506104168708,1636.7573169877896,0.0,1636.7573169877896,373.8147716433003,0.0,1200.0
Q4-2,B3,2025-09-05,2863.8843890232497,168.9224635171811,0.0,168.9224635171811,172.7146049795066,0.0,1200.0
Q4-2,B3,2025-09-06,1746.616335367585,1092.9357904244941,0.0,1092.9357904244941,371.9282866858731,0.0,1200.0
Q4-2,B3,2025-09-07,1487.7455760938335,3434.210358089793,0.0,3434.210358089793,1079.2321352497206,0.0,1200.0
Q4-2,B3,2025-09-08,1456.1822510666668,32778.622120980624,26020.1755032393,6758.446617741323,9014.18442515455,7820.594352801952,1200.0
Q4-2,B3,2025-09-09,1200.0,14423.335003369317,8412.93189533526,6010.403108034057,3604.173768693964,1849.39222553407,1200.0
Q4-2,B3,2025-09-10,1200.0,35439.345766526145,22941.516322490555,12497.82944403559,9513.82443034338,8558.763901600727,1200.0
Q4-2,B3,2025-09-11,1200.0,16908.837960256948,10122.454213769275,6786.383746487672,4158.1550416146465,2750.3997768918607,1200.0
Q4-2,B3,2025-09-12,1200.0,8280.861328317873,6031.110845666273,2249.7504826515997,2999.7491018879746,2675.9472525650763,1200.0
Q4-2,B3,2025-09-13,1200.0,10014.466110454861,6615.376723512485,3399.089386942376,3186.5677768147198,2327.2637333534894,1200.0
Q4-2,B3,2025-09-14,1200.0,30591.55574207352,16518.617978400333,14072.937763673188,8249.895156846625,5126.690798415585,1200.0
Q4-2,B3,2025-09-15,1200.0,8391.04382730415,1076.2926117297654,7314.751215574385,2009.777890977849,281.2662754931199,1200.0
Q4-2,B3,2025-09-16,1200.0,13885.98436442737,3576.8810365253407,10309.103327902028,4186.823310729263,1421.8378659406358,1200.0
Q4-2,B3,2025-09-17,1200.0,15024.412036614776,6587.682173896789,8436.729862717988,4244.673282124462,3048.35974680256,1200.0
Q4-2,B3,2025-09-18,1200.0,19149.272525933207,6111.026190401953,13038.246335531254,4781.384559993974,1872.4062346225242,1200.0
Q4-2,B3,2025-09-19,1200.0,7233.081733332441,255.52308760961918,6977.558645722822,2506.8831861640074,151.4004545051074,1200.0
Q4-2,B3,2025-09-20,1200.0,12087.362575234092,5497.383587630038,6589.978987604054,4022.91967367691,2127.2126929943242,1200.0
Q4-2,B3,2025-09-21,1200.0,13427.210585506036,3921.633134919485,9505.577450586552,3327.6385550302375,755.8022303981322,1200.0
Q4-2,B3,2025-09-22,1220.9257282981484,9980.207622756461,652.2759148882938,9327.931707868167,2660.6428307945234,185.52457243754074,1200.0
Q4-2,B3,2025-09-23,1200.0,11451.089364829048,2152.6128357437756,9298.476529085272,2518.59587027215,553.1843159040214,1200.0
Q4-2,B3,2025-09-24,1277.643835078389,11901.491288259016,0.0,11901.491288259016,3107.6057558537186,0.0,1200.0
Q4-2,B3,2025-09-25,1200.0,13687.695110083232,777.667947180292,12910.02716290294,3652.8996689992796,296.6143404775795,1200.0
Q4-2,B3,2025-09-26,1200.0,3139.603981357248,0.0,3139.603981357248,1280.381081207055,0.0,1200.0
Q4-2,B3,2025-09-27,1200.0,15683.285768018155,4305.501474760185,11377.78429325797,5441.8499120554225,1818.0341871303074,1200.0
Q4-2,B3,2025-09-28,1200.0,20063.98538047856,7132.0447296780885,12931.940650800472,5338.143870545177,3140.595292613243,1200.0
Q4-2,B3,2025-09-29,1200.0,6348.956494645385,0.0,6348.956494645385,1444.9310389608963,0.0,1200.0
Q4-2,B3,2025-09-30,1200.0,12530.499886411902,407.3040204069157,12123.195866004986,3166.3108405605035,205.75504828781982,1200.0
Q4-2,B3,2025-10-01,1200.0,187.91773051788115,0.0,187.91773051788115,76.24781466873333,0.0,1200.0
Q4-2,B3,2025-10-02,1246.3636844784571,1446.220166529534,0.0,1446.220166529534,651.9757800007586,0.0,1200.0
Q4-2,B3,2025-10-03,1762.811252738066,513.556446755128,0.0,513.556446755128,316.33911129400013,0.0,1200.0
Q4-2,B3,2025-10-04,1528.3104868909077,1906.7517242225347,0.0,1906.7517242225347,720.7369211992036,0.0,1200.0
Q4-2,B3,2025-10-05,1451.171452826305,2163.4942001014865,0.0,2163.4942001014865,849.4950592606608,0.0,1200.0
Q4-2,B3,2025-10-06,1276.473691452551,3195.3800360034425,0.0,3195.3800360034425,1279.5821405188028,0.0,1200.0
Q4-2,B3,2025-10-07,1251.3984868338614,5807.411222331824,0.0,5807.411222331824,1564.353414469673,0.0,1200.0
Q4-2,B3,2025-10-08,1257.8291440881883,13454.555257270582,154.5362726351799,13300.018984635402,3694.8666577627646,76.74092484698811,1200.0
Q4-2,B3,2025-10-09,1200.0,14587.11066511447,1006.2743066008579,13580.83635851361,3304.2243866700196,199.83616281881686,1200.0
Q4-2,B3,2025-10-10,1200.0,5022.120626841746,6.469455725278744,5015.651171116468,1755.6088546789756,4.314408619725738,1200.0
Q4-2,B3,2025-10-11,1200.0,6195.421446618589,4384.489560854602,1810.9318857639864,2034.1816829926815,1660.6452731667046,1200.0
Q4-2,B3,2025-10-12,1200.0,18946.039479361807,9763.241321133031,9182.798158228776,5231.832172472687,3606.354803448834,1200.0
Q4-2,B3,2025-10-13,1200.0,5115.712534706137,0.0,5115.712534706137,1250.8817515259605,0.0,1200.0
Q4-2,B3,2025-10-14,1200.0,16544.73215013915,2604.780176557285,13939.951973581865,3936.8679127874684,1113.2336507738423,1200.0
Q4-2,B3,2025-10-15,1200.0,17168.56178936894,3940.8365264448234,13227.725262924117,4666.045319971323,1772.3025467061461,1200.0
Q4-2,B3,2025-10-16,1200.0,27755.196869845677,7268.83322614199,20486.363643703688,6776.155116921167,2024.0685164037134,1200.0
Q4-2,B3,2025-10-17,1200.0,3192.4673722545713,0.0,3192.4673722545713,1264.8144403458198,0.0,1200.0
Q4-2,B3,2025-10-18,1200.0,5545.54072878019,107.94817784396193,5437.592550936228,2421.1367686211834,70.09144406089469,1200.0
Q4-2,B3,2025-10-19,1200.0,22970.576758133695,15599.549585210803,7371.027172922892,5355.918140256481,4738.610921291183,1200.0
Q4-2,B3,2025-10-20,1200.0,9260.316514292957,1133.3115619729915,8127.004952319966,1952.2866023354854,246.4731141700293,1200.0
Q4-2,B3,2025-10-21,1200.0,11450.629528786067,0.0,11450.629528786067,3001.288742643962,0.0,1200.0
Q4-2,B3,2025-10-22,1200.0,17416.766799929464,3364.5641106096296,14052.202689319834,3626.2749833246685,716.4782083549173,1200.0
Q4-2,B3,2025-10-23,1200.0,9488.246294306751,0.0,9488.246294306751,2286.670697987217,0.0,1200.0
Q4-2,B3,2025-10-24,1200.0,4355.884746894857,0.0,4355.884746894857,1397.281918751584,0.0,1200.0
Q4-2,B3,2025-10-25,1200.0,5553.23804607115,0.0,5553.23804607115,1703.3968435297593,0.0,1200.0
Q4-2,B3,2025-10-26,1200.0,5969.530471518547,2.779452586640393,5966.751018931906,1558.6928641068703,1.2915671871005543,1200.0
Q4-2,B3,2025-10-27,1200.0,6399.956692084118,0.0,6399.956692084118,1490.7737492360832,0.0,1200.0
Q4-2,B3,2025-10-28,1200.0,9019.17726727567,0.0,9019.17726727567,2024.9072266462463,0.0,1200.0
Q4-2,B3,2025-10-29,1200.0,19570.13891081384,3799.0696291725303,15771.069281641308,4648.803403783588,1396.3505039436272,1200.0
Q4-2,B3,2025-10-30,1200.0,9611.930518089615,0.0,9611.930518089615,2206.321469668903,0.0,1200.0
Q4-2,B3,2025-10-31,1200.0,3910.621606620956,0.0,3910.621606620956,1744.0734458459058,0.0,1200.0
Q4-2,B3,2025-11-01,1200.0,4924.105812972468,0.0,4924.105812972468,2073.023948788598,0.0,1200.0
Q4-2,B3,2025-11-02,1200.0,14866.798535117117,5122.033673473958,9744.76486164316,3232.4498869787076,1550.9931247274374,1200.0
Q4-2,B3,2025-11-03,1200.0,3523.6058230494127,0.0,3523.6058230494127,1134.3267886498897,0.0,1200.0
Q4-2,B3,2025-11-04,1200.0,3851.056010589228,0.0,3851.056010589228,727.5663209029799,0.0,1200.0
Q4-2,B3,2025-11-05,1206.476585820477,5093.858051055606,0.0,5093.858051055606,1180.8502702247745,0.0,1200.0
Q4-2,B3,2025-11-06,1200.9170620653335,17878.33592096167,3619.4626509695413,14258.873269992127,3861.40024096666,1072.6125545275681,1200.0
Q4-2,B3,2025-11-07,1200.0,3619.939558957709,0.0,3619.939558957709,1129.2351893200605,0.0,1200.0
Q4-2,B3,2025-11-08,1200.0,2051.4172682517255,81.43395475653281,1969.9833134951928,694.4123859635617,40.85998733393518,1200.0
Q4-2,B3,2025-11-09,1200.0,11223.462255743563,233.21462048265673,10990.247635260906,2795.1222481485675,123.67271837765685,1200.0
Q4-2,B3,2025-11-10,1200.0,13335.308249671576,0.0,13335.308249671576,3072.3393645638007,0.0,1200.0
Q4-2,B3,2025-11-11,1207.567882018481,5063.06162290049,0.0,5063.06162290049,1147.2717008122684,0.0,1200.0
Q4-2,B3,2025-11-12,1200.0,4108.087893546379,60.57968666666655,4047.5082068797124,881.1992018546867,11.773333333333312,1200.0
Q4-2,B3,2025-11-13,1200.0,12211.568639459698,1806.0302841692858,10405.538355290411,2917.1320741332524,419.6245543957314,1200.0
Q4-2,B3,2025-11-14,1200.0,3574.8652511402265,0.0,3574.8652511402265,1394.0251475680745,0.0,1200.0
Q4-2,B3,2025-11-15,1200.0,3901.1615112787786,235.81269678597357,3665.348814492805,1235.5369613635553,131.05446853898138,1200.0
Q4-2,B3,2025-11-16,1208.8746292849517,7522.70381795502,9.829798014684465,7512.8740199403355,1657.2486758783343,4.517370411160141,1200.0
Q4-2,B3,2025-11-17,1200.0,1685.5937537129307,0.0,1685.5937537129307,516.9228131574909,0.0,1200.0
Q4-2,B3,2025-11-18,1232.8537880587712,8198.092608398005,0.0,8198.092608398005,2132.3821613381697,0.0,1200.0
Q4-2,B3,2025-11-19,1200.0,9523.710932184082,0.0,9523.710932184082,2058.369404691721,0.0,1200.0
Q4-2,B3,2025-11-20,1200.0,7750.436509803698,0.0,7750.436509803698,1832.1738315559278,0.0,1200.0
Q4-2,B3,2025-11-21,1200.0,2009.4419483628417,0.0,2009.4419483628417,1058.3151245325291,0.0,1200.0
Q4-2,B3,2025-11-22,1200.0,2653.8516954922216,0.0,2653.8516954922216,895.9458680427899,0.0,1200.0
Q4-2,B3,2025-11-23,1200.0,6886.9140427745015,0.0,6886.9140427745015,1449.7608234813833,0.0,1200.0
Q4-2,B3,2025-11-24,1200.0,6031.625743587287,93.95213442527178,5937.673609162015,1334.3927139273007,17.783860387142113,1200.0
Q4-2,B3,2025-11-25,1200.0,6000.1554889402505,0.0,6000.1554889402505,1356.1965073307194,0.0,1200.0
Q4-2,B3,2025-11-26,1200.0,6965.281619774552,20.569100804612123,6944.71251896994,1666.7363653113864,3.8182849089682804,1200.0
Q4-2,B3,2025-11-27,1200.0,5730.139325491921,0.0,5730.139325491921,1161.5164128232848,0.0,1200.0
Q4-2,B3,2025-11-28,1211.674343344299,3711.107542258457,0.0,3711.107542258457,1063.943775057265,0.0,1200.0
Q4-2,B3,2025-11-29,1200.0,9577.21847525385,1337.9569506177802,8239.261524636071,3900.434506947177,802.4810650271111,1200.0
Q4-2,B3,2025-11-30,1200.0,11411.621842865492,0.0,11411.621842865492,2437.031539886564,0.0,1200.0
Q4-2,B3,2025-12-01,1200.0,32561.574024849106,22994.13678901823,9567.437235830876,7171.960091549294,5945.661794777299,1200.0
Q4-2,B3,2025-12-02,1200.0,43706.42816857924,34239.84527884921,9466.58288973003,9110.911897574486,8132.158266217606,1200.0
Q4-2,B3,2025-12-03,1200.0,28439.581043033333,18058.850154013347,10380.730889019986,6918.788810626911,5250.696585782289,1200.0
Q4-2,B3,2025-12-04,1200.0,32128.601825654783,15434.011544837329,16694.590280817454,7011.892781268318,4361.52068866863,1200.0
Q4-2,B3,2025-12-05,1200.0,15792.313219103358,1718.334376724273,14073.978842379085,5024.311275112203,927.9875859929235,1200.0
Q4-2,B3,2025-12-06,1200.0,22426.43474177078,13783.166681968614,8643.268059802165,7501.94525896373,6489.025693962926,1200.0
Q4-2,B3,2025-12-07,1200.0,23219.4882276729,2937.21460829871,20282.27361937419,5324.013337384988,1014.387476425331,1200.0
Q4-2,B3,2025-12-08,1200.0,2034.9291893832733,0.0,2034.9291893832733,467.4244221060647,0.0,1200.0
Q4-2,B3,2025-12-09,1259.5608663464384,716.2796619342744,0.0,716.2796619342744,140.38914575554273,0.0,1200.0
Q4-2,B3,2025-12-10,1261.3057799283472,3188.590607477513,0.0,3188.590607477513,666.8280178935281,0.0,1200.0
Q4-2,B3,2025-12-11,1200.0,992.6687868730954,0.0,992.6687868730954,281.6005533713035,0.0,1200.0
Q4-2,B3,2025-12-12,1204.0710901000098,2019.2720946388579,0.0,2019.2720946388579,847.7321592945268,0.0,1200.0
Q4-2,B3,2025-12-13,1247.005983930658,1590.1755510626983,0.0,1590.1755510626983,531.1786632660873,0.0,1200.0
Q4-2,B3,2025-12-14,1200.0,1366.8096750919144,0.0,1366.8096750919144,323.8034462860761,0.0,1200.0
Q4-2,B3,2025-12-15,1200.0,2584.5779461876514,0.0,2584.5779461876514,605.144290453098,0.0,1200.0
Q4-2,B3,2025-12-16,1203.7841055935876,1084.7072397943423,0.0,1084.7072397943423,291.2021168131073,0.0,1200.0
Q4-2,B3,2025-12-17,1200.0,1748.3983348558272,0.0,1748.3983348558272,371.86638644925426,0.0,1200.0
Q4-2,B3,2025-12-18,1200.0,4126.587198215789,0.0,4126.587198215789,980.0896710908273,0.0,1200.0
Q4-2,B3,2025-12-19,1205.8653904351063,1570.871934868434,0.0,1570.871934868434,557.2955002818001,0.0,1200.0
Q4-2,B3,2025-12-20,1203.3977126430418,655.9803997936694,0.0,655.9803997936694,323.3850008453629,0.0,1200.0
Q4-2,B3,2025-12-21,1232.4558621738092,2955.8974954891646,0.0,2955.8974954891646,722.9778066486854,0.0,1200.0
Q4-2,B3,2025-12-22,1200.0,2315.968352206522,0.0,2315.968352206522,509.2757561049455,0.0,1200.0
Q4-2,B3,2025-12-23,1200.0,353.014218551914,0.0,353.014218551914,85.32138439598475,0.0,1200.0
Q4-2,B3,2025-12-24,1213.302805303297,1624.7584598190006,0.0,1624.7584598190006,330.43322160283094,0.0,1200.0
Q4-2,B3,2025-12-25,1200.0,5254.830777294287,0.0,5254.830777294287,1224.3523694337425,0.0,1200.0
Q4-2,B3,2025-12-26,1200.0,1443.1530408216754,0.0,1443.1530408216754,543.2613669810447,0.0,1200.0
Q4-2,B3,2025-12-27,1527.1643406081218,880.2394645107997,0.0,880.2394645107997,285.50721706957233,0.0,1200.0
Q4-2,B3,2025-12-28,1222.6407562528616,1683.5137222185651,0.0,1683.5137222185651,397.1346721128773,0.0,1200.0
Q4-2,B3,2025-12-29,1231.4940772385426,1135.513669602279,0.0,1135.513669602279,325.14265168677537,0.0,1200.0
Q4-2,B3,2025-12-30,1200.0,82.67106247288324,0.0,82.67106247288324,27.18217070772069,0.0,1200.0
Q4-2,B3,2025-12-31,1266.9102440298807,4959.046778098114,0.0,4959.046778098114,1066.878041405812,0.0,1200.0
Q4-2,B4,2025-02-01,3911.098134470335,504.046307616084,0.0,504.046307616084,182.77749037588111,0.0,1200.0
Q4-2,B4,2025-02-02,1209.7760767452207,75.62416197131081,0.0,75.62416197131081,18.644423411530266,0.0,1200.0
Q4-2,B4,2025-02-03,1290.3986337666895,1499.028657290022,0.0,1499.028657290022,376.02953361124366,0.0,1200.0
Q4-2,B4,2025-02-04,1200.0,6681.6017968066535,0.0,6681.6017968066535,1521.5346507919828,0.0,1200.0
Q4-2,B4,2025-02-05,1257.5893324935998,2384.435724164083,0.0,2384.435724164083,511.5552305124003,0.0,1200.0
Q4-2,B4,2025-02-06,1285.869771322719,1757.1352545498466,0.0,1757.1352545498466,367.59538653318884,0.0,1200.0
Q4-2,B4,2025-02-07,1262.7772323994818,484.7939723646515,0.0,484.7939723646515,92.23168522781435,0.0,1200.0
Q4-2,B4,2025-02-08,1234.7468979261296,4244.246024987706,0.0,4244.246024987706,1375.3921183790237,0.0,1200.0
Q4-2,B4,2025-02-09,1233.7379144590336,10324.507680595265,711.7160215815004,9612.791659013765,2397.3567005765044,359.98403566896775,1200.0
Q4-2,B4,2025-02-10,1200.0,1244.3630783738186,0.0,1244.3630783738186,464.5318019345466,0.0,1200.0
Q4-2,B4,2025-02-11,1200.0,2242.5249939713426,0.0,2242.5249939713426,483.5833750860294,0.0,1200.0
Q4-2,B4,2025-02-12,1200.0,3858.4872580314895,0.0,3858.4872580314895,801.7858453515765,0.0,1200.0
Q4-2,B4,2025-02-13,1200.0,3715.988288416352,0.0,3715.988288416352,964.5413947672641,0.0,1200.0
Q4-2,B4,2025-02-14,1201.0511785448505,2023.7763795360324,7.1573116738416145,2016.6190678621908,724.3607942999586,4.762017081730948,1200.0
Q4-2,B4,2025-02-15,1201.135707273449,3507.879670055833,0.0,3507.879670055833,1363.5979038788648,0.0,1200.0
Q4-2,B4,2025-02-16,1200.0,13594.851409010378,0.0,13594.851409010378,2937.2751778155907,0.0,1200.0
Q4-2,B4,2025-02-17,1200.0,2948.606732883164,0.0,2948.606732883164,708.3683120793734,0.0,1200.0
Q4-2,B4,2025-02-18,1233.9580482733704,5240.9906007214895,0.0,5240.9906007214895,1189.0011408968694,0.0,1200.0
Q4-2,B4,2025-02-19,1200.0,9226.18360781886,0.0,9226.18360781886,2195.6953480199218,0.0,1200.0
Q4-2,B4,2025-02-20,1200.0,5392.109798585237,0.0,5392.109798585237,1189.3711906085894,0.0,1200.0
Q4-2,B4,2025-02-21,1200.0,871.7303857981051,0.0,871.7303857981051,486.9259086467206,0.0,1200.0
Q4-2,B4,2025-02-22,1200.0,4747.720423185016,0.0,4747.720423185016,2032.974812851955,0.0,1200.0
Q4-2,B4,2025-02-23,1200.0,9768.926701024462,0.0,9768.926701024462,2469.743973749472,0.0,1200.0
Q4-2,B4,2025-02-24,1200.0,3033.2438788841514,0.0,3033.2438788841514,652.3342066822977,0.0,1200.0
Q4-2,B4,2025-02-25,1207.459042662377,2502.556694928583,0.0,2502.556694928583,635.2223191638759,0.0,1200.0
Q4-2,B4,2025-02-26,1200.0,5362.276457873201,0.0,5362.276457873201,1399.8110393598683,0.0,1200.0
Q4-2,B4,2025-02-27,1209.7774597195396,9262.529843590808,2438.9300073815416,6823.599836209267,1856.7751356071233,546.515239487663,1200.0
Q4-2,B4,2025-02-28,1230.048967292904,2222.2279425286247,0.0,2222.2279425286247,1004.0197783890654,0.0,1200.0
Q4-2,B4,2025-03-01,1222.4863047016663,1948.6838313495161,0.0,1948.6838313495161,678.8511157410563,0.0,1200.0
Q4-2,B4,2025-03-02,1254.60667721882,27284.55157290132,18326.785806847118,8957.765766054203,6896.879856619853,5053.3230217452765,1200.0
Q4-2,B4,2025-03-03,1200.0,19595.68367055858,14400.959225348368,5194.724445210213,4845.243566915824,3983.6999529994746,1200.0
Q4-2,B4,2025-03-04,1200.0,3274.9852985864154,0.0,3274.9852985864154,1092.1414232370234,0.0,1200.0
Q4-2,B4,2025-03-05,1200.0,2302.823296344313,0.0,2302.823296344313,549.8342912198138,0.0,1200.0
Q4-2,B4,2025-03-06,1200.0,4209.677662268973,672.5383918096248,3537.139270459348,1101.6699497871875,317.5020777898043,1200.0
Q4-2,B4,2025-03-07,1200.0,916.6725084542122,45.7700823064628,870.9024261477495,367.77266224698286,25.2943256736462,1200.0
Q4-2,B4,2025-03-08,1240.3424701332794,1933.1859678117457,635.832478759118,1297.3534890526278,1048.0217007554982,401.85704036619234,1200.0
Q4-2,B4,2025-03-09,1200.0,2539.272737454179,0.0,2539.272737454179,785.3274860759622,0.0,1200.0
Q4-2,B4,2025-03-10,1200.0,13273.321376970598,8771.541558681809,4501.779818288789,4091.660145541534,3166.498603696078,1200.0
Q4-2,B4,2025-03-11,1238.1909079669126,4837.859883049163,1114.5673498766437,3723.292533172519,1104.2999121084508,250.03069258761678,1200.0
Q4-2,B4,2025-03-12,1292.4836144243532,4267.985624332281,1038.2282845037842,3229.7573398284967,1142.656218383054,313.7151105271464,1200.0
Q4-2,B4,2025-03-13,1200.374738797408,24493.244286194113,19893.127344507924,4600.1169416861885,6534.4696214281,6216.311667201356,1200.0
Q4-2,B4,2025-03-14,1200.0,3482.5081817417954,562.7051086712866,2919.8030730705086,1388.1933158151564,345.73390704996916,1200.0
Q4-2,B4,2025-03-15,1217.1451299431512,4585.362947851002,566.8289473132129,4018.5340005377893,1775.7828443553694,341.45390125960375,1200.0
Q4-2,B4,2025-03-16,1200.0,8957.475249346553,81.50686796260396,8875.96838138395,2579.777323113416,38.92074202018873,1200.0
Q4-2,B4,2025-03-17,1200.0,1123.3657211034003,0.0,1123.3657211034003,349.21423393304826,0.0,1200.0
Q4-2,B4,2025-03-18,1200.0,9914.037318109975,4741.942791324735,5172.09452678524,2130.0409934204886,1218.6054984919285,1200.0
Q4-2,B4,2025-03-19,1200.0,4258.800928608681,437.9156906547794,3820.885237953901,1021.1918794540533,216.72984577234558,1200.0
Q4-2,B4,2025-03-20,1227.616252998865,9999.78200833344,2628.4233459413963,7371.358662392045,2825.6885497987882,924.3835845756814,1200.0
Q4-2,B4,2025-03-21,1200.0,1778.829051767822,886.2861678712054,892.5428838966166,830.966737764917,527.1580010987137,1200.0
Q4-2,B4,2025-03-22,1200.0,3224.84059413642,0.0,3224.84059413642,1566.8248428523907,0.0,1200.0
Q4-2,B4,2025-03-23,1200.0,8337.944951130527,25.942849063945904,8312.00210206658,2272.8587749073727,9.174969908482854,1200.0
Q4-2,B4,2025-03-24,1231.4274578580596,3394.8696976834794,0.0,3394.8696976834794,1137.7643725249332,0.0,1200.0
Q4-2,B4,2025-03-25,1200.0,14955.412921565503,5893.731023474391,9061.681898091112,4275.571381626378,2276.7295959476214,1200.0
Q4-2,B4,2025-03-26,1210.227254354574,3891.4067244914036,0.0,3891.4067244914036,1053.1458692700553,0.0,1200.0
Q4-2,B4,2025-03-27,1200.0,9715.140860813546,2801.8577200602267,6913.2831407533195,2732.496837470317,1129.000160622187,1200.0
Q4-2,B4,2025-03-28,1200.0,1053.5203108211865,0.0,1053.5203108211865,488.6059714703094,0.0,1200.0
Q4-2,B4,2025-03-29,1200.0,1881.1199430663773,0.2695698837279429,1880.8503731826495,678.4151321005238,0.1568634761291492,1200.0
Q4-2,B4,2025-03-30,1205.6551411077892,5507.218693413636,0.0,5507.218693413636,1875.3727322377542,0.0,1200.0
Q4-2,B4,2025-03-31,1200.0,13769.570604277404,1731.005649035244,12038.56495524216,4216.331654394065,603.8753342059917,1200.0
Q4-2,B4,2025-04-01,1277.224769172214,14849.601543286804,4350.792741945324,10498.80880134148,4719.064190734517,1860.9599156075494,1200.0
Q4-2,B4,2025-04-02,1200.0,18204.40523870421,5704.683723971192,12499.721514733017,4173.487307064802,1775.8506376004484,1200.0
Q4-2,B4,2025-04-03,1231.094555665172,10709.765913789255,0.0,10709.765913789255,2614.1017528035954,0.0,1200.0
Q4-2,B4,2025-04-04,1200.0,947.5256665480598,0.0,947.5256665480598,488.8050350969706,0.0,1200.0
Q4-2,B4,2025-04-05,1244.6677599733116,6055.068231119618,0.0,6055.068231119618,2720.338529728374,0.0,1200.0
Q4-2,B4,2025-04-06,1211.8479118815742,4489.428553262382,0.0,4489.428553262382,1220.9253212095507,0.0,1200.0
Q4-2,B4,2025-04-07,1203.7870284538517,4403.263824970991,0.0,4403.263824970991,1594.8813852441986,0.0,1200.0
Q4-2,B4,2025-04-08,1200.0,8807.36631183898,147.94529780613655,8659.421014032843,2034.8643271399342,76.25746099210667,1200.0
Q4-2,B4,2025-04-09,1200.0,16926.027497498042,7074.11850031159,9851.908997186452,5220.090279709597,2739.1628792930383,1200.0
Q4-2,B4,2025-04-10,1200.0,7318.6818122057775,428.3813652847491,6890.300446921028,1789.839472778876,124.52519159905582,1200.0
Q4-2,B4,2025-04-11,1270.910166571268,1079.6003426111422,0.0,1079.6003426111422,609.828797075744,0.0,1200.0
Q4-2,B4,2025-04-12,1200.0,1717.7741887090153,0.0,1717.7741887090153,905.1412446862987,0.0,1200.0
Q4-2,B4,2025-04-13,1200.0,7248.614142864253,0.0,7248.614142864253,1875.9891759062325,0.0,1200.0
Q4-2,B4,2025-04-14,1202.5740491417714,3514.733397929055,0.0,3514.733397929055,1048.8462825274366,0.0,1200.0
Q4-2,B4,2025-04-15,1200.0,5568.5191669865735,0.0,5568.5191669865735,1741.251468362254,0.0,1200.0
Q4-2,B4,2025-04-16,1238.917823270294,8420.614333933489,0.0,8420.614333933489,2536.8000015127286,0.0,1200.0
Q4-2,B4,2025-04-17,1200.0,7081.25396912625,0.0,7081.25396912625,1969.3889261640657,0.0,1200.0
Q4-2,B4,2025-04-18,1200.0,1893.9408933061527,0.0,1893.9408933061527,952.8348379694955,0.0,1200.0
Q4-2,B4,2025-04-19,1268.3766226955909,1458.1512840917298,25.052355921411433,1433.0989281703185,675.215316064658,14.472864406291976,1200.0
Q4-2,B4,2025-04-20,1200.0,7261.470228687449,0.0,7261.470228687449,1953.428049912607,0.0,1200.0
Q4-2,B4,2025-04-21,1200.0,979.8461381588114,0.0,979.8461381588114,419.66053554444795,0.0,1200.0
Q4-2,B4,2025-04-22,1200.0,8099.27755334167,0.0,8099.27755334167,2843.1813825783943,0.0,1200.0
Q4-2,B4,2025-04-23,1200.0,5521.184566225588,9.508886966745996,5511.675679258842,1881.3979075250104,3.9276691312457643,1200.0
Q4-2,B4,2025-04-24,1233.8251633904626,2299.9497246212914,65.27447027122894,2234.6752543500625,791.0417098503624,42.88729978398747,1200.0
Q4-2,B4,2025-04-25,1200.0,888.6577805560437,0.0,888.6577805560437,399.49689962857445,0.0,1200.0
Q4-2,B4,2025-04-26,1200.0,5903.909218820235,242.18420335409718,5661.725015466138,2584.811971175198,85.2926165650076,1200.0
Q4-2,B4,2025-04-27,1205.851168139625,12709.919116005349,3830.8079028743423,8879.111213131007,3104.381674729081,922.9578332664576,1200.0
Q4-2,B4,2025-04-28,1200.0,25567.152579350306,14198.611492134867,11368.541087215439,7927.355431405913,5255.546216064875,1200.0
Q4-2,B4,2025-04-29,1213.5230928360395,4759.981008524869,1225.4308064109782,3534.550202113891,1179.880425324402,310.2099366874434,1200.0
Q4-2,B4,2025-04-30,1200.0,5047.696079531195,0.0,5047.696079531195,1974.2024906787924,0.0,1200.0
Q4-2,B4,2025-05-01,1200.0,25050.428066047414,14036.659326197572,11013.768739849842,5485.516649009049,2999.335884813096,1200.0
Q4-2,B4,2025-05-02,1200.0,20950.78784793063,10950.540051783279,10000.247796147352,7180.739526938946,3432.766678725511,1200.0
Q4-2,B4,2025-05-03,1200.0,14837.299101135948,8097.970620632363,6739.3284805035855,4535.387273213201,2160.6786831012455,1200.0
Q4-2,B4,2025-05-04,1200.0,15918.202804594355,10387.792064549454,5530.410740044901,3673.2823787783664,2153.508140080241,1200.0
Q4-2,B4,2025-05-05,1200.0,23730.817433861317,11898.895043425713,11831.922390435604,5296.4387227868465,2984.3312127861345,1200.0
Q4-2,B4,2025-05-06,1200.0,20932.056910727835,10459.402136950484,10472.65477377735,4688.592629832132,2403.6941057083645,1200.0
Q4-2,B4,2025-05-07,1200.0,21993.473576162804,7739.452508594346,14254.021067568458,4741.273092437638,1997.269561635051,1200.0
Q4-2,B4,2025-05-08,1200.0,10750.479754508726,434.3447961998025,10316.134958308923,3279.6039460855545,62.24459662336676,1200.0
Q4-2,B4,2025-05-09,1200.0,1235.176174974694,30.386112603782465,1204.7900623709115,529.9429725628275,17.2896919075464,1200.0
Q4-2,B4,2025-05-10,1214.6446932471586,4451.341702630732,0.0,4451.341702630732,2134.5897228676968,0.0,1200.0
Q4-2,B4,2025-05-11,1225.5864383156122,9767.721662789918,240.7705702222454,9526.951092567673,3146.1428626890215,36.66350646858927,1200.0
Q4-2,B4,2025-05-12,1200.0,3682.3607113784633,0.0,3682.3607113784633,1211.2385427265629,0.0,1200.0
Q4-2,B4,2025-05-13,1245.470703322684,1406.041636424278,0.0,1406.041636424278,450.31422630776484,0.0,1200.0
Q4-2,B4,2025-05-14,1234.8227580203295,1741.9958732992031,0.0,1741.9958732992031,523.8635733810743,0.0,1200.0
Q4-2,B4,2025-05-15,1200.0,7170.692766980948,0.0,7170.692766980948,1916.6202367549051,0.0,1200.0
Q4-2,B4,2025-05-16,1250.3734497759815,1252.3114632471438,0.0,1252.3114632471438,592.4996282931643,0.0,1200.0
Q4-2,B4,2025-05-17,1200.0,7227.657693740024,2.943540696835673,7224.714153043188,2850.8787972204973,1.6316744439222135,1200.0
Q4-2,B4,2025-05-18,1200.0,9319.354127070621,0.0,9319.354127070621,2609.976121659151,0.0,1200.0
Q4-2,B4,2025-05-19,1219.576872588306,2753.2726683813044,467.5827616666666,2285.689906714638,594.3901039710379,67.00333333333333,1200.0
Q4-2,B4,2025-05-20,1200.0,11033.469823200867,0.0,11033.469823200867,3553.3701430140572,0.0,1200.0
Q4-2,B4,2025-05-21,1200.0,3443.6220918918234,0.0,3443.6220918918234,944.4220952078998,0.0,1200.0
Q4-2,B4,2025-05-22,1200.0,6384.584173151718,16.864339999999583,6367.719833151718,1491.499456366802,2.5699999999999363,1200.0
Q4-2,B4,2025-05-23,1238.9533618437445,3606.4586712794794,0.0,3606.4586712794794,1666.6591254970772,0.0,1200.0
Q4-2,B4,2025-05-24,1233.1980172182723,1067.8707783256434,0.0,1067.8707783256434,566.5038981450969,0.0,1200.0
Q4-2,B4,2025-05-25,1245.9326169691149,3881.906769263057,380.5996893650191,3501.307079898038,842.4233351028722,92.60259274160414,1200.0
Q4-2,B4,2025-05-26,1268.7890230843916,14215.617353041884,1464.773005273225,12750.84434776866,4441.702889561022,698.0470315056608,1200.0
Q4-2,B4,2025-05-27,1283.6767348714416,767.54142323622,0.0,767.54142323622,279.2947360191294,0.0,1200.0
Q4-2,B4,2025-05-28,1200.0,10867.003306094957,0.0,10867.003306094957,3289.685383176065,0.0,1200.0
Q4-2,B4,2025-05-29,1232.7365817918844,14709.6450272078,2707.5462471676033,12002.098780040196,3753.509844462522,995.0475302815837,1200.0
Q4-2,B4,2025-05-30,1200.0,5314.147928723297,0.0,5314.147928723297,2188.430951763486,0.0,1200.0
Q4-2,B4,2025-05-31,1200.0,5869.9716292839075,83.54879915877098,5786.422830125137,2581.435352024162,53.92251773045817,1200.0
Q4-2,B4,2025-06-01,1200.0,78704.41779993981,57224.779443372434,21479.638356567375,19080.016333084306,15749.228147096564,1200.0
Q4-2,B4,2025-06-02,1200.0,64914.213207646346,40607.53104151184,24306.68216613451,14617.431282085758,11899.563733625972,1200.0
Q4-2,B4,2025-06-03,1200.0,47313.65493954448,26526.134668216957,20787.520271327525,11096.050196577302,8663.848473954477,1200.0
Q4-2,B4,2025-06-04,1200.0,42964.98118707478,15203.408293611285,27761.572893463497,10681.630447637966,5087.119718455842,1200.0
Q4-2,B4,2025-06-05,1200.0,39520.351375624385,5042.752819719679,34477.598555904704,8660.711592658025,1977.5952927323406,1200.0
Q4-2,B4,2025-06-06,1200.0,35987.42591757369,6514.469586604023,29472.956330969664,10175.723030377174,1824.1915538107414,1200.0
Q4-2,B4,2025-06-07,1200.0,24452.79568899174,4592.697574020175,19860.098114971566,7606.512540207505,1882.3442256593164,1200.0
Q4-2,B4,2025-06-08,1209.768669127881,748.5138584629588,0.0,748.5138584629588,215.82208192996796,0.0,1200.0
Q4-2,B4,2025-06-09,1337.8292571969184,3835.577981387113,0.0,3835.577981387113,901.6835634972076,0.0,1200.0
Q4-2,B4,2025-06-10,1200.0,3547.782846859611,0.0,3547.782846859611,779.6403411316139,0.0,1200.0
Q4-2,B4,2025-06-11,1208.410480596736,20095.60656925431,0.0,20095.60656925431,4066.0860537620965,0.0,1200.0
Q4-2,B4,2025-06-12,1240.3693779063651,3555.1912494407284,0.0,3555.1912494407284,794.8113439030416,0.0,1200.0
Q4-2,B4,2025-06-13,1239.8367837149951,475.0220240787494,0.0,475.0220240787494,177.4614659988339,0.0,1200.0
Q4-2,B4,2025-06-14,1529.7002422405976,1831.5921184585843,0.0,1831.5921184585843,1090.6272811594686,0.0,1200.0
Q4-2,B4,2025-06-15,1260.612657878148,402.0441737236644,0.0,402.0441737236644,134.48394432825742,0.0,1200.0
Q4-2,B4,2025-06-16,1464.3212137626438,2584.402211260897,0.0,2584.402211260897,715.8855772807016,0.0,1200.0
Q4-2,B4,2025-06-17,1200.0,10764.109758749402,0.0,10764.109758749402,2417.340734238877,0.0,1200.0
Q4-2,B4,2025-06-18,1200.0,1764.7743300071197,0.0,1764.7743300071197,494.1805934731461,0.0,1200.0
Q4-2,B4,2025-06-19,1420.1979044981722,1904.210862173135,0.0,1904.210862173135,579.085556794202,0.0,1200.0
Q4-2,B4,2025-06-20,1200.0,200.75251486320326,0.27480785410490444,200.47770700909837,88.82130874926888,0.1444077005280633,1200.0
Q4-2,B4,2025-06-21,1780.4766467055304,600.9553193116144,0.0,600.9553193116144,299.2248480932939,0.0,1200.0
Q4-2,B4,2025-06-22,1259.3289802284755,5853.2804446424925,209.85654735346387,5643.423897289029,1561.3384857870346,86.98716988744616,1200.0
Q4-2,B4,2025-06-23,1200.0,2152.9164917323415,0.0,2152.9164917323415,610.3354151711378,0.0,1200.0
Q4-2,B4,2025-06-24,1542.6413962726092,33292.58018393506,6543.511190874686,26749.068993060377,7097.1191771703725,2217.631073475156,1200.0
Q4-2,B4,2025-06-25,1391.9077483996389,8339.753120819458,0.0,8339.753120819458,2190.7169602008585,0.0,1200.0
Q4-2,B4,2025-06-26,1302.7349584541755,6739.793068723251,0.0,6739.793068723251,1436.618932015743,0.0,1200.0
Q4-2,B4,2025-06-27,1200.0,639.0294810774263,0.0,639.0294810774263,249.16631990045008,0.0,1200.0
Q4-2,B4,2025-06-28,1316.5742090335534,1373.029877248462,0.0,1373.029877248462,482.2033942201846,0.0,1200.0
Q4-2,B4,2025-06-29,1219.9671315068288,8227.631229535367,0.0,8227.631229535367,2277.9678749553464,0.0,1200.0
Q4-2,B4,2025-06-30,1200.0,4169.902326829788,0.0,4169.902326829788,1036.3396728823582,0.0,1200.0
Q4-2,B4,2025-07-01,1200.0,23890.139891747458,2084.621517583303,21805.518374164156,4851.6950280634555,501.03655075113363,1200.0
Q4-2,B4,2025-07-02,1200.0,23285.622760314636,1204.497798702541,22081.124961612095,4565.0125356803965,236.89660883022043,1200.0
Q4-2,B4,2025-07-03,1200.0,42732.844616483184,7670.640517903357,35062.20409857982,8444.721397157722,2018.03467035898,1200.0
Q4-2,B4,2025-07-04,1200.0,27127.122466110195,5637.698052994347,21489.42441311585,7148.650746219035,2221.5491529334727,1200.0
Q4-2,B4,2025-07-05,1200.0,32351.145671880608,13578.504266891794,18772.64140498881,9064.422705308143,4670.798259478305,1200.0
Q4-2,B4,2025-07-06,1200.0,71484.57071354584,47494.30726558516,23990.26344796068,15691.936916810419,12809.010405412962,1200.0
Q4-2,B4,2025-07-07,1200.0,20335.781156031942,118.5855700035053,20217.195586028436,4207.2047564892555,14.072098018690554,1200.0
Q4-2,B4,2025-07-08,1200.0,2495.8774065354855,0.0,2495.8774065354855,631.1540514134913,0.0,1200.0
Q4-2,B4,2025-07-09,1594.4164670918635,1449.7451083923374,0.0,1449.7451083923374,374.6112169381962,0.0,1200.0
Q4-2,B4,2025-07-10,1732.3073479462792,1610.3943115287625,0.0,1610.3943115287625,466.36315783955695,0.0,1200.0
Q4-2,B4,2025-07-11,1276.68168567932,1454.051187120512,0.0,1454.051187120512,620.9698546346176,0.0,1200.0
Q4-2,B4,2025-07-12,1867.708532512853,765.6049586293008,0.0,765.6049586293008,248.18535302337176,0.0,1200.0
Q4-2,B4,2025-07-13,1228.8844579134063,636.3937929062184,115.44329572321898,520.9504971829995,113.08164668804989,14.042057113276996,1200.0
Q4-2,B4,2025-07-14,1349.265987686868,882.8817228957515,0.0,882.8817228957515,142.93436991148008,0.0,1200.0
Q4-2,B4,2025-07-15,1200.0,1105.981000945503,0.0,1105.981000945503,317.93543895535174,0.0,1200.0
Q4-2,B4,2025-07-16,1221.6896953407252,1691.0648010199575,0.0,1691.0648010199575,468.28174575401204,0.0,1200.0
Q4-2,B4,2025-07-17,1427.8197496428031,10508.980516639844,0.0,10508.980516639844,2206.4215250906927,0.0,1200.0
Q4-2,B4,2025-07-18,1200.0,1209.991387684553,0.0,1209.991387684553,515.8550758239692,0.0,1200.0
Q4-2,B4,2025-07-19,1648.8868728025768,1679.5247678910348,0.0,1679.5247678910348,632.3731092688186,0.0,1200.0
Q4-2,B4,2025-07-20,1200.0,4922.17660032968,0.0,4922.17660032968,1345.2178158022646,0.0,1200.0
Q4-2,B4,2025-07-21,1281.8266950870766,1916.6426847860914,0.0,1916.6426847860914,487.4617176916856,0.0,1200.0
Q4-2,B4,2025-07-22,1851.2222839411136,3556.9490507427404,0.0,3556.9490507427404,940.5309966999855,0.0,1200.0
Q4-2,B4,2025-07-23,1200.0,2609.122040158046,0.0,2609.122040158046,625.252146346276,0.0,1200.0
Q4-2,B4,2025-07-24,1471.1877647882866,9501.963797512508,0.0,9501.963797512508,2224.1412575049394,0.0,1200.0
Q4-2,B4,2025-07-25,1439.9426289033856,271.1145469267828,0.0,271.1145469267828,131.3294964776019,0.0,1200.0
Q4-2,B4,2025-07-26,1638.6393502890987,944.8767747560951,0.0,944.8767747560951,544.3140455889782,0.0,1200.0
Q4-2,B4,2025-07-27,1270.066747759005,13050.956034128234,0.0,13050.956034128234,2859.5100803436844,0.0,1200.0
Q4-2,B4,2025-07-28,1200.0,12724.296683765486,0.0,12724.296683765486,2946.1834761727237,0.0,1200.0
Q4-2,B4,2025-07-29,1200.0,2941.878064770522,0.0,2941.878064770522,580.1225305165095,0.0,1200.0
Q4-2,B4,2025-07-30,1493.788460009845,5761.567127841209,0.0,5761.567127841209,1237.5079558799594,0.0,1200.0
Q4-2,B4,2025-07-31,1635.2167516921795,10695.225843756005,0.0,10695.225843756005,2257.9531620632856,0.0,1200.0
Q4-2,B4,2025-08-01,1200.0,690.3189505770868,0.0,690.3189505770868,311.3842419501502,0.0,1200.0
Q4-2,B4,2025-08-02,1206.0022186986823,524.1400216662344,0.0,524.1400216662344,199.44963916551404,0.0,1200.0
Q4-2,B4,2025-08-03,1200.0,5076.246522422446,0.0,5076.246522422446,935.9528445308819,0.0,1200.0
Q4-2,B4,2025-08-04,1200.0,1097.2658234578573,0.0,1097.2658234578573,292.4028494107532,0.0,1200.0
Q4-2,B4,2025-08-05,1356.262278706802,194.70374129277616,0.0,194.70374129277616,49.25125362969623,0.0,1200.0
Q4-2,B4,2025-08-06,1690.515182367714,12393.012313216046,0.0,12393.012313216046,2963.8053741908407,0.0,1200.0
Q4-2,B4,2025-08-07,1528.1104672621043,1717.9816339685503,64.62239296357248,1653.3592410049778,481.3114009895489,25.097680586335635,1200.0
Q4-2,B4,2025-08-08,1223.058034726834,908.9878276464415,0.0,908.9878276464415,260.2559481291578,0.0,1200.0
Q4-2,B4,2025-08-09,1459.6561750966198,2779.2684383443275,0.0,2779.2684383443275,1034.2821443323965,0.0,1200.0
Q4-2,B4,2025-08-10,1253.0827513888785,10209.30750599579,0.0,10209.30750599579,3044.4188019519147,0.0,1200.0
Q4-2,B4,2025-08-11,1242.725831035829,847.9663481683692,405.1561012027323,442.8102469656369,209.0424842925082,50.75827650937865,1200.0
Q4-2,B4,2025-08-12,1200.0,11256.378544301613,344.9142936036423,10911.46425069797,3147.5590862934537,171.0460171602491,1200.0
Q4-2,B4,2025-08-13,1316.76302995725,4158.248150595966,18.380777014875687,4139.86737358109,1464.5244693485488,2.235424386120485,1200.0
Q4-2,B4,2025-08-14,1239.04837793201,14351.273040150061,0.0,14351.273040150061,3127.5156334633393,0.0,1200.0
Q4-2,B4,2025-08-15,1200.0,1196.8931199464555,0.0,1196.8931199464555,465.4037942227851,0.0,1200.0
Q4-2,B4,2025-08-16,1256.7099944321794,2287.813250395763,0.0,2287.813250395763,981.9752876522749,0.0,1200.0
Q4-2,B4,2025-08-17,1225.923512478262,11524.791838664141,1685.0456774181357,9839.746161246007,2581.584161580724,566.4523485021103,1200.0
Q4-2,B4,2025-08-18,1200.0,5450.589511337318,0.0,5450.589511337318,1238.2455175631478,0.0,1200.0
Q4-2,B4,2025-08-19,1432.996046589771,3509.860022662123,158.26842332122737,3351.5915993408953,1187.2477017283952,18.669942380106363,1200.0
Q4-2,B4,2025-08-20,1294.505694395214,24861.955996457167,9590.967460886504,15270.988535570663,6646.146747244895,3902.33783654763,1200.0
Q4-2,B4,2025-08-21,1200.0,7424.384981588648,325.1095527757582,7099.27542881289,2342.8524331765384,97.1343448383812,1200.0
Q4-2,B4,2025-08-22,1200.0,4454.367820894868,0.0,4454.367820894868,1596.8991795376492,0.0,1200.0
Q4-2,B4,2025-08-23,1200.0,1386.7937519052193,0.0,1386.7937519052193,488.83537334913757,0.0,1200.0
Q4-2,B4,2025-08-24,1200.0,11723.269156255119,0.0,11723.269156255119,2671.265278493897,0.0,1200.0
Q4-2,B4,2025-08-25,1240.868573375346,15853.343597867206,3242.8600224344145,12610.48357543279,4660.761087133171,1395.0823831314342,1200.0
Q4-2,B4,2025-08-26,1541.323618952925,2302.686434809755,0.0,2302.686434809755,446.0021747521813,0.0,1200.0
Q4-2,B4,2025-08-27,1788.3584867140034,8819.01526291398,0.0,8819.01526291398,2349.203537079222,0.0,1200.0
Q4-2,B4,2025-08-28,1238.1926315433775,19752.724707449397,5366.983336195429,14385.741371253967,5973.364231651243,2335.743347129813,1200.0
Q4-2,B4,2025-08-29,1265.0406535517864,1506.3868079650388,0.0,1506.3868079650388,473.6186073179588,0.0,1200.0
Q4-2,B4,2025-08-30,1531.576254628294,1374.2056762638902,0.0,1374.2056762638902,522.0590115312759,0.0,1200.0
Q4-2,B4,2025-08-31,1200.665821869923,7211.082124766774,70.9931634651116,7140.088961301662,2031.0239953990244,8.862513384322028,1200.0
Q4-2,B4,2025-09-01,1247.19813446843,351.8109725321099,0.0,351.8109725321099,154.4453025079764,0.0,1200.0
Q4-2,B4,2025-09-02,3458.9789749098936,3071.2413328131593,0.0,3071.2413328131593,655.0084125031891,0.0,1200.0
Q4-2,B4,2025-09-03,3027.754155830476,205.28513133836515,0.0,205.28513133836515,46.09523550878301,0.0,1200.0
Q4-2,B4,2025-09-04,3025.515503020515,1602.4175919411427,0.0,1602.4175919411427,363.42925068559737,0.0,1200.0
Q4-2,B4,2025-09-05,2782.8762278891186,168.92246351718046,0.0,168.92246351718046,172.7146049795059,0.0,1200.0
Q4-2,B4,2025-09-06,1731.134756247696,1092.9357904244941,0.0,1092.9357904244941,371.9282866858731,0.0,1200.0
Q4-2,B4,2025-09-07,1312.3423653881584,3464.9146729493705,0.0,3464.9146729493705,1084.7743197967034,0.0,1200.0
Q4-2,B4,2025-09-08,1428.727216075147,31065.08156743906,21870.553898152124,9194.527669286937,8191.296158804677,6348.070253865226,1200.0
Q4-2,B4,2025-09-09,1200.0,14720.717904341444,7974.203516534593,6746.51438780685,3649.4245939165517,1706.85771413545,1200.0
Q4-2,B4,2025-09-10,1200.0,33887.22479875185,18113.349272306234,15773.875526445616,8778.481723582026,6723.018684707464,1200.0
Q4-2,B4,2025-09-11,1200.0,16707.3775033153,6858.902771304212,9848.474732011087,4115.155426626292,1807.7766382503978,1200.0
Q4-2,B4,2025-09-12,1200.0,7866.274742146174,5029.504585162278,2836.7701569838955,2911.171063548263,2423.4724545052086,1200.0
Q4-2,B4,2025-09-13,1202.3943363239143,9791.698260783203,5458.283335180259,4333.414925602944,3067.652254866145,1942.8514284231148,1200.0
Q4-2,B4,2025-09-14,1200.0,29343.25520671876,13935.101419706263,15408.153787012498,7659.38470593663,4002.265714369869,1200.0
Q4-2,B4,2025-09-15,1200.0,9496.946926202916,739.1282647112232,8757.818661491692,2264.729198999789,118.11573268597722,1200.0
Q4-2,B4,2025-09-16,1205.6292557656152,13600.290067612164,860.3439762378512,12739.946091374313,3997.999235133865,326.2512915440708,1200.0
Q4-2,B4,2025-09-17,1200.0,14334.783081448442,3188.4958128539574,11146.287268594486,3682.7220361343443,1411.6658809986834,1200.0
Q4-2,B4,2025-09-18,1200.0,18964.27794588207,4046.667803544271,14917.610142337799,4693.953140311342,907.6048342069016,1200.0
Q4-2,B4,2025-09-19,1200.0,7104.184094218323,110.42511889782813,6993.758975320495,2490.757428729852,65.9860049365316,1200.0
Q4-2,B4,2025-09-20,1200.0,12560.511988216454,1451.7997995273138,11108.71218868914,4035.037095670961,947.8246800565911,1200.0
Q4-2,B4,2025-09-21,1200.0,12849.918380644376,19.06301803484038,12830.855362609536,3160.8573253833456,2.7744168294047995,1200.0
Q4-2,B4,2025-09-22,1220.9257282981475,9225.19532487339,0.0,9225.19532487339,2458.616929121728,0.0,1200.0
Q4-2,B4,2025-09-23,1200.0,11449.978322266154,2028.7045424589555,9421.273779807198,2534.0832150422907,523.6769247045183,1200.0
Q4-2,B4,2025-09-24,1239.5083258171896,11659.84525189196,0.0,11659.84525189196,3030.920467386433,0.0,1200.0
Q4-2,B4,2025-09-25,1200.0,12912.689679415105,278.63821060548537,12634.05146880962,3502.8383131510564,59.67871885496074,1200.0
Q4-2,B4,2025-09-26,1200.0,3032.7051867493656,0.0,3032.7051867493656,1255.5903807458221,0.0,1200.0
Q4-2,B4,2025-09-27,1200.0,16317.14883193963,2841.318229720617,13475.830602219014,5559.844243609979,1094.881101057652,1200.0
Q4-2,B4,2025-09-28,1200.0,17270.069437702063,990.2895343784635,16279.779903323599,4153.889650892314,442.1615546097581,1200.0
Q4-2,B4,2025-09-29,1200.0,6449.060491493146,0.0,6449.060491493146,1470.6473722311066,0.0,1200.0
Q4-2,B4,2025-09-30,1200.0,12662.576354764406,0.0,12662.576354764406,3206.630477908413,0.0,1200.0
Q4-2,B4,2025-10-01,1200.0,240.82139462955513,0.0,240.82139462955513,102.3910924302151,0.0,1200.0
Q4-2,B4,2025-10-02,1247.6670827541093,1434.887313052313,0.0,1434.887313052313,645.9775753650051,0.0,1200.0
Q4-2,B4,2025-10-03,1732.537013629595,531.2447651236042,0.0,531.2447651236042,308.39971644607994,0.0,1200.0
Q4-2,B4,2025-10-04,1576.0104903488968,2133.243490924642,0.0,2133.243490924642,785.2560803293163,0.0,1200.0
Q4-2,B4,2025-10-05,1384.1136714732145,2057.075928403179,0.0,2057.075928403179,776.0331735478742,0.0,1200.0
Q4-2,B4,2025-10-06,1253.50627736933,3202.3750546562587,0.0,3202.3750546562587,1283.492767777668,0.0,1200.0
Q4-2,B4,2025-10-07,1235.0342996145314,5803.901148371468,0.0,5803.901148371468,1566.9314082162277,0.0,1200.0
Q4-2,B4,2025-10-08,1300.7679141286726,12746.090552727801,0.0,12746.090552727801,3444.4633553959493,0.0,1200.0
Q4-2,B4,2025-10-09,1200.0,14316.08719392027,517.1750412964702,13798.9121526238,3235.6114246662833,114.59000322838963,1200.0
Q4-2,B4,2025-10-10,1200.0,5014.71456565898,0.0,5014.71456565898,1751.2540887646487,0.0,1200.0
Q4-2,B4,2025-10-11,1200.0,6171.555285408878,3922.5960210988524,2248.959264310026,2023.029880085264,1375.7100219218366,1200.0
Q4-2,B4,2025-10-12,1200.0,19000.61513341597,7289.547641058969,11711.067492357,5195.304738945091,2763.2645719498178,1200.0
Q4-2,B4,2025-10-13,1200.0,5189.010958300473,0.0,5189.010958300473,1289.2097493542085,0.0,1200.0
Q4-2,B4,2025-10-14,1200.0,16340.159901574683,1859.7599134022137,14480.39998817247,3854.271770968073,784.9848107841797,1200.0
Q4-2,B4,2025-10-15,1200.0,17001.307899301955,1848.5611423045327,15152.746756997423,4600.338422667242,848.20980048578,1200.0
Q4-2,B4,2025-10-16,1200.0,27345.882808052804,6762.337479048914,20583.54532900389,6600.027867695419,1803.5181049485486,1200.0
Q4-2,B4,2025-10-17,1200.0,3173.607463970813,0.0,3173.607463970813,1267.3787917127427,0.0,1200.0
Q4-2,B4,2025-10-18,1200.0,5211.974988098396,0.0,5211.974988098396,2296.6786626027892,0.0,1200.0
Q4-2,B4,2025-10-19,1200.0,22843.648154218765,13560.945178903628,9282.702975315136,5330.658036710236,3871.4070589572857,1200.0
Q4-2,B4,2025-10-20,1200.0,9206.531700777476,1128.1639812325484,8078.367719544927,1929.050936241687,246.47311417002453,1200.0
Q4-2,B4,2025-10-21,1200.0,11094.915964281712,0.0,11094.915964281712,2765.4795193678656,0.0,1200.0
Q4-2,B4,2025-10-22,1200.0,17160.987328884235,3364.5641106096277,13796.423218274607,3514.8224283880772,716.4782083549171,1200.0
Q4-2,B4,2025-10-23,1200.0,9569.199216018518,0.0,9569.199216018518,2301.738784379452,0.0,1200.0
Q4-2,B4,2025-10-24,1200.0,4372.683152645432,0.0,4372.683152645432,1424.4231608616913,0.0,1200.0
Q4-2,B4,2025-10-25,1200.0,5432.169297733627,0.0,5432.169297733627,1606.0095964459,0.0,1200.0
Q4-2,B4,2025-10-26,1200.0,5987.612801476981,2.779452586640393,5984.833348890341,1581.665858181789,1.2915671871005543,1200.0
Q4-2,B4,2025-10-27,1200.0,6320.0441720174285,0.0,6320.0441720174285,1483.8089518584122,0.0,1200.0
Q4-2,B4,2025-10-28,1200.0,8877.298833568346,0.0,8877.298833568346,1973.2879207401256,0.0,1200.0
Q4-2,B4,2025-10-29,1200.0,19100.397706494507,1637.4109796278701,17462.986726866635,4377.89715391836,611.5522677472641,1200.0
Q4-2,B4,2025-10-30,1200.0,9609.99973674471,0.0,9609.99973674471,2191.068808598523,0.0,1200.0
Q4-2,B4,2025-10-31,1200.0,3865.5244367857777,0.0,3865.5244367857777,1670.8855022506125,0.0,1200.0
Q4-2,B4,2025-11-01,1200.0,4759.599470308495,0.0,4759.599470308495,1962.7598716583161,0.0,1200.0
Q4-2,B4,2025-11-02,1200.0,14697.567200684149,4086.1891377359234,10611.378062948224,3150.0728535298376,1194.0943462314146,1200.0
Q4-2,B4,2025-11-03,1200.0,3618.05957745381,0.0,3618.05957745381,1153.5696028163325,0.0,1200.0
Q4-2,B4,2025-11-04,1200.0,3869.0946444172723,0.0,3869.0946444172723,716.0180872853196,0.0,1200.0
Q4-2,B4,2025-11-05,1200.0,5156.240246395462,0.0,5156.240246395462,1203.4168211658769,0.0,1200.0
Q4-2,B4,2025-11-06,1200.0,17449.823824629937,3446.4898835037843,14003.333941126153,3682.456236093545,990.0921586491975,1200.0
Q4-2,B4,2025-11-07,1200.0,3790.3047813326752,0.0,3790.3047813326752,1164.7398450243745,0.0,1200.0
Q4-2,B4,2025-11-08,1200.0,1793.120865291432,0.0,1793.120865291432,574.2621919575932,0.0,1200.0
Q4-2,B4,2025-11-09,1200.0,11106.436288351848,0.0,11106.436288351848,2730.1842847133867,0.0,1200.0
Q4-2,B4,2025-11-10,1200.0,12690.844565880301,0.0,12690.844565880301,2802.2982650416216,0.0,1200.0
Q4-2,B4,2025-11-11,1207.5678820184835,4867.835638260586,0.0,4867.835638260586,1080.8042565671335,0.0,1200.0
Q4-2,B4,2025-11-12,1200.0,4297.709964741324,24.34466390300418,4273.36530083832,910.0716798645018,4.7312533093002,1200.0
Q4-2,B4,2025-11-13,1200.0,11638.421283900747,582.3895922829953,11056.03169161775,2737.5444923229034,122.87059093618117,1200.0
Q4-2,B4,2025-11-14,1200.0,3478.7265940400216,0.0,3478.7265940400216,1356.0774880227193,0.0,1200.0
Q4-2,B4,2025-11-15,1200.0,3803.098231847597,29.325429476015607,3773.7728023715817,1196.0347072582917,16.986553178359877,1200.0
Q4-2,B4,2025-11-16,1208.8746292849517,8716.054099906421,0.0,8716.054099906421,1916.6826897469202,0.0,1200.0
Q4-2,B4,2025-11-17,1200.0,1554.1404976396334,0.0,1554.1404976396334,484.7471888931351,0.0,1200.0
Q4-2,B4,2025-11-18,1232.8537880587712,8149.103732909378,0.0,8149.103732909378,2186.8322818003357,0.0,1200.0
Q4-2,B4,2025-11-19,1200.0,9576.28923585795,0.0,9576.28923585795,2074.9080091433425,0.0,1200.0
Q4-2,B4,2025-11-20,1200.0,7660.440408919967,0.0,7660.440408919967,1791.1145514827635,0.0,1200.0
Q4-2,B4,2025-11-21,1200.0,2069.860496373865,0.0,2069.860496373865,1074.070433010152,0.0,1200.0
Q4-2,B4,2025-11-22,1200.8445528313396,2653.7733312127716,0.0,2653.7733312127716,858.9816964604016,0.0,1200.0
Q4-2,B4,2025-11-23,1200.0,7046.763454099591,0.0,7046.763454099591,1483.7179085514558,0.0,1200.0
Q4-2,B4,2025-11-24,1200.0,5734.450799798495,93.95213442527178,5640.498665373223,1258.1772381390974,17.783860387142113,1200.0
Q4-2,B4,2025-11-25,1200.0,5916.900416612638,0.0,5916.900416612638,1391.6390576751487,0.0,1200.0
Q4-2,B4,2025-11-26,1200.0,7122.151568738132,20.569100804612123,7101.582467933519,1705.045979660775,3.8182849089682804,1200.0
Q4-2,B4,2025-11-27,1200.0,6004.211378185566,0.0,6004.211378185566,1202.8648564161253,0.0,1200.0
Q4-2,B4,2025-11-28,1203.209248546737,3796.877411107899,0.0,3796.877411107899,1121.2891682886805,0.0,1200.0
Q4-2,B4,2025-11-29,1200.0,9326.523467376317,88.89241988169351,9237.631047494624,3813.6671860387905,52.333101415401444,1200.0
Q4-2,B4,2025-11-30,1200.0,11391.511395814305,0.0,11391.511395814305,2423.9317579981016,0.0,1200.0
Q4-2,B4,2025-12-01,1200.0,32454.972696797806,22832.93316343629,9622.039533361516,7137.137380973316,5868.911014257688,1200.0
Q4-2,B4,2025-12-02,1200.0,43502.91014919517,30834.958732397557,12667.951416797616,8992.798280131414,7373.7407374990335,1200.0
Q4-2,B4,2025-12-03,1200.0,27829.6822506385,13815.36241312883,14014.319837509669,6634.635756325077,4719.26852024482,1200.0
Q4-2,B4,2025-12-04,1200.0,31291.670309408648,9861.971139979933,21429.699169428714,6760.700681560755,3006.5619580469356,1200.0
Q4-2,B4,2025-12-05,1200.0,15252.293815074705,0.0,15252.293815074705,4749.688587943811,0.0,1200.0
Q4-2,B4,2025-12-06,1200.0,21118.19068883947,11493.265462699772,9624.925226139698,6902.253648963851,5491.9609461989285,1200.0
Q4-2,B4,2025-12-07,1200.0,22762.295277763278,470.9109089892986,22291.38436877398,5006.438989651337,214.2406423861542,1200.0
Q4-2,B4,2025-12-08,1200.0,1815.994284209015,0.0,1815.994284209015,405.1928283289511,0.0,1200.0
Q4-2,B4,2025-12-09,1259.5608663464384,755.2531061646225,0.0,755.2531061646225,147.51937292636674,0.0,1200.0
Q4-2,B4,2025-12-10,1261.3057799283476,3320.4665757186585,0.0,3320.4665757186585,671.5646799451063,0.0,1200.0
Q4-2,B4,2025-12-11,1200.0,1110.9755068329355,0.0,1110.9755068329355,335.3889205801921,0.0,1200.0
Q4-2,B4,2025-12-12,1204.0710901000098,1098.1346868485512,0.0,1098.1346868485512,489.3370872721119,0.0,1200.0
Q4-2,B4,2025-12-13,1247.0059839306582,1473.8460158167336,0.0,1473.8460158167336,503.7888152420611,0.0,1200.0
Q4-2,B4,2025-12-14,1200.0,1221.1898115159397,0.0,1221.1898115159397,270.51870948000334,0.0,1200.0
Q4-2,B4,2025-12-15,1200.0,2530.8785947305414,0.0,2530.8785947305414,564.4440366124825,0.0,1200.0
Q4-2,B4,2025-12-16,1209.567869261959,400.1343323837585,0.0,400.1343323837585,129.57498188511946,0.0,1200.0
Q4-2,B4,2025-12-17,1200.0,1856.7360277622092,0.0,1856.7360277622092,400.72858814724077,0.0,1200.0
Q4-2,B4,2025-12-18,1200.0,4689.146832217417,0.0,4689.146832217417,1074.2961322105295,0.0,1200.0
Q4-2,B4,2025-12-19,1205.8653904351063,1536.4656502118205,0.0,1536.4656502118205,541.5904987045435,0.0,1200.0
Q4-2,B4,2025-12-20,1200.0,611.7638744579167,0.0,611.7638744579167,291.372591426231,0.0,1200.0
Q4-2,B4,2025-12-21,1245.8313694814271,2371.8073230683103,0.0,2371.8073230683103,560.9157269687855,0.0,1200.0
Q4-2,B4,2025-12-22,1200.0,1677.6330389770114,0.0,1677.6330389770114,370.0616912743403,0.0,1200.0
Q4-2,B4,2025-12-23,1200.0,461.1217522875555,0.0,461.1217522875555,122.26844741094415,0.0,1200.0
Q4-2,B4,2025-12-24,1213.302805303297,2164.5976048090015,0.0,2164.5976048090015,408.56757337866566,0.0,1200.0
Q4-2,B4,2025-12-25,1200.0,5695.550371299894,0.0,5695.550371299894,1306.4546195613452,0.0,1200.0
Q4-2,B4,2025-12-26,1200.0,1359.2631680741306,0.0,1359.2631680741306,506.9415087226338,0.0,1200.0
Q4-2,B4,2025-12-27,1548.0452540143517,783.2009008937155,0.0,783.2009008937155,297.1869491679371,0.0,1200.0
Q4-2,B4,2025-12-28,1200.0,1589.4739103010975,0.0,1589.4739103010975,359.8950268267036,0.0,1200.0
Q4-2,B4,2025-12-29,1220.5741234284671,1278.6677911498273,0.0,1278.6677911498273,372.61539256323897,0.0,1200.0
Q4-2,B4,2025-12-30,1200.0,723.6189151222851,0.0,723.6189151222851,159.50835568470848,0.0,1200.0
Q4-2,B4,2025-12-31,1260.580906389418,5287.302145135192,0.0,5287.302145135192,1131.8431478273997,0.0,1200.0
