date,slot,policy,price_yuan_per_kwh,load_actual_kwh,pv_actual_kwh,load_forecast_kwh,pv_forecast_kwh,grid_purchase_kwh,emergency_purchase_kwh,charge_kwh,discharge_kwh,remaining_energy_kwh,soc_start_kwh,soc_end_kwh,plan_cost_yuan,emergency_cost_yuan,balance_error_kwh
2025-01-01,1,warmup,0.4248,588.2882666666667,0.0,588.2882666666667,0.0,1421.6216,0.0,833.3333333333333,0.0,-0.0,6000.0,6750.0,603.90485568,0.0,0.0
2025-01-01,2,warmup,0.4245,601.5881166666667,0.0,601.5881166666667,0.0,1434.92145,0.0,833.3333333333333,0.0,1.1368683772161603e-13,6750.0,7500.0,609.124155525,0.0,0.0
2025-01-01,3,warmup,0.4269,621.0933333333334,0.0,621.0933333333334,0.0,1454.4266666666667,0.0,833.3333333333333,0.0,1.1368683772161603e-13,7500.0,8250.0,620.8947440000001,0.0,0.0
2025-01-01,4,warmup,0.4272,585.1051833333333,0.0,585.1051833333333,0.0,1418.4385166666666,0.0,833.3333333333333,0.0,-0.0,8250.0,9000.0,605.95693432,0.0,0.0
2025-01-01,5,warmup,0.4271,583.7604166666666,0.0,583.7604166666666,0.0,1417.09375,0.0,833.3333333333333,0.0,1.1368683772161603e-13,9000.0,9750.0,605.240740625,0.0,0.0
2025-01-01,6,warmup,0.4285,631.1683333333334,0.0,631.1683333333334,0.0,631.1683333333334,0.0,0.0,-0.0,0.0,9750.0,9750.0,270.4556308333334,0.0,0.0
2025-01-01,7,warmup,0.4311,650.0534166666666,0.0,650.0534166666666,0.0,650.0534166666666,0.0,0.0,0.0,-0.0,9750.0,9750.0,280.238027925,0.0,0.0
2025-01-01,8,warmup,0.4302,652.8062666666666,0.0,652.8062666666666,0.0,652.8062666666666,0.0,-0.0,0.0,0.0,9750.0,9750.0,280.83725591999996,0.0,0.0
2025-01-01,9,warmup,0.4279,636.2133333333334,0.0,636.2133333333334,0.0,969.5466666666667,0.0,333.3333333333333,0.0,5.684341886080802e-14,9750.0,10050.0,414.8690186666667,0.0,0.0
2025-01-01,10,warmup,0.4312,588.8356,0.0,588.8356,0.0,588.8356,0.0,0.0,0.0,-0.0,10050.0,10050.0,253.90591072,0.0,0.0
2025-01-01,11,warmup,0.4333,615.7768833333333,0.0,615.7768833333333,0.0,615.7768833333333,0.0,0.0,0.0,-0.0,10050.0,10050.0,266.81612354833334,0.0,0.0
2025-01-01,12,warmup,0.4311,677.455,0.0,677.455,0.0,677.455,0.0,0.0,0.0,-0.0,10050.0,10050.0,292.0508505,0.0,0.0
2025-01-01,13,warmup,0.4293,635.1118333333333,0.0,635.1118333333333,0.0,635.1118333333333,0.0,0.0,0.0,-0.0,10050.0,10050.0,272.65351004999997,0.0,0.0
2025-01-01,14,warmup,0.4324,640.8249166666667,0.0,640.8249166666667,0.0,640.8249166666667,0.0,0.0,0.0,-0.0,10050.0,10050.0,277.0926939666667,0.0,0.0
2025-01-01,15,warmup,0.4367,705.77,0.0,705.77,0.0,705.77,0.0,0.0,0.0,-0.0,10050.0,10050.0,308.20975899999996,0.0,0.0
2025-01-01,16,warmup,0.4348,684.9959166666666,0.0,684.9959166666666,0.0,684.9959166666666,0.0,0.0,0.0,-0.0,10050.0,10050.0,297.83622456666666,0.0,0.0
2025-01-01,17,warmup,0.4335,666.1490833333334,0.0,666.1490833333334,0.0,666.1490833333334,0.0,0.0,0.0,-0.0,10050.0,10050.0,288.775627625,0.0,0.0
2025-01-01,18,warmup,0.4357,683.6983333333333,0.0,683.6983333333333,0.0,683.6983333333333,0.0,0.0,0.0,-0.0,10050.0,10050.0,297.88736383333327,0.0,0.0
2025-01-01,19,warmup,0.4374,681.0096166666666,0.0,681.0096166666666,0.0,681.0096166666666,0.0,0.0,0.0,-0.0,10050.0,10050.0,297.87360633,0.0,0.0
2025-01-01,20,warmup,0.4371,688.9604333333333,0.0,688.9604333333333,0.0,688.9604333333333,0.0,0.0,0.0,-0.0,10050.0,10050.0,301.14460541,0.0,0.0
2025-01-01,21,warmup,0.4356,696.5300000000001,0.0,696.5300000000001,0.0,696.5300000000001,0.0,0.0,0.0,-0.0,10050.0,10050.0,303.408468,0.0,0.0
2025-01-01,22,warmup,0.4353,658.8951833333333,0.0,658.8951833333333,0.0,658.8951833333333,0.0,0.0,0.0,-0.0,10050.0,10050.0,286.817073305,0.0,0.0
2025-01-01,23,warmup,0.436,651.7916,0.0,651.7916,0.0,651.7916,0.0,0.0,0.0,-0.0,10050.0,10050.0,284.1811376,0.0,0.0
2025-01-01,24,warmup,0.4378,683.2183333333334,0.0,683.2183333333334,0.0,683.2183333333334,0.0,0.0,0.0,-0.0,10050.0,10050.0,299.11298633333337,0.0,0.0
2025-01-01,25,warmup,0.4401,687.3103833333333,0.0,687.3103833333333,0.0,687.3103833333333,0.0,0.0,0.0,-0.0,10050.0,10050.0,302.485299705,0.0,0.0
2025-01-01,26,warmup,0.4389,694.8344666666667,0.0,694.8344666666667,0.0,694.8344666666667,0.0,0.0,0.0,-0.0,10050.0,10050.0,304.96284742,0.0,0.0
2025-01-01,27,warmup,0.4364,710.04,0.0,710.04,0.0,710.04,0.0,-0.0,0.0,-0.0,10050.0,10050.0,309.861456,0.0,0.0
2025-01-01,28,warmup,0.4393,702.8703666666667,0.0,702.8703666666667,0.0,702.8703666666667,0.0,0.0,0.0,-0.0,10050.0,10050.0,308.7709520766667,0.0,0.0
2025-01-01,29,warmup,0.4422,710.3095,0.0,710.3095,0.0,710.3095,0.0,0.0,0.0,-0.0,10050.0,10050.0,314.0988609,0.0,0.0
2025-01-01,30,warmup,0.4395,723.65,0.0,723.65,0.0,723.65,0.0,0.0,0.0,-0.0,10050.0,10050.0,318.044175,0.0,0.0
2025-01-01,31,warmup,0.4333,701.3701333333333,0.00035,701.3701333333333,0.00035,701.3697833333333,0.0,0.0,0.0,-2.5829653086534288e-14,10050.0,10050.0,303.90352711833333,0.0,2.5829653086534288e-14
2025-01-01,32,warmup,0.4439,717.0205500000001,0.0,717.0205500000001,0.0,717.0205500000001,0.0,-0.0,0.0,0.0,10050.0,10050.0,318.28542214500004,0.0,0.0
2025-01-01,33,warmup,0.4301,742.765,0.0,742.765,0.0,742.765,-0.0,-0.0,0.0,0.0,10050.0,10050.0,319.46322649999996,-0.0,0.0
2025-01-01,34,warmup,0.3713,691.4395,0.0049833333333333,691.4395,0.0049833333333333,1524.76785,0.0,833.3333333333333,0.0,1.1368683772161603e-13,10050.0,10800.0,566.146302705,0.0,-1.1368683772161603e-13
2025-01-01,35,warmup,0.5708,749.6888833333334,0.0,749.6888833333334,0.0,749.6888833333334,0.0,0.0,-0.0,-0.0,10800.0,10800.0,427.9224146066667,0.0,0.0
2025-01-01,36,warmup,0.9099,894.8966666666666,0.0,894.8966666666666,0.0,894.8966666666666,0.0,0.0,-0.0,-0.0,10800.0,10800.0,814.266477,0.0,0.0
2025-01-01,37,warmup,0.9368,906.8165166666666,0.0694833333333333,906.8165166666666,0.0694833333333333,231.74703333333343,0.0,0.0,674.9999999999999,0.0,10800.0,10050.0,217.10062082666676,0.0,0.0
2025-01-01,38,warmup,0.8758,886.1488333333333,0.0,886.1488333333333,0.0,886.1488333333333,0.0,0.0,0.0,-0.0,10050.0,10050.0,776.0891482333333,0.0,0.0
2025-01-01,39,warmup,0.8759,899.9699999999999,0.0,899.9699999999999,0.0,899.9699999999999,0.0,0.0,0.0,-0.0,10050.0,10050.0,788.2837229999999,0.0,0.0
2025-01-01,40,warmup,0.8601,907.9001166666668,0.9677,907.9001166666668,0.9677,906.9324166666668,0.0,0.0,0.0,-3.6193270602780103e-14,10050.0,10050.0,780.0525715750001,0.0,3.6193270602780103e-14
2025-01-01,41,warmup,0.8442,907.4001666666668,0.0,907.4001666666668,0.0,907.4001666666668,0.0,0.0,0.0,-0.0,10050.0,10050.0,766.0272207,0.0,0.0
2025-01-01,42,warmup,0.8334,905.605,0.5125000000000001,905.605,0.5125000000000001,905.0925,0.0,0.0,0.0,-4.54081217071689e-14,10050.0,10050.0,754.3040895,0.0,4.54081217071689e-14
2025-01-01,43,warmup,0.8092,908.2136333333332,29.299216666666663,908.2136333333332,29.299216666666663,878.9144166666665,0.0,-0.0,0.0,0.0,10050.0,10050.0,711.2175459666665,0.0,0.0
2025-01-01,44,warmup,0.7972,918.3340333333334,70.24933333333333,918.3340333333334,70.24933333333333,848.0847000000001,0.0,0.0,0.0,1.4210854715202004e-14,10050.0,10050.0,676.0931228400001,0.0,-1.4210854715202004e-14
2025-01-01,45,warmup,0.7644,912.6666666666666,112.85,912.6666666666666,112.85,799.8166666666666,0.0,-2.842170943040401e-14,0.0,0.0,10050.0,10050.0,611.3798599999999,0.0,2.842170943040401e-14
2025-01-01,46,warmup,0.6899,888.2369166666667,158.46853333333334,888.2369166666667,158.46853333333334,1563.1017166666668,0.0,833.3333333333333,0.0,1.1368683772161603e-13,10050.0,10800.0,1078.3838743283334,0.0,1.1368683772161603e-13
2025-01-01,47,warmup,0.86,1014.0193833333332,209.26175,1014.0193833333332,209.26175,804.7576333333332,0.0,0.0,-0.0,-0.0,10800.0,10800.0,692.0915646666665,0.0,0.0
2025-01-01,48,warmup,1.1617,1219.3333333333333,265.38125,1219.3333333333333,265.38125,120.61874999999986,-0.0,0.0,833.3333333333334,0.0,10800.0,9874.074074074075,140.12280187499982,-0.0,0.0
2025-01-01,49,warmup,1.1683,1244.9157833333334,322.9202,1244.9157833333334,322.9202,88.66224999999997,1.1368683772161603e-13,0.0,833.3333333333334,0.0,9874.074074074075,8948.14814814815,103.58410667499996,6.6410166255082e-13,0.0
2025-01-01,50,warmup,1.0956,1204.2818333333332,370.85435,1204.2818333333332,370.85435,0.0941499999997859,1.1368683772161603e-13,0.0,833.3333333333334,0.0,8948.14814814815,8022.2222222222235,0.10315073999976543,6.227764970390126e-13,0.0
2025-01-01,51,warmup,1.0849,1202.6883333333333,415.01875,1202.6883333333333,415.01875,0.0,0.0,0.0,787.6695833333333,0.0,8022.2222222222235,7147.033796296298,0.0,0.0,0.0
2025-01-01,52,warmup,1.061,1226.9500666666663,471.0524333333333,1226.9500666666663,471.0524333333333,0.0,0.0,0.0,755.897633333333,0.0,7147.033796296298,6307.147537037039,0.0,0.0,0.0
2025-01-01,53,warmup,1.043,1212.5855,520.35525,1212.5855,520.35525,0.0,0.0,0.0,692.23025,0.0,6307.147537037039,5538.002814814817,0.0,0.0,0.0
2025-01-01,54,warmup,1.036,1179.5483333333334,558.49375,1179.5483333333334,558.49375,0.0,0.0,0.0,621.0545833333334,0.0,5538.002814814817,4847.9421666666685,0.0,0.0,0.0
2025-01-01,55,warmup,1.0147,1203.6460333333332,600.2996166666667,1203.6460333333332,600.2996166666667,0.0,0.0,0.0,603.3464166666665,0.0,4847.9421666666685,4177.557259259262,0.0,0.0,0.0
2025-01-01,56,warmup,0.9922,1204.9252166666668,645.9392,1204.9252166666668,645.9392,0.0,0.0,0.0,558.9860166666667,0.0,4177.557259259262,3556.4616851851874,0.0,0.0,0.0
2025-01-01,57,warmup,0.97,1183.2216666666666,691.6374999999999,1183.2216666666666,691.6374999999999,0.0,0.0,0.0,491.58416666666665,0.0,3556.4616851851874,3010.2570555555576,0.0,0.0,0.0
2025-01-01,58,warmup,0.9422,1216.1920166666666,733.9133666666667,1216.1920166666666,733.9133666666667,482.27864999999997,0.0,0.0,0.0,-0.0,3010.2570555555576,3010.2570555555576,454.40294403,0.0,0.0
2025-01-01,59,warmup,0.9569,1218.8626,770.79175,1218.8626,770.79175,106.53808333333188,0.0,0.0,341.53276666666795,0.0,3010.2570555555576,2630.776203703704,101.94629194166528,0.0,0.0
2025-01-01,60,warmup,0.9977,1183.243333333333,806.1062499999999,1183.243333333333,806.1062499999999,0.0,0.0,0.0,377.1370833333332,0.0,2630.776203703704,2211.7350000000006,0.0,0.0,0.0
2025-01-01,61,warmup,0.9919,1187.5869,846.7837333333333,1187.5869,846.7837333333333,0.0,0.0,0.0,340.8031666666668,0.0,2211.7350000000006,1833.0648148148152,0.0,0.0,2.2737367544323206e-13
2025-01-01,62,warmup,0.9588,1182.7184,889.7921333333334,1182.7184,889.7921333333334,0.0,0.0,0.0,292.92626666666666,0.0,1833.0648148148152,1507.5911851851856,0.0,0.0,0.0
2025-01-01,63,warmup,0.9549,1164.361666666667,915.7875,1164.361666666667,915.7875,248.57416666666688,0.0,0.0,0.0,0.0,1507.5911851851856,1507.5911851851856,237.3634717500002,0.0,0.0
2025-01-01,64,warmup,0.9839,1183.1617,906.3296333333332,1183.1617,906.3296333333332,0.0,0.0,0.0,276.83206666666695,0.0,1507.5911851851856,1200.0,0.0,0.0,0.0
2025-01-01,65,warmup,0.799,1198.998833333333,899.3687666666666,1198.998833333333,899.3687666666666,299.6300666666665,0.0,0.0,0.0,0.0,1200.0,1200.0,239.40442326666656,0.0,0.0
2025-01-01,66,warmup,0.5025,1189.1966666666667,895.35,1189.1966666666667,895.35,1127.18,0.0,833.3333333333334,0.0,-0.0,1200.0,1950.0,566.40795,0.0,1.1368683772161603e-13
2025-01-01,67,warmup,0.4662,1173.8245,863.8287,1173.8245,863.8287,1143.3291333333332,0.0,833.3333333333333,0.0,-0.0,1950.0,2700.0,533.02004196,0.0,0.0
2025-01-01,68,warmup,0.5007,1178.1945833333332,855.2501833333334,1178.1945833333332,855.2501833333334,1156.2777333333331,0.0,833.3333333333333,0.0,1.1368683772161603e-13,2700.0,3450.0,578.94826108,0.0,-1.1368683772161603e-13
2025-01-01,69,warmup,0.4827,1188.195,882.4625,1188.195,882.4625,1139.0658333333333,0.0,833.3333333333334,0.0,-0.0,3450.0,4200.0,549.8270777500001,0.0,-1.1368683772161603e-13
2025-01-01,70,warmup,0.4785,1161.839883333333,905.7907333333332,1161.839883333333,905.7907333333332,1089.3824833333333,0.0,833.3333333333333,0.0,1.1368683772161603e-13,4200.0,4950.0,521.269518275,0.0,1.1368683772161603e-13
2025-01-01,71,warmup,0.4662,1108.0822833333334,909.2501833333334,1108.0822833333334,909.2501833333334,1032.1654333333333,0.0,833.3333333333333,0.0,1.1368683772161603e-13,4950.0,5700.0,481.19552502,0.0,-1.1368683772161603e-13
2025-01-01,72,warmup,0.4432,1078.5483333333334,888.61875,1078.5483333333334,888.61875,1023.2629166666668,0.0,833.3333333333333,0.0,1.1368683772161603e-13,5700.0,6450.0,453.5101246666667,0.0,-1.1368683772161603e-13
2025-01-01,73,warmup,0.4411,1113.5309166666666,854.4422166666667,1113.5309166666666,854.4422166666667,1092.4220333333333,0.0,833.3333333333333,0.0,1.1368683772161603e-13,6450.0,7200.0,481.8673589033333,0.0,1.1368683772161603e-13
2025-01-01,74,warmup,0.4551,1097.5452333333333,853.0815833333332,1097.5452333333333,853.0815833333332,1077.7969833333334,0.0,833.3333333333333,0.0,1.1368683772161603e-13,7200.0,7950.0,490.505407115,0.0,1.1368683772161603e-13
2025-01-01,75,warmup,0.4463,1047.3283333333334,883.7624999999999,1047.3283333333334,883.7624999999999,996.8991666666668,0.0,833.3333333333333,0.0,1.1368683772161603e-13,7950.0,8700.0,444.9160980833334,0.0,1.1368683772161603e-13
2025-01-01,76,warmup,0.4113,1091.3220333333334,899.9666000000001,1091.3220333333334,899.9666000000001,1024.6887666666667,0.0,833.3333333333333,0.0,1.1368683772161603e-13,8700.0,9450.0,421.45448973,0.0,1.1368683772161603e-13
2025-01-01,77,warmup,0.5682,1124.61315,896.2748,1124.61315,896.2748,1061.6716833333332,0.0,833.3333333333334,0.0,-0.0,9450.0,10200.0,603.24185047,0.0,-1.1368683772161603e-13
2025-01-01,78,warmup,0.8279,1113.7266666666667,876.96875,1113.7266666666667,876.96875,236.7579166666667,0.0,0.0,0.0,-0.0,10200.0,10200.0,196.01187920833334,0.0,0.0
2025-01-01,79,warmup,0.8636,1131.8271333333334,849.6027333333333,1131.8271333333334,849.6027333333333,282.2244000000002,0.0,0.0,-0.0,0.0,10200.0,10200.0,243.72899184000016,0.0,0.0
2025-01-01,80,warmup,0.8416,1152.6694166666666,838.2422333333334,1152.6694166666666,838.2422333333334,314.42718333333323,0.0,0.0,-0.0,0.0,10200.0,10200.0,264.6219174933332,0.0,0.0
2025-01-01,81,warmup,0.8618,1139.13,840.6437500000001,1139.13,840.6437500000001,298.48625000000004,0.0,0.0,-0.0,0.0,10200.0,10200.0,257.23545025000004,0.0,0.0
2025-01-01,82,warmup,0.8623,1091.087533333333,828.9307333333333,1091.087533333333,828.9307333333333,262.15679999999986,0.0,0.0,0.0,-0.0,10200.0,10200.0,226.05780863999988,0.0,0.0
2025-01-01,83,warmup,0.9026,1089.9788333333331,794.9587333333334,1089.9788333333331,794.9587333333334,295.02009999999973,0.0,0.0,-0.0,0.0,10200.0,10200.0,266.28514225999976,0.0,0.0
2025-01-01,84,warmup,0.9754,1128.995,746.4375,1128.995,746.4375,0.0,0.0,0.0,382.5574999999999,0.0,10200.0,9774.936111111112,0.0,0.0,0.0
2025-01-01,85,warmup,1.0002,1122.80195,701.56515,1122.80195,701.56515,0.0,0.0,0.0,421.2368,0.0,9774.936111111112,9306.895222222223,0.0,0.0,0.0
2025-01-01,86,warmup,0.9978,1103.896883333333,676.7386,1103.896883333333,676.7386,0.0,0.0,0.0,427.1582833333331,0.0,9306.895222222223,8832.274907407409,0.0,0.0,0.0
2025-01-01,87,warmup,1.0271,1091.496666666667,655.7375000000001,1091.496666666667,655.7375000000001,0.0,0.0,0.0,435.75916666666683,0.0,8832.274907407409,8348.098055555556,0.0,0.0,0.0
2025-01-01,88,warmup,1.0906,1066.4271166666667,608.0204833333333,1066.4271166666667,608.0204833333333,0.0,0.0,0.0,458.4066333333334,0.0,8348.098055555556,7838.757351851852,0.0,0.0,0.0
2025-01-01,89,warmup,0.9376,1032.764233333333,571.8360666666666,1032.764233333333,571.8360666666666,0.00013375309185287857,0.0,0.0,460.9280329135746,0.0,7838.757351851852,7326.615093058991,0.00012540689892125893,0.0,0.0
2025-01-01,90,warmup,0.6694,1025.7816666666663,554.55625,1025.7816666666663,554.55625,1304.5587499999997,0.0,833.3333333333343,0.0,-9.094947017729282e-13,7326.615093058991,8076.615093058992,873.2716272499998,0.0,1.1368683772161603e-13
2025-01-01,91,warmup,0.66,1076.5969666666667,523.18625,1076.5969666666667,523.18625,1386.7440500000002,0.0,833.3333333333333,0.0,2.2737367544323206e-13,8076.615093058992,8826.615093058992,915.2510730000002,0.0,0.0
2025-01-01,92,warmup,0.7217,1103.8142833333334,476.73755,1103.8142833333334,476.73755,1460.4100666666668,0.0,833.3333333333333,0.0,2.2737367544323206e-13,8826.615093058992,9576.615093058992,1053.9779451133334,0.0,0.0
2025-01-01,93,warmup,0.7308,1082.2683333333332,417.5,1082.2683333333332,417.5,1498.1016666666665,0.0,833.3333333333334,0.0,-1.1368683772161603e-13,9576.615093058992,10326.615093058992,1094.812698,0.0,0.0
2025-01-01,94,warmup,0.7534,1062.5086,348.2825,1062.5086,348.2825,1240.2093299344538,0.0,525.9832299344528,0.0,1.1368683772161603e-12,10326.615093058992,10800.0,934.3737091726174,0.0,0.0
2025-01-01,95,warmup,0.7823,1059.0188333333333,293.6927,1059.0188333333333,293.6927,765.3261333333332,0.0,0.0,-0.0,-5.684341886080802e-14,10800.0,10800.0,598.7146341066666,0.0,5.684341886080802e-14
2025-01-01,96,warmup,0.8055,1067.375,254.3,1067.375,254.3,813.075,0.0,0.0,0.0,5.684341886080802e-14,10800.0,10800.0,654.9319125000001,0.0,-5.684341886080802e-14
2025-01-01,97,warmup,0.8271,1074.162,208.20041666666668,1074.162,208.20041666666668,865.9615833333334,0.0,0.0,-0.0,-0.0,10800.0,10800.0,716.236825575,0.0,0.0
2025-01-01,98,warmup,0.8519,1066.5764333333334,161.37031666666667,1066.5764333333334,161.37031666666667,905.2061166666667,0.0,0.0,-0.0,-0.0,10800.0,10800.0,771.1450907883334,0.0,0.0
2025-01-01,99,warmup,0.8791,1048.6916666666666,117.76875,1048.6916666666666,117.76875,930.9229166666667,0.0,0.0,0.0,4.263256414560601e-14,10800.0,10800.0,818.3743360416667,0.0,-4.263256414560601e-14
2025-01-01,100,warmup,0.9024,1039.4858833333333,73.40638333333334,1039.4858833333333,73.40638333333334,966.0794999999999,0.0,0.0,-0.0,-0.0,10800.0,10800.0,871.7901407999999,0.0,0.0
2025-01-01,101,warmup,0.9163,1049.9906166666667,30.1475,1049.9906166666667,30.1475,1019.8431166666667,0.0,0.0,-0.0,-3.552713678800501e-14,10800.0,10800.0,934.4822478016666,0.0,3.552713678800501e-14
2025-01-01,102,warmup,0.9264,1064.8433333333337,0.4937499999999999,1064.8433333333337,0.4937499999999999,1064.3495833333336,0.0,0.0,1.8417267710901796e-13,9.313438908975512e-14,10800.0,10800.0,986.0134540000003,0.0,1.3423928635347694e-13
2025-01-01,103,warmup,0.9462,1054.1972166666667,0.0,1054.1972166666667,0.0,1054.1972166666667,0.0,0.0,-0.0,-0.0,10800.0,10800.0,997.4814064100001,0.0,0.0
2025-01-01,104,warmup,0.9742,1028.2455666666667,0.9929666666666668,1028.2455666666667,0.9929666666666668,1027.2526,0.0,0.0,-0.0,-2.220446049250313e-14,10800.0,10800.0,1000.74948292,0.0,2.220446049250313e-14
2025-01-01,105,warmup,0.9862,1031.9983333333332,0.0,1031.9983333333332,0.0,1031.9983333333332,0.0,0.0,-0.0,-0.0,10800.0,10800.0,1017.7567563333332,0.0,0.0
2025-01-01,106,warmup,0.976,1077.417783333333,0.0,1077.417783333333,0.0,1077.417783333333,0.0,0.0,0.0,-0.0,10800.0,10800.0,1051.559756533333,0.0,0.0
2025-01-01,107,warmup,1.0742,960.6718166666666,0.0712833333333333,960.6718166666666,0.0712833333333333,960.6005333333333,0.0,0.0,1.5013279681952428e-13,1.5013279681952428e-13,10800.0,10800.0,1031.8770929066666,0.0,-3.6445959097908254e-14
2025-01-01,108,warmup,1.2313,754.9083333333333,0.0,754.9083333333333,0.0,754.9083333333333,0.0,0.0,0.0,-0.0,10800.0,10800.0,929.5186308333333,0.0,0.0
2025-01-01,109,warmup,1.2561,748.4221333333334,0.0,748.4221333333334,0.0,748.4221333333334,0.0,0.0,0.0,-0.0,10800.0,10800.0,940.09304168,0.0,0.0
2025-01-01,110,warmup,1.2447,774.0034333333333,0.0051166666666666,774.0034333333333,0.0051166666666666,773.9983166666666,0.0,0.0,2.3021584638627244e-14,-1.9002958928648896e-14,10800.0,10800.0,963.3957047549999,0.0,1.9002958928648896e-14
2025-01-01,111,warmup,1.2545,744.8683333333333,0.0,744.8683333333333,0.0,744.8683333333333,0.0,0.0,-0.0,-0.0,10800.0,10800.0,934.4373241666666,0.0,0.0
2025-01-01,112,warmup,1.2522,745.0775,0.0,745.0775,0.0,745.0775,0.0,0.0,-0.0,-0.0,10800.0,10800.0,932.9860454999999,0.0,0.0
2025-01-01,113,warmup,1.2881,751.8126000000001,0.0003666666666666,751.8126000000001,0.0003666666666666,248.37685000000022,0.0,0.0,503.4353833333332,0.0,10800.0,10240.627351851852,319.9342204850003,0.0,0.0
2025-01-01,114,warmup,1.3466,747.695,0.0,747.695,0.0,0.0,0.0,0.0,747.6950000000002,0.0,10240.627351851852,9409.85512962963,0.0,0.0,1.1368683772161603e-13
2025-01-01,115,warmup,1.3523,745.2882166666667,0.0,745.2882166666667,0.0,0.0,0.0,0.0,745.2882166666667,0.0,9409.85512962963,8581.757111111112,0.0,0.0,0.0
2025-01-01,116,warmup,1.3445,739.9705833333334,0.0,739.9705833333334,0.0,0.0,0.0,0.0,739.9705833333334,0.0,8581.757111111112,7759.567574074075,0.0,0.0,0.0
2025-01-01,117,warmup,1.3483,731.1983333333333,0.0,731.1983333333333,0.0,0.0,0.0,0.0,731.1983333333333,0.0,7759.567574074075,6947.124981481483,0.0,0.0,0.0
2025-01-01,118,warmup,1.349,724.66275,0.0,724.66275,0.0,0.0,0.0,0.0,724.66275,0.0,6947.124981481483,6141.94414814815,0.0,0.0,0.0
2025-01-01,119,warmup,1.3473,716.7724166666667,0.0,716.7724166666667,0.0,0.0,0.0,0.0,716.7724166666679,0.0,6141.94414814815,5345.530351851852,0.0,0.0,1.2505552149377763e-12
2025-01-01,120,warmup,1.3482,719.3316666666666,0.0,719.3316666666666,0.0,0.0,0.0,0.0,719.3316666666666,0.0,5345.530351851852,4546.272944444445,0.0,0.0,0.0
2025-01-01,121,warmup,1.3513,747.2124,0.0,747.2124,0.0,0.0,0.0,0.0,747.2124,0.0,4546.272944444445,3716.036944444445,0.0,0.0,0.0
2025-01-01,122,warmup,1.34,758.6176666666667,0.0,758.6176666666667,0.0,0.0,0.0,0.0,758.6176666666667,0.0,3716.036944444445,2873.1284259259264,0.0,0.0,0.0
2025-01-01,123,warmup,1.3489,749.9666666666667,0.0,749.9666666666667,0.0,0.0,0.0,0.0,749.966666666667,0.0,2873.1284259259264,2039.8321296296297,0.0,0.0,3.410605131648481e-13
2025-01-01,124,warmup,1.3952,755.8489166666667,0.0,755.8489166666667,0.0,0.0,0.0,0.0,755.8489166666667,0.0,2039.8321296296297,1200.0,0.0,0.0,0.0
2025-01-01,125,warmup,1.2226,754.8193333333334,0.0,754.8193333333334,0.0,754.8193333333334,0.0,0.0,0.0,0.0,1200.0,1200.0,922.8421169333333,0.0,0.0
2025-01-01,126,warmup,0.9332,747.2516666666667,0.0,747.2516666666667,0.0,747.2516666666667,0.0,0.0,0.0,0.0,1200.0,1200.0,697.3352553333334,0.0,0.0
2025-01-01,127,warmup,0.9068,758.0383666666667,0.0,758.0383666666667,0.0,758.0383666666667,0.0,0.0,0.0,0.0,1200.0,1200.0,687.3891908933334,0.0,0.0
2025-01-01,128,warmup,0.9371,765.94735,0.0,765.94735,0.0,765.94735,0.0,0.0,0.0,0.0,1200.0,1200.0,717.7692616850001,0.0,0.0
2025-01-01,129,warmup,0.9371,770.15,0.0,770.15,0.0,770.15,0.0,0.0,0.0,0.0,1200.0,1200.0,721.707565,0.0,0.0
2025-01-01,130,warmup,0.9871,775.6191333333333,0.0,775.6191333333333,0.0,775.6191333333333,0.0,0.0,0.0,0.0,1200.0,1200.0,765.6136465133333,0.0,0.0
2025-01-01,131,warmup,0.7764,688.6640833333332,0.0,688.6640833333332,0.0,688.6640833333332,0.0,0.0,0.0,0.0,1200.0,1200.0,534.6787942999999,0.0,0.0
2025-01-01,132,warmup,0.4209,560.5,0.0,560.5,0.0,560.5,0.0,0.0,0.0,0.0,1200.0,1200.0,235.91445,0.0,0.0
2025-01-01,133,warmup,0.3859,550.9598,0.0,550.9598,0.0,550.9598,0.0,0.0,0.0,0.0,1200.0,1200.0,212.61538682,0.0,0.0
2025-01-01,134,warmup,0.4368,578.4886666666666,0.0,578.4886666666666,0.0,578.4886666666666,0.0,0.0,0.0,0.0,1200.0,1200.0,252.6838496,0.0,0.0
2025-01-01,135,warmup,0.4198,586.895,0.0,586.895,0.0,586.895,0.0,0.0,0.0,0.0,1200.0,1200.0,246.378521,0.0,0.0
2025-01-01,136,warmup,0.4186,593.5879833333333,0.0,593.5879833333333,0.0,593.5879833333333,0.0,0.0,0.0,0.0,1200.0,1200.0,248.47592982333336,0.0,0.0
2025-01-01,137,warmup,0.4241,564.3446666666667,0.0,564.3446666666667,0.0,564.3446666666667,0.0,0.0,0.0,0.0,1200.0,1200.0,239.33857313333334,0.0,0.0
2025-01-01,138,warmup,0.4237,548.3316666666666,0.0,548.3316666666666,0.0,548.3316666666666,0.0,0.0,0.0,0.0,1200.0,1200.0,232.32812716666663,0.0,0.0
2025-01-01,139,warmup,0.4248,629.0425333333334,0.0,629.0425333333334,0.0,629.0425333333334,0.0,0.0,0.0,0.0,1200.0,1200.0,267.21726816,0.0,0.0
2025-01-01,140,warmup,0.424,647.27,0.0,647.27,0.0,647.27,0.0,0.0,0.0,0.0,1200.0,1200.0,274.44248,0.0,0.0
2025-01-01,141,warmup,0.422,587.5233333333333,0.0,587.5233333333333,0.0,587.5233333333333,0.0,0.0,0.0,0.0,1200.0,1200.0,247.93484666666666,0.0,0.0
2025-01-01,142,warmup,0.424,592.2651500000001,0.0,592.2651500000001,0.0,592.2651500000001,0.0,0.0,0.0,0.0,1200.0,1200.0,251.1204236,0.0,0.0
2025-01-01,143,warmup,0.4271,616.1856833333333,0.0,616.1856833333333,0.0,616.1856833333333,0.0,0.0,0.0,0.0,1200.0,1200.0,263.1729053516666,0.0,0.0
2025-01-01,144,warmup,0.4276,616.1166666666667,0.0,616.1166666666667,0.0,616.1166666666667,0.0,0.0,0.0,0.0,1200.0,1200.0,263.45148666666665,0.0,0.0
2025-01-02,1,warmup,0.4248,603.7584833333334,0.0,588.2882666666667,0.0,1421.6216,15.470216666664783,833.3333333333313,0.0,0.0,1200.0,1949.9999999999982,603.90485568,32.858740199996,0.0
2025-01-02,2,warmup,0.4245,603.7935166666667,0.0,601.5881166666667,0.0,1434.92145,2.205400000000054,833.3333333333334,0.0,0.0,1949.9999999999982,2699.999999999998,609.124155525,4.680961500000115,0.0
2025-01-02,3,warmup,0.4269,618.0383333333333,0.0,621.0933333333334,0.0,1454.4266666666667,0.0,833.3333333333333,0.0,3.0550000000001774,2699.999999999998,3449.999999999998,620.8947440000001,0.0,0.0
2025-01-02,4,warmup,0.4272,625.0871,0.0,585.1051833333333,0.0,1418.4385166666666,39.98191666666662,833.3333333333333,0.0,0.0,3449.999999999998,4199.999999999998,605.95693432,85.4013739999999,0.0
2025-01-02,5,warmup,0.4271,614.1506333333333,0.0,583.7604166666666,0.0,1417.09375,30.39021666666656,833.3333333333333,0.0,0.0,4199.999999999998,4949.999999999998,605.240740625,64.89830769166645,1.1368683772161603e-13
2025-01-02,6,warmup,0.4285,607.3566666666667,0.0,631.1683333333334,0.0,1464.5016666666668,0.0,833.3333333333333,0.0,23.811666666666838,4949.999999999998,5699.999999999998,627.5389641666667,0.0,0.0
2025-01-02,7,warmup,0.4311,634.8829999999999,0.0,650.0534166666666,0.0,1316.7200833333334,0.0,681.8370833333335,0.0,0.0,5699.999999999998,6313.653374999998,567.638027925,0.0,0.0
2025-01-02,8,warmup,0.4302,642.5204333333334,0.0,652.8062666666666,0.0,1486.1396,0.0,818.1629166666668,0.0,25.45624999999984,6313.653374999998,7049.999999999998,639.3372559200001,0.0,0.0
2025-01-02,9,warmup,0.4279,630.63,0.0,636.2133333333334,0.0,1469.5466666666666,0.0,833.3333333333333,0.0,5.583333333333371,7049.999999999998,7799.999999999998,628.8190186666667,0.0,0.0
2025-01-02,10,warmup,0.4312,651.2308166666667,0.0,588.8356,0.0,588.8356,62.39521666666667,0.0,-0.0,0.0,7799.999999999998,7799.999999999998,253.90591072,134.52408713333335,0.0
2025-01-02,11,warmup,0.4333,661.3733,0.0,615.7768833333333,0.0,615.7768833333333,45.59641666666664,0.0,-0.0,0.0,7799.999999999998,7799.999999999998,266.81612354833334,98.78463670833328,0.0
2025-01-02,12,warmup,0.4311,647.795,0.0,677.455,0.0,1510.7883333333334,0.0,833.3333333333333,0.0,29.660000000000196,7799.999999999998,8549.999999999998,651.3008505,0.0,0.0
2025-01-02,13,warmup,0.4293,644.2316833333333,0.0,635.1118333333333,0.0,1468.4451666666666,9.119849999999929,833.3333333333333,0.0,0.0,8549.999999999998,9299.999999999998,630.40351005,19.575758024999846,-1.1368683772161603e-13
2025-01-02,14,warmup,0.4324,655.2810166666667,0.0,640.8249166666667,0.0,640.8249166666667,14.456099999999992,0.0,-0.0,0.0,9299.999999999998,9299.999999999998,277.0926939666667,31.25408819999998,0.0
2025-01-02,15,warmup,0.4367,675.9966666666667,0.0,705.77,0.0,705.77,0.0,0.0,0.0,29.773333333333312,9299.999999999998,9299.999999999998,308.20975899999996,0.0,0.0
2025-01-02,16,warmup,0.4348,694.1636666666667,0.0,684.9959166666666,0.0,684.9959166666666,9.16775000000007,0.0,-0.0,0.0,9299.999999999998,9299.999999999998,297.83622456666666,19.930688500000148,0.0
2025-01-02,17,warmup,0.4335,677.9054333333333,0.0,666.1490833333334,0.0,666.1490833333334,11.756349999999998,0.0,-0.0,0.0,9299.999999999998,9299.999999999998,288.775627625,25.481888624999996,0.0
2025-01-02,18,warmup,0.4357,653.24,0.0,683.6983333333333,0.0,683.6983333333333,0.0,0.0,0.0,30.458333333333258,9299.999999999998,9299.999999999998,297.88736383333327,0.0,0.0
2025-01-02,19,warmup,0.4374,678.0538333333333,0.0,681.0096166666666,0.0,681.0096166666666,0.0,0.0,0.0,2.955783333333329,9299.999999999998,9299.999999999998,297.87360633,0.0,0.0
2025-01-02,20,warmup,0.4371,690.0798666666666,0.0,688.9604333333333,0.0,688.9604333333333,1.1194333333332906,0.0,-0.0,0.0,9299.999999999998,9299.999999999998,301.14460541,2.4465215499999067,0.0
2025-01-02,21,warmup,0.4356,676.8533333333334,0.0,696.5300000000001,0.0,696.5300000000001,0.0,-0.0,0.0,19.676666666666733,9299.999999999998,9299.999999999998,303.408468,0.0,0.0
2025-01-02,22,warmup,0.4353,689.7840166666666,0.0,658.8951833333333,0.0,658.8951833333333,30.88883333333331,0.0,-0.0,0.0,9299.999999999998,9299.999999999998,286.817073305,67.22954574999994,0.0
2025-01-02,23,warmup,0.436,713.8835166666667,0.0,651.7916,0.0,651.7916,62.091916666666634,0.0,-0.0,0.0,9299.999999999998,9299.999999999998,284.1811376,135.36037833333327,0.0
2025-01-02,24,warmup,0.4378,721.8299999999999,0.0,683.2183333333334,0.0,683.2183333333334,38.611666666666565,0.0,-0.0,0.0,9299.999999999998,9299.999999999998,299.11298633333337,84.5209383333331,0.0
2025-01-02,25,warmup,0.4401,704.1930833333332,0.0,687.3103833333333,0.0,687.3103833333333,16.882699999999886,0.0,-0.0,0.0,9299.999999999998,9299.999999999998,302.485299705,37.15038134999975,0.0
2025-01-02,26,warmup,0.4389,700.3314999999999,0.0,694.8344666666667,0.0,694.8344666666667,5.497033333333206,0.0,-0.0,0.0,9299.999999999998,9299.999999999998,304.96284742,12.063239649999723,0.0
2025-01-02,27,warmup,0.4364,712.3166666666666,0.0,710.04,0.0,710.04,2.2766666666666424,0.0,-0.0,0.0,9299.999999999998,9299.999999999998,309.861456,4.967686666666614,0.0
2025-01-02,28,warmup,0.4393,703.1725333333334,0.0,702.8703666666667,0.0,702.8703666666667,0.30216666666672154,0.0,-0.0,0.0,9299.999999999998,9299.999999999998,308.7709520766667,0.663709083333454,0.0
2025-01-02,29,warmup,0.4422,678.2314166666666,0.0,710.3095,0.0,710.3095,0.0,0.0,0.0,32.078083333333325,9299.999999999998,9299.999999999998,314.0988609,0.0,0.0
2025-01-02,30,warmup,0.4395,671.8249999999999,0.0,723.65,0.0,723.65,0.0,51.825000000000045,0.0,0.0,9299.999999999998,9346.642499999998,318.044175,0.0,0.0
2025-01-02,31,warmup,0.4333,710.4925499999999,0.0003666666666666,701.3701333333333,0.00035,701.3697833333333,0.0,0.0,9.122399999999955,0.0,9346.642499999998,9336.506499999998,303.90352711833333,0.0,0.0
2025-01-02,32,warmup,0.4439,721.7514333333334,0.0,717.0205500000001,0.0,717.0205500000001,0.0,0.0,4.730883333333281,0.0,9336.506499999998,9331.24996296296,318.28542214500004,0.0,0.0
2025-01-02,33,warmup,0.4301,691.5216666666666,0.0,742.765,0.0,1576.0983333333334,0.0,798.6111522633756,0.0,85.96551440329108,9331.24996296296,10049.999999999998,677.8798931666666,0.0,0.0
2025-01-02,34,warmup,0.3713,688.3891,0.0051166666666666,691.4395,0.0049833333333333335,1524.76785,0.0,833.3333333333333,0.0,3.0505333333334193,10049.999999999998,10799.999999999998,566.146302705,0.0,0.0
2025-01-02,35,warmup,0.5708,773.6214333333334,0.0,749.6888833333334,0.0,749.6888833333334,23.932549999999992,0.0,-0.0,0.0,10799.999999999998,10799.999999999998,427.9224146066667,68.30349769999998,0.0
2025-01-02,36,warmup,0.9099,901.9316666666668,0.0,894.8966666666666,0.0,894.8966666666666,7.0350000000001955,0.0,-0.0,0.0,10799.999999999998,10799.999999999998,814.266477,32.00573250000089,0.0
2025-01-02,37,warmup,0.9368,956.46685,0.0713166666666666,906.8165166666666,0.06948333333333333,231.74703333333343,49.6484999999999,0.0,675.0,0.0,10799.999999999998,10049.999999999998,217.10062082666676,232.55357399999954,0.0
2025-01-02,38,warmup,0.8758,949.2315166666668,0.0,886.1488333333333,0.0,886.1488333333333,63.082683333333534,0.0,-0.0,0.0,10049.999999999998,10049.999999999998,776.0891482333333,276.23907031666755,0.0
2025-01-02,39,warmup,0.8759,922.9433333333332,0.0,899.9699999999999,0.0,899.9699999999999,22.973333333333244,0.0,-0.0,0.0,10049.999999999998,10049.999999999998,788.2837229999999,100.61171333333294,0.0
2025-01-02,40,warmup,0.8601,910.2624333333332,0.9932666666666666,907.9001166666667,0.9676999999999999,906.9324166666667,2.3367499999998853,0.0,-0.0,0.0,10049.999999999998,10049.999999999998,780.052571575,10.049193374999506,0.0
2025-01-02,41,warmup,0.8442,913.9334166666666,0.0,907.4001666666667,0.0,907.4001666666667,6.533249999999953,0.0,-0.0,0.0,10049.999999999998,10049.999999999998,766.0272206999999,27.576848249999802,0.0
2025-01-02,42,warmup,0.8334,923.48,1.10625,905.605,0.5125000000000001,905.0925,17.281250000000046,0.0,-0.0,0.0,10049.999999999998,10049.999999999998,754.3040895,72.01096875000019,0.0
2025-01-02,43,warmup,0.8092,929.2227833333332,32.09305,908.2136333333333,29.299216666666666,878.9144166666666,18.21531666666653,0.0,-0.0,0.0,10049.999999999998,10049.999999999998,711.2175459666666,73.69917123333279,0.0
2025-01-02,44,warmup,0.7972,944.9938833333334,74.27036666666667,918.3340333333334,70.24933333333333,848.0847000000001,22.638816666666642,0.0,-0.0,0.0,10049.999999999998,10049.999999999998,676.0931228400001,90.23832323333325,0.0
2025-01-02,45,warmup,0.7644,927.7766666666666,116.89375,912.6666666666666,112.85000000000001,799.8166666666666,11.06625000000004,0.0,-0.0,0.0,10049.999999999998,10049.999999999998,611.3798599999999,42.29520750000015,0.0
2025-01-02,46,warmup,0.6899,846.9908999999999,162.76158333333333,888.2369166666667,158.46853333333334,1563.1017166666668,0.0,833.3333333333333,0.0,45.53906666666694,10049.999999999998,10799.999999999998,1078.3838743283334,0.0,1.1368683772161603e-13
2025-01-02,47,warmup,0.86,956.2591166666666,209.64165,1014.0193833333333,209.26175,804.7576333333333,0.0,-0.0,0.0,58.14016666666666,10799.999999999998,10799.999999999998,692.0915646666666,0.0,2.842170943040401e-14
2025-01-02,48,warmup,1.1617,1200.9583333333333,256.05625000000003,1219.3333333333333,265.38124999999997,120.61874999999998,0.0,0.0,824.2833333333333,0.0,10799.999999999998,9884.129629629628,140.12280187499996,0.0,0.0
2025-01-02,49,warmup,1.1683,1253.2699833333334,303.3820666666667,1244.9157833333334,322.92019999999997,88.66224999999997,27.892333333333227,0.0,833.3333333333334,0.0,9884.129629629628,8958.203703703703,103.58410667499996,162.93306516666604,-2.2737367544323206e-13
2025-01-02,50,warmup,1.0956,1208.9710833333334,355.49646666666666,1204.2818333333332,370.85435,0.0941499999997859,20.047133333333363,0.0,833.3333333333334,0.0,8958.203703703703,8032.2777777777765,0.10315073999976543,109.81819640000016,-2.2737367544323206e-13
2025-01-02,51,warmup,1.0849,1192.77,411.95625,1202.6883333333333,415.01875,0.0,0.0,0.0,780.81375,0.0,8032.2777777777765,7164.706944444443,0.0,0.0,0.0
2025-01-02,52,warmup,1.061,1225.2615666666668,466.2322,1226.9500666666665,471.05243333333334,0.0,0.0,0.0,759.0293666666669,0.0,7164.706944444443,6321.34098148148,0.0,0.0,0.0
2025-01-02,53,warmup,1.043,1238.3733166666666,507.9592666666667,1212.5855,520.35525,0.0,0.0,0.0,730.4140499999999,0.0,6321.34098148148,5509.769814814814,0.0,0.0,0.0
2025-01-02,54,warmup,1.036,1215.875,544.5437499999999,1179.5483333333334,558.49375,0.0,0.0,0.0,671.3312500000001,0.0,5509.769814814814,4763.8462037037025,0.0,0.0,0.0
2025-01-02,55,warmup,1.0147,1201.27615,591.1414166666667,1203.6460333333332,600.2996166666667,0.0,0.0,0.0,610.1347333333332,0.0,4763.8462037037025,4085.9187222222213,0.0,0.0,0.0
2025-01-02,56,warmup,0.9922,1185.6470833333333,621.1148333333333,1204.9252166666668,645.9392,0.0,0.0,0.0,564.53225,0.0,4085.9187222222213,3458.6606666666657,0.0,0.0,0.0
2025-01-02,57,warmup,0.97,1170.52,640.7062500000001,1183.2216666666666,691.6374999999999,0.0,0.0,0.0,529.8137499999999,0.0,3458.6606666666657,2869.978722222221,0.0,0.0,0.0
2025-01-02,58,warmup,0.9422,1174.6586166666666,682.7234666666667,1216.1920166666666,733.9133666666667,482.27864999999997,9.656499999999937,0.0,0.0,0.0,2869.978722222221,2869.978722222221,454.40294403,45.49177149999971,0.0
2025-01-02,59,warmup,0.9569,1188.16985,713.9437166666667,1218.8626,770.79175,106.53808333333228,152.40578333333534,0.0,215.28226666666578,0.0,2869.978722222221,2630.7762037037037,101.94629194166566,729.1854703583429,0.0
2025-01-02,60,warmup,0.9977,1191.85,726.0187500000001,1183.2433333333333,806.1062499999999,0.0,0.0,0.0,465.83124999999984,0.0,2630.7762037037037,2113.1859259259263,0.0,0.0,0.0
2025-01-02,61,warmup,0.9919,1175.57585,748.6046833333334,1187.5869,846.7837333333333,0.0,0.0,0.0,426.9711666666666,0.0,2113.1859259259263,1638.773518518519,0.0,0.0,0.0
2025-01-02,62,warmup,0.9588,1171.4651,794.4014999999999,1182.7184,889.7921333333334,0.0,258.99949999999944,0.0,118.06410000000048,0.0,1638.773518518519,1507.5911851851852,0.0,1241.6436029999973,0.0
2025-01-02,63,warmup,0.9549,1185.9233333333334,836.5749999999999,1164.3616666666667,915.7875,248.57416666666666,100.77416666666682,0.0,-0.0,0.0,1507.5911851851852,1507.5911851851852,237.36347174999997,481.1462587500007,0.0
2025-01-02,64,warmup,0.9839,1193.1336,836.6437500000001,1183.1616999999999,906.3296333333333,0.0,79.65778333333316,0.0,276.83206666666666,0.0,1507.5911851851852,1200.0,0.0,391.87646510833247,0.0
2025-01-02,65,warmup,0.799,1184.027466666667,846.2285833333334,1198.9988333333333,899.3687666666666,299.6300666666667,38.16881666666677,0.0,-0.0,0.0,1200.0,1200.0,239.40442326666673,152.48442258333375,0.0
2025-01-02,66,warmup,0.5025,1164.7416666666666,879.59375,1189.1966666666667,895.35,1127.18,0.0,833.3333333333334,0.0,8.698750000000132,1200.0,1950.0,566.40795,0.0,0.0
2025-01-02,67,warmup,0.4662,1150.8726,898.2831666666666,1173.8245,863.8287,1143.3291333333332,0.0,833.3333333333333,0.0,57.4063666666666,1950.0,2700.0,533.02004196,0.0,0.0
2025-01-02,68,warmup,0.5007,1153.1421,894.8198333333333,1178.1945833333332,855.2501833333334,1156.2777333333331,0.0,833.3333333333334,0.0,64.62213333333307,2700.0,3450.0,578.94826108,0.0,-1.1368683772161603e-13
2025-01-02,69,warmup,0.4827,1175.575,888.3312500000001,1188.195,882.4625,1139.0658333333333,0.0,833.3333333333334,0.0,18.488749999999982,3450.0,4200.0,549.8270777500001,0.0,-1.1368683772161603e-13
2025-01-02,70,warmup,0.4785,1204.039533333333,902.1055166666666,1161.8398833333333,905.7907333333333,1089.3824833333333,45.884866666666426,833.3333333333333,0.0,0.0,4200.0,4950.0,521.269518275,109.77954349999942,-2.2737367544323206e-13
2025-01-02,71,warmup,0.4662,1176.912283333333,904.8863666666666,1108.0822833333334,909.2501833333334,1032.1654333333333,73.19381666666641,833.3333333333333,0.0,0.0,4950.0,5700.0,481.19552502,170.6147866499994,0.0
2025-01-02,72,warmup,0.4432,1104.6466666666668,888.0500000000001,1078.5483333333334,888.61875,1023.2629166666668,26.667083333333153,833.3333333333333,0.0,0.0,5700.0,6450.0,453.5101246666667,59.09425666666626,0.0
2025-01-02,73,warmup,0.4411,1064.25525,874.8249166666666,1113.5309166666666,854.4422166666667,1092.4220333333333,0.0,833.3333333333333,0.0,69.65836666666667,6450.0,7200.0,481.8673589033333,0.0,-1.1368683772161603e-13
2025-01-02,74,warmup,0.4551,1063.2235833333334,869.8719833333333,1097.5452333333333,853.0815833333332,1077.7969833333334,0.0,833.3333333333333,0.0,51.11205000000007,7200.0,7950.0,490.505407115,0.0,-1.1368683772161603e-13
2025-01-02,75,warmup,0.4463,1086.18,870.475,1047.3283333333334,883.7624999999999,996.8991666666668,52.13916666666648,833.3333333333333,0.0,0.0,7950.0,8700.0,444.9160980833334,116.34855041666626,0.0
2025-01-02,76,warmup,0.4113,1112.9026333333334,873.7157000000001,1091.3220333333334,899.9666000000001,1024.6887666666667,47.83149999999989,833.3333333333333,0.0,0.0,8700.0,9450.0,421.45448973,98.36547974999976,0.0
2025-01-02,77,warmup,0.5682,1123.3765,884.69285,1124.61315,896.2748,1061.6716833333332,10.34530000000018,833.3333333333334,0.0,0.0,9450.0,10200.0,603.24185047,29.39099730000051,-1.1368683772161603e-13
2025-01-02,78,warmup,0.8279,1129.381666666667,898.88125,1113.7266666666667,876.96875,236.7579166666667,0.0,0.0,0.0,6.257499999999823,10200.0,10200.0,196.01187920833334,0.0,1.1368683772161603e-13
2025-01-02,79,warmup,0.8636,1153.9178166666668,902.25435,1131.8271333333334,849.6027333333333,282.2244000000002,0.0,0.0,0.0,30.560933333333423,10200.0,10200.0,243.72899184000016,0.0,0.0
2025-01-02,80,warmup,0.8416,1141.849516666667,889.5512666666667,1152.6694166666666,838.2422333333334,314.42718333333323,0.0,0.0,0.0,62.128933333333066,10200.0,10200.0,264.6219174933332,0.0,1.1368683772161603e-13
2025-01-02,81,warmup,0.8618,1103.6916666666666,861.36875,1139.1299999999999,840.6437500000001,298.4862499999998,0.0,0.0,0.0,56.163333333333185,10200.0,10200.0,257.2354502499998,0.0,0.0
2025-01-02,82,warmup,0.8623,1109.1362666666666,826.7602499999999,1091.0875333333333,828.9307333333333,262.1568000000001,20.219216666666625,0.0,-0.0,0.0,10200.0,10200.0,226.05780864000008,87.17515265833315,0.0
2025-01-02,83,warmup,0.9026,1124.2132333333334,812.2506666666667,1089.9788333333333,794.9587333333334,295.02009999999996,16.942466666666746,0.0,-0.0,0.0,10200.0,10200.0,266.28514225999993,76.46135206666702,0.0
2025-01-02,84,warmup,0.9754,1128.121666666667,798.5749999999999,1128.9950000000001,746.4375,0.0,0.0,0.0,329.54666666666697,0.0,10200.0,9833.837037037036,0.0,0.0,0.0
2025-01-02,85,warmup,1.0002,1130.9200666666668,740.0843166666667,1122.80195,701.56515,0.0,0.0,0.0,390.8357500000001,0.0,9833.837037037036,9399.575092592591,0.0,0.0,0.0
2025-01-02,86,warmup,0.9978,1108.5780166666666,683.8292499999999,1103.8968833333333,676.7386,0.0,0.0,0.0,424.7487666666667,0.0,9399.575092592591,8927.632018518518,0.0,0.0,0.0
2025-01-02,87,warmup,1.0271,1086.621666666667,649.63125,1091.4966666666667,655.7375000000001,0.0,0.0,0.0,436.9904166666669,0.0,8927.632018518518,8442.08711111111,0.0,0.0,0.0
2025-01-02,88,warmup,1.0906,1116.5649,612.0712,1066.4271166666667,608.0204833333333,0.0,0.0,0.0,504.4937000000001,0.0,8442.08711111111,7881.538555555554,0.0,0.0,0.0
2025-01-02,89,warmup,0.9376,1124.2048166666666,568.6041666666666,1032.7642333333333,571.8360666666666,0.0001337510806794051,0.0,0.0,555.6005162489192,0.0,7881.538555555554,7264.204648612311,0.00012540501324501021,0.0,-2.2737367544323206e-13
2025-01-02,90,warmup,0.6694,1103.5233333333333,523.3625000000001,1025.7816666666665,554.55625,1304.55875,108.9354166666667,833.3333333333334,0.0,0.0,7264.204648612311,8014.204648612311,873.2716272499999,364.60683958333345,-1.1368683772161603e-13
2025-01-02,91,warmup,0.66,1114.42305,479.6929666666667,1076.5969666666667,523.18625,1386.7440500000002,81.3193666666665,833.3333333333334,0.0,0.0,8014.204648612311,8764.20464861231,915.2510730000002,268.3539099999995,1.1368683772161603e-13
2025-01-02,92,warmup,0.7217,1085.0556666666666,436.3165833333333,1103.8142833333334,476.73755,1460.4100666666668,21.662349999999947,833.3333333333334,0.0,0.0,8764.20464861231,9514.20464861231,1053.9779451133334,78.16858997499982,1.1368683772161603e-13
2025-01-02,93,warmup,0.7308,1036.7983333333334,393.33125,1082.2683333333332,417.5,1498.1016666666665,0.0,833.3333333333334,0.0,21.30124999999964,9514.20464861231,10264.20464861231,1094.812698,0.0,0.0
2025-01-02,94,warmup,0.7534,1067.7117166666667,353.22523333333334,1062.5086,348.2825,1240.2093299369371,69.60532160493915,595.3281682085429,0.0,0.0,10264.20464861231,10800.0,934.3737091744883,262.2032464858058,-1.1368683772161603e-13
2025-01-02,95,warmup,0.7823,1079.0997,317.45385,1059.0188333333333,293.6927,765.3261333333332,0.0,0.0,-0.0,3.68028333333325,10800.0,10800.0,598.7146341066666,0.0,1.1368683772161603e-13
2025-01-02,96,warmup,0.8055,1048.3733333333332,277.1,1067.375,254.29999999999998,813.075,0.0,0.0,0.0,41.80166666666685,10800.0,10800.0,654.9319125000001,0.0,1.1368683772161603e-13
2025-01-02,97,warmup,0.8271,1051.2218333333333,221.0176,1074.162,208.20041666666668,865.9615833333334,0.0,0.0,-0.0,35.75735000000006,10800.0,10800.0,716.236825575,0.0,2.842170943040401e-14
2025-01-02,98,warmup,0.8519,1052.0362,168.58335,1066.5764333333334,161.37031666666667,905.2061166666667,0.0,0.0,-0.0,21.75326666666672,10800.0,10800.0,771.1450907883334,0.0,-1.1368683772161603e-13
2025-01-02,99,warmup,0.8791,1039.88,126.2875,1048.6916666666666,117.76875,930.9229166666667,0.0,0.0,0.0,17.330416666666537,10800.0,10800.0,818.3743360416667,0.0,-8.526512829121202e-14
2025-01-02,100,warmup,0.9024,1046.0812833333332,82.42743333333333,1039.4858833333333,73.40638333333334,966.0794999999999,0.0,0.0,-0.0,2.4256500000000614,10800.0,10800.0,871.7901407999999,0.0,7.105427357601002e-14
2025-01-02,101,warmup,0.9163,1055.9239666666667,35.64405,1049.9906166666667,30.147499999999997,1019.8431166666667,0.4368000000012518,0.0,-1.1968859237043714e-12,0.0,10800.0,10800.000000000002,934.4822478016666,2.0011992000057353,0.0
2025-01-02,102,warmup,0.9264,1052.9583333333333,1.1125,1064.8433333333335,0.49374999999999997,1064.3495833333334,0.0,0.0,1.6575540939811615e-12,12.503750000001785,10800.000000000002,10800.0,986.013454,0.0,-1.1191048088221578e-13
2025-01-02,103,warmup,0.9462,1035.95475,0.0,1054.1972166666667,0.0,1054.1972166666667,0.0,0.0,-0.0,18.242466666666587,10800.0,10800.0,997.4814064100001,0.0,0.0
2025-01-02,104,warmup,0.9742,1022.8493,1.120766666666667,1028.2455666666667,0.9929666666666667,1027.2526,0.0,0.0,-0.0,5.524066666666725,10800.0,10800.0,1000.74948292,0.0,1.7763568394002505e-15
2025-01-02,105,warmup,0.9862,1030.871666666667,0.0,1031.9983333333332,0.0,1031.9983333333332,0.0,0.0,-0.0,1.126666666666324,10800.0,10800.0,1017.7567563333332,0.0,0.0
2025-01-02,106,warmup,0.976,1045.9988666666666,0.0,1077.4177833333333,0.0,1077.4177833333333,0.0,0.0,0.0,31.418916666666746,10800.0,10800.0,1051.5597565333333,0.0,0.0
2025-01-02,107,warmup,1.0742,958.23075,0.0804666666666666,960.6718166666666,0.07128333333333334,960.6005333333333,0.0,0.0,1.5018689417112262e-13,2.4502500000001333,10800.0,10800.0,1031.8770929066666,0.0,-3.68594044175552e-14
2025-01-02,108,warmup,1.2313,804.215,0.0,754.9083333333333,0.0,754.9083333333333,49.30666666666721,0.0,-4.831690603168681e-13,0.0,10800.0,10800.0,929.5186308333333,303.55649333333673,0.0
2025-01-02,109,warmup,1.2561,743.7868,0.0,748.4221333333334,0.0,748.4221333333334,0.0,0.0,0.0,4.635333333333392,10800.0,10800.0,940.09304168,0.0,0.0
2025-01-02,110,warmup,1.2447,747.9326666666666,0.0057833333333333,774.0034333333333,0.005116666666666667,773.9983166666666,0.0,0.0,2.3021584638627244e-14,26.07143333333336,10800.0,10800.0,963.3957047549999,0.0,-7.105427357601002e-14
2025-01-02,111,warmup,1.2545,755.225,0.0,744.8683333333333,0.0,744.8683333333333,10.356666666667138,0.0,-4.547473508864641e-13,0.0,10800.0,10800.0,934.4373241666666,64.96219166666963,0.0
2025-01-02,112,warmup,1.2522,738.8777833333334,0.0,745.0775,0.0,745.0775,0.0,0.0,-0.0,6.199716666666632,10800.0,10800.0,932.9860454999999,0.0,0.0
2025-01-02,113,warmup,1.2881,741.03175,0.0004166666666666,751.8126000000001,0.00036666666666666667,248.37685000000022,0.0,0.0,492.654483333333,0.0,10800.0,10252.60612962963,319.9342204850003,0.0,-1.1368683772161603e-13
2025-01-02,114,warmup,1.3466,753.7816666666666,0.0,747.695,0.0,0.0,0.0,0.0,753.7816666666668,0.0,10252.60612962963,9415.070944444446,0.0,0.0,1.1368683772161603e-13
2025-01-02,115,warmup,1.3523,727.5680166666666,0.0,745.2882166666667,0.0,0.0,0.0,0.0,727.5680166666666,0.0,9415.070944444446,8606.662037037038,0.0,0.0,0.0
2025-01-02,116,warmup,1.3445,712.1621166666667,0.0,739.9705833333334,0.0,0.0,0.0,0.0,712.1621166666667,0.0,8606.662037037038,7815.370796296297,0.0,0.0,0.0
2025-01-02,117,warmup,1.3483,727.6233333333333,0.0,731.1983333333333,0.0,0.0,0.0,0.0,727.6233333333333,0.0,7815.370796296297,7006.900425925926,0.0,0.0,0.0
2025-01-02,118,warmup,1.349,743.2633166666666,0.0,724.66275,0.0,0.0,0.0,0.0,743.2633166666666,0.0,7006.900425925926,6181.052296296297,0.0,0.0,0.0
2025-01-02,119,warmup,1.3473,747.32795,0.0,716.7724166666667,0.0,0.0,0.0,0.0,747.32795,0.0,6181.052296296297,5350.687907407408,0.0,0.0,0.0
2025-01-02,120,warmup,1.3482,751.5433333333334,0.0,719.3316666666666,0.0,0.0,0.0,0.0,751.5433333333334,0.0,5350.687907407408,4515.639759259259,0.0,0.0,0.0
2025-01-02,121,warmup,1.3513,770.4769166666666,0.0,747.2124,0.0,0.0,0.0,0.0,770.4769166666666,0.0,4515.639759259259,3659.5542962962963,0.0,0.0,0.0
2025-01-02,122,warmup,1.34,760.1001,0.0,758.6176666666667,0.0,0.0,52.31681666666668,0.0,707.7832833333333,0.0,3659.5542962962963,2873.128425925926,0.0,350.5226716666668,0.0
2025-01-02,123,warmup,1.3489,720.5766666666667,0.0,749.9666666666667,0.0,0.0,0.0,0.0,720.5766666666667,0.0,2873.128425925926,2072.487685185185,0.0,0.0,0.0
2025-01-02,124,warmup,1.3952,704.1293000000001,0.0,755.8489166666667,0.0,0.0,0.0,0.0,704.1293000000001,0.0,2072.487685185185,1290.121796296296,0.0,0.0,0.0
2025-01-02,125,warmup,1.2226,733.0050833333333,0.0,754.8193333333334,0.0,754.8193333333334,0.0,0.0,0.0,21.8142499999999,1290.121796296296,1290.121796296296,922.8421169333333,0.0,1.1368683772161603e-13
2025-01-02,126,warmup,0.9332,774.7116666666667,0.0,747.2516666666667,0.0,747.2516666666667,0.0,0.0,27.460000000000058,0.0,1290.121796296296,1259.6106851851848,697.3352553333334,0.0,0.0
2025-01-02,127,warmup,0.9068,772.2666666666668,0.0,758.0383666666667,0.0,758.0383666666667,0.0,0.0,14.228300000000353,0.0,1259.6106851851848,1243.8014629629622,687.3891908933334,0.0,2.2737367544323206e-13
2025-01-02,128,warmup,0.9371,756.4289666666667,0.0,765.94735,0.0,765.94735,0.0,0.0,0.0,9.518383333333304,1243.8014629629622,1243.8014629629622,717.7692616850001,0.0,0.0
2025-01-02,129,warmup,0.9371,764.8116666666666,0.0,770.15,0.0,770.15,0.0,0.0,0.0,5.338333333333367,1243.8014629629622,1243.8014629629622,721.707565,0.0,0.0
2025-01-02,130,warmup,0.9871,792.1586333333333,0.0,775.6191333333333,0.0,775.6191333333333,0.0,0.0,16.539500000000135,0.0,1243.8014629629622,1225.4242407407398,765.6136465133333,0.0,0.0
2025-01-02,131,warmup,0.7764,731.3947166666667,0.0,688.6640833333332,0.0,688.6640833333332,19.84881666666761,0.0,22.88181666666585,0.0,1225.4242407407398,1200.0,534.6787942999999,77.05310630000365,0.0
2025-01-02,132,warmup,0.4209,615.9116666666666,0.0,560.5,0.0,560.5,55.41166666666663,0.0,-0.0,0.0,1200.0,1200.0,235.91445,116.61385249999992,0.0
2025-01-02,133,warmup,0.3859,591.5881,0.0,550.9598,0.0,550.9598,40.62830000000008,0.0,-0.0,0.0,1200.0,1200.0,212.61538682,78.39230485000016,0.0
2025-01-02,134,warmup,0.4368,594.7760999999999,0.0,578.4886666666666,0.0,578.4886666666666,16.287433333333297,0.0,-0.0,0.0,1200.0,1200.0,252.6838496,35.571754399999925,0.0
2025-01-02,135,warmup,0.4198,587.8716666666667,0.0,586.895,0.0,586.895,0.9766666666666879,0.0,-0.0,0.0,1200.0,1200.0,246.378521,2.050023333333378,0.0
2025-01-02,136,warmup,0.4186,596.2832333333333,0.0,593.5879833333333,0.0,593.5879833333333,2.6952499999999873,0.0,-0.0,0.0,1200.0,1200.0,248.47592982333336,5.6411582499999735,0.0
2025-01-02,137,warmup,0.4241,579.7073333333334,0.0,564.3446666666667,0.0,564.3446666666667,15.362666666666655,0.0,-0.0,0.0,1200.0,1200.0,239.33857313333334,32.57653466666664,0.0
2025-01-02,138,warmup,0.4237,553.9350000000001,0.0,548.3316666666666,0.0,548.3316666666666,5.603333333333467,0.0,-0.0,0.0,1200.0,1200.0,232.32812716666663,11.87066166666695,0.0
2025-01-02,139,warmup,0.4248,579.7343833333333,0.0,629.0425333333334,0.0,629.0425333333334,0.0,-0.0,0.0,49.30815000000007,1200.0,1200.0,267.21726816,0.0,0.0
2025-01-02,140,warmup,0.424,606.82325,0.0,647.27,0.0,647.27,0.0,-0.0,0.0,40.44674999999996,1200.0,1200.0,274.44248,0.0,-7.105427357601002e-15
2025-01-02,141,warmup,0.422,616.8266666666667,0.0,587.5233333333333,0.0,587.5233333333333,29.3033333333334,0.0,-0.0,0.0,1200.0,1200.0,247.93484666666666,61.83003333333347,0.0
2025-01-02,142,warmup,0.424,628.2881666666666,0.0,592.2651500000001,0.0,592.2651500000001,36.023016666666535,0.0,-0.0,0.0,1200.0,1200.0,251.1204236,76.36879533333305,0.0
2025-01-02,143,warmup,0.4271,571.3670000000001,0.0,616.1856833333333,0.0,616.1856833333333,0.0,-0.0,0.0,44.81868333333318,1200.0,1200.0,263.1729053516666,0.0,0.0
2025-01-02,144,warmup,0.4276,486.52,0.0,616.1166666666667,0.0,616.1166666666667,0.0,-0.0,0.0,129.5966666666667,1200.0,1200.0,263.45148666666665,0.0,0.0
2025-01-03,1,warmup,0.4248,492.3918166666666,0.0,603.7584833333334,0.0,1437.0918166666668,0.0,833.3333333333334,0.0,111.36666666666679,1200.0,1950.0,610.4766037200001,0.0,0.0
2025-01-03,2,warmup,0.4245,493.43503333333337,0.0,603.7935166666667,0.0,1437.12685,0.0,833.3333333333333,0.0,110.35848333333342,1950.0,2700.0,610.060347825,0.0,0.0
2025-01-03,3,warmup,0.4269,459.41833333333335,0.0,618.0383333333333,0.0,1451.3716666666667,0.0,833.3333333333333,0.0,158.62000000000012,2700.0,3450.0,619.5905645,0.0,0.0
2025-01-03,4,warmup,0.4272,454.1775666666667,0.0,625.0871,0.0,1458.4204333333332,0.0,833.3333333333333,0.0,170.90953333333323,3450.0,4200.0,623.0372091199999,0.0,0.0
2025-01-03,5,warmup,0.4271,439.95568333333335,0.0,614.1506333333333,0.0,1447.4839666666667,0.0,833.3333333333333,0.0,174.19495000000006,4200.0,4950.0,618.2204021633333,0.0,0.0
2025-01-03,6,warmup,0.4285,430.6266666666667,0.0,607.3566666666667,0.0,1440.69,0.0,833.3333333333333,0.0,176.73000000000002,4950.0,5700.0,617.3356650000001,0.0,0.0
2025-01-03,7,warmup,0.4311,483.7801833333333,0.0,634.8829999999999,0.0,1301.5496666666668,0.0,817.7694833333335,0.0,0.0,5700.0,6435.992535,561.0980613,0.0,0.0
2025-01-03,8,warmup,0.4302,521.8418333333333,0.0,642.5204333333334,0.0,1475.8537666666666,0.0,682.2305166666663,0.0,271.78141666666704,6435.992535,7050.0,634.91229042,0.0,0.0
2025-01-03,9,warmup,0.4279,509.47,0.0,630.63,0.0,1463.9633333333334,0.0,833.3333333333333,0.0,121.16000000000008,7050.0,7800.0,626.4299103333334,0.0,0.0
2025-01-03,10,warmup,0.4312,487.25686666666667,0.0,651.2308166666667,0.0,651.2308166666667,0.0,163.97395,0.0,0.0,7800.0,7947.576555,280.8107281466667,0.0,0.0
2025-01-03,11,warmup,0.4333,490.1092166666666,0.0,661.3733,0.0,661.3733,0.0,171.26408333333336,0.0,0.0,7947.576555,8101.71423,286.57305089,0.0,0.0
2025-01-03,12,warmup,0.4311,507.8683333333333,0.0,647.795,0.0,1481.1283333333333,0.0,498.09530000000046,0.0,475.1646999999995,8101.71423,8550.0,638.5144245,0.0,0.0
2025-01-03,13,warmup,0.4293,500.10395,0.0,644.2316833333333,0.0,1477.5650166666667,0.0,833.3333333333333,0.0,144.12773333333348,8550.0,9300.0,634.318661655,0.0,0.0
2025-01-03,14,warmup,0.4324,476.75458333333336,0.0,655.2810166666667,0.0,655.2810166666667,0.0,0.0,0.0,178.52643333333333,9300.0,9300.0,283.34351160666665,0.0,0.0
2025-01-03,15,warmup,0.4367,466.6833333333333,0.0,675.9966666666667,0.0,675.9966666666667,0.0,0.0,0.0,209.3133333333334,9300.0,9300.0,295.2077443333333,0.0,0.0
2025-01-03,16,warmup,0.4348,492.21538333333336,0.0,694.1636666666667,0.0,694.1636666666667,0.0,0.0,0.0,201.94828333333334,9300.0,9300.0,301.8223622666667,0.0,0.0
2025-01-03,17,warmup,0.4335,526.83435,0.0,677.9054333333333,0.0,677.9054333333333,0.0,0.0,0.0,151.07108333333338,9300.0,9300.0,293.87200535,0.0,0.0
2025-01-03,18,warmup,0.4357,549.0,0.0,653.24,0.0,653.24,0.0,0.0,0.0,104.24000000000001,9300.0,9300.0,284.616668,0.0,0.0
2025-01-03,19,warmup,0.4374,557.7891666666667,0.0,678.0538333333333,0.0,678.0538333333333,0.0,0.0,0.0,120.26466666666659,9300.0,9300.0,296.58074669999996,0.0,0.0
2025-01-03,20,warmup,0.4371,565.0962833333333,0.0,690.0798666666666,0.0,690.0798666666666,0.0,0.0,0.0,124.98358333333329,9300.0,9300.0,301.63390971999996,0.0,0.0
2025-01-03,21,warmup,0.4356,571.1033333333334,0.0,676.8533333333334,0.0,676.8533333333334,0.0,-0.0,0.0,105.75,9300.0,9300.0,294.837312,0.0,0.0
2025-01-03,22,warmup,0.4353,562.64675,0.0,689.7840166666666,0.0,689.7840166666666,0.0,0.0,0.0,127.13726666666662,9300.0,9300.0,300.262982455,0.0,0.0
2025-01-03,23,warmup,0.436,534.0349333333334,0.0,713.8835166666667,0.0,713.8835166666667,0.0,0.0,0.0,179.8485833333333,9300.0,9300.0,311.25321326666665,0.0,0.0
2025-01-03,24,warmup,0.4378,525.8566666666667,0.0,721.8299999999999,0.0,721.8299999999999,0.0,0.0,0.0,195.97333333333324,9300.0,9300.0,316.017174,0.0,0.0
2025-01-03,25,warmup,0.4401,578.3907166666667,0.0,704.1930833333332,0.0,704.1930833333332,0.0,0.0,0.0,125.80236666666656,9300.0,9300.0,309.91537597499996,0.0,0.0
2025-01-03,26,warmup,0.4389,561.9044333333333,0.0,700.3314999999999,0.0,700.3314999999999,0.0,0.0,0.0,138.42706666666663,9300.0,9300.0,307.37549534999994,0.0,0.0
2025-01-03,27,warmup,0.4364,490.93,0.0,712.3166666666666,0.0,712.3166666666666,0.0,0.0,0.0,221.3866666666666,9300.0,9300.0,310.8549933333333,0.0,0.0
2025-01-03,28,warmup,0.4393,512.4968166666666,0.0,703.1725333333334,0.0,703.1725333333334,0.0,0.0,0.0,190.67571666666674,9300.0,9300.0,308.90369389333335,0.0,0.0
2025-01-03,29,warmup,0.4422,557.1438333333333,0.0,678.2314166666666,0.0,678.2314166666666,0.0,0.0,0.0,121.08758333333333,9300.0,9300.0,299.91393244999995,0.0,0.0
2025-01-03,30,warmup,0.4395,556.9250000000001,0.0,671.8249999999999,0.0,671.8249999999999,0.0,114.89999999999986,0.0,0.0,9300.0,9403.41,295.26708749999995,0.0,0.0
2025-01-03,31,warmup,0.4333,521.7394,0.0003166666666666,710.4925499999999,0.00036666666666666667,710.4921833333333,0.0,188.7530999999999,0.0,0.0,9403.41,9573.28779,307.85626303833334,0.0,0.0
2025-01-03,32,warmup,0.4439,537.3937833333333,0.0,721.7514333333334,0.0,721.7514333333334,0.0,184.35765000000004,0.0,0.0,9573.28779,9739.209675,320.3854612566667,0.0,0.0
2025-01-03,33,warmup,0.4301,601.3083333333333,0.0,691.5216666666666,0.0,1524.855,0.0,345.3225833333333,0.0,578.2240833333335,9739.209675,10050.0,655.8401355,0.0,0.0
2025-01-03,34,warmup,0.3713,622.2831833333333,0.0045166666666666,688.3891,0.005116666666666667,1521.7173166666666,0.0,833.3333333333333,0.0,66.10531666666668,10050.0,10800.0,565.0136396783333,0.0,0.0
2025-01-03,35,warmup,0.5708,583.8953,0.0,773.6214333333334,0.0,773.6214333333334,0.0,0.0,-0.0,189.72613333333334,10800.0,10800.0,441.5831141466667,0.0,0.0
2025-01-03,36,warmup,0.9099,542.7966666666667,0.0,901.9316666666667,0.0,901.9316666666667,0.0,0.0,-0.0,359.135,10800.0,10800.0,820.6676235000001,0.0,0.0
2025-01-03,37,warmup,0.9368,570.2083333333334,0.0628666666666666,956.4668499999999,0.07131666666666667,281.39553333333333,0.0,0.0,288.7499333333334,0.0,10800.0,10479.16674074074,263.61133562666663,0.0,0.0
2025-01-03,38,warmup,0.8758,586.61005,0.0,949.2315166666667,0.0,949.2315166666667,0.0,0.0,0.0,362.6214666666667,10479.16674074074,10479.16674074074,831.3369622966667,0.0,0.0
2025-01-03,39,warmup,0.8759,560.9833333333333,0.0,922.9433333333333,0.0,922.9433333333333,0.0,0.0,0.0,361.9599999999999,10479.16674074074,10479.16674074074,808.4060656666667,0.0,0.0
2025-01-03,40,warmup,0.8601,545.6809999999999,0.8755833333333333,910.2624333333333,0.9932666666666666,909.2691666666667,0.0,0.0,0.0,364.4637500000001,10479.16674074074,10479.16674074074,782.06241025,0.0,0.0
2025-01-03,41,warmup,0.8442,577.0283166666667,0.0,913.9334166666666,0.0,913.9334166666666,0.0,0.0,0.0,336.90509999999995,10479.16674074074,10479.16674074074,771.54259035,0.0,0.0
2025-01-03,42,warmup,0.8334,631.2016666666667,1.69375,923.48,1.10625,922.37375,0.0,0.0,0.0,292.8658333333333,10479.16674074074,10479.16674074074,768.70628325,0.0,0.0
2025-01-03,43,warmup,0.8092,649.1770333333333,31.512733333333333,929.2227833333333,32.09305,897.1297333333333,0.0,0.0,0.0,279.4654333333334,10479.16674074074,10479.16674074074,725.9573802133333,0.0,0.0
2025-01-03,44,warmup,0.7972,650.8262166666667,73.67421666666667,944.9938833333334,74.27036666666667,870.7235166666668,0.0,0.0,0.0,293.57151666666675,10479.16674074074,10479.16674074074,694.1407874866668,0.0,0.0
2025-01-03,45,warmup,0.7644,652.3216666666666,117.24375,927.7766666666666,116.89375,810.8829166666667,0.0,0.0,0.0,275.80500000000006,10479.16674074074,10479.16674074074,619.8389015,0.0,0.0
2025-01-03,46,warmup,0.6899,649.5451166666667,162.0594,846.9908999999999,162.76158333333333,1517.5626499999998,0.0,356.48139917695516,0.0,673.5955341563781,10479.16674074074,10800.0,1046.9664722349999,0.0,0.0
2025-01-03,47,warmup,0.86,653.0534666666666,206.98041666666663,956.2591166666666,209.64165,746.6174666666666,0.0,0.0,-0.0,300.5444166666666,10800.0,10800.0,642.0910213333333,0.0,0.0
2025-01-03,48,warmup,1.1617,670.93,254.88125,1200.9583333333333,256.05625000000003,111.5687499999998,0.0,0.0,304.48000000000013,0.0,10800.0,10461.688888888888,129.60941687499977,0.0,0.0
2025-01-03,49,warmup,1.1683,691.0543833333332,307.75635,1253.2699833333334,303.3820666666667,116.55458333333331,0.0,0.0,266.74344999999994,0.0,10461.688888888888,10165.307277777776,136.1707197083333,0.0,0.0
2025-01-03,50,warmup,1.0956,651.0169500000001,347.85948333333334,1208.9710833333334,355.49646666666666,20.141283333333263,0.0,0.0,283.01618333333346,0.0,10165.307277777776,9850.84485185185,22.06679001999992,0.0,0.0
2025-01-03,51,warmup,1.0849,587.37,382.15625,1192.77,411.95625,0.0,0.0,0.0,205.21375,0.0,9850.84485185185,9622.829574074072,0.0,0.0,0.0
2025-01-03,52,warmup,1.061,614.941,436.74098333333336,1225.2615666666668,466.2322,0.0,0.0,0.0,178.20001666666667,0.0,9622.829574074072,9424.829555555554,0.0,0.0,0.0
2025-01-03,53,warmup,1.043,714.1223833333333,495.9123833333333,1238.3733166666666,507.9592666666667,0.0,0.0,0.0,218.21000000000004,0.0,9424.829555555554,9182.373999999998,0.0,0.0,0.0
2025-01-03,54,warmup,1.036,792.2566666666667,543.875,1215.875,544.5437499999999,0.0,0.0,0.0,248.38166666666666,0.0,9182.373999999998,8906.394370370368,0.0,0.0,0.0
2025-01-03,55,warmup,1.0147,765.2096333333334,578.5894,1201.27615,591.1414166666667,0.0,0.0,0.0,186.62023333333343,0.0,8906.394370370368,8699.038555555553,0.0,0.0,0.0
2025-01-03,56,warmup,0.9922,731.9297,610.2687,1185.6470833333333,621.1148333333333,0.0,0.0,0.0,121.66100000000006,0.0,8699.038555555553,8563.859666666664,0.0,0.0,0.0
2025-01-03,57,warmup,0.97,749.3733333333333,651.0,1170.52,640.7062500000001,0.0,0.0,0.0,98.37333333333333,0.0,8563.859666666664,8454.55596296296,0.0,0.0,0.0
2025-01-03,58,warmup,0.9422,778.8889333333333,706.2720666666668,1174.6586166666666,682.7234666666667,491.9351499999999,0.0,0.0,0.0,419.3182833333334,8454.55596296296,8454.55596296296,463.50129832999994,0.0,0.0
2025-01-03,59,warmup,0.9569,756.3689666666668,759.8901333333333,1188.16985,713.9437166666667,474.22613333333334,0.0,0.0,0.0,477.7472999999999,8454.55596296296,8454.55596296296,453.78698698666665,0.0,0.0
2025-01-03,60,warmup,0.9977,708.915,799.875,1191.8500000000001,726.0187500000001,0.0,0.0,0.0,0.0,90.96000000000004,8454.55596296296,8454.55596296296,0.0,0.0,0.0
2025-01-03,61,warmup,0.9919,725.8533000000001,822.2695833333333,1175.57585,748.6046833333334,0.0,0.0,0.0,0.0,96.41628333333324,8454.55596296296,8454.55596296296,0.0,0.0,0.0
2025-01-03,62,warmup,0.9588,760.2572833333334,818.2747166666667,1171.4651000000001,794.4014999999999,132.42501666666521,0.0,0.0,0.0,190.44244999999853,8454.55596296296,8454.55596296296,126.9691059799986,0.0,0.0
2025-01-03,63,warmup,0.9549,758.835,813.4499999999999,1185.9233333333334,836.5749999999999,349.34833333333347,0.0,0.0,0.0,403.96333333333337,8454.55596296296,8454.55596296296,333.59272350000015,0.0,0.0
2025-01-03,64,warmup,0.9839,714.9560333333334,846.1483,1193.1336,836.6437500000001,0.0,0.0,0.0,0.0,131.19226666666657,8454.55596296296,8454.55596296296,0.0,0.0,0.0
2025-01-03,65,warmup,0.799,691.0286833333333,866.0403,1184.0274666666667,846.2285833333334,337.79888333333326,0.0,0.0,0.0,512.8104999999999,8454.55596296296,8454.55596296296,269.90130778333327,0.0,0.0
2025-01-03,66,warmup,0.5025,707.9533333333334,864.9562500000001,1164.7416666666666,879.59375,1118.4812499999998,0.0,0.0,0.0,1275.4841666666666,8454.55596296296,8454.55596296296,562.0368281249998,0.0,0.0
2025-01-03,67,warmup,0.4662,729.41995,885.9791833333334,1150.8726,898.2831666666666,1085.9227666666666,0.0,0.0,0.0,1242.482,8454.55596296296,8454.55596296296,506.25719381999994,0.0,0.0
2025-01-03,68,warmup,0.5007,726.0421333333334,918.99325,1153.1421,894.8198333333333,1091.6556,0.0,0.0,0.0,1284.6067166666667,8454.55596296296,8454.55596296296,546.59195892,0.0,0.0
2025-01-03,69,warmup,0.4827,715.375,955.3125,1175.575,888.3312500000001,1120.5770833333333,0.0,0.0,0.0,1360.5145833333333,8454.55596296296,8454.55596296296,540.902558125,0.0,2.2737367544323206e-13
2025-01-03,70,warmup,0.4785,738.6277,997.35835,1204.0395333333333,902.1055166666666,1135.26735,0.0,0.0,0.0,1393.998,8454.55596296296,8454.55596296296,543.225426975,0.0,0.0
2025-01-03,71,warmup,0.4662,754.7856166666667,1030.3739,1176.9122833333333,904.8863666666666,1105.35925,0.0,0.0,0.0,1380.9475333333335,8454.55596296296,8454.55596296296,515.31848235,0.0,0.0
2025-01-03,72,warmup,0.4432,734.4033333333333,1038.68125,1104.6466666666668,888.0500000000001,1049.93,0.0,0.0,0.0,1354.2079166666667,8454.55596296296,8454.55596296296,465.328976,0.0,0.0
2025-01-03,73,warmup,0.4411,693.5735166666667,1020.7243333333332,1064.25525,874.8249166666666,1022.7636666666667,0.0,0.0,0.0,1349.9144833333332,8454.55596296296,8454.55596296296,451.1410533666667,0.0,-2.2737367544323206e-13
2025-01-03,74,warmup,0.4551,695.9230666666667,1014.9048,1063.2235833333334,869.8719833333333,1026.6849333333334,0.0,0.0,0.0,1345.6666666666667,8454.55596296296,8454.55596296296,467.24431316000005,0.0,0.0
2025-01-03,75,warmup,0.4463,722.005,1015.9625,1086.18,870.475,1049.0383333333334,0.0,272.71559670782153,0.0,1070.2802366255119,8454.55596296296,8700.0,468.1858081666667,0.0,0.0
2025-01-03,76,warmup,0.4113,692.80085,981.0365833333334,1112.9026333333334,873.7157000000001,1072.5202666666667,0.0,833.3333333333334,0.0,527.4226666666667,8700.0,9450.0,441.12758568,0.0,-2.2737367544323206e-13
2025-01-03,77,warmup,0.5682,666.4078000000001,931.0459833333332,1123.3765,884.69285,1072.0169833333334,0.0,833.3333333333334,0.0,503.3218333333331,9450.0,10200.0,609.12004993,0.0,0.0
2025-01-03,78,warmup,0.8279,668.125,897.3937500000001,1129.3816666666667,898.88125,230.50041666666664,0.0,0.0,0.0,459.7691666666667,10200.0,10200.0,190.8312949583333,0.0,0.0
2025-01-03,79,warmup,0.8636,666.7382166666666,896.1923666666667,1153.9178166666668,902.25435,251.66346666666675,0.0,0.0,0.0,481.1176166666668,10200.0,10200.0,217.33656981333343,0.0,1.1368683772161603e-13
2025-01-03,80,warmup,0.8416,675.4760666666667,906.7330666666668,1141.8495166666667,889.5512666666667,252.29824999999994,0.0,0.0,0.0,483.55525,10200.0,10200.0,212.33420719999995,0.0,0.0
2025-01-03,81,warmup,0.8618,674.615,902.3625,1103.6916666666666,861.36875,242.32291666666663,0.0,0.0,0.0,470.0704166666666,10200.0,10200.0,208.8338895833333,0.0,1.1368683772161603e-13
2025-01-03,82,warmup,0.8623,631.4917833333333,869.7616666666667,1109.1362666666666,826.7602499999999,282.3760166666667,0.0,0.0,0.0,520.6459000000001,10200.0,10200.0,243.4928391716667,0.0,0.0
2025-01-03,83,warmup,0.9026,635.46365,835.16485,1124.2132333333334,812.2506666666667,311.9625666666667,0.0,0.0,0.0,511.6637666666667,10200.0,10200.0,281.57741267333336,0.0,0.0
2025-01-03,84,warmup,0.9754,682.5116666666667,811.75,1128.1216666666667,798.5749999999999,0.0,0.0,0.0,0.0,129.23833333333334,10200.0,10200.0,0.0,0.0,0.0
2025-01-03,85,warmup,1.0002,677.3463,789.3217500000001,1130.9200666666668,740.0843166666667,0.0,0.0,0.0,0.0,111.97545000000002,10200.0,10200.0,0.0,0.0,0.0
2025-01-03,86,warmup,0.9978,655.4356833333333,756.4158000000001,1108.5780166666666,683.8292499999999,0.0,0.0,0.0,0.0,100.98011666666685,10200.0,10200.0,0.0,0.0,0.0
2025-01-03,87,warmup,1.0271,648.6683333333334,714.84375,1086.6216666666667,649.63125,0.0,0.0,0.0,0.0,66.17541666666659,10200.0,10200.0,0.0,0.0,0.0
2025-01-03,88,warmup,1.0906,650.14445,672.6457833333333,1116.5649,612.0712,0.0,0.0,0.0,0.0,22.501333333333264,10200.0,10200.0,0.0,0.0,0.0
2025-01-03,89,warmup,0.9376,648.44385,611.12495,1124.2048166666666,568.6041666666666,0.00013375533214738064,0.0,0.0,37.31876624466781,0.0,10200.0,10158.53470417259,0.0001254089994213841,0.0,0.0
2025-01-03,90,warmup,0.6694,633.4566666666666,543.7375000000001,1103.5233333333333,523.3625000000001,1413.4941666666666,0.0,0.0,0.0,1323.775,10158.53470417259,10158.53470417259,946.1929951666666,0.0,0.0
2025-01-03,91,warmup,0.66,608.3562166666667,504.37115,1114.42305,479.6929666666667,1468.0634166666669,0.0,0.0,0.0,1364.0783500000002,10158.53470417259,10158.53470417259,968.9218550000002,0.0,0.0
2025-01-03,92,warmup,0.7217,618.06835,455.1596833333333,1085.0556666666666,436.3165833333333,1482.0724166666669,0.0,0.0,0.0,1319.1637500000002,10158.53470417259,10158.53470417259,1069.6116631083335,0.0,0.0
2025-01-03,93,warmup,0.7308,643.4883333333333,395.7625,1036.7983333333334,393.33125,1476.800416666667,0.0,117.41104938271747,0.0,1111.663533950616,10158.53470417259,10264.204648617037,1079.2457445000002,0.0,0.0
2025-01-03,94,warmup,0.7534,622.6913000000001,361.9624833333333,1067.7117166666667,353.22523333333334,1309.8146515366268,0.0,595.3281682032926,0.0,453.75766666666743,10264.204648617037,10800.0,986.8143584676945,0.0,-2.2737367544323206e-13
2025-01-03,95,warmup,0.7823,616.6646166666667,313.0255833333333,1079.0997,317.45385,761.64585,0.0,0.0,-0.0,458.0068166666666,10800.0,10800.0,595.835548455,0.0,1.1368683772161603e-13
2025-01-03,96,warmup,0.8055,636.1999999999999,246.69375,1048.3733333333332,277.09999999999997,771.2733333333333,0.0,0.0,1.8417267710901796e-13,381.7670833333336,10800.0,10800.0,621.26067,0.0,5.684341886080802e-14
2025-01-03,97,warmup,0.8271,625.32535,203.82881666666665,1051.2218333333333,221.01760000000002,830.2042333333333,0.0,0.0,1.7266188478970432e-13,408.7077000000001,10800.0,10800.0,686.6619213899999,0.0,1.7053025658242404e-13
2025-01-03,98,warmup,0.8519,588.8597333333333,165.86763333333332,1052.0362,168.58335,883.45285,0.0,0.0,2.1870505406695882e-13,460.4607500000002,10800.0,10800.0,752.613482915,0.0,1.1368683772161603e-13
2025-01-03,99,warmup,0.8791,567.71,120.89375,1039.8799999999999,126.28750000000001,913.5924999999999,0.0,0.0,-0.0,466.77624999999983,10800.0,10800.0,803.1391667499998,0.0,5.684341886080802e-14
2025-01-03,100,warmup,0.9024,590.6936,76.87588333333333,1046.0812833333332,82.42743333333333,963.6538499999999,0.0,0.0,3.6870506647801445e-14,449.83613333333335,10800.0,10800.0,869.6012342399999,0.0,0.0
2025-01-03,101,warmup,0.9163,564.2552666666667,33.3696,1055.9239666666667,35.64405,1020.2799166666667,0.0,0.0,-0.0,489.39425000000006,10800.0,10800.0,934.8824876416668,0.0,1.1368683772161603e-13
2025-01-03,102,warmup,0.9264,499.42333333333335,1.625,1052.9583333333333,1.1125,1051.8458333333333,0.0,0.0,-0.0,554.0474999999999,10800.0,10800.0,974.42998,0.0,0.0
2025-01-03,103,warmup,0.9462,499.08248333333336,0.0,1035.95475,0.0,1035.95475,0.0,0.0,-0.0,536.8722666666667,10800.0,10800.0,980.2203844500001,0.0,0.0
2025-01-03,104,warmup,0.9742,496.13416666666666,0.96115,1022.8493,1.1207666666666667,1021.7285333333333,0.0,0.0,-0.0,526.5555166666667,10800.0,10800.0,995.3679371733333,0.0,-1.1368683772161603e-13
2025-01-03,105,warmup,0.9862,474.5366666666666,0.0,1030.8716666666667,0.0,1030.8716666666667,0.0,0.0,-0.0,556.335,10800.0,10800.0,1016.6456376666666,0.0,0.0
2025-01-03,106,warmup,0.976,488.4798666666666,0.0,1045.9988666666666,0.0,1045.9988666666666,0.0,0.0,0.0,557.519,10800.0,10800.0,1020.8948938666665,0.0,0.0
2025-01-03,107,warmup,1.0742,495.1238666666666,0.0689999999999999,958.2307500000001,0.08046666666666667,958.1502833333334,0.0,0.0,2.0593006987146276e-13,463.09541666666706,10800.0,10800.0,1029.2450343566668,0.0,-5.684341886080802e-14
2025-01-03,108,warmup,1.2313,476.50500000000005,0.0,804.215,0.0,804.215,0.0,0.0,0.0,327.71,10800.0,10800.0,990.2299295000001,0.0,0.0
2025-01-03,109,warmup,1.2561,461.3111,0.0,743.7868,0.0,743.7868,0.0,0.0,0.0,282.47569999999996,10800.0,10800.0,934.27059948,0.0,0.0
2025-01-03,110,warmup,1.2447,463.1184666666666,0.00495,747.9326666666666,0.005783333333333334,747.9268833333333,0.0,0.0,2.3021584638627244e-14,284.8133666666667,10800.0,10800.0,930.9445916849999,0.0,0.0
2025-01-03,111,warmup,1.2545,468.3133333333333,0.0,755.225,0.0,755.225,0.0,0.0,0.0,286.91166666666675,10800.0,10800.0,947.4297625,0.0,0.0
2025-01-03,112,warmup,1.2522,451.9949666666666,0.0,738.8777833333334,0.0,738.8777833333334,0.0,0.0,-0.0,286.88281666666677,10800.0,10800.0,925.22276029,0.0,0.0
2025-01-03,113,warmup,1.2881,434.9132666666667,0.00035,741.03175,0.0004166666666666667,219.5840500000004,0.0,0.0,215.32886666666627,0.0,10800.0,10560.745703703704,282.8462148050005,0.0,0.0
2025-01-03,114,warmup,1.3466,434.82,0.0,753.7816666666666,0.0,0.0,0.0,0.0,434.82,0.0,10560.745703703704,10077.61237037037,0.0,0.0,0.0
2025-01-03,115,warmup,1.3523,448.21465,0.0,727.5680166666666,0.0,0.0,0.0,0.0,448.21465,0.0,10077.61237037037,9579.596092592592,0.0,0.0,0.0
2025-01-03,116,warmup,1.3445,447.51981666666666,0.0,712.1621166666667,0.0,0.0,0.0,0.0,447.51981666666666,0.0,9579.596092592592,9082.35185185185,0.0,0.0,0.0
2025-01-03,117,warmup,1.3483,451.26666666666665,0.0,727.6233333333333,0.0,0.0,0.0,0.0,451.26666666666665,0.0,9082.35185185185,8580.944444444443,0.0,0.0,0.0
2025-01-03,118,warmup,1.349,498.0395333333333,0.0,743.2633166666666,0.0,0.0,0.0,0.0,498.0395333333333,0.0,8580.944444444443,8027.567185185184,0.0,0.0,0.0
2025-01-03,119,warmup,1.3473,503.7479166666667,0.0,747.32795,0.0,0.0,0.0,0.0,503.7479166666667,0.0,8027.567185185184,7467.847277777776,0.0,0.0,0.0
2025-01-03,120,warmup,1.3482,466.3433333333333,0.0,751.5433333333334,0.0,0.0,0.0,0.0,466.3433333333333,0.0,7467.847277777776,6949.688018518516,0.0,0.0,0.0
2025-01-03,121,warmup,1.3513,466.8901666666666,0.0,770.4769166666666,0.0,0.0,0.0,0.0,466.8901666666666,0.0,6949.688018518516,6430.921166666664,0.0,0.0,0.0
2025-01-03,122,warmup,1.34,468.33415,0.0,760.1001,0.0,0.0,0.0,0.0,468.33415,0.0,6430.921166666664,5910.549888888887,0.0,0.0,0.0
2025-01-03,123,warmup,1.3489,461.0333333333333,0.0,720.5766666666667,0.0,0.0,0.0,0.0,461.0333333333333,0.0,5910.549888888887,5398.290629629628,0.0,0.0,0.0
2025-01-03,124,warmup,1.3952,477.62715,0.0,704.1293000000001,0.0,0.0,0.0,0.0,477.62715,0.0,5398.290629629628,4867.593796296294,0.0,0.0,0.0
2025-01-03,125,warmup,1.2226,488.6862,0.0,733.0050833333333,0.0,733.0050833333333,0.0,0.0,0.0,244.31888333333336,4867.593796296294,4867.593796296294,896.1720148833333,0.0,0.0
2025-01-03,126,warmup,0.9332,483.95,0.0,774.7116666666667,0.0,774.7116666666667,0.0,0.0,0.0,290.7616666666667,4867.593796296294,4867.593796296294,722.9609273333334,0.0,0.0
2025-01-03,127,warmup,0.9068,479.34768333333335,0.0,772.2666666666668,0.0,772.2666666666668,0.0,0.0,0.0,292.9189833333334,4867.593796296294,4867.593796296294,700.2914133333335,0.0,0.0
2025-01-03,128,warmup,0.9371,456.58206666666666,0.0,756.4289666666667,0.0,756.4289666666667,0.0,0.0,0.0,299.84690000000006,4867.593796296294,4867.593796296294,708.8495846633334,0.0,0.0
2025-01-03,129,warmup,0.9371,441.1266666666667,0.0,764.8116666666666,0.0,764.8116666666666,0.0,0.0,0.0,323.6849999999999,4867.593796296294,4867.593796296294,716.7050128333333,0.0,0.0
2025-01-03,130,warmup,0.9871,475.7172166666667,0.0,792.1586333333333,0.0,792.1586333333333,0.0,0.0,0.0,316.44141666666667,4867.593796296294,4867.593796296294,781.9397869633333,0.0,0.0
2025-01-03,131,warmup,0.7764,466.8642333333333,0.0,731.3947166666667,0.0,731.3947166666667,0.0,0.0,0.0,264.5304833333334,4867.593796296294,4867.593796296294,567.85485802,0.0,0.0
2025-01-03,132,warmup,0.4209,413.5733333333333,0.0,615.9116666666666,0.0,615.9116666666666,0.0,0.0,0.0,202.3383333333333,4867.593796296294,4867.593796296294,259.2372205,0.0,0.0
2025-01-03,133,warmup,0.3859,408.95865,0.0,591.5881,0.0,591.5881,0.0,0.0,0.0,182.62945000000008,4867.593796296294,4867.593796296294,228.29384779000003,0.0,0.0
2025-01-03,134,warmup,0.4368,416.0794,0.0,594.7760999999999,0.0,594.7760999999999,0.0,0.0,0.0,178.6966999999999,4867.593796296294,4867.593796296294,259.79820048,0.0,0.0
2025-01-03,135,warmup,0.4198,410.3433333333333,0.0,587.8716666666667,0.0,587.8716666666667,0.0,0.0,0.0,177.52833333333336,4867.593796296294,4867.593796296294,246.78852566666666,0.0,0.0
2025-01-03,136,warmup,0.4186,409.15795,0.0,596.2832333333333,0.0,596.2832333333333,0.0,0.0,0.0,187.1252833333333,4867.593796296294,4867.593796296294,249.60416147333333,0.0,0.0
2025-01-03,137,warmup,0.4241,413.0683333333333,0.0,579.7073333333334,0.0,579.7073333333334,0.0,0.0,0.0,166.63900000000007,4867.593796296294,4867.593796296294,245.85388006666668,0.0,0.0
2025-01-03,138,warmup,0.4237,421.9066666666667,0.0,553.9350000000001,0.0,553.9350000000001,0.0,0.0,0.0,132.02833333333336,4867.593796296294,4867.593796296294,234.70225950000003,0.0,0.0
2025-01-03,139,warmup,0.4248,436.45973333333336,0.0,579.7343833333333,0.0,579.7343833333333,0.0,0.0,0.0,143.27464999999995,4867.593796296294,4867.593796296294,246.27116604,0.0,0.0
2025-01-03,140,warmup,0.424,445.81815,0.0,606.82325,0.0,606.82325,0.0,0.0,0.0,161.00510000000003,4867.593796296294,4867.593796296294,257.29305800000003,0.0,0.0
2025-01-03,141,warmup,0.422,448.1566666666667,0.0,616.8266666666667,0.0,616.8266666666667,0.0,0.0,0.0,168.67000000000002,4867.593796296294,4867.593796296294,260.30085333333335,0.0,0.0
2025-01-03,142,warmup,0.424,452.06315,0.0,628.2881666666666,0.0,628.2881666666666,0.0,0.0,0.0,176.2250166666666,4867.593796296294,4867.593796296294,266.3941826666666,0.0,0.0
2025-01-03,143,warmup,0.4271,459.1861333333333,0.0,571.3670000000001,0.0,571.3670000000001,0.0,0.0,0.0,112.18086666666676,4867.593796296294,4867.593796296294,244.03084570000001,0.0,0.0
2025-01-03,144,warmup,0.4276,460.59,0.0,486.52,0.0,486.52,0.0,0.0,0.0,25.930000000000007,4867.593796296294,4867.593796296294,208.03595199999998,0.0,0.0
2025-01-04,1,warmup,0.4248,449.46571666666665,0.0,492.39181666666667,0.0,1325.72515,0.0,833.3333333333353,0.0,42.92609999999809,4867.593796296294,5617.593796296296,563.16804372,0.0,0.0
2025-01-04,2,warmup,0.4245,459.69795,0.0,493.43503333333337,0.0,1326.7683666666667,0.0,833.3333333333333,0.0,33.73708333333343,5617.593796296296,6367.593796296296,563.2131716499999,0.0,0.0
2025-01-04,3,warmup,0.4269,474.4666666666667,0.0,459.41833333333335,0.0,1292.7516666666668,15.048333333333176,833.3333333333333,0.0,0.0,6367.593796296296,7117.593796296296,551.8756865,32.12066749999966,0.0
2025-01-04,4,warmup,0.4272,443.8067,0.0,454.1775666666667,0.0,1287.5109,0.0,833.3333333333333,0.0,10.370866666666757,7117.593796296296,7867.593796296296,550.02465648,0.0,0.0
2025-01-04,5,warmup,0.4271,426.70458333333335,0.0,439.95568333333335,0.0,1273.2890166666666,0.0,833.3333333333333,0.0,13.251099999999951,7867.593796296296,8617.593796296296,543.8217390183332,0.0,0.0
2025-01-04,6,warmup,0.4285,456.285,0.0,430.6266666666667,0.0,1188.8557818930062,25.658333333333417,758.2291152263396,0.0,0.0,8617.593796296296,9300.000000000002,509.4247025411532,54.972979166666846,-1.1368683772161603e-13
2025-01-04,7,warmup,0.4311,501.7836333333333,0.0,483.7801833333333,0.0,483.7801833333333,18.003449999999987,0.0,-0.0,0.0,9300.000000000002,9300.000000000002,208.55763703499997,38.80643647499997,0.0
2025-01-04,8,warmup,0.4302,496.28636666666665,0.0,521.8418333333333,0.0,521.8418333333333,0.0,25.555466666666632,0.0,0.0,9300.000000000002,9322.999920000002,224.4963567,0.0,0.0
2025-01-04,9,warmup,0.4279,462.8683333333333,0.0,509.47,0.0,1342.8033333333333,0.0,807.7778666666665,0.0,72.15713333333349,9322.999920000002,10050.000000000002,574.5855463333334,0.0,0.0
2025-01-04,10,warmup,0.4312,484.0436833333333,0.0,487.25686666666667,0.0,487.25686666666667,0.0,0.0,0.0,3.2131833333333475,10050.000000000002,10050.000000000002,210.10516090666667,0.0,0.0
2025-01-04,11,warmup,0.4333,490.6734333333333,0.0,490.10921666666667,0.0,490.10921666666667,0.5642166666666526,0.0,-0.0,0.0,10050.000000000002,10050.000000000002,212.36432358166667,1.222375408333303,0.0
2025-01-04,12,warmup,0.4311,473.23333333333335,0.0,507.86833333333334,0.0,507.86833333333334,0.0,0.0,0.0,34.63499999999999,10050.000000000002,10050.000000000002,218.9420385,0.0,0.0
2025-01-04,13,warmup,0.4293,493.5947166666666,0.0,500.10395,0.0,500.10395,0.0,0.0,0.0,6.509233333333384,10050.000000000002,10050.000000000002,214.69462573500002,0.0,0.0
2025-01-04,14,warmup,0.4324,507.4181,0.0,476.75458333333336,0.0,476.75458333333336,30.663516666666624,0.0,-0.0,0.0,10050.000000000002,10050.000000000002,206.14868183333334,66.29452303333323,0.0
2025-01-04,15,warmup,0.4367,502.92,0.0,466.68333333333334,0.0,466.68333333333334,36.23666666666668,0.0,-0.0,0.0,10050.000000000002,10050.000000000002,203.80061166666667,79.12276166666669,0.0
2025-01-04,16,warmup,0.4348,514.7361833333333,0.0,492.21538333333336,0.0,492.21538333333336,22.52079999999995,0.0,-0.0,0.0,10050.000000000002,10050.000000000002,214.01524867333336,48.96021919999989,0.0
2025-01-04,17,warmup,0.4335,523.4828,0.0,526.83435,0.0,526.83435,0.0,0.0,0.0,3.3515499999999747,10050.000000000002,10050.000000000002,228.38269072499997,0.0,0.0
2025-01-04,18,warmup,0.4357,520.01,0.0,549.0,0.0,549.0,0.0,0.0,0.0,28.99000000000001,10050.000000000002,10050.000000000002,239.1993,0.0,0.0
2025-01-04,19,warmup,0.4374,518.6503,0.0,557.7891666666667,0.0,557.7891666666667,0.0,0.0,0.0,39.13886666666667,10050.000000000002,10050.000000000002,243.97698150000002,0.0,0.0
2025-01-04,20,warmup,0.4371,529.0792833333334,0.0,565.0962833333333,0.0,565.0962833333333,0.0,0.0,0.0,36.01699999999994,10050.000000000002,10050.000000000002,247.00358544499997,0.0,0.0
2025-01-04,21,warmup,0.4356,537.1383333333333,0.0,571.1033333333334,0.0,571.1033333333334,0.0,0.0,0.0,33.96500000000003,10050.000000000002,10050.000000000002,248.772612,0.0,0.0
2025-01-04,22,warmup,0.4353,523.4585333333333,0.0,562.64675,0.0,562.64675,0.0,0.0,0.0,39.188216666666676,10050.000000000002,10050.000000000002,244.92013027500002,0.0,0.0
2025-01-04,23,warmup,0.436,533.9196000000001,0.0,534.0349333333334,0.0,534.0349333333334,0.0,0.0,0.0,0.11533333333329665,10050.000000000002,10050.000000000002,232.83923093333334,0.0,0.0
2025-01-04,24,warmup,0.4378,550.9366666666666,0.0,525.8566666666667,0.0,525.8566666666667,25.079999999999927,0.0,-0.0,0.0,10050.000000000002,10050.000000000002,230.22004866666668,54.900119999999845,0.0
2025-01-04,25,warmup,0.4401,513.8285166666667,0.0,578.3907166666667,0.0,578.3907166666667,0.0,0.0,0.0,64.56219999999996,10050.000000000002,10050.000000000002,254.549754405,0.0,0.0
2025-01-04,26,warmup,0.4389,504.93638333333337,0.0,561.9044333333333,0.0,561.9044333333333,0.0,0.0,0.0,56.96804999999989,10050.000000000002,10050.000000000002,246.61985578999997,0.0,0.0
2025-01-04,27,warmup,0.4364,536.6750000000001,0.0,490.93,0.0,490.93,45.74500000000006,0.0,-0.0,0.0,10050.000000000002,10050.000000000002,214.241852,99.81559000000013,0.0
2025-01-04,28,warmup,0.4393,540.0349333333334,0.0,512.4968166666666,0.0,512.4968166666666,27.538116666666724,0.0,-0.0,0.0,10050.000000000002,10050.000000000002,225.13985156166666,60.487473258333466,0.0
2025-01-04,29,warmup,0.4422,544.7534333333333,0.0,557.1438333333333,0.0,557.1438333333333,0.0,0.0,0.0,12.3904,10050.000000000002,10050.000000000002,246.3690031,0.0,0.0
2025-01-04,30,warmup,0.4395,565.4033333333333,0.0,556.9250000000001,0.0,556.9250000000001,8.47833333333324,0.0,-0.0,0.0,10050.000000000002,10050.000000000002,244.76853750000004,18.63113749999979,0.0
2025-01-04,31,warmup,0.4333,577.4903666666667,0.0003666666666666,521.7394,0.00031666666666666665,521.7390833333334,55.75091666666661,0.0,-0.0,0.0,10050.000000000002,10050.000000000002,226.06954480833338,120.78436095833322,0.0
2025-01-04,32,warmup,0.4439,565.6305333333333,0.0,537.3937833333333,0.0,537.3937833333333,28.23675000000003,0.0,-0.0,0.0,10050.000000000002,10050.000000000002,238.54910042166668,62.671466625000065,0.0
2025-01-04,33,warmup,0.4301,546.5266666666666,0.0,601.3083333333333,0.0,601.3083333333333,0.0,54.78166666666664,0.0,0.0,10050.000000000002,10099.303500000002,258.62271416666664,0.0,0.0
2025-01-04,34,warmup,0.3713,552.1815,0.0052,622.2831833333333,0.004516666666666666,1455.612,0.0,778.5516666666666,0.0,124.88403333333338,10099.303500000002,10800.000000000002,540.4687356000001,0.0,1.1368683772161603e-13
2025-01-04,35,warmup,0.5708,559.3708166666667,0.0,583.8953,0.0,583.8953,0.0,0.0,1.6370904631912707e-12,24.524483333335002,10800.000000000002,10800.0,333.28743724,0.0,-4.618527782440651e-14
2025-01-04,36,warmup,0.9099,553.65,0.0,542.7966666666667,0.0,0.0,0.0,0.0,553.65,0.0,10800.0,10184.833333333334,0.0,0.0,0.0
2025-01-04,37,warmup,0.9368,546.9321666666666,0.0725333333333333,570.2083333333334,0.06286666666666667,0.0,0.0,0.0,546.8596333333332,0.0,10184.833333333334,9577.21151851852,0.0,0.0,0.0
2025-01-04,38,warmup,0.8758,562.7097333333334,0.0,586.61005,0.0,0.0,0.0,0.0,562.7097333333334,0.0,9577.21151851852,8951.978481481483,0.0,0.0,0.0
2025-01-04,39,warmup,0.8759,576.7116666666667,0.0,560.9833333333333,0.0,0.0,0.0,0.0,576.7116666666667,0.0,8951.978481481483,8311.187740740743,0.0,0.0,0.0
2025-01-04,40,warmup,0.8601,548.6189166666667,1.0103666666666666,545.6809999999999,0.8755833333333333,0.0,0.0,0.0,547.60855,0.0,8311.187740740743,7702.733796296298,0.0,0.0,0.0
2025-01-04,41,warmup,0.8442,569.9849833333334,0.0,577.0283166666667,0.0,0.0,0.0,0.0,569.9849833333334,0.0,7702.733796296298,7069.41714814815,0.0,0.0,0.0
2025-01-04,42,warmup,0.8334,639.37,2.60625,631.2016666666667,1.6937499999999999,0.0,0.0,0.0,636.76375,0.0,7069.41714814815,6361.901870370372,0.0,0.0,0.0
2025-01-04,43,warmup,0.8092,658.5286166666666,38.14045,649.1770333333333,31.512733333333333,0.0,0.0,0.0,620.3881666666666,0.0,6361.901870370372,5672.581685185187,0.0,0.0,0.0
2025-01-04,44,warmup,0.7972,646.802,83.68773333333333,650.8262166666667,73.67421666666667,0.0,0.0,0.0,563.1142666666667,0.0,5672.581685185187,5046.899166666668,0.0,0.0,0.0
2025-01-04,45,warmup,0.7644,625.8083333333333,127.9625,652.3216666666666,117.24374999999999,0.0,0.0,0.0,497.8458333333333,0.0,5046.899166666668,4493.7371296296305,0.0,0.0,0.0
2025-01-04,46,warmup,0.6899,599.1856833333333,177.08365,649.5451166666667,162.0594,467.1112806034906,0.0,0.0,0.0,45.009247270157374,4493.7371296296305,4493.7371296296305,322.26007248834816,0.0,2.842170943040401e-14
2025-01-04,47,warmup,0.86,609.6268833333334,226.83293333333333,653.0534666666666,206.98041666666666,0.0,0.0,0.0,382.79395,0.0,4493.7371296296305,4068.4105185185194,0.0,0.0,0.0
2025-01-04,48,warmup,1.1617,640.1816666666667,270.18125000000003,670.93,254.88125,0.0,0.0,0.0,370.0004166666667,0.0,4068.4105185185194,3657.298944444445,0.0,0.0,0.0
2025-01-04,49,warmup,1.1683,630.28315,305.65793333333335,691.0543833333332,307.75635,0.0,0.0,0.0,324.62521666666663,0.0,3657.298944444445,3296.60425925926,0.0,0.0,0.0
2025-01-04,50,warmup,1.0956,621.3094,352.7479333333333,651.0169500000001,347.85948333333334,0.0,0.0,0.0,268.56146666666666,0.0,3296.60425925926,2998.2026296296303,0.0,0.0,0.0
2025-01-04,51,warmup,1.0849,624.7283333333334,406.4625,587.37,382.15625,0.0,0.0,0.0,218.26583333333338,0.0,2998.2026296296303,2755.6850370370375,0.0,0.0,0.0
2025-01-04,52,warmup,1.061,619.6784333333334,444.75925,614.941,436.74098333333336,0.0,0.0,0.0,174.91918333333336,0.0,2755.6850370370375,2561.3303888888895,0.0,0.0,0.0
2025-01-04,53,warmup,1.043,675.15125,494.40153333333336,714.1223833333333,495.9123833333333,0.0,0.0,0.0,180.74971666666664,0.0,2561.3303888888895,2360.497370370371,0.0,0.0,0.0
2025-01-04,54,warmup,1.036,758.565,553.03125,792.2566666666667,543.875,0.0,0.0,0.0,205.53375000000005,0.0,2360.497370370371,2132.1265370370375,0.0,0.0,0.0
2025-01-04,55,warmup,1.0147,757.9913,588.73325,765.2096333333334,578.5894,0.0,0.0,0.0,169.25805000000003,0.0,2132.1265370370375,1944.0620370370375,0.0,0.0,0.0
2025-01-04,56,warmup,0.9922,739.2537000000001,617.4463833333333,731.9297,610.2687,0.0,0.0,0.0,121.8073166666668,0.0,1944.0620370370375,1808.7205740740744,0.0,0.0,0.0
2025-01-04,57,warmup,0.97,734.8766666666667,655.81875,749.3733333333333,651.0,0.0,0.0,0.0,79.05791666666664,0.0,1808.7205740740744,1720.8784444444448,0.0,0.0,0.0
2025-01-04,58,warmup,0.9422,716.0603666666666,702.2948,778.8889333333333,706.2720666666668,0.0,0.0,0.0,13.765566666666587,0.0,1720.8784444444448,1705.5833703703709,0.0,0.0,0.0
2025-01-04,59,warmup,0.9569,722.68055,731.0446000000001,756.3689666666668,759.8901333333333,0.0,0.0,0.0,0.0,8.36405000000002,1705.5833703703709,1705.5833703703709,0.0,0.0,0.0
2025-01-04,60,warmup,0.9977,756.8083333333334,748.7937499999999,708.915,799.875,0.0,0.0,0.0,8.014583333333462,0.0,1705.5833703703709,1696.678277777778,0.0,0.0,0.0
2025-01-04,61,warmup,0.9919,771.0178333333333,790.0407,725.8533000000001,822.2695833333333,0.0,0.0,0.0,0.0,19.022866666666687,1696.678277777778,1696.678277777778,0.0,0.0,0.0
2025-01-04,62,warmup,0.9588,745.5898333333333,846.10415,760.2572833333334,818.2747166666667,0.0,0.0,0.0,0.0,100.51431666666667,1696.678277777778,1696.678277777778,0.0,0.0,0.0
2025-01-04,63,warmup,0.9549,721.1983333333333,890.5,758.835,813.4499999999999,0.0,0.0,0.0,0.0,169.30166666666673,1696.678277777778,1696.678277777778,0.0,0.0,0.0
2025-01-04,64,warmup,0.9839,752.93935,903.7317833333332,714.9560333333334,846.1483,0.0,0.0,0.0,0.0,150.79243333333318,1696.678277777778,1696.678277777778,0.0,0.0,0.0
2025-01-04,65,warmup,0.799,747.5828166666666,919.1420166666668,691.0286833333333,866.0403,0.0,0.0,171.55920000000015,0.0,0.0,1696.678277777778,1851.0815577777782,0.0,0.0,0.0
2025-01-04,66,warmup,0.5025,697.0300000000001,950.35,707.9533333333334,864.9562500000001,0.0,0.0,253.31999999999994,0.0,0.0,1851.0815577777782,2079.0695577777783,0.0,0.0,0.0
2025-01-04,67,warmup,0.4662,691.2403666666668,983.1354,729.41995,885.9791833333334,676.7741,0.0,623.3260807862027,0.0,345.34305254713047,2079.0695577777783,2640.0630304853607,315.51208542,0.0,0.0
2025-01-04,68,warmup,0.5007,720.9482166666667,1022.8345666666668,726.0421333333334,918.99325,155.7715327940405,0.0,457.6578827940406,0.0,0.0,2640.0630304853607,3051.955124999997,77.99480646997608,0.0,1.1368683772161603e-13
2025-01-04,69,warmup,0.4827,744.29,1054.8625,715.375,955.3125,593.3958333333334,0.0,724.3981,0.0,179.57023333333336,3051.955124999997,3703.9134149999973,286.43216875,0.0,-1.1368683772161603e-13
2025-01-04,70,warmup,0.4785,731.8109166666667,1052.8346833333333,738.6277,997.35835,574.6026833333334,0.0,833.3333333333333,0.0,62.29311666666672,3703.9134149999973,4453.913414999997,274.94738397500004,0.0,-1.1368683772161603e-13
2025-01-04,71,warmup,0.4662,726.63145,1043.4103,754.7856166666667,1030.3739,557.74505,0.0,833.3333333333333,0.0,41.19056666666677,4453.913414999997,5203.913414999997,260.02074231,0.0,0.0
2025-01-04,72,warmup,0.4432,725.7383333333333,1056.51875,734.4033333333333,1038.6812499999999,529.0554166666668,0.0,833.3333333333333,0.0,26.50250000000017,5203.913414999997,5953.913414999997,234.47736066666673,0.0,0.0
2025-01-04,73,warmup,0.4411,689.4174666666667,1094.4212166666666,693.5735166666667,1020.7243333333332,506.18251666666686,0.0,833.3333333333333,0.0,77.85293333333357,5953.913414999997,6703.913414999997,223.27710810166676,0.0,-1.1368683772161603e-13
2025-01-04,74,warmup,0.4551,684.4192166666667,1093.4423166666668,695.9230666666667,1014.9047999999999,514.3516000000002,0.0,833.3333333333333,0.0,90.04136666666705,6703.913414999997,7453.913414999997,234.0814131600001,0.0,0.0
2025-01-04,75,warmup,0.4463,710.9499999999999,1056.95625,722.005,1015.9625,539.3758333333334,0.0,833.3333333333333,0.0,52.048750000000155,7453.913414999997,8203.913414999997,240.7234344166667,0.0,-1.1368683772161603e-13
2025-01-04,76,warmup,0.4113,699.3429666666666,1042.9217333333331,692.80085,981.0365833333334,545.0975999999999,0.0,833.3333333333333,0.0,55.34303333333321,8203.913414999997,8953.913414999997,224.19864287999997,0.0,1.1368683772161603e-13
2025-01-04,77,warmup,0.5682,674.8715666666667,997.8878,666.4078000000001,931.0459833333333,0.0,0.0,323.0162333333333,0.0,0.0,8953.913414999997,9244.628024999996,0.0,0.0,0.0
2025-01-04,78,warmup,0.8279,664.035,929.175,668.125,897.3937500000001,0.0,0.0,170.89070000000194,0.0,94.24929999999804,9244.628024999996,9398.429654999998,0.0,0.0,0.0
2025-01-04,79,warmup,0.8636,673.6101166666666,907.5861666666666,666.7382166666666,896.1923666666667,0.0,0.0,233.97605,0.0,0.0,9398.429654999998,9609.008099999997,0.0,0.0,0.0
2025-01-04,80,warmup,0.8416,721.9934499999999,900.4968833333334,675.4760666666667,906.7330666666667,0.0,0.0,178.50343333333342,0.0,0.0,9609.008099999997,9769.661189999997,0.0,0.0,0.0
2025-01-04,81,warmup,0.8618,747.5933333333334,866.7875,674.615,902.3625000000001,0.0,0.0,119.19416666666666,0.0,0.0,9769.661189999997,9876.935939999998,0.0,0.0,0.0
2025-01-04,82,warmup,0.8623,664.7614166666666,804.32875,631.4917833333333,869.7616666666667,0.0,0.0,139.5673333333334,0.0,0.0,9876.935939999998,10002.546539999998,0.0,0.0,0.0
2025-01-04,83,warmup,0.9026,617.4580833333333,788.7774833333333,635.46365,835.16485,0.0,0.0,171.31939999999997,0.0,0.0,10002.546539999998,10156.733999999997,0.0,0.0,0.0
2025-01-04,84,warmup,0.9754,653.91,805.99375,682.5116666666667,811.75,0.0,0.0,152.08375,0.0,0.0,10156.733999999997,10293.609374999996,0.0,0.0,0.0
2025-01-04,85,warmup,1.0002,681.3982833333333,766.3965833333333,677.3463,789.3217500000001,0.0,0.0,84.99829999999997,0.0,0.0,10293.609374999996,10370.107844999997,0.0,0.0,0.0
2025-01-04,86,warmup,0.9978,662.2560500000001,712.81895,655.4356833333333,756.4158000000001,0.0,0.0,50.56289999999988,0.0,0.0,10370.107844999997,10415.614454999997,0.0,0.0,2.1316282072803006e-14
2025-01-04,87,warmup,1.0271,634.2366666666667,677.1374999999999,648.6683333333334,714.84375,0.0,0.0,42.90083333333328,0.0,0.0,10415.614454999997,10454.225204999997,0.0,0.0,-2.842170943040401e-14
2025-01-04,88,warmup,1.0906,658.7808333333334,645.3267,650.14445,672.6457833333333,0.0,0.0,0.0,13.454133333333402,0.0,10454.225204999997,10439.27616796296,0.0,0.0,0.0
2025-01-04,89,warmup,0.9376,656.9061166666667,601.5671666666666,648.44385,611.12495,0.0,0.0,0.0,55.338950000000075,0.0,10439.27616796296,10377.788445740738,0.0,0.0,0.0
2025-01-04,90,warmup,0.6694,620.4499999999999,547.9,633.4566666666666,543.7375000000001,89.71916666666652,0.0,17.16916666666657,0.0,0.0,10377.788445740738,10393.240695740738,60.05801016666657,0.0,0.0
2025-01-04,91,warmup,0.66,620.8976333333334,498.8593666666666,608.3562166666667,504.37115,150.057782716049,423.93526646090595,451.95478251028817,0.0,0.0,10393.240695740738,10799.999999999998,99.03813659259234,1398.9863793209897,1.1368683772161603e-13
2025-01-04,92,warmup,0.7217,624.0388166666667,448.2545500000001,618.06835,455.1596833333333,162.9086666666667,12.875599999999125,0.0,7.251799161167582e-13,0.0,10799.999999999998,10799.999999999998,117.57118473333337,46.461602599996844,0.0
2025-01-04,93,warmup,0.7308,614.765,397.00625,643.4883333333333,395.7625,247.72583333333336,0.0,0.0,-1.6805756786197888e-12,29.96708333333171,10799.999999999998,10800.0,181.03803900000003,0.0,-8.171241461241152e-14
2025-01-04,94,warmup,0.7534,619.89925,353.0922333333333,622.6913000000001,361.9624833333333,260.7288166666668,6.078199999997528,0.0,2.4526869424335022e-12,0.0,10800.0,10799.999999999998,196.43309047666673,22.89657939999069,1.1368683772161603e-13
2025-01-04,95,warmup,0.7823,645.6968,303.5998,616.6646166666667,313.0255833333333,303.6390333333334,38.45796666666587,0.0,7.955236469570082e-13,0.0,10799.999999999998,10799.999999999998,237.53681577666669,150.42833661666356,0.0
2025-01-04,96,warmup,0.8055,658.4733333333334,249.25,636.1999999999999,246.69375,389.5062499999999,19.71708333333345,0.0,-0.0,0.0,10799.999999999998,10799.999999999998,313.74728437499994,79.41055312500046,0.0
2025-01-04,97,warmup,0.8271,619.46255,204.3166666666667,625.32535,203.82881666666665,421.49653333333333,0.0,0.0,-1.6690648863004754e-12,6.35064999999839,10799.999999999998,10800.0,348.61978272,0.0,-7.993605777301127e-15
2025-01-04,98,warmup,0.8519,602.7172833333333,161.6896,588.8597333333333,165.86763333333332,422.99210000000005,18.03558333333104,0.0,2.1814727801938715e-12,0.0,10800.0,10799.999999999998,360.34696999000005,76.82256720832356,0.0
2025-01-04,99,warmup,0.8791,620.095,117.3375,567.71,120.89375,446.81625,55.94125000000083,0.0,-8.339284818248414e-13,0.0,10799.999999999998,10800.0,392.79616537500004,245.88976437500364,0.0
2025-01-04,100,warmup,0.9024,604.4016666666666,74.65203333333334,590.6936,76.87588333333333,513.8177166666666,15.931916666665494,0.0,1.2431655704858711e-12,0.0,10800.0,10799.999999999998,463.6691075199999,71.8848079999947,0.0
2025-01-04,101,warmup,0.9163,537.80945,32.74105,564.2552666666667,33.3696,530.8856666666667,0.0,0.0,-1.4733814168721438e-12,25.817266666665237,10799.999999999998,10800.0,486.45053636666665,0.0,-3.197442310920451e-14
2025-01-04,102,warmup,0.9264,471.9083333333333,2.25625,499.42333333333335,1.625,497.79833333333335,0.0,0.0,-0.0,28.146250000000045,10800.0,10800.0,461.160376,0.0,2.1316282072803006e-14
2025-01-04,103,warmup,0.9462,479.1987,0.0,499.08248333333336,0.0,499.08248333333336,0.0,0.0,-0.0,19.883783333333383,10800.0,10800.0,472.23184573000003,0.0,0.0
2025-01-04,104,warmup,0.9742,494.3890666666667,0.8452833333333333,496.13416666666666,0.96115,495.1730166666667,0.0,0.0,-3.4532376957940865e-14,1.629233333333303,10800.0,10800.0,482.39755283666665,0.0,-2.7977620220553945e-14
2025-01-04,105,warmup,0.9862,482.665,0.0,474.53666666666663,0.0,474.53666666666663,8.128333333333387,0.0,-0.0,0.0,10800.0,10800.0,467.9880606666666,40.08081166666693,0.0
2025-01-04,106,warmup,0.976,471.033,0.0,488.4798666666666,0.0,488.4798666666666,0.0,0.0,-0.0,17.446866666666608,10800.0,10800.0,476.7563498666666,0.0,0.0
2025-01-04,107,warmup,1.0742,471.0173,0.0606833333333333,495.12386666666663,0.06899999999999999,223.72861666666876,0.0,0.0,247.22799999999643,0.0,10800.0,10525.302222222226,240.3292800233356,0.0,-1.4779288903810084e-12
2025-01-04,108,warmup,1.2313,475.8683333333333,0.0,476.50500000000005,0.0,0.0,0.0,0.0,475.8683333333334,0.0,10525.302222222226,9996.559629629633,0.0,0.0,1.1368683772161603e-13
2025-01-04,109,warmup,1.2561,475.7942166666666,0.0,461.31109999999995,0.0,0.0,0.0,0.0,475.7942166666666,0.0,9996.559629629633,9467.899388888893,0.0,0.0,0.0
2025-01-04,110,warmup,1.2447,500.55575,0.00435,463.1184666666666,0.00495,0.0,0.0,0.0,500.5514,0.0,9467.899388888893,8911.73116666667,0.0,0.0,0.0
2025-01-04,111,warmup,1.2545,521.475,0.0,468.31333333333333,0.0,0.0,0.0,0.0,521.475,0.0,8911.73116666667,8332.314500000004,0.0,0.0,0.0
2025-01-04,112,warmup,1.2522,475.4203,0.0,451.99496666666664,0.0,0.0,0.0,0.0,475.4203,0.0,8332.314500000004,7804.069722222226,0.0,0.0,0.0
2025-01-04,113,warmup,1.2881,432.6125833333333,0.0003166666666666,434.9132666666667,0.00035,0.0,0.0,0.0,432.61226666666664,0.0,7804.069722222226,7323.38942592593,0.0,0.0,0.0
2025-01-04,114,warmup,1.3466,434.9933333333333,0.0,434.82,0.0,0.0,0.0,0.0,434.9933333333333,0.0,7323.38942592593,6840.063500000004,0.0,0.0,0.0
2025-01-04,115,warmup,1.3523,461.89075,0.0,448.21464999999995,0.0,0.0,0.0,0.0,461.89075,0.0,6840.063500000004,6326.85155555556,0.0,0.0,0.0
2025-01-04,116,warmup,1.3445,491.3777333333333,0.0,447.51981666666666,0.0,0.0,0.0,0.0,491.3777333333333,0.0,6326.85155555556,5780.8762962963,0.0,0.0,0.0
2025-01-04,117,warmup,1.3483,495.47,0.0,451.26666666666665,0.0,0.0,0.0,0.0,495.47,0.0,5780.8762962963,5230.354074074078,0.0,0.0,0.0
2025-01-04,118,warmup,1.349,460.3988833333333,0.0,498.03953333333334,0.0,0.0,0.0,0.0,460.3988833333333,0.0,5230.354074074078,4718.799759259264,0.0,0.0,0.0
2025-01-04,119,warmup,1.3473,451.6471666666666,0.0,503.7479166666667,0.0,0.0,0.0,0.0,451.6471666666666,0.0,4718.799759259264,4216.969574074079,0.0,0.0,0.0
2025-01-04,120,warmup,1.3482,478.92333333333335,0.0,466.3433333333333,0.0,0.0,0.0,0.0,478.92333333333335,0.0,4216.969574074079,3684.832537037042,0.0,0.0,0.0
2025-01-04,121,warmup,1.3513,489.2799333333333,0.0,466.89016666666663,0.0,0.0,0.0,0.0,489.2799333333333,0.0,3684.832537037042,3141.188166666672,0.0,0.0,0.0
2025-01-04,122,warmup,1.34,481.7081,0.0,468.33414999999997,0.0,0.0,0.0,0.0,481.7081,0.0,3141.188166666672,2605.9569444444496,0.0,0.0,0.0
2025-01-04,123,warmup,1.3489,467.4533333333333,0.0,461.0333333333333,0.0,0.0,0.0,0.0,467.4533333333333,0.0,2605.9569444444496,2086.5643518518573,0.0,0.0,0.0
2025-01-04,124,warmup,1.3952,460.99605,0.0,477.62715000000003,0.0,0.0,0.0,0.0,460.99605000000014,0.0,2086.5643518518573,1574.3465185185237,0.0,0.0,1.1368683772161603e-13
2025-01-04,125,warmup,1.2226,493.0272166666667,0.0,488.68620000000004,0.0,0.0,156.1153499999954,0.0,336.91186666667124,0.0,1574.3465185185237,1200.0,0.0,954.3331345499719,-5.684341886080802e-14
2025-01-04,126,warmup,0.9332,530.5933333333334,0.0,483.95,0.0,483.95,46.64333333333337,0.0,-0.0,0.0,1200.0,1200.0,451.62214,217.63779333333355,0.0
2025-01-04,127,warmup,0.9068,507.2419833333333,0.0,479.34768333333335,0.0,479.34768333333335,27.89429999999993,0.0,-0.0,0.0,1200.0,1200.0,434.6724792466667,126.47275619999971,0.0
2025-01-04,128,warmup,0.9371,490.1867333333333,0.0,456.58206666666666,0.0,456.58206666666666,33.60466666666662,0.0,-0.0,0.0,1200.0,1200.0,427.86305467333335,157.45466566666644,0.0
2025-01-04,129,warmup,0.9371,508.1133333333333,0.0,441.1266666666667,0.0,441.1266666666667,66.98666666666657,0.0,-0.0,0.0,1200.0,1200.0,413.3797993333334,313.8660266666662,0.0
2025-01-04,130,warmup,0.9871,514.89855,0.0,475.7172166666667,0.0,475.7172166666667,39.18133333333333,0.0,-0.0,0.0,1200.0,1200.0,469.58046457166665,193.37947066666663,0.0
2025-01-04,131,warmup,0.7764,460.3778,0.0,466.8642333333333,0.0,466.8642333333333,0.0,-0.0,0.0,6.486433333333309,1200.0,1200.0,362.47339076,0.0,0.0
2025-01-04,132,warmup,0.4209,395.195,0.0,413.5733333333333,0.0,413.5733333333333,0.0,0.0,0.0,18.37833333333333,1200.0,1200.0,174.073016,0.0,0.0
2025-01-04,133,warmup,0.3859,419.8485666666666,0.0,408.95865000000003,0.0,408.95865000000003,10.88991666666658,0.0,-0.0,0.0,1200.0,1200.0,157.81714303500002,21.012094208333163,0.0
2025-01-04,134,warmup,0.4368,435.6417666666667,0.0,416.0794,0.0,416.0794,19.562366666666662,0.0,-0.0,0.0,1200.0,1200.0,181.74348192000002,42.72420879999999,0.0
2025-01-04,135,warmup,0.4198,417.3466666666666,0.0,410.3433333333333,0.0,410.3433333333333,7.0033333333332735,0.0,-0.0,0.0,1200.0,1200.0,172.26213133333331,14.699996666666543,0.0
2025-01-04,136,warmup,0.4186,431.3325333333333,0.0,409.15795,0.0,409.15795,22.17458333333326,0.0,-0.0,0.0,1200.0,1200.0,171.27351787000003,46.41140291666651,0.0
2025-01-04,137,warmup,0.4241,417.6806166666667,0.0,413.0683333333333,0.0,413.0683333333333,4.61228333333338,0.0,-0.0,0.0,1200.0,1200.0,175.18228016666666,9.780346808333432,0.0
2025-01-04,138,warmup,0.4237,393.4916666666666,0.0,421.9066666666667,0.0,421.9066666666667,0.0,-0.0,0.0,28.415000000000077,1200.0,1200.0,178.7618546666667,0.0,0.0
2025-01-04,139,warmup,0.4248,442.7318833333333,0.0,436.45973333333336,0.0,436.45973333333336,6.272149999999954,0.0,-0.0,0.0,1200.0,1200.0,185.40809472,13.322046599999902,0.0
2025-01-04,140,warmup,0.424,480.42425,0.0,445.81815,0.0,445.81815,34.60609999999997,0.0,-0.0,0.0,1200.0,1200.0,189.0268956,73.36493199999994,0.0
2025-01-04,141,warmup,0.422,456.1483333333333,0.0,448.1566666666667,0.0,448.1566666666667,7.9916666666666165,0.0,-0.0,0.0,1200.0,1200.0,189.12211333333335,16.86241666666656,0.0
2025-01-04,142,warmup,0.424,416.65793333333335,0.0,452.06315,0.0,452.06315,0.0,0.0,0.0,35.40521666666666,1200.0,1200.0,191.6747756,0.0,0.0
2025-01-04,143,warmup,0.4271,477.8123666666667,0.0,459.1861333333333,0.0,459.1861333333333,18.626233333333403,0.0,-0.0,0.0,1200.0,1200.0,196.11839754666664,39.77632128333348,0.0
2025-01-04,144,warmup,0.4276,599.25,0.0,460.59,0.0,460.59,138.66000000000003,0.0,-0.0,0.0,1200.0,1200.0,196.94828399999997,296.45508000000007,0.0
2025-01-05,1,warmup,0.4248,624.85225,0.0,449.46571666666665,0.0,1282.79905,175.38653333333525,833.3333333333353,0.0,0.0,1200.0,1950.0000000000018,544.93303644,372.52099680000407,-1.1368683772161603e-13
2025-01-05,2,warmup,0.4245,622.4207333333333,0.0,459.69795,0.0,1293.0312833333332,162.72278333333327,833.3333333333333,0.0,0.0,1950.0000000000018,2700.000000000002,548.8917797749999,345.37910762499985,-1.1368683772161603e-13
2025-01-05,3,warmup,0.4269,635.4433333333333,0.0,474.4666666666667,0.0,1307.8000000000002,160.97666666666635,833.3333333333333,0.0,0.0,2700.000000000002,3450.000000000002,558.2998200000001,343.6046949999993,1.1368683772161603e-13
2025-01-05,4,warmup,0.4272,633.6038333333333,0.0,443.80670000000003,0.0,1277.1400333333333,189.79713333333325,833.3333333333333,0.0,0.0,3450.000000000002,4200.000000000002,545.59422224,405.40667679999984,0.0
2025-01-05,5,warmup,0.4271,620.4684166666667,0.0,426.70458333333335,0.0,1260.0379166666667,193.7638333333333,833.3333333333333,0.0,0.0,4200.000000000002,4950.000000000002,538.1621942083333,413.78266608333325,1.1368683772161603e-13
2025-01-05,6,warmup,0.4285,616.5916666666667,0.0,456.285,0.0,1289.6183333333333,160.30666666666662,833.3333333333333,0.0,0.0,4950.000000000002,5700.000000000002,552.6014558333334,343.45703333333324,0.0
2025-01-05,7,warmup,0.4311,637.8484333333333,0.0,501.7836333333333,0.0,1168.4503,136.0648,666.6666666666666,0.0,0.0,5700.000000000002,6300.000000000002,503.71892433,293.28767639999995,1.1368683772161603e-13
2025-01-05,8,warmup,0.4302,652.1511333333334,0.0,496.28636666666665,0.0,1329.6197,155.8647666666667,833.3333333333333,0.0,0.0,6300.000000000002,7050.000000000002,572.00239494,335.2651131000001,1.1368683772161603e-13
2025-01-05,9,warmup,0.4279,642.9883333333333,0.0,462.86833333333334,0.0,1296.2016666666668,180.11999999999978,833.3333333333333,0.0,0.0,7050.000000000002,7800.000000000002,554.6446931666667,385.36673999999954,1.1368683772161603e-13
2025-01-05,10,warmup,0.4312,623.8896,0.0,484.0436833333333,0.0,484.0436833333333,139.84591666666665,0.0,-0.0,0.0,7800.000000000002,7800.000000000002,208.71963625333333,301.5077963333333,0.0
2025-01-05,11,warmup,0.4333,617.5666333333334,0.0,490.6734333333333,0.0,490.6734333333333,126.89320000000004,0.0,-0.0,0.0,7800.000000000002,7800.000000000002,212.60879866333335,274.9141178000001,0.0
2025-01-05,12,warmup,0.4311,640.0783333333333,0.0,473.23333333333335,0.0,1306.5666666666666,166.8449999999999,833.3333333333333,0.0,0.0,7800.000000000002,8550.000000000002,563.2608899999999,359.6343974999998,-1.1368683772161603e-13
2025-01-05,13,warmup,0.4293,685.192,0.0,493.59471666666667,0.0,1326.92805,191.59728333333328,833.3333333333333,0.0,0.0,8550.000000000002,9300.000000000002,569.650211865,411.2635686749999,0.0
2025-01-05,14,warmup,0.4324,695.5783333333334,0.0,507.41810000000004,0.0,507.41810000000004,188.16023333333334,0.0,-0.0,0.0,9300.000000000002,9300.000000000002,219.40758644000002,406.80242446666665,0.0
2025-01-05,15,warmup,0.4367,680.6666666666666,0.0,502.92,0.0,502.92,177.7466666666666,0.0,-0.0,0.0,9300.000000000002,9300.000000000002,219.62516399999998,388.10984666666656,0.0
2025-01-05,16,warmup,0.4348,701.0110333333333,0.0,514.7361833333333,0.0,514.7361833333333,186.27485000000001,0.0,-0.0,0.0,9300.000000000002,9300.000000000002,223.80729251333332,404.96152390000003,0.0
2025-01-05,17,warmup,0.4335,706.62255,0.0,523.4828,0.0,523.4828,183.13975000000005,0.0,-0.0,0.0,9300.000000000002,9300.000000000002,226.9297938,396.9554081250001,0.0
2025-01-05,18,warmup,0.4357,680.6533333333333,0.0,520.01,0.0,520.01,160.64333333333332,0.0,-0.0,0.0,9300.000000000002,9300.000000000002,226.568357,349.96150166666655,0.0
2025-01-05,19,warmup,0.4374,663.0113,0.0,518.6503,0.0,518.6503,144.361,0.0,-0.0,0.0,9300.000000000002,9300.000000000002,226.85764122,315.717507,0.0
2025-01-05,20,warmup,0.4371,672.56565,0.0,529.0792833333334,0.0,529.0792833333334,143.48636666666664,0.0,-0.0,0.0,9300.000000000002,9300.000000000002,231.260554745,313.5894543499999,0.0
2025-01-05,21,warmup,0.4356,688.965,0.0,537.1383333333333,0.0,537.1383333333333,151.8266666666667,0.0,-0.0,0.0,9300.000000000002,9300.000000000002,233.97745799999998,330.6784800000001,0.0
2025-01-05,22,warmup,0.4353,678.7183833333333,0.0,523.4585333333333,0.0,523.4585333333333,155.25985000000003,0.0,-0.0,0.0,9300.000000000002,9300.000000000002,227.86149956,337.92306352500003,0.0
2025-01-05,23,warmup,0.436,686.2090666666667,0.0,533.9196000000001,0.0,533.9196000000001,152.2894666666666,0.0,-0.0,0.0,9300.000000000002,9300.000000000002,232.78894560000003,331.9910373333332,0.0
2025-01-05,24,warmup,0.4378,714.1933333333333,0.0,550.9366666666666,0.0,550.9366666666666,163.25666666666666,0.0,-0.0,0.0,9300.000000000002,9300.000000000002,241.20007266666664,357.3688433333333,0.0
2025-01-05,25,warmup,0.4401,713.8311,0.0,513.8285166666667,0.0,513.8285166666667,200.0025833333333,0.0,-0.0,0.0,9300.000000000002,9300.000000000002,226.135930185,440.10568462499987,0.0
2025-01-05,26,warmup,0.4389,677.7742,0.0,504.93638333333337,0.0,504.93638333333337,172.83781666666658,0.0,-0.0,0.0,9300.000000000002,9300.000000000002,221.61657864500003,379.2925886749998,0.0
2025-01-05,27,warmup,0.4364,655.9483333333334,0.0,536.6750000000001,0.0,536.6750000000001,119.27333333333331,0.0,-0.0,0.0,9300.000000000002,9300.000000000002,234.20497000000003,260.2544133333333,0.0
2025-01-05,28,warmup,0.4393,708.1278333333333,0.0,540.0349333333334,0.0,540.0349333333334,168.0929,0.0,-0.0,0.0,9300.000000000002,9300.000000000002,237.23734621333335,369.21605485000003,0.0
2025-01-05,29,warmup,0.4422,751.5082000000001,0.0,544.7534333333333,0.0,544.7534333333333,206.7547666666668,0.0,-0.0,0.0,9300.000000000002,9300.000000000002,240.88996822,457.13478910000026,0.0
2025-01-05,30,warmup,0.4395,733.755,0.0,565.4033333333333,0.0,565.4033333333333,168.3516666666667,0.0,-0.0,0.0,9300.000000000002,9300.000000000002,248.494765,369.9527875,0.0
2025-01-05,31,warmup,0.4333,681.1280333333333,0.0002833333333333,577.4903666666667,0.00036666666666666667,577.49,103.63774999999995,0.0,-0.0,0.0,9300.000000000002,9300.000000000002,250.22641700000003,224.53118537499992,0.0
2025-01-05,32,warmup,0.4439,664.0997833333333,0.0,565.6305333333333,0.0,565.6305333333333,98.46924999999999,0.0,-0.0,0.0,9300.000000000002,9300.000000000002,251.08339374666667,218.55250037499997,0.0
2025-01-05,33,warmup,0.4301,679.895,0.0,546.5266666666666,0.0,1379.8600000000001,133.3683333333331,833.3333333333333,0.0,0.0,9300.000000000002,10050.000000000002,593.477786,286.8086008333329,0.0
2025-01-05,34,warmup,0.3713,682.9474166666668,0.0039833333333333,552.1815,0.0052,1385.5096333333336,130.76713333333316,833.3333333333333,0.0,0.0,10050.000000000002,10800.000000000002,514.4397268566668,242.76918303333304,1.1368683772161603e-13
2025-01-05,35,warmup,0.5708,782.1280499999999,0.0,559.3708166666667,0.0,559.3708166666667,222.75723333333326,0.0,-0.0,0.0,10800.000000000002,10800.000000000002,319.2888621533333,635.7491439333331,0.0
2025-01-05,36,warmup,0.9099,928.5183333333332,0.0,553.65,0.0,0.0,95.18499999999983,0.0,833.3333333333334,0.0,10800.000000000002,9874.074074074077,0.0,433.04415749999924,0.0
2025-01-05,37,warmup,0.9368,942.41265,0.0555,546.9321666666666,0.07253333333333332,0.0,109.02381666666656,0.0,833.3333333333334,0.0,9874.074074074077,8948.148148148151,0.0,510.6675572666662,0.0
2025-01-05,38,warmup,0.8758,906.98685,0.0,562.7097333333334,0.0,0.0,73.65351666666663,0.0,833.3333333333334,0.0,8948.148148148151,8022.222222222225,0.0,322.52874948333323,0.0
2025-01-05,39,warmup,0.8759,899.6033333333334,0.0,576.7116666666667,0.0,0.0,66.26999999999998,0.0,833.3333333333334,0.0,8022.222222222225,7096.296296296299,0.0,290.22946499999995,0.0
2025-01-05,40,warmup,0.8601,912.9652666666666,0.773,548.6189166666667,1.0103666666666666,0.0,78.8589333333332,0.0,833.3333333333334,0.0,7096.296296296299,6170.370370370373,0.0,339.13284279999937,0.0
2025-01-05,41,warmup,0.8442,899.52805,0.0,569.9849833333334,0.0,0.0,66.19471666666664,0.0,833.3333333333334,0.0,6170.370370370373,5244.444444444447,0.0,279.40789904999986,0.0
2025-01-05,42,warmup,0.8334,883.9549999999999,2.7125,639.37,2.6062499999999997,0.0,47.90916666666658,0.0,833.3333333333334,0.0,5244.444444444447,4318.518518518521,0.0,199.63749749999963,0.0
2025-01-05,43,warmup,0.8092,930.5907,32.1541,658.5286166666666,38.14045,0.0,602.3480194999984,0.0,296.0885805000017,0.0,4318.518518518521,3989.5312068518524,0.0,2437.1000868969936,0.0
2025-01-05,44,warmup,0.7972,941.66885,70.45568333333334,646.802,83.68773333333333,0.0,871.2131666666667,0.0,-0.0,0.0,3989.5312068518524,3989.5312068518524,0.0,3472.6556823333335,0.0
2025-01-05,45,warmup,0.7644,891.8333333333334,111.06875,625.8083333333333,127.96249999999999,0.0,780.7645833333333,0.0,-0.0,0.0,3989.5312068518524,3989.5312068518524,0.0,2984.0822375000002,0.0
2025-01-05,46,warmup,0.6899,879.6010333333334,160.87023333333337,599.1856833333333,177.08365,1.3937026324128965e-05,718.7307860629737,0.0,-0.0,0.0,3989.5312068518524,3989.5312068518524,9.615154461016572e-06,2479.2618465242276,0.0
2025-01-05,47,warmup,0.86,1032.8320333333334,208.82783333333336,609.6268833333334,226.83293333333333,0.0,441.21025,0.0,382.79395,0.0,3989.5312068518524,3564.2045957407413,0.0,1897.2040749999999,0.0
2025-01-05,48,warmup,1.1617,1239.3866666666663,253.9875,640.1816666666667,270.18125000000003,0.0,152.065833333333,0.0,833.3333333333334,0.0,3564.2045957407413,2638.278669814815,0.0,883.2743929166646,0.0
2025-01-05,49,warmup,1.1683,1245.83305,306.5186333333333,630.28315,305.65793333333335,0.0,105.98108333333323,0.0,833.3333333333334,0.0,2638.278669814815,1712.352743888889,0.0,619.088498291666,0.0
2025-01-05,50,warmup,1.0956,1210.1734166666668,362.2109833333333,621.3094,352.7479333333333,0.0,386.8449638333333,0.0,461.1174695000002,0.0,1712.352743888889,1200.0,0.0,2119.1367118789994,0.0
2025-01-05,51,warmup,1.0849,1220.0016666666668,416.3625,624.7283333333334,406.46250000000003,0.0,803.6391666666668,0.0,-0.0,0.0,1200.0,1200.0,0.0,4359.340659583334,0.0
2025-01-05,52,warmup,1.061,1210.0859333333333,467.82228333333336,619.6784333333334,444.75925,0.0,742.2636499999999,0.0,-0.0,0.0,1200.0,1200.0,0.0,3937.708663249999,0.0
2025-01-05,53,warmup,1.043,1205.7963,516.32135,675.15125,494.40153333333336,0.0,689.4749499999999,0.0,-0.0,0.0,1200.0,1200.0,0.0,3595.6118642499996,0.0
2025-01-05,54,warmup,1.036,1212.0566666666666,555.8125,758.565,553.03125,0.0,656.2441666666666,0.0,-0.0,0.0,1200.0,1200.0,0.0,3399.344783333333,0.0
2025-01-05,55,warmup,1.0147,1202.3640666666668,578.9388,757.9913,588.73325,0.0,623.4252666666667,0.0,-0.0,0.0,1200.0,1200.0,0.0,3162.948090433333,0.0
2025-01-05,56,warmup,0.9922,1202.5371833333334,597.0921666666667,739.2537000000001,617.4463833333333,0.0,605.4450166666667,0.0,0.0,0.0,1200.0,1200.0,0.0,3003.6127276833336,0.0
2025-01-05,57,warmup,0.97,1204.3533333333332,629.525,734.8766666666667,655.81875,0.0,574.8283333333333,0.0,0.0,0.0,1200.0,1200.0,0.0,2787.917416666666,0.0
2025-01-05,58,warmup,0.9422,1173.7524,689.6749666666666,716.0603666666666,702.2948,0.0,484.0774333333335,0.0,0.0,0.0,1200.0,1200.0,0.0,2280.4887884333343,0.0
2025-01-05,59,warmup,0.9569,1161.13995,755.6635,722.68055,731.0446000000001,0.0,405.47645,0.0,0.0,0.0,1200.0,1200.0,0.0,1940.0020750249998,0.0
2025-01-05,60,warmup,0.9977,1178.2616666666663,805.2375000000001,756.8083333333334,748.7937499999999,0.0,373.02416666666625,0.0,-0.0,0.0,1200.0,1200.0,0.0,1860.8310554166646,0.0
2025-01-05,61,warmup,0.9919,1187.0621,830.6773833333333,771.0178333333333,790.0407,0.0,356.3847166666668,0.0,-0.0,0.0,1200.0,1200.0,0.0,1767.4900023083342,0.0
2025-01-05,62,warmup,0.9588,1190.9239166666666,847.9200000000001,745.5898333333333,846.10415,0.0,343.00391666666656,0.0,-0.0,0.0,1200.0,1200.0,0.0,1644.3607764999992,0.0
2025-01-05,63,warmup,0.9549,1191.61,866.8249999999999,721.1983333333333,890.5,0.0,324.78499999999997,0.0,-0.0,0.0,1200.0,1200.0,0.0,1550.6859824999997,0.0
2025-01-05,64,warmup,0.9839,1179.9668333333334,883.2592333333333,752.93935,903.7317833333333,0.0,296.70760000000007,0.0,-0.0,0.0,1200.0,1200.0,0.0,1459.6530382000003,0.0
2025-01-05,65,warmup,0.799,1155.1008,885.6143333333333,747.5828166666666,919.1420166666667,0.0,269.4864666666666,0.0,-0.0,0.0,1200.0,1200.0,0.0,1076.5984343333332,0.0
2025-01-05,66,warmup,0.5025,1149.2133333333334,881.1062499999999,697.0300000000001,950.35,0.0,840.1780166666688,572.0709333333353,0.0,0.0,1200.0,1714.8638400000018,0.0,2110.947266875005,1.1368683772161603e-13
2025-01-05,67,warmup,0.4662,1195.3994666666667,888.8137,691.2403666666668,983.1354,541.4382999999999,598.4808000000002,833.3333333333334,0.0,0.0,1714.8638400000018,2464.863840000002,252.41853545999996,1395.0587448000003,1.1368683772161603e-13
2025-01-05,68,warmup,0.5007,1210.8777666666667,894.5416166666668,720.9482166666667,1022.8345666666668,199.89223443988573,949.7772488934476,833.3333333333333,0.0,0.0,2464.863840000002,3214.863840000002,100.08604178405079,2377.7673426047463,0.0
2025-01-05,69,warmup,0.4827,1177.13,910.23125,744.29,1054.8625,522.7608333333334,577.4712499999999,833.3333333333333,0.0,0.0,3214.863840000002,3964.863840000002,252.33665425000004,1393.726861875,0.0
2025-01-05,70,warmup,0.4785,1153.867,963.87765,731.8109166666667,1052.8346833333333,512.3095666666667,511.0131166666665,833.3333333333333,0.0,0.0,3964.863840000002,4714.863840000002,245.14012765,1222.5988816249996,0.0
2025-01-05,71,warmup,0.4662,1139.9222666666667,1010.5146166666668,726.63145,1043.4103,516.5544833333346,446.18649999999855,833.3333333333333,0.0,0.0,4714.863840000002,5464.863840000002,240.8177001300006,1040.0607314999966,0.0
2025-01-05,72,warmup,0.4432,1129.1133333333337,1021.73125,725.7383333333333,1056.51875,502.55291666666676,438.16250000000014,833.3333333333333,0.0,0.0,5464.863840000002,6214.863840000002,222.7314526666667,970.9681000000002,0.0
2025-01-05,73,warmup,0.4411,1120.1449666666667,1009.2177833333334,689.4174666666667,1094.4212166666666,428.3295833333334,515.9309333333332,833.3333333333333,0.0,0.0,6214.863840000002,6964.863840000002,188.93617920833336,1137.8856734666663,0.0
2025-01-05,74,warmup,0.4551,1088.3288833333334,1002.9073,684.4192166666667,1093.4423166666668,424.3102333333324,494.4446833333342,833.3333333333333,0.0,0.0,6964.863840000002,7714.863840000002,193.1035871899996,1125.108876925002,0.0
2025-01-05,75,warmup,0.4463,1048.1516666666666,1003.8,710.9499999999999,1056.95625,487.3270833333322,390.35791666666773,833.3333333333333,0.0,0.0,7714.863840000002,8464.863840000002,217.49407729166614,871.0836910416691,0.0
2025-01-05,76,warmup,0.4113,1048.0808166666668,990.7054166666668,699.3429666666666,1042.9217333333333,489.7545666666666,400.95416666666665,833.3333333333333,0.0,0.0,8464.863840000002,9214.863840000002,201.43605326999997,824.5622437499999,0.0
2025-01-05,77,warmup,0.5682,1090.68905,984.6783333333332,674.8715666666667,997.8878,0.0,429.0269499999991,323.0162333333323,0.0,0.0,9214.863840000002,9505.57845,0.0,1218.8655649499974,5.684341886080802e-14
2025-01-05,78,warmup,0.8279,1138.535,985.39375,664.035,929.1750000000001,0.0,0.0,0.0,153.14125000000013,0.0,9505.57845,9335.421505555556,0.0,0.0,0.0
2025-01-05,79,warmup,0.8636,1143.0657166666667,968.51355,673.6101166666666,907.5861666666666,0.0,0.0,0.0,174.55216666666672,0.0,9335.421505555556,9141.474653703704,0.0,0.0,0.0
2025-01-05,80,warmup,0.8416,1123.2365166666666,942.4701166666669,721.9934499999999,900.4968833333334,0.0,0.0,0.0,180.76639999999975,0.0,9141.474653703704,8940.62309814815,0.0,0.0,0.0
2025-01-05,81,warmup,0.8618,1110.13,915.21875,747.5933333333334,866.7875,0.0,67.58320649999915,0.0,127.32804350000096,0.0,8940.62309814815,8799.14749425926,0.0,291.21603680849637,0.0
2025-01-05,82,warmup,0.8623,1121.4022166666666,883.0899666666666,664.7614166666666,804.32875,0.0,238.31225000000006,0.0,0.0,0.0,8799.14749425926,8799.14749425926,0.0,1027.4832658750001,0.0
2025-01-05,83,warmup,0.9026,1141.5142166666667,833.21845,617.4580833333333,788.7774833333333,0.0,0.0,0.0,308.29576666666674,0.0,8799.14749425926,8456.596642407407,0.0,0.0,0.0
2025-01-05,84,warmup,0.9754,1153.0416666666667,777.9250000000001,653.91,805.99375,0.0,0.0,0.0,375.1166666666667,0.0,8456.596642407407,8039.80034611111,0.0,0.0,0.0
2025-01-05,85,warmup,1.0002,1144.38925,747.1545500000001,681.3982833333333,766.3965833333333,0.0,0.0,0.0,397.23469999999986,0.0,8039.80034611111,7598.428457222221,0.0,0.0,0.0
2025-01-05,86,warmup,0.9978,1104.3138166666663,731.3669666666666,662.2560500000001,712.81895,0.0,0.0,0.0,372.9468499999997,0.0,7598.428457222221,7184.0430683333325,0.0,0.0,0.0
2025-01-05,87,warmup,1.0271,1077.7333333333331,700.88125,634.2366666666667,677.1374999999999,0.0,0.0,0.0,376.8520833333331,0.0,7184.0430683333325,6765.318531296296,0.0,0.0,0.0
2025-01-05,88,warmup,1.0906,1120.9334166666663,634.5597666666666,658.7808333333334,645.3267,0.0,0.0,0.0,486.37364999999966,0.0,6765.318531296296,6224.903364629629,0.0,0.0,0.0
2025-01-05,89,warmup,0.9376,1118.1760333333334,582.6891166666667,656.9061166666667,601.5671666666666,0.0,535.4869166666667,0.0,0.0,0.0,6224.903364629629,6224.903364629629,0.0,2510.3626653333336,0.0
2025-01-05,90,warmup,0.6694,1071.1133333333337,553.8312500000001,620.4499999999999,547.9,72.54999999999995,1278.065416666667,833.3333333333334,0.0,0.0,6224.903364629629,6974.903364629629,48.56496999999997,4277.684949583335,1.1368683772161603e-13
2025-01-05,91,warmup,0.66,1091.4053333333334,510.40325,620.8976333333334,498.85936666666663,206.9679991769544,1207.3674174897124,833.3333333333334,0.0,0.0,6974.903364629629,7724.903364629629,136.59887945678992,3984.312477716051,1.1368683772161603e-13
2025-01-05,92,warmup,0.7217,1092.2044833333332,467.7820833333333,624.0388166666667,448.25455000000005,175.7842666666666,1281.9714666666669,833.3333333333334,0.0,0.0,7724.903364629629,8474.90336462963,126.8635052533333,4625.994037466668,1.1368683772161603e-13
2025-01-05,93,warmup,0.7308,1060.6933333333334,427.44375,614.765,397.00624999999997,217.75875000000002,1248.8241666666668,833.3333333333334,0.0,0.0,8474.90336462963,9224.90336462963,159.13809450000002,4563.203505,-1.1368683772161603e-13
2025-01-05,94,warmup,0.7534,1077.2093,372.3002,619.89925,353.0922333333333,266.80701666666675,1271.4354166666667,833.3333333333334,0.0,0.0,9224.90336462963,9974.90336462963,201.01240635666673,4789.4972145833335,1.1368683772161603e-13
2025-01-05,95,warmup,0.7823,1095.2237166666666,321.04018333333335,645.6968,303.5998,342.09700000000004,1265.4198666666666,833.3333333333334,0.0,0.0,9974.90336462963,10724.90336462963,267.6224831,4949.689808466666,-1.1368683772161603e-13
2025-01-05,96,warmup,0.8055,1085.6133333333337,275.34375,658.4733333333334,249.25,409.22333333333336,484.4869559670777,83.44070596707736,0.0,0.0,10724.90336462963,10800.0,329.62939500000005,1951.2712151574053,-7.105427357601002e-14
2025-01-05,97,warmup,0.8271,1066.4095166666666,218.33696666666663,619.46255,204.3166666666667,415.14588333333324,432.9266666666674,0.0,-6.774447669499752e-13,0.0,10800.0,10800.0,343.3671601049999,1790.368230000003,0.0
2025-01-05,98,warmup,0.8519,1042.9378166666668,163.33828333333335,602.7172833333333,161.6896,441.0276833333337,438.57184999999987,0.0,-1.8816503910557005e-13,0.0,10800.0,10800.0,375.711483431667,1868.0967950749994,-2.2737367544323206e-13
2025-01-05,99,warmup,0.8791,1032.1833333333334,117.28125,620.095,117.33749999999999,502.7574999999997,412.1445833333336,0.0,5.684341886080802e-14,0.0,10800.0,10800.0,441.9741182499997,1811.581516041668,0.0
2025-01-05,100,warmup,0.9024,1051.41015,74.02884999999999,604.4016666666666,74.65203333333334,529.7496333333333,447.63166666666723,0.0,-6.399281105018416e-13,0.0,10800.0,10800.0,478.04606912,2019.7140800000022,0.0
2025-01-05,101,warmup,0.9163,1059.6464666666668,32.48963333333334,537.80945,32.74105,505.0684,522.0884333333327,0.0,8.441247700829992e-13,0.0,10800.0,10799.999999999998,462.79417492,2391.9481573166636,0.0
2025-01-05,102,warmup,0.9264,1051.5166666666669,3.025,471.9083333333333,2.25625,469.6520833333333,578.8395833333361,0.0,-2.5011104298755527e-12,0.0,10799.999999999998,10800.000000000002,435.08568999999994,2681.1849500000126,2.2737367544323206e-13
2025-01-05,103,warmup,0.9462,1057.1377333333332,0.0,479.1987,0.0,479.1987,577.9390333333303,0.0,3.015188099197985e-12,0.0,10800.000000000002,10799.999999999998,453.41780994,2734.2295666999853,0.0
2025-01-05,104,warmup,0.9742,1050.05735,0.7167500000000001,494.3890666666667,0.8452833333333333,493.54378333333335,555.7968166666683,0.0,-1.6370904631912707e-12,0.0,10799.999999999998,10800.0,480.8103537233333,2707.286293983341,0.0
2025-01-05,105,warmup,0.9862,1051.86,0.0,482.66499999999996,0.0,482.66499999999996,569.1949999999991,0.0,6.935252372386457e-13,0.0,10800.0,10800.0,476.00422299999997,2806.7005449999956,0.0
2025-01-05,106,warmup,0.976,1086.9624666666666,0.0,471.03299999999996,0.0,471.03299999999996,615.9294666666678,0.0,-1.2201439858472438e-12,0.0,10800.0,10800.000000000002,459.72820799999994,3005.735797333339,0.0
2025-01-05,107,warmup,1.0742,954.9336166666668,0.0514666666666666,471.0173,0.06068333333333333,379.84396666666646,483.92553333333206,0.0,91.11265000000162,0.0,10800.000000000002,10698.763722222222,408.0283889933331,2599.1640395333266,0.0
2025-01-05,108,warmup,1.2313,734.0416666666666,0.0,475.86833333333334,0.0,0.0,0.0,0.0,734.0416666666666,0.0,10698.763722222222,9883.16187037037,0.0,0.0,0.0
2025-01-05,109,warmup,1.2561,723.1414166666667,0.0,475.79421666666667,0.0,0.0,0.0,0.0,723.1414166666667,0.0,9883.16187037037,9079.671407407406,0.0,0.0,0.0
2025-01-05,110,warmup,1.2447,767.9411166666667,0.0037,500.55575,0.004350000000000001,0.0,279.8793333333334,0.0,488.05808333333334,0.0,9079.671407407406,8537.384648148147,0.0,1741.8290310000004,0.0
2025-01-05,111,warmup,1.2545,754.3649999999999,0.0,521.475,0.0,0.0,0.0,0.0,754.3649999999999,0.0,8537.384648148147,7699.2013148148135,0.0,0.0,0.0
2025-01-05,112,warmup,1.2522,726.7196666666667,0.0,475.4203,0.0,0.0,484.1893666666672,0.0,242.53029999999953,0.0,7699.2013148148135,7429.723203703703,0.0,3031.5096247000033,0.0
2025-01-05,113,warmup,1.2881,731.6929666666666,0.0002666666666666,432.6125833333333,0.00031666666666666665,0.0,299.0804333333331,0.0,432.61226666666687,0.0,7429.723203703703,6949.042907407406,0.0,1926.2275308833316,0.0
2025-01-05,114,warmup,1.3466,760.5666666666666,0.0,434.99333333333334,0.0,0.0,0.0,0.0,760.5666666666666,0.0,6949.042907407406,6103.968833333332,0.0,0.0,0.0
2025-01-05,115,warmup,1.3523,762.6943833333333,0.0,461.89075,0.0,0.0,0.0,0.0,762.6943833333333,0.0,6103.968833333332,5256.5306296296285,0.0,0.0,0.0
2025-01-05,116,warmup,1.3445,737.8425833333334,0.0,491.3777333333333,0.0,0.0,391.13371666666745,0.0,346.708866666666,0.0,5256.5306296296285,4871.298555555555,0.0,2629.396410291672,0.0
2025-01-05,117,warmup,1.3483,722.3916666666668,0.0,495.47,0.0,0.0,0.0,0.0,722.3916666666668,0.0,4871.298555555555,4068.6411481481477,0.0,0.0,0.0
2025-01-05,118,warmup,1.349,750.8413166666666,0.0,460.39888333333334,0.0,0.0,0.0,0.0,750.8413166666666,0.0,4068.6411481481477,3234.373018518518,0.0,0.0,0.0
2025-01-05,119,warmup,1.3473,759.4042333333333,0.0,451.64716666666664,0.0,0.0,759.4042333333333,0.0,0.0,0.0,3234.373018518518,3234.373018518518,0.0,5115.7266178499995,0.0
2025-01-05,120,warmup,1.3482,725.275,0.0,478.92333333333335,0.0,0.0,312.0686000000003,0.0,413.2063999999997,0.0,3234.373018518518,2775.2547962962963,0.0,2103.654432600002,0.0
2025-01-05,121,warmup,1.3513,693.43795,0.0,489.2799333333333,0.0,0.0,0.0,0.0,693.43795,0.0,2775.2547962962963,2004.768185185185,0.0,0.0,0.0
2025-01-05,122,warmup,1.34,713.2406833333333,0.0,481.7081,0.0,0.0,713.2406833333337,0.0,0.0,0.0,2004.768185185185,2004.7681851851853,0.0,4778.712578333336,3.410605131648481e-13
2025-01-05,123,warmup,1.3489,753.5883333333333,0.0,467.4533333333333,0.0,0.0,490.29301666666686,0.0,263.2953166666665,0.0,2004.7681851851853,1712.2178333333336,0.0,3306.7812509083346,1.1368683772161603e-13
2025-01-05,124,warmup,1.3952,738.7772666666666,0.0,460.99604999999997,0.0,0.0,277.7812166666664,0.0,460.9960500000002,0.0,1712.2178333333336,1200.0,0.0,1937.8017674666648,0.0
2025-01-05,125,warmup,1.2226,734.1457,0.0,493.0272166666667,0.0,0.0,734.1457,0.0,-0.0,0.0,1200.0,1200.0,0.0,4487.832664099999,0.0
2025-01-05,126,warmup,0.9332,755.5666666666666,0.0,530.5933333333334,0.0,530.5933333333334,224.97333333333324,0.0,-0.0,0.0,1200.0,1200.0,495.1496986666667,1049.725573333333,0.0
2025-01-05,127,warmup,0.9068,752.2540333333333,0.0,507.24198333333334,0.0,507.24198333333334,245.01204999999993,0.0,-0.0,0.0,1200.0,1200.0,459.9670304866667,1110.8846346999999,0.0
2025-01-05,128,warmup,0.9371,748.3642333333333,0.0,490.1867333333333,0.0,490.1867333333333,258.17750000000007,0.0,-0.0,0.0,1200.0,1200.0,459.3539878066666,1209.6906762500005,0.0
2025-01-05,129,warmup,0.9371,767.81,0.0,508.1133333333333,0.0,508.1133333333333,259.69666666666666,0.0,-0.0,0.0,1200.0,1200.0,476.1530046666666,1216.8087316666667,0.0
2025-01-05,130,warmup,0.9871,788.7005166666667,0.0,514.89855,0.0,514.89855,273.80196666666666,0.0,-0.0,0.0,1200.0,1200.0,508.25635870499997,1351.3496064833334,0.0
2025-01-05,131,warmup,0.7764,694.5243333333333,0.0,460.3778,0.0,460.3778,234.1465333333333,0.0,-0.0,0.0,1200.0,1200.0,357.43732392,908.9568423999998,0.0
2025-01-05,132,warmup,0.4209,548.0883333333334,0.0,395.195,0.0,395.195,152.89333333333337,0.0,-0.0,0.0,1200.0,1200.0,166.33757549999999,321.7640200000001,0.0
2025-01-05,133,warmup,0.3859,539.5484166666666,0.0,419.8485666666666,0.0,419.8485666666666,119.69985000000001,0.0,1.4210854715202004e-14,0.0,1200.0,1200.0,162.01956187666664,230.96086057500003,0.0
2025-01-05,134,warmup,0.4368,563.05595,0.0,435.6417666666667,0.0,435.6417666666667,127.41418333333337,0.0,-0.0,0.0,1200.0,1200.0,190.28832368000002,278.2725764000001,0.0
2025-01-05,135,warmup,0.4198,564.3383333333334,0.0,417.34666666666664,0.0,417.34666666666664,146.99166666666673,0.0,-0.0,0.0,1200.0,1200.0,175.20213066666665,308.5355083333335,0.0
2025-01-05,136,warmup,0.4186,589.8358,0.0,431.3325333333333,0.0,431.3325333333333,158.50326666666666,0.0,-0.0,0.0,1200.0,1200.0,180.55579845333332,331.7473371333333,0.0
2025-01-05,137,warmup,0.4241,582.0661833333334,0.0,417.6806166666667,0.0,417.6806166666667,164.38556666666665,0.0,-0.0,0.0,1200.0,1200.0,177.13834952833335,348.5795941166666,0.0
2025-01-05,138,warmup,0.4237,557.335,0.0,393.4916666666666,0.0,393.4916666666666,163.84333333333342,0.0,-0.0,0.0,1200.0,1200.0,166.72241916666664,347.10210166666684,0.0
2025-01-05,139,warmup,0.4248,592.1239833333333,0.0,442.7318833333333,0.0,442.7318833333333,149.39209999999997,0.0,-0.0,0.0,1200.0,1200.0,188.07250403999998,317.30882039999995,0.0
2025-01-05,140,warmup,0.424,604.0571166666667,0.0,480.42425000000003,0.0,480.42425000000003,123.63286666666671,0.0,-1.4210854715202004e-14,0.0,1200.0,1200.0,203.699882,262.10167733333344,0.0
2025-01-05,141,warmup,0.422,586.6166666666667,0.0,456.1483333333333,0.0,456.1483333333333,130.46833333333336,0.0,-0.0,0.0,1200.0,1200.0,192.49459666666664,275.2881833333334,0.0
2025-01-05,142,warmup,0.424,614.9030666666666,0.0,416.65793333333335,0.0,416.65793333333335,198.24513333333329,0.0,-0.0,0.0,1200.0,1200.0,176.66296373333333,420.2796826666666,0.0
2025-01-05,143,warmup,0.4271,627.32955,0.0,477.8123666666667,0.0,477.8123666666667,149.51718333333332,0.0,-0.0,0.0,1200.0,1200.0,204.07366180333335,319.2939450083333,0.0
2025-01-05,144,warmup,0.4276,608.2516666666667,0.0,599.25,0.0,599.25,9.001666666666665,0.0,-0.0,0.0,1200.0,1200.0,256.2393,19.24556333333333,0.0
2025-01-06,1,warmup,0.4248,607.3944666666666,0.0,624.85225,0.0,1458.1855833333334,0.0,833.3333333333334,0.0,17.457783333333396,1200.0,1950.0,619.4372358,0.0,0.0
2025-01-06,2,warmup,0.4245,611.2273833333334,0.0,622.4207333333333,0.0,1455.7540666666666,0.0,833.3333333333333,0.0,11.19335000000001,1950.0,2700.0,617.9676013,0.0,0.0
2025-01-06,3,warmup,0.4269,608.8933333333333,0.0,635.4433333333333,0.0,1468.7766666666666,0.0,833.3333333333333,0.0,26.550000000000068,2700.0,3450.0,627.020759,0.0,0.0
2025-01-06,4,warmup,0.4272,609.8078333333334,0.0,633.6038333333333,0.0,1466.9371666666666,0.0,833.3333333333333,0.0,23.795999999999935,3450.0,4200.0,626.6755576,0.0,0.0
2025-01-06,5,warmup,0.4271,625.6360166666667,0.0,620.4684166666667,0.0,1453.80175,5.167599999999879,833.3333333333333,0.0,0.0,4200.0,4950.0,620.918727425,11.035409799999742,-1.1368683772161603e-13
2025-01-06,6,warmup,0.4285,638.5166666666667,0.0,616.5916666666667,0.0,1449.9250000000002,21.924999999999727,833.3333333333333,0.0,0.0,4950.0,5700.0,621.2928625000001,46.974312499999414,0.0
2025-01-06,7,warmup,0.4311,623.8103333333333,0.0,637.8484333333333,0.0,1304.5151,0.0,680.7047666666667,0.0,0.0,5700.0,6312.63429,562.37645961,0.0,0.0
2025-01-06,8,warmup,0.4302,644.55665,0.0,652.1511333333334,0.0,1485.4844666666668,0.0,819.2952333333334,0.0,21.6325833333334,6312.63429,7050.0,639.0554175600001,0.0,0.0
2025-01-06,9,warmup,0.4279,678.8683333333333,0.0,642.9883333333333,0.0,1476.3216666666667,35.87999999999988,833.3333333333333,0.0,0.0,7050.0,7800.0,631.7180411666667,76.76525999999974,0.0
2025-01-06,10,warmup,0.4312,643.4593333333333,0.0,623.8896,0.0,623.8896,19.569733333333375,0.0,-0.0,0.0,7800.0,7800.0,269.02119552,42.19234506666676,0.0
2025-01-06,11,warmup,0.4333,632.8780833333334,0.0,617.5666333333334,0.0,617.5666333333334,15.311450000000036,0.0,-0.0,0.0,7800.0,7800.0,267.59162222333333,33.17225642500008,0.0
2025-01-06,12,warmup,0.4311,667.4083333333333,0.0,640.0783333333333,0.0,1473.4116666666666,27.329999999999927,833.3333333333333,0.0,0.0,7800.0,8550.0,635.1877695,58.909814999999845,0.0
2025-01-06,13,warmup,0.4293,672.91,0.0,685.192,0.0,1518.5253333333335,0.0,833.3333333333333,0.0,12.282000000000266,8550.0,9300.0,651.9029256000001,0.0,0.0
2025-01-06,14,warmup,0.4324,675.2263166666667,0.0,695.5783333333334,0.0,695.5783333333334,0.0,0.0,0.0,20.352016666666714,9300.0,9300.0,300.76807133333335,0.0,0.0
2025-01-06,15,warmup,0.4367,682.6966666666667,0.0,680.6666666666666,0.0,680.6666666666666,2.0300000000000864,0.0,-0.0,0.0,9300.0,9300.0,297.2471333333333,4.432505000000188,0.0
2025-01-06,16,warmup,0.4348,669.3242833333334,0.0,701.0110333333333,0.0,701.0110333333333,0.0,0.0,0.0,31.68674999999996,9300.0,9300.0,304.79959729333336,0.0,0.0
2025-01-06,17,warmup,0.4335,647.2983333333333,0.0,706.62255,0.0,706.62255,0.0,0.0,0.0,59.32421666666676,9300.0,9300.0,306.320875425,0.0,0.0
2025-01-06,18,warmup,0.4357,644.795,0.0,680.6533333333333,0.0,680.6533333333333,0.0,0.0,0.0,35.85833333333335,9300.0,9300.0,296.5606573333333,0.0,0.0
2025-01-06,19,warmup,0.4374,679.2211666666667,0.0,663.0113,0.0,663.0113,16.2098666666667,0.0,-0.0,0.0,9300.0,9300.0,290.00114262,35.450978400000075,0.0
2025-01-06,20,warmup,0.4371,703.0744,0.0,672.56565,0.0,672.56565,30.508749999999964,0.0,-0.0,0.0,9300.0,9300.0,293.978445615,66.67687312499991,0.0
2025-01-06,21,warmup,0.4356,698.15,0.0,688.965,0.0,688.965,9.184999999999945,0.0,-0.0,0.0,9300.0,9300.0,300.113154,20.00492999999988,0.0
2025-01-06,22,warmup,0.4353,690.0639333333334,0.0,678.7183833333333,0.0,678.7183833333333,11.345550000000003,0.0,-0.0,0.0,9300.0,9300.0,295.446112265,24.693589575000004,0.0
2025-01-06,23,warmup,0.436,696.3362999999999,0.0,686.2090666666667,0.0,686.2090666666667,10.127233333333265,0.0,-0.0,0.0,9300.0,9300.0,299.18715306666667,22.07736866666652,0.0
2025-01-06,24,warmup,0.4378,708.8283333333334,0.0,714.1933333333333,0.0,714.1933333333333,0.0,0.0,0.0,5.364999999999895,9300.0,9300.0,312.6738413333333,0.0,0.0
2025-01-06,25,warmup,0.4401,707.1996333333333,0.0,713.8311,0.0,713.8311,0.0,0.0,0.0,6.631466666666711,9300.0,9300.0,314.15706711,0.0,0.0
2025-01-06,26,warmup,0.4389,713.0952000000001,0.0,677.7742,0.0,677.7742,35.32100000000014,0.0,-0.0,0.0,9300.0,9300.0,297.47509637999997,77.51193450000031,0.0
2025-01-06,27,warmup,0.4364,719.2283333333334,0.0,655.9483333333334,0.0,655.9483333333334,63.27999999999997,0.0,-0.0,0.0,9300.0,9300.0,286.25585266666667,138.07695999999993,0.0
2025-01-06,28,warmup,0.4393,695.8064166666667,0.0,708.1278333333333,0.0,708.1278333333333,0.0,0.0,0.0,12.321416666666664,9300.0,9300.0,311.0805571833333,0.0,0.0
2025-01-06,29,warmup,0.4422,680.2819166666667,0.0,751.5082000000001,0.0,751.5082000000001,0.0,0.0,0.0,71.22628333333341,9300.0,9300.0,332.31692604000006,0.0,0.0
2025-01-06,30,warmup,0.4395,694.1416666666668,0.0,733.755,0.0,733.755,0.0,39.61333333333323,0.0,0.0,9300.0,9335.652,322.4853225,0.0,0.0
2025-01-06,31,warmup,0.4333,720.0062666666666,0.0002833333333333,681.1280333333333,0.0002833333333333333,681.12775,6.791433333333281,0.0,32.08680000000004,0.0,9335.652,9300.0,295.132654075,14.713640316666552,0.0
2025-01-06,32,warmup,0.4439,719.7377,0.0,664.0997833333333,0.0,664.0997833333333,55.63791666666668,0.0,-0.0,0.0,9300.0,9300.0,294.7938938216667,123.4883560416667,0.0
2025-01-06,33,warmup,0.4301,692.5566666666667,0.0,679.895,0.0,1513.2283333333335,12.66166666666652,833.3333333333333,0.0,0.0,9300.0,10050.0,650.8395061666668,27.228914166666353,-1.1368683772161603e-13
2025-01-06,34,warmup,0.3713,687.0100833333332,0.0039666666666666,682.9474166666668,0.0039833333333333335,1516.2767666666668,4.062683333332984,833.3333333333333,0.0,0.0,10050.0,10800.0,562.9935634633334,7.542371608332685,1.1368683772161603e-13
2025-01-06,35,warmup,0.5708,774.3374833333334,0.0,782.1280499999999,0.0,782.1280499999999,0.0,0.0,-0.0,7.790566666666564,10800.0,10800.0,446.43869093999996,0.0,0.0
2025-01-06,36,warmup,0.9099,897.25,0.0,928.5183333333333,0.0,928.5183333333333,0.0,0.0,-0.0,31.268333333333317,10800.0,10800.0,844.8588315000001,0.0,0.0
2025-01-06,37,warmup,0.9368,917.234,0.0552166666666666,942.4126500000001,0.0555,267.35715000000016,0.0,0.0,649.8216333333332,0.0,10800.0,10077.975962962963,250.46017812000014,0.0,1.1368683772161603e-13
2025-01-06,38,warmup,0.8758,902.8541666666666,0.0,906.9868499999999,0.0,906.9868499999999,0.0,0.0,0.0,4.1326833333332615,10077.975962962963,10077.975962962963,794.3390832299999,0.0,0.0
2025-01-06,39,warmup,0.8759,908.235,0.0,899.6033333333334,0.0,899.6033333333334,0.0,0.0,8.63166666666666,0.0,10077.975962962963,10068.385222222221,787.9625596666667,0.0,0.0
2025-01-06,40,warmup,0.8601,918.2977666666668,0.7691499999999999,912.9652666666666,0.773,912.1922666666666,0.0,0.0,5.336350000000234,0.0,10068.385222222221,10062.455944444444,784.5765685599999,0.0,0.0
2025-01-06,41,warmup,0.8442,912.7377833333334,0.0,899.52805,0.0,899.52805,1.9993833333337996,0.0,11.210349999999561,0.0,10062.455944444444,10050.0,759.38157981,8.439397050001968,0.0
2025-01-06,42,warmup,0.8334,890.4716666666667,3.79375,883.9549999999999,2.7125,881.2425,5.435416666666742,0.0,-0.0,0.0,10050.0,10050.0,734.4274995,22.649381250000314,0.0
2025-01-06,43,warmup,0.8092,871.7132666666666,36.452466666666666,930.5907000000001,32.1541,898.4366000000001,0.0,63.17580000000014,0.0,0.0,10050.0,10106.85822,727.0148967200001,0.0,-4.263256414560601e-14
2025-01-06,44,warmup,0.7972,880.0355166666667,79.05208333333333,941.66885,70.45568333333334,871.2131666666667,0.0,0.0,0.0,70.2297333333333,10106.85822,10106.85822,694.5311364666667,0.0,4.263256414560601e-14
2025-01-06,45,warmup,0.7644,878.3616666666667,121.38125,891.8333333333334,111.06875000000001,780.7645833333333,0.0,0.0,0.0,23.784166666666664,10106.85822,10106.85822,596.8164475,0.0,2.842170943040401e-14
2025-01-06,46,warmup,0.6899,835.2851666666667,166.71063333333333,879.6010333333334,160.87023333333335,1552.0641333333333,0.0,770.1575333333333,0.0,113.33206666666672,10106.85822,10800.0,1070.7690455866666,0.0,0.0
2025-01-06,47,warmup,0.86,971.2609166666666,208.4388,1032.8320333333334,208.82783333333336,824.0042,0.0,-0.0,0.0,61.18208333333334,10800.0,10800.0,708.643612,0.0,2.842170943040401e-14
2025-01-06,48,warmup,1.1617,1208.4766666666667,250.4625,1239.3866666666665,253.98749999999998,152.06583333333322,0.0,0.0,805.9483333333334,0.0,10800.0,9904.501851851852,176.6548785833332,0.0,-2.2737367544323206e-13
2025-01-06,49,warmup,1.1683,1231.4706333333334,302.7128166666667,1245.83305,306.5186333333333,105.98108333333323,0.0,0.0,822.7767333333336,0.0,9904.501851851852,8990.30548148148,123.8176996583332,0.0,2.2737367544323206e-13
2025-01-06,50,warmup,1.0956,1212.5025333333333,347.64335,1210.1734166666668,362.21098333333333,14.629099999999994,16.89674999999977,0.0,833.3333333333334,0.0,8990.30548148148,8064.379555555554,16.027641959999993,92.56039649999873,-2.2737367544323206e-13
2025-01-06,51,warmup,1.0849,1238.0883333333334,382.48125,1220.0016666666668,416.3625,0.0,22.27374999999995,0.0,833.3333333333334,0.0,8064.379555555554,7138.453629629628,0.0,120.82395687499974,0.0
2025-01-06,52,warmup,1.061,1217.7327666666667,423.14145,1210.0859333333333,467.82228333333336,0.0,0.0,0.0,794.5913166666667,0.0,7138.453629629628,6255.574388888887,0.0,0.0,0.0
2025-01-06,53,warmup,1.043,1196.8882833333334,472.5344333333333,1205.7963,516.32135,0.0,0.0,0.0,724.3538500000002,0.0,6255.574388888887,5450.736777777776,0.0,0.0,0.0
2025-01-06,54,warmup,1.036,1197.9033333333334,516.2937499999999,1212.0566666666666,555.8125,0.0,0.0,0.0,681.6095833333335,0.0,5450.736777777776,4693.392796296294,0.0,0.0,0.0
2025-01-06,55,warmup,1.0147,1193.6681833333334,539.3959166666667,1202.3640666666668,578.9388,0.0,0.0,0.0,654.2722666666667,0.0,4693.392796296294,3966.423611111109,0.0,0.0,0.0
2025-01-06,56,warmup,0.9922,1195.6892166666669,577.25915,1202.5371833333334,597.0921666666667,0.0,0.0,0.0,618.4300666666669,0.0,3966.423611111109,3279.27909259259,0.0,0.0,0.0
2025-01-06,57,warmup,0.97,1198.065,630.8312500000001,1204.3533333333332,629.525,0.0,0.0,0.0,567.23375,0.0,3279.27909259259,2649.019370370368,0.0,0.0,0.0
2025-01-06,58,warmup,0.9422,1180.5133166666667,668.5347333333333,1173.7524,689.6749666666666,484.0774333333335,27.901149999999916,0.0,0.0,0.0,2649.019370370368,2649.019370370368,456.09775768666685,131.4423176499996,0.0
2025-01-06,59,warmup,0.9569,1174.0684333333334,715.2191666666666,1161.13995,755.6635,329.9173999999977,128.93186666666895,0.0,0.0,0.0,2649.019370370368,2649.019370370368,315.6979600599978,616.8745160666775,0.0
2025-01-06,60,warmup,0.9977,1176.9466666666667,755.7312499999999,1178.2616666666665,805.2375000000001,0.0,0.0,0.0,421.2154166666668,0.0,2649.019370370368,2181.002240740738,0.0,0.0,0.0
2025-01-06,61,warmup,0.9919,1161.9108,751.1307333333333,1187.0620999999999,830.6773833333333,0.0,0.0,0.0,410.7800666666668,0.0,2181.002240740738,1724.5799444444417,0.0,0.0,0.0
2025-01-06,62,warmup,0.9588,1179.6799666666668,780.7058666666667,1190.9239166666666,847.9200000000001,0.0,223.55975000000265,0.0,175.41434999999748,0.0,1724.5799444444417,1529.6751111111112,0.0,1071.7454415000127,0.0
2025-01-06,63,warmup,0.9549,1209.1516666666666,837.0187500000001,1191.61,866.8249999999999,324.78499999999997,47.347916666666606,0.0,-0.0,0.0,1529.6751111111112,1529.6751111111112,310.13719649999996,226.0626281249997,0.0
2025-01-06,64,warmup,0.9839,1178.2818166666666,835.8218499999999,1179.9668333333334,883.2592333333333,0.0,45.75236666666666,0.0,296.7076,0.0,1529.6751111111112,1200.0,0.0,225.07876781666664,0.0
2025-01-06,65,warmup,0.799,1173.3346666666666,848.4731666666667,1155.1008,885.6143333333333,269.4864666666666,55.37503333333336,0.0,-0.0,0.0,1200.0,1200.0,215.31968686666664,221.2232581666668,0.0
2025-01-06,66,warmup,0.5025,1203.13,879.80625,1149.2133333333334,881.1062499999999,1101.4404166666668,55.21666666666658,833.3333333333333,0.0,0.0,1200.0,1950.0,553.473809375,138.73187499999977,2.2737367544323206e-13
2025-01-06,67,warmup,0.4662,1187.2440833333333,864.6316499999999,1195.3994666666667,888.8137,1139.9191,16.02666666666653,833.3333333333333,0.0,0.0,1950.0,2700.0,531.43028442,37.35815999999968,0.0
2025-01-06,68,warmup,0.5007,1159.1059,880.0237000000001,1210.8777666666667,894.5416166666668,1149.6694833333333,0.0,833.3333333333334,0.0,37.25395000000003,2700.0,3450.0,575.639510305,0.0,-1.1368683772161603e-13
2025-01-06,69,warmup,0.4827,1152.4416666666666,937.7625,1177.1299999999999,910.2312499999999,1100.2320833333333,0.0,833.3333333333334,0.0,52.21958333333339,3450.0,4200.0,531.082026625,0.0,0.0
2025-01-06,70,warmup,0.4785,1162.2219166666666,967.37925,1153.867,963.87765,1023.3226833333333,4.853316666666615,833.3333333333333,0.0,0.0,4200.0,4950.0,489.65990397499996,11.611560124999876,0.0
2025-01-06,71,warmup,0.4662,1148.1250333333337,976.5396166666666,1139.9222666666667,1010.5146166666667,962.7409833333334,42.177766666667026,833.3333333333333,0.0,0.0,4950.0,5700.0,448.82984643000003,98.31637410000083,0.0
2025-01-06,72,warmup,0.4432,1104.0716666666667,970.78125,1129.1133333333335,1021.7312499999999,940.7154166666669,25.908333333333076,833.3333333333333,0.0,0.0,5700.0,6450.0,416.9250726666668,57.41286666666609,0.0
2025-01-06,73,warmup,0.4411,1065.6633833333333,947.7477666666668,1120.1449666666667,1009.2177833333334,944.2605166666667,6.988433333332978,833.3333333333333,0.0,0.0,6450.0,7200.0,416.51331390166666,15.412989716665882,0.0
2025-01-06,74,warmup,0.4551,1062.05175,961.2695,1088.3288833333334,1002.9073,918.7549166666668,15.360666666666702,833.3333333333334,0.0,0.0,7200.0,7950.0,418.12536257500005,34.95319700000008,1.1368683772161603e-13
2025-01-06,75,warmup,0.4463,1070.0733333333333,1002.84375,1048.1516666666666,1003.8000000000001,877.685,22.87791666666658,833.3333333333333,0.0,0.0,7950.0,8700.0,391.71081549999997,51.05207104166647,0.0
2025-01-06,76,warmup,0.4113,1045.130666666667,1008.0864666666666,1048.0808166666668,990.7054166666667,890.7087333333335,0.0,833.3333333333333,0.0,20.331199999999967,8700.0,9450.0,366.34850202000007,0.0,-1.1368683772161603e-13
2025-01-06,77,warmup,0.5682,1053.8634333333332,994.83015,1090.68905,984.6783333333333,939.34405,0.0,833.3333333333334,0.0,46.977433333333465,9450.0,10200.0,533.73528921,0.0,-1.1368683772161603e-13
2025-01-06,78,warmup,0.8279,1101.235,984.59375,1138.535,985.3937500000001,153.14125,0.0,0.0,0.0,36.500000000000114,10200.0,10200.0,126.78564087500001,0.0,1.1368683772161603e-13
2025-01-06,79,warmup,0.8636,1122.6911166666666,975.0818166666668,1143.0657166666667,968.51355,174.55216666666672,0.0,0.0,0.0,26.942866666666873,10200.0,10200.0,150.7432511333334,0.0,1.1368683772161603e-13
2025-01-06,80,warmup,0.8416,1134.2160166666663,941.49245,1123.2365166666666,942.4701166666667,180.76639999999986,11.957166666666467,0.0,-0.0,0.0,10200.0,10200.0,152.13300223999988,50.31575733333249,0.0
2025-01-06,81,warmup,0.8618,1137.8483333333334,897.09375,1110.1299999999999,915.21875,194.91124999999988,45.843333333333476,0.0,-0.0,0.0,10200.0,10200.0,167.9745152499999,197.53892333333397,0.0
2025-01-06,82,warmup,0.8623,1114.69765,878.1117166666667,1121.4022166666666,883.0899666666666,238.31225000000006,0.0,0.0,0.0,1.726316666666662,10200.0,10200.0,205.49665317500003,0.0,0.0
2025-01-06,83,warmup,0.9026,1100.4893333333332,841.6892666666666,1141.5142166666667,833.21845,308.29576666666674,0.0,0.0,0.0,49.49570000000017,10200.0,10200.0,278.26775899333336,0.0,0.0
2025-01-06,84,warmup,0.9754,1100.7,795.1,1153.0416666666667,777.9250000000001,0.0,0.0,0.0,305.6,0.0,10200.0,9860.444444444445,0.0,0.0,0.0
2025-01-06,85,warmup,1.0002,1091.1499833333337,787.8713666666666,1144.38925,747.1545500000001,0.0,0.0,0.0,303.27861666666706,0.0,9860.444444444445,9523.468203703704,0.0,0.0,0.0
2025-01-06,86,warmup,0.9978,1103.459566666667,760.5209666666666,1104.3138166666665,731.3669666666666,0.0,0.0,0.0,342.9386000000003,0.0,9523.468203703704,9142.425314814815,0.0,0.0,0.0
2025-01-06,87,warmup,1.0271,1121.6466666666668,705.0,1077.7333333333333,700.88125,0.0,0.0,0.0,416.64666666666676,0.0,9142.425314814815,8679.484574074073,0.0,0.0,0.0
2025-01-06,88,warmup,1.0906,1093.2435833333334,671.7037833333333,1120.9334166666665,634.5597666666666,0.0,0.0,0.0,421.5398000000001,0.0,8679.484574074073,8211.107018518518,0.0,0.0,0.0
2025-01-06,89,warmup,0.9376,1066.2487166666667,628.9981,1118.1760333333334,582.6891166666667,0.00013374647280094056,0.0,0.0,437.2504829201939,0.0,8211.107018518518,7725.273148607192,0.00012540069289816187,0.0,0.0
2025-01-06,90,warmup,0.6694,1074.7,570.0812500000001,1071.1133333333335,553.8312500000001,1350.6154166666668,0.0,442.2758436214018,0.0,403.720823045265,7725.273148607192,8123.321407866453,904.1019599166667,0.0,-1.1368683772161603e-13
2025-01-06,91,warmup,0.66,1100.1180833333333,524.0023166666666,1091.4053333333334,510.40325,1414.3354166666668,0.0,833.3333333333333,0.0,4.886316666666858,8123.321407866453,8873.321407866453,933.4613750000001,0.0,-1.1368683772161603e-13
2025-01-06,92,warmup,0.7217,1077.6702166666666,479.2144166666667,1092.2044833333332,467.78208333333333,1457.7557333333334,0.0,833.3333333333333,0.0,25.9666000000002,8873.321407866453,9623.321407866453,1052.0623127466667,0.0,0.0
2025-01-06,93,warmup,0.7308,1037.87,432.9375,1060.6933333333334,427.44374999999997,1466.5829166666667,0.0,833.3333333333333,0.0,28.317083333333585,9623.321407866453,10373.321407866453,1071.7787955000001,0.0,0.0
2025-01-06,94,warmup,0.7534,1069.4894,395.0314333333333,1077.2093,372.30019999999996,1178.9964245928297,0.0,474.08732459282925,0.0,30.45113333333387,10373.321407866453,10800.0,888.2559062882378,0.0,0.0
2025-01-06,95,warmup,0.7823,1074.2876166666667,348.9890833333333,1095.2237166666666,321.04018333333335,774.1835333333333,0.0,0.0,-0.0,48.884999999999934,10800.0,10800.0,605.6437781266667,0.0,5.684341886080802e-14
2025-01-06,96,warmup,0.8055,1041.3366666666668,288.975,1085.6133333333335,275.34375,810.2695833333335,0.0,0.0,-0.0,57.907916666666665,10800.0,10800.0,652.6721493750001,0.0,1.1368683772161603e-13
2025-01-06,97,warmup,0.8271,1058.4165833333334,226.29261666666665,1066.4095166666666,218.33696666666665,848.07255,0.0,0.0,-0.0,15.948583333333232,10800.0,10800.0,701.440806105,0.0,8.526512829121202e-14
2025-01-06,98,warmup,0.8519,1070.2908,170.58158333333333,1042.9378166666668,163.33828333333335,879.5995333333334,20.10968333333384,0.0,-5.73031622153053e-13,0.0,10800.0,10800.0,749.3308424466667,85.6571961583355,-2.2737367544323206e-13
2025-01-06,99,warmup,0.8791,1054.9233333333334,123.78125,1032.1833333333334,117.28125,914.9020833333334,16.240000000000503,0.0,-4.948796927806142e-13,0.0,10800.0,10800.0,804.2904214583334,71.38292000000222,0.0
2025-01-06,100,warmup,0.9024,1050.6539666666663,80.79273333333333,1051.41015,74.02884999999999,977.3812999999999,0.0,0.0,-7.374101329560289e-14,7.520066666666861,10800.0,10800.0,881.9888851199998,0.0,7.37188088351104e-14
2025-01-06,101,warmup,0.9163,1055.68355,37.38191666666667,1059.6464666666668,32.48963333333334,1027.1568333333335,0.0,0.0,-0.0,8.855200000000153,10800.0,10800.0,941.1838063833335,0.0,4.263256414560601e-14
2025-01-06,102,warmup,0.9264,1060.1666666666667,4.36875,1051.5166666666667,3.025,1048.4916666666666,7.306250000000629,0.0,-4.474642878449231e-13,0.0,10800.0,10800.0,971.3226799999999,33.84255000000291,0.0
2025-01-06,103,warmup,0.9462,1056.33155,0.0,1057.1377333333332,0.0,1057.1377333333332,0.0,0.0,-0.0,0.8061833333331379,10800.0,10800.0,1000.2637232799999,0.0,0.0
2025-01-06,104,warmup,0.9742,1035.3065166666668,0.7160166666666666,1050.05735,0.7167500000000001,1049.3406,0.0,0.0,-0.0,14.750099999999895,10800.0,10800.0,1022.26761252,0.0,7.993605777301127e-14
2025-01-06,105,warmup,0.9862,1025.5666666666666,0.0,1051.86,0.0,1051.86,0.0,-3.0695446184836325e-13,0.0,26.2933333333336,10800.0,10800.0,1037.344332,0.0,0.0
2025-01-06,106,warmup,0.976,1047.0666166666667,0.0,1086.9624666666666,0.0,1086.9624666666666,0.0,0.0,-0.0,39.89584999999988,10800.0,10800.0,1060.8753674666666,0.0,0.0
2025-01-06,107,warmup,1.0742,945.4766166666668,0.0514,954.9336166666667,0.05146666666666667,954.88215,0.0,0.0,1.561797566274059e-14,9.456933333333225,10800.0,10800.0,1025.73440553,0.0,-7.105427357601002e-14
2025-01-06,108,warmup,1.2313,759.2116666666667,0.0,734.0416666666666,0.0,734.0416666666666,25.17000000000028,0.0,-2.0605739337042905e-13,0.0,10800.0,10800.0,903.8255041666666,154.95910500000173,0.0
2025-01-06,109,warmup,1.2561,698.3793333333333,0.0,723.1414166666667,0.0,723.1414166666667,0.0,0.0,0.0,24.762083333333408,10800.0,10800.0,908.337933475,0.0,0.0
2025-01-06,110,warmup,1.2447,715.2248,0.0036833333333333,767.9411166666667,0.0037,767.9374166666668,0.0,0.0,6.906475391588173e-14,52.71630000000021,10800.0,10800.0,955.8517025250001,0.0,6.394884621840902e-14
2025-01-06,111,warmup,1.2545,746.9366666666666,0.0,754.3649999999999,0.0,754.3649999999999,0.0,0.0,0.0,7.428333333333285,10800.0,10800.0,946.3508924999999,0.0,0.0
2025-01-06,112,warmup,1.2522,775.4515,0.0,726.7196666666667,0.0,726.7196666666667,48.73183333333213,0.0,1.1368683772161603e-12,0.0,10800.0,10799.999999999998,909.9983666,305.1100084999925,0.0
2025-01-06,113,warmup,1.2881,756.72815,0.0002666666666666,731.6929666666666,0.0002666666666666667,209.75278333333392,25.035183333335453,0.0,521.939916666664,0.0,10799.999999999998,10220.06675925926,270.1825602116674,161.23909825834698,0.0
2025-01-06,114,warmup,1.3466,709.5566666666667,0.0,760.5666666666666,0.0,0.0,0.0,0.0,709.5566666666668,0.0,10220.06675925926,9431.670462962964,0.0,0.0,1.1368683772161603e-13
2025-01-06,115,warmup,1.3523,703.2557333333333,0.0,762.6943833333333,0.0,0.0,0.0,0.0,703.2557333333333,0.0,9431.670462962964,8650.275203703704,0.0,0.0,0.0
2025-01-06,116,warmup,1.3445,729.3862,0.0,737.8425833333334,0.0,0.0,0.0,0.0,729.3862,0.0,8650.275203703704,7839.846092592593,0.0,0.0,0.0
2025-01-06,117,warmup,1.3483,752.8483333333334,0.0,722.3916666666668,0.0,0.0,0.0,0.0,752.8483333333334,0.0,7839.846092592593,7003.347944444445,0.0,0.0,0.0
2025-01-06,118,warmup,1.349,748.1271833333334,0.0,750.8413166666666,0.0,0.0,0.0,0.0,748.1271833333334,0.0,7003.347944444445,6172.0955185185185,0.0,0.0,0.0
2025-01-06,119,warmup,1.3473,751.6427,0.0,759.4042333333333,0.0,0.0,0.0,0.0,751.6427,0.0,6172.0955185185185,5336.936962962963,0.0,0.0,0.0
2025-01-06,120,warmup,1.3482,764.9416666666666,0.0,725.275,0.0,0.0,0.0,0.0,764.9416666666666,0.0,5336.936962962963,4487.0017777777775,0.0,0.0,0.0
2025-01-06,121,warmup,1.3513,751.5444166666666,0.0,693.43795,0.0,0.0,0.0,0.0,751.5444166666666,0.0,4487.0017777777775,3651.9524259259256,0.0,0.0,0.0
2025-01-06,122,warmup,1.34,724.6834,0.0,713.2406833333333,0.0,0.0,10.291816666666818,0.0,714.3915833333332,0.0,3651.9524259259256,2858.1839999999997,0.0,68.95517166666768,0.0
2025-01-06,123,warmup,1.3489,713.0100000000001,0.0,753.5883333333333,0.0,0.0,0.0,0.0,713.0100000000001,0.0,2858.1839999999997,2065.950666666666,0.0,0.0,0.0
2025-01-06,124,warmup,1.3952,735.1451166666667,0.0,738.7772666666666,0.0,0.0,0.0,0.0,735.1451166666667,0.0,2065.950666666666,1249.1227592592586,0.0,0.0,0.0
2025-01-06,125,warmup,1.2226,760.8267166666666,0.0,734.1457,0.0,734.1457,0.0,0.0,26.681016666666732,0.0,1249.1227592592586,1219.4771851851845,897.56653282,0.0,2.2737367544323206e-13
2025-01-06,126,warmup,0.9332,769.9816666666667,0.0,755.5666666666666,0.0,755.5666666666666,0.0,0.0,14.414999999999985,0.0,1219.4771851851845,1203.4605185185178,705.0948133333333,0.0,-1.1368683772161603e-13
2025-01-06,127,warmup,0.9068,763.4571166666666,0.0,752.2540333333333,0.0,752.2540333333333,8.088616666667305,0.0,3.1144666666660203,0.0,1203.4605185185178,1200.0,682.1439574266667,36.673787966669565,0.0
2025-01-06,128,warmup,0.9371,737.8627833333334,0.0,748.3642333333333,0.0,748.3642333333333,0.0,0.0,0.0,10.501449999999977,1200.0,1200.0,701.2921230566667,0.0,0.0
2025-01-06,129,warmup,0.9371,730.0516666666667,0.0,767.81,0.0,767.81,0.0,-0.0,0.0,37.75833333333322,1200.0,1200.0,719.5147509999999,0.0,-7.105427357601002e-15
2025-01-06,130,warmup,0.9871,771.5217166666666,0.0,788.7005166666667,0.0,788.7005166666667,0.0,-0.0,0.0,17.178800000000024,1200.0,1200.0,778.5262800016667,0.0,0.0
2025-01-06,131,warmup,0.7764,715.6154,0.0,694.5243333333333,0.0,694.5243333333333,21.091066666666734,0.0,-0.0,0.0,1200.0,1200.0,539.2286924,81.87552080000026,0.0
2025-01-06,132,warmup,0.4209,585.9316666666667,0.0,548.0883333333334,0.0,548.0883333333334,37.84333333333336,0.0,-0.0,0.0,1200.0,1200.0,230.6903795,79.64129500000006,0.0
2025-01-06,133,warmup,0.3859,559.6959499999999,0.0,539.5484166666666,0.0,539.5484166666666,20.147533333333286,0.0,-0.0,0.0,1200.0,1200.0,208.21173399166668,38.87466556666657,0.0
2025-01-06,134,warmup,0.4368,570.9604,0.0,563.05595,0.0,563.05595,7.904449999999997,0.0,-0.0,0.0,1200.0,1200.0,245.94283896000005,17.263318799999993,0.0
2025-01-06,135,warmup,0.4198,566.3416666666667,0.0,564.3383333333334,0.0,564.3383333333334,2.0033333333333303,0.0,-0.0,0.0,1200.0,1200.0,236.90923233333336,4.204996666666661,0.0
2025-01-06,136,warmup,0.4186,563.5174333333333,0.0,589.8358,0.0,589.8358,0.0,-0.0,0.0,26.318366666666634,1200.0,1200.0,246.90526588,0.0,0.0
2025-01-06,137,warmup,0.4241,562.2307166666667,0.0,582.0661833333334,0.0,582.0661833333334,0.0,-0.0,0.0,19.83546666666666,1200.0,1200.0,246.85426835166666,0.0,0.0
2025-01-06,138,warmup,0.4237,573.1433333333333,0.0,557.335,0.0,557.335,15.80833333333328,0.0,-0.0,0.0,1200.0,1200.0,236.14283950000004,33.48995416666656,0.0
2025-01-06,139,warmup,0.4248,607.9602166666667,0.0,592.1239833333333,0.0,592.1239833333333,15.836233333333439,0.0,-0.0,0.0,1200.0,1200.0,251.53426811999998,33.63615960000023,0.0
2025-01-06,140,warmup,0.424,619.9824333333333,0.0,604.0571166666667,0.0,604.0571166666667,15.925316666666617,0.0,-0.0,0.0,1200.0,1200.0,256.1202174666667,33.76167133333323,0.0
2025-01-06,141,warmup,0.422,601.48,0.0,586.6166666666667,0.0,586.6166666666667,14.863333333333344,0.0,-0.0,0.0,1200.0,1200.0,247.55223333333333,31.361633333333355,0.0
2025-01-06,142,warmup,0.424,586.9800333333334,0.0,614.9030666666666,0.0,614.9030666666666,0.0,0.0,0.0,27.92303333333325,1200.0,1200.0,260.71890026666665,0.0,0.0
2025-01-06,143,warmup,0.4271,567.1116166666667,0.0,627.32955,0.0,627.32955,0.0,-0.0,0.0,60.21793333333335,1200.0,1200.0,267.93245080500003,0.0,0.0
2025-01-06,144,warmup,0.4276,567.9683333333334,0.0,608.2516666666667,0.0,608.2516666666667,0.0,-0.0,0.0,40.2833333333333,1200.0,1200.0,260.08841266666667,0.0,0.0
2025-01-07,1,warmup,0.4248,623.5018333333334,0.0,607.3944666666666,0.0,1440.7278000000001,16.107366666666508,833.3333333333333,0.0,0.0,1200.0,1950.0,612.0211694400001,34.21204679999966,1.1368683772161603e-13
2025-01-07,2,warmup,0.4245,618.4973,0.0,611.2273833333334,0.0,1444.5607166666668,7.269916666666404,833.3333333333333,0.0,0.0,1950.0,2700.0,613.2160242250001,15.430398124999444,0.0
2025-01-07,3,warmup,0.4269,571.0066666666667,0.0,608.8933333333333,0.0,1442.2266666666667,0.0,833.3333333333333,0.0,37.88666666666677,2700.0,3450.0,615.686564,0.0,0.0
2025-01-07,4,warmup,0.4272,613.1864666666667,0.0,609.8078333333334,0.0,1443.1411666666668,3.3786333333331413,833.3333333333333,0.0,0.0,3450.0,4200.0,616.5099064000001,7.21676079999959,1.1368683772161603e-13
2025-01-07,5,warmup,0.4271,654.0969833333334,0.0,625.6360166666667,0.0,1458.96935,28.460966666666536,833.3333333333333,0.0,0.0,4200.0,4950.0,623.125809385,60.778394316666386,0.0
2025-01-07,6,warmup,0.4285,654.025,0.0,638.5166666666667,0.0,1471.85,15.508333333333326,833.3333333333333,0.0,0.0,4950.0,5700.0,630.687725,33.226604166666654,-1.1368683772161603e-13
2025-01-07,7,warmup,0.4311,661.0716833333333,0.0,623.8103333333333,0.0,1290.477,37.26134999999988,666.6666666666666,0.0,0.0,5700.0,6300.0,556.3246347,80.31683992499974,1.1368683772161603e-13
2025-01-07,8,warmup,0.4302,641.8623,0.0,644.55665,0.0,1477.8899833333335,0.0,833.3333333333333,0.0,2.694350000000213,6300.0,7050.0,635.7882708300001,0.0,0.0
2025-01-07,9,warmup,0.4279,604.89,0.0,678.8683333333333,0.0,1512.2016666666668,0.0,833.3333333333333,0.0,73.97833333333358,7050.0,7800.0,647.0710931666667,0.0,0.0
2025-01-07,10,warmup,0.4312,605.5048666666667,0.0,643.4593333333333,0.0,643.4593333333333,0.0,37.95446666666669,0.0,0.0,7800.0,7834.15902,277.45966453333335,0.0,0.0
2025-01-07,11,warmup,0.4333,632.82515,0.0,632.8780833333334,0.0,632.8780833333334,0.0,0.052933333333385235,0.0,0.0,7834.15902,7834.20666,274.22607350833334,0.0,0.0
2025-01-07,12,warmup,0.4311,660.4033333333333,0.0,667.4083333333333,0.0,1500.7416666666668,0.0,795.3259333333335,0.0,45.01239999999996,7834.20666,8550.0,646.9697325000001,0.0,0.0
2025-01-07,13,warmup,0.4293,670.6950166666667,0.0,672.91,0.0,1506.2433333333333,0.0,833.3333333333333,0.0,2.2149833333334072,8550.0,9300.0,646.630263,0.0,0.0
2025-01-07,14,warmup,0.4324,674.4617999999999,0.0,675.2263166666667,0.0,675.2263166666667,0.0,0.0,0.0,0.7645166666667365,9300.0,9300.0,291.96785932666666,0.0,0.0
2025-01-07,15,warmup,0.4367,677.03,0.0,682.6966666666667,0.0,682.6966666666667,0.0,0.0,0.0,5.6666666666667425,9300.0,9300.0,298.13363433333336,0.0,0.0
2025-01-07,16,warmup,0.4348,672.16295,0.0,669.3242833333334,0.0,669.3242833333334,2.8386666666666542,0.0,-0.0,0.0,9300.0,9300.0,291.0221983933334,6.171261333333306,0.0
2025-01-07,17,warmup,0.4335,657.8791166666666,0.0,647.2983333333333,0.0,647.2983333333333,10.58078333333333,0.0,-0.0,0.0,9300.0,9300.0,280.60382749999997,22.93384787499999,0.0
2025-01-07,18,warmup,0.4357,645.5500000000001,0.0,644.795,0.0,644.795,0.7550000000001091,0.0,-0.0,0.0,9300.0,9300.0,280.93718149999995,1.6447675000002375,0.0
2025-01-07,19,warmup,0.4374,649.4781166666667,0.0,679.2211666666667,0.0,679.2211666666667,0.0,0.0,0.0,29.74305000000004,9300.0,9300.0,297.0913383,0.0,0.0
2025-01-07,20,warmup,0.4371,648.51725,0.0,703.0744,0.0,703.0744,0.0,0.0,0.0,54.55714999999998,9300.0,9300.0,307.31382024,0.0,0.0
2025-01-07,21,warmup,0.4356,645.1716666666667,0.0,698.15,0.0,698.15,0.0,0.0,0.0,52.97833333333324,9300.0,9300.0,304.11413999999996,0.0,0.0
2025-01-07,22,warmup,0.4353,661.4518166666667,0.0,690.0639333333334,0.0,690.0639333333334,0.0,0.0,0.0,28.61211666666668,9300.0,9300.0,300.38483018,0.0,0.0
2025-01-07,23,warmup,0.436,668.7802333333333,0.0,696.3362999999999,0.0,696.3362999999999,0.0,0.0,0.0,27.556066666666652,9300.0,9300.0,303.6026268,0.0,0.0
2025-01-07,24,warmup,0.4378,670.4499999999999,0.0,708.8283333333334,0.0,708.8283333333334,0.0,0.0,0.0,38.378333333333444,9300.0,9300.0,310.3250443333334,0.0,0.0
2025-01-07,25,warmup,0.4401,695.564,0.0,707.1996333333333,0.0,707.1996333333333,0.0,0.0,0.0,11.635633333333317,9300.0,9300.0,311.23855862999994,0.0,0.0
2025-01-07,26,warmup,0.4389,699.6988,0.0,713.0952000000001,0.0,713.0952000000001,0.0,0.0,0.0,13.396400000000085,9300.0,9300.0,312.97748328000006,0.0,0.0
2025-01-07,27,warmup,0.4364,681.8783333333333,0.0,719.2283333333334,0.0,719.2283333333334,0.0,0.0,0.0,37.35000000000002,9300.0,9300.0,313.87124466666666,0.0,0.0
2025-01-07,28,warmup,0.4393,689.5033333333334,0.0,695.8064166666667,0.0,695.8064166666667,0.0,0.0,0.0,6.303083333333234,9300.0,9300.0,305.6677588416667,0.0,0.0
2025-01-07,29,warmup,0.4422,714.2354666666666,0.0,680.2819166666667,0.0,680.2819166666667,33.95354999999995,0.0,-0.0,0.0,9300.0,9300.0,300.82066355,75.07129904999988,0.0
2025-01-07,30,warmup,0.4395,734.0783333333334,0.0,694.1416666666668,0.0,694.1416666666668,39.93666666666661,0.0,-0.0,0.0,9300.0,9300.0,305.07526250000006,87.76082499999987,0.0
2025-01-07,31,warmup,0.4333,731.4117166666666,0.0002333333333333,720.0062666666666,0.0002833333333333333,720.0059833333333,11.40549999999994,0.0,-0.0,0.0,9300.0,9300.0,311.97859257833335,24.71001574999987,0.0
2025-01-07,32,warmup,0.4439,703.3788,0.0,719.7377,0.0,719.7377,0.0,16.358900000000062,0.0,0.0,9300.0,9314.72301,319.49156503,0.0,0.0
2025-01-07,33,warmup,0.4301,675.9316666666667,0.0,692.5566666666667,0.0,1525.89,0.0,816.9744333333336,0.0,32.98389999999972,9314.72301,10050.0,656.285289,0.0,0.0
2025-01-07,34,warmup,0.3713,696.5622,0.0032833333333333,687.0100833333332,0.003966666666666667,1520.33945,9.552799999999934,833.3333333333333,0.0,0.0,10050.0,10800.0,564.502037785,17.73477319999988,-1.1368683772161603e-13
2025-01-07,35,warmup,0.5708,794.0757666666667,0.0,774.3374833333334,0.0,774.3374833333334,19.738283333333356,0.0,-0.0,0.0,10800.0,10800.0,441.9918354866667,56.3330606333334,0.0
2025-01-07,36,warmup,0.9099,893.7950000000001,0.0,897.25,0.0,897.25,0.0,0.0,-0.0,3.4549999999999272,10800.0,10800.0,816.407775,0.0,0.0
2025-01-07,37,warmup,0.9368,883.362,0.0458166666666666,917.234,0.055216666666666664,242.1787833333335,0.0,0.0,641.1373999999998,0.0,10800.0,10087.62511111111,226.87308422666683,0.0,1.1368683772161603e-13
2025-01-07,38,warmup,0.8758,887.00905,0.0,902.8541666666666,0.0,902.8541666666666,0.0,0.0,0.0,15.845116666666627,10087.62511111111,10087.62511111111,790.7196791666667,0.0,0.0
2025-01-07,39,warmup,0.8759,933.8866666666668,0.0,908.235,0.0,908.235,0.0,0.0,25.651666666666756,0.0,10087.62511111111,10059.123259259259,795.5230365,0.0,0.0
2025-01-07,40,warmup,0.8601,930.09885,0.6381,918.2977666666667,0.7691499999999999,917.5286166666667,3.721200000000417,0.0,8.210933333332832,0.0,10059.123259259259,10050.0,789.166363195,16.003020600001793,0.0
2025-01-07,41,warmup,0.8442,909.1203166666666,0.0,912.7377833333334,0.0,912.7377833333334,0.0,0.0,0.0,3.6174666666668145,10050.0,10050.0,770.53323669,0.0,0.0
2025-01-07,42,warmup,0.8334,899.4866666666667,4.9125000000000005,890.4716666666667,3.7937499999999997,886.6779166666666,7.896250000000031,0.0,-0.0,0.0,10050.0,10050.0,738.95737575,32.90367375000013,0.0
2025-01-07,43,warmup,0.8092,896.7118,37.81588333333333,871.7132666666666,36.452466666666666,835.2608,23.63511666666669,0.0,-0.0,0.0,10050.0,10050.0,675.89303936,95.62768203333343,0.0
2025-01-07,44,warmup,0.7972,915.6544666666668,83.06501666666666,880.0355166666667,79.05208333333333,800.9834333333333,31.60601666666686,0.0,0.0,0.0,10050.0,10050.0,638.5439930533333,125.98158243333411,0.0
2025-01-07,45,warmup,0.7644,919.0416666666666,127.9,878.3616666666667,121.38125000000001,756.9804166666667,34.16124999999997,-0.0,0.0,0.0,10050.0,10050.0,578.6358305,130.56429749999987,0.0
2025-01-07,46,warmup,0.6899,876.8275,170.57399999999998,835.2851666666667,166.71063333333333,1501.9078666666667,37.67896666666661,833.3333333333333,0.0,0.0,10050.0,10800.0,1036.1662372133333,129.97359551666645,1.1368683772161603e-13
2025-01-07,47,warmup,0.86,1002.1062333333332,214.5876333333333,971.2609166666666,208.43880000000001,762.8221166666666,24.696483333333305,0.0,-0.0,0.0,10800.0,10800.0,656.0270203333332,106.19487833333321,0.0
2025-01-07,48,warmup,1.1617,1220.59,265.64375,1208.4766666666667,250.4625,124.68083333333334,0.0,0.0,830.2654166666666,0.0,10800.0,9877.48287037037,144.84172408333333,0.0,0.0
2025-01-07,49,warmup,1.1683,1228.92775,324.2343333333333,1231.4706333333334,302.7128166666667,95.42448333333334,0.0,0.0,809.2689333333333,0.0,9877.48287037037,8978.295166666667,111.48442387833333,0.0,-2.2737367544323206e-13
2025-01-07,50,warmup,1.0956,1194.3171,367.3873833333334,1212.5025333333333,347.64335,31.525849999999878,0.0,0.0,795.4038666666668,0.0,8978.295166666667,8094.513092592592,34.539721259999865,0.0,0.0
2025-01-07,51,warmup,1.0849,1214.555,397.375,1238.0883333333334,382.48125,22.27374999999995,0.0,0.0,794.90625,0.0,8094.513092592592,7211.283925925925,24.164791374999947,0.0,-2.2737367544323206e-13
2025-01-07,52,warmup,1.061,1214.1978833333333,440.9877,1217.7327666666667,423.14145,0.0,0.0,0.0,773.2101833333332,0.0,7211.283925925925,6352.161499999999,0.0,0.0,0.0
2025-01-07,53,warmup,1.043,1188.9038833333334,498.37905,1196.8882833333334,472.5344333333333,0.0,0.0,0.0,690.5248333333334,0.0,6352.161499999999,5584.911685185184,0.0,0.0,0.0
2025-01-07,54,warmup,1.036,1167.4083333333333,557.5500000000001,1197.9033333333334,516.2937499999999,0.0,0.0,0.0,609.8583333333332,0.0,5584.911685185184,4907.291314814814,0.0,0.0,0.0
2025-01-07,55,warmup,1.0147,1179.10495,603.25445,1193.6681833333334,539.3959166666667,0.0,0.0,0.0,575.8504999999999,0.0,4907.291314814814,4267.457425925924,0.0,0.0,0.0
2025-01-07,56,warmup,0.9922,1203.50195,628.74075,1195.6892166666667,577.25915,0.0,0.0,0.0,574.7612,0.0,4267.457425925924,3628.8338703703685,0.0,0.0,0.0
2025-01-07,57,warmup,0.97,1214.2733333333333,649.40625,1198.065,630.8312500000001,0.0,0.0,0.0,564.8670833333333,0.0,3628.8338703703685,3001.203777777776,0.0,0.0,0.0
2025-01-07,58,warmup,0.9422,1199.3909,688.8173666666667,1180.5133166666667,668.5347333333333,511.9785833333334,0.0,0.0,0.0,1.4050499999999602,3001.203777777776,3001.203777777776,482.38622121666674,0.0,1.1368683772161603e-13
2025-01-07,59,warmup,0.9569,1176.6833,724.5390000000001,1174.0684333333334,715.2191666666666,458.8492666666667,0.0,0.0,0.0,6.704966666666905,3001.203777777776,3001.203777777776,439.0728632733334,0.0,0.0
2025-01-07,60,warmup,0.9977,1166.7016666666666,749.6437500000001,1176.9466666666667,755.7312499999999,0.0,0.0,0.0,417.05791666666653,0.0,3001.203777777776,2537.806092592591,0.0,0.0,0.0
2025-01-07,61,warmup,0.9919,1175.9679833333332,782.5945499999999,1161.9107999999999,751.1307333333333,0.0,0.0,0.0,393.3734333333333,0.0,2537.806092592591,2100.7244999999984,0.0,0.0,0.0
2025-01-07,62,warmup,0.9588,1175.1191166666667,832.9956666666667,1179.6799666666668,780.7058666666667,307.2537166666664,0.0,0.0,34.86973333333367,0.0,2100.7244999999984,2061.9803518518497,294.5948635399997,0.0,0.0
2025-01-07,63,warmup,0.9549,1161.4266666666667,873.6,1209.1516666666666,837.0187500000001,372.1329166666666,0.0,0.0,0.0,84.30624999999986,2061.9803518518497,2061.9803518518497,355.3497221249999,0.0,0.0
2025-01-07,64,warmup,0.9839,1162.9998833333334,866.3125,1178.2818166666666,835.8218499999999,0.0,0.0,0.0,296.6873833333334,0.0,2061.9803518518497,1732.3277037037014,0.0,0.0,0.0
2025-01-07,65,warmup,0.799,1187.1872166666667,864.1483333333334,1173.3346666666666,848.4731666666667,324.8615,0.0,0.0,0.0,1.822616666666704,1732.3277037037014,1732.3277037037014,259.5643385,0.0,1.1368683772161603e-13
2025-01-07,66,warmup,0.5025,1192.6883333333333,878.475,1203.1299999999999,879.80625,1156.6570833333333,0.0,241.85810699588728,0.0,600.5856430041127,1732.3277037037014,1950.0,581.2201843749999,0.0,1.1368683772161603e-13
2025-01-07,67,warmup,0.4662,1136.92615,871.9162333333334,1187.2440833333333,864.6316499999999,1155.9457666666667,0.0,833.3333333333333,0.0,57.602516666666816,1950.0,2700.0,538.90191642,0.0,0.0
2025-01-07,68,warmup,0.5007,1137.6254833333337,869.9123666666666,1159.1059,880.0237000000001,1112.4155333333333,0.0,833.3333333333333,0.0,11.369083333332924,2700.0,3450.0,556.9864575400001,0.0,-1.1368683772161603e-13
2025-01-07,69,warmup,0.4827,1196.9383333333333,882.0500000000001,1152.4416666666666,937.7624999999999,1048.0125,100.20916666666642,833.3333333333333,0.0,0.0,3450.0,4200.0,505.87563375,241.8548237499994,0.0
2025-01-07,70,warmup,0.4785,1194.3912666666668,890.948,1162.2219166666666,967.37925,1028.176,108.6006000000001,833.3333333333333,0.0,0.0,4200.0,4950.0,491.98221599999994,259.8269355000002,0.0
2025-01-07,71,warmup,0.4662,1143.5714333333333,899.8598333333333,1148.1250333333335,976.5396166666666,1004.9187500000003,72.12618333333296,833.3333333333333,0.0,0.0,4950.0,5700.0,468.4931212500001,168.12613334999912,0.0
2025-01-07,72,warmup,0.4432,1095.0333333333333,904.46875,1104.0716666666667,970.78125,966.6237500000001,57.274166666666474,833.3333333333333,0.0,0.0,5700.0,6450.0,428.407646,126.91955333333289,0.0
2025-01-07,73,warmup,0.4411,1087.5478833333334,894.4417,1065.6633833333333,947.7477666666667,951.2489499999999,75.19056666666677,833.3333333333333,0.0,0.0,6450.0,7200.0,419.59591184499993,165.83279478333355,0.0
2025-01-07,74,warmup,0.4551,1105.8556666666666,886.5409333333333,1062.0517499999999,961.2695,934.1155833333332,118.53248333333329,833.3333333333333,0.0,0.0,7200.0,7950.0,425.11600197499996,269.7206658249999,0.0
2025-01-07,75,warmup,0.4463,1122.3266666666666,877.7624999999999,1070.0733333333333,1002.84375,900.5629166666666,177.33458333333328,833.3333333333333,0.0,0.0,7950.0,8700.0,401.92122970833327,395.72212270833325,0.0
2025-01-07,76,warmup,0.4113,1122.7787833333334,848.5200333333333,1045.1306666666667,1008.0864666666666,870.3775333333334,237.21454999999992,833.3333333333333,0.0,0.0,8700.0,9450.0,357.98627946000005,487.8317220749998,0.0
2025-01-07,77,warmup,0.5682,1139.4096166666666,818.7607833333333,1053.8634333333332,994.8301499999999,892.3666166666667,261.61554999999987,833.3333333333333,0.0,0.0,9450.0,10200.0,507.04271159000007,743.2497775499996,0.0
2025-01-07,78,warmup,0.8279,1152.57,798.7624999999999,1101.235,984.59375,116.6412499999999,237.1662500000001,0.0,-0.0,0.0,10200.0,10200.0,96.56729087499991,981.7496918750004,0.0
2025-01-07,79,warmup,0.8636,1115.9225833333333,784.0687166666667,1122.6911166666666,975.0818166666667,147.60929999999996,184.24456666666663,0.0,-0.0,0.0,10200.0,10200.0,127.47539147999997,795.5680388666666,0.0
2025-01-07,80,warmup,0.8416,1123.6269166666666,789.1335833333333,1134.2160166666665,941.4924500000001,192.72356666666644,141.7697666666669,0.0,-0.0,0.0,10200.0,10200.0,162.19615370666648,596.5671781333343,0.0
2025-01-07,81,warmup,0.8618,1158.555,798.4,1137.8483333333334,897.09375,240.75458333333336,119.40041666666673,0.0,-0.0,0.0,10200.0,10200.0,207.48229991666668,514.4963954166669,0.0
2025-01-07,82,warmup,0.8623,1110.6376833333334,776.9508833333333,1114.69765,878.1117166666667,236.5859333333334,97.10086666666666,0.0,-0.0,0.0,10200.0,10200.0,204.00805031333337,418.65038663333326,0.0
2025-01-07,83,warmup,0.9026,1080.8056166666668,750.80335,1100.4893333333332,841.6892666666666,258.80006666666657,71.20220000000018,0.0,-0.0,0.0,10200.0,10200.0,233.59294017333323,321.33552860000077,0.0
2025-01-07,84,warmup,0.9754,1095.3533333333332,728.525,1100.7,795.1,0.0,0.0,0.0,366.82833333333326,0.0,10200.0,9792.412962962962,0.0,0.0,0.0
2025-01-07,85,warmup,1.0002,1081.8716166666666,693.4894166666667,1091.1499833333335,787.8713666666666,0.0,0.0,0.0,388.3821999999999,0.0,9792.412962962962,9360.877185185185,0.0,0.0,0.0
2025-01-07,86,warmup,0.9978,1086.01145,659.7729,1103.4595666666667,760.5209666666666,0.0,0.0,0.0,426.2385499999999,0.0,9360.877185185185,8887.278796296296,0.0,0.0,0.0
2025-01-07,87,warmup,1.0271,1113.015,631.50625,1121.6466666666668,705.0,0.0,0.0,0.0,481.5087500000001,0.0,8887.278796296296,8352.269074074073,0.0,0.0,0.0
2025-01-07,88,warmup,1.0906,1113.8392166666663,598.0928166666666,1093.2435833333334,671.7037833333333,0.0,0.0,0.0,515.7463999999997,0.0,8352.269074074073,7779.217518518518,0.0,0.0,0.0
2025-01-07,89,warmup,0.9376,1106.25805,561.8000499999999,1066.2487166666667,628.9981,0.00013374437252484486,0.0,0.0,544.4578662556274,0.0,7779.217518518518,7174.264333790043,0.00012539872367929453,0.0,0.0
2025-01-07,90,warmup,0.6694,1093.5083333333334,524.5749999999999,1074.7,570.0812500000001,1337.9520833333333,64.31458333333353,833.3333333333334,0.0,0.0,7174.264333790043,7924.264333790043,895.6251245833333,215.26091041666731,-1.1368683772161603e-13
2025-01-07,91,warmup,0.66,1059.99145,485.8835333333333,1100.1180833333333,524.0023166666666,1409.4491,0.0,833.3333333333334,0.0,2.007849999999962,7924.264333790043,8674.264333790043,930.2364060000001,0.0,1.1368683772161603e-13
2025-01-07,92,warmup,0.7217,1041.48525,449.89903333333336,1077.6702166666666,479.2144166666667,1431.7891333333332,0.0,833.3333333333334,0.0,6.869583333333253,8674.264333790043,9424.264333790043,1033.3222175266667,0.0,0.0
2025-01-07,93,warmup,0.7308,1055.505,415.09375,1037.8700000000001,432.9375,1438.2658333333334,35.478750000000105,833.3333333333334,0.0,0.0,9424.264333790043,10174.264333790043,1051.084671,129.63935250000037,1.1368683772161603e-13
2025-01-07,94,warmup,0.7534,1085.2975666666666,374.348,1069.4894,395.0314333333333,757.487801550158,648.7236164609055,695.261851344397,0.0,0.0,10174.264333790043,10800.0,570.691309687889,2443.7418632082313,-2.2737367544323206e-13
2025-01-07,95,warmup,0.7823,1103.6871666666666,325.9980333333333,1074.2876166666667,348.9890833333333,725.2985333333334,52.39060000000001,0.0,-6.770584093374055e-14,0.0,10800.0,10800.0,567.4010426266667,204.92583190000008,0.0
2025-01-07,96,warmup,0.8055,1099.8183333333334,273.175,1041.3366666666668,288.97499999999997,752.3616666666669,74.28166666666746,0.0,-9.918366128403022e-13,0.0,10800.0,10800.000000000002,606.0273225000002,299.1694125000032,0.0
2025-01-07,97,warmup,0.8271,1082.9799333333333,221.80936666666665,1058.4165833333334,226.29261666666665,832.1239666666668,29.046599999999202,0.0,6.691713849704684e-13,0.0,10800.000000000002,10800.000000000002,688.2497328300001,120.12221429999668,0.0
2025-01-07,98,warmup,0.8519,1068.9197333333334,175.39951666666664,1070.2908,170.58158333333333,899.7092166666666,0.0,0.0,1.6575540939811615e-12,6.189000000001537,10800.000000000002,10800.0,766.4622816783333,0.0,-9.414691248821327e-14
2025-01-07,99,warmup,0.8791,1079.4066666666663,132.0375,1054.9233333333334,123.78125,931.1420833333334,16.22708333333344,0.0,-5.416367354627027e-13,0.0,10800.0,10800.0,818.5670054583334,71.32614479166713,0.0
2025-01-07,100,warmup,0.9024,1118.1052666666667,86.4916,1050.6539666666665,80.79273333333333,969.8612333333332,61.75243333333404,0.0,-5.383249401802458e-13,0.0,10800.0,10800.0,875.2027769599998,278.6269792000032,2.2737367544323206e-13
2025-01-07,101,warmup,0.9163,1102.6086,39.75691666666667,1055.68355,37.38191666666667,1018.3016333333333,44.550050000000596,0.0,-4.997513514126694e-13,0.0,10800.0,10800.0,933.0697866233332,204.10605407500273,0.0
2025-01-07,102,warmup,0.9264,1037.871666666667,5.26875,1060.1666666666667,4.3687499999999995,1055.7979166666667,0.0,0.0,-0.0,23.194999999999755,10800.0,10800.0,978.09119,0.0,-4.618527782440651e-14
2025-01-07,103,warmup,0.9462,1013.4569666666666,0.0,1056.33155,0.0,1056.33155,0.0,0.0,-0.0,42.874583333333476,10800.0,10800.0,999.5009126100001,0.0,0.0
2025-01-07,104,warmup,0.9742,1022.7238833333334,0.66025,1035.3065166666668,0.7160166666666666,1034.5905,0.0,0.0,-0.0,12.526866666666573,10800.0,10800.0,1007.8980650999999,0.0,-9.414691248821327e-14
2025-01-07,105,warmup,0.9862,1058.555,0.0,1025.5666666666666,0.0,1025.5666666666666,32.988333333334594,0.0,-0.0,0.0,10800.0,10800.0,1011.4138466666666,162.6654716666729,1.1368683772161603e-12
2025-01-07,106,warmup,0.976,1095.1346,0.0,1047.0666166666667,0.0,1047.0666166666667,48.06798333333563,0.0,-2.27088663845576e-12,0.0,10800.0,10800.000000000002,1021.9370178666667,234.57175866667788,0.0
2025-01-07,107,warmup,1.0742,946.9977666666668,0.0474,945.4766166666667,0.0514,945.4252166666668,1.5251499999999585,0.0,1.3341944909983684e-13,0.0,10800.000000000002,10800.000000000002,1015.5757677433335,8.191580649999779,0.0
2025-01-07,108,warmup,1.2313,712.1733333333333,0.0,759.2116666666667,0.0,759.2116666666667,0.0,0.0,1.5731495620063818e-12,47.03833333333498,10800.000000000002,10800.0,934.8173251666667,0.0,2.1316282072803006e-14
2025-01-07,109,warmup,1.2561,694.2027666666667,0.0,698.3793333333333,0.0,698.3793333333333,0.0,0.0,-0.0,4.176566666666645,10800.0,10800.0,877.2342805999999,0.0,0.0
2025-01-07,110,warmup,1.2447,732.0895999999999,0.0034,715.2248,0.0036833333333333336,715.2211166666666,16.865083333333388,0.0,-9.208633855450898e-14,0.0,10800.0,10800.0,890.2357239149999,104.95984612500033,0.0
2025-01-07,111,warmup,1.2545,729.9816666666667,0.0,746.9366666666666,0.0,746.9366666666666,0.0,0.0,0.0,16.954999999999927,10800.0,10800.0,937.0320483333333,0.0,0.0
2025-01-07,112,warmup,1.2522,750.15395,0.0,775.4515,0.0,775.4515,0.0,0.0,-0.0,25.29755,10800.0,10800.0,971.0203683,0.0,0.0
2025-01-07,113,warmup,1.2881,751.1373166666667,0.00025,756.72815,0.0002666666666666667,200.86930000000052,0.0,0.0,550.2677666666661,0.0,10800.0,10188.59137037037,258.7397453300007,0.0,0.0
2025-01-07,114,warmup,1.3466,733.7933333333334,0.0,709.5566666666667,0.0,0.0,0.0,0.0,733.7933333333334,0.0,10188.59137037037,9373.265444444443,0.0,0.0,0.0
2025-01-07,115,warmup,1.3523,747.6879333333333,0.0,703.2557333333333,0.0,0.0,0.0,0.0,747.6879333333333,0.0,9373.265444444443,8542.501074074073,0.0,0.0,0.0
2025-01-07,116,warmup,1.3445,757.6117333333333,0.0,729.3862,0.0,0.0,0.0,0.0,757.6117333333333,0.0,8542.501074074073,7700.710259259258,0.0,0.0,0.0
2025-01-07,117,warmup,1.3483,742.7633333333333,0.0,752.8483333333334,0.0,0.0,0.0,0.0,742.7633333333333,0.0,7700.710259259258,6875.417666666665,0.0,0.0,0.0
2025-01-07,118,warmup,1.349,717.8656666666667,0.0,748.1271833333334,0.0,0.0,0.0,0.0,717.8656666666667,0.0,6875.417666666665,6077.7891481481465,0.0,0.0,0.0
2025-01-07,119,warmup,1.3473,694.6878833333334,0.0,751.6427,0.0,0.0,0.0,0.0,694.6878833333334,0.0,6077.7891481481465,5305.913722222221,0.0,0.0,0.0
2025-01-07,120,warmup,1.3482,694.0033333333334,0.0,764.9416666666666,0.0,0.0,0.0,0.0,694.0033333333334,0.0,5305.913722222221,4534.798907407406,0.0,0.0,0.0
2025-01-07,121,warmup,1.3513,729.1727166666666,0.0,751.5444166666666,0.0,0.0,0.0,0.0,729.1727166666666,0.0,4534.798907407406,3724.606999999998,0.0,0.0,0.0
2025-01-07,122,warmup,1.34,746.2967333333332,0.0,724.6834,0.0,0.0,0.0,0.0,746.2967333333332,0.0,3724.606999999998,2895.388407407406,0.0,0.0,0.0
2025-01-07,123,warmup,1.3489,741.8833333333333,0.0,713.0100000000001,0.0,0.0,0.0,0.0,741.8833333333333,0.0,2895.388407407406,2071.073592592591,0.0,0.0,0.0
2025-01-07,124,warmup,1.3952,756.4752333333332,0.0,735.1451166666667,0.0,0.0,0.0,0.0,756.4752333333332,0.0,2071.073592592591,1230.545555555554,0.0,0.0,0.0
2025-01-07,125,warmup,1.2226,741.1412999999999,0.0,760.8267166666666,0.0,760.8267166666666,0.0,0.0,0.0,19.685416666666697,1230.545555555554,1230.545555555554,930.1867437966665,0.0,0.0
2025-01-07,126,warmup,0.9332,708.505,0.0,769.9816666666667,0.0,769.9816666666667,0.0,0.0,0.0,61.47666666666669,1230.545555555554,1230.545555555554,718.5468913333334,0.0,0.0
2025-01-07,127,warmup,0.9068,724.1612,0.0,763.4571166666666,0.0,763.4571166666666,0.0,0.0,0.0,39.29591666666662,1230.545555555554,1230.545555555554,692.3029133933333,0.0,-3.552713678800501e-14
2025-01-07,128,warmup,0.9371,731.1408,0.0,737.8627833333334,0.0,737.8627833333334,0.0,0.0,0.0,6.721983333333355,1230.545555555554,1230.545555555554,691.4512142616667,0.0,0.0
2025-01-07,129,warmup,0.9371,736.515,0.0,730.0516666666667,0.0,730.0516666666667,0.0,0.0,6.4633333333330025,0.0,1230.545555555554,1223.364074074073,684.1314168333334,0.0,-2.2737367544323206e-13
2025-01-07,130,warmup,0.9871,786.3264666666668,0.0,771.5217166666666,0.0,771.5217166666666,0.0,0.0,14.80475000000033,0.0,1223.364074074073,1206.9143518518504,761.5690865216666,0.0,2.2737367544323206e-13
2025-01-07,131,warmup,0.7764,711.90145,0.0,715.6154,0.0,715.6154,0.0,0.0,0.0,3.713950000000068,1206.9143518518504,1206.9143518518504,555.60379656,0.0,0.0
2025-01-07,132,warmup,0.4209,559.2916666666666,0.0,585.9316666666667,0.0,585.9316666666667,0.0,0.0,0.0,26.6400000000001,1206.9143518518504,1206.9143518518504,246.61863850000003,0.0,0.0
2025-01-07,133,warmup,0.3859,555.71955,0.0,559.6959499999999,0.0,559.6959499999999,0.0,0.0,0.0,3.9763999999998756,1206.9143518518504,1206.9143518518504,215.98666710499998,0.0,2.3092638912203256e-14
2025-01-07,134,warmup,0.4368,581.2701833333333,0.0,570.9604,0.0,570.9604,4.086866666667925,0.0,6.222916666665332,0.0,1206.9143518518504,1200.0,249.39550272000002,8.925716800002748,0.0
2025-01-07,135,warmup,0.4198,562.8116666666666,0.0,566.3416666666667,0.0,566.3416666666667,0.0,0.0,0.0,3.5300000000000864,1200.0,1200.0,237.75023166666668,0.0,0.0
2025-01-07,136,warmup,0.4186,551.3763833333334,0.0,563.5174333333333,0.0,563.5174333333333,0.0,-0.0,0.0,12.14104999999995,1200.0,1200.0,235.88839759333334,0.0,0.0
2025-01-07,137,warmup,0.4241,549.1314833333333,0.0,562.2307166666667,0.0,562.2307166666667,0.0,-0.0,0.0,13.099233333333359,1200.0,1200.0,238.44204693833333,0.0,0.0
2025-01-07,138,warmup,0.4237,557.9616666666667,0.0,573.1433333333333,0.0,573.1433333333333,0.0,-0.0,0.0,15.181666666666615,1200.0,1200.0,242.84083033333334,0.0,0.0
2025-01-07,139,warmup,0.4248,583.5299333333334,0.0,607.9602166666667,0.0,607.9602166666667,0.0,-0.0,0.0,24.430283333333364,1200.0,1200.0,258.26150004000004,0.0,0.0
2025-01-07,140,warmup,0.424,594.66525,0.0,619.9824333333333,0.0,619.9824333333333,0.0,-0.0,0.0,25.317183333333332,1200.0,1200.0,262.87255173333335,0.0,0.0
2025-01-07,141,warmup,0.422,591.5566666666667,0.0,601.48,0.0,601.48,0.0,0.0,0.0,9.92333333333329,1200.0,1200.0,253.82456,0.0,0.0
2025-01-07,142,warmup,0.424,602.1643333333333,0.0,586.9800333333334,0.0,586.9800333333334,15.184299999999896,0.0,-0.0,0.0,1200.0,1200.0,248.87953413333335,32.19071599999978,0.0
2025-01-07,143,warmup,0.4271,604.4895833333334,0.0,567.1116166666667,0.0,567.1116166666667,37.37796666666668,0.0,-0.0,0.0,1200.0,1200.0,242.21337147833333,79.82064781666669,0.0
2025-01-07,144,warmup,0.4276,605.035,0.0,567.9683333333334,0.0,567.9683333333334,37.066666666666606,0.0,-0.0,0.0,1200.0,1200.0,242.86325933333333,79.2485333333332,0.0
2025-01-08,1,warmup,0.4248,634.1137833333333,0.0,623.5018333333334,0.0,1456.8351666666667,10.611949999999865,833.3333333333333,0.0,0.0,1200.0,1950.0,618.8635788,22.539781799999716,1.1368683772161603e-13
2025-01-08,2,warmup,0.4245,652.5348833333334,0.0,618.4973,0.0,1451.8306333333335,34.037583333333146,833.3333333333333,0.0,0.0,1950.0,2700.0,616.3021038500001,72.2447706249996,1.1368683772161603e-13
2025-01-08,3,warmup,0.4269,626.1716666666667,0.0,571.0066666666667,0.0,1404.3400000000001,55.164999999999964,833.3333333333334,0.0,0.0,2700.0,3450.0,599.5127460000001,117.74969249999992,0.0
2025-01-08,4,warmup,0.4272,566.1060166666667,0.0,613.1864666666667,0.0,1446.5198,0.0,833.3333333333333,0.0,47.08045000000004,3450.0,4200.0,617.95325856,0.0,0.0
2025-01-08,5,warmup,0.4271,567.17295,0.0,654.0969833333334,0.0,1487.4303166666668,0.0,833.3333333333333,0.0,86.92403333333357,4200.0,4950.0,635.2814882483334,0.0,0.0
2025-01-08,6,warmup,0.4285,619.8166666666667,0.0,654.025,0.0,1487.3583333333333,0.0,833.3333333333333,0.0,34.20833333333337,4950.0,5700.0,637.3330458333334,0.0,0.0
2025-01-08,7,warmup,0.4311,621.4441333333333,0.0,661.0716833333333,0.0,1327.73835,0.0,706.2942166666668,0.0,0.0,5700.0,6335.664795000001,572.3880026850001,0.0,0.0
2025-01-08,8,warmup,0.4302,597.452,0.0,641.8623,0.0,1475.1956333333333,0.0,793.7057833333326,0.0,84.03785000000062,6335.664795000001,7050.0,634.62916146,0.0,0.0
2025-01-08,9,warmup,0.4279,602.7116666666667,0.0,604.89,0.0,1438.2233333333334,0.0,833.3333333333333,0.0,2.1783333333333985,7050.0,7800.0,615.4157643333333,0.0,0.0
2025-01-08,10,warmup,0.4312,655.6580666666667,0.0,605.5048666666667,0.0,605.5048666666667,50.15320000000008,0.0,0.0,0.0,7800.0,7800.0,261.09369850666667,108.13029920000018,0.0
2025-01-08,11,warmup,0.4333,651.8044166666667,0.0,632.82515,0.0,632.82515,18.979266666666717,0.0,-0.0,0.0,7800.0,7800.0,274.203137495,41.118581233333444,0.0
2025-01-08,12,warmup,0.4311,620.58,0.0,660.4033333333333,0.0,1493.7366666666667,0.0,833.3333333333333,0.0,39.82333333333338,7800.0,8550.0,643.949877,0.0,0.0
2025-01-08,13,warmup,0.4293,684.2158333333333,0.0,670.6950166666667,0.0,1504.02835,13.52081666666652,833.3333333333333,0.0,0.0,8550.0,9300.0,645.6793706550001,29.022432974999685,1.1368683772161603e-13
2025-01-08,14,warmup,0.4324,687.6279,0.0,674.4617999999999,0.0,674.4617999999999,13.166100000000029,0.0,-0.0,0.0,9300.0,9300.0,291.63728232,28.46510820000006,0.0
2025-01-08,15,warmup,0.4367,629.6633333333333,0.0,677.03,0.0,677.03,0.0,0.0,0.0,47.366666666666674,9300.0,9300.0,295.659001,0.0,0.0
2025-01-08,16,warmup,0.4348,667.8491,0.0,672.16295,0.0,672.16295,0.0,0.0,0.0,4.313850000000002,9300.0,9300.0,292.25645066000004,0.0,0.0
2025-01-08,17,warmup,0.4335,699.57645,0.0,657.8791166666666,0.0,657.8791166666666,41.697333333333404,0.0,-0.0,0.0,9300.0,9300.0,285.19059707499997,90.37897000000015,0.0
2025-01-08,18,warmup,0.4357,678.0283333333333,0.0,645.5500000000001,0.0,645.5500000000001,32.47833333333324,0.0,-0.0,0.0,9300.0,9300.0,281.266135,70.75404916666645,0.0
2025-01-08,19,warmup,0.4374,667.9764666666666,0.0,649.4781166666667,0.0,649.4781166666667,18.49834999999996,0.0,-0.0,0.0,9300.0,9300.0,284.08172823,40.45589144999992,0.0
2025-01-08,20,warmup,0.4371,686.3080333333334,0.0,648.51725,0.0,648.51725,37.790783333333366,0.0,-0.0,0.0,9300.0,9300.0,283.466889975,82.59175697500007,0.0
2025-01-08,21,warmup,0.4356,712.835,0.0,645.1716666666667,0.0,645.1716666666667,67.6633333333333,0.0,-0.0,0.0,9300.0,9300.0,281.036778,147.37073999999993,0.0
2025-01-08,22,warmup,0.4353,717.4963166666666,0.0,661.4518166666667,0.0,661.4518166666667,56.04449999999997,0.0,-0.0,0.0,9300.0,9300.0,287.929975795,121.98085424999994,0.0
2025-01-08,23,warmup,0.436,724.3644666666668,0.0,668.7802333333333,0.0,668.7802333333333,55.584233333333486,0.0,-0.0,0.0,9300.0,9300.0,291.58818173333333,121.17362866666701,0.0
2025-01-08,24,warmup,0.4378,740.1066666666667,0.0,670.4499999999999,0.0,670.4499999999999,69.65666666666675,0.0,-0.0,0.0,9300.0,9300.0,293.52301,152.47844333333353,0.0
2025-01-08,25,warmup,0.4401,741.6282500000001,0.0,695.564,0.0,695.564,46.06425000000013,0.0,-0.0,0.0,9300.0,9300.0,306.1177164,101.36438212500028,0.0
2025-01-08,26,warmup,0.4389,713.5997333333333,0.0,699.6988,0.0,699.6988,13.900933333333342,0.0,-0.0,0.0,9300.0,9300.0,307.09780332,30.50559820000002,0.0
2025-01-08,27,warmup,0.4364,688.8083333333334,0.0,681.8783333333333,0.0,681.8783333333333,6.930000000000064,0.0,-0.0,0.0,9300.0,9300.0,297.5717046666667,15.121260000000138,0.0
2025-01-08,28,warmup,0.4393,715.7632666666667,0.0,689.5033333333334,0.0,689.5033333333334,26.259933333333265,0.0,-0.0,0.0,9300.0,9300.0,302.8988143333334,57.67994356666652,0.0
2025-01-08,29,warmup,0.4422,726.0193833333333,0.0,714.2354666666666,0.0,714.2354666666666,11.783916666666642,0.0,-0.0,0.0,9300.0,9300.0,315.83492335999995,26.054239749999944,0.0
2025-01-08,30,warmup,0.4395,700.7333333333332,0.0,734.0783333333334,0.0,734.0783333333334,0.0,33.34500000000014,0.0,0.0,9300.0,9330.0105,322.6274275,0.0,0.0
2025-01-08,31,warmup,0.4333,688.2134833333333,0.0,731.4117166666666,0.00023333333333333333,731.4114833333333,0.0,43.19799999999998,0.0,0.0,9330.0105,9368.8887,316.92059572833335,0.0,0.0
2025-01-08,32,warmup,0.4439,688.1272666666667,0.0,703.3788,0.0,703.3788,0.0,15.251533333333214,0.0,0.0,9368.8887,9382.61508,312.22984931999997,0.0,0.0
2025-01-08,33,warmup,0.4301,690.0316666666666,0.0,675.9316666666667,0.0,1509.265,0.0,819.2333333333335,0.0,0.0,9382.61508,10119.925079999999,649.1348765,0.0,0.0
2025-01-08,34,warmup,0.3713,705.6226833333334,0.0023,696.5622,0.003283333333333333,1529.8922499999999,0.0,755.638800000001,0.0,68.63306666666551,10119.925079999999,10800.0,568.0489924249999,0.0,1.1368683772161603e-13
2025-01-08,35,warmup,0.5708,815.7728833333334,0.0,794.0757666666667,0.0,794.0757666666667,21.697116666666716,0.0,-0.0,0.0,10800.0,10800.0,453.2584476133333,61.92357096666681,0.0
2025-01-08,36,warmup,0.9099,943.6016666666666,0.0,893.7950000000001,0.0,893.7950000000001,49.8066666666665,0.0,-0.0,0.0,10800.0,10800.0,813.2640705000001,226.59542999999925,0.0
2025-01-08,37,warmup,0.9368,920.9554833333332,0.0320166666666666,883.362,0.045816666666666665,208.31618333333347,37.607283333333044,0.0,675.0,0.0,10800.0,10050.0,195.1506005466668,176.15251513333197,0.0
2025-01-08,38,warmup,0.8758,905.84575,0.0,887.00905,0.0,887.00905,18.83669999999995,0.0,-0.0,0.0,10050.0,10050.0,776.84252599,82.48590929999979,0.0
2025-01-08,39,warmup,0.8759,939.4583333333334,0.0,933.8866666666667,0.0,933.8866666666667,5.571666666666715,0.0,-0.0,0.0,10050.0,10050.0,817.9913313333334,24.40111416666688,0.0
2025-01-08,40,warmup,0.8601,911.0178666666668,0.446,930.09885,0.6381,929.46075,0.0,0.0,0.0,18.88888333333316,10050.0,10050.0,799.429191075,0.0,2.4868995751603507e-14
2025-01-08,41,warmup,0.8442,898.1154166666666,0.0,909.1203166666666,0.0,909.1203166666666,0.0,0.0,0.0,11.004899999999907,10050.0,10050.0,767.4793713299998,0.0,0.0
2025-01-08,42,warmup,0.8334,915.05,5.525,899.4866666666667,4.9125000000000005,894.5741666666667,14.950833333333298,0.0,-0.0,0.0,10050.0,10050.0,745.5381105,62.30012249999985,0.0
2025-01-08,43,warmup,0.8092,897.4513166666667,34.80186666666667,896.7118,37.81588333333333,858.8959166666667,3.7535333333332943,0.0,-0.0,0.0,10050.0,10050.0,695.0185757666667,15.18679586666651,0.0
2025-01-08,44,warmup,0.7972,911.3311333333332,74.30951666666667,915.6544666666667,83.06501666666666,832.58945,4.432166666666518,0.0,-0.0,0.0,10050.0,10050.0,663.7403095400001,17.66661633333274,0.0
2025-01-08,45,warmup,0.7644,936.4366666666666,115.26875,919.0416666666666,127.89999999999999,791.1416666666667,30.026249999999962,-0.0,0.0,0.0,10050.0,10050.0,604.74869,114.76032749999986,0.0
2025-01-08,46,warmup,0.6899,903.03415,159.60953333333333,876.8275,170.57399999999998,1539.5868333333333,37.17111666666676,833.3333333333334,0.0,0.0,10050.0,10800.0,1062.1609563166667,128.22176694166697,1.1368683772161603e-13
2025-01-08,47,warmup,0.86,1009.9657333333332,208.5796333333333,1002.1062333333333,214.58763333333332,787.5186,13.867499999999922,0.0,-0.0,0.0,10800.0,10800.0,677.265996,59.63024999999966,0.0
2025-01-08,48,warmup,1.1617,1208.5516666666667,261.20625,1220.59,265.64375,121.61291666666659,0.0,0.0,825.7325000000003,0.0,10800.0,9882.519444444444,141.27772529166657,0.0,2.2737367544323206e-13
2025-01-08,49,warmup,1.1683,1233.3754833333337,315.2749333333333,1228.92775,324.2343333333333,71.36008333333336,13.40713333333349,0.0,833.3333333333334,0.0,9882.519444444444,8956.593518518519,83.36998535833337,78.31776936666759,-2.2737367544323206e-13
2025-01-08,50,warmup,1.0956,1209.5204666666666,370.8334333333333,1194.3171,367.3873833333334,0.0,5.3537000000000035,0.0,833.3333333333334,0.0,8956.593518518519,8030.667592592593,0.0,29.327568600000017,0.0
2025-01-08,51,warmup,1.0849,1215.3866666666663,417.275,1214.555,397.375,0.0,0.0,0.0,798.1116666666663,0.0,8030.667592592593,7143.876851851853,0.0,0.0,0.0
2025-01-08,52,warmup,1.061,1200.41325,444.4204,1214.1978833333333,440.98769999999996,0.0,0.0,0.0,755.9928500000001,0.0,7143.876851851853,6303.884796296297,0.0,0.0,0.0
2025-01-08,53,warmup,1.043,1188.2149333333334,486.94801666666666,1188.9038833333334,498.37905,0.0,0.0,0.0,701.2669166666667,0.0,6303.884796296297,5524.699333333334,0.0,0.0,0.0
2025-01-08,54,warmup,1.036,1197.475,549.525,1167.4083333333333,557.5500000000001,0.0,0.0,0.0,647.9499999999999,0.0,5524.699333333334,4804.75488888889,0.0,0.0,0.0
2025-01-08,55,warmup,1.0147,1214.1881166666667,600.3952,1179.1049500000001,603.25445,0.0,0.0,0.0,613.7929166666667,0.0,4804.75488888889,4122.76275925926,0.0,0.0,0.0
2025-01-08,56,warmup,0.9922,1196.6387666666667,628.4017833333334,1203.50195,628.74075,0.0,0.0,0.0,568.2369833333333,0.0,4122.76275925926,3491.388333333334,0.0,0.0,0.0
2025-01-08,57,warmup,0.97,1156.6816666666666,648.375,1214.2733333333333,649.40625,0.0,0.0,0.0,508.3066666666666,0.0,3491.388333333334,2926.6031481481486,0.0,0.0,0.0
2025-01-08,58,warmup,0.9422,1150.6689,684.1587333333333,1199.3909,688.8173666666667,510.57353333333344,0.0,0.0,0.0,44.063366666666866,2926.6031481481486,2926.6031481481486,481.0623831066668,0.0,1.1368683772161603e-13
2025-01-08,59,warmup,0.9569,1171.6042333333332,715.4128333333333,1176.6833,724.5390000000001,361.23499999999956,0.0,0.0,94.95640000000037,0.0,2926.6031481481486,2821.096037037037,345.66577149999955,0.0,2.2737367544323206e-13
2025-01-08,60,warmup,0.9977,1185.7616666666663,739.94375,1166.7016666666666,749.6437500000001,0.0,0.0,0.0,445.8179166666663,0.0,2821.096037037037,2325.742796296297,0.0,0.0,0.0
2025-01-08,61,warmup,0.9919,1168.0045833333334,775.2897666666667,1175.9679833333332,782.5945499999999,0.0,0.0,0.0,392.7148166666667,0.0,2325.742796296297,1889.3930000000007,0.0,0.0,0.0
2025-01-08,62,warmup,0.9588,1165.8362833333333,801.5973333333333,1175.1191166666667,832.9956666666667,0.0,40.47263333333285,0.0,323.7663166666672,0.0,1889.3930000000007,1529.6526481481483,0.0,194.02580419999768,0.0
2025-01-08,63,warmup,0.9549,1184.9416666666666,819.9875000000001,1161.4266666666667,873.6,287.8266666666667,77.12749999999983,0.0,-0.0,0.0,1529.6526481481483,1529.6526481481483,274.845684,368.2452487499992,0.0
2025-01-08,64,warmup,0.9839,1183.3013833333332,852.9138166666667,1162.9998833333334,866.3125,0.0,33.70018333333309,0.0,296.68738333333346,0.0,1529.6526481481483,1200.0,0.0,165.78805190833214,0.0
2025-01-08,65,warmup,0.799,1168.4708333333333,886.3496666666666,1187.1872166666667,864.1483333333334,323.0388833333333,0.0,0.0,0.0,40.91771666666659,1200.0,1200.0,258.1080677833333,0.0,0.0
2025-01-08,66,warmup,0.5025,1161.7083333333333,914.4,1192.6883333333333,878.475,1147.5466666666666,0.0,833.3333333333334,0.0,66.90499999999997,1200.0,1950.0,576.6421999999999,0.0,1.1368683772161603e-13
2025-01-08,67,warmup,0.4662,1174.02045,947.9933166666666,1136.92615,871.9162333333334,1098.34325,0.0,833.3333333333313,0.0,38.98278333333519,1950.0,2699.999999999998,512.0476231499999,0.0,-1.1368683772161603e-13
2025-01-08,68,warmup,0.5007,1174.2303166666668,994.0507333333334,1137.6254833333335,869.9123666666666,1101.0464500000003,0.0,833.3333333333333,0.0,87.5335333333336,2699.999999999998,3449.999999999998,551.2939575150002,0.0,1.1368683772161603e-13
2025-01-08,69,warmup,0.4827,1152.8916666666669,1036.7375,1196.9383333333333,882.0500000000001,1148.2216666666666,0.0,833.3333333333333,0.0,198.7341666666664,3449.999999999998,4199.999999999998,554.2465985,0.0,0.0
2025-01-08,70,warmup,0.4785,1134.0515166666669,1049.6528833333334,1194.3912666666668,890.948,1136.7766000000001,0.0,833.3333333333333,0.0,219.04463333333342,4199.999999999998,4949.999999999998,543.9476031,0.0,-2.2737367544323206e-13
2025-01-08,71,warmup,0.4662,1144.2158333333334,1049.521066666667,1143.5714333333333,899.8598333333333,1077.0449333333333,0.0,833.3333333333333,0.0,149.01683333333358,4949.999999999998,5699.999999999998,502.11834792,0.0,0.0
2025-01-08,72,warmup,0.4432,1156.0166666666669,1044.65625,1095.0333333333333,904.46875,1023.8979166666667,0.0,833.3333333333333,0.0,79.20416666666654,5699.999999999998,6449.999999999998,453.7915566666667,0.0,1.1368683772161603e-13
2025-01-08,73,warmup,0.4411,1116.1826333333331,1031.4342166666668,1087.5478833333334,894.4417,1026.4395166666668,0.0,833.3333333333333,0.0,108.3577666666672,6449.999999999998,7199.999999999998,452.7624708016667,0.0,2.2737367544323206e-13
2025-01-08,74,warmup,0.4551,1081.727483333333,1034.6995333333332,1105.8556666666666,886.5409333333333,1052.6480666666666,0.0,833.3333333333333,0.0,172.28678333333346,7199.999999999998,7949.999999999998,479.06013514,0.0,2.2737367544323206e-13
2025-01-08,75,warmup,0.4463,1077.85,1052.71875,1122.3266666666666,877.7624999999999,1077.8975,0.0,833.3333333333333,0.0,219.43291666666687,7949.999999999998,8699.999999999998,481.06565424999997,0.0,0.0
2025-01-08,76,warmup,0.4113,1079.31225,1057.75655,1122.7787833333334,848.5200333333333,1107.5920833333334,0.0,833.3333333333333,0.0,252.7030500000003,8699.999999999998,9449.999999999998,455.55262387500005,0.0,0.0
2025-01-08,77,warmup,0.5682,1097.6717333333331,1052.9866333333332,1139.4096166666666,818.7607833333333,1153.9821666666667,0.0,833.3333333333333,0.0,275.9637333333335,9449.999999999998,10199.999999999998,655.6926671,0.0,-2.2737367544323206e-13
2025-01-08,78,warmup,0.8279,1122.9016666666666,1033.3375,1152.57,798.7624999999999,353.8075,0.0,0.0,0.0,264.24333333333345,10199.999999999998,10199.999999999998,292.91722925,0.0,-1.1368683772161603e-13
2025-01-08,79,warmup,0.8636,1126.4687333333334,986.5188166666668,1115.9225833333333,784.0687166666667,331.8538666666666,0.0,0.0,0.0,191.90395,10199.999999999998,10199.999999999998,286.58899925333327,0.0,1.1368683772161603e-13
2025-01-08,80,warmup,0.8416,1130.1795166666668,936.2877666666668,1123.6269166666666,789.1335833333333,334.49333333333334,0.0,0.0,0.0,140.60158333333334,10199.999999999998,10199.999999999998,281.50958933333334,0.0,0.0
2025-01-08,81,warmup,0.8618,1136.8483333333334,905.19375,1158.555,798.4,360.1550000000001,0.0,0.0,0.0,128.50041666666675,10199.999999999998,10199.999999999998,310.3815790000001,0.0,0.0
2025-01-08,82,warmup,0.8623,1123.7989833333334,894.2333166666667,1110.6376833333334,776.9508833333333,333.68680000000006,0.0,0.0,0.0,104.12113333333343,10199.999999999998,10199.999999999998,287.73812764,0.0,-1.1368683772161603e-13
2025-01-08,83,warmup,0.9026,1094.3851,861.9684333333333,1080.8056166666668,750.80335,330.00226666666674,0.0,0.0,0.0,97.58560000000011,10199.999999999998,10199.999999999998,297.8600458933334,0.0,0.0
2025-01-08,84,warmup,0.9754,1065.6666666666667,806.0625,1095.3533333333332,728.525,0.0,0.0,0.0,259.60416666666674,0.0,10199.999999999998,9911.550925925923,0.0,0.0,0.0
2025-01-08,85,warmup,1.0002,1056.8727666666666,761.8072333333333,1081.8716166666666,693.4894166666667,0.0,0.0,0.0,295.0655333333333,0.0,9911.550925925923,9583.70033333333,0.0,0.0,0.0
2025-01-08,86,warmup,0.9978,1068.354383333333,717.4596,1086.01145,659.7729,0.0,0.0,0.0,350.89478333333307,0.0,9583.70033333333,9193.817240740738,0.0,0.0,0.0
2025-01-08,87,warmup,1.0271,1091.98,667.96875,1113.015,631.50625,0.0,0.0,0.0,424.01125,0.0,9193.817240740738,8722.693629629626,0.0,0.0,0.0
2025-01-08,88,warmup,1.0906,1114.0574333333334,624.4406666666666,1113.8392166666665,598.0928166666666,0.0,0.0,0.0,489.61676666666676,0.0,8722.693629629626,8178.6749999999965,0.0,0.0,0.0
2025-01-08,89,warmup,0.9376,1114.4632166666668,586.5727499999999,1106.2580500000001,561.8000499999999,0.00013375599405257446,0.0,0.0,527.8903329106728,0.0,8178.6749999999965,7592.130185654804,0.0001254096200236938,0.0,0.0
2025-01-08,90,warmup,0.6694,1095.6416666666669,549.80625,1093.5083333333334,524.5749999999999,1402.2666666666669,0.0,369.03794238683275,0.0,487.3933076131672,7592.130185654804,7924.264333802954,938.6773066666668,0.0,1.1368683772161603e-13
2025-01-08,91,warmup,0.66,1078.7497833333334,509.5048833333333,1059.99145,485.88353333333333,1407.4412499999999,0.0,833.3333333333333,0.0,4.863016666666454,7924.264333802954,8674.264333802954,928.911225,0.0,0.0
2025-01-08,92,warmup,0.7217,1063.41825,465.36465,1041.48525,449.89903333333336,1424.91955,6.467383333333146,833.3333333333333,0.0,0.0,8674.264333802954,9424.264333802954,1028.364439235,23.33755275833266,0.0
2025-01-08,93,warmup,0.7308,1047.3333333333333,415.025,1055.5049999999999,415.09375,1473.7445833333331,0.0,833.3333333333333,0.0,8.102916666666601,9424.264333802954,10174.264333802954,1077.0125414999998,0.0,1.1368683772161603e-13
2025-01-08,94,warmup,0.7534,1038.7557166666668,357.16395000000006,1085.2975666666666,374.348,1406.2114179967173,0.0,695.2618513300513,0.0,29.357799999999315,10174.264333802954,10800.0,1059.4396823187267,0.0,0.0
2025-01-08,95,warmup,0.7823,1069.7995666666668,306.45861666666667,1103.6871666666666,325.99803333333335,777.6891333333333,0.0,0.0,-0.0,14.348183333333168,10800.0,10800.0,608.3862090066666,0.0,1.1368683772161603e-13
2025-01-08,96,warmup,0.8055,1095.815,264.175,1099.8183333333334,273.175,826.6433333333334,4.996666666666649,0.0,-3.6188829710681607e-14,0.0,10800.0,10800.0,665.861205,20.12407499999993,0.0
2025-01-08,97,warmup,0.8271,1037.4018666666666,218.2323,1082.9799333333333,221.80936666666665,861.1705666666667,0.0,0.0,-0.0,42.00100000000009,10800.0,10800.0,712.27417569,0.0,1.1368683772161603e-13
2025-01-08,98,warmup,0.8519,1001.92515,172.69129999999998,1068.9197333333334,175.39951666666664,893.5202166666668,0.0,0.0,-4.6043169277254495e-14,64.2863666666667,10800.0,10800.0,761.1898725783334,0.0,1.4210854715202004e-14
2025-01-08,99,warmup,0.8791,1031.0233333333333,130.08124999999998,1079.4066666666665,132.0375,947.3691666666665,0.0,0.0,-0.0,46.42708333333317,10800.0,10800.0,832.8322344166666,0.0,8.526512829121202e-14
2025-01-08,100,warmup,0.9024,1058.2079666666666,87.23025,1118.1052666666667,86.4916,1031.6136666666666,0.0,0.0,3.6690650517812175e-14,60.63595000000006,10800.0,10800.0,930.9281728,0.0,3.552713678800501e-14
2025-01-08,101,warmup,0.9163,1041.3350833333334,41.834966666666666,1102.6086,39.75691666666667,1062.8516833333333,0.0,0.0,-0.0,63.35156666666659,10800.0,10800.0,973.8909974383333,0.0,-1.0658141036401503e-13
2025-01-08,102,warmup,0.9264,1026.2716666666668,6.4,1037.8716666666667,5.26875,1032.6029166666667,0.0,0.0,-0.0,12.731249999999955,10800.0,10800.0,956.603342,0.0,9.059419880941277e-14
2025-01-08,103,warmup,0.9462,1086.1207,0.0,1013.4569666666666,0.0,1013.4569666666666,72.66373333333405,0.0,-7.366907084360719e-13,0.0,10800.0,10800.0,958.93298186,343.7721224000034,0.0
2025-01-08,104,warmup,0.9742,1088.5671666666667,0.5872499999999999,1022.7238833333334,0.66025,1022.0636333333334,65.91628333333402,0.0,-7.366907084360719e-13,0.0,10800.0,10800.0,995.6943915933334,321.07821611667,0.0
2025-01-08,105,warmup,0.9862,1039.1533333333334,0.0,1058.555,0.0,1058.555,0.0,-2.1389063359972878e-13,0.0,19.401666666666856,10800.0,10800.0,1043.946941,0.0,0.0
2025-01-08,106,warmup,0.976,1050.8732666666667,0.0,1095.1346,0.0,1095.1346,0.0,0.0,-0.0,44.26133333333337,10800.0,10800.0,1068.8513696,0.0,0.0
2025-01-08,107,warmup,1.0742,921.03655,0.0421666666666666,946.9977666666667,0.0474,946.9503666666667,0.0,0.0,1.8417267710901796e-13,25.955983333333513,10800.0,10800.0,1017.2140838733334,0.0,-7.105427357601002e-15
2025-01-08,108,warmup,1.2313,704.9683333333334,0.0,712.1733333333333,0.0,712.1733333333333,0.0,0.0,1.387927273110989e-13,7.205000000000066,10800.0,10800.0,876.8990253333333,0.0,-2.4868995751603507e-14
2025-01-08,109,warmup,1.2561,688.5141,0.0,694.2027666666667,0.0,694.2027666666667,0.0,0.0,-0.0,5.688666666666677,10800.0,10800.0,871.98809521,0.0,0.0
2025-01-08,110,warmup,1.2447,730.1875666666666,0.0030333333333333,732.0895999999999,0.0034000000000000002,732.0861999999998,0.0,0.0,1.3812950783176346e-13,1.9016666666667081,10800.0,10800.0,911.2276931399997,0.0,-6.572520305780927e-14
2025-01-08,111,warmup,1.2545,730.1350000000001,0.0,729.9816666666667,0.0,729.9816666666667,0.15333333333251176,0.0,9.094947017729282e-13,0.0,10800.0,10799.999999999998,915.7620008333333,0.96178333332818,0.0
2025-01-08,112,warmup,1.2522,728.8338,0.0,750.15395,0.0,750.15395,0.0,5.614164825758817e-13,0.0,21.32014999999945,10799.999999999998,10799.999999999998,939.34277619,0.0,0.0
2025-01-08,113,warmup,1.2881,720.3681499999999,0.0002166666666666,751.1373166666667,0.00025,173.37830000000065,0.0,0.0,546.9896333333327,0.0,10799.999999999998,10192.23374074074,223.32858823000083,0.0,1.1368683772161603e-13
2025-01-08,114,warmup,1.3466,709.36,0.0,733.7933333333334,0.0,0.0,0.0,0.0,709.3600000000001,0.0,10192.23374074074,9404.05596296296,0.0,0.0,1.1368683772161603e-13
2025-01-08,115,warmup,1.3523,715.7542666666667,0.0,747.6879333333333,0.0,0.0,0.0,0.0,715.7542666666667,0.0,9404.05596296296,8608.773444444441,0.0,0.0,0.0
2025-01-08,116,warmup,1.3445,725.89945,0.0,757.6117333333333,0.0,0.0,0.0,0.0,725.89945,0.0,8608.773444444441,7802.218499999997,0.0,0.0,0.0
2025-01-08,117,warmup,1.3483,725.3383333333333,0.0,742.7633333333333,0.0,0.0,0.0,0.0,725.3383333333333,0.0,7802.218499999997,6996.287018518516,0.0,0.0,0.0
2025-01-08,118,warmup,1.349,716.5708,0.0,717.8656666666667,0.0,0.0,0.0,0.0,716.5708,0.0,6996.287018518516,6200.097240740738,0.0,0.0,0.0
2025-01-08,119,warmup,1.3473,735.6900666666667,0.0,694.6878833333334,0.0,0.0,0.0,0.0,735.6900666666667,0.0,6200.097240740738,5382.66383333333,0.0,0.0,0.0
2025-01-08,120,warmup,1.3482,763.0566666666667,0.0,694.0033333333334,0.0,0.0,0.0,0.0,763.0566666666667,0.0,5382.66383333333,4534.823092592589,0.0,0.0,0.0
2025-01-08,121,warmup,1.3513,741.1062833333334,0.0,729.1727166666666,0.0,0.0,0.0,0.0,741.1062833333334,0.0,4534.823092592589,3711.3716666666633,0.0,0.0,0.0
2025-01-08,122,warmup,1.34,715.34615,0.0,746.2967333333332,0.0,0.0,0.0,0.0,715.34615,0.0,3711.3716666666633,2916.542611111108,0.0,0.0,0.0
2025-01-08,123,warmup,1.3489,725.73,0.0,741.8833333333333,0.0,0.0,0.0,0.0,725.73,0.0,2916.542611111108,2110.175944444441,0.0,0.0,0.0
2025-01-08,124,warmup,1.3952,765.65875,0.0,756.4752333333332,0.0,0.0,0.0,0.0,765.65875,0.0,2110.175944444441,1259.4439999999963,0.0,0.0,0.0
2025-01-08,125,warmup,1.2226,773.9436999999999,0.0,741.1412999999999,0.0,741.1412999999999,0.0,0.0,32.802399999999984,0.0,1259.4439999999963,1222.9968888888852,906.1193533799998,0.0,0.0
2025-01-08,126,warmup,0.9332,756.2033333333334,0.0,708.505,0.0,708.505,27.001133333336682,0.0,20.6971999999967,0.0,1222.9968888888852,1200.0,661.176866,125.98728813334897,0.0
2025-01-08,127,warmup,0.9068,767.8431833333334,0.0,724.1612,0.0,724.1612,43.68198333333339,0.0,-0.0,0.0,1200.0,1200.0,656.6693761600001,198.05411243333364,0.0
2025-01-08,128,warmup,0.9371,748.1819833333334,0.0,731.1408,0.0,731.1408,17.04118333333338,0.0,-0.0,0.0,1200.0,1200.0,685.15204368,79.84646450833355,0.0
2025-01-08,129,warmup,0.9371,724.3933333333333,0.0,736.515,0.0,736.515,0.0,-0.0,0.0,12.12166666666667,1200.0,1200.0,690.1882065,0.0,0.0
2025-01-08,130,warmup,0.9871,771.7817333333334,0.0,786.3264666666668,0.0,786.3264666666668,0.0,-0.0,0.0,14.544733333333397,1200.0,1200.0,776.1828552466667,0.0,0.0
2025-01-08,131,warmup,0.7764,699.6481666666667,0.0,711.90145,0.0,711.90145,0.0,-0.0,0.0,12.25328333333323,1200.0,1200.0,552.7202857799999,0.0,0.0
2025-01-08,132,warmup,0.4209,533.8833333333333,0.0,559.2916666666666,0.0,559.2916666666666,0.0,0.0,0.0,25.408333333333303,1200.0,1200.0,235.40586249999998,0.0,0.0
2025-01-08,133,warmup,0.3859,506.9141166666666,0.0,555.71955,0.0,555.71955,0.0,0.0,0.0,48.80543333333344,1200.0,1200.0,214.45217434500003,0.0,0.0
2025-01-08,134,warmup,0.4368,542.7825166666667,0.0,581.2701833333333,0.0,581.2701833333333,0.0,-0.0,0.0,38.487666666666655,1200.0,1200.0,253.89881608,0.0,0.0
2025-01-08,135,warmup,0.4198,553.7533333333333,0.0,562.8116666666666,0.0,562.8116666666666,0.0,0.0,0.0,9.05833333333328,1200.0,1200.0,236.26833766666664,0.0,0.0
2025-01-08,136,warmup,0.4186,537.2946833333333,0.0,551.3763833333334,0.0,551.3763833333334,0.0,-0.0,0.0,14.081700000000069,1200.0,1200.0,230.80615406333337,0.0,0.0
2025-01-08,137,warmup,0.4241,553.9089166666666,0.0,549.1314833333333,0.0,549.1314833333333,4.777433333333306,0.0,-0.0,0.0,1200.0,1200.0,232.88666208166666,10.130547383333274,0.0
2025-01-08,138,warmup,0.4237,588.045,0.0,557.9616666666667,0.0,557.9616666666667,30.08333333333326,0.0,-0.0,0.0,1200.0,1200.0,236.4083581666667,63.731541666666516,0.0
2025-01-08,139,warmup,0.4248,568.9827666666666,0.0,583.5299333333334,0.0,583.5299333333334,0.0,-0.0,0.0,14.547166666666726,1200.0,1200.0,247.88351568000002,0.0,0.0
2025-01-08,140,warmup,0.424,565.6843,0.0,594.66525,0.0,594.66525,0.0,-0.0,0.0,28.980950000000007,1200.0,1200.0,252.138066,0.0,0.0
2025-01-08,141,warmup,0.422,594.7416666666667,0.0,591.5566666666667,0.0,591.5566666666667,3.1849999999999454,0.0,-0.0,0.0,1200.0,1200.0,249.63691333333335,6.720349999999884,0.0
2025-01-08,142,warmup,0.424,602.7068666666667,0.0,602.1643333333333,0.0,602.1643333333333,0.542533333333381,0.0,-0.0,0.0,1200.0,1200.0,255.3176773333333,1.150170666666768,0.0
2025-01-08,143,warmup,0.4271,607.5747,0.0,604.4895833333334,0.0,604.4895833333334,3.085116666666636,0.0,-0.0,0.0,1200.0,1200.0,258.1775010416667,6.588266641666601,0.0
2025-01-08,144,warmup,0.4276,610.64,0.0,605.035,0.0,605.035,5.605000000000018,0.0,-0.0,0.0,1200.0,1200.0,258.712966,11.983490000000039,0.0
2025-01-09,1,warmup,0.4248,593.6329,0.0,634.1137833333333,0.0,1467.4471166666667,0.0,833.3333333333334,0.0,40.480883333333395,1200.0,1950.0,623.37153516,0.0,0.0
2025-01-09,2,warmup,0.4245,599.5246833333333,0.0,652.5348833333334,0.0,1485.8682166666667,0.0,833.3333333333333,0.0,53.01020000000017,1950.0,2700.0,630.751057975,0.0,0.0
2025-01-09,3,warmup,0.4269,627.2983333333333,0.0,626.1716666666667,0.0,1459.505,1.1266666666664378,833.3333333333333,0.0,0.0,2700.0,3450.0,623.0626845,2.4048699999995113,1.1368683772161603e-13
2025-01-09,4,warmup,0.4272,633.51145,0.0,566.1060166666667,0.0,1399.43935,67.40543333333312,833.3333333333333,0.0,0.0,3450.0,4200.0,597.8404903200001,143.97800559999956,0.0
2025-01-09,5,warmup,0.4271,642.20275,0.0,567.17295,0.0,1400.5062833333334,75.02979999999991,833.3333333333333,0.0,0.0,4200.0,4950.0,598.1562336116666,160.2261378999998,1.1368683772161603e-13
2025-01-09,6,warmup,0.4285,659.1383333333333,0.0,619.8166666666667,0.0,1453.15,39.32166666666649,833.3333333333333,0.0,0.0,4950.0,5700.0,622.6747750000001,84.24667083333296,0.0
2025-01-09,7,warmup,0.4311,662.83455,0.0,621.4441333333333,0.0,1288.1108,41.39041666666674,666.6666666666666,0.0,0.0,5700.0,6300.0,555.3045658799999,89.21704312500015,-1.1368683772161603e-13
2025-01-09,8,warmup,0.4302,664.9293333333334,0.0,597.452,0.0,1430.7853333333333,67.47733333333338,833.3333333333333,0.0,0.0,6300.0,7050.0,615.5238504,145.1437440000001,-1.1368683772161603e-13
2025-01-09,9,warmup,0.4279,661.2866666666666,0.0,602.7116666666667,0.0,1436.045,58.57499999999982,833.3333333333333,0.0,0.0,7050.0,7800.0,614.4836555,125.3212124999996,0.0
2025-01-09,10,warmup,0.4312,640.2898166666666,0.0,655.6580666666667,0.0,655.6580666666667,0.0,15.368250000000103,0.0,0.0,7800.0,7813.831425,282.7197583466667,0.0,0.0
2025-01-09,11,warmup,0.4333,654.3395833333333,0.0,651.8044166666667,0.0,651.8044166666667,0.0,0.0,2.535166666666555,0.0,7813.831425,7811.014573148149,282.4268537416667,0.0,0.0
2025-01-09,12,warmup,0.4311,684.5016666666667,0.0,620.58,0.0,1453.9133333333334,51.68325205761221,821.094918724279,0.0,0.0,7811.014573148149,8550.0,626.7820380000001,111.40324981018311,0.0
2025-01-09,13,warmup,0.4293,661.4266666666666,0.0,684.2158333333333,0.0,1517.5491666666667,0.0,833.3333333333333,0.0,22.7891666666668,8550.0,9300.0,651.48385725,0.0,0.0
2025-01-09,14,warmup,0.4324,659.6080333333333,0.0,687.6279,0.0,687.6279,0.0,0.0,0.0,28.019866666666644,9300.0,9300.0,297.33030396,0.0,0.0
2025-01-09,15,warmup,0.4367,678.3316666666666,0.0,629.6633333333333,0.0,629.6633333333333,48.668333333333294,0.0,-0.0,0.0,9300.0,9300.0,274.97397766666666,106.26730583333325,0.0
2025-01-09,16,warmup,0.4348,646.8873166666666,0.0,667.8491,0.0,667.8491,0.0,0.0,0.0,20.961783333333415,9300.0,9300.0,290.38078868,0.0,0.0
2025-01-09,17,warmup,0.4335,657.0931333333333,0.0,699.57645,0.0,699.57645,0.0,0.0,0.0,42.483316666666724,9300.0,9300.0,303.266391075,0.0,0.0
2025-01-09,18,warmup,0.4357,705.88,0.0,678.0283333333333,0.0,678.0283333333333,27.851666666666688,0.0,-0.0,0.0,9300.0,9300.0,295.41694483333333,60.67485583333337,0.0
2025-01-09,19,warmup,0.4374,694.448,0.0,667.9764666666666,0.0,667.9764666666666,26.471533333333355,0.0,-0.0,0.0,9300.0,9300.0,292.17290651999997,57.89324340000005,0.0
2025-01-09,20,warmup,0.4371,684.30345,0.0,686.3080333333334,0.0,686.3080333333334,0.0,0.0,0.0,2.0045833333333576,9300.0,9300.0,299.98524137,0.0,0.0
2025-01-09,21,warmup,0.4356,692.5983333333334,0.0,712.835,0.0,712.835,0.0,0.0,0.0,20.23666666666668,9300.0,9300.0,310.510926,0.0,0.0
2025-01-09,22,warmup,0.4353,672.86195,0.0,717.4963166666666,0.0,717.4963166666666,0.0,0.0,0.0,44.634366666666665,9300.0,9300.0,312.326146645,0.0,0.0
2025-01-09,23,warmup,0.436,665.6706166666667,0.0,724.3644666666668,0.0,724.3644666666668,0.0,0.0,0.0,58.69385000000011,9300.0,9300.0,315.8229074666667,0.0,0.0
2025-01-09,24,warmup,0.4378,684.3433333333334,0.0,740.1066666666667,0.0,740.1066666666667,0.0,0.0,0.0,55.76333333333332,9300.0,9300.0,324.0186986666667,0.0,0.0
2025-01-09,25,warmup,0.4401,696.5685333333332,0.0,741.6282500000001,0.0,741.6282500000001,0.0,0.0,0.0,45.05971666666687,9300.0,9300.0,326.39059282500006,0.0,0.0
2025-01-09,26,warmup,0.4389,688.2587833333333,0.0,713.5997333333333,0.0,713.5997333333333,0.0,0.0,0.0,25.34095000000002,9300.0,9300.0,313.19892296,0.0,0.0
2025-01-09,27,warmup,0.4364,670.7583333333333,0.0,688.8083333333334,0.0,688.8083333333334,0.0,0.0,0.0,18.050000000000068,9300.0,9300.0,300.5959566666667,0.0,0.0
2025-01-09,28,warmup,0.4393,670.3511333333333,0.0,715.7632666666667,0.0,715.7632666666667,0.0,0.0,0.0,45.41213333333337,9300.0,9300.0,314.43480304666673,0.0,0.0
2025-01-09,29,warmup,0.4422,691.0580333333334,0.0,726.0193833333333,0.0,726.0193833333333,0.0,0.0,0.0,34.961349999999925,9300.0,9300.0,321.04577130999996,0.0,0.0
2025-01-09,30,warmup,0.4395,714.8266666666667,0.0,700.7333333333332,0.0,700.7333333333332,14.093333333333476,0.0,0.0,0.0,9300.0,9300.0,307.97229999999996,30.97010000000031,0.0
2025-01-09,31,warmup,0.4333,719.9364166666666,0.0,688.2134833333333,0.0,688.2134833333333,31.72293333333323,-0.0,0.0,0.0,9300.0,9300.0,298.2029023283333,68.72773506666644,0.0
2025-01-09,32,warmup,0.4439,732.0131,0.0,688.1272666666667,0.0,688.1272666666667,43.88583333333327,0.0,-0.0,0.0,9300.0,9300.0,305.4596936733334,97.40460708333319,0.0
2025-01-09,33,warmup,0.4301,717.7866666666667,0.0,690.0316666666666,0.0,1523.365,27.754999999999995,833.3333333333333,0.0,0.0,9300.0,10050.0,655.1992865,59.687127499999995,-1.1368683772161603e-13
2025-01-09,34,warmup,0.3713,643.6599666666667,0.0023,705.6226833333334,0.0023,1538.9537166666669,0.0,833.3333333333333,0.0,61.96271666666689,10050.0,10800.0,571.4135149983334,0.0,1.1368683772161603e-13
2025-01-09,35,warmup,0.5708,742.2176666666666,0.0,815.7728833333334,0.0,815.7728833333334,0.0,0.0,-0.0,73.55521666666687,10800.0,10800.0,465.6431618066667,0.0,0.0
2025-01-09,36,warmup,0.9099,945.8383333333333,0.0,943.6016666666666,0.0,943.6016666666666,2.236666666666679,0.0,-0.0,0.0,10800.0,10800.0,858.5831565,10.175715000000055,0.0
2025-01-09,37,warmup,0.9368,940.9293666666669,0.0320166666666666,920.9554833333333,0.032016666666666665,245.92346666666674,19.973883333333447,0.0,675.0,0.0,10800.0,10050.0,230.3811035733334,93.55766953333386,0.0
2025-01-09,38,warmup,0.8758,891.9264166666667,0.0,905.84575,0.0,905.84575,0.0,0.0,0.0,13.91933333333327,10050.0,10050.0,793.33970785,0.0,0.0
2025-01-09,39,warmup,0.8759,900.0183333333333,0.0,939.4583333333334,0.0,939.4583333333334,0.0,0.0,0.0,39.440000000000055,10050.0,10050.0,822.8715541666667,0.0,0.0
2025-01-09,40,warmup,0.8601,898.1990666666667,0.4459666666666667,911.0178666666667,0.446,910.5718666666667,0.0,0.0,0.0,12.81876666666665,10050.0,10050.0,783.18286252,0.0,-3.552713678800501e-15
2025-01-09,41,warmup,0.8442,893.2302833333333,0.0,898.1154166666666,0.0,898.1154166666666,0.0,0.0,0.0,4.885133333333329,10050.0,10050.0,758.1890347499999,0.0,0.0
2025-01-09,42,warmup,0.8334,898.18,7.0687500000000005,915.0500000000001,5.5249999999999995,909.5250000000001,0.0,0.0,0.0,18.413750000000142,10050.0,10050.0,757.998135,0.0,2.1316282072803006e-14
2025-01-09,43,warmup,0.8092,911.7967166666668,40.51305,897.4513166666667,34.80186666666667,862.64945,8.634216666666838,0.0,-0.0,0.0,10050.0,10050.0,698.05593494,34.93404063333403,0.0
2025-01-09,44,warmup,0.7972,931.4382666666668,82.70298333333334,911.3311333333332,74.30951666666667,837.0216166666665,11.713666666666896,0.0,-0.0,0.0,10050.0,10050.0,667.2736328066666,46.69067533333425,0.0
2025-01-09,45,warmup,0.7644,934.59,125.275,936.4366666666666,115.26875,821.1679166666667,0.0,11.85291666666663,0.0,0.0,10050.0,10060.667625,627.7007555,0.0,-2.842170943040401e-14
2025-01-09,46,warmup,0.6899,921.2082166666668,173.23815000000002,903.03415,159.60953333333333,1576.7579500000002,0.0,821.4804166666665,0.0,7.307466666666869,10060.667625,10800.0,1087.8053097050001,0.0,1.1368683772161603e-13
2025-01-09,47,warmup,0.86,1047.3628166666667,218.49665,1009.9657333333333,208.5796333333333,801.3861,27.480066666666687,0.0,-0.0,0.0,10800.0,10800.0,689.192046,118.16428666666675,0.0
2025-01-09,48,warmup,1.1617,1224.165,264.075,1208.5516666666667,261.20625,114.01208333333341,12.744583333333026,0.0,833.3333333333334,0.0,10800.0,9874.074074074075,132.44783720833342,74.02691229166487,-2.2737367544323206e-13
2025-01-09,49,warmup,1.1683,1196.5498166666666,320.8763833333333,1233.3754833333335,315.2749333333333,84.76721666666674,0.0,0.0,790.9062166666668,0.0,9874.074074074075,8995.28938888889,99.03353923166675,0.0,2.2737367544323206e-13
2025-01-09,50,warmup,1.0956,1170.8678166666666,373.73021666666665,1209.5204666666666,370.8334333333333,5.3537000000000035,0.0,0.0,791.7839000000001,0.0,8995.28938888889,8115.5295000000015,5.865513720000004,0.0,2.2737367544323206e-13
2025-01-09,51,warmup,1.0849,1228.675,417.5375,1215.3866666666665,417.27500000000003,0.0,0.0,0.0,811.1374999999999,0.0,8115.5295000000015,7214.265611111113,0.0,0.0,0.0
2025-01-09,52,warmup,1.061,1241.78525,462.2836333333333,1200.41325,444.4204,0.0,0.0,0.0,779.5016166666667,0.0,7214.265611111113,6348.152703703705,0.0,0.0,0.0
2025-01-09,53,warmup,1.043,1216.3218833333333,511.07903333333337,1188.2149333333334,486.94801666666666,0.0,0.0,0.0,705.2428499999999,0.0,6348.152703703705,5564.549537037038,0.0,0.0,0.0
2025-01-09,54,warmup,1.036,1199.0183333333332,560.31875,1197.4750000000001,549.525,0.0,0.0,0.0,638.6995833333332,0.0,5564.549537037038,4854.883333333335,0.0,0.0,0.0
2025-01-09,55,warmup,1.0147,1218.1784333333333,603.97195,1214.1881166666667,600.3952,0.0,0.0,0.0,614.2064833333333,0.0,4854.883333333335,4172.431685185187,0.0,0.0,0.0
2025-01-09,56,warmup,0.9922,1214.4677166666668,645.2927666666667,1196.6387666666667,628.4017833333334,0.0,0.0,0.0,569.1749500000001,0.0,4172.431685185187,3540.015074074076,0.0,0.0,0.0
2025-01-09,57,warmup,0.97,1186.6233333333332,683.94375,1156.6816666666666,648.375,0.0,0.0,0.0,502.6795833333332,0.0,3540.015074074076,2981.4822037037056,0.0,0.0,0.0
2025-01-09,58,warmup,0.9422,1191.4271333333334,713.7226333333333,1150.6689,684.1587333333333,466.5101666666666,0.0,0.0,11.194333333333475,0.0,2981.4822037037056,2969.0440555555574,439.5458790333333,0.0,-2.2737367544323206e-13
2025-01-09,59,warmup,0.9569,1199.18135,729.6684166666668,1171.6042333333332,715.4128333333333,443.0086499999987,0.0,0.0,26.504283333334683,0.0,2969.0440555555574,2939.594851851852,423.91497718499875,0.0,2.2737367544323206e-13
2025-01-09,60,warmup,0.9977,1190.8516666666667,746.25625,1185.7616666666665,739.94375,0.0,0.0,0.0,444.59541666666667,0.0,2939.594851851852,2445.5999444444446,0.0,0.0,0.0
2025-01-09,61,warmup,0.9919,1180.83955,788.0767500000001,1168.0045833333334,775.2897666666667,0.0,0.0,0.0,392.76279999999986,0.0,2445.5999444444446,2009.1968333333336,0.0,0.0,0.0
2025-01-09,62,warmup,0.9588,1183.6560166666666,844.2055333333333,1165.8362833333333,801.5973333333333,0.0,0.0,0.0,339.4504833333333,0.0,2009.1968333333336,1632.0296296296299,0.0,0.0,0.0
2025-01-09,63,warmup,0.9549,1191.125,900.6374999999999,1184.9416666666666,819.9875000000001,364.95416666666654,0.0,0.0,0.0,74.46666666666647,1632.0296296296299,1632.0296296296299,348.49473374999985,0.0,0.0
2025-01-09,64,warmup,0.9839,1182.6243833333333,950.6414833333332,1183.3013833333332,852.9138166666667,0.0,0.0,0.0,231.9829000000001,0.0,1632.0296296296299,1374.270851851852,0.0,0.0,0.0
2025-01-09,65,warmup,0.799,1176.1524333333334,991.84445,1168.4708333333333,886.3496666666666,282.1211666666667,0.0,0.0,0.0,97.81318333333331,1374.270851851852,1374.270851851852,225.41481216666668,0.0,1.1368683772161603e-13
2025-01-09,66,warmup,0.5025,1176.9616666666668,1006.8,1161.7083333333333,914.4,1080.6416666666667,0.0,639.6990534979421,0.0,270.78094650205765,1374.270851851852,1950.0,543.0224374999999,0.0,0.0
2025-01-09,67,warmup,0.4662,1173.9096,982.0886166666666,1174.02045,947.9933166666666,1059.3604666666668,0.0,833.3333333333333,0.0,34.20615000000009,1950.0,2700.0,493.87384956000005,0.0,1.1368683772161603e-13
2025-01-09,68,warmup,0.5007,1179.7797333333333,981.28225,1174.2303166666668,994.0507333333334,1013.5129166666668,18.31789999999978,833.3333333333333,0.0,0.0,2700.0,3450.0,507.4659173750001,45.85886264999946,0.0
2025-01-09,69,warmup,0.4827,1189.015,1007.68125,1152.8916666666667,1036.7375,949.4875000000001,65.17958333333331,833.3333333333333,0.0,0.0,3450.0,4200.0,458.31761625000007,157.31092437499996,0.0
2025-01-09,70,warmup,0.4785,1179.15095,1006.3747333333334,1134.0515166666667,1049.6528833333334,917.7319666666666,88.37758333333318,833.3333333333333,0.0,0.0,4200.0,4950.0,439.13474604999993,211.44336812499964,0.0
2025-01-09,71,warmup,0.4662,1157.6973833333334,1006.46105,1144.2158333333334,1049.5210666666667,928.0281000000001,56.54156666666654,833.3333333333333,0.0,0.0,4950.0,5700.0,432.64670022000007,131.7983918999997,0.0
2025-01-09,72,warmup,0.4432,1124.4683333333337,1014.96875,1156.0166666666667,1044.65625,944.69375,0.0,833.3333333333333,0.0,1.860833333333062,5700.0,6450.0,418.68827,0.0,-1.1368683772161603e-13
2025-01-09,73,warmup,0.4411,1078.7658166666668,1000.4679833333332,1116.1826333333333,1031.4342166666668,918.0817499999999,0.0,833.3333333333333,0.0,6.450583333333157,6450.0,7200.0,404.96585992499996,0.0,1.1368683772161603e-13
2025-01-09,74,warmup,0.4551,1075.6932333333332,954.4675833333334,1081.7274833333333,1034.6995333333332,880.3612833333335,74.19769999999949,833.3333333333333,0.0,0.0,7200.0,7950.0,400.6524200450001,168.83686634999884,0.0
2025-01-09,75,warmup,0.4463,1093.74,897.0,1077.8500000000001,1052.71875,858.4645833333335,171.60874999999976,833.3333333333333,0.0,0.0,7950.0,8700.0,383.13274354166674,382.9449256249995,0.0
2025-01-09,76,warmup,0.4113,1065.1094,863.4749,1079.31225,1057.75655,854.8890333333333,180.0788,833.3333333333333,0.0,0.0,8700.0,9450.0,351.61585941,370.33205219999996,0.0
2025-01-09,77,warmup,0.5682,1092.3361333333337,860.7432166666667,1097.6717333333333,1052.9866333333332,878.0184333333335,186.9078166666667,833.3333333333333,0.0,0.0,9450.0,10200.0,498.8900738200001,531.0051071500001,0.0
2025-01-09,78,warmup,0.8279,1151.8033333333333,869.0749999999999,1122.9016666666666,1033.3374999999999,89.56416666666678,193.16416666666657,0.0,-0.0,0.0,10200.0,10200.0,74.15017358333343,799.6030679166663,0.0
2025-01-09,79,warmup,0.8636,1113.5318,861.4600999999999,1126.4687333333334,986.5188166666667,139.9499166666667,112.12178333333338,0.0,-0.0,0.0,10200.0,10200.0,120.86074803333337,484.1418604333336,0.0
2025-01-09,80,warmup,0.8416,1094.2901833333333,856.8589333333333,1130.1795166666668,936.2877666666667,193.89175000000012,43.53949999999986,0.0,-0.0,0.0,10200.0,10200.0,163.1792968000001,183.21421599999942,0.0
2025-01-09,81,warmup,0.8618,1121.305,847.43125,1136.8483333333334,905.19375,231.65458333333333,42.21916666666675,0.0,-0.0,0.0,10200.0,10200.0,199.63991991666666,181.92238916666705,0.0
2025-01-09,82,warmup,0.8623,1105.8807333333332,803.1166333333334,1123.7989833333334,894.2333166666667,229.56566666666663,73.19843333333313,0.0,-0.0,0.0,10200.0,10200.0,197.95447436666663,315.59504531666573,0.0
2025-01-09,83,warmup,0.9026,1104.10255,757.7833833333334,1094.3851,861.9684333333333,232.41666666666663,113.90250000000003,0.0,-0.0,0.0,10200.0,10200.0,209.7792833333333,514.0419825000001,0.0
2025-01-09,84,warmup,0.9754,1121.0316666666663,734.2312499999999,1065.6666666666667,806.0625,0.0,0.0,0.0,386.80041666666637,0.0,10200.0,9770.221759259259,0.0,0.0,0.0
2025-01-09,85,warmup,1.0002,1099.1528166666667,721.9807999999999,1056.8727666666666,761.8072333333333,0.0,0.0,0.0,377.17201666666676,0.0,9770.221759259259,9351.14174074074,0.0,0.0,0.0
2025-01-09,86,warmup,0.9978,1083.6322833333334,688.9949833333334,1068.3543833333333,717.4596,0.0,0.0,0.0,394.6373,0.0,9351.14174074074,8912.655851851852,0.0,0.0,0.0
2025-01-09,87,warmup,1.0271,1086.7216666666666,635.99375,1091.98,667.96875,0.0,0.0,0.0,450.7279166666666,0.0,8912.655851851852,8411.847055555556,0.0,0.0,0.0
2025-01-09,88,warmup,1.0906,1075.593,592.8049333333333,1114.0574333333334,624.4406666666666,0.0,0.0,0.0,482.78806666666674,0.0,8411.847055555556,7875.415870370371,0.0,0.0,0.0
2025-01-09,89,warmup,0.9376,1073.9688166666667,554.4557833333333,1114.4632166666668,586.5727499999999,0.00013375641410779359,0.0,0.0,519.5128995769194,0.0,7875.415870370371,7298.179315284905,0.00012541001386746727,0.0,2.2737367544323206e-13
2025-01-09,90,warmup,0.6694,1088.996666666667,510.1875,1095.6416666666667,549.80625,1379.16875,32.97375000000022,833.3333333333334,0.0,0.0,7298.179315284905,8048.179315284905,923.2155612500001,110.36314125000075,1.1368683772161603e-13
2025-01-09,91,warmup,0.66,1097.4280666666666,457.33023333333335,1078.7497833333334,509.50488333333334,1402.5782333333336,70.852933333333,833.3333333333334,0.0,0.0,8048.179315284905,8798.179315284906,925.7016340000002,233.8146799999989,1.1368683772161603e-13
2025-01-09,92,warmup,0.7217,1081.2755,411.43745,1063.41825,465.36465,1431.3869333333332,71.7844500000001,833.3333333333334,0.0,0.0,8798.179315284906,9548.179315284906,1033.0319497866667,259.0341878250004,-1.1368683772161603e-13
2025-01-09,93,warmup,0.7308,1055.5216666666668,374.09375,1047.3333333333333,415.02500000000003,1465.6416666666664,49.11958333333371,833.3333333333334,0.0,0.0,9548.179315284906,10298.179315284906,1071.0909299999998,179.48295750000136,-1.1368683772161603e-13
2025-01-09,94,warmup,0.7534,1055.4207166666667,333.4660166666667,1038.7557166666668,357.16395000000006,912.5582270496946,366.9750115226321,557.5785385723266,0.0,0.0,10298.179315284906,10800.0,687.5213682592398,1382.394868405755,0.0
2025-01-09,95,warmup,0.7823,1071.9044,297.34175,1069.7995666666668,306.45861666666667,763.3409500000001,11.221699999999553,0.0,2.1841946220430006e-13,0.0,10800.0,10800.0,597.161625185,43.893679549998254,0.0
2025-01-09,96,warmup,0.8055,1080.67,263.575,1095.815,264.175,831.6400000000001,0.0,0.0,-0.0,14.545000000000016,10800.0,10800.0,669.88602,0.0,5.684341886080802e-14
2025-01-09,97,warmup,0.8271,1065.9254666666668,220.22831666666664,1037.4018666666666,218.2323,819.1695666666666,26.52758333333344,0.0,1.4175967257695765e-13,0.0,10800.0,10800.0,677.5351485899998,109.70482087500042,0.0
2025-01-09,98,warmup,0.8519,1059.2460166666667,175.88559999999998,1001.92515,172.69129999999998,829.2338500000001,54.12656666666617,0.0,4.909137679698361e-13,0.0,10800.0,10800.0,706.4243168150001,230.55211071666457,0.0
2025-01-09,99,warmup,0.8791,1060.52,133.525,1031.0233333333333,130.08124999999998,900.9420833333334,26.052916666666192,0.0,4.267686204428855e-13,0.0,10800.0,10800.0,792.0181854583334,114.51559520833125,0.0
2025-01-09,100,warmup,0.9024,1042.2201,87.42005,1058.2079666666666,87.23025,970.9777166666667,0.0,0.0,1.7985612998927536e-14,16.17766666666667,10800.0,10800.0,876.2102915199999,0.0,3.907985046680551e-14
2025-01-09,101,warmup,0.9163,1039.1637166666667,40.95358333333333,1041.3350833333334,41.834966666666666,999.5001166666667,0.0,0.0,-0.0,1.2899833333333532,10800.0,10800.0,915.8419569016667,0.0,-1.4210854715202004e-14
2025-01-09,102,warmup,0.9264,1050.48,7.243749999999999,1026.2716666666668,6.3999999999999995,1019.8716666666668,23.364583333332817,0.0,4.175691042940244e-13,0.0,10800.0,10800.0,944.8091120000001,108.2247499999976,2.2737367544323206e-13
2025-01-09,103,warmup,0.9462,1040.6582166666667,0.0,1086.1207,0.0,1086.1207,0.0,0.0,-0.0,45.46248333333324,10800.0,10800.0,1027.68740634,0.0,0.0
2025-01-09,104,warmup,0.9742,1040.8204666666668,0.40865,1088.5671666666667,0.5872499999999999,1087.9799166666667,0.0,0.0,-0.0,47.56809999999988,10800.0,10800.0,1059.9100348166667,0.0,7.815970093361102e-14
2025-01-09,105,warmup,0.9862,1057.8983333333333,0.0,1039.1533333333334,0.0,1039.1533333333334,18.74499999999989,0.0,0.0,0.0,10800.0,10800.0,1024.8130173333334,92.43159499999946,0.0
2025-01-09,106,warmup,0.976,1043.88335,0.0,1050.8732666666667,0.0,1050.8732666666667,0.0,0.0,-0.0,6.989916666666659,10800.0,10800.0,1025.6523082666668,0.0,0.0
2025-01-09,107,warmup,1.0742,905.0344333333334,0.0293333333333333,921.0365499999999,0.042166666666666665,920.9943833333333,0.0,0.0,-0.0,15.989283333333269,10800.0,10800.0,989.3321665766666,0.0,-4.973799150320701e-14
2025-01-09,108,warmup,1.2313,726.7866666666667,0.0,704.9683333333334,0.0,704.9683333333334,21.81833333333409,0.0,-7.031464863485602e-13,0.0,10800.0,10800.0,868.0275088333334,134.32456916667132,0.0
2025-01-09,109,warmup,1.2561,708.2613500000001,0.0,688.5141,0.0,688.5141,19.747250000000655,0.0,-5.329070518200751e-13,0.0,10800.0,10800.0,864.8425610099999,124.02260362500411,0.0
2025-01-09,110,warmup,1.2447,746.7409666666667,0.0021,730.1875666666666,0.0030333333333333336,730.1845333333333,16.554333333333247,0.0,1.8417267710901796e-13,0.0,10800.0,10800.0,908.8606886399999,103.02589349999946,1.1368683772161603e-13
2025-01-09,111,warmup,1.2545,753.7033333333334,0.0,730.1350000000001,0.0,730.1350000000001,23.5683333333335,0.0,-2.2737367544323206e-13,0.0,10800.0,10800.0,915.9543575000001,147.83237083333438,0.0
2025-01-09,112,warmup,1.2522,738.3958666666667,0.0,728.8338,0.0,728.8338,9.562066666666624,0.0,1.1368683772161603e-13,0.0,10800.0,10800.0,912.64568436,59.868099399999736,0.0
2025-01-09,113,warmup,1.2881,732.5549166666666,0.0,720.3681499999999,0.00021666666666666666,119.87870000000089,12.186983333333728,0.0,600.489233333332,0.0,10800.0,10132.789740740742,154.41575347000114,78.49026615833588,0.0
2025-01-09,114,warmup,1.3466,735.8883333333333,0.0,709.36,0.0,0.0,0.0,0.0,735.8883333333333,0.0,10132.789740740742,9315.136037037038,0.0,0.0,0.0
2025-01-09,115,warmup,1.3523,724.5254333333334,0.0,715.7542666666667,0.0,0.0,0.0,0.0,724.5254333333334,0.0,9315.136037037038,8510.10777777778,0.0,0.0,0.0
2025-01-09,116,warmup,1.3445,725.2221333333333,0.0,725.89945,0.0,0.0,0.0,0.0,725.2221333333333,0.0,8510.10777777778,7704.305407407409,0.0,0.0,0.0
2025-01-09,117,warmup,1.3483,740.7199999999999,0.0,725.3383333333333,0.0,0.0,0.0,0.0,740.7199999999999,0.0,7704.305407407409,6881.283185185187,0.0,0.0,0.0
2025-01-09,118,warmup,1.349,744.2487333333333,0.0,716.5708,0.0,0.0,0.0,0.0,744.2487333333333,0.0,6881.283185185187,6054.34014814815,0.0,0.0,0.0
2025-01-09,119,warmup,1.3473,738.9341666666666,0.0,735.6900666666667,0.0,0.0,0.0,0.0,738.9341666666666,0.0,6054.34014814815,5233.302185185186,0.0,0.0,0.0
2025-01-09,120,warmup,1.3482,727.7816666666666,0.0,763.0566666666667,0.0,0.0,0.0,0.0,727.7816666666666,0.0,5233.302185185186,4424.65588888889,0.0,0.0,0.0
2025-01-09,121,warmup,1.3513,712.6180333333333,0.0,741.1062833333334,0.0,0.0,0.0,0.0,712.6180333333333,0.0,4424.65588888889,3632.8580740740754,0.0,0.0,0.0
2025-01-09,122,warmup,1.34,720.4747333333333,0.0,715.34615,0.0,0.0,22.291216666665832,0.0,698.1835166666675,0.0,3632.8580740740754,2857.0986111111115,0.0,149.35115166666108,0.0
2025-01-09,123,warmup,1.3489,737.265,0.0,725.73,0.0,0.0,11.534999999999854,0.0,725.7300000000001,0.0,2857.0986111111115,2050.7319444444447,0.0,77.79780749999902,0.0
2025-01-09,124,warmup,1.3952,724.8512000000001,0.0,765.65875,0.0,0.0,0.0,0.0,724.8512000000001,0.0,2050.7319444444447,1245.3417222222224,0.0,0.0,0.0
2025-01-09,125,warmup,1.2226,735.8116833333333,0.0,773.9436999999999,0.0,773.9436999999999,0.0,0.0,0.0,38.13201666666657,1245.3417222222224,1245.3417222222224,946.2235676199998,0.0,0.0
2025-01-09,126,warmup,0.9332,775.1783333333333,0.0,756.2033333333334,0.0,756.2033333333334,0.0,0.0,18.97499999999993,0.0,1245.3417222222224,1224.2583888888892,705.6889506666668,0.0,0.0
2025-01-09,127,warmup,0.9068,786.8982500000001,0.0,767.8431833333334,0.0,767.8431833333334,0.0,0.0,19.055066666666676,0.0,1224.2583888888892,1203.0860925925929,696.2801986466668,0.0,0.0
2025-01-09,128,warmup,0.9371,756.1267166666667,0.0,748.1819833333334,0.0,748.1819833333334,5.1672499999996715,0.0,2.7774833333335893,0.0,1203.0860925925929,1200.0,701.1213365816668,24.211149874998462,0.0
2025-01-09,129,warmup,0.9371,737.2800000000001,0.0,724.3933333333333,0.0,724.3933333333333,12.88666666666677,0.0,-0.0,0.0,1200.0,1200.0,678.8289926666666,60.38047666666715,0.0
2025-01-09,130,warmup,0.9871,781.5158833333334,0.0,771.7817333333334,0.0,771.7817333333334,9.73415,0.0,-0.0,0.0,1200.0,1200.0,761.8257489733334,48.042897325,0.0
2025-01-09,131,warmup,0.7764,706.2948333333334,0.0,699.6481666666667,0.0,699.6481666666667,6.646666666666647,0.0,-0.0,0.0,1200.0,1200.0,543.2068366,25.802359999999922,0.0
2025-01-09,132,warmup,0.4209,544.4316666666667,0.0,533.8833333333333,0.0,533.8833333333333,10.548333333333403,0.0,-0.0,0.0,1200.0,1200.0,224.71149499999999,22.198967500000144,0.0
2025-01-09,133,warmup,0.3859,521.8748166666667,0.0,506.91411666666664,0.0,506.91411666666664,14.960700000000033,0.0,-0.0,0.0,1200.0,1200.0,195.61815762166665,28.866670650000064,0.0
2025-01-09,134,warmup,0.4368,544.5650666666667,0.0,542.7825166666667,0.0,542.7825166666667,1.7825500000000147,0.0,-0.0,0.0,1200.0,1200.0,237.08740328000002,3.8930892000000323,0.0
2025-01-09,135,warmup,0.4198,552.1366666666667,0.0,553.7533333333333,0.0,553.7533333333333,0.0,0.0,0.0,1.6166666666666742,1200.0,1200.0,232.46564933333335,0.0,0.0
2025-01-09,136,warmup,0.4186,584.8221333333333,0.0,537.2946833333333,0.0,537.2946833333333,47.527450000000044,0.0,-0.0,0.0,1200.0,1200.0,224.91155444333333,99.4749528500001,0.0
2025-01-09,137,warmup,0.4241,618.6851166666667,0.0,553.9089166666666,0.0,553.9089166666666,64.77620000000002,0.0,-0.0,0.0,1200.0,1200.0,234.9127715583333,137.35793210000003,0.0
2025-01-09,138,warmup,0.4237,618.87,0.0,588.045,0.0,588.045,30.825000000000042,0.0,-0.0,0.0,1200.0,1200.0,249.1546665,65.30276250000009,0.0
2025-01-09,139,warmup,0.4248,577.9995666666667,0.0,568.9827666666666,0.0,568.9827666666666,9.016800000000103,0.0,-0.0,0.0,1200.0,1200.0,241.70387928,19.15168320000022,0.0
2025-01-09,140,warmup,0.424,569.48735,0.0,565.6843,0.0,565.6843,3.8030499999999847,0.0,-0.0,0.0,1200.0,1200.0,239.8501432,8.062465999999969,0.0
2025-01-09,141,warmup,0.422,607.2316666666667,0.0,594.7416666666667,0.0,594.7416666666667,12.490000000000009,0.0,-0.0,0.0,1200.0,1200.0,250.98098333333334,26.353900000000017,0.0
2025-01-09,142,warmup,0.424,624.5394833333334,0.0,602.7068666666667,0.0,602.7068666666667,21.832616666666695,0.0,-0.0,0.0,1200.0,1200.0,255.54771146666664,46.2851473333334,0.0
2025-01-09,143,warmup,0.4271,555.9524166666666,0.0,607.5747,0.0,607.5747,0.0,-0.0,0.0,51.62228333333337,1200.0,1200.0,259.49515436999997,0.0,0.0
2025-01-09,144,warmup,0.4276,451.63000000000005,0.0,610.64,0.0,610.64,0.0,-0.0,0.0,159.00999999999993,1200.0,1200.0,261.109664,0.0,0.0
2025-01-10,1,warmup,0.4248,431.89035,0.0,593.6329,0.0,1426.9662333333333,0.0,833.3333333333334,0.0,161.74254999999994,1200.0,1950.0,606.17525592,0.0,0.0
2025-01-10,2,warmup,0.4245,442.5772166666666,0.0,599.5246833333333,0.0,1432.8580166666666,0.0,833.3333333333333,0.0,156.94746666666674,1950.0,2700.0,608.2482280749999,0.0,0.0
2025-01-10,3,warmup,0.4269,444.43,0.0,627.2983333333333,0.0,1460.6316666666667,0.0,833.3333333333333,0.0,182.86833333333334,2700.0,3450.0,623.5436585,0.0,0.0
2025-01-10,4,warmup,0.4272,450.3699,0.0,633.51145,0.0,1466.8447833333335,0.0,833.3333333333333,0.0,183.14155000000028,3450.0,4200.0,626.6360914400001,0.0,0.0
2025-01-10,5,warmup,0.4271,444.6617166666667,0.0,642.20275,0.0,1475.5360833333334,0.0,833.3333333333333,0.0,197.54103333333342,4200.0,4950.0,630.2014611916667,0.0,0.0
2025-01-10,6,warmup,0.4285,442.50500000000005,0.0,659.1383333333333,0.0,1492.4716666666668,0.0,833.3333333333333,0.0,216.63333333333344,4950.0,5700.0,639.5241091666667,0.0,0.0
2025-01-10,7,warmup,0.4311,474.3875166666666,0.0,662.83455,0.0,1329.5012166666668,0.0,666.6666666666666,0.0,188.44703333333348,5700.0,6300.0,573.147974505,0.0,0.0
2025-01-10,8,warmup,0.4302,480.7295166666667,0.0,664.9293333333334,0.0,1498.2626666666667,0.0,833.3333333333333,0.0,184.19981666666672,6300.0,7050.0,644.5525992,0.0,0.0
2025-01-10,9,warmup,0.4279,465.50500000000005,0.0,661.2866666666666,0.0,1494.62,0.0,833.3333333333333,0.0,195.78166666666652,7050.0,7800.0,639.5478979999999,0.0,0.0
2025-01-10,10,warmup,0.4312,491.04435,0.0,640.2898166666666,0.0,640.2898166666666,0.0,149.24546666666663,0.0,0.0,7800.0,7934.32092,276.09296894666664,0.0,0.0
2025-01-10,11,warmup,0.4333,509.29108333333335,0.0,654.3395833333333,0.0,654.3395833333333,0.0,145.04849999999993,0.0,0.0,7934.32092,8064.86457,283.52534145833334,0.0,0.0
2025-01-10,12,warmup,0.4311,493.0966666666666,0.0,684.5016666666667,0.0,1517.835,0.0,539.039366666667,0.0,485.6989666666665,8064.86457,8550.0,654.3386685,0.0,0.0
2025-01-10,13,warmup,0.4293,469.2202666666667,0.0,661.4266666666666,0.0,1494.76,0.0,833.3333333333333,0.0,192.20640000000003,8550.0,9300.0,641.700468,0.0,0.0
2025-01-10,14,warmup,0.4324,479.66675,0.0,659.6080333333333,0.0,659.6080333333333,0.0,0.0,0.0,179.94128333333333,9300.0,9300.0,285.21451361333334,0.0,0.0
2025-01-10,15,warmup,0.4367,511.3616666666667,0.0,678.3316666666666,0.0,678.3316666666666,0.0,0.0,0.0,166.9699999999999,9300.0,9300.0,296.2274388333333,0.0,0.0
2025-01-10,16,warmup,0.4348,511.3307833333333,0.0,646.8873166666666,0.0,646.8873166666666,0.0,0.0,0.0,135.55653333333333,9300.0,9300.0,281.2666052866667,0.0,0.0
2025-01-10,17,warmup,0.4335,500.0067333333333,0.0,657.0931333333333,0.0,657.0931333333333,0.0,0.0,0.0,157.08640000000003,9300.0,9300.0,284.84987329999996,0.0,0.0
2025-01-10,18,warmup,0.4357,508.1033333333333,0.0,705.88,0.0,705.88,0.0,0.0,0.0,197.7766666666667,9300.0,9300.0,307.551916,0.0,0.0
2025-01-10,19,warmup,0.4374,541.6630166666666,0.0,694.448,0.0,694.448,0.0,0.0,0.0,152.78498333333334,9300.0,9300.0,303.7515552,0.0,0.0
2025-01-10,20,warmup,0.4371,545.4906833333333,0.0,684.30345,0.0,684.30345,0.0,0.0,0.0,138.81276666666668,9300.0,9300.0,299.109037995,0.0,0.0
2025-01-10,21,warmup,0.4356,508.355,0.0,692.5983333333334,0.0,692.5983333333334,0.0,0.0,0.0,184.24333333333334,9300.0,9300.0,301.695834,0.0,0.0
2025-01-10,22,warmup,0.4353,478.1484,0.0,672.86195,0.0,672.86195,0.0,0.0,0.0,194.71355,9300.0,9300.0,292.896806835,0.0,0.0
2025-01-10,23,warmup,0.436,499.49885,0.0,665.6706166666667,0.0,665.6706166666667,0.0,0.0,0.0,166.17176666666666,9300.0,9300.0,290.23238886666667,0.0,0.0
2025-01-10,24,warmup,0.4378,546.195,0.0,684.3433333333334,0.0,684.3433333333334,0.0,0.0,0.0,138.1483333333333,9300.0,9300.0,299.60551133333337,0.0,0.0
2025-01-10,25,warmup,0.4401,544.99455,0.0,696.5685333333332,0.0,696.5685333333332,0.0,0.0,0.0,151.57398333333322,9300.0,9300.0,306.5598115199999,0.0,0.0
2025-01-10,26,warmup,0.4389,512.7320333333333,0.0,688.2587833333333,0.0,688.2587833333333,0.0,0.0,0.0,175.52675,9300.0,9300.0,302.076780005,0.0,0.0
2025-01-10,27,warmup,0.4364,505.6516666666666,0.0,670.7583333333333,0.0,670.7583333333333,0.0,0.0,0.0,165.10666666666674,9300.0,9300.0,292.71893666666665,0.0,0.0
2025-01-10,28,warmup,0.4393,561.8098166666667,0.0,670.3511333333333,0.0,670.3511333333333,0.0,0.0,0.0,108.5413166666666,9300.0,9300.0,294.48525287333337,0.0,0.0
2025-01-10,29,warmup,0.4422,586.9613499999999,0.0,691.0580333333334,0.0,691.0580333333334,0.0,0.0,0.0,104.09668333333343,9300.0,9300.0,305.58586234,0.0,0.0
2025-01-10,30,warmup,0.4395,566.5133333333333,0.0,714.8266666666667,0.0,714.8266666666667,0.0,148.3133333333334,0.0,0.0,9300.0,9433.482,314.16632000000004,0.0,0.0
2025-01-10,31,warmup,0.4333,573.4412666666666,0.0,719.9364166666666,0.0,719.9364166666666,0.0,146.49514999999997,0.0,0.0,9433.482,9565.327635,311.9484493416666,0.0,0.0
2025-01-10,32,warmup,0.4439,580.8068666666667,0.0,732.0131,0.0,732.0131,0.0,151.20623333333333,0.0,0.0,9565.327635,9701.413245,324.94061509,0.0,0.0
2025-01-10,33,warmup,0.4301,568.0233333333333,0.0,717.7866666666667,0.0,1551.1200000000001,0.0,387.31861666666697,0.0,595.7780499999999,9701.413245,10050.0,667.136712,0.0,0.0
2025-01-10,34,warmup,0.3713,550.0466666666667,0.0017666666666666,643.6599666666667,0.0023,1476.991,0.0,833.3333333333333,0.0,93.61276666666663,10050.0,10800.0,548.4067583,0.0,1.1368683772161603e-13
2025-01-10,35,warmup,0.5708,552.3874833333333,0.0,742.2176666666666,0.0,742.2176666666666,0.0,0.0,-0.0,189.83018333333325,10800.0,10800.0,423.65784413333324,0.0,0.0
2025-01-10,36,warmup,0.9099,572.4733333333334,0.0,945.8383333333333,0.0,945.8383333333333,0.0,0.0,-0.0,373.3649999999999,10800.0,10800.0,860.6182994999999,0.0,0.0
2025-01-10,37,warmup,0.9368,582.7121166666667,0.0245666666666666,940.9293666666667,0.032016666666666665,265.8973500000002,0.0,0.0,316.79019999999986,0.0,10800.0,10448.01088888889,249.09263748000018,0.0,0.0
2025-01-10,38,warmup,0.8758,577.2782333333333,0.0,891.9264166666667,0.0,891.9264166666667,0.0,0.0,0.0,314.64818333333335,10448.01088888889,10448.01088888889,781.1491557166667,0.0,0.0
2025-01-10,39,warmup,0.8759,564.99,0.0,900.0183333333333,0.0,900.0183333333333,0.0,0.0,0.0,335.0283333333333,10448.01088888889,10448.01088888889,788.3260581666667,0.0,0.0
2025-01-10,40,warmup,0.8601,562.3919999999999,0.3421166666666667,898.1990666666667,0.4459666666666667,897.7531,0.0,0.0,0.0,335.7032166666667,10448.01088888889,10448.01088888889,772.15744131,0.0,5.684341886080802e-14
2025-01-10,41,warmup,0.8442,580.9321833333333,0.0,893.2302833333333,0.0,893.2302833333333,0.0,0.0,0.0,312.2981,10448.01088888889,10448.01088888889,754.06500519,0.0,0.0
2025-01-10,42,warmup,0.8334,618.6850000000001,9.2125,898.18,7.0687500000000005,891.1112499999999,0.0,0.0,0.0,281.63874999999985,10448.01088888889,10448.01088888889,742.65211575,0.0,0.0
2025-01-10,43,warmup,0.8092,659.9798166666667,46.96545,911.7967166666667,40.51305,871.2836666666667,0.0,0.0,0.0,258.2693,10448.01088888889,10448.01088888889,705.0427430666667,0.0,5.684341886080802e-14
2025-01-10,44,warmup,0.7972,682.7775166666667,98.23768333333334,931.4382666666667,82.70298333333334,848.7352833333333,0.0,0.0,0.0,264.19545,10448.01088888889,10448.01088888889,676.6117678733333,0.0,5.684341886080802e-14
2025-01-10,45,warmup,0.7644,677.335,151.48125000000002,934.59,125.27499999999999,809.315,0.0,283.46125000000006,0.0,0.0,10448.01088888889,10703.12601388889,618.640386,0.0,0.0
2025-01-10,46,warmup,0.6899,652.8473833333334,205.555,921.2082166666668,173.23815000000002,1581.3034000000002,0.0,107.6377623456776,0.0,1026.3732543209892,10703.12601388889,10800.0,1090.9412156600001,0.0,0.0
2025-01-10,47,warmup,0.86,638.0857833333333,256.79285,1047.3628166666667,218.49665000000002,828.8661666666667,0.0,0.0,-0.0,447.57323333333335,10800.0,10800.0,712.8249033333334,0.0,5.684341886080802e-14
2025-01-10,48,warmup,1.1617,640.3466666666667,304.48125,1224.165,264.075,126.75666666666655,0.0,0.0,209.10875000000016,0.0,10800.0,10567.656944444445,147.25321966666652,0.0,0.0
2025-01-10,49,warmup,1.1683,646.0638166666666,350.64553333333333,1196.5498166666666,320.8763833333333,42.34010000000001,0.0,0.0,253.0781833333333,0.0,10567.656944444445,10286.458962962963,49.465938830000006,0.0,0.0
2025-01-10,50,warmup,1.0956,662.0704666666667,393.6407166666667,1170.8678166666666,373.73021666666665,0.0,0.0,0.0,268.42974999999996,0.0,10286.458962962963,9988.203685185184,0.0,0.0,0.0
2025-01-10,51,warmup,1.0849,677.3783333333333,435.325,1228.675,417.53749999999997,0.0,0.0,0.0,242.05333333333334,0.0,9988.203685185184,9719.255537037036,0.0,0.0,0.0
2025-01-10,52,warmup,1.061,675.0169,479.9655666666667,1241.7852500000001,462.2836333333333,0.0,0.0,0.0,195.05133333333328,0.0,9719.255537037036,9502.531833333333,0.0,0.0,0.0
2025-01-10,53,warmup,1.043,703.6926833333333,523.7297833333333,1216.3218833333333,511.07903333333337,0.0,0.0,0.0,179.9629,0.0,9502.531833333333,9302.573055555555,0.0,0.0,0.0
2025-01-10,54,warmup,1.036,755.2583333333333,563.2125,1199.0183333333332,560.31875,0.0,0.0,0.0,192.04583333333335,0.0,9302.573055555555,9089.188796296296,0.0,0.0,0.0
2025-01-10,55,warmup,1.0147,769.4231,599.2222833333334,1218.1784333333333,603.97195,0.0,0.0,0.0,170.20081666666658,0.0,9089.188796296296,8900.076777777776,0.0,0.0,0.0
2025-01-10,56,warmup,0.9922,770.0717333333333,639.0937166666666,1214.4677166666668,645.2927666666667,0.0,0.0,0.0,130.9780166666667,0.0,8900.076777777776,8754.545648148147,0.0,0.0,0.0
2025-01-10,57,warmup,0.97,771.91,684.4187499999999,1186.6233333333332,683.94375,0.0,0.0,0.0,87.49125000000004,0.0,8754.545648148147,8657.333148148147,0.0,0.0,0.0
2025-01-10,58,warmup,0.9422,764.4136666666667,729.2405833333333,1191.4271333333334,713.7226333333333,477.70450000000005,0.0,0.0,0.0,442.5314166666667,8657.333148148147,8657.333148148147,450.09317990000005,0.0,1.1368683772161603e-13
2025-01-10,59,warmup,0.9569,759.5386666666667,766.9171833333334,1199.18135,729.6684166666668,322.75136666666583,0.0,0.0,0.0,330.1298833333325,8657.333148148147,8657.333148148147,308.8407827633325,0.0,0.0
2025-01-10,60,warmup,0.9977,758.7533333333334,793.5187500000001,1190.8516666666667,746.25625,0.0,0.0,0.0,0.0,34.765416666666624,8657.333148148147,8657.333148148147,0.0,0.0,0.0
2025-01-10,61,warmup,0.9919,752.6044166666667,809.1539833333333,1180.83955,788.0767500000001,0.0,0.0,0.0,0.0,56.54956666666658,8657.333148148147,8657.333148148147,0.0,0.0,0.0
2025-01-10,62,warmup,0.9588,752.6700833333333,819.19475,1183.6560166666666,844.2055333333333,0.0,0.0,0.0,0.0,66.52466666666669,8657.333148148147,8657.333148148147,0.0,0.0,0.0
2025-01-10,63,warmup,0.9549,751.4616666666667,837.5875,1191.125,900.6374999999999,290.48750000000007,0.0,0.0,0.0,376.61333333333334,8657.333148148147,8657.333148148147,277.38651375000006,0.0,0.0
2025-01-10,64,warmup,0.9839,729.2148833333334,876.0233499999999,1182.6243833333333,950.6414833333333,0.0,0.0,0.0,0.0,146.8084666666665,8657.333148148147,8657.333148148147,0.0,0.0,0.0
2025-01-10,65,warmup,0.799,713.8183333333333,909.2961166666668,1176.1524333333334,991.84445,184.30798333333337,0.0,0.0,0.0,379.78576666666686,8657.333148148147,8657.333148148147,147.26207868333336,0.0,-1.1368683772161603e-13
2025-01-10,66,warmup,0.5025,716.5466666666666,932.075,1176.9616666666668,1006.8000000000001,1003.4950000000001,0.0,0.0,0.0,1219.0233333333335,8657.333148148147,8657.333148148147,504.2562375,0.0,0.0
2025-01-10,67,warmup,0.4662,720.7586833333334,956.381,1173.9096,982.0886166666666,1025.1543166666668,0.0,0.0,0.0,1260.7766333333334,8657.333148148147,8657.333148148147,477.92694243000005,0.0,0.0
2025-01-10,68,warmup,0.5007,714.0214500000001,949.3863,1179.7797333333333,981.2822500000001,1031.8308166666666,0.0,0.0,0.0,1267.1956666666665,8657.333148148147,8657.333148148147,516.637689905,0.0,0.0
2025-01-10,69,warmup,0.4827,700.8716666666666,922.76875,1189.015,1007.68125,1014.6670833333335,0.0,0.0,0.0,1236.564166666667,8657.333148148147,8657.333148148147,489.7798011250001,0.0,0.0
2025-01-10,70,warmup,0.4785,696.4780666666667,926.44135,1179.15095,1006.3747333333334,1006.1095499999999,0.0,0.0,0.0,1236.0728333333332,8657.333148148147,8657.333148148147,481.42341967499993,0.0,0.0
2025-01-10,71,warmup,0.4662,696.2294833333334,939.7617666666666,1157.6973833333334,1006.46105,984.5696666666668,0.0,0.0,0.0,1228.10195,8657.333148148147,8657.333148148147,459.00637860000006,0.0,-2.2737367544323206e-13
2025-01-10,72,warmup,0.4432,692.5916666666667,938.80625,1124.4683333333335,1014.96875,942.8329166666668,0.0,0.0,0.0,1189.0475000000001,8657.333148148147,8657.333148148147,417.8635486666667,0.0,0.0
2025-01-10,73,warmup,0.4411,684.9471833333333,922.0930166666668,1078.7658166666668,1000.4679833333333,911.6311666666668,0.0,0.0,0.0,1148.7770000000003,8657.333148148147,8657.333148148147,402.1205076166667,0.0,2.2737367544323206e-13
2025-01-10,74,warmup,0.4551,690.1725,916.49265,1075.6932333333332,954.4675833333334,954.5589833333331,0.0,0.0,0.0,1180.8791333333331,8657.333148148147,8657.333148148147,434.4197933149999,0.0,-2.2737367544323206e-13
2025-01-10,75,warmup,0.4463,697.6533333333333,921.15,1093.74,897.0,1030.0733333333333,0.0,47.40761316872522,0.0,1206.1623868312747,8657.333148148147,8700.0,459.7217286666666,0.0,2.2737367544323206e-13
2025-01-10,76,warmup,0.4113,683.0025999999999,912.763,1065.1094,863.4749,1034.9678333333334,0.0,833.3333333333333,0.0,431.39490000000023,8700.0,9450.0,425.68226985,0.0,2.2737367544323206e-13
2025-01-10,77,warmup,0.5682,690.9398166666666,915.3335333333332,1092.3361333333335,860.7432166666667,1064.92625,0.0,833.3333333333333,0.0,455.9866333333332,9450.0,10200.0,605.0910952500001,0.0,0.0
2025-01-10,78,warmup,0.8279,711.86,930.81875,1151.8033333333333,869.0749999999999,282.72833333333335,0.0,0.0,0.0,501.68708333333336,10200.0,10200.0,234.07078716666666,0.0,0.0
2025-01-10,79,warmup,0.8636,687.6421666666666,931.5779333333334,1113.5318,861.4600999999999,252.07170000000008,0.0,0.0,0.0,496.0074666666668,10200.0,10200.0,217.68912012000007,0.0,0.0
2025-01-10,80,warmup,0.8416,653.0483333333333,908.6945166666666,1094.2901833333333,856.8589333333333,237.43124999999998,0.0,0.0,0.0,493.07743333333326,10200.0,10200.0,199.82214,0.0,0.0
2025-01-10,81,warmup,0.8618,647.355,860.81875,1121.305,847.43125,273.8737500000001,0.0,0.0,0.0,487.3375000000001,10200.0,10200.0,236.02439775000008,0.0,0.0
2025-01-10,82,warmup,0.8623,672.2253166666667,796.0541833333333,1105.8807333333332,803.1166333333334,302.76409999999976,0.0,0.0,0.0,426.59296666666637,10200.0,10200.0,261.0734834299998,0.0,0.0
2025-01-10,83,warmup,0.9026,661.0276666666667,748.4467666666666,1104.10255,757.7833833333334,346.31916666666666,0.0,0.0,0.0,433.7382666666665,10200.0,10200.0,312.5876798333333,0.0,-1.1368683772161603e-13
2025-01-10,84,warmup,0.9754,625.155,716.78125,1121.0316666666665,734.2312499999999,0.0,0.0,0.0,0.0,91.62625000000003,10200.0,10200.0,0.0,0.0,0.0
2025-01-10,85,warmup,1.0002,642.4182166666667,671.2728166666667,1099.1528166666667,721.9807999999999,0.0,0.0,0.0,0.0,28.854600000000005,10200.0,10200.0,0.0,0.0,0.0
2025-01-10,86,warmup,0.9978,677.2823333333333,633.3479333333333,1083.6322833333334,688.9949833333334,0.0,0.0,0.0,43.93439999999998,0.0,10200.0,10151.184,0.0,0.0,0.0
2025-01-10,87,warmup,1.0271,676.6316666666667,606.1374999999999,1086.7216666666666,635.99375,0.0,0.0,0.0,70.49416666666673,0.0,10151.184,10072.857148148147,0.0,0.0,0.0
2025-01-10,88,warmup,1.0906,627.2036666666667,570.7039333333333,1075.593,592.8049333333333,0.0,0.0,0.0,56.499733333333324,0.0,10072.857148148147,10010.079666666665,0.0,0.0,0.0
2025-01-10,89,warmup,0.9376,622.1830166666667,544.88685,1073.9688166666667,554.4557833333333,0.00013374990961636992,0.0,0.0,77.2960329167571,0.0,10010.079666666665,9924.195185648046,0.00012540391525630844,0.0,0.0
2025-01-10,90,warmup,0.6694,649.9350000000001,529.30625,1088.9966666666667,510.1875,1412.1425,0.0,0.0,0.0,1291.5137499999998,9924.195185648046,9924.195185648046,945.2881894999999,0.0,2.2737367544323206e-13
2025-01-10,91,warmup,0.66,616.15545,503.0187833333334,1097.4280666666666,457.33023333333335,1473.4311666666667,0.0,0.0,0.0,1360.2945000000002,9924.195185648046,9924.195185648046,972.4645700000001,0.0,0.0
2025-01-10,92,warmup,0.7217,614.9143166666667,466.0722,1081.2755,411.43744999999996,1503.1713833333333,0.0,0.0,0.0,1354.3292666666666,9924.195185648046,9924.195185648046,1084.8387873516667,0.0,0.0
2025-01-10,93,warmup,0.7308,648.8133333333334,428.6375,1055.5216666666668,374.09375,1514.76125,0.0,415.53792181070094,0.0,879.0474948559656,9924.195185648046,10298.179315277677,1106.9875215,0.0,2.2737367544323206e-13
2025-01-10,94,warmup,0.7534,625.8107333333334,397.23181666666665,1055.4207166666667,333.4660166666667,1279.5332385803586,0.0,557.5785385803587,0.0,493.37578333333306,10298.179315277677,10800.0,964.0003419464421,0.0,0.0
2025-01-10,95,warmup,0.7823,629.7744666666666,347.02406666666667,1071.9044000000001,297.34175,774.5626500000001,0.0,0.0,-0.0,491.8122500000001,10800.0,10800.0,605.9403610950001,0.0,-5.684341886080802e-14
2025-01-10,96,warmup,0.8055,664.1816666666667,281.55,1080.67,263.575,817.095,0.0,0.0,-0.0,434.4633333333333,10800.0,10800.0,658.1700225000001,0.0,-5.684341886080802e-14
2025-01-10,97,warmup,0.8271,639.1021833333333,230.39991666666663,1065.9254666666668,220.22831666666664,845.6971500000002,0.0,0.0,2.071942617476452e-13,436.99488333333375,10800.0,10800.0,699.4761127650002,0.0,-1.1368683772161603e-13
2025-01-10,98,warmup,0.8519,593.8299833333333,183.02401666666665,1059.2460166666667,175.88559999999998,883.3604166666668,0.0,0.0,4.6043169277254495e-14,472.55445000000014,10800.0,10800.0,752.5347389583334,0.0,-5.684341886080802e-14
2025-01-10,99,warmup,0.8791,583.7516666666667,133.4125,1060.52,133.525,926.995,0.0,0.0,2.014388655879884e-13,476.6558333333336,10800.0,10800.0,814.9213045,0.0,0.0
2025-01-10,100,warmup,0.9024,614.2868500000001,87.93736666666666,1042.2201,87.42005,954.80005,0.0,0.0,1.100719515534365e-13,428.45056666666676,10800.0,10800.0,861.61156512,0.0,0.0
2025-01-10,101,warmup,0.9163,568.9919333333333,43.26338333333334,1039.1637166666667,40.953583333333334,998.2101333333334,0.0,0.0,-0.0,472.48158333333333,10800.0,10800.0,914.6599451733334,0.0,0.0
2025-01-10,102,warmup,0.9264,474.4333333333333,8.456249999999999,1050.48,7.2437499999999995,1043.23625,0.0,0.0,1.8417267710901796e-13,577.2591666666668,10800.0,10800.0,966.4540619999999,0.0,0.0
2025-01-10,103,warmup,0.9462,474.0867333333333,0.0,1040.6582166666667,0.0,1040.6582166666667,0.0,0.0,-0.0,566.5714833333334,10800.0,10800.0,984.6708046100001,0.0,0.0
2025-01-10,104,warmup,0.9742,489.8739833333333,0.3374,1040.8204666666668,0.40865,1040.4118166666667,0.0,0.0,-0.0,550.8752333333334,10800.0,10800.0,1013.5691917966667,0.0,-1.1368683772161603e-13
2025-01-10,105,warmup,0.9862,476.03,0.0,1057.8983333333333,0.0,1057.8983333333333,0.0,-0.0,0.0,581.8683333333333,10800.0,10800.0,1043.2993363333333,0.0,0.0
2025-01-10,106,warmup,0.976,469.9139333333333,0.0,1043.88335,0.0,1043.88335,0.0,0.0,0.0,573.9694166666668,10800.0,10800.0,1018.8301496,0.0,0.0
2025-01-10,107,warmup,1.0742,481.6966833333333,0.0242166666666666,905.0344333333334,0.029333333333333333,905.0051000000001,0.0,0.0,-0.0,423.3326333333335,10800.0,10800.0,972.1564784200001,0.0,0.0
2025-01-10,108,warmup,1.2313,485.0533333333333,0.0,726.7866666666667,0.0,726.7866666666667,0.0,0.0,-3.344586326642363e-14,241.73333333333343,10800.0,10800.0,894.8924226666668,0.0,2.842170943040401e-14
2025-01-10,109,warmup,1.2561,448.6376666666667,0.0,708.2613500000001,0.0,708.2613500000001,0.0,0.0,0.0,259.6236833333334,10800.0,10800.0,889.6470817350001,0.0,0.0
2025-01-10,110,warmup,1.2447,432.7406333333333,0.0017333333333333,746.7409666666667,0.0021,746.7388666666667,0.0,0.0,9.208633855450898e-14,313.99996666666686,10800.0,10800.0,929.4658673399999,0.0,-5.684341886080802e-14
2025-01-10,111,warmup,1.2545,449.5783333333333,0.0,753.7033333333334,0.0,753.7033333333334,0.0,0.0,-0.0,304.12500000000006,10800.0,10800.0,945.5208316666667,0.0,0.0
2025-01-10,112,warmup,1.2522,454.03856666666667,0.0,738.3958666666667,0.0,738.3958666666667,0.0,0.0,-0.0,284.35730000000007,10800.0,10800.0,924.61930424,0.0,0.0
2025-01-10,113,warmup,1.2881,456.2948166666667,0.0,732.5549166666666,0.0,125.08435000000031,0.0,0.0,331.21046666666643,0.0,10800.0,10431.98837037037,161.1211512350004,0.0,5.684341886080802e-14
2025-01-10,114,warmup,1.3466,467.475,0.0,735.8883333333333,0.0,0.0,0.0,0.0,467.475,0.0,10431.98837037037,9912.571703703705,0.0,0.0,0.0
2025-01-10,115,warmup,1.3523,483.53746666666666,0.0,724.5254333333334,0.0,0.0,0.0,0.0,483.53746666666666,0.0,9912.571703703705,9375.307851851852,0.0,0.0,0.0
2025-01-10,116,warmup,1.3445,494.6097,0.0,725.2221333333333,0.0,0.0,0.0,0.0,494.6097,0.0,9375.307851851852,8825.741518518518,0.0,0.0,0.0
2025-01-10,117,warmup,1.3483,495.09,0.0,740.7199999999999,0.0,0.0,0.0,0.0,495.09,0.0,8825.741518518518,8275.641518518518,0.0,0.0,0.0
2025-01-10,118,warmup,1.349,484.6943166666667,0.0,744.2487333333333,0.0,0.0,0.0,0.0,484.6943166666667,0.0,8275.641518518518,7737.092277777777,0.0,0.0,0.0
2025-01-10,119,warmup,1.3473,462.9375666666666,0.0,738.9341666666666,0.0,0.0,0.0,0.0,462.9375666666666,0.0,7737.092277777777,7222.717203703703,0.0,0.0,0.0
2025-01-10,120,warmup,1.3482,448.3833333333334,0.0,727.7816666666666,0.0,0.0,0.0,0.0,448.3833333333334,0.0,7222.717203703703,6724.513499999999,0.0,0.0,0.0
2025-01-10,121,warmup,1.3513,462.08560000000006,0.0,712.6180333333333,0.0,0.0,0.0,0.0,462.08560000000006,0.0,6724.513499999999,6211.085055555554,0.0,0.0,0.0
2025-01-10,122,warmup,1.34,461.1358666666667,0.0,720.4747333333333,0.0,0.0,0.0,0.0,461.1358666666667,0.0,6211.085055555554,5698.711870370369,0.0,0.0,0.0
2025-01-10,123,warmup,1.3489,448.235,0.0,737.265,0.0,0.0,0.0,0.0,448.235,0.0,5698.711870370369,5200.67298148148,0.0,0.0,0.0
2025-01-10,124,warmup,1.3952,466.7966833333333,0.0,724.8512000000001,0.0,0.0,0.0,0.0,466.7966833333333,0.0,5200.67298148148,4682.009999999998,0.0,0.0,0.0
2025-01-10,125,warmup,1.2226,477.62733333333335,0.0,735.8116833333333,0.0,735.8116833333333,0.0,0.0,0.0,258.18435,4682.009999999998,4682.009999999998,899.6033640433333,0.0,0.0
2025-01-10,126,warmup,0.9332,460.78,0.0,775.1783333333333,0.0,775.1783333333333,0.0,0.0,0.0,314.3983333333333,4682.009999999998,4682.009999999998,723.3964206666667,0.0,0.0
2025-01-10,127,warmup,0.9068,442.33865,0.0,786.8982500000001,0.0,786.8982500000001,0.0,0.0,0.0,344.5596000000001,4682.009999999998,4682.009999999998,713.5593331000001,0.0,0.0
2025-01-10,128,warmup,0.9371,467.10475,0.0,756.1267166666667,0.0,756.1267166666667,0.0,0.0,0.0,289.02196666666663,4682.009999999998,4682.009999999998,708.5663461883333,0.0,0.0
2025-01-10,129,warmup,0.9371,513.695,0.0,737.2800000000001,0.0,737.2800000000001,0.0,0.0,0.0,223.58500000000004,4682.009999999998,4682.009999999998,690.9050880000001,0.0,0.0
2025-01-10,130,warmup,0.9871,512.2294333333333,0.0,781.5158833333334,0.0,781.5158833333334,0.0,0.0,0.0,269.28645000000006,4682.009999999998,4682.009999999998,771.4343284383333,0.0,0.0
2025-01-10,131,warmup,0.7764,479.7482,0.0,706.2948333333334,0.0,706.2948333333334,0.0,0.0,0.0,226.54663333333338,4682.009999999998,4682.009999999998,548.3673086,0.0,0.0
2025-01-10,132,warmup,0.4209,438.37,0.0,544.4316666666667,0.0,544.4316666666667,0.0,0.0,0.0,106.06166666666672,4682.009999999998,4682.009999999998,229.15128850000002,0.0,0.0
2025-01-10,133,warmup,0.3859,398.58505,0.0,521.8748166666667,0.0,521.8748166666667,0.0,0.0,0.0,123.28976666666665,4682.009999999998,4682.009999999998,201.39149175166668,0.0,0.0
2025-01-10,134,warmup,0.4368,392.15276666666665,0.0,544.5650666666667,0.0,544.5650666666667,0.0,0.0,0.0,152.41230000000002,4682.009999999998,4682.009999999998,237.86602112,0.0,0.0
2025-01-10,135,warmup,0.4198,412.705,0.0,552.1366666666667,0.0,552.1366666666667,0.0,0.0,0.0,139.43166666666667,4682.009999999998,4682.009999999998,231.78697266666666,0.0,0.0
2025-01-10,136,warmup,0.4186,419.4448,0.0,584.8221333333333,0.0,584.8221333333333,0.0,0.0,0.0,165.37733333333335,4682.009999999998,4682.009999999998,244.80654501333336,0.0,0.0
2025-01-10,137,warmup,0.4241,409.38703333333336,0.0,618.6851166666667,0.0,618.6851166666667,0.0,0.0,0.0,209.2980833333333,4682.009999999998,4682.009999999998,262.3843579783333,0.0,0.0
2025-01-10,138,warmup,0.4237,411.81,0.0,618.87,0.0,618.87,0.0,0.0,0.0,207.06,4682.009999999998,4682.009999999998,262.215219,0.0,0.0
2025-01-10,139,warmup,0.4248,451.7669666666666,0.0,577.9995666666667,0.0,577.9995666666667,0.0,0.0,0.0,126.23260000000016,4682.009999999998,4682.009999999998,245.53421592000004,0.0,0.0
2025-01-10,140,warmup,0.424,452.4115,0.0,569.48735,0.0,569.48735,0.0,0.0,0.0,117.07585,4682.009999999998,4682.009999999998,241.46263639999998,0.0,0.0
2025-01-10,141,warmup,0.422,409.55,0.0,607.2316666666667,0.0,607.2316666666667,0.0,0.0,0.0,197.68166666666667,4682.009999999998,4682.009999999998,256.2517633333333,0.0,0.0
2025-01-10,142,warmup,0.424,397.4082166666667,0.0,624.5394833333334,0.0,624.5394833333334,0.0,0.0,0.0,227.13126666666665,4682.009999999998,4682.009999999998,264.80474093333333,0.0,0.0
2025-01-10,143,warmup,0.4271,410.5744666666667,0.0,555.9524166666666,0.0,555.9524166666666,0.0,0.0,0.0,145.37794999999994,4682.009999999998,4682.009999999998,237.44727715833332,0.0,0.0
2025-01-10,144,warmup,0.4276,426.705,0.0,451.63000000000005,0.0,451.63000000000005,0.0,0.0,0.0,24.925000000000068,4682.009999999998,4682.009999999998,193.11698800000002,0.0,0.0
2025-01-11,1,warmup,0.4248,435.7626166666666,0.0,431.89034999999996,0.0,1265.2236833333334,3.872266666666519,833.3333333333333,0.0,0.0,4682.009999999998,5432.009999999998,537.46702068,8.224694399999686,0.0
2025-01-11,2,warmup,0.4245,458.70891666666665,0.0,442.57721666666663,0.0,1275.91055,16.13169999999991,833.3333333333333,0.0,0.0,5432.009999999998,6182.009999999998,541.624028475,34.23953324999981,0.0
2025-01-11,3,warmup,0.4269,478.845,0.0,444.43,0.0,1277.7633333333333,34.414999999999964,833.3333333333333,0.0,0.0,6182.009999999998,6932.009999999998,545.477167,73.45881749999992,0.0
2025-01-11,4,warmup,0.4272,456.7406,0.0,450.3699,0.0,1283.7032333333334,6.370699999999829,833.3333333333333,0.0,0.0,6932.009999999998,7682.009999999998,548.3980212800001,13.607815199999635,-1.1368683772161603e-13
2025-01-11,5,warmup,0.4271,441.4707166666667,0.0,444.6617166666667,0.0,1277.99505,0.0,833.3333333333333,0.0,3.191000000000031,7682.009999999998,8432.009999999998,545.8316858549999,0.0,0.0
2025-01-11,6,warmup,0.4285,458.5083333333334,0.0,442.50500000000005,0.0,1275.8383333333334,16.00333333333333,833.3333333333333,0.0,0.0,8432.009999999998,9182.009999999998,546.6967258333333,34.28714166666666,0.0
2025-01-11,7,warmup,0.4311,485.1034,0.0,474.38751666666667,0.0,474.38751666666667,10.715883333333352,0.0,-0.0,0.0,9182.009999999998,9182.009999999998,204.508458435,23.09808652500004,0.0
2025-01-11,8,warmup,0.4302,492.04356666666666,0.0,480.7295166666667,0.0,480.7295166666667,11.314049999999952,0.0,-0.0,0.0,9182.009999999998,9182.009999999998,206.80983807000004,24.3365215499999,0.0
2025-01-11,9,warmup,0.4279,483.6466666666667,0.0,465.50500000000005,0.0,1298.8383333333334,18.14166666666665,833.3333333333333,0.0,0.0,9182.009999999998,9932.009999999998,555.7729228333334,38.8140958333333,0.0
2025-01-11,10,warmup,0.4312,490.3176,0.0,491.04434999999995,0.0,491.04434999999995,0.0,0.0,0.0,0.7267499999999245,9932.009999999998,9932.009999999998,211.73832371999998,0.0,0.0
2025-01-11,11,warmup,0.4333,507.9439833333333,0.0,509.29108333333335,0.0,509.29108333333335,0.0,0.0,0.0,1.3471000000000686,9932.009999999998,9932.009999999998,220.67582640833334,0.0,0.0
2025-01-11,12,warmup,0.4311,516.2383333333333,0.0,493.09666666666664,0.0,493.09666666666664,23.14166666666671,0.0,-0.0,0.0,9932.009999999998,9932.009999999998,212.57397299999997,49.88186250000009,0.0
2025-01-11,13,warmup,0.4293,501.4458666666667,0.0,469.2202666666667,0.0,600.3202666666684,32.22560000000004,131.10000000000178,0.0,0.0,9932.009999999998,10050.0,257.7174904800008,69.1722504000001,-5.684341886080802e-14
2025-01-11,14,warmup,0.4324,502.2613166666667,0.0,479.66675000000004,0.0,479.66675000000004,22.59456666666665,0.0,-0.0,0.0,10050.0,10050.0,207.40790270000002,48.8494531333333,0.0
2025-01-11,15,warmup,0.4367,517.2916666666666,0.0,511.3616666666667,0.0,511.3616666666667,5.92999999999995,0.0,-0.0,0.0,10050.0,10050.0,223.31163983333332,12.948154999999892,0.0
2025-01-11,16,warmup,0.4348,510.4945666666667,0.0,511.33078333333333,0.0,511.33078333333333,0.0,0.0,0.0,0.836216666666644,10050.0,10050.0,222.32662459333335,0.0,0.0
2025-01-11,17,warmup,0.4335,517.7448166666667,0.0,500.00673333333333,0.0,500.00673333333333,17.73808333333335,0.0,-0.0,0.0,10050.0,10050.0,216.7529189,38.44729562500004,0.0
2025-01-11,18,warmup,0.4357,534.32,0.0,508.1033333333333,0.0,508.1033333333333,26.216666666666754,0.0,-0.0,0.0,10050.0,10050.0,221.3806223333333,57.11300833333351,0.0
2025-01-11,19,warmup,0.4374,521.9542,0.0,541.6630166666666,0.0,541.6630166666666,0.0,0.0,0.0,19.70881666666662,10050.0,10050.0,236.92340349,0.0,0.0
2025-01-11,20,warmup,0.4371,540.2833666666667,0.0,545.4906833333333,0.0,545.4906833333333,0.0,0.0,0.0,5.207316666666657,10050.0,10050.0,238.433977685,0.0,0.0
2025-01-11,21,warmup,0.4356,570.0533333333334,0.0,508.355,0.0,508.355,61.69833333333338,0.0,-0.0,0.0,10050.0,10050.0,221.439438,134.3789700000001,0.0
2025-01-11,22,warmup,0.4353,529.7007833333333,0.0,478.14840000000004,0.0,478.14840000000004,51.552383333333296,0.0,-0.0,0.0,10050.0,10050.0,208.13799852000002,112.20376232499991,0.0
2025-01-11,23,warmup,0.436,500.6021333333333,0.0,499.49885,0.0,499.49885,1.1032833333333087,0.0,-0.0,0.0,10050.0,10050.0,217.7814986,2.4051576666666135,0.0
2025-01-11,24,warmup,0.4378,517.6033333333334,0.0,546.195,0.0,546.195,0.0,0.0,0.0,28.591666666666697,10050.0,10050.0,239.12417100000005,0.0,0.0
2025-01-11,25,warmup,0.4401,534.5654499999999,0.0,544.99455,0.0,544.99455,0.0,0.0,0.0,10.429100000000062,10050.0,10050.0,239.852101455,0.0,0.0
2025-01-11,26,warmup,0.4389,535.60875,0.0,512.7320333333333,0.0,512.7320333333333,22.876716666666653,0.0,-0.0,0.0,10050.0,10050.0,225.03808943,50.20295472499997,0.0
2025-01-11,27,warmup,0.4364,526.2316666666667,0.0,505.65166666666664,0.0,505.65166666666664,20.58000000000004,0.0,-0.0,0.0,10050.0,10050.0,220.66638733333332,44.90556000000009,0.0
2025-01-11,28,warmup,0.4393,523.0082166666667,0.0,561.8098166666667,0.0,561.8098166666667,0.0,0.0,0.0,38.80160000000001,10050.0,10050.0,246.8030524616667,0.0,0.0
2025-01-11,29,warmup,0.4422,534.4376,0.0,586.9613499999999,0.0,586.9613499999999,0.0,0.0,0.0,52.52374999999995,10050.0,10050.0,259.55430896999997,0.0,0.0
2025-01-11,30,warmup,0.4395,543.8766666666667,0.0,566.5133333333333,0.0,566.5133333333333,0.0,0.0,0.0,22.636666666666656,10050.0,10050.0,248.98261,0.0,0.0
2025-01-11,31,warmup,0.4333,531.2656833333333,0.0,573.4412666666666,0.0,573.4412666666666,0.0,0.0,0.0,42.17558333333329,10050.0,10050.0,248.47210084666665,0.0,0.0
2025-01-11,32,warmup,0.4439,551.0474,0.0,580.8068666666667,0.0,580.8068666666667,0.0,29.75946666666664,0.0,0.0,10050.0,10076.78352,257.82016811333335,0.0,0.0
2025-01-11,33,warmup,0.4301,590.9633333333334,0.0,568.0233333333333,0.0,568.0233333333333,0.0,0.0,22.940000000000055,0.0,10076.78352,10051.294631111112,244.30683566666664,0.0,0.0
2025-01-11,34,warmup,0.3713,578.8492833333333,0.0013333333333333,550.0466666666667,0.0017666666666666666,1383.3782333333334,27.36457098765345,831.8948543209868,0.0,0.0,10051.294631111112,10800.0,513.6483380366667,50.802326038578634,0.0
2025-01-11,35,warmup,0.5708,544.82515,0.0,552.3874833333333,0.0,552.3874833333333,0.0,0.0,-0.0,7.562333333333299,10800.0,10800.0,315.30277548666663,0.0,0.0
2025-01-11,36,warmup,0.9099,536.1866666666666,0.0,572.4733333333334,0.0,0.0,0.0,0.0,536.1866666666666,0.0,10800.0,10204.237037037037,0.0,0.0,0.0
2025-01-11,37,warmup,0.9368,568.4109500000001,0.01865,582.7121166666667,0.024566666666666667,0.0,0.0,0.0,568.3923000000001,0.0,10204.237037037037,9572.690037037037,0.0,0.0,0.0
2025-01-11,38,warmup,0.8758,571.3024833333333,0.0,577.2782333333333,0.0,0.0,0.0,0.0,571.3024833333333,0.0,9572.690037037037,8937.9095,0.0,0.0,0.0
2025-01-11,39,warmup,0.8759,550.245,0.0,564.99,0.0,0.0,0.0,0.0,550.245,0.0,8937.9095,8326.526166666667,0.0,0.0,0.0
2025-01-11,40,warmup,0.8601,577.1569833333333,0.2596666666666666,562.3919999999999,0.3421166666666667,0.0,0.0,0.0,576.8973166666666,0.0,8326.526166666667,7685.529148148148,0.0,0.0,0.0
2025-01-11,41,warmup,0.8442,605.1416833333334,0.0,580.9321833333333,0.0,0.0,0.0,0.0,605.1416833333334,0.0,7685.529148148148,7013.1494999999995,0.0,0.0,0.0
2025-01-11,42,warmup,0.8334,616.255,9.55,618.6850000000001,9.2125,0.0,0.0,0.0,606.705,0.0,7013.1494999999995,6339.032833333333,0.0,0.0,0.0
2025-01-11,43,warmup,0.8092,638.289,44.71106666666666,659.9798166666667,46.965450000000004,0.0,0.0,0.0,593.5779333333334,0.0,6339.032833333333,5679.501796296296,0.0,0.0,0.0
2025-01-11,44,warmup,0.7972,645.0697333333334,85.38778333333333,682.7775166666667,98.23768333333334,0.0,0.0,0.0,559.68195,0.0,5679.501796296296,5057.632962962962,0.0,0.0,0.0
2025-01-11,45,warmup,0.7644,641.1916666666667,123.86875,677.335,151.48125000000002,0.0,0.0,0.0,517.3229166666667,0.0,5057.632962962962,4482.829722222221,0.0,0.0,0.0
2025-01-11,46,warmup,0.6899,658.6949000000001,168.80605,652.8473833333334,205.55499999999998,94.54698104907727,0.0,0.0,395.34186895092273,0.0,4482.829722222221,4043.560978943418,65.2279622257584,0.0,-1.1368683772161603e-13
2025-01-11,47,warmup,0.86,661.8809333333334,211.3896333333333,638.0857833333333,256.79285,0.0,23.9564356175905,0.0,426.5348643824095,0.0,4043.560978943418,3569.633351851852,0.0,103.01267315563915,0.0
2025-01-11,48,warmup,1.1617,646.385,252.95625,640.3466666666667,304.48125,0.0,0.0,0.0,393.42875,0.0,3569.633351851852,3132.490296296296,0.0,0.0,0.0
2025-01-11,49,warmup,1.1683,645.5786333333333,305.8659,646.0638166666666,350.64553333333333,0.0,0.0,0.0,339.7127333333333,0.0,3132.490296296296,2755.0317037037034,0.0,0.0,0.0
2025-01-11,50,warmup,1.0956,649.1582333333333,367.5336,662.0704666666667,393.6407166666667,0.0,0.0,0.0,281.62463333333335,0.0,2755.0317037037034,2442.115444444444,0.0,0.0,0.0
2025-01-11,51,warmup,1.0849,645.0783333333333,429.8625,677.3783333333333,435.325,0.0,0.0,0.0,215.21583333333325,0.0,2442.115444444444,2202.9867407407405,0.0,0.0,0.0
2025-01-11,52,warmup,1.061,638.1354166666666,484.83383333333336,675.0169,479.9655666666667,0.0,0.0,0.0,153.30158333333327,0.0,2202.9867407407405,2032.651648148148,0.0,0.0,0.0
2025-01-11,53,warmup,1.043,659.95555,531.3454166666667,703.6926833333333,523.7297833333333,0.0,0.0,0.0,128.61013333333335,0.0,2032.651648148148,1889.7514999999999,0.0,0.0,0.0
2025-01-11,54,warmup,1.036,710.3933333333333,573.4375,755.2583333333333,563.2125,0.0,0.0,0.0,136.95583333333332,0.0,1889.7514999999999,1737.5783518518517,0.0,0.0,0.0
2025-01-11,55,warmup,1.0147,752.2063499999999,613.9011666666667,769.4231,599.2222833333334,0.0,0.0,0.0,138.30518333333328,0.0,1737.5783518518517,1583.9059259259259,0.0,0.0,0.0
2025-01-11,56,warmup,0.9922,755.4530333333333,638.1548666666666,770.0717333333333,639.0937166666666,0.0,0.0,0.0,117.2981666666667,0.0,1583.9059259259259,1453.5746296296295,0.0,0.0,0.0
2025-01-11,57,warmup,0.97,742.485,654.68125,771.91,684.4187499999999,0.0,0.0,0.0,87.80375000000004,0.0,1453.5746296296295,1356.0149074074072,0.0,0.0,0.0
2025-01-11,58,warmup,0.9422,761.3455666666667,690.7507333333333,764.4136666666667,729.2405833333333,0.0,0.0,0.0,70.59483333333344,0.0,1356.0149074074072,1277.5762037037034,0.0,0.0,0.0
2025-01-11,59,warmup,0.9569,765.0443166666668,738.4695333333334,759.5386666666667,766.9171833333334,0.0,0.0,0.0,26.574783333333357,0.0,1277.5762037037034,1248.0486666666663,0.0,0.0,0.0
2025-01-11,60,warmup,0.9977,736.5383333333333,768.6374999999999,758.7533333333334,793.5187500000001,0.0,0.0,0.0,0.0,32.09916666666663,1248.0486666666663,1248.0486666666663,0.0,0.0,0.0
2025-01-11,61,warmup,0.9919,709.7666333333333,760.9039833333333,752.6044166666667,809.1539833333333,0.0,0.0,45.30611034865665,0.0,5.831239651343317,1248.0486666666663,1288.8241659804573,0.0,0.0,0.0
2025-01-11,62,warmup,0.9588,704.4237333333334,776.39075,752.6700833333333,819.19475,0.0,0.0,66.52466666666669,0.0,5.442349999999919,1288.8241659804573,1348.6963659804574,0.0,0.0,0.0
2025-01-11,63,warmup,0.9549,709.9033333333333,833.46875,751.4616666666667,837.5875,0.0,0.0,86.1258333333333,0.0,37.43958333333339,1348.6963659804574,1426.2096159804573,0.0,0.0,0.0
2025-01-11,64,warmup,0.9839,702.4639999999999,893.9995833333334,729.2148833333334,876.0233499999999,0.0,0.0,146.80846666666665,0.0,44.727116666666774,1426.2096159804573,1558.3372359804573,0.0,0.0,0.0
2025-01-11,65,warmup,0.799,708.8483333333334,946.6465333333334,713.8183333333333,909.2961166666668,0.0,0.0,195.47778333333352,0.0,42.320416666666546,1558.3372359804573,1734.2672409804575,0.0,0.0,0.0
2025-01-11,66,warmup,0.5025,733.4583333333334,983.53125,716.5466666666666,932.0749999999999,36.047748910602394,0.0,286.12066557726905,0.0,0.0,1734.2672409804575,1991.7758399999996,18.1139938275777,0.0,0.0
2025-01-11,67,warmup,0.4662,745.7533666666667,997.8682666666668,720.7586833333334,956.381,597.7110166666668,0.0,798.78875,0.0,51.03716666666685,1991.7758399999996,2710.6857149999996,278.65287597,0.0,-1.1368683772161603e-13
2025-01-11,68,warmup,0.5007,719.1192,1002.5773333333332,714.0214500000001,949.3863,597.9684833333334,0.0,833.3333333333333,0.0,48.093283333333375,2710.6857149999996,3460.6857149999996,299.40281960500005,0.0,1.1368683772161603e-13
2025-01-11,69,warmup,0.4827,689.7633333333333,1006.11875,700.8716666666666,922.7687500000001,611.4362499999999,0.0,833.3333333333333,0.0,94.45833333333326,3460.6857149999996,4210.685715,295.1402778749999,0.0,0.0
2025-01-11,70,warmup,0.4785,719.13355,1008.0283166666668,696.4780666666667,926.44135,603.37005,0.0,833.3333333333333,0.0,58.93148333333352,4210.685715,4960.685715,288.71256892499997,0.0,0.0
2025-01-11,71,warmup,0.4662,728.0537666666668,1009.3277333333334,696.2294833333334,939.7617666666666,589.8010500000001,0.0,833.3333333333333,0.0,37.741683333333526,4960.685715,5710.685715,274.9652495100001,0.0,0.0
2025-01-11,72,warmup,0.4432,697.6533333333333,999.40625,692.5916666666667,938.80625,587.1187500000001,0.0,833.3333333333333,0.0,55.538333333333526,5710.685715,6460.685715,260.21103000000005,0.0,0.0
2025-01-11,73,warmup,0.4411,688.7547666666666,969.1625333333332,684.9471833333333,922.0930166666667,596.1875,0.0,833.3333333333333,0.0,43.26193333333333,6460.685715,7210.685715,262.97830625,0.0,0.0
2025-01-11,74,warmup,0.4551,696.7887666666667,961.8237666666668,690.1725,916.49265,607.0131833333334,0.0,833.3333333333333,0.0,38.71485000000018,7210.685715,7960.685715,276.251699735,0.0,0.0
2025-01-11,75,warmup,0.4463,708.4833333333332,985.1625,697.6533333333333,921.15,609.8366666666667,0.0,833.3333333333333,0.0,53.18250000000023,7960.685715,8710.685715,272.1701043333333,0.0,0.0
2025-01-11,76,warmup,0.4113,715.6275166666666,1004.2349,683.0025999999999,912.763,603.5729333333333,0.0,833.3333333333333,0.0,58.84698333333347,8710.685715,9460.685715,248.24954747999996,0.0,0.0
2025-01-11,77,warmup,0.5682,697.0672500000001,1007.7281333333334,690.9398166666666,915.3335333333333,0.0,0.0,224.39371666666676,0.0,86.26716666666658,9460.685715,9662.64006,0.0,0.0,0.0
2025-01-11,78,warmup,0.8279,665.16,986.61875,711.86,930.81875,0.0,0.0,218.95874999999958,0.0,102.50000000000043,9662.64006,9859.702935,0.0,0.0,0.0
2025-01-11,79,warmup,0.8636,656.5186166666666,938.03815,687.6421666666666,931.5779333333334,0.0,0.0,281.51953333333336,0.0,0.0,9859.702935,10113.070515,0.0,0.0,0.0
2025-01-11,80,warmup,0.8416,658.2507666666667,898.36605,653.0483333333333,908.6945166666666,0.0,0.0,218.06241666666835,0.0,22.052866666664954,10113.070515,10309.326690000002,0.0,0.0,0.0
2025-01-11,81,warmup,0.8618,663.9116666666666,868.71875,647.355,860.81875,0.0,0.0,204.80708333333337,0.0,0.0,10309.326690000002,10493.653065000002,0.0,0.0,0.0
2025-01-11,82,warmup,0.8623,679.7205333333333,822.3220333333334,672.2253166666667,796.0541833333333,0.0,0.0,132.485533333332,0.0,10.1159666666681,10493.653065000002,10612.890045,0.0,0.0,0.0
2025-01-11,83,warmup,0.9026,686.3905,798.2426999999999,661.0276666666667,748.4467666666666,0.0,0.0,87.4190999999964,0.0,24.43310000000352,10612.890045,10691.567234999997,0.0,0.0,0.0
2025-01-11,84,warmup,0.9754,675.165,782.3874999999999,625.155,716.78125,0.0,0.0,91.62624999999929,0.0,15.59625000000068,10691.567234999997,10774.030859999995,0.0,0.0,0.0
2025-01-11,85,warmup,1.0002,654.0992833333333,718.1878,642.4182166666667,671.2728166666667,0.0,0.0,28.854600000002122,0.0,35.23391666666457,10774.030859999995,10799.999999999996,0.0,0.0,0.0
2025-01-11,86,warmup,0.9978,630.31115,657.2059,677.2823333333333,633.3479333333333,0.0,0.0,0.0,-3.410605131648481e-12,26.894749999996634,10799.999999999996,10800.0,0.0,0.0,0.0
2025-01-11,87,warmup,1.0271,617.04,623.4812499999999,676.6316666666667,606.1374999999999,0.0,0.0,0.0,-0.0,6.441249999999968,10800.0,10800.0,0.0,0.0,0.0
2025-01-11,88,warmup,1.0906,626.5177,591.53305,627.2036666666667,570.7039333333333,0.0,0.0,0.0,34.984649999999846,0.0,10800.0,10761.128166666667,0.0,0.0,-1.1368683772161603e-13
2025-01-11,89,warmup,0.9376,641.0206,558.9146,622.1830166666667,544.88685,0.0,0.0,0.0,82.106,0.0,10761.128166666667,10669.899277777778,0.0,0.0,0.0
2025-01-11,90,warmup,0.6694,640.9816666666667,525.24375,649.9350000000001,529.30625,120.62875000000008,0.0,0.0,0.0,4.890833333333376,10669.899277777778,10669.899277777778,80.74888525000006,0.0,0.0
2025-01-11,91,warmup,0.66,625.63315,488.6875666666666,616.15545,503.0187833333334,419.5866255144065,0.0,144.55635802468979,0.0,138.0846841563833,10669.899277777778,10800.0,276.9271728395083,0.0,0.0
2025-01-11,92,warmup,0.7217,642.9069000000001,458.1113833333333,614.9143166666667,466.0722,148.84211666666664,35.95340000000009,0.0,1.2949641359227824e-14,0.0,10800.0,10800.0,107.41935559833331,129.7378439000003,0.0
2025-01-11,93,warmup,0.7308,670.3016666666666,429.03125,648.8133333333334,428.6375,220.1758333333334,21.094583333333173,0.0,4.604316927725449e-14,0.0,10800.0,10800.0,160.90449900000004,77.07960749999941,-1.1368683772161603e-13
2025-01-11,94,warmup,0.7534,637.4974333333333,386.09485,625.8107333333334,397.23181666666665,228.57891666666671,22.82366666666583,0.0,7.827338777133262e-13,0.0,10800.0,10800.0,172.2113558166667,85.97675233333018,0.0
2025-01-11,95,warmup,0.7823,609.5029666666667,334.78333333333336,629.7744666666666,347.02406666666667,282.75039999999996,0.0,0.0,-0.0,8.030766666666636,10800.0,10800.0,221.19563791999997,0.0,0.0
2025-01-11,96,warmup,0.8055,604.6883333333334,286.4875,664.1816666666667,281.55,382.6316666666667,0.0,0.0,-0.0,64.43083333333334,10800.0,10800.0,308.2098075,0.0,0.0
2025-01-11,97,warmup,0.8271,580.8684666666667,247.32615,639.1021833333333,230.39991666666666,408.7022666666667,0.0,0.0,-2.3021584638627248e-14,75.15994999999998,10800.0,10800.0,338.03764476,0.0,0.0
2025-01-11,98,warmup,0.8519,576.8574666666667,201.12045,593.8299833333333,183.02401666666665,410.8059666666667,0.0,0.0,-0.0,35.06894999999997,10800.0,10800.0,349.96560300333334,0.0,0.0
2025-01-11,99,warmup,0.8791,600.4633333333334,146.32500000000002,583.7516666666667,133.4125,450.33916666666664,3.7991666666674306,0.0,-7.23741067076844e-13,0.0,10800.0,10800.0,395.89316141666666,16.69923708333669,0.0
2025-01-11,100,warmup,0.9024,605.9628166666666,96.89268333333332,614.2868500000001,87.93736666666666,526.3494833333334,0.0,0.0,-0.0,17.279350000000093,10800.0,10800.0,474.97777376000005,0.0,4.263256414560601e-14
2025-01-11,101,warmup,0.9163,546.0154833333333,48.68861666666667,568.9919333333333,43.26338333333334,525.72855,0.0,0.0,-0.0,28.40168333333336,10800.0,10800.0,481.725070365,0.0,2.1316282072803006e-14
2025-01-11,102,warmup,0.9264,462.335,10.425,474.43333333333334,8.456249999999999,465.9770833333333,0.0,0.0,-0.0,14.067083333333347,10800.0,10800.0,431.68117,0.0,1.0658141036401503e-14
2025-01-11,103,warmup,0.9462,452.2771333333333,0.0,474.0867333333333,0.0,474.0867333333333,0.0,0.0,1.8417267710901796e-13,21.809600000000174,10800.0,10800.0,448.58086708,0.0,-1.4210854715202004e-14
2025-01-11,104,warmup,0.9742,481.1653,0.2525333333333333,489.87398333333334,0.3374,489.53658333333334,0.0,0.0,-0.0,8.623816666666672,10800.0,10800.0,476.9065394833333,0.0,2.6645352591003757e-14
2025-01-11,105,warmup,0.9862,501.7416666666666,0.0,476.03,0.0,476.03,25.711666666666645,0.0,-0.0,0.0,10800.0,10800.0,469.460786,126.78422833333323,0.0
2025-01-11,106,warmup,0.976,495.5366166666667,0.0,469.9139333333333,0.0,469.9139333333333,25.622683333333384,0.0,0.0,0.0,10800.0,10800.0,458.6359989333333,125.03869466666691,0.0
2025-01-11,107,warmup,1.0742,473.96945,0.0181333333333333,481.69668333333334,0.024216666666666668,220.62195000000042,0.0,0.0,253.3293666666692,0.0,10800.0,10518.522925925923,236.99209869000046,0.0,2.9558577807620168e-12
2025-01-11,108,warmup,1.2313,463.6616666666666,0.0,485.05333333333334,0.0,0.0,0.0,0.0,463.66166666666754,0.0,10518.522925925923,10003.343296296292,0.0,0.0,9.663381206337363e-13
2025-01-11,109,warmup,1.2561,480.8428666666667,0.0,448.6376666666667,0.0,0.0,0.0,0.0,480.8428666666667,0.0,10003.343296296292,9469.07344444444,0.0,0.0,0.0
2025-01-11,110,warmup,1.2447,471.95161666666667,0.0013,432.74063333333334,0.0017333333333333333,0.0,0.0,0.0,471.95031666666665,0.0,9469.07344444444,8944.6842037037,0.0,0.0,0.0
2025-01-11,111,warmup,1.2545,448.64166666666665,0.0,449.5783333333333,0.0,0.0,0.0,0.0,448.64166666666665,0.0,8944.6842037037,8446.19346296296,0.0,0.0,0.0
2025-01-11,112,warmup,1.2522,472.58801666666665,0.0,454.03856666666667,0.0,0.0,0.0,0.0,472.58801666666665,0.0,8446.19346296296,7921.095666666663,0.0,0.0,0.0
2025-01-11,113,warmup,1.2881,478.3320000000001,0.0,456.2948166666667,0.0,0.0,0.0,0.0,478.3320000000001,0.0,7921.095666666663,7389.615666666663,0.0,0.0,0.0
2025-01-11,114,warmup,1.3466,453.7866666666666,0.0,467.47499999999997,0.0,0.0,0.0,0.0,453.7866666666666,0.0,7389.615666666663,6885.408259259256,0.0,0.0,0.0
2025-01-11,115,warmup,1.3523,454.0116833333333,0.0,483.53746666666666,0.0,0.0,0.0,0.0,454.0116833333333,0.0,6885.408259259256,6380.95083333333,0.0,0.0,0.0
2025-01-11,116,warmup,1.3445,460.0325,0.0,494.6097,0.0,0.0,0.0,0.0,460.0325,0.0,6380.95083333333,5869.803611111108,0.0,0.0,0.0
2025-01-11,117,warmup,1.3483,470.67,0.0,495.09,0.0,0.0,0.0,0.0,470.67,0.0,5869.803611111108,5346.8369444444415,0.0,0.0,0.0
2025-01-11,118,warmup,1.349,502.2483333333333,0.0,484.6943166666667,0.0,0.0,0.0,0.0,502.2483333333333,0.0,5346.8369444444415,4788.783240740738,0.0,0.0,0.0
2025-01-11,119,warmup,1.3473,495.7262166666667,0.0,462.93756666666667,0.0,0.0,0.0,0.0,495.7262166666667,0.0,4788.783240740738,4237.97633333333,0.0,0.0,0.0
2025-01-11,120,warmup,1.3482,455.1716666666667,0.0,448.3833333333334,0.0,0.0,0.0,0.0,455.1716666666667,0.0,4237.97633333333,3732.230037037034,0.0,0.0,0.0
2025-01-11,121,warmup,1.3513,447.7202833333333,0.0,462.08560000000006,0.0,0.0,0.0,0.0,447.7202833333333,0.0,3732.230037037034,3234.7630555555525,0.0,0.0,0.0
2025-01-11,122,warmup,1.34,463.75645,0.0,461.1358666666667,0.0,0.0,0.0,0.0,463.75645,0.0,3234.7630555555525,2719.478111111108,0.0,0.0,0.0
2025-01-11,123,warmup,1.3489,483.09,0.0,448.23499999999996,0.0,0.0,0.0,0.0,483.09,0.0,2719.478111111108,2182.7114444444414,0.0,0.0,0.0
2025-01-11,124,warmup,1.3952,496.2437333333333,0.0,466.7966833333333,0.0,0.0,0.0,0.0,496.2437333333333,0.0,2182.7114444444414,1631.3295185185157,0.0,0.0,0.0
2025-01-11,125,warmup,1.2226,498.80275,0.0,477.62733333333335,0.0,0.0,110.60618333333593,0.0,388.19656666666407,0.0,1631.3295185185157,1200.0,0.0,676.1355987166825,0.0
2025-01-11,126,warmup,0.9332,493.9716666666666,0.0,460.78,0.0,460.78,33.191666666666606,0.0,-0.0,0.0,1200.0,1200.0,429.999896,154.8723166666664,0.0
2025-01-11,127,warmup,0.9068,488.9876166666666,0.0,442.33865,0.0,442.33865,46.64896666666664,0.0,-0.0,0.0,1200.0,1200.0,401.11268782,211.50641486666657,0.0
2025-01-11,128,warmup,0.9371,482.12966666666665,0.0,467.10474999999997,0.0,467.10474999999997,15.024916666666682,0.0,-0.0,0.0,1200.0,1200.0,437.723861225,70.39924704166674,0.0
2025-01-11,129,warmup,0.9371,486.3416666666667,0.0,513.695,0.0,513.695,0.0,-0.0,0.0,27.353333333333353,1200.0,1200.0,481.3835845000001,0.0,0.0
2025-01-11,130,warmup,0.9871,508.4937,0.0,512.2294333333333,0.0,512.2294333333333,0.0,-0.0,0.0,3.7357333333333145,1200.0,1200.0,505.6216736433333,0.0,0.0
2025-01-11,131,warmup,0.7764,468.5596833333333,0.0,479.7482,0.0,479.7482,0.0,-0.0,0.0,11.188516666666715,1200.0,1200.0,372.47650247999997,0.0,0.0
2025-01-11,132,warmup,0.4209,385.1816666666667,0.0,438.36999999999995,0.0,438.36999999999995,0.0,0.0,0.0,53.188333333333276,1200.0,1200.0,184.509933,0.0,0.0
2025-01-11,133,warmup,0.3859,369.3645166666667,0.0,398.58504999999997,0.0,398.58504999999997,0.0,0.0,0.0,29.220533333333265,1200.0,1200.0,153.813970795,0.0,0.0
2025-01-11,134,warmup,0.4368,417.6178166666666,0.0,392.15276666666665,0.0,392.15276666666665,25.465049999999962,0.0,-0.0,0.0,1200.0,1200.0,171.29232848,55.61566919999992,0.0
2025-01-11,135,warmup,0.4198,459.385,0.0,412.705,0.0,412.705,46.68000000000001,0.0,-0.0,0.0,1200.0,1200.0,173.253559,97.98132000000003,0.0
2025-01-11,136,warmup,0.4186,427.7989500000001,0.0,419.4448,0.0,419.4448,8.354150000000118,0.0,-0.0,0.0,1200.0,1200.0,175.57959328,17.485235950000245,0.0
2025-01-11,137,warmup,0.4241,414.0708333333334,0.0,409.38703333333336,0.0,409.38703333333336,4.683800000000019,0.0,-0.0,0.0,1200.0,1200.0,173.62104083666668,9.93199790000004,0.0
2025-01-11,138,warmup,0.4237,432.20666666666665,0.0,411.81,0.0,411.81,20.396666666666647,0.0,-0.0,0.0,1200.0,1200.0,174.483897,43.21033833333329,0.0
2025-01-11,139,warmup,0.4248,411.1607333333333,0.0,451.76696666666663,0.0,451.76696666666663,0.0,-0.0,0.0,40.60623333333331,1200.0,1200.0,191.91060743999998,0.0,0.0
2025-01-11,140,warmup,0.424,404.94953333333336,0.0,452.4115,0.0,452.4115,0.0,-0.0,0.0,47.461966666666626,1200.0,1200.0,191.822476,0.0,0.0
2025-01-11,141,warmup,0.422,425.9533333333333,0.0,409.55,0.0,409.55,16.403333333333308,0.0,-0.0,0.0,1200.0,1200.0,172.8301,34.611033333333275,0.0
2025-01-11,142,warmup,0.424,438.4365833333333,0.0,397.4082166666667,0.0,397.4082166666667,41.028366666666614,0.0,-0.0,0.0,1200.0,1200.0,168.50108386666668,86.98013733333323,0.0
2025-01-11,143,warmup,0.4271,506.28425,0.0,410.5744666666667,0.0,410.5744666666667,95.70978333333329,0.0,-0.0,0.0,1200.0,1200.0,175.35635471333333,204.38824230833325,0.0
2025-01-11,144,warmup,0.4276,612.8033333333334,0.0,426.705,0.0,426.705,186.09833333333341,0.0,-0.0,0.0,1200.0,1200.0,182.459058,397.8782366666668,0.0
2025-01-12,1,warmup,0.4248,657.94785,0.0,435.76261666666664,0.0,1269.09595,222.18523333333337,833.3333333333333,0.0,0.0,1200.0,1950.0,539.11195956,471.9214356000001,0.0
2025-01-12,2,warmup,0.4245,635.2535166666667,0.0,458.70891666666665,0.0,1292.04225,176.54459999999995,833.3333333333333,0.0,0.0,1950.0,2700.0,548.471935125,374.7159134999999,0.0
2025-01-12,3,warmup,0.4269,603.7666666666667,0.0,478.845,0.0,1312.1783333333333,124.92166666666662,833.3333333333333,0.0,0.0,2700.0,3450.0,560.1689305,266.6452974999999,0.0
2025-01-12,4,warmup,0.4272,627.08245,0.0,456.74060000000003,0.0,1290.0739333333333,170.3418499999999,833.3333333333333,0.0,0.0,3450.0,4200.0,551.1195843200001,363.85019159999985,1.1368683772161603e-13
2025-01-12,5,warmup,0.4271,627.7096,0.0,441.4707166666667,0.0,1274.8040500000002,186.2388833333331,833.3333333333333,0.0,0.0,4200.0,4950.0,544.468809755,397.7131353583328,-1.1368683772161603e-13
2025-01-12,6,warmup,0.4285,594.9616666666667,0.0,458.5083333333334,0.0,1291.8416666666667,136.45333333333326,833.3333333333333,0.0,0.0,4950.0,5700.0,553.5541541666666,292.3512666666665,1.1368683772161603e-13
2025-01-12,7,warmup,0.4311,601.4366166666667,0.0,485.10339999999997,0.0,1151.7700666666667,116.33321666666666,666.6666666666666,0.0,0.0,5700.0,6300.0,496.52807574,250.756248525,0.0
2025-01-12,8,warmup,0.4302,642.1397166666667,0.0,492.04356666666666,0.0,1325.3769,150.09614999999997,833.3333333333333,0.0,0.0,6300.0,7050.0,570.1771423800001,322.85681865,1.1368683772161603e-13
2025-01-12,9,warmup,0.4279,677.345,0.0,483.6466666666667,0.0,1316.98,193.69833333333327,833.3333333333333,0.0,0.0,7050.0,7800.0,563.535742,414.41758416666653,0.0
2025-01-12,10,warmup,0.4312,667.3810166666666,0.0,490.3176,0.0,490.3176,177.06341666666657,0.0,-0.0,0.0,7800.0,7800.0,211.42494912000004,381.74872633333314,0.0
2025-01-12,11,warmup,0.4333,630.0515666666666,0.0,507.94398333333334,0.0,507.94398333333334,122.10758333333331,0.0,-0.0,0.0,7800.0,7800.0,220.09212797833334,264.5460792916666,0.0
2025-01-12,12,warmup,0.4311,607.5016666666667,0.0,516.2383333333333,0.0,1349.5716666666667,91.26333333333321,833.3333333333333,0.0,0.0,7800.0,8550.0,581.8003455,196.71811499999973,1.1368683772161603e-13
2025-01-12,13,warmup,0.4293,630.0756833333334,0.0,501.4458666666667,0.0,1334.7792,128.62981666666667,833.3333333333333,0.0,0.0,8550.0,9300.0,573.02071056,276.10390147500004,-1.1368683772161603e-13
2025-01-12,14,warmup,0.4324,644.9068666666667,0.0,502.2613166666667,0.0,502.2613166666667,142.64555000000001,0.0,-0.0,0.0,9300.0,9300.0,217.1777933266667,308.3996791,0.0
2025-01-12,15,warmup,0.4367,652.3116666666666,0.0,517.2916666666666,0.0,517.2916666666666,135.01999999999998,0.0,-0.0,0.0,9300.0,9300.0,225.9012708333333,294.81616999999994,0.0
2025-01-12,16,warmup,0.4348,698.7637166666667,0.0,510.4945666666667,0.0,510.4945666666667,188.26915000000002,0.0,-0.0,0.0,9300.0,9300.0,221.96303758666667,409.29713210000006,0.0
2025-01-12,17,warmup,0.4335,721.7912500000001,0.0,517.7448166666667,0.0,517.7448166666667,204.04643333333343,0.0,-0.0,0.0,9300.0,9300.0,224.442378025,442.2706442500002,0.0
2025-01-12,18,warmup,0.4357,694.5933333333334,0.0,534.32,0.0,534.32,160.2733333333333,0.0,-0.0,0.0,9300.0,9300.0,232.803224,349.15545666666657,0.0
2025-01-12,19,warmup,0.4374,658.6037333333334,0.0,521.9542,0.0,521.9542,136.64953333333335,0.0,-0.0,0.0,9300.0,9300.0,228.30276708000002,298.8525294000001,0.0
2025-01-12,20,warmup,0.4371,669.47555,0.0,540.2833666666667,0.0,540.2833666666667,129.19218333333333,0.0,-0.0,0.0,9300.0,9300.0,236.15785957,282.34951667499996,0.0
2025-01-12,21,warmup,0.4356,698.5016666666667,0.0,570.0533333333334,0.0,570.0533333333334,128.44833333333327,0.0,-0.0,0.0,9300.0,9300.0,248.315232,279.7604699999998,0.0
2025-01-12,22,warmup,0.4353,668.2077333333333,0.0,529.7007833333333,0.0,529.7007833333333,138.50694999999996,0.0,-0.0,0.0,9300.0,9300.0,230.578750985,301.4603766749999,0.0
2025-01-12,23,warmup,0.436,651.30355,0.0,500.6021333333333,0.0,500.6021333333333,150.70141666666666,0.0,-0.0,0.0,9300.0,9300.0,218.2625301333333,328.52908833333333,0.0
2025-01-12,24,warmup,0.4378,676.9583333333334,0.0,517.6033333333334,0.0,517.6033333333334,159.35500000000002,0.0,-0.0,0.0,9300.0,9300.0,226.60673933333337,348.8280950000001,0.0
2025-01-12,25,warmup,0.4401,700.0366,0.0,534.5654499999999,0.0,534.5654499999999,165.47115000000008,0.0,-0.0,0.0,9300.0,9300.0,235.26225454499996,364.11926557500016,0.0
2025-01-12,26,warmup,0.4389,706.6536333333333,0.0,535.60875,0.0,535.60875,171.04488333333336,0.0,-0.0,0.0,9300.0,9300.0,235.078680375,375.35799647500005,0.0
2025-01-12,27,warmup,0.4364,698.2233333333334,0.0,526.2316666666667,0.0,526.2316666666667,171.99166666666667,0.0,-0.0,0.0,9300.0,9300.0,229.64749933333334,375.2858166666667,0.0
2025-01-12,28,warmup,0.4393,685.6066833333333,0.0,523.0082166666667,0.0,523.0082166666667,162.59846666666658,0.0,-0.0,0.0,9300.0,9300.0,229.7575095816667,357.1475320333332,0.0
2025-01-12,29,warmup,0.4422,689.7339666666667,0.0,534.4376,0.0,534.4376,155.2963666666667,0.0,-0.0,0.0,9300.0,9300.0,236.32830671999997,343.36026670000007,0.0
2025-01-12,30,warmup,0.4395,702.54,0.0,543.8766666666667,0.0,543.8766666666667,158.6633333333333,0.0,-0.0,0.0,9300.0,9300.0,239.033795,348.66267499999987,0.0
2025-01-12,31,warmup,0.4333,700.4579666666667,0.0,531.2656833333333,0.0,531.2656833333333,169.19228333333342,0.0,-0.0,0.0,9300.0,9300.0,230.19742058833333,366.5550818416669,0.0
2025-01-12,32,warmup,0.4439,720.06335,0.0,551.0474,0.0,551.0474,169.01594999999998,0.0,-0.0,0.0,9300.0,9300.0,244.60994086000002,375.13090102499996,0.0
2025-01-12,33,warmup,0.4301,731.1216666666666,0.0,590.9633333333334,0.0,1424.2966666666666,140.1583333333332,833.3333333333333,0.0,0.0,9300.0,10050.0,612.5899963333333,301.410495833333,1.1368683772161603e-13
2025-01-12,34,warmup,0.3713,681.1305333333333,0.0,578.8492833333333,0.0013333333333333333,1412.1812833333333,102.28258333333326,833.3333333333333,0.0,0.0,10050.0,10800.0,524.3429105016667,189.8876159583332,-1.1368683772161603e-13
2025-01-12,35,warmup,0.5708,745.8919,0.0,544.82515,0.0,544.82515,201.06674999999996,0.0,-0.0,0.0,10800.0,10800.0,310.98619562,573.8445044999999,0.0
2025-01-12,36,warmup,0.9099,900.1083333333332,0.0,536.1866666666666,0.0,0.0,66.77499999999986,0.0,833.3333333333334,0.0,10800.0,9874.074074074075,0.0,303.7928624999994,0.0
2025-01-12,37,warmup,0.9368,931.6771333333332,0.0013499999999999,568.4109500000001,0.01865,0.0,98.34244999999987,0.0,833.3333333333334,0.0,9874.074074074075,8948.14814814815,0.0,460.63603579999943,0.0
2025-01-12,38,warmup,0.8758,914.0460333333334,0.0,571.3024833333333,0.0,0.0,80.71270000000004,0.0,833.3333333333334,0.0,8948.14814814815,8022.2222222222235,0.0,353.4409133000002,0.0
2025-01-12,39,warmup,0.8759,914.2883333333332,0.0,550.245,0.0,0.0,80.95499999999981,0.0,833.3333333333334,0.0,8022.2222222222235,7096.296296296297,0.0,354.5424224999992,0.0
2025-01-12,40,warmup,0.8601,916.4935833333334,0.0186999999999999,577.1569833333333,0.25966666666666666,0.0,83.14155000000005,0.0,833.3333333333334,0.0,7096.296296296297,6170.370370370371,0.0,357.5502357750002,0.0
2025-01-12,41,warmup,0.8442,896.8989,0.3671,605.1416833333334,0.0,0.0,63.198466666666604,0.0,833.3333333333334,0.0,6170.370370370371,5244.444444444445,0.0,266.76072779999976,0.0
2025-01-12,42,warmup,0.8334,868.1166666666667,11.1875,616.255,9.549999999999999,0.0,23.595833333333303,0.0,833.3333333333334,0.0,5244.444444444445,4318.518518518519,0.0,98.32383749999987,0.0
2025-01-12,43,warmup,0.8092,871.5858166666667,45.25998333333334,638.289,44.71106666666666,0.0,559.5766833333332,0.0,266.74915000000016,0.0,4318.518518518519,4022.1305740740745,0.0,2264.0472607666666,0.0
2025-01-12,44,warmup,0.7972,912.1077833333334,87.54268333333333,645.0697333333334,85.38778333333333,0.0,824.5651,0.0,-0.0,0.0,4022.1305740740745,4022.1305740740745,0.0,3286.7164886000005,0.0
2025-01-12,45,warmup,0.7644,936.3766666666668,130.32500000000002,641.1916666666667,123.86874999999999,0.0,806.0516666666667,0.0,-0.0,0.0,4022.1305740740745,4022.1305740740745,0.0,3080.72947,0.0
2025-01-12,46,warmup,0.6899,904.2577333333334,177.97468333333333,658.6949000000001,168.80605,75.25963060375165,651.0234193962483,0.0,-0.0,0.0,4022.1305740740745,4022.1305740740745,51.921619153528255,2245.7052852073584,0.0
2025-01-12,47,warmup,0.86,1008.9825333333332,225.86615,661.8809333333334,211.38963333333334,0.0,332.62508333333335,0.0,450.4912999999999,0.0,4022.1305740740745,3521.5846851851857,0.0,1430.2878583333334,1.1368683772161603e-13
2025-01-12,48,warmup,1.1617,1196.361666666667,273.075,646.385,252.95624999999998,0.0,89.95333333333349,0.0,833.3333333333334,0.0,3521.5846851851857,2595.6587592592596,0.0,522.4939366666675,0.0
2025-01-12,49,warmup,1.1683,1208.712183333333,323.9786666666667,645.5786333333333,305.8659,0.0,51.400183333333075,0.0,833.3333333333334,0.0,2595.6587592592596,1669.7328333333335,0.0,300.25417094166517,0.0
2025-01-12,50,warmup,1.0956,1191.9693333333332,379.4681666666667,649.1582333333333,367.5336,0.0,389.74161666666635,0.0,422.7595500000001,0.0,1669.7328333333335,1200.0,0.0,2135.0045760999983,-2.2737367544323206e-13
2025-01-12,51,warmup,1.0849,1223.63,433.5125,645.0783333333333,429.8625,0.0,790.1175000000001,0.0,-0.0,0.0,1200.0,1200.0,0.0,4285.99237875,0.0
2025-01-12,52,warmup,1.061,1229.3776833333334,476.5151,638.1354166666666,484.83383333333336,0.0,752.8625833333333,0.0,-0.0,0.0,1200.0,1200.0,0.0,3993.9360045833328,0.0
2025-01-12,53,warmup,1.043,1217.6242166666666,508.85021666666665,659.95555,531.3454166666667,0.0,708.7739999999999,0.0,-0.0,0.0,1200.0,1200.0,0.0,3696.2564099999995,0.0
2025-01-12,54,warmup,1.036,1199.9433333333334,540.275,710.3933333333333,573.4375,0.0,659.6683333333334,0.0,-0.0,0.0,1200.0,1200.0,0.0,3417.081966666667,0.0
2025-01-12,55,warmup,1.0147,1174.8136,581.5059166666666,752.2063499999999,613.9011666666667,0.0,593.3076833333333,0.0,-0.0,0.0,1200.0,1200.0,0.0,3010.146531391666,0.0
2025-01-12,56,warmup,0.9922,1164.6848166666666,619.95395,755.4530333333333,638.1548666666666,0.0,544.7308666666667,0.0,-0.0,0.0,1200.0,1200.0,0.0,2702.4098295333333,0.0
2025-01-12,57,warmup,0.97,1168.18,640.65,742.485,654.68125,0.0,527.5300000000001,0.0,-0.0,0.0,1200.0,1200.0,0.0,2558.5205,0.0
2025-01-12,58,warmup,0.9422,1164.1358,642.8960833333333,761.3455666666667,690.7507333333333,0.0,521.2397166666667,0.0,0.0,0.0,1200.0,1200.0,0.0,2455.560305216667,0.0
2025-01-12,59,warmup,0.9569,1170.7007,666.9013666666666,765.0443166666668,738.4695333333334,0.0,503.7993333333335,0.0,-0.0,0.0,1200.0,1200.0,0.0,2410.427910333334,0.0
2025-01-12,60,warmup,0.9977,1178.0916666666667,715.475,736.5383333333333,768.6374999999999,0.0,462.6166666666667,0.0,-0.0,0.0,1200.0,1200.0,0.0,2307.763241666667,0.0
2025-01-12,61,warmup,0.9919,1158.1913,753.6041,709.7666333333333,760.9039833333333,0.0,404.58719999999994,0.0,-0.0,0.0,1200.0,1200.0,0.0,2006.5502183999997,0.0
2025-01-12,62,warmup,0.9588,1158.84445,785.1208499999999,704.4237333333334,776.39075,0.0,373.72360000000015,0.0,-0.0,0.0,1200.0,1200.0,0.0,1791.6309384000006,0.0
2025-01-12,63,warmup,0.9549,1177.7216666666666,819.1,709.9033333333333,833.46875,0.0,358.62166666666656,0.0,-0.0,0.0,1200.0,1200.0,0.0,1712.2391474999995,0.0
2025-01-12,64,warmup,0.9839,1165.1924333333334,853.2371333333334,702.4639999999999,893.9995833333334,0.0,311.95529999999997,0.0,-0.0,0.0,1200.0,1200.0,0.0,1534.66409835,0.0
2025-01-12,65,warmup,0.799,1158.16105,861.5985833333334,708.8483333333334,946.6465333333334,0.0,296.5624666666665,0.0,-0.0,0.0,1200.0,1200.0,0.0,1184.7670543333327,0.0
2025-01-12,66,warmup,0.5025,1156.905,856.09375,733.4583333333334,983.53125,0.0,816.4823333333333,515.6710833333333,0.0,0.0,1200.0,1664.103975,0.0,2051.4118624999996,1.1368683772161603e-13
2025-01-12,67,warmup,0.4662,1130.8251666666667,877.28965,745.7533666666667,997.8682666666667,581.2184333333332,505.65041666666684,833.3333333333334,0.0,0.0,1664.103975,2414.103975,270.96403361999995,1178.6711212500004,-1.1368683772161603e-13
2025-01-12,68,warmup,0.5007,1156.1433833333333,906.2463333333334,719.1192,1002.5773333333333,107.37061612705716,975.859767206276,833.3333333333334,0.0,0.0,2414.103975,3164.103975,53.760467494817526,2443.0649272009123,-1.1368683772161603e-13
2025-01-12,69,warmup,0.4827,1205.0916666666667,923.3375,689.7633333333333,1006.11875,516.9779166666665,598.1095833333336,833.3333333333334,0.0,0.0,3164.103975,3914.103975,249.54524037499993,1443.5374793750007,1.1368683772161603e-13
2025-01-12,70,warmup,0.4785,1163.3785833333334,926.52155,719.13355,1008.0283166666667,544.4385666666667,525.7518,833.3333333333334,0.0,0.0,3914.103975,4664.103975,260.51385415,1257.8611815000002,-1.1368683772161603e-13
2025-01-12,71,warmup,0.4662,1094.4836333333333,925.2126833333332,728.0537666666668,1009.3277333333334,552.0593666666665,450.54491666666695,833.3333333333334,0.0,0.0,4664.103975,5414.103975,257.37007673999994,1050.2202007500007,1.1368683772161603e-13
2025-01-12,72,warmup,0.4432,1073.4283333333333,926.94375,697.6533333333333,999.40625,531.5804166666667,448.23749999999984,833.3333333333333,0.0,0.0,5414.103975,6164.103975,235.59644066666667,993.2942999999996,0.0
2025-01-12,73,warmup,0.4411,1114.4374,932.2802,688.7547666666666,969.1625333333333,552.9255666666667,462.5649666666666,833.3333333333333,0.0,0.0,6164.103975,6914.103975,243.89546745666667,1020.1870339833331,0.0
2025-01-12,74,warmup,0.4551,1129.8718833333337,932.9005,696.7887666666667,961.8237666666668,568.2983333333334,462.0063833333336,833.3333333333333,0.0,0.0,6914.103975,7664.103975,258.63257150000004,1051.2955252750007,0.0
2025-01-12,75,warmup,0.4463,1096.8116666666667,933.01875,708.4833333333332,985.1625,556.6541666666666,440.47208333333344,833.3333333333333,0.0,0.0,7664.103975,8414.103975,248.43475458333327,982.9134539583335,0.0
2025-01-12,76,warmup,0.4113,1074.6241,941.7490666666666,715.6275166666666,1004.2348999999999,544.72595,421.4824166666666,833.3333333333333,0.0,0.0,8414.103975,9164.103975,224.04578323500002,866.7785898749997,0.0
2025-01-12,77,warmup,0.5682,1091.0856,931.34425,697.0672500000001,1007.7281333333334,0.0,470.40223333333444,310.6608833333343,0.0,0.0,9164.103975,9443.69877,0.0,1336.4127449000032,5.684341886080802e-14
2025-01-12,78,warmup,0.8279,1130.705,918.51875,665.16,986.61875,0.0,0.0,0.0,212.18624999999997,0.0,9443.69877,9207.93627,0.0,0.0,0.0
2025-01-12,79,warmup,0.8636,1149.2826833333334,943.5549833333332,656.5186166666666,938.03815,0.0,0.0,0.0,205.72770000000014,0.0,9207.93627,8979.349936666667,0.0,0.0,0.0
2025-01-12,80,warmup,0.8416,1127.418,930.0168833333332,658.2507666666667,898.36605,0.0,65.31150566666597,0.0,132.0896110000007,0.0,8979.349936666667,8832.583702222222,0.0,274.8308158453304,0.0
2025-01-12,81,warmup,0.8618,1100.0866666666668,870.9875000000001,663.9116666666666,868.71875,0.0,229.09916666666675,0.0,0.0,0.0,8832.583702222222,8832.583702222222,0.0,987.1883091666671,0.0
2025-01-12,82,warmup,0.8623,1119.5466,836.7973166666667,679.7205333333333,822.3220333333334,0.0,282.7492833333332,0.0,0.0,0.0,8832.583702222222,8832.583702222222,0.0,1219.0735350916661,0.0
2025-01-12,83,warmup,0.9026,1119.60255,810.6100333333334,686.3905,798.2426999999999,0.0,0.0,0.0,308.9925166666667,0.0,8832.583702222222,8489.258683703703,0.0,0.0,0.0
2025-01-12,84,warmup,0.9754,1086.1166666666666,775.5625,675.165,782.3874999999999,0.0,0.0,0.0,310.55416666666656,0.0,8489.258683703703,8144.198498518518,0.0,0.0,0.0
2025-01-12,85,warmup,1.0002,1073.5024833333334,737.0466,654.0992833333333,718.1878,0.0,0.0,0.0,336.4558833333334,0.0,8144.198498518518,7770.358628148148,0.0,0.0,0.0
2025-01-12,86,warmup,0.9978,1081.3741333333337,698.2485499999999,630.31115,657.2059,0.0,0.0,0.0,383.1255833333338,0.0,7770.358628148148,7344.6635355555545,0.0,0.0,0.0
2025-01-12,87,warmup,1.0271,1089.715,666.0625,617.04,623.4812499999999,0.0,0.0,0.0,423.6524999999999,0.0,7344.6635355555545,6873.938535555555,0.0,0.0,0.0
2025-01-12,88,warmup,1.0906,1080.1297,643.9336999999999,626.5177,591.53305,0.0,0.0,0.0,436.196,0.0,6873.938535555555,6389.276313333333,0.0,0.0,0.0
2025-01-12,89,warmup,0.9376,1060.7666666666669,604.9411666666666,641.0206,558.9146,0.0,455.82550000000026,0.0,0.0,0.0,6389.276313333333,6389.276313333333,0.0,2136.909944000001,0.0
2025-01-12,90,warmup,0.6694,1045.285,547.99375,640.9816666666667,525.24375,115.7379166666667,1214.8866666666668,833.3333333333334,0.0,0.0,6389.276313333333,7139.276313333333,77.47496141666669,4066.225673333334,-1.1368683772161603e-13
2025-01-12,91,warmup,0.66,1043.3007,499.25875,625.63315,488.68756666666667,281.5019413580245,1095.873341975309,833.3333333333334,0.0,0.0,7139.276313333333,7889.276313333333,185.79128129629618,3616.3820285185197,-1.1368683772161603e-13
2025-01-12,92,warmup,0.7217,1053.06915,459.91635,642.9069000000001,458.1113833333333,184.79551666666674,1241.6906166666665,833.3333333333334,0.0,0.0,7889.276313333333,8639.276313333332,133.36692437833338,4480.640590241666,-1.1368683772161603e-13
2025-01-12,93,warmup,0.7308,1072.055,421.41875,670.3016666666666,429.03125,241.27041666666662,1242.6991666666668,833.3333333333334,0.0,0.0,8639.276313333332,9389.276313333332,176.32042049999995,4540.822755,1.1368683772161603e-13
2025-01-12,94,warmup,0.7534,1092.1816833333337,376.0339166666667,637.4974333333333,386.09485,251.40258333333333,1298.0785166666672,833.3333333333334,0.0,0.0,9389.276313333332,10139.276313333332,189.4067062833333,4889.861772283335,1.1368683772161603e-13
2025-01-12,95,warmup,0.7823,1077.8995333333337,331.30505,609.5029666666667,334.78333333333336,274.7196333333333,1206.0122796296337,734.1374296296334,0.0,0.0,10139.276313333332,10800.000000000002,214.91316915666667,4717.317031771312,-1.1368683772161603e-13
2025-01-12,96,warmup,0.8055,1051.335,288.58750000000003,604.6883333333334,286.4875,318.2008333333334,444.54666666666617,0.0,5.136691072493704e-13,0.0,10800.000000000002,10800.000000000002,256.31077125,1790.4116999999978,0.0
2025-01-12,97,warmup,0.8271,1070.0644,240.9935833333333,580.8684666666667,247.32614999999998,333.5423166666667,495.52850000000007,0.0,-8.593736833262256e-14,0.0,10800.000000000002,10800.000000000002,275.872850115,2049.25811175,2.2737367544323206e-13
2025-01-12,98,warmup,0.8519,1078.087533333333,188.9808,576.8574666666667,201.12045,375.7370166666667,513.3697166666673,0.0,-9.587680649403295e-13,0.0,10800.000000000002,10800.000000000004,320.0903644983334,2186.6983081416693,0.0
2025-01-12,99,warmup,0.8791,1056.0683333333334,138.44375,600.4633333333334,146.32500000000002,454.1383333333333,463.486249999998,0.0,2.0469698158720458e-12,0.0,10800.000000000004,10800.000000000002,399.2330088333333,2037.2538118749912,0.0
2025-01-12,100,warmup,0.9024,1043.193166666667,94.98975,605.9628166666666,96.89268333333332,509.07013333333316,439.13328333333044,0.0,3.2697933249892227e-12,0.0,10800.000000000002,10799.999999999998,459.38488831999985,1981.3693743999868,-2.2737367544323206e-13
2025-01-12,101,warmup,0.9163,1049.1205,50.01395,546.0154833333333,48.68861666666667,497.3268666666667,501.7796833333342,0.0,-1.0003525785506897e-12,0.0,10799.999999999998,10800.0,455.7006079266667,2298.9036191916707,0.0
2025-01-12,102,warmup,0.9264,1062.97,11.76875,462.33500000000004,10.424999999999999,451.90999999999997,599.2912499999993,0.0,7.958078640513122e-13,0.0,10800.0,10800.0,418.64942399999995,2775.917069999997,-2.2737367544323206e-13
2025-01-12,103,warmup,0.9462,1066.037733333333,0.1201166666666666,452.2771333333333,0.0,452.2771333333333,613.6404833333344,0.0,-1.218722900375724e-12,0.0,10800.0,10800.000000000002,427.94462356,2903.1331266500047,2.2737367544323206e-13
2025-01-12,104,warmup,0.9742,1058.6056,0.1249333333333333,481.16529999999995,0.25253333333333333,480.9127666666665,577.5678999999972,0.0,2.9558577807620168e-12,0.0,10800.000000000002,10800.0,468.5052172866665,2813.333240899986,-2.2737367544323206e-13
2025-01-12,105,warmup,0.9862,1058.2016666666666,0.0,501.7416666666666,0.0,501.7416666666667,556.4599999999999,0.0,0.0,0.0,10800.0,10800.0,494.81763166666667,2743.90426,0.0
2025-01-12,106,warmup,0.976,1061.67985,0.0,495.5366166666667,0.0,495.5366166666667,566.1432333333344,0.0,-1.185611608889303e-12,0.0,10800.0,10800.000000000002,483.6437378666667,2762.7789786666717,0.0
2025-01-12,107,warmup,1.0742,943.06985,0.0089666666666666,473.96945,0.01813333333333333,331.22813333333283,469.10956666666533,0.0,142.72318333333516,0.0,10800.000000000002,10641.418685185185,355.80526082666614,2519.5874825666597,1.1368683772161603e-13
2025-01-12,108,warmup,1.2313,757.6983333333333,0.0,463.66166666666663,0.0,0.0,0.0,0.0,757.6983333333333,0.0,10641.418685185185,9799.531648148148,0.0,0.0,0.0
2025-01-12,109,warmup,1.2561,704.8200333333333,0.0,480.8428666666667,0.0,0.0,0.0,0.0,704.8200333333333,0.0,9799.531648148148,9016.398277777778,0.0,0.0,0.0
2025-01-12,110,warmup,1.2447,714.4143333333333,0.00065,471.95161666666667,0.0013,0.0,261.6744499999987,0.0,452.7392333333346,0.0,9016.398277777778,8513.354685185184,0.0,1628.530939574992,1.1368683772161603e-13
2025-01-12,111,warmup,1.2545,727.9783333333334,0.0,448.64166666666665,0.0,0.0,0.0,0.0,727.9783333333334,0.0,8513.354685185184,7704.489870370369,0.0,0.0,0.0
2025-01-12,112,warmup,1.2522,756.3149166666667,0.0,472.58801666666665,0.0,0.0,563.0635666666677,0.0,193.25134999999898,0.0,7704.489870370369,7489.766148148148,0.0,3525.3409909000065,0.0
2025-01-12,113,warmup,1.2881,764.5870333333334,0.0,478.33200000000005,0.0,0.0,286.25503333333296,0.0,478.3320000000004,0.0,7489.766148148148,6958.286148148148,0.0,1843.625542183331,0.0
2025-01-12,114,warmup,1.3466,746.7983333333333,0.0,453.78666666666663,0.0,0.0,0.0,0.0,746.7983333333333,0.0,6958.286148148148,6128.510222222222,0.0,0.0,0.0
2025-01-12,115,warmup,1.3523,733.5685833333333,0.0,454.01168333333334,0.0,0.0,0.0,0.0,733.5685833333333,0.0,6128.510222222222,5313.434018518518,0.0,0.0,0.0
2025-01-12,116,warmup,1.3445,736.2062,0.0,460.0325,0.0,0.0,384.9858166666675,0.0,351.22038333333245,0.0,5313.434018518518,4923.189148148149,0.0,2588.0671525416724,0.0
2025-01-12,117,warmup,1.3483,733.32,0.0,470.67,0.0,0.0,0.0,0.0,733.32,0.0,4923.189148148149,4108.389148148149,0.0,0.0,0.0
2025-01-12,118,warmup,1.349,698.284,0.0,502.2483333333333,0.0,0.0,0.0,0.0,698.284,0.0,4108.389148148149,3332.5180370370376,0.0,0.0,0.0
2025-01-12,119,warmup,1.3473,690.1758166666667,0.0,495.7262166666667,0.0,0.0,653.1352666666663,0.0,37.040550000000394,0.0,3332.5180370370376,3291.3618703703705,0.0,4399.845723899997,0.0
2025-01-12,120,warmup,1.3482,720.7266666666666,0.0,455.1716666666667,0.0,0.0,265.5549999999999,0.0,455.1716666666667,0.0,3291.3618703703705,2785.615574074074,0.0,1790.1062549999995,0.0
2025-01-12,121,warmup,1.3513,740.9029166666666,0.0,447.7202833333333,0.0,0.0,0.0,0.0,740.9029166666666,0.0,2785.615574074074,1962.3901111111113,0.0,0.0,0.0
2025-01-12,122,warmup,1.34,735.99085,0.0,463.75645000000003,0.0,0.0,735.9908499999998,0.0,0.0,0.0,1962.3901111111113,1962.3901111111113,0.0,4931.138694999999,-2.2737367544323206e-13
2025-01-12,123,warmup,1.3489,725.305,0.0,483.09,0.0,0.0,535.3976333333329,0.0,189.90736666666658,0.0,1962.3901111111113,1751.3819259259262,0.0,3610.989338016664,-4.547473508864641e-13
2025-01-12,124,warmup,1.3952,740.11265,0.0,496.2437333333333,0.0,0.0,243.86891666666648,0.0,496.2437333333336,0.0,1751.3819259259262,1200.0,0.0,1701.2295626666653,0.0
2025-01-12,125,warmup,1.2226,760.9584,0.0,498.80275,0.0,0.0,760.9584,0.0,-0.0,0.0,1200.0,1200.0,0.0,4651.738699199999,0.0
2025-01-12,126,warmup,0.9332,760.5100000000001,0.0,493.97166666666664,0.0,493.97166666666664,266.53833333333347,0.0,-0.0,0.0,1200.0,1200.0,460.9743593333333,1243.667863333334,0.0
2025-01-12,127,warmup,0.9068,731.4806333333332,0.0,488.9876166666666,0.0,488.9876166666666,242.4930166666666,0.0,2.842170943040401e-14,0.0,1200.0,1200.0,443.4139707933333,1099.4633375666665,0.0
2025-01-12,128,warmup,0.9371,724.0906166666667,0.0,482.12966666666665,0.0,482.12966666666665,241.9609500000001,0.0,-2.842170943040401e-14,0.0,1200.0,1200.0,451.80371063333337,1133.7080312250005,0.0
2025-01-12,129,warmup,0.9371,748.8716666666666,0.0,486.3416666666667,0.0,486.3416666666667,262.52999999999986,0.0,-0.0,0.0,1200.0,1200.0,455.75077583333336,1230.0843149999994,0.0
2025-01-12,130,warmup,0.9871,755.8918333333332,0.0,508.4937,0.0,508.4937,247.39813333333325,0.0,-0.0,0.0,1200.0,1200.0,501.93413126999997,1221.0334870666663,0.0
2025-01-12,131,warmup,0.7764,675.1566833333333,0.0,468.55968333333334,0.0,468.55968333333334,206.59699999999992,0.0,-0.0,0.0,1200.0,1200.0,363.78973814,802.0095539999996,0.0
2025-01-12,132,warmup,0.4209,563.14,0.0,385.1816666666667,0.0,385.1816666666667,177.95833333333331,0.0,-0.0,0.0,1200.0,1200.0,162.1229635,374.5133124999999,0.0
2025-01-12,133,warmup,0.3859,553.7117833333333,0.0,369.3645166666667,0.0,369.3645166666667,184.3472666666666,0.0,-0.0,0.0,1200.0,1200.0,142.5377669816667,355.69805103333323,0.0
2025-01-12,134,warmup,0.4368,570.6167666666666,0.0,417.61781666666667,0.0,417.61781666666667,152.99894999999998,0.0,-0.0,0.0,1200.0,1200.0,182.41546232000002,334.1497068,0.0
2025-01-12,135,warmup,0.4198,571.2466666666667,0.0,459.385,0.0,459.385,111.86166666666668,0.0,-0.0,0.0,1200.0,1200.0,192.849823,234.79763833333337,0.0
2025-01-12,136,warmup,0.4186,585.1130666666667,0.0,427.79895000000005,0.0,427.79895000000005,157.31411666666662,0.0,-0.0,0.0,1200.0,1200.0,179.07664047000003,329.2584461833332,0.0
2025-01-12,137,warmup,0.4241,582.4459666666667,0.0,414.0708333333334,0.0,414.0708333333334,168.37513333333328,0.0,-0.0,0.0,1200.0,1200.0,175.6074404166667,357.0394702333332,0.0
2025-01-12,138,warmup,0.4237,579.2483333333333,0.0,432.20666666666665,0.0,432.20666666666665,147.04166666666669,0.0,-0.0,0.0,1200.0,1200.0,183.12596466666668,311.5077708333334,0.0
2025-01-12,139,warmup,0.4248,616.8086833333333,0.0,411.1607333333333,0.0,411.1607333333333,205.64794999999998,0.0,-0.0,0.0,1200.0,1200.0,174.66107952000002,436.7962458,0.0
2025-01-12,140,warmup,0.424,598.4355833333333,0.0,404.94953333333336,0.0,404.94953333333336,193.48604999999992,0.0,-0.0,0.0,1200.0,1200.0,171.69860213333334,410.19042599999983,0.0
2025-01-12,141,warmup,0.422,553.85,0.0,425.9533333333333,0.0,425.9533333333333,127.89666666666672,0.0,-1.4210854715202004e-14,0.0,1200.0,1200.0,179.75230666666664,269.8619666666668,0.0
2025-01-12,142,warmup,0.424,606.16115,0.0,438.4365833333333,0.0,438.4365833333333,167.7245666666667,0.0,-0.0,0.0,1200.0,1200.0,185.89711133333333,355.57608133333343,0.0
2025-01-12,143,warmup,0.4271,614.5357333333333,0.0,506.28425,0.0,506.28425,108.25148333333328,0.0,-0.0,0.0,1200.0,1200.0,216.23400317499997,231.17104265833322,0.0
2025-01-12,144,warmup,0.4276,571.4866666666667,0.0,612.8033333333334,0.0,612.8033333333334,0.0,-0.0,0.0,41.31666666666673,1200.0,1200.0,262.03470533333336,0.0,-7.105427357601002e-15
2025-01-13,1,warmup,0.4248,610.8037666666667,0.0,657.94785,0.0,1491.2811833333335,0.0,833.3333333333334,0.0,47.14408333333347,1200.0,1950.0,633.4962466800001,0.0,0.0
2025-01-13,2,warmup,0.4245,632.6709,0.0,635.2535166666667,0.0,1468.5868500000001,0.0,833.3333333333334,0.0,2.5826166666668087,1950.0,2700.0,623.415117825,0.0,0.0
2025-01-13,3,warmup,0.4269,606.7016666666667,0.0,603.7666666666667,0.0,1437.1,2.935000000000059,833.3333333333333,0.0,0.0,2700.0,3450.0,613.49799,6.264757500000126,-1.1368683772161603e-13
2025-01-13,4,warmup,0.4272,603.7507166666667,0.0,627.08245,0.0,1460.4157833333334,0.0,833.3333333333333,0.0,23.331733333333432,3450.0,4200.0,623.8896226400001,0.0,0.0
2025-01-13,5,warmup,0.4271,583.7098500000001,0.0,627.7096,0.0,1461.0429333333334,0.0,833.3333333333333,0.0,43.99975000000006,4200.0,4950.0,624.0114368266667,0.0,0.0
2025-01-13,6,warmup,0.4285,573.7083333333334,0.0,594.9616666666667,0.0,1428.295,0.0,833.3333333333334,0.0,21.25333333333333,4950.0,5700.0,612.0244075,0.0,0.0
2025-01-13,7,warmup,0.4311,646.2420166666667,0.0,601.4366166666667,0.0,1268.1032833333334,44.80539999999996,666.6666666666666,0.0,0.0,5700.0,6300.0,546.679325445,96.57803969999992,0.0
2025-01-13,8,warmup,0.4302,676.3978333333333,0.0,642.1397166666667,0.0,1475.47305,34.258116666666524,833.3333333333333,0.0,0.0,6300.0,7050.0,634.7485061100001,73.6892089499997,-1.1368683772161603e-13
2025-01-13,9,warmup,0.4279,642.4933333333333,0.0,677.345,0.0,1510.6783333333333,0.0,833.3333333333334,0.0,34.851666666666574,7050.0,7800.0,646.4192588333333,0.0,0.0
2025-01-13,10,warmup,0.4312,642.4381166666667,0.0,667.3810166666666,0.0,667.3810166666666,0.0,24.942899999999895,0.0,0.0,7800.0,7822.4486099999995,287.7746943866667,0.0,0.0
2025-01-13,11,warmup,0.4333,640.80015,0.0,630.0515666666666,0.0,630.0515666666666,0.0,0.0,10.748583333333386,0.0,7822.4486099999995,7810.505739629629,273.00134383666665,0.0,0.0
2025-01-13,12,warmup,0.4311,632.1683333333334,0.0,607.5016666666667,0.0,1440.835,12.993622633745758,821.6602893004124,0.0,0.0,7810.505739629629,8550.0,621.1439685,28.00775358703898,1.1368683772161603e-13
2025-01-13,13,warmup,0.4293,653.3865333333333,0.0,630.0756833333334,0.0,1463.4090166666667,23.310849999999846,833.3333333333333,0.0,0.0,8550.0,9300.0,628.241490855,50.03673952499967,0.0
2025-01-13,14,warmup,0.4324,653.68165,0.0,644.9068666666667,0.0,644.9068666666667,8.77478333333329,0.0,-0.0,0.0,9300.0,9300.0,278.8577291466667,18.97108156666657,0.0
2025-01-13,15,warmup,0.4367,640.2383333333333,0.0,652.3116666666666,0.0,652.3116666666666,0.0,0.0,0.0,12.073333333333267,9300.0,9300.0,284.8645048333333,0.0,0.0
2025-01-13,16,warmup,0.4348,672.0840166666667,0.0,698.7637166666667,0.0,698.7637166666667,0.0,0.0,0.0,26.679700000000025,9300.0,9300.0,303.8224640066667,0.0,0.0
2025-01-13,17,warmup,0.4335,696.0026666666666,0.0,721.7912500000001,0.0,721.7912500000001,0.0,0.0,0.0,25.788583333333463,9300.0,9300.0,312.89650687500006,0.0,0.0
2025-01-13,18,warmup,0.4357,691.0883333333333,0.0,694.5933333333334,0.0,694.5933333333334,0.0,0.0,0.0,3.505000000000109,9300.0,9300.0,302.63431533333335,0.0,0.0
2025-01-13,19,warmup,0.4374,687.9624666666667,0.0,658.6037333333334,0.0,658.6037333333334,29.35873333333336,0.0,-0.0,0.0,9300.0,9300.0,288.07327296,64.20754980000007,0.0
2025-01-13,20,warmup,0.4371,679.2885,0.0,669.47555,0.0,669.47555,9.81295,0.0,-0.0,0.0,9300.0,9300.0,292.627762905,21.446202225,0.0
2025-01-13,21,warmup,0.4356,669.3583333333333,0.0,698.5016666666667,0.0,698.5016666666667,0.0,0.0,0.0,29.143333333333317,9300.0,9300.0,304.26732599999997,0.0,0.0
2025-01-13,22,warmup,0.4353,677.6823166666667,0.0,668.2077333333333,0.0,668.2077333333333,9.474583333333385,0.0,-0.0,0.0,9300.0,9300.0,290.87082632,20.621430625000112,0.0
2025-01-13,23,warmup,0.436,697.26815,0.0,651.30355,0.0,651.30355,45.96460000000002,0.0,-0.0,0.0,9300.0,9300.0,283.9683478,100.20282800000005,0.0
2025-01-13,24,warmup,0.4378,709.4250000000001,0.0,676.9583333333334,0.0,676.9583333333334,32.4666666666667,0.0,-0.0,0.0,9300.0,9300.0,296.37235833333335,71.0695333333334,0.0
2025-01-13,25,warmup,0.4401,698.6765166666668,0.0,700.0366,0.0,700.0366,0.0,0.0,0.0,1.3600833333332503,9300.0,9300.0,308.08610766,0.0,0.0
2025-01-13,26,warmup,0.4389,681.7081166666667,0.0,706.6536333333333,0.0,706.6536333333333,0.0,0.0,0.0,24.945516666666663,9300.0,9300.0,310.15027967000003,0.0,0.0
2025-01-13,27,warmup,0.4364,682.6183333333333,0.0,698.2233333333334,0.0,698.2233333333334,0.0,0.0,0.0,15.605000000000018,9300.0,9300.0,304.7046626666667,0.0,0.0
2025-01-13,28,warmup,0.4393,710.3667166666668,0.0,685.6066833333333,0.0,685.6066833333333,24.760033333333467,0.0,-0.0,0.0,9300.0,9300.0,301.1870159883333,54.38541321666697,0.0
2025-01-13,29,warmup,0.4422,718.9996333333333,0.0,689.7339666666667,0.0,689.7339666666667,29.265666666666675,0.0,-0.0,0.0,9300.0,9300.0,305.00036006,64.70638900000002,0.0
2025-01-13,30,warmup,0.4395,715.3016666666667,0.0,702.54,0.0,702.54,12.76166666666677,0.0,-0.0,0.0,9300.0,9300.0,308.76633,28.043762500000224,0.0
2025-01-13,31,warmup,0.4333,745.5997833333332,0.0,700.4579666666667,0.0,700.4579666666667,45.1418166666665,0.0,-0.0,0.0,9300.0,9300.0,303.5084369566667,97.79974580833297,0.0
2025-01-13,32,warmup,0.4439,751.2672333333334,0.0,720.06335,0.0,720.06335,31.20388333333335,0.0,-0.0,0.0,9300.0,9300.0,319.636121065,69.25701905833337,0.0
2025-01-13,33,warmup,0.4301,708.4266666666667,0.0,731.1216666666666,0.0,1564.455,0.0,833.3333333333333,0.0,22.694999999999936,9300.0,10050.0,672.8720954999999,0.0,0.0
2025-01-13,34,warmup,0.3713,671.5013666666667,0.0,681.1305333333333,0.0,1514.4638666666667,0.0,833.3333333333333,0.0,9.62916666666672,10050.0,10800.0,562.3204336933334,0.0,0.0
2025-01-13,35,warmup,0.5708,753.0417333333334,0.0,745.8919,0.0,745.8919,7.14983333333339,0.0,-0.0,0.0,10800.0,10800.0,425.75509651999994,20.405624333333495,0.0
2025-01-13,36,warmup,0.9099,892.835,0.0,900.1083333333332,0.0,900.1083333333332,0.0,0.0,-0.0,7.273333333333198,10800.0,10800.0,819.0085724999999,0.0,0.0
2025-01-13,37,warmup,0.9368,910.3188833333334,0.0,931.6771333333332,0.0013499999999999999,256.67578333333336,0.0,0.0,653.6431,0.0,10800.0,10073.729888888889,240.45387382666667,0.0,0.0
2025-01-13,38,warmup,0.8758,886.66745,0.0001833333333333,914.0460333333334,0.0,914.0460333333334,0.0,0.0,0.0,27.378766666666714,10073.729888888889,10073.729888888889,800.5215159933334,0.0,-7.105427357601002e-15
2025-01-13,39,warmup,0.8759,894.7183333333334,0.0,914.2883333333333,0.0,914.2883333333333,0.0,0.0,0.0,19.569999999999936,10073.729888888889,10073.729888888889,800.8251511666666,0.0,0.0
2025-01-13,40,warmup,0.8601,919.2638833333334,0.0,916.4935833333334,0.018699999999999998,916.4748833333334,0.0,0.0,2.7889999999999873,0.0,10073.729888888889,10070.631,788.260047155,0.0,0.0
2025-01-13,41,warmup,0.8442,900.6833166666667,0.4901666666666666,896.8989,0.3671,896.5318,0.0,0.0,3.6613500000000134,0.0,10070.631,10066.562833333333,756.8521455599999,0.0,0.0
2025-01-13,42,warmup,0.8334,871.0733333333333,13.1625,868.1166666666667,11.1875,856.9291666666667,0.0,0.0,0.9816666666665927,0.0,10066.562833333333,10065.472092592592,714.1647675,0.0,0.0
2025-01-13,43,warmup,0.8092,919.0848833333332,52.51173333333333,871.5858166666667,45.25998333333334,826.3258333333333,26.322433333333613,0.0,13.924883333332945,0.0,10065.472092592592,10050.0,668.6628643333333,106.5005652666678,0.0
2025-01-13,44,warmup,0.7972,954.7706,100.66598333333332,912.1077833333334,87.54268333333333,824.5651,29.5395166666666,0.0,-0.0,0.0,10050.0,10050.0,657.34329772,117.74451343333307,0.0
2025-01-13,45,warmup,0.7644,913.7433333333332,147.33124999999998,936.3766666666667,130.32500000000002,806.0516666666666,0.0,39.63958333333338,0.0,0.0,10050.0,10085.675625,616.1458939999999,0.0,-2.842170943040401e-14
2025-01-13,46,warmup,0.6899,849.2911666666668,197.68866666666668,904.2577333333334,177.97468333333333,1559.6163833333335,0.0,793.6937500000001,0.0,114.32013333333327,10085.675625,10800.0,1075.9793428616667,0.0,0.0
2025-01-13,47,warmup,0.86,984.07245,255.27338333333333,1008.9825333333333,225.86614999999998,783.1163833333334,0.0,0.0,-0.0,54.3173166666667,10800.0,10800.0,673.4800896666667,0.0,-2.842170943040401e-14
2025-01-13,48,warmup,1.1617,1218.105,314.375,1196.3616666666667,273.075,89.95333333333326,0.0,0.0,813.7766666666666,0.0,10800.0,9895.803703703703,104.49878733333324,0.0,0.0
2025-01-13,49,warmup,1.1683,1218.08605,365.3732,1208.7121833333333,323.9786666666667,51.4001833333333,0.0,0.0,801.3126666666667,0.0,9895.803703703703,9005.456296296295,60.05083418833329,0.0,0.0
2025-01-13,50,warmup,1.0956,1166.0101333333334,416.9935833333333,1191.9693333333332,379.4681666666667,0.0,0.0,0.0,749.0165500000002,0.0,9005.456296296295,8173.215685185184,0.0,0.0,0.0
2025-01-13,51,warmup,1.0849,1189.76,467.7125,1223.6299999999999,433.5125,0.0,0.0,0.0,722.0475,0.0,8173.215685185184,7370.940685185184,0.0,0.0,0.0
2025-01-13,52,warmup,1.061,1231.1732,508.5024666666666,1229.3776833333334,476.5151,0.0,0.0,0.0,722.6707333333334,0.0,7370.940685185184,6567.973203703702,0.0,0.0,0.0
2025-01-13,53,warmup,1.043,1238.0077166666667,558.5020666666667,1217.6242166666666,508.85021666666665,0.0,0.0,0.0,679.5056500000001,0.0,6567.973203703702,5812.966925925924,0.0,0.0,0.0
2025-01-13,54,warmup,1.036,1214.97,608.9625,1199.9433333333334,540.275,0.0,0.0,0.0,606.0075,0.0,5812.966925925924,5139.625259259257,0.0,0.0,0.0
2025-01-13,55,warmup,1.0147,1210.5519166666666,630.45815,1174.8136,581.5059166666666,0.0,0.0,0.0,580.0937666666665,0.0,5139.625259259257,4495.076629629628,0.0,0.0,0.0
2025-01-13,56,warmup,0.9922,1232.92255,650.2506500000001,1164.6848166666666,619.95395,0.0,0.0,0.0,582.6718999999999,0.0,4495.076629629628,3847.6634074074054,0.0,0.0,0.0
2025-01-13,57,warmup,0.97,1238.4433333333334,687.9250000000001,1168.18,640.65,0.0,0.0,0.0,550.5183333333333,0.0,3847.6634074074054,3235.9763703703684,0.0,0.0,0.0
2025-01-13,58,warmup,0.9422,1181.696783333333,737.3714666666666,1164.1358,642.8960833333333,521.2397166666667,0.0,0.0,0.0,76.91440000000023,3235.9763703703684,3235.9763703703684,491.11206104333337,0.0,1.1368683772161603e-13
2025-01-13,59,warmup,0.9569,1168.6245666666666,779.5012166666667,1170.7007,666.9013666666666,472.84089999999895,0.0,0.0,0.0,83.71754999999905,3235.9763703703684,3235.9763703703684,452.46145720999897,0.0,-1.1368683772161603e-13
2025-01-13,60,warmup,0.9977,1205.0216666666668,811.88125,1178.0916666666667,715.475,0.0,0.0,0.0,393.14041666666674,0.0,3235.9763703703684,2799.1536851851833,0.0,0.0,0.0
2025-01-13,61,warmup,0.9919,1195.7390166666669,847.5726333333333,1158.1913,753.6041,0.0,0.0,0.0,348.16638333333356,0.0,2799.1536851851833,2412.302148148146,0.0,0.0,0.0
2025-01-13,62,warmup,0.9588,1192.1144333333334,883.2929,1158.84445,785.1208499999999,0.0,0.0,0.0,308.8215333333334,0.0,2412.302148148146,2069.167111111109,0.0,0.0,0.0
2025-01-13,63,warmup,0.9549,1204.2066666666667,918.40625,1177.7216666666666,819.1,358.62166666666656,0.0,0.0,0.0,72.82124999999985,2069.167111111109,2069.167111111109,342.4478294999999,0.0,-1.1368683772161603e-13
2025-01-13,64,warmup,0.9839,1181.9292666666668,950.3488333333332,1165.1924333333334,853.2371333333334,0.0,0.0,0.0,231.58043333333353,0.0,2069.167111111109,1811.8555185185162,0.0,0.0,0.0
2025-01-13,65,warmup,0.799,1152.1983166666666,943.7051833333334,1158.16105,861.5985833333334,296.5624666666665,0.0,0.0,0.0,88.06933333333325,1811.8555185185162,1811.8555185185162,236.95341086666656,0.0,-1.1368683772161603e-13
2025-01-13,66,warmup,0.5025,1159.6666666666667,915.1625,1156.905,856.09375,1134.1445833333332,0.0,153.4938683127618,0.0,736.1465483539047,1811.8555185185162,1950.0000000000018,569.9076531249999,0.0,-1.1368683772161603e-13
2025-01-13,67,warmup,0.4662,1213.54865,928.13805,1130.8251666666667,877.28965,1086.86885,31.875083333333123,833.3333333333333,0.0,0.0,1950.0000000000018,2700.000000000002,506.69825787,74.3008192499995,0.0
2025-01-13,68,warmup,0.5007,1198.47785,988.9003833333333,1156.1433833333333,906.2463333333334,1083.2303833333333,0.0,833.3333333333333,0.0,40.3195833333333,2700.000000000002,3450.000000000002,542.373452935,0.0,1.1368683772161603e-13
2025-01-13,69,warmup,0.4827,1141.49,1031.85,1205.0916666666667,923.3375,1115.0875,0.0,833.3333333333333,0.0,172.11416666666673,3450.000000000002,4200.000000000002,538.2527362500001,0.0,0.0
2025-01-13,70,warmup,0.4785,1171.7624166666667,984.1183666666668,1163.3785833333334,926.5215499999999,1070.1903666666667,0.0,833.3333333333333,0.0,49.21298333333357,4200.000000000002,4950.000000000002,512.08609045,0.0,-2.2737367544323206e-13
2025-01-13,71,warmup,0.4662,1142.58395,965.3182,1094.4836333333333,925.2126833333333,1002.6042833333333,7.994799999999827,833.3333333333333,0.0,0.0,4950.000000000002,5700.000000000002,467.41411689,18.6358787999996,0.0
2025-01-13,72,warmup,0.4432,1055.4483333333333,1004.775,1073.4283333333333,926.94375,979.8179166666666,0.0,833.3333333333333,0.0,95.81125000000009,5700.000000000002,6450.000000000002,434.25530066666664,0.0,-1.1368683772161603e-13
2025-01-13,73,warmup,0.4411,1066.1096666666667,1018.2686166666668,1114.4374,932.2802,1015.4905333333334,0.0,833.3333333333333,0.0,134.31615000000022,6450.000000000002,7200.000000000002,447.93287425333335,0.0,1.1368683772161603e-13
2025-01-13,74,warmup,0.4551,1076.8011,1022.2801833333332,1129.8718833333335,932.9005000000001,1030.3047166666668,0.0,833.3333333333333,0.0,142.45046666666678,7200.000000000002,7950.000000000002,468.89167655500006,0.0,-1.1368683772161603e-13
2025-01-13,75,warmup,0.4463,1055.2983333333334,1031.59375,1096.8116666666667,933.0187500000001,997.12625,0.0,833.3333333333333,0.0,140.08833333333337,7950.000000000002,8700.000000000002,445.01744537499997,0.0,0.0
2025-01-13,76,warmup,0.4113,1073.55045,1034.974516666667,1074.6241,941.7490666666666,966.2083666666667,0.0,833.3333333333333,0.0,94.29910000000041,8700.000000000002,9450.000000000002,397.40150121000005,0.0,0.0
2025-01-13,77,warmup,0.5682,1096.5774666666666,1030.82445,1091.0856,931.34425,993.0746833333335,0.0,833.3333333333333,0.0,93.98833333333369,9450.000000000002,10200.000000000002,564.2650350700002,0.0,0.0
2025-01-13,78,warmup,0.8279,1099.87,1022.80625,1130.705,918.5187500000001,212.18624999999986,0.0,0.0,0.0,135.12249999999995,10200.000000000002,10200.000000000002,175.66899637499986,0.0,0.0
2025-01-13,79,warmup,0.8636,1102.5359166666667,1013.2864833333332,1149.2826833333334,943.5549833333333,205.72770000000003,0.0,0.0,0.0,116.47826666666651,10200.000000000002,10200.000000000002,177.66644172000002,0.0,0.0
2025-01-13,80,warmup,0.8416,1140.2314333333334,990.0391833333332,1127.418,930.0168833333333,197.40111666666655,0.0,0.0,0.0,47.20886666666638,10200.000000000002,10200.000000000002,166.13277978666656,0.0,0.0
2025-01-13,81,warmup,0.8618,1176.4166666666667,954.225,1100.0866666666668,870.9875000000001,229.09916666666675,0.0,0.0,0.0,6.907500000000027,10200.000000000002,10200.000000000002,197.4376618333334,0.0,0.0
2025-01-13,82,warmup,0.8623,1137.5771,917.5051,1119.5466,836.7973166666667,282.7492833333332,0.0,0.0,0.0,62.67728333333321,10200.000000000002,10200.000000000002,243.81470701833322,0.0,0.0
2025-01-13,83,warmup,0.9026,1102.210016666667,866.6378500000001,1119.60255,810.6100333333334,308.9925166666667,0.0,0.0,0.0,73.42034999999987,10200.000000000002,10200.000000000002,278.89664554333336,0.0,0.0
2025-01-13,84,warmup,0.9754,1102.9283333333333,812.5875,1086.1166666666666,775.5625,0.0,0.0,0.0,290.3408333333333,0.0,10200.000000000002,9877.399074074076,0.0,0.0,0.0
2025-01-13,85,warmup,1.0002,1096.79185,783.2975333333334,1073.5024833333334,737.0466,0.0,0.0,0.0,313.4943166666667,0.0,9877.399074074076,9529.072055555556,0.0,0.0,0.0
2025-01-13,86,warmup,0.9978,1078.4198,753.1061333333333,1081.3741333333335,698.2485499999999,0.0,0.0,0.0,325.31366666666656,0.0,9529.072055555556,9167.612425925927,0.0,0.0,0.0
2025-01-13,87,warmup,1.0271,1072.92,704.31875,1089.715,666.0625,0.0,0.0,0.0,368.60125000000005,0.0,9167.612425925927,8758.055481481482,0.0,0.0,0.0
2025-01-13,88,warmup,1.0906,1103.8954333333334,644.1768666666667,1080.1297,643.9336999999999,0.0,0.0,0.0,459.7185666666667,0.0,8758.055481481482,8247.257074074074,0.0,0.0,0.0
2025-01-13,89,warmup,0.9376,1111.2504833333337,592.2872666666666,1060.7666666666667,604.9411666666666,0.0001337553830631648,0.0,0.0,518.963082911284,0.0,8247.257074074074,7670.63142639487,0.0001254090471600233,0.0,0.0
2025-01-13,90,warmup,0.6694,1081.8016666666667,558.4125,1045.285,547.99375,1330.6245833333335,0.0,807.2354166666668,0.0,0.0,7670.63142639487,8397.14330139487,890.7200960833334,0.0,1.1368683772161603e-13
2025-01-13,91,warmup,0.66,1060.8495,534.9606,1043.3007,499.25874999999996,1377.3752833333333,0.0,773.7796656378628,0.0,77.7067176954705,8397.14330139487,9093.545000468946,909.067687,0.0,-1.1368683772161603e-13
2025-01-13,92,warmup,0.7217,1055.4557,496.9940833333333,1053.06915,459.91634999999997,1426.4861333333333,0.0,833.3333333333333,0.0,34.691183333333356,9093.545000468946,9843.545000468946,1029.4950424266667,0.0,0.0
2025-01-13,93,warmup,0.7308,1063.7033333333334,444.6,1072.055,421.41875,1483.9695833333335,0.0,833.3333333333333,0.0,31.532916666666893,9843.545000468946,10593.545000468946,1084.4849715,0.0,-1.1368683772161603e-13
2025-01-13,94,warmup,0.7534,1076.7579,399.83993333333336,1092.1816833333335,376.0339166666667,945.5422105900603,0.0,229.39444392339385,0.0,39.229799999999784,10593.545000468946,10800.000000000002,712.3715014585514,0.0,-5.684341886080802e-14
2025-01-13,95,warmup,0.7823,1056.1247666666666,356.10816666666665,1077.8995333333335,331.30505,746.5944833333335,0.0,0.0,1.6345325093425346e-12,46.57788333333524,10800.000000000002,10800.0,584.0608643116668,0.0,-4.263256414560601e-14
2025-01-13,96,warmup,0.8055,1031.5583333333334,306.6,1051.335,288.58750000000003,762.7475,0.0,0.0,-2.3021584638627248e-14,37.78916666666655,10800.0,10800.0,614.39311125,0.0,-9.237055564881302e-14
2025-01-13,97,warmup,0.8271,1070.2885166666667,252.48963333333333,1070.0644,240.9935833333333,829.0708166666667,0.0,0.0,0.0,11.271933333333294,10800.0,10800.0,685.724472465,0.0,-8.526512829121202e-14
2025-01-13,98,warmup,0.8519,1090.7122833333333,197.63353333333336,1078.0875333333333,188.98080000000002,889.1067333333333,3.972016666667689,0.0,-1.0558306832997299e-12,0.0,10800.0,10800.000000000002,757.4300261266666,16.91880499167102,0.0
2025-01-13,99,warmup,0.8791,1063.7183333333337,144.70624999999998,1056.0683333333334,138.44375,917.6245833333334,1.3874999999994797,0.0,8.783752891705632e-13,0.0,10800.000000000002,10800.0,806.6837712083334,6.098756249997713,0.0
2025-01-13,100,warmup,0.9024,1040.9546166666669,94.4699,1043.1931666666667,94.98975,948.2034166666667,0.0,0.0,-0.0,1.718699999999842,10800.0,10800.0,855.6587632000001,0.0,5.684341886080802e-14
2025-01-13,101,warmup,0.9163,1034.2178,47.48875,1049.1205,50.01395,999.10655,0.0,0.0,-0.0,12.377500000000076,10800.0,10800.0,915.4813317649999,0.0,-2.1316282072803006e-14
2025-01-13,102,warmup,0.9264,1027.0083333333334,12.55625,1062.97,11.768749999999999,1051.20125,0.0,0.0,-0.0,36.74916666666663,10800.0,10800.0,973.832838,0.0,9.237055564881302e-14
2025-01-13,103,warmup,0.9462,1002.05155,0.7821666666666666,1066.0377333333333,0.12011666666666666,1065.9176166666666,0.0,0.0,-0.0,64.64823333333327,10800.0,10800.0,1008.57124889,0.0,-4.263256414560601e-14
2025-01-13,104,warmup,0.9742,1006.0284,0.0,1058.6056,0.12493333333333334,1058.4806666666668,0.0,0.0,-0.0,52.45226666666679,10800.0,10800.0,1031.1718654666668,0.0,0.0
2025-01-13,105,warmup,0.9862,1049.5233333333333,0.0,1058.2016666666666,0.0,1058.2016666666666,0.0,0.0,-0.0,8.678333333333285,10800.0,10800.0,1043.5984836666667,0.0,0.0
2025-01-13,106,warmup,0.976,1070.2845166666666,0.0227666666666666,1061.67985,0.0,1061.67985,8.581900000000866,0.0,-9.14823772291129e-13,0.0,10800.0,10800.000000000002,1036.1995336,41.87967200000423,0.0
2025-01-13,107,warmup,1.0742,934.62385,0.0,943.06985,0.008966666666666666,943.0608833333333,0.0,0.0,1.6575540939811617e-12,8.437033333335032,10800.000000000002,10800.0,1013.0360008766667,0.0,4.796163466380676e-14
2025-01-13,108,warmup,1.2313,737.38,0.0,757.6983333333333,0.0,757.6983333333333,0.0,0.0,4.007595037075484e-14,20.31833333333331,10800.0,10800.0,932.9539578333333,0.0,-3.907985046680551e-14
2025-01-13,109,warmup,1.2561,722.3738666666667,0.0016333333333333,704.8200333333333,0.0,704.8200333333333,17.55220000000081,0.0,-7.567280135845067e-13,0.0,10800.0,10800.0,885.32444387,110.23659210000508,-1.1368683772161603e-13
2025-01-13,110,warmup,1.2447,752.2923166666666,0.0,714.4143333333333,0.00065,714.4136833333333,37.8786333333334,0.0,-1.611510924703907e-13,0.0,10800.0,10800.0,889.2307116449999,235.73767455000038,0.0
2025-01-13,111,warmup,1.2545,732.48,0.0,727.9783333333334,0.0,727.9783333333334,4.501666666667234,0.0,-5.684341886080801e-13,0.0,10800.0,10800.0,913.2488191666666,28.236704166670222,0.0
2025-01-13,112,warmup,1.2522,705.1073833333334,0.0,756.3149166666667,0.0,756.3149166666667,0.0,0.0,2.2737367544323206e-13,51.20753333333357,10800.0,10800.0,947.0575386500001,0.0,0.0
2025-01-13,113,warmup,1.2881,696.5728666666668,0.0,764.5870333333334,0.0,125.97805000000028,0.0,0.0,570.5948166666665,0.0,10800.0,10166.00575925926,162.27232620500035,0.0,0.0
2025-01-13,114,warmup,1.3466,716.3033333333333,0.0,746.7983333333333,0.0,0.0,0.0,0.0,716.3033333333333,0.0,10166.00575925926,9370.113166666668,0.0,0.0,0.0
2025-01-13,115,warmup,1.3523,750.3625999999999,0.0,733.5685833333333,0.0,0.0,0.0,0.0,750.3625999999999,0.0,9370.113166666668,8536.376944444446,0.0,0.0,0.0
2025-01-13,116,warmup,1.3445,741.2495,0.0,736.2062,0.0,0.0,0.0,0.0,741.2495,0.0,8536.376944444446,7712.76638888889,0.0,0.0,0.0
2025-01-13,117,warmup,1.3483,710.6816666666667,0.0,733.32,0.0,0.0,0.0,0.0,710.6816666666667,0.0,7712.76638888889,6923.120092592593,0.0,0.0,0.0
2025-01-13,118,warmup,1.349,734.5088833333333,0.0,698.284,0.0,0.0,0.0,0.0,734.5088833333333,0.0,6923.120092592593,6106.999111111112,0.0,0.0,0.0
2025-01-13,119,warmup,1.3473,748.7718333333333,0.0,690.1758166666667,0.0,0.0,0.0,0.0,748.7718333333333,0.0,6106.999111111112,5275.030407407408,0.0,0.0,0.0
2025-01-13,120,warmup,1.3482,735.4133333333333,0.0,720.7266666666666,0.0,0.0,0.0,0.0,735.4133333333333,0.0,5275.030407407408,4457.904481481482,0.0,0.0,0.0
2025-01-13,121,warmup,1.3513,740.67225,0.0,740.9029166666666,0.0,0.0,0.0,0.0,740.67225,0.0,4457.904481481482,3634.9353148148157,0.0,0.0,0.0
2025-01-13,122,warmup,1.34,742.0775,0.0,735.99085,0.0,0.0,16.05336666666608,0.0,726.0241333333339,0.0,3634.9353148148157,2828.2418333333335,0.0,107.55755666666273,0.0
2025-01-13,123,warmup,1.3489,732.735,0.0,725.305,0.0,0.0,7.429999999999836,0.0,725.3050000000002,0.0,2828.2418333333335,2022.3473888888889,0.0,50.1116349999989,0.0
2025-01-13,124,warmup,1.3952,730.5805,0.0,740.11265,0.0,0.0,0.0,0.0,730.5805,0.0,2022.3473888888889,1210.5912777777776,0.0,0.0,0.0
2025-01-13,125,warmup,1.2226,720.4999166666666,0.0,760.9584,0.0,760.9584,0.0,0.0,0.0,40.458483333333234,1210.5912777777776,1210.5912777777776,930.3477398399999,0.0,9.947598300641403e-14
2025-01-13,126,warmup,0.9332,729.8433333333334,0.0,760.5100000000001,0.0,760.5100000000001,0.0,0.0,0.0,30.666666666666742,1210.5912777777776,1210.5912777777776,709.7079320000001,0.0,0.0
2025-01-13,127,warmup,0.9068,795.8265166666666,0.0,731.4806333333332,0.0,731.4806333333332,54.81373333333359,0.0,9.532149999999817,0.0,1210.5912777777776,1200.0,663.3066383066666,248.5254669333345,0.0
2025-01-13,128,warmup,0.9371,798.6658000000001,0.0,724.0906166666667,0.0,724.0906166666667,74.57518333333337,0.0,-0.0,0.0,1200.0,1200.0,678.5453168783334,349.4220215083335,0.0
2025-01-13,129,warmup,0.9371,759.0166666666668,0.0,748.8716666666666,0.0,748.8716666666666,10.14500000000021,0.0,-0.0,0.0,1200.0,1200.0,701.7676388333333,47.534397500000985,0.0
2025-01-13,130,warmup,0.9871,796.3102166666666,0.0,755.8918333333332,0.0,755.8918333333332,40.418383333333395,0.0,-0.0,0.0,1200.0,1200.0,746.1408286833332,199.484930941667,0.0
2025-01-13,131,warmup,0.7764,717.7106166666667,0.0,675.1566833333333,0.0,675.1566833333333,42.553933333333475,0.0,-0.0,0.0,1200.0,1200.0,524.1916489399999,165.19436920000055,0.0
2025-01-13,132,warmup,0.4209,560.4833333333333,0.0,563.14,0.0,563.14,0.0,0.0,0.0,2.656666666666638,1200.0,1200.0,237.025626,0.0,0.0
2025-01-13,133,warmup,0.3859,567.4424833333334,0.0,553.7117833333333,0.0,553.7117833333333,13.73070000000007,0.0,-0.0,0.0,1200.0,1200.0,213.67737718833334,26.493385650000135,0.0
2025-01-13,134,warmup,0.4368,572.8720166666667,0.0,570.6167666666666,0.0,570.6167666666666,2.2552500000000464,0.0,-0.0,0.0,1200.0,1200.0,249.24540368,4.925466000000101,0.0
2025-01-13,135,warmup,0.4198,530.0716666666666,0.0,571.2466666666667,0.0,571.2466666666667,0.0,0.0,0.0,41.17500000000007,1200.0,1200.0,239.80935066666666,0.0,0.0
2025-01-13,136,warmup,0.4186,567.1485666666666,0.0,585.1130666666667,0.0,585.1130666666667,0.0,-0.0,0.0,17.964500000000044,1200.0,1200.0,244.9283297066667,0.0,0.0
2025-01-13,137,warmup,0.4241,615.53395,0.0,582.4459666666667,0.0,582.4459666666667,33.08798333333334,0.0,-0.0,0.0,1200.0,1200.0,247.01533446333332,70.16306865833334,0.0
2025-01-13,138,warmup,0.4237,607.8116666666666,0.0,579.2483333333333,0.0,579.2483333333333,28.563333333333276,0.0,-0.0,0.0,1200.0,1200.0,245.42751883333335,60.51142166666654,0.0
2025-01-13,139,warmup,0.4248,556.5846166666666,0.0,616.8086833333333,0.0,616.8086833333333,0.0,-0.0,0.0,60.22406666666666,1200.0,1200.0,262.02032868,0.0,0.0
2025-01-13,140,warmup,0.424,576.4486166666667,0.0,598.4355833333333,0.0,598.4355833333333,0.0,-0.0,0.0,21.986966666666603,1200.0,1200.0,253.7366873333333,0.0,0.0
2025-01-13,141,warmup,0.422,649.3583333333333,0.0,553.85,0.0,553.85,95.50833333333333,0.0,-0.0,0.0,1200.0,1200.0,233.7247,201.5225833333333,0.0
2025-01-13,142,warmup,0.424,644.1870833333334,0.0,606.16115,0.0,606.16115,38.02593333333334,0.0,-0.0,0.0,1200.0,1200.0,257.0123276,80.61497866666669,0.0
2025-01-13,143,warmup,0.4271,606.2678999999999,0.0,614.5357333333333,0.0,614.5357333333333,0.0,-0.0,0.0,8.267833333333328,1200.0,1200.0,262.46821170666664,0.0,0.0
2025-01-13,144,warmup,0.4276,593.7466666666667,0.0,571.4866666666667,0.0,571.4866666666667,22.25999999999999,0.0,-0.0,0.0,1200.0,1200.0,244.36769866666666,47.591879999999975,0.0
2025-01-14,1,warmup,0.4248,616.3293166666666,0.0,610.8037666666667,0.0,1444.1371,5.525549999999953,833.3333333333333,0.0,0.0,1200.0,1950.0,613.46944008,11.7362681999999,-1.1368683772161603e-13
2025-01-14,2,warmup,0.4245,624.6072,0.0,632.6709,0.0,1466.0042333333333,0.0,833.3333333333334,0.0,8.063699999999926,1950.0,2700.0,622.31879705,0.0,0.0
2025-01-14,3,warmup,0.4269,611.875,0.0,606.7016666666667,0.0,1440.035,5.173333333333289,833.3333333333334,0.0,0.0,2700.0,3450.0,614.7509415000001,11.042479999999907,1.1368683772161603e-13
2025-01-14,4,warmup,0.4272,614.5873166666667,0.0,603.7507166666667,0.0,1437.08405,10.836599999999976,833.3333333333333,0.0,0.0,3450.0,4200.0,613.9223061600001,23.14697759999995,1.1368683772161603e-13
2025-01-14,5,warmup,0.4271,615.1157333333333,0.0,583.7098500000001,0.0,1417.0431833333334,31.405883333333122,833.3333333333333,0.0,0.0,4200.0,4950.0,605.2191436016667,67.06726385833288,0.0
2025-01-14,6,warmup,0.4285,621.5749999999999,0.0,573.7083333333334,0.0,1407.0416666666667,47.86666666666645,833.3333333333333,0.0,0.0,4950.0,5700.0,602.9173541666667,102.55433333333286,1.1368683772161603e-13
2025-01-14,7,warmup,0.4311,657.8858333333334,0.0,646.2420166666667,0.0,1312.9086833333336,11.643816666666453,666.6666666666666,0.0,0.0,5700.0,6300.0,565.9949333850001,25.09824682499954,0.0
2025-01-14,8,warmup,0.4302,656.1048666666667,0.0,676.3978333333333,0.0,1509.7311666666667,0.0,833.3333333333334,0.0,20.292966666666644,6300.0,7050.0,649.4863479,0.0,0.0
2025-01-14,9,warmup,0.4279,626.7583333333333,0.0,642.4933333333333,0.0,1475.8266666666668,0.0,833.3333333333334,0.0,15.735000000000127,7050.0,7800.0,631.5062306666667,0.0,0.0
2025-01-14,10,warmup,0.4312,649.6088833333333,0.0,642.4381166666667,0.0,642.4381166666667,7.170766666666623,0.0,-0.0,0.0,7800.0,7800.0,277.0193159066667,15.46017293333324,0.0
2025-01-14,11,warmup,0.4333,676.2656833333333,0.0,640.80015,0.0,640.80015,35.46553333333327,0.0,-0.0,0.0,7800.0,7800.0,277.65870499500005,76.83607796666654,0.0
2025-01-14,12,warmup,0.4311,679.7133333333334,0.0,632.1683333333334,0.0,1465.5016666666668,47.544999999999845,833.3333333333333,0.0,0.0,7800.0,8550.0,631.7777685,102.48324749999966,0.0
2025-01-14,13,warmup,0.4293,680.6354833333334,0.0,653.3865333333333,0.0,1486.7198666666668,27.24894999999981,833.3333333333333,0.0,0.0,8550.0,9300.0,638.2488387600001,58.48987117499959,-1.1368683772161603e-13
2025-01-14,14,warmup,0.4324,673.19935,0.0,653.68165,0.0,653.68165,19.51769999999999,0.0,-0.0,0.0,9300.0,9300.0,282.65194546,42.19726739999998,0.0
2025-01-14,15,warmup,0.4367,663.005,0.0,640.2383333333333,0.0,640.2383333333333,22.76666666666665,0.0,-0.0,0.0,9300.0,9300.0,279.5920801666667,49.71101666666663,0.0
2025-01-14,16,warmup,0.4348,666.99085,0.0,672.0840166666667,0.0,672.0840166666667,0.0,0.0,0.0,5.0931666666666615,9300.0,9300.0,292.2221304466667,0.0,0.0
2025-01-14,17,warmup,0.4335,673.3498166666667,0.0,696.0026666666666,0.0,696.0026666666666,0.0,0.0,0.0,22.652849999999944,9300.0,9300.0,301.717156,0.0,0.0
2025-01-14,18,warmup,0.4357,675.2933333333334,0.0,691.0883333333333,0.0,691.0883333333333,0.0,0.0,0.0,15.794999999999845,9300.0,9300.0,301.1071868333333,0.0,0.0
2025-01-14,19,warmup,0.4374,680.1736666666667,0.0,687.9624666666667,0.0,687.9624666666667,0.0,0.0,0.0,7.7888000000000375,9300.0,9300.0,300.91478292000005,0.0,0.0
2025-01-14,20,warmup,0.4371,700.90325,0.0,679.2885,0.0,679.2885,21.614749999999958,0.0,-0.0,0.0,9300.0,9300.0,296.91700335,47.239036124999906,0.0
2025-01-14,21,warmup,0.4356,720.6316666666667,0.0,669.3583333333333,0.0,669.3583333333333,51.27333333333331,0.0,-0.0,0.0,9300.0,9300.0,291.57249,111.67331999999995,0.0
2025-01-14,22,warmup,0.4353,708.8697166666667,0.0,677.6823166666667,0.0,677.6823166666667,31.187400000000025,0.0,-0.0,0.0,9300.0,9300.0,294.995112445,67.87937610000004,0.0
2025-01-14,23,warmup,0.436,702.7655500000001,0.0,697.26815,0.0,697.26815,5.497400000000084,0.0,-0.0,0.0,9300.0,9300.0,304.0089134,11.984332000000185,0.0
2025-01-14,24,warmup,0.4378,714.0983333333334,0.0,709.4250000000001,0.0,709.4250000000001,4.673333333333289,0.0,-0.0,0.0,9300.0,9300.0,310.586265,10.229926666666572,0.0
2025-01-14,25,warmup,0.4401,713.7702833333333,0.0,698.6765166666668,0.0,698.6765166666668,15.093766666666511,0.0,-0.0,0.0,9300.0,9300.0,307.487534985,33.213833549999656,0.0
2025-01-14,26,warmup,0.4389,682.0052,0.0,681.7081166666667,0.0,681.7081166666667,0.2970833333332621,0.0,-0.0,0.0,9300.0,9300.0,299.201692405,0.6519493749998437,0.0
2025-01-14,27,warmup,0.4364,655.35,0.0,682.6183333333333,0.0,682.6183333333333,0.0,0.0,0.0,27.268333333333317,9300.0,9300.0,297.8946406666667,0.0,0.0
2025-01-14,28,warmup,0.4393,692.9606166666667,0.0,710.3667166666668,0.0,710.3667166666668,0.0,0.0,0.0,17.406100000000038,9300.0,9300.0,312.06409863166675,0.0,0.0
2025-01-14,29,warmup,0.4422,732.4730500000001,0.0,718.9996333333333,0.0,718.9996333333333,13.473416666666708,0.0,-0.0,0.0,9300.0,9300.0,317.94163786,29.789724250000088,0.0
2025-01-14,30,warmup,0.4395,729.27,0.0,715.3016666666667,0.0,715.3016666666667,13.968333333333248,0.0,-0.0,0.0,9300.0,9300.0,314.3750825,30.69541249999981,0.0
2025-01-14,31,warmup,0.4333,698.7895833333333,0.0,745.5997833333332,0.0,745.5997833333332,0.0,46.810199999999895,0.0,0.0,9300.0,9342.12918,323.0683861183333,0.0,0.0
2025-01-14,32,warmup,0.4439,698.16495,0.0,751.2672333333334,0.0,751.2672333333334,0.0,53.10228333333339,0.0,0.0,9342.12918,9389.921235,333.48752487666667,0.0,0.0
2025-01-14,33,warmup,0.4301,711.0,0.0,708.4266666666667,0.0,1541.7600000000002,0.0,830.7600000000002,0.0,0.0,9389.921235,10137.605234999999,663.110976,0.0,0.0
2025-01-14,34,warmup,0.3713,687.6035666666667,0.0,671.5013666666667,0.0,1504.8347,0.0,735.9941833333363,0.0,81.23694999999714,10137.605234999999,10800.000000000002,558.7451241100001,0.0,0.0
2025-01-14,35,warmup,0.5708,768.5742,0.0,753.0417333333334,0.0,753.0417333333334,15.532466666665027,0.0,1.6370904631912707e-12,0.0,10800.000000000002,10800.0,429.83622138666664,44.329659866661984,0.0
2025-01-14,36,warmup,0.9099,910.935,0.0,892.835,0.0,892.835,18.09999999999991,0.0,-0.0,0.0,10800.0,10800.0,812.3905665000001,82.34594999999959,0.0
2025-01-14,37,warmup,0.9368,915.5560166666668,0.00205,910.3188833333334,0.0,235.31888333333347,5.23508333333325,0.0,675.0,0.0,10800.0,10050.0,220.4467299066668,24.521130333332945,-1.1368683772161603e-13
2025-01-14,38,warmup,0.8758,883.10115,0.0,886.66745,0.00018333333333333334,886.6672666666667,0.0,0.0,0.0,3.566116666666744,10050.0,10050.0,776.5431921466667,0.0,0.0
2025-01-14,39,warmup,0.8759,904.085,0.0,894.7183333333334,0.0,894.7183333333334,9.366666666666674,0.0,-0.0,0.0,10050.0,10050.0,783.6837881666667,41.0213166666667,0.0
2025-01-14,40,warmup,0.8601,960.7646666666666,0.0284833333333333,919.2638833333334,0.0,919.2638833333334,41.47229999999984,0.0,-0.0,0.0,10050.0,10050.0,790.6588660550001,178.3516261499993,0.0
2025-01-14,41,warmup,0.8442,958.2236833333332,0.4016166666666667,900.6833166666667,0.49016666666666664,900.19315,57.62891666666654,0.0,-0.0,0.0,10050.0,10050.0,759.9430572299999,243.25165724999948,0.0
2025-01-14,42,warmup,0.8334,902.9916666666668,12.7875,871.0733333333333,13.1625,857.9108333333332,32.29333333333354,0.0,-0.0,0.0,10050.0,10050.0,714.9828885,134.56632000000087,0.0
2025-01-14,43,warmup,0.8092,893.7362166666667,51.26291666666666,919.0848833333333,52.51173333333333,866.5731499999999,0.0,0.0,0.0,24.099849999999925,10050.0,10050.0,701.23099298,0.0,2.1316282072803006e-14
2025-01-14,44,warmup,0.7972,917.8654833333334,95.35843333333334,954.7706,100.66598333333333,854.1046166666666,0.0,0.0,0.0,31.597566666666594,10050.0,10050.0,680.8922004066667,0.0,-1.4210854715202004e-14
2025-01-14,45,warmup,0.7644,917.5983333333334,136.25,913.7433333333333,147.33124999999998,766.4120833333334,14.936249999999973,0.0,-0.0,0.0,10050.0,10050.0,585.8453965,57.086347499999896,0.0
2025-01-14,46,warmup,0.6899,879.3562333333333,183.5329833333333,849.2911666666668,197.68866666666668,1484.9358333333334,44.22074999999984,833.3333333333333,0.0,0.0,10050.0,10800.0,1024.4572314166667,152.53947712499942,1.1368683772161603e-13
2025-01-14,47,warmup,0.86,1014.9964,238.7611833333333,984.07245,255.27338333333333,728.7990666666667,47.43615,0.0,-0.0,0.0,10800.0,10800.0,626.7671973333333,203.97544499999998,0.0
2025-01-14,48,warmup,1.1617,1237.8383333333334,299.06875,1218.105,314.375,70.39666666666665,35.03958333333321,0.0,833.3333333333334,0.0,10800.0,9874.074074074075,81.77980766666664,203.52741979166595,-2.2737367544323206e-13
2025-01-14,49,warmup,1.1683,1234.0593833333337,356.8407833333333,1218.0860500000001,365.3732,19.379516666666746,24.50575000000015,0.0,833.3333333333334,0.0,9874.074074074075,8948.14814814815,22.641089321666758,143.15033862500087,0.0
2025-01-14,50,warmup,1.0956,1191.7730333333334,395.3629666666666,1166.0101333333334,416.99358333333333,0.0,0.0,0.0,796.4100666666668,0.0,8948.14814814815,8063.248074074076,0.0,0.0,0.0
2025-01-14,51,warmup,1.0849,1205.8066666666666,421.9875,1189.76,467.71250000000003,0.0,0.0,0.0,783.8191666666667,0.0,8063.248074074076,7192.33788888889,0.0,0.0,0.0
2025-01-14,52,warmup,1.061,1186.8414,463.0898,1231.1732,508.50246666666663,0.0,0.0,0.0,723.7516,0.0,7192.33788888889,6388.169444444446,0.0,0.0,0.0
2025-01-14,53,warmup,1.043,1194.8688166666668,515.3344833333333,1238.0077166666667,558.5020666666667,0.0,0.0,0.0,679.5343333333335,0.0,6388.169444444446,5633.1312962962975,0.0,0.0,0.0
2025-01-14,54,warmup,1.036,1220.631666666667,555.5124999999999,1214.97,608.9625,0.0,0.0,0.0,665.119166666667,0.0,5633.1312962962975,4894.110000000001,0.0,0.0,0.0
2025-01-14,55,warmup,1.0147,1185.1680166666667,567.4740333333333,1210.5519166666666,630.45815,0.0,0.0,0.0,617.6939833333334,0.0,4894.110000000001,4207.783351851853,0.0,0.0,0.0
2025-01-14,56,warmup,0.9922,1163.1134166666668,608.3691333333334,1232.92255,650.2506500000001,0.0,0.0,0.0,554.7442833333334,0.0,4207.783351851853,3591.4008148148155,0.0,0.0,0.0
2025-01-14,57,warmup,0.97,1185.0466666666666,672.71875,1238.4433333333334,687.9250000000001,0.0,0.0,0.0,512.3279166666666,0.0,3591.4008148148155,3022.147574074075,0.0,0.0,0.0
2025-01-14,58,warmup,0.9422,1204.3273166666663,699.59695,1181.6967833333333,737.3714666666666,444.3253166666667,60.40504999999962,0.0,0.0,0.0,3022.147574074075,3022.147574074075,418.6433133633334,284.56819054999823,0.0
2025-01-14,59,warmup,0.9569,1201.2699166666666,728.7238000000001,1168.6245666666666,779.5012166666667,0.0,114.32206666666644,0.0,358.2240500000001,0.0,3022.147574074075,2624.1208518518524,0.0,546.9739279666655,0.0
2025-01-14,60,warmup,0.9977,1191.505,782.2687500000001,1205.0216666666668,811.88125,0.0,0.0,0.0,409.23625000000004,0.0,2624.1208518518524,2169.413907407408,0.0,0.0,0.0
2025-01-14,61,warmup,0.9919,1203.1402833333334,840.1320833333333,1195.7390166666667,847.5726333333333,0.0,0.0,0.0,363.0082000000001,0.0,2169.413907407408,1766.0714629629633,0.0,0.0,0.0
2025-01-14,62,warmup,0.9588,1204.9819833333331,887.8587666666667,1192.1144333333334,883.2929,0.0,39.23933333333281,0.0,277.8838833333336,0.0,1766.0714629629633,1457.3115925925927,0.0,188.11336399999746,0.0
2025-01-14,63,warmup,0.9549,1183.06,919.9,1204.2066666666667,918.40625,175.83113333333142,87.32886666666855,0.0,-0.0,0.0,1457.3115925925927,1457.3115925925927,167.90114921999816,416.9516739000089,0.0
2025-01-14,64,warmup,0.9839,1162.2812,941.11635,1181.9292666666668,950.3488333333333,0.0,0.0,0.0,221.1648499999999,0.0,1457.3115925925927,1211.5728703703705,0.0,0.0,0.0
2025-01-14,65,warmup,0.799,1189.5861166666666,968.7511,1152.1983166666666,943.7051833333334,208.49313333333328,1.9262999999999018,0.0,10.415583333333483,0.0,1211.5728703703705,1200.0,166.5860135333333,7.695568499999608,0.0
2025-01-14,66,warmup,0.5025,1224.6516666666666,995.9625,1159.6666666666667,915.1625,1077.8375,0.0,833.3333333333334,0.0,15.815000000000055,1200.0,1950.0,541.61334375,0.0,1.1368683772161603e-13
2025-01-14,67,warmup,0.4662,1180.3629666666668,997.3388166666668,1213.54865,928.13805,1118.7439333333332,0.0,833.3333333333334,0.0,102.38644999999985,1950.0,2700.0,521.55842172,0.0,0.0
2025-01-14,68,warmup,0.5007,1147.801416666667,981.7414833333332,1198.47785,988.9003833333333,1042.9108,0.0,833.3333333333353,0.0,43.51753333333113,2700.0,3450.000000000002,522.1854375600001,0.0,0.0
2025-01-14,69,warmup,0.4827,1165.7233333333334,970.06875,1141.49,1031.8500000000001,942.9733333333332,86.01458333333335,833.3333333333333,0.0,0.0,3450.000000000002,4200.000000000002,455.173228,207.59619687500003,-2.2737367544323206e-13
2025-01-14,70,warmup,0.4785,1174.1006666666667,981.32025,1171.7624166666667,984.1183666666667,1020.9773833333334,5.136366666666618,833.3333333333333,0.0,0.0,4200.000000000002,4950.000000000002,488.53767792499997,12.288757249999883,0.0
2025-01-14,71,warmup,0.4662,1114.324116666667,1013.2634666666668,1142.58395,965.3182,1010.5990833333333,0.0,833.3333333333333,0.0,76.2050999999999,4950.000000000002,5700.000000000002,471.14129264999997,0.0,0.0
2025-01-14,72,warmup,0.4432,1042.9083333333333,1036.5875,1055.4483333333333,1004.775,884.0066666666667,0.0,833.3333333333333,0.0,44.35250000000019,5700.000000000002,6450.000000000002,391.79175466666663,0.0,0.0
2025-01-14,73,warmup,0.4411,1070.629,1020.2415666666668,1066.1096666666667,1018.2686166666667,881.1743833333334,2.546383333332983,833.3333333333333,0.0,0.0,6450.000000000002,7200.000000000002,388.6860204883333,5.616048441665893,0.0
2025-01-14,74,warmup,0.4551,1077.162366666667,1010.64845,1076.8011,1022.2801833333333,887.85425,11.993000000000166,833.3333333333333,0.0,0.0,7200.000000000002,7950.000000000002,404.062469175,27.290071500000376,0.0
2025-01-14,75,warmup,0.4463,1033.9983333333332,1016.76875,1055.2983333333334,1031.59375,857.0379166666668,0.0,833.3333333333333,0.0,6.47500000000025,7950.000000000002,8700.000000000002,382.4960222083334,0.0,1.1368683772161603e-13
2025-01-14,76,warmup,0.4113,1035.982616666667,1003.4630166666668,1073.55045,1034.9745166666667,871.9092666666667,0.0,833.3333333333333,0.0,6.056333333333328,8700.000000000002,9450.000000000002,358.61628138,0.0,1.1368683772161603e-13
2025-01-14,77,warmup,0.5682,1068.3993666666668,986.9233666666668,1096.5774666666666,1030.82445,899.0863499999999,15.722983333333332,833.3333333333333,0.0,0.0,9450.000000000002,10200.000000000002,510.86086407,44.66899565,0.0
2025-01-14,78,warmup,0.8279,1095.825,984.38125,1099.8700000000001,1022.80625,77.06375000000014,34.37999999999988,0.0,-0.0,0.0,10200.000000000002,10200.000000000002,63.801078625000116,142.31600999999952,0.0
2025-01-14,79,warmup,0.8636,1099.7876833333332,991.4334333333333,1102.5359166666667,1013.2864833333333,89.2494333333334,19.10481666666658,0.0,-0.0,0.0,10200.000000000002,10200.000000000002,77.07581062666672,82.4945983666663,0.0
2025-01-14,80,warmup,0.8416,1095.6951166666663,968.8066666666668,1140.2314333333334,990.0391833333333,150.19225000000006,0.0,0.0,0.0,23.303800000000592,10200.000000000002,10200.000000000002,126.40179760000005,0.0,0.0
2025-01-14,81,warmup,0.8618,1094.435,913.825,1176.4166666666667,954.225,222.19166666666672,0.0,0.0,0.0,41.58166666666682,10200.000000000002,10200.000000000002,191.4847783333334,0.0,1.1368683772161603e-13
2025-01-14,82,warmup,0.8623,1097.4836166666666,861.83205,1137.5771,917.5051,220.072,15.579566666666665,0.0,-0.0,0.0,10200.000000000002,10200.000000000002,189.7680856,67.17130168333333,0.0
2025-01-14,83,warmup,0.9026,1118.3651666666667,819.5171166666668,1102.2100166666667,866.6378500000001,235.5721666666666,63.275883333333354,0.0,-0.0,0.0,10200.000000000002,10200.000000000002,212.62743763333324,285.56406148333343,0.0
2025-01-14,84,warmup,0.9754,1130.555,785.46875,1102.9283333333333,812.5875,0.0,0.0,0.0,345.08625000000006,0.0,10200.000000000002,9816.570833333335,0.0,0.0,0.0
2025-01-14,85,warmup,1.0002,1095.3363333333334,756.7791000000001,1096.79185,783.2975333333334,0.0,0.0,0.0,338.55723333333333,0.0,9816.570833333335,9440.396129629631,0.0,0.0,0.0
2025-01-14,86,warmup,0.9978,1093.3039166666667,726.4573166666668,1078.4198,753.1061333333333,0.0,0.0,0.0,366.84659999999997,0.0,9440.396129629631,9032.788796296298,0.0,0.0,0.0
2025-01-14,87,warmup,1.0271,1127.745,689.6687499999999,1072.92,704.31875,0.0,0.0,0.0,438.07624999999996,0.0,9032.788796296298,8546.03740740741,0.0,0.0,0.0
2025-01-14,88,warmup,1.0906,1118.9171666666666,645.9061166666667,1103.8954333333334,644.1768666666667,0.0,0.0,0.0,473.01104999999995,0.0,8546.03740740741,8020.469574074076,0.0,0.0,0.0
2025-01-14,89,warmup,0.9376,1085.23655,599.1498333333333,1111.2504833333335,592.2872666666666,0.00013375831072075275,0.0,0.0,486.08658290835604,0.0,8020.469574074076,7480.37337084257,0.00012541179213177778,0.0,0.0
2025-01-14,90,warmup,0.6694,1067.1233333333332,551.4375,1081.8016666666667,558.4125,1356.7225,0.0,833.3333333333334,0.0,7.7033333333334895,7480.37337084257,8230.37337084257,908.1900415,0.0,0.0
2025-01-14,91,warmup,0.66,1082.8448166666667,503.9868666666667,1060.8495,534.9606,1359.2222333333334,52.96905000000004,833.3333333333334,0.0,0.0,8230.37337084257,8980.37337084257,897.0866740000001,174.79786500000014,1.1368683772161603e-13
2025-01-14,92,warmup,0.7217,1079.80315,466.1007,1055.4557,496.9940833333333,1391.79495,55.2408333333334,833.3333333333334,0.0,0.0,8980.37337084257,9730.37337084257,1004.458415415,199.33654708333358,-1.1368683772161603e-13
2025-01-14,93,warmup,0.7308,1053.1016666666667,431.9625,1063.7033333333334,444.59999999999997,1452.436666666667,2.03583333333313,833.3333333333334,0.0,0.0,9730.37337084257,10480.37337084257,1061.4407160000003,7.438934999999257,-1.1368683772161603e-13
2025-01-14,94,warmup,0.7534,1047.2957333333334,385.10836666666665,1076.7579,399.83993333333336,820.6608262243083,196.66723950617188,355.14069906381343,0.0,0.0,10480.37337084257,10800.000000000002,618.2858664773938,740.8454912197494,-5.684341886080802e-14
2025-01-14,95,warmup,0.7823,1044.6381833333332,334.8437833333333,1056.1247666666666,356.10816666666665,700.0165999999999,9.777799999999653,0.0,3.6028634936569044e-13,0.0,10800.000000000002,10800.000000000002,547.6229861799999,38.24586469999864,0.0
2025-01-14,96,warmup,0.8055,1042.8383333333334,289.45,1031.5583333333334,306.59999999999997,724.9583333333335,28.429999999999584,0.0,3.090384545489932e-13,0.0,10800.000000000002,10800.000000000002,583.9539375000002,114.50182499999832,0.0
2025-01-14,97,warmup,0.8271,1059.8542166666666,247.36225,1070.2885166666667,252.48963333333333,817.7988833333334,0.0,0.0,1.6575540939811617e-12,5.306916666668409,10800.000000000002,10800.0,676.401456405,0.0,-1.509903313490213e-13
2025-01-14,98,warmup,0.8519,1068.6140166666669,198.87696666666668,1090.7122833333333,197.63353333333336,893.0787499999999,0.0,0.0,-4.6043169277254495e-14,23.341699999999644,10800.0,10800.0,760.8137871249999,0.0,7.460698725481052e-14
2025-01-14,99,warmup,0.8791,1052.6766666666667,146.53125,1063.7183333333335,144.70624999999998,919.0120833333335,0.0,0.0,-0.0,12.866666666666788,10800.0,10800.0,807.9035224583334,0.0,0.0
2025-01-14,100,warmup,0.9024,1024.3076,101.73058333333334,1040.9546166666667,94.4699,946.4847166666666,0.0,0.0,1.8705037518884636e-14,23.907699999999867,10800.0,10800.0,854.1078083199999,0.0,-1.1723955140041653e-13
2025-01-14,101,warmup,0.9163,1019.8910666666668,55.531083333333335,1034.2178000000001,47.48875,986.7290500000001,0.0,0.0,3.282374372304275e-14,22.369066666666708,10800.0,10800.0,904.1398285150001,0.0,-6.750155989720952e-14
2025-01-14,102,warmup,0.9264,1041.595,15.19375,1027.0083333333334,12.55625,1014.4520833333335,11.949166666667798,0.0,-1.2313615752046483e-12,0.0,10800.0,10800.000000000002,939.7884100000001,55.34854000000524,0.0
2025-01-14,103,warmup,0.9462,1055.6396333333334,0.98465,1002.05155,0.7821666666666666,1001.2693833333334,53.38560000000083,0.0,-7.733279641652934e-13,0.0,10800.000000000002,10800.000000000002,947.4010905100001,252.56727360000392,2.2737367544323206e-13
2025-01-14,104,warmup,0.9742,1046.19785,0.0,1006.0284,0.0,1006.0284,40.16945000000113,0.0,-1.1405631994421129e-12,0.0,10800.000000000002,10800.000000000004,980.07286728,195.66539095000547,0.0
2025-01-14,105,warmup,0.9862,1041.8933333333332,0.0,1049.5233333333333,0.0,1049.5233333333333,0.0,0.0,3.315108187962323e-12,7.630000000003424,10800.000000000004,10800.0,1035.0399113333333,0.0,9.592326932761353e-14
2025-01-14,106,warmup,0.976,1061.6435333333334,0.0302999999999999,1070.2845166666666,0.022766666666666668,1070.26175,0.0,0.0,-0.0,8.648516666666513,10800.0,10800.0,1044.5754679999998,0.0,-1.0302869668521453e-13
2025-01-14,107,warmup,1.0742,939.3711833333332,0.0,934.62385,0.0,934.62385,4.747333333335651,0.0,-2.406210342087433e-12,0.0,10800.0,10800.000000000002,1003.97293967,25.497927333345782,0.0
2025-01-14,108,warmup,1.2313,733.5433333333334,0.0,737.38,0.0,737.38,0.0,0.0,1.6370904631912707e-12,3.8366666666682248,10800.000000000002,10800.0,907.935994,0.0,-4.529709940470639e-14
2025-01-14,109,warmup,1.2561,690.5731000000001,0.0021666666666666,722.3738666666667,0.0016333333333333332,722.3722333333334,0.0,0.0,0.0,31.801299999999983,10800.0,10800.0,907.3717622900001,0.0,-1.4210854715202004e-14
2025-01-14,110,warmup,1.2447,727.0593666666667,0.0,752.2923166666666,0.0,752.2923166666666,0.0,0.0,4.604316927725449e-14,25.232949999999892,10800.0,10800.0,936.3782465549998,0.0,-4.618527782440651e-14
2025-01-14,111,warmup,1.2545,749.4983333333333,0.0,732.48,0.0,732.48,17.018333333335136,0.0,-1.8189894035458565e-12,0.0,10800.0,10800.000000000002,918.89616,106.74749583334464,0.0
2025-01-14,112,warmup,1.2522,747.1676000000001,0.0,705.1073833333334,0.0,705.1073833333334,42.06021666666629,0.0,4.547473508864641e-13,0.0,10800.000000000002,10800.000000000002,882.93546541,263.33901654999767,0.0
2025-01-14,113,warmup,1.2881,738.6843833333334,0.0,696.5728666666668,0.0,139.92926666666597,42.11151666666569,0.0,556.6436000000017,0.0,10800.000000000002,10181.50711111111,180.24288839333244,271.2192230916604,0.0
2025-01-14,114,warmup,1.3466,738.6833333333334,0.0,716.3033333333333,0.0,0.0,0.0,0.0,738.6833333333334,0.0,10181.50711111111,9360.747851851851,0.0,0.0,0.0
2025-01-14,115,warmup,1.3523,745.5719666666668,0.0,750.3625999999999,0.0,0.0,0.0,0.0,745.5719666666668,0.0,9360.747851851851,8532.334555555555,0.0,0.0,0.0
2025-01-14,116,warmup,1.3445,736.5813833333333,0.0,741.2495,0.0,0.0,0.0,0.0,736.5813833333333,0.0,8532.334555555555,7713.910796296296,0.0,0.0,0.0
2025-01-14,117,warmup,1.3483,724.1216666666666,0.0,710.6816666666667,0.0,0.0,0.0,0.0,724.1216666666666,0.0,7713.910796296296,6909.331166666667,0.0,0.0,0.0
2025-01-14,118,warmup,1.349,741.2659333333332,0.0,734.5088833333333,0.0,0.0,0.0,0.0,741.2659333333332,0.0,6909.331166666667,6085.702351851852,0.0,0.0,0.0
2025-01-14,119,warmup,1.3473,744.84535,0.0,748.7718333333333,0.0,0.0,0.0,0.0,744.84535,0.0,6085.702351851852,5258.096407407407,0.0,0.0,0.0
2025-01-14,120,warmup,1.3482,729.9133333333333,0.0,735.4133333333333,0.0,0.0,0.0,0.0,729.9133333333333,0.0,5258.096407407407,4447.081592592593,0.0,0.0,0.0
2025-01-14,121,warmup,1.3513,736.2915166666667,0.0,740.67225,0.0,0.0,0.0,0.0,736.2915166666667,0.0,4447.081592592593,3628.979907407407,0.0,0.0,0.0
2025-01-14,122,warmup,1.34,752.3925833333333,0.0,742.0775,0.0,0.0,29.62616666666713,0.0,722.7664166666661,0.0,3628.979907407407,2825.9061111111114,0.0,198.4953166666698,0.0
2025-01-14,123,warmup,1.3489,762.7583333333333,0.0,732.735,0.0,0.0,30.023333333333312,0.0,732.735,0.0,2825.9061111111114,2011.7561111111113,0.0,202.49237166666654,0.0
2025-01-14,124,warmup,1.3952,761.3228166666667,0.0,730.5805,0.0,0.0,30.74231666666651,0.0,730.5805000000001,0.0,2011.7561111111113,1200.0,0.0,214.45840106666557,0.0
2025-01-14,125,warmup,1.2226,742.1596666666666,0.0,720.4999166666666,0.0,720.4999166666666,21.659749999999917,0.0,-0.0,0.0,1200.0,1200.0,880.8831981166666,132.40605174999948,0.0
2025-01-14,126,warmup,0.9332,722.7983333333333,0.0,729.8433333333334,0.0,729.8433333333334,0.0,0.0,0.0,7.045000000000073,1200.0,1200.0,681.0897986666668,0.0,0.0
2025-01-14,127,warmup,0.9068,730.6935833333333,0.0,795.8265166666666,0.0,795.8265166666666,0.0,-0.0,0.0,65.13293333333331,1200.0,1200.0,721.6554853133333,0.0,0.0
2025-01-14,128,warmup,0.9371,740.3137166666667,0.0,798.6658000000001,0.0,798.6658000000001,0.0,0.0,0.0,58.35208333333344,1200.0,1200.0,748.4297211800001,0.0,0.0
2025-01-14,129,warmup,0.9371,744.8966666666666,0.0,759.0166666666668,0.0,759.0166666666668,0.0,-0.0,0.0,14.120000000000118,1200.0,1200.0,711.2745183333335,0.0,0.0
2025-01-14,130,warmup,0.9871,745.9355999999999,0.0,796.3102166666666,0.0,796.3102166666666,0.0,-0.0,0.0,50.374616666666725,1200.0,1200.0,786.0378148716666,0.0,0.0
2025-01-14,131,warmup,0.7764,656.7318666666666,0.0,717.7106166666667,0.0,717.7106166666667,0.0,-0.0,0.0,60.978750000000105,1200.0,1200.0,557.23052278,0.0,0.0
2025-01-14,132,warmup,0.4209,547.5966666666667,0.0,560.4833333333333,0.0,560.4833333333333,0.0,0.0,0.0,12.886666666666656,1200.0,1200.0,235.907435,0.0,0.0
2025-01-14,133,warmup,0.3859,583.1007666666667,0.0,567.4424833333334,0.0,567.4424833333334,15.658283333333314,0.0,-0.0,0.0,1200.0,1200.0,218.97605431833335,30.212657691666628,0.0
2025-01-14,134,warmup,0.4368,596.5166333333333,0.0,572.8720166666667,0.0,572.8720166666667,23.644616666666593,0.0,-0.0,0.0,1200.0,1200.0,250.23049688000003,51.63984279999984,0.0
2025-01-14,135,warmup,0.4198,548.2033333333333,0.0,530.0716666666666,0.0,530.0716666666666,18.13166666666666,0.0,-0.0,0.0,1200.0,1200.0,222.52408566666665,38.05836833333333,0.0
2025-01-14,136,warmup,0.4186,567.5955333333333,0.0,567.1485666666666,0.0,567.1485666666666,0.44696666666663987,0.0,-0.0,0.0,1200.0,1200.0,237.40839000666668,0.9355012333332773,0.0
2025-01-14,137,warmup,0.4241,614.1134333333333,0.0,615.53395,0.0,615.53395,0.0,-0.0,0.0,1.4205166666666855,1200.0,1200.0,261.047948195,0.0,0.0
2025-01-14,138,warmup,0.4237,629.9583333333334,0.0,607.8116666666666,0.0,607.8116666666666,22.14666666666676,0.0,-0.0,0.0,1200.0,1200.0,257.5298031666667,46.91771333333353,0.0
2025-01-14,139,warmup,0.4248,604.6275166666667,0.0,556.5846166666666,0.0,556.5846166666666,48.04290000000003,0.0,-0.0,0.0,1200.0,1200.0,236.43714516,102.04311960000007,0.0
2025-01-14,140,warmup,0.424,602.7846166666667,0.0,576.4486166666667,0.0,576.4486166666667,26.336000000000013,0.0,-0.0,0.0,1200.0,1200.0,244.41421346666667,55.83232000000003,0.0
2025-01-14,141,warmup,0.422,626.4616666666667,0.0,649.3583333333333,0.0,649.3583333333333,0.0,0.0,0.0,22.896666666666647,1200.0,1200.0,274.0292166666667,0.0,0.0
2025-01-14,142,warmup,0.424,618.9066333333334,0.0,644.1870833333334,0.0,644.1870833333334,0.0,0.0,0.0,25.280449999999973,1200.0,1200.0,273.13532333333336,0.0,0.0
2025-01-14,143,warmup,0.4271,610.8013,0.0,606.2678999999999,0.0,606.2678999999999,4.533400000000029,0.0,-0.0,0.0,1200.0,1200.0,258.93702009,9.681075700000061,0.0
2025-01-14,144,warmup,0.4276,612.1483333333333,0.0,593.7466666666667,0.0,593.7466666666667,18.401666666666642,0.0,-0.0,0.0,1200.0,1200.0,253.88607466666664,39.34276333333328,0.0
2025-01-15,1,warmup,0.4248,603.4397666666667,0.0,616.3293166666666,0.0,1449.66265,0.0,833.3333333333334,0.0,12.889549999999872,1200.0,1950.0,615.81669372,0.0,0.0
2025-01-15,2,warmup,0.4245,618.0562833333333,0.0,624.6072,0.0,1457.9405333333334,0.0,833.3333333333333,0.0,6.550916666666808,1950.0,2700.0,618.8957564,0.0,0.0
2025-01-15,3,warmup,0.4269,639.72,0.0,611.875,0.0,1445.2083333333335,27.8449999999998,833.3333333333333,0.0,0.0,2700.0,3450.0,616.9594375,59.435152499999575,0.0
2025-01-15,4,warmup,0.4272,616.2570833333333,0.0,614.5873166666667,0.0,1447.92065,1.6697666666665327,833.3333333333333,0.0,0.0,3450.0,4200.0,618.5517016800001,3.566621599999714,-1.1368683772161603e-13
2025-01-15,5,warmup,0.4271,602.7091833333333,0.0,615.1157333333333,0.0,1448.4490666666666,0.0,833.3333333333333,0.0,12.406550000000038,4200.0,4950.0,618.6325963733333,0.0,0.0
2025-01-15,6,warmup,0.4285,621.71,0.0,621.5749999999999,0.0,1454.9083333333333,0.1349999999999909,833.3333333333333,0.0,0.0,4950.0,5700.0,623.4282208333333,0.2892374999999805,0.0
2025-01-15,7,warmup,0.4311,641.1512666666666,0.0,657.8858333333334,0.0,1324.5525000000002,0.0,683.4012333333336,0.0,0.0,5700.0,6315.061110000001,571.01458275,0.0,0.0
2025-01-15,8,warmup,0.4302,649.754,0.0,656.1048666666667,0.0,1489.4382,0.0,816.598766666666,0.0,23.08543333333398,6315.061110000001,7050.0,640.75631364,0.0,0.0
2025-01-15,9,warmup,0.4279,645.8683333333333,0.0,626.7583333333333,0.0,1460.0916666666667,19.1099999999999,833.3333333333333,0.0,0.0,7050.0,7800.0,624.7732241666666,40.88584499999978,0.0
2025-01-15,10,warmup,0.4312,635.8463333333333,0.0,649.6088833333333,0.0,649.6088833333333,0.0,13.762550000000033,0.0,0.0,7800.0,7812.386295,280.11135049333336,0.0,0.0
2025-01-15,11,warmup,0.4333,641.68255,0.0,676.2656833333333,0.0,676.2656833333333,0.0,34.58313333333331,0.0,0.0,7812.386295,7843.511115,293.02592058833335,0.0,0.0
2025-01-15,12,warmup,0.4311,659.4066666666666,0.0,679.7133333333334,0.0,1513.0466666666666,0.0,784.9876499999997,0.0,68.6523500000003,7843.511115,8550.0,652.274418,0.0,0.0
2025-01-15,13,warmup,0.4293,661.5856,0.0,680.6354833333334,0.0,1513.9688166666667,0.0,833.3333333333333,0.0,19.04988333333347,8550.0,9300.0,649.9468129950001,0.0,0.0
2025-01-15,14,warmup,0.4324,646.9661,0.0,673.19935,0.0,673.19935,0.0,0.0,0.0,26.233249999999998,9300.0,9300.0,291.09139894,0.0,0.0
2025-01-15,15,warmup,0.4367,636.9616666666667,0.0,663.005,0.0,663.005,0.0,0.0,0.0,26.043333333333294,9300.0,9300.0,289.53428349999996,0.0,0.0
2025-01-15,16,warmup,0.4348,652.3050833333333,0.0,666.99085,0.0,666.99085,0.0,0.0,0.0,14.685766666666723,9300.0,9300.0,290.00762158000003,0.0,0.0
2025-01-15,17,warmup,0.4335,650.74815,0.0,673.3498166666667,0.0,673.3498166666667,0.0,0.0,0.0,22.601666666666688,9300.0,9300.0,291.897145525,0.0,0.0
2025-01-15,18,warmup,0.4357,640.5066666666667,0.0,675.2933333333334,0.0,675.2933333333334,0.0,0.0,0.0,34.78666666666675,9300.0,9300.0,294.2253053333333,0.0,0.0
2025-01-15,19,warmup,0.4374,672.9660833333334,0.0,680.1736666666667,0.0,680.1736666666667,0.0,0.0,0.0,7.207583333333332,9300.0,9300.0,297.50796180000003,0.0,0.0
2025-01-15,20,warmup,0.4371,707.8384500000001,0.0,700.90325,0.0,700.90325,6.935200000000123,0.0,-0.0,0.0,9300.0,9300.0,306.364810575,15.156879600000266,0.0
2025-01-15,21,warmup,0.4356,708.0066666666667,0.0,720.6316666666667,0.0,720.6316666666667,0.0,0.0,0.0,12.625,9300.0,9300.0,313.907154,0.0,0.0
2025-01-15,22,warmup,0.4353,678.3172166666667,0.0,708.8697166666667,0.0,708.8697166666667,0.0,0.0,0.0,30.55250000000001,9300.0,9300.0,308.570987665,0.0,0.0
2025-01-15,23,warmup,0.436,680.6562833333334,0.0,702.7655500000001,0.0,702.7655500000001,0.0,0.0,0.0,22.109266666666713,9300.0,9300.0,306.4057798,0.0,0.0
2025-01-15,24,warmup,0.4378,710.3466666666667,0.0,714.0983333333334,0.0,714.0983333333334,0.0,0.0,0.0,3.751666666666665,9300.0,9300.0,312.63225033333333,0.0,0.0
2025-01-15,25,warmup,0.4401,705.1456333333334,0.0,713.7702833333333,0.0,713.7702833333333,0.0,0.0,0.0,8.62464999999986,9300.0,9300.0,314.13030169499996,0.0,0.0
2025-01-15,26,warmup,0.4389,693.1804666666667,0.0,682.0052,0.0,682.0052,11.175266666666744,0.0,-0.0,0.0,9300.0,9300.0,299.33208228,24.52412270000017,0.0
2025-01-15,27,warmup,0.4364,692.3333333333334,0.0,655.35,0.0,655.35,36.98333333333335,0.0,-0.0,0.0,9300.0,9300.0,285.99474000000004,80.69763333333336,0.0
2025-01-15,28,warmup,0.4393,691.5618666666666,0.0,692.9606166666667,0.0,692.9606166666667,0.0,0.0,0.0,1.3987500000001774,9300.0,9300.0,304.41759890166674,0.0,0.0
2025-01-15,29,warmup,0.4422,698.3777,0.0,732.4730500000001,0.0,732.4730500000001,0.0,0.0,0.0,34.09535000000005,9300.0,9300.0,323.89958271,0.0,0.0
2025-01-15,30,warmup,0.4395,710.7800000000001,0.0,729.27,0.0,729.27,0.0,18.489999999999895,0.0,0.0,9300.0,9316.641,320.514165,0.0,0.0
2025-01-15,31,warmup,0.4333,718.7302166666667,0.0,698.7895833333333,0.0,698.7895833333333,4.963733333333721,0.0,14.97689999999966,0.0,9316.641,9300.0,302.7855264583333,10.753928266667508,0.0
2025-01-15,32,warmup,0.4439,735.6534833333334,0.00035,698.16495,0.0,698.16495,37.48818333333341,0.0,-0.0,0.0,9300.0,9300.0,309.915421305,83.2050229083335,0.0
2025-01-15,33,warmup,0.4301,724.77,0.0,711.0,0.0,1544.3333333333335,13.769999999999754,833.3333333333333,0.0,0.0,9300.0,10050.0,664.2177666666666,29.612384999999474,0.0
2025-01-15,34,warmup,0.3713,657.20925,0.0,687.6035666666667,0.0,1520.9369000000002,0.0,833.3333333333333,0.0,30.394316666666896,10050.0,10800.0,564.7238709700001,0.0,0.0
2025-01-15,35,warmup,0.5708,745.7387833333333,0.0048166666666666,768.5742,0.0,768.5742,0.0,0.0,-0.0,22.84023333333334,10800.0,10800.0,438.70215336,0.0,3.552713678800501e-15
2025-01-15,36,warmup,0.9099,924.7166666666668,0.0,910.935,0.0,910.935,13.781666666666865,0.0,-0.0,0.0,10800.0,10800.0,828.8597565,62.69969250000091,0.0
2025-01-15,37,warmup,0.9368,909.3155833333334,0.0,915.5560166666668,0.00205,240.55396666666684,0.0,0.0,668.7616166666666,0.0,10800.0,10056.931537037037,225.3509559733335,0.0,0.0
2025-01-15,38,warmup,0.8758,885.5596333333333,0.067,883.10115,0.0,883.10115,0.0,0.0,2.3914833333333334,0.0,10056.931537037037,10054.274333333333,773.41998717,0.0,0.0
2025-01-15,39,warmup,0.8759,929.8933333333332,0.0,904.085,0.0,904.085,21.961433333333616,0.0,3.8468999999995503,0.0,10054.274333333333,10050.0,791.8880515000001,96.18009728333458,0.0
2025-01-15,40,warmup,0.8601,923.5810166666666,0.0,960.7646666666666,0.028483333333333333,960.7361833333332,0.0,0.0,0.0,37.15516666666656,10050.0,10050.0,826.3291912849999,0.0,0.0
2025-01-15,41,warmup,0.8442,890.5133999999999,1.4877166666666666,958.2236833333333,0.4016166666666667,957.8220666666666,0.0,0.0,0.0,68.79638333333335,10050.0,10050.0,808.5933886799999,0.0,-2.842170943040401e-14
2025-01-15,42,warmup,0.8334,875.8850000000001,14.975,902.9916666666667,12.7875,890.2041666666667,0.0,0.0,0.0,29.29416666666655,10050.0,10050.0,741.8961525,0.0,2.1316282072803006e-14
2025-01-15,43,warmup,0.8092,895.7419,50.04215,893.7362166666667,51.26291666666666,842.4733,3.2264499999999927,0.0,-0.0,0.0,10050.0,10050.0,681.72939436,13.054216699999971,0.0
2025-01-15,44,warmup,0.7972,916.9153333333334,94.42913333333333,917.8654833333334,95.35843333333334,822.50705,0.0,0.0,0.0,0.020850000000010027,10050.0,10050.0,655.70262026,0.0,-1.4210854715202004e-14
2025-01-15,45,warmup,0.7644,889.8633333333333,139.88750000000002,917.5983333333334,136.25,781.3483333333334,0.0,31.37250000000003,0.0,0.0,10050.0,10078.23525,597.262666,0.0,2.842170943040401e-14
2025-01-15,46,warmup,0.6899,824.3265,186.65878333333333,879.3562333333333,183.5329833333333,1529.1565833333334,0.0,801.9608333333337,0.0,89.52803333333304,10078.23525,10800.0,1054.9651268416667,0.0,0.0
2025-01-15,47,warmup,0.86,966.80785,230.75015,1014.9964,238.76118333333332,776.2352166666667,0.0,0.0,-0.0,40.17751666666666,10800.0,10800.0,667.5622863333333,0.0,-2.842170943040401e-14
2025-01-15,48,warmup,1.1617,1227.46,274.6125,1237.8383333333334,299.06874999999997,105.43625000000009,14.07791666666651,0.0,833.3333333333334,0.0,10800.0,9874.074074074075,122.4852916250001,81.77157895833243,0.0
2025-01-15,49,warmup,1.1683,1251.2875666666666,327.1257,1234.0593833333335,356.8407833333333,43.88526666666678,46.94326666666632,0.0,833.3333333333334,0.0,9874.074074074075,8948.14814814815,51.271157046666794,274.2190922333313,-2.2737367544323206e-13
2025-01-15,50,warmup,1.0956,1197.7863333333332,391.5120666666666,1191.7730333333334,395.36296666666664,0.0,0.0,0.0,806.2742666666666,0.0,8948.14814814815,8052.287851851854,0.0,0.0,0.0
2025-01-15,51,warmup,1.0849,1194.0716666666667,448.09375,1205.8066666666666,421.9875,0.0,0.0,0.0,745.9779166666667,0.0,8052.287851851854,7223.423500000002,0.0,0.0,0.0
2025-01-15,52,warmup,1.061,1205.3559333333333,470.7354666666667,1186.8414,463.08979999999997,0.0,0.0,0.0,734.6204666666665,0.0,7223.423500000002,6407.178537037039,0.0,0.0,0.0
2025-01-15,53,warmup,1.043,1211.0691,491.75441666666666,1194.8688166666668,515.3344833333333,0.0,0.0,0.0,719.3146833333333,0.0,6407.178537037039,5607.940000000002,0.0,0.0,0.0
2025-01-15,54,warmup,1.036,1205.756666666667,528.1374999999999,1220.6316666666667,555.5124999999999,0.0,0.0,0.0,677.619166666667,0.0,5607.940000000002,4855.029814814817,0.0,0.0,0.0
2025-01-15,55,warmup,1.0147,1196.86125,568.54715,1185.1680166666667,567.4740333333333,0.0,0.0,0.0,628.3140999999999,0.0,4855.029814814817,4156.903037037039,0.0,0.0,0.0
2025-01-15,56,warmup,0.9922,1203.06635,609.60545,1163.1134166666668,608.3691333333334,0.0,0.0,0.0,593.4609,0.0,4156.903037037039,3497.5020370370394,0.0,0.0,0.0
2025-01-15,57,warmup,0.97,1214.5616666666667,662.6125000000001,1185.0466666666666,672.71875,0.0,0.0,0.0,551.9491666666667,0.0,3497.5020370370394,2884.2251851851875,0.0,0.0,0.0
2025-01-15,58,warmup,0.9422,1205.7861666666663,735.2740333333333,1204.3273166666665,699.59695,504.73036666666655,0.0,34.2182333333335,0.0,0.0,2884.2251851851875,2915.021595185188,475.55695147333324,0.0,0.0
2025-01-15,59,warmup,0.9569,1210.33085,774.9026166666666,1201.2699166666666,728.7238000000001,143.14581666666612,59.29549766666503,0.0,232.98691900000222,0.0,2915.021595185188,2656.147240740741,136.9762319683328,283.6993085861588,0.0
2025-01-15,60,warmup,0.9977,1217.02,791.1687499999999,1191.5049999999999,782.2687500000001,0.0,0.0,0.0,425.85125000000005,0.0,2656.147240740741,2182.979185185185,0.0,0.0,0.0
2025-01-15,61,warmup,0.9919,1182.6364,842.9839333333333,1203.1402833333334,840.1320833333333,0.0,0.0,0.0,339.6524666666668,0.0,2182.979185185185,1805.5875555555554,0.0,0.0,0.0
2025-01-15,62,warmup,0.9588,1171.4165666666663,878.5017666666666,1204.9819833333333,887.8587666666667,0.0,0.0,0.0,292.9147999999997,0.0,1805.5875555555554,1480.1266666666668,0.0,0.0,0.0
2025-01-15,63,warmup,0.9549,1184.78,877.53125,1183.06,919.9,263.15999999999997,13.139600000000225,0.0,30.94914999999978,0.0,1480.1266666666668,1445.7387222222226,251.29148399999997,62.735020200001074,0.0
2025-01-15,64,warmup,0.9839,1160.7840333333334,876.0261666666667,1162.2812000000001,941.1163499999999,0.0,63.59301666666639,0.0,221.1648500000003,0.0,1445.7387222222226,1200.0,0.0,312.84584549166533,0.0
2025-01-15,65,warmup,0.799,1143.33815,892.6540333333334,1189.5861166666666,968.7511,220.83501666666666,29.84910000000002,0.0,-0.0,0.0,1200.0,1200.0,176.44717831666668,119.2471545000001,0.0
2025-01-15,66,warmup,0.5025,1157.0883333333334,916.63125,1224.6516666666666,995.9625,1062.0225,11.767916666666565,833.3333333333333,0.0,0.0,1200.0,1950.0,533.6663062499999,29.566890624999743,0.0
2025-01-15,67,warmup,0.4662,1178.5028666666667,924.6773666666668,1180.3629666666668,997.3388166666667,1016.3574833333334,70.80134999999973,833.3333333333333,0.0,0.0,1950.0,2700.0,473.82585873000005,165.03794684999937,0.0
2025-01-15,68,warmup,0.5007,1179.8953166666668,940.3977,1147.8014166666667,981.7414833333333,999.3932666666667,73.43768333333333,833.3333333333333,0.0,0.0,2700.0,3450.0,500.39620862000004,183.851240225,0.0
2025-01-15,69,warmup,0.4827,1171.2483333333332,976.66875,1165.7233333333334,970.06875,1028.9879166666667,0.0,833.3333333333333,0.0,1.0750000000002728,3450.0,4200.0,496.69246737500004,0.0,0.0
2025-01-15,70,warmup,0.4785,1179.642466666667,1015.5962666666666,1174.1006666666667,981.3202500000001,1026.11375,0.0,833.3333333333333,0.0,28.734216666666384,4200.0,4950.0,490.99542937499996,0.0,-1.1368683772161603e-13
2025-01-15,71,warmup,0.4662,1151.9896833333337,1010.3395666666668,1114.3241166666667,1013.2634666666667,934.3939833333334,40.589466666666794,833.3333333333333,0.0,0.0,4950.0,5700.0,435.61447503000005,94.6140468000003,0.0
2025-01-15,72,warmup,0.4432,1110.6933333333334,981.225,1042.9083333333333,1036.5874999999999,839.6541666666668,123.14749999999981,833.3333333333333,0.0,0.0,5700.0,6450.0,372.1347266666667,272.89485999999954,0.0
2025-01-15,73,warmup,0.4411,1131.40485,994.0265833333332,1070.6290000000001,1020.2415666666667,883.7207666666668,86.99083333333317,833.3333333333333,0.0,0.0,6450.0,7200.0,389.80923017666674,191.8582829166663,0.0
2025-01-15,74,warmup,0.4551,1123.8438666666666,1002.2951,1077.1623666666667,1010.64845,899.84725,55.03484999999978,833.3333333333333,0.0,0.0,7200.0,7950.0,409.520483475,125.2318011749995,0.0
2025-01-15,75,warmup,0.4463,1066.4,989.90625,1033.9983333333332,1016.7687500000001,850.5629166666665,59.264166666666824,833.3333333333333,0.0,0.0,7950.0,8700.0,379.6062297083333,132.24798791666703,0.0
2025-01-15,76,warmup,0.4113,1037.0257166666668,989.1074166666668,1035.9826166666667,1003.4630166666667,865.8529333333333,15.398699999999849,833.3333333333333,0.0,0.0,8700.0,9450.0,356.12531148,31.667426549999686,0.0
2025-01-15,77,warmup,0.5682,1065.3875666666663,988.84875,1068.3993666666668,986.9233666666668,914.8093333333334,0.0,833.3333333333333,0.0,4.937183333333792,9450.0,10200.0,519.7946632000001,0.0,-1.1368683772161603e-13
2025-01-15,78,warmup,0.8279,1129.005,966.575,1095.825,984.38125,111.44375000000002,50.98625000000004,0.0,-0.0,0.0,10200.0,10200.0,92.26428062500001,211.05758187500015,0.0
2025-01-15,79,warmup,0.8636,1169.4396166666668,910.4545666666668,1099.7876833333332,991.4334333333333,108.35424999999998,150.6307999999999,0.0,-0.0,0.0,10200.0,10200.0,93.57473029999998,650.4237943999997,-2.2737367544323206e-13
2025-01-15,80,warmup,0.8416,1143.2497,850.8616166666667,1095.6951166666665,968.8066666666667,126.8884499999998,165.49963333333358,0.0,-0.0,0.0,10200.0,10200.0,106.78931951999984,696.4224570666677,0.0
2025-01-15,81,warmup,0.8618,1088.835,810.275,1094.435,913.8249999999999,180.61,97.95000000000005,0.0,-0.0,0.0,10200.0,10200.0,155.649698,422.06655000000023,0.0
2025-01-15,82,warmup,0.8623,1091.8318,788.1631333333333,1097.4836166666666,861.83205,235.65156666666667,68.01709999999991,0.0,-0.0,0.0,10200.0,10200.0,203.20234593666666,293.2557266499996,0.0
2025-01-15,83,warmup,0.9026,1117.1900833333334,766.4114833333333,1118.3651666666667,819.5171166666668,298.84804999999994,51.93055000000015,0.0,-0.0,0.0,10200.0,10200.0,269.74024992999995,234.3625721500007,0.0
2025-01-15,84,warmup,0.9754,1122.2416666666666,737.9625,1130.555,785.46875,0.0,0.0,0.0,384.2791666666666,0.0,10200.0,9773.023148148148,0.0,0.0,0.0
2025-01-15,85,warmup,1.0002,1101.2202333333332,710.7455333333334,1095.3363333333334,756.7791000000001,0.0,0.0,0.0,390.47469999999987,0.0,9773.023148148148,9339.16237037037,0.0,0.0,0.0
2025-01-15,86,warmup,0.9978,1099.5821666666668,691.0889666666667,1093.3039166666667,726.4573166666668,0.0,0.0,0.0,408.4932000000001,0.0,9339.16237037037,8885.281037037037,0.0,0.0,0.0
2025-01-15,87,warmup,1.0271,1112.595,672.275,1127.7450000000001,689.6687499999999,0.0,0.0,0.0,440.32000000000005,0.0,8885.281037037037,8396.036592592593,0.0,0.0,0.0
2025-01-15,88,warmup,1.0906,1095.659666666667,639.9993000000001,1118.9171666666666,645.9061166666667,0.0,0.0,0.0,455.66036666666685,0.0,8396.036592592593,7889.747296296296,0.0,0.0,0.0
2025-01-15,89,warmup,0.9376,1092.3110166666668,599.6563333333334,1085.2365499999999,599.1498333333333,0.00013375118251097336,0.0,0.0,492.6545495821508,0.0,7889.747296296296,7342.353352316128,0.00012540510872228861,0.0,-2.2737367544323206e-13
2025-01-15,90,warmup,0.6694,1092.6266666666668,564.6875,1067.1233333333332,551.4375,1349.0191666666665,12.253333333333671,833.3333333333334,0.0,0.0,7342.353352316128,8092.353352316128,903.0334301666666,41.0119066666678,-1.1368683772161603e-13
2025-01-15,91,warmup,0.66,1045.0969333333337,541.8687,1082.8448166666667,503.9868666666667,1412.1912833333336,0.0,833.3333333333334,0.0,75.62971666666647,8092.353352316128,8842.353352316128,932.0462470000002,0.0,0.0
2025-01-15,92,warmup,0.7217,1032.0354333333332,501.0163500000001,1079.80315,466.1007,1447.0357833333333,0.0,833.3333333333334,0.0,82.68336666666676,8842.353352316128,9592.353352316128,1044.3257248316665,0.0,0.0
2025-01-15,93,warmup,0.7308,1066.5766666666666,440.05,1053.1016666666667,431.96250000000003,1454.4724999999999,5.387500000000159,833.3333333333334,0.0,0.0,9592.353352316128,10342.353352316128,1062.9285029999999,19.68592500000058,1.1368683772161603e-13
2025-01-15,94,warmup,0.7534,1075.9077666666667,386.8847166666667,1047.2957333333334,385.10836666666665,1017.3280657392824,180.19125946502126,508.49627520430363,0.0,0.0,10342.353352316128,10800.000000000002,766.4549647279753,678.7804744047351,0.0
2025-01-15,95,warmup,0.7823,1057.7969833333334,340.10565,1044.6381833333332,334.8437833333333,709.7944,7.896933333332649,0.0,7.303086260734836e-13,0.0,10800.000000000002,10800.000000000002,555.27215912,30.88885473333066,0.0
2025-01-15,96,warmup,0.8055,1039.7683333333332,294.90625,1042.8383333333334,289.45,753.3883333333333,0.0,0.0,1.6575540939811615e-12,8.526250000001776,10800.000000000002,10800.0,606.8543025,0.0,-6.572520305780927e-14
2025-01-15,97,warmup,0.8271,1049.137,250.40318333333332,1059.8542166666666,247.36225000000002,812.4919666666666,0.0,0.0,-0.0,13.758149999999972,10800.0,10800.0,672.01210563,0.0,-8.526512829121202e-14
2025-01-15,98,warmup,0.8519,1068.7731,204.10495,1068.6140166666667,198.87696666666668,869.73705,0.0,0.0,-0.0,5.068899999999843,10800.0,10800.0,740.928992895,0.0,-8.526512829121202e-14
2025-01-15,99,warmup,0.8791,1076.77,155.45000000000002,1052.6766666666667,146.53125,906.1454166666667,15.174583333332405,0.0,8.259848360836484e-13,0.0,10800.0,10799.999999999998,796.5924357916667,66.6998810416626,0.0
2025-01-15,100,warmup,0.9024,1066.2334,105.90393333333331,1024.3075999999999,101.73058333333334,922.5770166666665,37.75245000000207,0.0,-1.8222079400942446e-12,0.0,10799.999999999998,10800.0,832.5334998399999,170.33905440000933,0.0
2025-01-15,101,warmup,0.9163,1063.0829166666667,55.9799,1019.8910666666667,55.531083333333335,964.3599833333334,42.743033333332455,0.0,8.904116680086283e-13,0.0,10800.0,10799.999999999998,883.6430527283334,195.82720721666266,0.0
2025-01-15,102,warmup,0.9264,1069.1833333333334,16.35625,1041.595,15.19375,1026.4012500000001,26.42583333333409,0.0,-8.160244355237544e-13,0.0,10799.999999999998,10799.999999999998,950.8581180000001,122.4044600000035,0.0
2025-01-15,103,warmup,0.9462,1060.4871666666666,1.4994666666666667,1055.6396333333334,0.9846499999999999,1054.6549833333333,4.332716666668748,0.0,-2.2100721253082158e-12,0.0,10799.999999999998,10800.0,997.91454523,20.498082550009848,0.0
2025-01-15,104,warmup,0.9742,1039.3981833333337,0.0,1046.19785,0.0,1046.19785,0.0,0.0,-0.0,6.799666666666326,10800.0,10800.0,1019.20594547,0.0,0.0
2025-01-15,105,warmup,0.9862,1046.0266666666666,0.0,1041.8933333333332,0.0,1041.8933333333332,4.133333333333439,0.0,0.0,0.0,10800.0,10800.0,1027.5152053333331,20.38146666666719,0.0
2025-01-15,106,warmup,0.976,1091.8651666666667,0.0641666666666666,1061.6435333333334,0.030299999999999997,1061.6132333333335,30.1877666666687,0.0,-2.1378765164420393e-12,0.0,10800.0,10800.000000000002,1036.1345157333335,147.31630133334326,2.2737367544323206e-13
2025-01-15,107,warmup,1.0742,965.6812833333332,0.0,939.3711833333333,0.0,939.3711833333333,26.31009999999984,0.0,8.09734501672213e-14,0.0,10800.000000000002,10800.000000000002,1009.0725251366666,141.31154709999913,0.0
2025-01-15,108,warmup,1.2313,734.79,0.0,733.5433333333334,0.0,733.5433333333334,1.2466666666647956,0.0,1.7602985735720719e-12,0.0,10800.000000000002,10800.0,903.2119063333334,7.675103333321815,0.0
2025-01-15,109,warmup,1.2561,694.8607499999999,0.0046,690.5731000000001,0.0021666666666666666,690.5709333333334,4.2852166666667095,0.0,-1.8474111129762605e-13,0.0,10800.0,10800.0,867.4261493600001,26.91330327500027,-1.1368683772161603e-13
2025-01-15,110,warmup,1.2447,722.4920666666667,0.0,727.0593666666667,0.0,727.0593666666667,0.0,0.0,4.604316927725449e-14,4.567300000000092,10800.0,10800.0,904.97079369,0.0,-4.618527782440651e-14
2025-01-15,111,warmup,1.2545,717.2633333333333,0.0,749.4983333333333,0.0,749.4983333333333,0.0,0.0,1.8417267710901796e-13,32.2350000000002,10800.0,10800.0,940.2456591666667,0.0,4.263256414560601e-14
2025-01-15,112,warmup,1.2522,707.6481,0.0003333333333333,747.1676000000001,0.0,747.1676000000001,0.0,0.0,2.2737367544323206e-13,39.519833333333665,10800.0,10800.0,935.6032687200001,0.0,-4.263256414560601e-14
2025-01-15,113,warmup,1.2881,711.4607500000001,0.0,738.6843833333334,0.0,272.4326000000001,0.0,0.0,439.0281500000001,0.0,10800.0,10312.190944444445,350.9204320600001,0.0,1.1368683772161603e-13
2025-01-15,114,warmup,1.3466,730.2233333333334,0.0,738.6833333333334,0.0,0.0,0.0,0.0,730.2233333333334,0.0,10312.190944444445,9500.831685185185,0.0,0.0,0.0
2025-01-15,115,warmup,1.3523,749.2222,0.0,745.5719666666668,0.0,0.0,0.0,0.0,749.2222,0.0,9500.831685185185,8668.362574074074,0.0,0.0,0.0
2025-01-15,116,warmup,1.3445,739.8300333333333,0.0,736.5813833333333,0.0,0.0,0.0,0.0,739.8300333333333,0.0,8668.362574074074,7846.329203703704,0.0,0.0,0.0
2025-01-15,117,warmup,1.3483,722.305,0.0,724.1216666666666,0.0,0.0,0.0,0.0,722.305,0.0,7846.329203703704,7043.768092592592,0.0,0.0,0.0
2025-01-15,118,warmup,1.349,743.1292666666667,0.0,741.2659333333332,0.0,0.0,0.0,0.0,743.1292666666667,0.0,7043.768092592592,6218.068907407407,0.0,0.0,0.0
2025-01-15,119,warmup,1.3473,748.2340333333333,0.0,744.84535,0.0,0.0,0.0,0.0,748.2340333333333,0.0,6218.068907407407,5386.697759259259,0.0,0.0,0.0
2025-01-15,120,warmup,1.3482,736.8616666666667,0.0,729.9133333333333,0.0,0.0,0.0,0.0,736.8616666666667,0.0,5386.697759259259,4567.962574074074,0.0,0.0,0.0
2025-01-15,121,warmup,1.3513,764.5076833333333,0.0,736.2915166666667,0.0,0.0,0.0,0.0,764.5076833333333,0.0,4567.962574074074,3718.5095925925925,0.0,0.0,0.0
2025-01-15,122,warmup,1.34,796.3999833333334,0.0,752.3925833333333,0.0,0.0,53.82249999999999,0.0,742.5774833333334,0.0,3718.5095925925925,2893.4235,0.0,360.61074999999994,0.0
2025-01-15,123,warmup,1.3489,792.8000000000001,0.0,762.7583333333333,0.0,0.0,30.041666666666856,0.0,762.7583333333332,0.0,2893.4235,2045.9142407407408,0.0,202.61602083333463,0.0
2025-01-15,124,warmup,1.3952,752.6728666666667,0.0,761.3228166666667,0.0,0.0,0.0,0.0,752.6728666666667,0.0,2045.9142407407408,1209.6110555555556,0.0,0.0,0.0
2025-01-15,125,warmup,1.2226,751.1731833333333,0.0,742.1596666666666,0.0,742.1596666666666,0.3635666666667255,0.0,8.649950000000034,0.0,1209.6110555555556,1200.0,907.3644084666665,2.2224830333336927,0.0
2025-01-15,126,warmup,0.9332,774.2233333333334,0.0,722.7983333333333,0.0,722.7983333333333,51.42500000000007,0.0,-0.0,0.0,1200.0,1200.0,674.5154046666667,239.94905000000034,0.0
2025-01-15,127,warmup,0.9068,742.54675,0.0,730.6935833333333,0.0,730.6935833333333,11.853166666666652,0.0,-0.0,0.0,1200.0,1200.0,662.5929413666667,53.74225766666661,0.0
2025-01-15,128,warmup,0.9371,742.8491166666666,0.0,740.3137166666667,0.0,740.3137166666667,2.5353999999999814,0.0,-0.0,0.0,1200.0,1200.0,693.7479838883334,11.879616699999914,0.0
2025-01-15,129,warmup,0.9371,778.7483333333333,0.0,744.8966666666666,0.0,744.8966666666666,33.85166666666669,0.0,-0.0,0.0,1200.0,1200.0,698.0426663333334,158.6119841666668,0.0
2025-01-15,130,warmup,0.9871,752.3233833333334,0.0,745.9355999999999,0.0,745.9355999999999,6.387783333333459,0.0,-0.0,0.0,1200.0,1200.0,736.31303076,31.52690464166729,0.0
2025-01-15,131,warmup,0.7764,664.3000499999999,0.0,656.7318666666666,0.0,656.7318666666666,7.56818333333331,0.0,-0.0,0.0,1200.0,1200.0,509.88662128,29.379687699999906,0.0
2025-01-15,132,warmup,0.4209,580.5366666666666,0.0,547.5966666666667,0.0,547.5966666666667,32.93999999999994,0.0,-0.0,0.0,1200.0,1200.0,230.483437,69.32222999999986,0.0
2025-01-15,133,warmup,0.3859,573.7712166666666,0.0,583.1007666666667,0.0,583.1007666666667,0.0,0.0,0.0,9.32955000000004,1200.0,1200.0,225.01858585666668,0.0,0.0
2025-01-15,134,warmup,0.4368,589.6589333333333,0.0,596.5166333333333,0.0,596.5166333333333,0.0,-0.0,0.0,6.8577000000000226,1200.0,1200.0,260.55846544,0.0,0.0
2025-01-15,135,warmup,0.4198,581.5666666666667,0.0,548.2033333333333,0.0,548.2033333333333,33.36333333333346,0.0,-0.0,0.0,1200.0,1200.0,230.1357593333333,70.02963666666693,0.0
2025-01-15,136,warmup,0.4186,551.2475499999999,0.0,567.5955333333333,0.0,567.5955333333333,0.0,-0.0,0.0,16.34798333333333,1200.0,1200.0,237.5954902533333,0.0,0.0
2025-01-15,137,warmup,0.4241,533.1689333333334,0.0,614.1134333333333,0.0,614.1134333333333,0.0,-0.0,0.0,80.94449999999995,1200.0,1200.0,260.4455070766667,0.0,0.0
2025-01-15,138,warmup,0.4237,542.6066666666667,0.0,629.9583333333334,0.0,629.9583333333334,0.0,-0.0,0.0,87.35166666666669,1200.0,1200.0,266.9133458333334,0.0,0.0
2025-01-15,139,warmup,0.4248,565.7428,0.0,604.6275166666667,0.0,604.6275166666667,0.0,-0.0,0.0,38.88471666666669,1200.0,1200.0,256.84576908,0.0,0.0
2025-01-15,140,warmup,0.424,581.1533333333333,0.0,602.7846166666667,0.0,602.7846166666667,0.0,-0.0,0.0,21.63128333333339,1200.0,1200.0,255.58067746666666,0.0,-3.552713678800501e-15
2025-01-15,141,warmup,0.422,589.5483333333333,0.0,626.4616666666667,0.0,626.4616666666667,0.0,0.0,0.0,36.91333333333341,1200.0,1200.0,264.36682333333334,0.0,0.0
2025-01-15,142,warmup,0.424,603.82045,0.0,618.9066333333334,0.0,618.9066333333334,0.0,0.0,0.0,15.086183333333338,1200.0,1200.0,262.41641253333336,0.0,0.0
2025-01-15,143,warmup,0.4271,593.1068333333334,0.0,610.8013,0.0,610.8013,0.0,-0.0,0.0,17.694466666666585,1200.0,1200.0,260.87323523,0.0,0.0
2025-01-15,144,warmup,0.4276,571.6,0.0,612.1483333333333,0.0,612.1483333333333,0.0,-0.0,0.0,40.54833333333329,1200.0,1200.0,261.7546273333333,0.0,0.0
2025-01-16,1,warmup,0.4248,587.8245166666667,0.0,603.4397666666667,0.0,1436.7731,0.0,833.3333333333334,0.0,15.61525000000006,1200.0,1950.0,610.3412128800001,0.0,0.0
2025-01-16,2,warmup,0.4245,604.4712000000001,0.0,618.0562833333333,0.0,1451.3896166666668,0.0,833.3333333333333,0.0,13.5850833333335,1950.0,2700.0,616.1148922750001,0.0,0.0
2025-01-16,3,warmup,0.4269,604.4316666666667,0.0,639.72,0.0,1473.0533333333333,0.0,833.3333333333333,0.0,35.2883333333333,2700.0,3450.0,628.846468,0.0,0.0
2025-01-16,4,warmup,0.4272,606.8383166666666,0.0,616.2570833333333,0.0,1449.5904166666667,0.0,833.3333333333333,0.0,9.418766666666784,3450.0,4200.0,619.265026,0.0,0.0
2025-01-16,5,warmup,0.4271,607.9121833333334,0.0,602.7091833333333,0.0,1436.0425166666666,5.2029999999999745,833.3333333333333,0.0,0.0,4200.0,4950.0,613.3337588683333,11.111006499999945,0.0
2025-01-16,6,warmup,0.4285,625.785,0.0,621.71,0.0,1455.0433333333335,4.074999999999704,833.3333333333333,0.0,0.0,4950.0,5700.0,623.4860683333334,8.730687499999368,1.1368683772161603e-13
2025-01-16,7,warmup,0.4311,675.8950333333333,0.0,641.1512666666666,0.0,1307.8179333333333,34.743766666666716,666.6666666666666,0.0,0.0,5700.0,6300.0,563.8003110599999,74.8901890500001,0.0
2025-01-16,8,warmup,0.4302,657.8231833333333,0.0,649.754,0.0,1483.0873333333334,8.069183333333172,833.3333333333333,0.0,0.0,6300.0,7050.0,638.0241708000001,17.356813349999655,-1.1368683772161603e-13
2025-01-16,9,warmup,0.4279,608.6233333333333,0.0,645.8683333333333,0.0,1479.2016666666668,0.0,833.3333333333333,0.0,37.24500000000023,7050.0,7800.0,632.9503931666667,0.0,0.0
2025-01-16,10,warmup,0.4312,658.57385,0.0,635.8463333333333,0.0,635.8463333333333,22.727516666666702,0.0,0.0,0.0,7800.0,7800.0,274.17693893333336,49.000525933333414,0.0
2025-01-16,11,warmup,0.4333,653.84325,0.0,641.68255,0.0,641.68255,12.16070000000002,0.0,-0.0,0.0,7800.0,7800.0,278.04104891500003,26.346156550000043,0.0
2025-01-16,12,warmup,0.4311,594.715,0.0,659.4066666666666,0.0,1492.74,0.0,833.3333333333333,0.0,64.69166666666672,7800.0,8550.0,643.520214,0.0,0.0
2025-01-16,13,warmup,0.4293,640.4675166666667,0.0,661.5856,0.0,1494.9189333333334,0.0,833.3333333333333,0.0,21.118083333333402,8550.0,9300.0,641.76869808,0.0,0.0
2025-01-16,14,warmup,0.4324,683.9615833333334,0.0,646.9661,0.0,646.9661,36.99548333333337,0.0,-0.0,0.0,9300.0,9300.0,279.74814164,79.98423496666673,0.0
2025-01-16,15,warmup,0.4367,674.1283333333333,0.0,636.9616666666667,0.0,636.9616666666667,37.16666666666663,0.0,-0.0,0.0,9300.0,9300.0,278.16115983333333,81.15341666666659,0.0
2025-01-16,16,warmup,0.4348,672.4852666666667,0.0,652.3050833333333,0.0,652.3050833333333,20.18018333333339,0.0,-0.0,0.0,9300.0,9300.0,283.6222502333333,43.871718566666786,0.0
2025-01-16,17,warmup,0.4335,689.0236833333333,0.0,650.74815,0.0,650.74815,38.27553333333333,0.0,-0.0,0.0,9300.0,9300.0,282.099323025,82.96221849999999,0.0
2025-01-16,18,warmup,0.4357,692.2783333333333,0.0,640.5066666666667,0.0,640.5066666666667,51.77166666666665,0.0,-0.0,0.0,9300.0,9300.0,279.0687546666666,112.78457583333328,0.0
2025-01-16,19,warmup,0.4374,654.2623666666667,0.0,672.9660833333334,0.0,672.9660833333334,0.0,0.0,0.0,18.70371666666665,9300.0,9300.0,294.35536485,0.0,0.0
2025-01-16,20,warmup,0.4371,663.99055,0.0,707.8384500000001,0.0,707.8384500000001,0.0,0.0,0.0,43.847900000000095,9300.0,9300.0,309.39618649500005,0.0,0.0
2025-01-16,21,warmup,0.4356,710.125,0.0,708.0066666666667,0.0,708.0066666666667,2.1183333333333394,0.0,-0.0,0.0,9300.0,9300.0,308.40770399999997,4.613730000000013,0.0
2025-01-16,22,warmup,0.4353,692.4751166666666,0.0,678.3172166666667,0.0,678.3172166666667,14.157899999999927,0.0,-0.0,0.0,9300.0,9300.0,295.27148441500003,30.81466934999984,0.0
2025-01-16,23,warmup,0.436,671.6990166666667,0.0,680.6562833333334,0.0,680.6562833333334,0.0,0.0,0.0,8.95726666666667,9300.0,9300.0,296.76613953333333,0.0,0.0
2025-01-16,24,warmup,0.4378,673.915,0.0,710.3466666666667,0.0,710.3466666666667,0.0,0.0,0.0,36.43166666666673,9300.0,9300.0,310.9897706666667,0.0,0.0
2025-01-16,25,warmup,0.4401,666.2950333333333,0.0,705.1456333333334,0.0,705.1456333333334,0.0,0.0,0.0,38.8506000000001,9300.0,9300.0,310.33459323000005,0.0,0.0
2025-01-16,26,warmup,0.4389,682.2612166666667,0.0,693.1804666666667,0.0,693.1804666666667,0.0,0.0,0.0,10.919250000000034,9300.0,9300.0,304.23690682,0.0,0.0
2025-01-16,27,warmup,0.4364,711.5983333333334,0.0,692.3333333333334,0.0,692.3333333333334,19.264999999999986,0.0,-0.0,0.0,9300.0,9300.0,302.1342666666667,42.03622999999997,0.0
2025-01-16,28,warmup,0.4393,706.8581166666667,0.0,691.5618666666666,0.0,691.5618666666666,15.2962500000001,0.0,-0.0,0.0,9300.0,9300.0,303.8031280266666,33.59821312500023,0.0
2025-01-16,29,warmup,0.4422,712.7656999999999,0.0,698.3777,0.0,698.3777,14.38799999999992,0.0,-0.0,0.0,9300.0,9300.0,308.82261894,31.81186799999982,0.0
2025-01-16,30,warmup,0.4395,728.5483333333333,0.0,710.7800000000001,0.0,710.7800000000001,17.768333333333203,0.0,-0.0,0.0,9300.0,9300.0,312.38781000000006,39.04591249999971,0.0
2025-01-16,31,warmup,0.4333,708.3519833333334,0.0,718.7302166666667,0.0,718.7302166666667,0.0,10.378233333333355,0.0,0.0,9300.0,9309.34041,311.4258028816667,0.0,0.0
2025-01-16,32,warmup,0.4439,700.0168333333332,0.0006166666666666,735.6534833333334,0.00035,735.6531333333334,0.0,35.636916666666785,0.0,0.0,9309.34041,9341.413635,326.5564258866667,0.0,3.552713678800501e-14
2025-01-16,33,warmup,0.4301,711.215,0.0,724.77,0.0,1558.1033333333335,0.0,787.3181833333324,0.0,59.570150000001036,9341.413635,10050.0,670.1402436666667,0.0,0.0
2025-01-16,34,warmup,0.3713,714.5808833333334,0.0,657.20925,0.0,1490.5425833333334,57.37163333333342,833.3333333333334,0.0,0.0,10050.0,10800.0,553.4384611916668,106.5104372833335,0.0
2025-01-16,35,warmup,0.5708,793.5419,0.0084999999999999,745.7387833333333,0.004816666666666666,745.7339666666667,47.79943333333338,0.0,-0.0,0.0,10800.0,10800.0,425.6649481733333,136.41958273333347,0.0
2025-01-16,36,warmup,0.9099,912.8583333333332,0.0,924.7166666666667,0.0,924.7166666666667,0.0,0.0,-0.0,11.858333333333462,10800.0,10800.0,841.3996950000001,0.0,0.0
2025-01-16,37,warmup,0.9368,939.9650333333334,0.0,909.3155833333334,0.0,234.3155833333335,30.649449999999888,0.0,675.0,0.0,10800.0,10050.0,219.50683846666684,143.56202379999948,0.0
2025-01-16,38,warmup,0.8758,937.5749166666666,0.1184833333333333,885.5596333333333,0.067,885.4926333333333,51.963799999999964,0.0,-0.0,0.0,10050.0,10050.0,775.5144482733333,227.54948019999986,0.0
2025-01-16,39,warmup,0.8759,934.4366666666666,0.0,929.8933333333333,0.0,929.8933333333333,4.543333333333294,0.0,-0.0,0.0,10050.0,10050.0,814.4935706666666,19.897528333333163,0.0
2025-01-16,40,warmup,0.8601,899.2186333333334,0.0,923.5810166666666,0.0,923.5810166666666,0.0,0.0,0.0,24.36238333333324,10050.0,10050.0,794.3720324349999,0.0,0.0
2025-01-16,41,warmup,0.8442,894.3400666666666,2.252933333333333,890.5133999999999,1.4877166666666666,889.0256833333333,3.06145000000002,0.0,-0.0,0.0,10050.0,10050.0,750.5154818699999,12.922380450000086,0.0
2025-01-16,42,warmup,0.8334,926.3433333333334,16.275000000000002,875.8850000000001,14.975,860.9100000000001,49.158333333333275,0.0,-0.0,0.0,10050.0,10050.0,717.4823940000001,204.84277499999973,0.0
2025-01-16,43,warmup,0.8092,937.8076666666666,47.76085,895.7419,50.04215,845.69975,44.3470666666666,0.0,-0.0,0.0,10050.0,10050.0,684.3402377,179.42823173333306,0.0
2025-01-16,44,warmup,0.7972,934.8981666666668,88.89581666666668,916.9153333333334,94.42913333333333,822.4862,23.51615000000011,0.0,-0.0,0.0,10050.0,10050.0,655.6859986400001,93.73537390000044,0.0
2025-01-16,45,warmup,0.7644,905.7433333333332,131.82500000000002,889.8633333333333,139.88750000000002,749.9758333333333,23.94249999999991,0.0,-0.0,0.0,10050.0,10050.0,573.281527,91.50823499999966,0.0
2025-01-16,46,warmup,0.6899,854.9562999999999,173.47975,824.3265,186.65878333333333,1471.00105,43.80883333333327,833.3333333333334,0.0,0.0,10050.0,10800.0,1014.843624395,151.11857058333308,0.0
2025-01-16,47,warmup,0.86,978.5328666666666,215.77241666666663,966.80785,230.75015,736.0577000000001,26.702749999999867,0.0,0.0,0.0,10800.0,10800.0,633.009622,114.82182499999942,1.1368683772161603e-13
2025-01-16,48,warmup,1.1617,1206.39,260.49375000000003,1227.46,274.6125,119.51416666666671,0.0,0.0,826.3820833333334,0.0,10800.0,9881.797685185185,138.83960741666672,0.0,0.0
2025-01-16,49,warmup,1.1683,1254.06675,305.51286666666664,1251.2875666666666,327.1257,90.82853333333321,24.392016666666564,0.0,833.3333333333334,0.0,9881.797685185185,8955.87175925926,106.11497549333318,142.48596535833272,-2.2737367544323206e-13
2025-01-16,50,warmup,1.0956,1231.028,339.3194833333333,1197.7863333333332,391.51206666666667,0.0,58.375183333333325,0.0,833.3333333333334,0.0,8955.87175925926,8029.945833333334,0.0,319.77925429999993,0.0
2025-01-16,51,warmup,1.0849,1216.9416666666666,370.7,1194.0716666666667,448.09375,0.0,12.90833333333319,0.0,833.3333333333334,0.0,8029.945833333334,7104.019907407408,0.0,70.02125416666588,0.0
2025-01-16,52,warmup,1.061,1186.4278,422.60355,1205.3559333333333,470.7354666666667,0.0,0.0,0.0,763.8242499999999,0.0,7104.019907407408,6255.326296296297,0.0,0.0,0.0
2025-01-16,53,warmup,1.043,1214.3366833333332,484.2694166666667,1211.0691,491.75441666666666,0.0,0.0,0.0,730.0672666666665,0.0,6255.326296296297,5444.140444444445,0.0,0.0,0.0
2025-01-16,54,warmup,1.036,1253.9733333333334,539.59375,1205.7566666666667,528.1374999999999,0.0,0.0,0.0,714.3795833333334,0.0,5444.140444444445,4650.385351851853,0.0,0.0,0.0
2025-01-16,55,warmup,1.0147,1185.5408333333332,580.2057833333333,1196.86125,568.54715,0.0,0.0,0.0,605.3350499999999,0.0,4650.385351851853,3977.7908518518525,0.0,0.0,0.0
2025-01-16,56,warmup,0.9922,1178.7671,614.9460833333334,1203.06635,609.60545,0.0,0.0,0.0,563.8210166666667,0.0,3977.7908518518525,3351.323055555556,0.0,0.0,0.0
2025-01-16,57,warmup,0.97,1243.7733333333333,648.06875,1214.5616666666667,662.6125000000001,0.0,0.0,0.0,595.7045833333333,0.0,3351.323055555556,2689.4290740740744,0.0,0.0,0.0
2025-01-16,58,warmup,0.9422,1219.6558,675.8628333333334,1205.7861666666665,735.2740333333333,470.5121333333333,73.28083333333336,0.0,0.0,0.0,2689.4290740740744,2689.4290740740744,443.3165320266666,345.2260058333335,0.0
2025-01-16,59,warmup,0.9569,1190.8384833333332,698.667,1210.33085,774.9026166666666,262.8019499999979,229.3695333333353,0.0,0.0,0.0,2689.4290740740744,2689.4290740740744,251.47518595499795,1097.4185322333426,0.0
2025-01-16,60,warmup,0.9977,1191.1633333333332,729.28125,1217.02,791.1687499999999,0.0,0.0,0.0,461.8820833333332,0.0,2689.4290740740744,2176.22675925926,0.0,0.0,0.0
2025-01-16,61,warmup,0.9919,1163.6018666666666,779.7632,1182.6364,842.9839333333333,0.0,0.0,0.0,383.83866666666665,0.0,2176.22675925926,1749.7393518518525,0.0,0.0,0.0
2025-01-16,62,warmup,0.9588,1144.0078166666667,815.7461,1171.4165666666665,878.5017666666666,0.0,118.25416666666618,0.0,210.00755000000058,0.0,1749.7393518518525,1516.3976296296296,0.0,566.9104749999976,0.0
2025-01-16,63,warmup,0.9549,1157.1933333333334,835.53125,1184.78,877.53125,307.24875,14.413333333333412,0.0,-0.0,0.0,1516.3976296296296,1516.3976296296296,293.391831375,68.81646000000038,0.0
2025-01-16,64,warmup,0.9839,1183.883916666667,871.4816999999999,1160.7840333333334,876.0261666666667,0.0,27.644350000000316,0.0,284.75786666666664,0.0,1516.3976296296296,1200.0,0.0,135.99637982500155,0.0
2025-01-16,65,warmup,0.799,1173.8569666666667,914.9906833333332,1143.33815,892.6540333333334,250.68411666666668,8.18216666666683,0.0,-0.0,0.0,1200.0,1200.0,200.2966092166667,32.68775583333399,0.0
2025-01-16,66,warmup,0.5025,1145.0166666666669,955.3375,1157.0883333333334,916.63125,1073.7904166666667,0.0,833.3333333333334,0.0,50.77791666666644,1200.0,1950.0,539.5796843749999,0.0,1.1368683772161603e-13
2025-01-16,67,warmup,0.4662,1159.36635,987.8862833333332,1178.5028666666667,924.6773666666667,1087.1588333333334,0.0,833.3333333333333,0.0,82.34543333333329,1950.0,2700.0,506.83344810000006,0.0,1.1368683772161603e-13
2025-01-16,68,warmup,0.5007,1157.241166666667,998.6749,1179.8953166666668,940.3977,1072.83095,0.0,833.3333333333333,0.0,80.93134999999984,2700.0,3450.0,537.166456665,0.0,0.0
2025-01-16,69,warmup,0.4827,1134.84,989.50625,1171.2483333333332,976.6687499999999,1027.9129166666667,0.0,833.3333333333333,0.0,49.24583333333351,3450.0,4200.0,496.173564875,0.0,-1.1368683772161603e-13
2025-01-16,70,warmup,0.4785,1149.0000333333337,980.0702666666666,1179.6424666666667,1015.5962666666666,997.3795333333335,4.883566666666866,833.3333333333333,0.0,0.0,4200.0,4950.0,477.24610670000004,11.683933250000477,0.0
2025-01-16,71,warmup,0.4662,1152.70115,988.04815,1151.9896833333335,1010.3395666666667,974.9834500000002,23.002883333333216,833.3333333333333,0.0,0.0,4950.0,5700.0,454.5372843900001,53.619721049999725,0.0
2025-01-16,72,warmup,0.4432,1118.1833333333334,1012.4125,1110.6933333333334,981.225,962.8016666666667,0.0,833.3333333333333,0.0,23.697500000000105,5700.0,6450.0,426.7136986666667,0.0,-1.1368683772161603e-13
2025-01-16,73,warmup,0.4411,1071.9837333333332,1033.2191333333333,1131.4048500000001,994.0265833333333,970.7116000000002,0.0,833.3333333333333,0.0,98.61366666666697,6450.0,7200.0,428.1808867600001,0.0,1.1368683772161603e-13
2025-01-16,74,warmup,0.4551,1069.39345,1028.39155,1123.8438666666666,1002.2950999999999,954.8821,0.0,833.3333333333333,0.0,80.5468666666668,7200.0,7950.0,434.56684371,0.0,0.0
2025-01-16,75,warmup,0.4463,1088.0266666666666,1009.8375,1066.3999999999999,989.90625,909.8270833333332,1.6954166666666879,833.3333333333333,0.0,0.0,7950.0,8700.0,406.0558272916666,3.783322291666714,0.0
2025-01-16,76,warmup,0.4113,1060.69105,1007.2538333333332,1037.0257166666668,989.1074166666667,881.2516333333334,5.5189166666665415,833.3333333333333,0.0,0.0,8700.0,9450.0,362.45879679,11.349652124999741,0.0
2025-01-16,77,warmup,0.5682,1072.7609166666666,987.1761833333334,1065.3875666666665,988.84875,909.8721499999999,9.045916666666585,833.3333333333333,0.0,0.0,9450.0,10200.0,516.98935563,25.69944924999977,0.0
2025-01-16,78,warmup,0.8279,1120.3933333333332,967.3125,1129.0049999999999,966.5749999999999,162.42999999999995,0.0,0.0,0.0,9.349166666666747,10200.0,10200.0,134.47579699999994,0.0,-1.1368683772161603e-13
2025-01-16,79,warmup,0.8636,1113.1078333333332,999.6104833333334,1169.4396166666668,910.4545666666667,258.9850500000001,0.0,0.0,0.0,145.48770000000025,10200.0,10200.0,223.65948918000012,0.0,1.1368683772161603e-13
2025-01-16,80,warmup,0.8416,1122.4701333333337,1007.5572333333332,1143.2497,850.8616166666667,292.3880833333334,0.0,0.0,0.0,177.4751833333329,10200.0,10200.0,246.0738109333334,0.0,1.1368683772161603e-13
2025-01-16,81,warmup,0.8618,1158.52,971.40625,1088.835,810.275,278.56000000000006,0.0,0.0,0.0,91.44625000000008,10200.0,10200.0,240.06300800000005,0.0,-1.1368683772161603e-13
2025-01-16,82,warmup,0.8623,1153.8264833333333,946.4482,1091.8318,788.1631333333333,303.6686666666666,0.0,0.0,0.0,96.29038333333335,10200.0,10200.0,261.8534912666666,0.0,1.1368683772161603e-13
2025-01-16,83,warmup,0.9026,1142.3772333333334,929.30215,1117.1900833333334,766.4114833333333,350.7786000000001,0.0,0.0,0.0,137.7035166666667,10200.0,10200.0,316.6127643600001,0.0,0.0
2025-01-16,84,warmup,0.9754,1128.05,893.3312500000001,1122.2416666666666,737.9625,0.0,0.0,0.0,234.7187499999999,0.0,10200.0,9939.201388888889,0.0,0.0,0.0
2025-01-16,85,warmup,1.0002,1084.1776666666667,821.5127666666667,1101.2202333333332,710.7455333333334,0.0,0.0,0.0,262.6649,0.0,9939.201388888889,9647.3515,0.0,0.0,0.0
2025-01-16,86,warmup,0.9978,1083.0568166666667,763.4274333333333,1099.5821666666668,691.0889666666667,0.0,0.0,0.0,319.6293833333334,0.0,9647.3515,9292.207740740741,0.0,0.0,0.0
2025-01-16,87,warmup,1.0271,1102.6416666666669,733.8562499999999,1112.595,672.275,0.0,0.0,0.0,368.78541666666695,0.0,9292.207740740741,8882.446166666667,0.0,0.0,0.0
2025-01-16,88,warmup,1.0906,1050.7556333333334,700.92585,1095.6596666666667,639.9993000000001,0.0,0.0,0.0,349.82978333333347,0.0,8882.446166666667,8493.746407407407,0.0,0.0,0.0
2025-01-16,89,warmup,0.9376,1028.3424833333331,652.91165,1092.3110166666668,599.6563333333334,0.00013375054606367166,0.0,0.0,375.43069958278716,0.0,8493.746407407407,8076.601185648755,0.00012540451198929855,0.0,2.2737367544323206e-13
2025-01-16,90,warmup,0.6694,1068.1516666666666,598.00625,1092.6266666666668,564.6875,1361.2725,0.0,17.502407407407897,0.0,873.6246759259255,8076.601185648755,8092.353352315422,911.2358115000001,0.0,-1.1368683772161603e-13
2025-01-16,91,warmup,0.66,1095.032,550.5675833333333,1045.0969333333335,541.8687,1336.5615666666667,41.23618333333309,833.3333333333333,0.0,0.0,8092.353352315422,8842.353352315422,882.1306340000001,136.0794049999992,0.0
2025-01-16,92,warmup,0.7217,1075.5811,493.4492166666666,1032.0354333333332,501.01635000000005,1364.3524166666666,51.11280000000011,833.3333333333333,0.0,0.0,8842.353352315422,9592.353352315422,984.6531391083333,184.4405388000004,0.0
2025-01-16,93,warmup,0.7308,1037.993333333333,426.25,1066.5766666666666,440.05,1459.8600000000001,0.0,833.3333333333333,0.0,14.783333333333758,9592.353352315422,10342.353352315422,1066.865688,0.0,0.0
2025-01-16,94,warmup,0.7534,1039.25035,369.4311333333333,1075.9077666666667,386.8847166666667,1197.5193252050872,0.0,508.4962752050857,0.0,19.203833333334728,10342.353352315422,10800.0,902.2110596095126,0.0,0.0
2025-01-16,95,warmup,0.7823,1053.4327833333334,327.28878333333336,1057.7969833333334,340.10565,717.6913333333334,8.452666666665642,0.0,9.88275711266695e-13,0.0,10800.0,10799.999999999998,561.4499300666668,33.06260566666266,0.0
2025-01-16,96,warmup,0.8055,1065.4383333333333,288.425,1039.7683333333332,294.90625,744.8620833333332,32.1512500000006,0.0,-5.423043958341367e-13,0.0,10799.999999999998,10799.999999999998,599.9864081249999,129.48915937500243,0.0
2025-01-16,97,warmup,0.8271,1081.3271,237.46400000000003,1049.137,250.40318333333335,798.7338166666666,45.129283333333795,0.0,-4.4433789980757863e-13,0.0,10799.999999999998,10799.999999999998,660.6327397649999,186.63215122500188,0.0
2025-01-16,98,warmup,0.8519,1066.1682,187.97323333333333,1068.7731,204.10495,864.6681500000001,13.526816666667596,0.0,-9.335496958806642e-13,0.0,10799.999999999998,10800.0,736.6107969850001,57.617475591670626,0.0
2025-01-16,99,warmup,0.8791,1036.3216666666667,145.69375,1076.77,155.45000000000002,921.3199999999999,0.0,0.0,-4.028777311759768e-14,30.692083333333176,10800.0,10800.0,809.9324119999999,0.0,-4.618527782440651e-14
2025-01-16,100,warmup,0.9024,1048.8946833333332,102.5988,1066.2334,105.90393333333333,960.3294666666668,0.0,0.0,-3.741007503776928e-14,14.033583333333558,10800.0,10800.0,866.6013107200001,0.0,2.3092638912203256e-14
2025-01-16,101,warmup,0.9163,1076.2546333333332,56.79583333333333,1063.0829166666667,55.979899999999994,1007.1030166666667,12.35578333333296,0.0,2.5456928232081563e-13,0.0,10800.0,10800.0,922.8084941716667,56.60802134166496,0.0
2025-01-16,102,warmup,0.9264,1065.1916666666666,18.4625,1069.1833333333334,16.35625,1052.8270833333333,0.0,0.0,-0.0,6.097916666666741,10800.0,10800.0,975.33901,0.0,9.237055564881302e-14
2025-01-16,103,warmup,0.9462,996.28205,2.243183333333333,1060.4871666666666,1.4994666666666667,1058.9877,0.0,0.0,-0.0,64.94883333333321,10800.0,10800.0,1002.01416174,0.0,-7.105427357601002e-14
2025-01-16,104,warmup,0.9742,993.4858,0.0,1039.3981833333335,0.0,1039.3981833333335,0.0,0.0,-0.0,45.91238333333342,10800.0,10800.0,1012.5817102033334,0.0,0.0
2025-01-16,105,warmup,0.9862,1066.2733333333333,0.0,1046.0266666666666,0.0,1046.0266666666666,20.246666666666442,0.0,-0.0,0.0,10800.0,10800.0,1031.5914986666667,99.83631333333223,-2.2737367544323206e-13
2025-01-16,106,warmup,0.976,1079.5379833333334,0.1119666666666666,1091.8651666666667,0.06416666666666666,1091.801,0.0,0.0,-0.0,12.374983333333212,10800.0,10800.0,1065.5977759999998,0.0,-6.394884621840902e-14
2025-01-16,107,warmup,1.0742,930.2628333333332,0.0,965.6812833333333,0.0,965.6812833333333,0.0,0.0,1.8417267710901796e-13,35.418450000000306,10800.0,10800.0,1037.3348345566667,0.0,4.263256414560601e-14
2025-01-16,108,warmup,1.2313,727.4200000000001,0.0,734.79,0.0,734.79,0.0,0.0,1.8417267710901796e-13,7.370000000000075,10800.0,10800.0,904.746927,0.0,4.3520742565306136e-14
2025-01-16,109,warmup,1.2561,697.9706166666666,0.0080333333333333,694.8607499999999,0.0046,694.85615,3.1064333333318603,0.0,1.464418337569946e-12,0.0,10800.0,10799.999999999998,872.808810015,19.50995454999075,0.0
2025-01-16,110,warmup,1.2447,735.9949499999999,0.0,722.4920666666667,0.0,722.4920666666667,13.502883333334289,0.0,-1.0679559726790507e-12,0.0,10799.999999999998,10800.0,899.28587538,84.03519442500594,0.0
2025-01-16,111,warmup,1.2545,750.6783333333333,0.0,717.2633333333333,0.0,717.2633333333333,33.414999999999004,0.0,9.563905223330946e-13,0.0,10800.0,10799.999999999998,899.8068516666666,209.59558749999374,0.0
2025-01-16,112,warmup,1.2522,748.7222,0.0005833333333333,707.6481,0.0003333333333333333,707.6477666666667,41.07385,0.0,0.0,0.0,10799.999999999998,10799.999999999998,886.11653342,257.16337485,0.0
2025-01-16,113,warmup,1.2881,726.16315,0.0,711.4607500000001,0.0,347.64681666666814,14.70240000000075,0.0,363.8139333333311,0.0,10799.999999999998,10395.762296296298,447.80386454833524,94.69080720000484,0.0
2025-01-16,114,warmup,1.3466,708.585,0.0,730.2233333333334,0.0,0.0,0.0,0.0,708.585,0.0,10395.762296296298,9608.44562962963,0.0,0.0,0.0
2025-01-16,115,warmup,1.3523,734.0395666666667,0.0,749.2222,0.0,0.0,0.0,0.0,734.0395666666667,0.0,9608.44562962963,8792.846111111112,0.0,0.0,0.0
2025-01-16,116,warmup,1.3445,758.7002666666667,0.0,739.8300333333333,0.0,0.0,0.0,0.0,758.7002666666667,0.0,8792.846111111112,7949.845814814816,0.0,0.0,0.0
2025-01-16,117,warmup,1.3483,752.5583333333334,0.0,722.305,0.0,0.0,0.0,0.0,752.5583333333334,0.0,7949.845814814816,7113.66988888889,0.0,0.0,0.0
2025-01-16,118,warmup,1.349,728.09315,0.0,743.1292666666667,0.0,0.0,0.0,0.0,728.09315,0.0,7113.66988888889,6304.677500000001,0.0,0.0,0.0
2025-01-16,119,warmup,1.3473,727.0870166666667,0.0,748.2340333333333,0.0,0.0,0.0,0.0,727.0870166666667,0.0,6304.677500000001,5496.803037037038,0.0,0.0,0.0
2025-01-16,120,warmup,1.3482,751.9499999999999,0.0,736.8616666666667,0.0,0.0,0.0,0.0,751.9499999999999,0.0,5496.803037037038,4661.303037037038,0.0,0.0,0.0
2025-01-16,121,warmup,1.3513,763.3121333333333,0.0,764.5076833333333,0.0,0.0,0.0,0.0,763.3121333333333,0.0,4661.303037037038,3813.178444444445,0.0,0.0,0.0
2025-01-16,122,warmup,1.34,741.8044333333333,0.0,796.3999833333334,0.0,0.0,0.0,0.0,741.8044333333333,0.0,3813.178444444445,2988.951296296297,0.0,0.0,0.0
2025-01-16,123,warmup,1.3489,715.7083333333334,0.0,792.8000000000001,0.0,0.0,0.0,0.0,715.7083333333334,0.0,2988.951296296297,2193.7198148148154,0.0,0.0,0.0
2025-01-16,124,warmup,1.3952,733.7681166666666,0.0,752.6728666666667,0.0,0.0,0.0,0.0,733.7681166666666,0.0,2193.7198148148154,1378.421907407408,0.0,0.0,0.0
2025-01-16,125,warmup,1.2226,759.1978,0.0,751.1731833333333,0.0,751.1731833333333,0.0,0.0,8.024616666666633,0.0,1378.421907407408,1369.5056666666674,918.3843339433332,0.0,-1.1368683772161603e-13
2025-01-16,126,warmup,0.9332,760.2783333333333,0.0,774.2233333333334,0.0,774.2233333333334,0.0,0.0,0.0,13.945000000000071,1369.5056666666674,1369.5056666666674,722.5052146666667,0.0,-2.1316282072803006e-14
2025-01-16,127,warmup,0.9068,739.4905333333332,0.0,742.54675,0.0,742.54675,0.0,0.0,0.0,3.056216666666705,1369.5056666666674,1369.5056666666674,673.3413929,0.0,2.3092638912203256e-14
2025-01-16,128,warmup,0.9371,727.8466,0.0,742.8491166666666,0.0,742.8491166666666,0.0,0.0,0.0,15.00251666666668,1369.5056666666674,1369.5056666666674,696.1239072283333,0.0,0.0
2025-01-16,129,warmup,0.9371,749.1466666666666,0.0,778.7483333333333,0.0,778.7483333333333,0.0,0.0,0.0,29.601666666666688,1369.5056666666674,1369.5056666666674,729.7650631666667,0.0,0.0
2025-01-16,130,warmup,0.9871,779.7671833333334,0.0,752.3233833333334,0.0,752.3233833333334,0.0,0.0,27.44380000000003,0.0,1369.5056666666674,1339.0125555555562,742.6184116883334,0.0,0.0
2025-01-16,131,warmup,0.7764,674.22085,0.0,664.3000499999999,0.0,664.3000499999999,0.0,0.0,9.920800000000009,0.0,1339.0125555555562,1327.989444444445,515.76255882,0.0,-1.1368683772161603e-13
2025-01-16,132,warmup,0.4209,521.3916666666667,0.0,580.5366666666666,0.0,580.5366666666666,0.0,0.0,0.0,59.14499999999982,1327.989444444445,1327.9894444444453,244.347883,0.0,1.6342482922482304e-13
2025-01-16,133,warmup,0.3859,564.4336166666667,0.0,573.7712166666666,0.0,573.7712166666666,0.0,0.0,0.0,9.337599999999679,1327.9894444444453,1327.9894444444453,221.41831251166667,0.0,2.7355895326763857e-13
2025-01-16,134,warmup,0.4368,614.1435,0.0,589.6589333333333,0.0,589.6589333333333,0.0,0.0,24.484566666666794,0.0,1327.9894444444453,1300.784370370371,257.56302208,0.0,0.0
2025-01-16,135,warmup,0.4198,581.77,0.0,581.5666666666667,0.0,581.5666666666667,0.0,0.0,0.20333333333323933,0.0,1300.784370370371,1300.5584444444453,244.1416866666667,0.0,0.0
2025-01-16,136,warmup,0.4186,567.621,0.0,551.2475499999999,0.0,551.2475499999999,0.0,0.0,16.37345000000007,0.0,1300.5584444444453,1282.365722222223,230.75222442999998,0.0,0.0
2025-01-16,137,warmup,0.4241,581.6968333333333,0.0,533.1689333333334,0.0,533.1689333333334,0.0,0.0,48.527899999999974,0.0,1282.365722222223,1228.4458333333341,226.11694462666668,0.0,0.0
2025-01-16,138,warmup,0.4237,592.1416666666667,0.0,542.6066666666667,0.0,542.6066666666667,23.93374999999926,0.0,25.601250000000707,0.0,1228.4458333333341,1200.0,229.9024446666667,50.703649374998434,0.0
2025-01-16,139,warmup,0.4248,573.2504666666667,0.0,565.7428,0.0,565.7428,7.507666666666751,0.0,-0.0,0.0,1200.0,1200.0,240.32754144,15.94628400000018,0.0
2025-01-16,140,warmup,0.424,588.03735,0.0,581.1533333333333,0.0,581.1533333333333,6.884016666666639,0.0,-0.0,0.0,1200.0,1200.0,246.40901333333332,14.594115333333276,0.0
2025-01-16,141,warmup,0.422,637.5533333333334,0.0,589.5483333333333,0.0,589.5483333333333,48.00500000000011,0.0,-0.0,0.0,1200.0,1200.0,248.78939666666665,101.29055000000022,0.0
2025-01-16,142,warmup,0.424,645.6154,0.0,603.82045,0.0,603.82045,41.79494999999997,0.0,-0.0,0.0,1200.0,1200.0,256.01987080000004,88.60529399999994,0.0
2025-01-16,143,warmup,0.4271,567.7601666666667,0.0,593.1068333333334,0.0,593.1068333333334,0.0,-0.0,0.0,25.346666666666692,1200.0,1200.0,253.31592851666667,0.0,0.0
2025-01-16,144,warmup,0.4276,444.33833333333337,0.0,571.6,0.0,571.6,0.0,-0.0,0.0,127.26166666666666,1200.0,1200.0,244.41616,0.0,0.0
2025-01-17,1,warmup,0.4248,376.2127666666667,0.0,587.8245166666667,0.0,1421.15785,0.0,833.3333333333334,0.0,211.61174999999992,1200.0,1950.0,603.7078546800001,0.0,0.0
2025-01-17,2,warmup,0.4245,399.6171,0.0,604.4712000000001,0.0,1437.8045333333334,0.0,833.3333333333313,0.0,204.85410000000218,1950.0,2699.999999999998,610.3480244,0.0,0.0
2025-01-17,3,warmup,0.4269,468.995,0.0,604.4316666666667,0.0,1437.765,0.0,833.3333333333333,0.0,135.43666666666684,2699.999999999998,3449.999999999998,613.7818785000001,0.0,0.0
2025-01-17,4,warmup,0.4272,492.8495833333333,0.0,606.8383166666666,0.0,1440.17165,0.0,833.3333333333333,0.0,113.98873333333336,3449.999999999998,4199.999999999998,615.2413288800001,0.0,0.0
2025-01-17,5,warmup,0.4271,457.38273333333336,0.0,607.9121833333334,0.0,1441.2455166666668,0.0,833.3333333333333,0.0,150.52945000000022,4199.999999999998,4949.999999999998,615.5559601683334,0.0,0.0
2025-01-17,6,warmup,0.4285,420.545,0.0,625.785,0.0,1459.1183333333333,0.0,833.3333333333333,0.0,205.24,4949.999999999998,5699.999999999998,625.2322058333333,0.0,0.0
2025-01-17,7,warmup,0.4311,451.5339833333333,0.0,675.8950333333333,0.0,1342.5617000000002,0.0,666.6666666666666,0.0,224.36105000000032,5699.999999999998,6299.999999999998,578.7783488700001,0.0,0.0
2025-01-17,8,warmup,0.4302,463.21575,0.0,657.8231833333333,0.0,1491.1565166666667,0.0,833.3333333333333,0.0,194.60743333333335,6299.999999999998,7049.999999999998,641.49553347,0.0,0.0
2025-01-17,9,warmup,0.4279,445.46,0.0,608.6233333333333,0.0,1441.9566666666667,0.0,833.3333333333333,0.0,163.1633333333334,7049.999999999998,7799.999999999998,617.0132576666667,0.0,0.0
2025-01-17,10,warmup,0.4312,470.9112666666667,0.0,658.57385,0.0,658.57385,0.0,187.66258333333332,0.0,0.0,7799.999999999998,7968.896324999998,283.97704412,0.0,0.0
2025-01-17,11,warmup,0.4333,480.5105833333334,0.0,653.84325,0.0,653.84325,0.0,173.33266666666663,0.0,0.0,7968.896324999998,8124.895724999998,283.31028022500004,0.0,0.0
2025-01-17,12,warmup,0.4311,467.70666666666665,0.0,594.715,0.0,1428.0483333333334,0.0,472.338083333334,0.0,488.0035833333327,8124.895724999998,8549.999999999998,615.6316365,0.0,0.0
2025-01-17,13,warmup,0.4293,486.57621666666665,0.0,640.4675166666667,0.0,1473.80085,0.0,833.3333333333333,0.0,153.89130000000023,8549.999999999998,9299.999999999998,632.702704905,0.0,0.0
2025-01-17,14,warmup,0.4324,490.0801166666667,0.0,683.9615833333334,0.0,683.9615833333334,0.0,0.0,0.0,193.88146666666665,9299.999999999998,9299.999999999998,295.7449886333333,0.0,0.0
2025-01-17,15,warmup,0.4367,478.5116666666667,0.0,674.1283333333333,0.0,674.1283333333333,0.0,0.0,0.0,195.61666666666662,9299.999999999998,9299.999999999998,294.39184316666666,0.0,0.0
2025-01-17,16,warmup,0.4348,500.5574333333333,0.0,672.4852666666667,0.0,672.4852666666667,0.0,0.0,0.0,171.9278333333334,9299.999999999998,9299.999999999998,292.3965939466667,0.0,0.0
2025-01-17,17,warmup,0.4335,507.27771666666666,0.0,689.0236833333333,0.0,689.0236833333333,0.0,0.0,0.0,181.74596666666667,9299.999999999998,9299.999999999998,298.691766725,0.0,0.0
2025-01-17,18,warmup,0.4357,494.0933333333333,0.0,692.2783333333333,0.0,692.2783333333333,0.0,0.0,0.0,198.185,9299.999999999998,9299.999999999998,301.6256698333333,0.0,0.0
2025-01-17,19,warmup,0.4374,509.24713333333335,0.0,654.2623666666667,0.0,654.2623666666667,0.0,0.0,0.0,145.01523333333336,9299.999999999998,9299.999999999998,286.17435918,0.0,0.0
2025-01-17,20,warmup,0.4371,534.38945,0.0,663.99055,0.0,663.99055,0.0,0.0,0.0,129.60109999999997,9299.999999999998,9299.999999999998,290.230269405,0.0,0.0
2025-01-17,21,warmup,0.4356,543.3266666666667,0.0,710.125,0.0,710.125,0.0,-0.0,0.0,166.7983333333333,9299.999999999998,9299.999999999998,309.33045,0.0,0.0
2025-01-17,22,warmup,0.4353,530.68945,0.0,692.4751166666666,0.0,692.4751166666666,0.0,0.0,0.0,161.78566666666666,9299.999999999998,9299.999999999998,301.434418285,0.0,0.0
2025-01-17,23,warmup,0.436,534.3720666666667,0.0,671.6990166666667,0.0,671.6990166666667,0.0,0.0,0.0,137.32695,9299.999999999998,9299.999999999998,292.8607712666667,0.0,0.0
2025-01-17,24,warmup,0.4378,562.975,0.0,673.915,0.0,673.915,0.0,0.0,0.0,110.93999999999994,9299.999999999998,9299.999999999998,295.039987,0.0,0.0
2025-01-17,25,warmup,0.4401,583.4893833333333,0.0,666.2950333333333,0.0,666.2950333333333,0.0,0.0,0.0,82.80565000000001,9299.999999999998,9299.999999999998,293.23644416999997,0.0,0.0
2025-01-17,26,warmup,0.4389,559.6822,0.0,682.2612166666667,0.0,682.2612166666667,0.0,0.0,0.0,122.57901666666669,9299.999999999998,9299.999999999998,299.444447995,0.0,0.0
2025-01-17,27,warmup,0.4364,527.635,0.0,711.5983333333334,0.0,711.5983333333334,0.0,0.0,0.0,183.96333333333337,9299.999999999998,9299.999999999998,310.5415126666667,0.0,0.0
2025-01-17,28,warmup,0.4393,560.4015,0.0,706.8581166666667,0.0,706.8581166666667,0.0,0.0,0.0,146.4566166666666,9299.999999999998,9299.999999999998,310.5227706516667,0.0,0.0
2025-01-17,29,warmup,0.4422,591.1446500000001,0.0,712.7656999999999,0.0,712.7656999999999,0.0,0.0,0.0,121.62104999999985,9299.999999999998,9299.999999999998,315.18499253999994,0.0,0.0
2025-01-17,30,warmup,0.4395,584.2333333333333,0.0,728.5483333333333,0.0,728.5483333333333,0.0,144.31499999999994,0.0,0.0,9299.999999999998,9429.883499999998,320.19699249999996,0.0,0.0
2025-01-17,31,warmup,0.4333,566.7357000000001,0.0,708.3519833333334,0.0,708.3519833333334,0.0,141.61628333333329,0.0,0.0,9429.883499999998,9557.338154999998,306.92891437833333,0.0,0.0
2025-01-17,32,warmup,0.4439,549.1604833333333,0.0007166666666666,700.0168333333332,0.0006166666666666667,700.0162166666665,0.0,150.85644999999988,0.0,0.0,9557.338154999998,9693.108959999998,310.7371985783333,0.0,0.0
2025-01-17,33,warmup,0.4301,549.7133333333334,0.0,711.215,0.0,1544.5483333333334,0.0,396.5456000000005,0.0,598.2893999999995,9693.108959999998,10049.999999999998,664.3102381666666,0.0,0.0
2025-01-17,34,warmup,0.3713,579.4430333333333,0.0,714.5808833333334,0.0,1547.9142166666668,0.0,833.3333333333333,0.0,135.13785000000018,10049.999999999998,10799.999999999998,574.7405486483334,0.0,0.0
2025-01-17,35,warmup,0.5708,574.3602999999999,0.0100833333333333,793.5419,0.008499999999999999,793.5334,0.0,0.0,-1.6370904631912707e-12,219.18318333333178,10799.999999999998,10800.0,452.94886472,0.0,5.684341886080802e-14
2025-01-17,36,warmup,0.9099,539.8566666666667,0.0,912.8583333333332,0.0,912.8583333333332,0.0,0.0,-0.0,373.00166666666655,10800.0,10800.0,830.6097974999999,0.0,0.0
2025-01-17,37,warmup,0.9368,544.4665833333333,0.0,939.9650333333334,0.0,264.9650333333335,0.0,0.0,279.50154999999984,0.0,10800.0,10489.442722222222,248.21924322666683,0.0,0.0
2025-01-17,38,warmup,0.8758,557.5819833333334,0.14055,937.5749166666666,0.11848333333333333,937.4564333333333,0.0,0.0,0.0,380.01499999999993,10489.442722222222,10489.442722222222,821.0243443133334,0.0,-5.684341886080802e-14
2025-01-17,39,warmup,0.8759,554.68,0.0,934.4366666666666,0.0,934.4366666666666,0.0,0.0,0.0,379.75666666666666,10489.442722222222,10489.442722222222,818.4730763333333,0.0,0.0
2025-01-17,40,warmup,0.8601,550.8620333333333,0.0,899.2186333333334,0.0,899.2186333333334,0.0,0.0,0.0,348.35660000000007,10489.442722222222,10489.442722222222,773.41794653,0.0,0.0
2025-01-17,41,warmup,0.8442,589.0881166666667,2.7070000000000003,894.3400666666666,2.2529333333333335,892.0871333333333,0.0,0.0,0.0,305.70601666666664,10489.442722222222,10489.442722222222,753.09995796,0.0,0.0
2025-01-17,42,warmup,0.8334,644.4333333333333,20.23125,926.3433333333334,16.275000000000002,910.0683333333334,0.0,0.0,0.0,285.8662500000001,10489.442722222222,10489.442722222222,758.450949,0.0,5.684341886080802e-14
2025-01-17,43,warmup,0.8092,646.6724833333334,59.57095,937.8076666666666,47.76085,890.0468166666666,0.0,0.0,0.0,302.9452833333332,10489.442722222222,10489.442722222222,720.2258840466666,0.0,5.684341886080802e-14
2025-01-17,44,warmup,0.7972,640.1483833333333,106.5477,934.8981666666667,88.89581666666668,846.0023500000001,0.0,0.0,0.0,312.4016666666668,10489.442722222222,10489.442722222222,674.4330734200001,0.0,-5.684341886080802e-14
2025-01-17,45,warmup,0.7644,647.9433333333333,151.9,905.7433333333333,131.82500000000002,773.9183333333333,0.0,0.0,0.0,277.875,10489.442722222222,10489.442722222222,591.583174,0.0,0.0
2025-01-17,46,warmup,0.6899,651.0206833333333,197.40436666666668,854.9562999999999,173.47975,1514.8098833333333,0.0,345.0636419753068,0.0,716.12992469136,10489.442722222222,10799.999999999998,1045.0673385116665,0.0,0.0
2025-01-17,47,warmup,0.86,663.3539666666667,247.04808333333332,978.5328666666666,215.77241666666666,762.7604499999999,0.0,0.0,-1.6370904631912707e-12,346.4545666666649,10799.999999999998,10800.0,655.9739869999999,0.0,5.684341886080802e-14
2025-01-17,48,warmup,1.1617,675.9016666666666,301.5,1206.39,260.49375000000003,112.56291666666664,0.0,0.0,261.83875,0.0,10800.0,10509.068055555555,130.76434029166663,0.0,0.0
2025-01-17,49,warmup,1.1683,660.73175,356.0339333333333,1254.06675,305.51286666666664,115.22054999999989,0.0,0.0,189.47726666666682,0.0,10509.068055555555,10298.53775925926,134.61216856499985,0.0,0.0
2025-01-17,50,warmup,1.0956,640.667,400.1174,1231.028,339.3194833333333,58.375183333333325,0.0,0.0,182.17441666666673,0.0,10298.53775925926,10096.12174074074,63.955850859999984,0.0,0.0
2025-01-17,51,warmup,1.0849,629.21,438.83125,1216.9416666666666,370.7,12.90833333333319,0.0,0.0,177.47041666666684,0.0,10096.12174074074,9898.932388888888,14.004250833333177,0.0,0.0
2025-01-17,52,warmup,1.061,629.6717333333333,487.4616666666666,1186.4278,422.60355,0.0,0.0,0.0,142.21006666666676,0.0,9898.932388888888,9740.921203703703,0.0,0.0,0.0
2025-01-17,53,warmup,1.043,689.7615333333333,534.67655,1214.3366833333332,484.2694166666667,0.0,0.0,0.0,155.0849833333333,0.0,9740.921203703703,9568.604555555556,0.0,0.0,0.0
2025-01-17,54,warmup,1.036,771.3816666666667,577.1999999999999,1253.9733333333334,539.59375,0.0,0.0,0.0,194.18166666666673,0.0,9568.604555555556,9352.847148148148,0.0,0.0,0.0
2025-01-17,55,warmup,1.0147,776.3566833333333,625.0233333333333,1185.5408333333332,580.2057833333333,0.0,0.0,0.0,151.33335,0.0,9352.847148148148,9184.698981481482,0.0,0.0,0.0
2025-01-17,56,warmup,0.9922,752.9481166666666,681.1773,1178.7671,614.9460833333334,0.0,0.0,0.0,71.77081666666663,0.0,9184.698981481482,9104.95362962963,0.0,0.0,0.0
2025-01-17,57,warmup,0.97,744.7583333333333,736.8125,1243.7733333333333,648.06875,0.0,0.0,0.0,7.945833333333326,0.0,9104.95362962963,9096.124925925926,0.0,0.0,0.0
2025-01-17,58,warmup,0.9422,751.2196166666666,775.3630166666667,1219.6558,675.8628333333334,543.7929666666666,0.0,0.0,0.0,567.9363666666667,9096.124925925926,9096.124925925926,512.3617331933333,0.0,0.0
2025-01-17,59,warmup,0.9569,764.0121666666668,790.9223666666667,1190.8384833333332,698.667,492.1714833333332,0.0,0.0,0.0,519.0816833333331,9096.124925925926,9096.124925925926,470.9588924016665,0.0,-1.1368683772161603e-13
2025-01-17,60,warmup,0.9977,763.8816666666667,817.225,1191.1633333333332,729.28125,0.0,0.0,0.0,0.0,53.34333333333336,9096.124925925926,9096.124925925926,0.0,0.0,0.0
2025-01-17,61,warmup,0.9919,738.6057166666666,895.9088833333334,1163.6018666666666,779.7632,0.0,0.0,0.0,0.0,157.3031666666668,9096.124925925926,9096.124925925926,0.0,0.0,0.0
2025-01-17,62,warmup,0.9588,738.6536333333333,955.5129,1144.0078166666667,815.7461,152.8497666666659,0.0,0.0,0.0,369.7090333333325,9096.124925925926,9096.124925925926,146.55235627999926,0.0,-1.1368683772161603e-13
2025-01-17,63,warmup,0.9549,755.5916666666667,958.51875,1157.1933333333334,835.53125,321.6620833333334,0.0,0.0,0.0,524.5891666666666,9096.124925925926,9096.124925925926,307.155123375,0.0,0.0
2025-01-17,64,warmup,0.9839,734.1440666666667,935.0578833333334,1183.8839166666667,871.4816999999999,0.0,0.0,0.0,0.0,200.91381666666666,9096.124925925926,9096.124925925926,0.0,0.0,0.0
2025-01-17,65,warmup,0.799,726.6918000000001,933.16575,1173.8569666666667,914.9906833333333,258.8662833333334,0.0,0.0,0.0,465.34023333333334,9096.124925925926,9096.124925925926,206.8341603833334,0.0,0.0
2025-01-17,66,warmup,0.5025,729.2816666666666,954.5125,1145.0166666666667,955.3375,1023.0125,0.0,0.0,0.0,1248.2433333333333,9096.124925925926,9096.124925925926,514.0637812499999,0.0,0.0
2025-01-17,67,warmup,0.4662,686.2932000000001,961.9275,1159.36635,987.8862833333333,1004.8134000000001,0.0,0.0,0.0,1280.4477000000002,9096.124925925926,9096.124925925926,468.44400708000006,0.0,0.0
2025-01-17,68,warmup,0.5007,668.1034,962.65075,1157.2411666666667,998.6749,991.8996000000001,0.0,0.0,0.0,1286.44695,9096.124925925926,9096.124925925926,496.6441297200001,0.0,0.0
2025-01-17,69,warmup,0.4827,695.3983333333334,956.49375,1134.84,989.50625,978.6670833333333,0.0,0.0,0.0,1239.7624999999998,9096.124925925926,9096.124925925926,472.402601125,0.0,0.0
2025-01-17,70,warmup,0.4785,716.4474166666668,937.4035833333334,1149.0000333333335,980.0702666666666,1002.2631000000002,0.0,0.0,0.0,1223.219266666667,9096.124925925926,9096.124925925926,479.5828933500001,0.0,0.0
2025-01-17,71,warmup,0.4662,718.8371000000001,948.8863666666666,1152.70115,988.04815,997.9863333333335,0.0,0.0,0.0,1228.0356000000002,9096.124925925926,9096.124925925926,465.2612286000001,0.0,0.0
2025-01-17,72,warmup,0.4432,712.8766666666667,971.7,1118.1833333333334,1012.4125,939.1041666666667,0.0,0.0,0.0,1197.9275000000002,9096.124925925926,9096.124925925926,416.2109666666667,0.0,0.0
2025-01-17,73,warmup,0.4411,709.3880833333333,946.0235166666666,1071.9837333333332,1033.2191333333333,872.0979333333333,0.0,0.0,0.0,1108.7333666666668,9096.124925925926,9096.124925925926,384.68239839333336,0.0,0.0
2025-01-17,74,warmup,0.4551,676.2895333333333,946.8049666666668,1069.39345,1028.39155,874.3352333333333,0.0,0.0,0.0,1144.8506666666667,9096.124925925926,9096.124925925926,397.90996469000004,0.0,2.2737367544323206e-13
2025-01-17,75,warmup,0.4463,639.1333333333333,985.5375,1088.0266666666666,1009.8375,911.5225,0.0,0.0,0.0,1257.9266666666667,9096.124925925926,9096.124925925926,406.81249175,0.0,0.0
2025-01-17,76,warmup,0.4113,659.5924,994.0101333333332,1060.6910500000001,1007.2538333333333,886.7705500000002,0.0,393.19452674897144,0.0,827.993756584362,9096.124925925926,9450.0,364.72872721500005,0.0,0.0
2025-01-17,77,warmup,0.5682,673.4614166666667,977.0920833333332,1072.7609166666666,987.1761833333334,918.9180666666666,0.0,833.3333333333333,0.0,389.2153999999998,9450.0,10200.0,522.12924548,0.0,0.0
2025-01-17,78,warmup,0.8279,666.3633333333333,958.91875,1120.3933333333332,967.3125,153.0808333333332,0.0,0.0,0.0,445.6362499999999,10200.0,10200.0,126.73562191666656,0.0,0.0
2025-01-17,79,warmup,0.8636,681.5246833333333,951.12275,1113.1078333333332,999.6104833333334,113.49734999999987,0.0,0.0,0.0,383.09541666666655,10200.0,10200.0,98.0163114599999,0.0,0.0
2025-01-17,80,warmup,0.8416,668.0419666666667,918.2442,1122.4701333333335,1007.5572333333333,114.91290000000015,0.0,0.0,0.0,365.11513333333346,10200.0,10200.0,96.71069664000012,0.0,0.0
2025-01-17,81,warmup,0.8618,633.7816666666666,872.11875,1158.52,971.40625,187.11374999999998,0.0,0.0,0.0,425.4508333333333,10200.0,10200.0,161.25462975,0.0,1.1368683772161603e-13
2025-01-17,82,warmup,0.8623,642.3919666666667,860.53965,1153.8264833333333,946.4481999999999,207.37828333333334,0.0,0.0,0.0,425.5259666666667,10200.0,10200.0,178.82229371833333,0.0,0.0
2025-01-17,83,warmup,0.9026,650.2510666666667,841.0417000000001,1142.3772333333334,929.30215,0.002647064474438413,0.0,0.0,0.0,190.79328039780785,10200.0,10200.0,0.0023892403946281114,0.0,0.0
2025-01-17,84,warmup,0.9754,641.0533333333334,797.6,1128.05,893.3312500000001,0.0,0.0,0.0,0.0,156.54666666666662,10200.0,10200.0,0.0,0.0,0.0
2025-01-17,85,warmup,1.0002,641.7311666666667,757.9667333333333,1084.1776666666667,821.5127666666667,0.0,0.0,0.0,0.0,116.23556666666661,10200.0,10200.0,0.0,0.0,0.0
2025-01-17,86,warmup,0.9978,633.9927166666666,726.6912833333334,1083.0568166666667,763.4274333333333,0.0,0.0,0.0,0.0,92.6985666666668,10200.0,10200.0,0.0,0.0,0.0
2025-01-17,87,warmup,1.0271,633.485,708.9,1102.6416666666667,733.8562499999999,0.0,0.0,0.0,0.0,75.41499999999996,10200.0,10200.0,0.0,0.0,0.0
2025-01-17,88,warmup,1.0906,672.4984000000001,703.4768833333333,1050.7556333333334,700.92585,0.0,0.0,0.0,0.0,30.9784833333332,10200.0,10200.0,0.0,0.0,0.0
2025-01-17,89,warmup,0.9376,671.6356333333333,659.8197666666666,1028.3424833333333,652.91165,0.0,0.0,0.0,11.815866666666693,0.0,10200.0,10186.87125925926,0.0,0.0,0.0
2025-01-17,90,warmup,0.6694,639.9733333333334,587.15625,1068.1516666666666,598.00625,1303.47875,0.0,0.0,0.0,1250.6616666666666,10186.87125925926,10186.87125925926,872.54867525,0.0,0.0
2025-01-17,91,warmup,0.66,661.0485333333334,543.01995,1095.032,550.5675833333333,1377.79775,0.0,0.0,0.0,1259.7691666666665,10186.87125925926,10186.87125925926,909.346515,0.0,2.2737367544323206e-13
2025-01-17,92,warmup,0.7217,653.4660333333334,491.5495666666666,1075.5811,493.44921666666664,1415.465216666667,0.0,0.0,0.0,1253.5487500000002,10186.87125925926,10186.87125925926,1021.5412468683336,0.0,0.0
2025-01-17,93,warmup,0.7308,603.0783333333333,429.39375,1037.9933333333333,426.25,1400.7945715253406,0.0,681.2541563785999,0.0,545.8558318134076,10186.87125925926,10800.0,1023.7006728707189,0.0,-2.2737367544323206e-13
2025-01-17,94,warmup,0.7534,584.6588666666667,393.0156666666667,1039.25035,369.4311333333333,669.8192166666668,0.0,0.0,-2.3021584638627244e-14,478.1760166666668,10800.0,10800.0,504.6417978366667,0.0,0.0
2025-01-17,95,warmup,0.7823,589.7957666666667,353.1442833333333,1053.4327833333334,327.28878333333336,726.144,0.0,0.0,-2.3021584638627248e-14,489.4925166666666,10800.0,10800.0,568.0624512,0.0,0.0
2025-01-17,96,warmup,0.8055,592.4433333333333,300.3,1065.4383333333333,288.425,777.0133333333333,0.0,0.0,-2.3021584638627248e-14,484.87000000000006,10800.0,10800.0,625.88424,0.0,-5.684341886080802e-14
2025-01-17,97,warmup,0.8271,580.4638166666667,254.02235,1081.3271,237.46400000000003,843.8630999999999,0.0,0.0,1.8417267710901796e-13,517.4216333333334,10800.0,10800.0,697.9591700099999,0.0,1.1368683772161603e-13
2025-01-17,98,warmup,0.8519,578.8598333333333,203.43091666666663,1066.1682,187.97323333333335,878.1949666666667,0.0,0.0,1.9568346942833156e-13,502.7660500000002,10800.0,10800.0,748.1342921033333,0.0,1.1368683772161603e-13
2025-01-17,99,warmup,0.8791,598.7466666666667,149.9625,1036.3216666666667,145.69375,890.6279166666667,0.0,0.0,1.8417267710901796e-13,441.84375000000017,10800.0,10800.0,782.9510015416666,0.0,5.684341886080802e-14
2025-01-17,100,warmup,0.9024,613.0644666666667,108.04936666666669,1048.8946833333332,102.5988,946.2958833333332,0.0,0.0,1.8417267710901796e-13,441.2807833333334,10800.0,10800.0,853.9374051199999,0.0,0.0
2025-01-17,101,warmup,0.9163,541.20565,63.90158333333333,1076.2546333333332,56.79583333333333,1019.4587999999999,0.0,0.0,-0.0,542.1547333333332,10800.0,10800.0,934.1300984399999,0.0,0.0
2025-01-17,102,warmup,0.9264,440.8466666666666,21.575,1065.1916666666666,18.462500000000002,1046.7291666666665,0.0,0.0,-0.0,627.4575,10800.0,10800.0,969.6898999999999,0.0,0.0
2025-01-17,103,warmup,0.9462,454.9803,2.7392333333333334,996.2820499999999,2.243183333333333,994.0388666666665,0.0,0.0,-0.0,541.7977999999999,10800.0,10800.0,940.5595756399999,0.0,-1.1368683772161603e-13
2025-01-17,104,warmup,0.9742,468.4820833333333,0.0,993.4857999999999,0.0,993.4857999999999,0.0,0.0,-0.0,525.0037166666666,10800.0,10800.0,967.8538663599999,0.0,0.0
2025-01-17,105,warmup,0.9862,443.0183333333334,0.0,1066.2733333333333,0.0,1066.2733333333333,0.0,0.0,-0.0,623.2549999999999,10800.0,10800.0,1051.5587613333332,0.0,0.0
2025-01-17,106,warmup,0.976,453.554,0.1393,1079.5379833333334,0.11196666666666666,1079.4260166666668,0.0,0.0,0.0,626.0113166666669,10800.0,10800.0,1053.5197922666669,0.0,0.0
2025-01-17,107,warmup,1.0742,459.0084,0.0,930.2628333333333,0.0,930.2628333333333,0.0,0.0,-0.0,471.25443333333334,10800.0,10800.0,999.2883355666667,0.0,0.0
2025-01-17,108,warmup,1.2313,449.04833333333335,0.0,727.4200000000001,0.0,727.4200000000001,0.0,0.0,-0.0,278.3716666666667,10800.0,10800.0,895.6722460000001,0.0,0.0
2025-01-17,109,warmup,1.2561,458.5579666666667,0.01,697.9706166666666,0.008033333333333333,697.9625833333333,0.0,0.0,-0.0,239.41461666666663,10800.0,10800.0,876.710800925,0.0,0.0
2025-01-17,110,warmup,1.2447,459.5538166666667,0.0,735.9949499999999,0.0,735.9949499999999,0.0,0.0,4.604316927725449e-14,276.44113333333325,10800.0,10800.0,916.0929142649998,0.0,-5.684341886080802e-14
2025-01-17,111,warmup,1.2545,443.69166666666666,0.0,750.6783333333333,0.0,750.6783333333333,0.0,0.0,-0.0,306.9866666666666,10800.0,10800.0,941.7259691666666,0.0,0.0
2025-01-17,112,warmup,1.2522,436.7293,0.0007166666666666,748.7222,0.0005833333333333334,748.7216166666667,0.0,0.0,-0.0,311.99303333333336,10800.0,10800.0,937.54920839,0.0,0.0
2025-01-17,113,warmup,1.2881,455.29676666666666,0.0,726.16315,0.0,201.7695000000008,0.0,0.0,253.5272666666658,0.0,10800.0,10518.303037037038,259.89929295000104,0.0,-5.684341886080802e-14
2025-01-17,114,warmup,1.3466,481.145,0.0,708.585,0.0,0.0,0.0,0.0,481.145,0.0,10518.303037037038,9983.697481481482,0.0,0.0,0.0
2025-01-17,115,warmup,1.3523,480.78665,0.0,734.0395666666667,0.0,0.0,0.0,0.0,480.78665,0.0,9983.697481481482,9449.490092592594,0.0,0.0,0.0
2025-01-17,116,warmup,1.3445,486.3923666666667,0.0,758.7002666666667,0.0,0.0,0.0,0.0,486.3923666666667,0.0,9449.490092592594,8909.05412962963,0.0,0.0,0.0
2025-01-17,117,warmup,1.3483,496.9866666666667,0.0,752.5583333333334,0.0,0.0,0.0,0.0,496.9866666666667,0.0,8909.05412962963,8356.846722222223,0.0,0.0,0.0
2025-01-17,118,warmup,1.349,480.1208333333333,0.0,728.09315,0.0,0.0,0.0,0.0,480.1208333333333,0.0,8356.846722222223,7823.3791296296295,0.0,0.0,0.0
2025-01-17,119,warmup,1.3473,474.52818333333335,0.0,727.0870166666667,0.0,0.0,0.0,0.0,474.52818333333335,0.0,7823.3791296296295,7296.1255925925925,0.0,0.0,0.0
2025-01-17,120,warmup,1.3482,478.5116666666667,0.0,751.9499999999999,0.0,0.0,0.0,0.0,478.5116666666667,0.0,7296.1255925925925,6764.445962962963,0.0,0.0,0.0
2025-01-17,121,warmup,1.3513,451.8723333333333,0.0,763.3121333333333,0.0,0.0,0.0,0.0,451.8723333333333,0.0,6764.445962962963,6262.365592592592,0.0,0.0,0.0
2025-01-17,122,warmup,1.34,434.00123333333335,0.0,741.8044333333333,0.0,0.0,0.0,0.0,434.00123333333335,0.0,6262.365592592592,5780.142,0.0,0.0,0.0
2025-01-17,123,warmup,1.3489,450.72,0.0,715.7083333333334,0.0,0.0,0.0,0.0,450.72,0.0,5780.142,5279.342,0.0,0.0,0.0
2025-01-17,124,warmup,1.3952,484.6296833333333,0.0,733.7681166666666,0.0,0.0,0.0,0.0,484.6296833333333,0.0,5279.342,4740.864574074074,0.0,0.0,0.0
2025-01-17,125,warmup,1.2226,485.17803333333336,0.0,759.1978,0.0,759.1978,0.0,0.0,0.0,274.01976666666667,4740.864574074074,4740.864574074074,928.1952302799999,0.0,0.0
2025-01-17,126,warmup,0.9332,468.4716666666666,0.0,760.2783333333333,0.0,760.2783333333333,0.0,0.0,0.0,291.80666666666673,4740.864574074074,4740.864574074074,709.4917406666667,0.0,0.0
2025-01-17,127,warmup,0.9068,490.4889666666666,0.0,739.4905333333332,0.0,739.4905333333332,0.0,0.0,0.0,249.00156666666663,4740.864574074074,4740.864574074074,670.5700156266666,0.0,0.0
2025-01-17,128,warmup,0.9371,474.6709166666667,0.0,727.8466,0.0,727.8466,0.0,0.0,0.0,253.17568333333327,4740.864574074074,4740.864574074074,682.06504886,0.0,0.0
2025-01-17,129,warmup,0.9371,453.02,0.0,749.1466666666666,0.0,749.1466666666666,0.0,0.0,0.0,296.12666666666667,4740.864574074074,4740.864574074074,702.0253413333334,0.0,0.0
2025-01-17,130,warmup,0.9871,525.5826333333333,0.0,779.7671833333334,0.0,779.7671833333334,0.0,0.0,0.0,254.18455000000006,4740.864574074074,4740.864574074074,769.7081866683334,0.0,0.0
2025-01-17,131,warmup,0.7764,506.1753000000001,0.0,674.22085,0.0,674.22085,0.0,0.0,0.0,168.04554999999993,4740.864574074074,4740.864574074074,523.46506794,0.0,0.0
2025-01-17,132,warmup,0.4209,400.655,0.0,521.3916666666667,0.0,521.3916666666667,0.0,0.0,0.0,120.73666666666668,4740.864574074074,4740.864574074074,219.45375249999998,0.0,0.0
2025-01-17,133,warmup,0.3859,403.7712,0.0,564.4336166666667,0.0,564.4336166666667,0.0,0.0,0.0,160.66241666666667,4740.864574074074,4740.864574074074,217.8149326716667,0.0,0.0
2025-01-17,134,warmup,0.4368,411.2597166666667,0.0,614.1435,0.0,614.1435,0.0,0.0,0.0,202.88378333333333,4740.864574074074,4740.864574074074,268.2578808,0.0,0.0
2025-01-17,135,warmup,0.4198,379.3533333333333,0.0,581.77,0.0,581.77,0.0,0.0,0.0,202.41666666666669,4740.864574074074,4740.864574074074,244.227046,0.0,0.0
2025-01-17,136,warmup,0.4186,385.0471,0.0,567.621,0.0,567.621,0.0,0.0,0.0,182.57389999999998,4740.864574074074,4740.864574074074,237.6061506,0.0,0.0
2025-01-17,137,warmup,0.4241,433.85195,0.0,581.6968333333333,0.0,581.6968333333333,0.0,0.0,0.0,147.8448833333333,4740.864574074074,4740.864574074074,246.69762701666664,0.0,0.0
2025-01-17,138,warmup,0.4237,469.2083333333333,0.0,592.1416666666667,0.0,592.1416666666667,0.0,0.0,0.0,122.93333333333334,4740.864574074074,4740.864574074074,250.89042416666666,0.0,0.0
2025-01-17,139,warmup,0.4248,433.62255,0.0,573.2504666666667,0.0,573.2504666666667,0.0,0.0,0.0,139.62791666666675,4740.864574074074,4740.864574074074,243.51679824000004,0.0,0.0
2025-01-17,140,warmup,0.424,430.4817166666666,0.0,588.03735,0.0,588.03735,0.0,0.0,0.0,157.55563333333333,4740.864574074074,4740.864574074074,249.32783639999997,0.0,0.0
2025-01-17,141,warmup,0.422,464.91,0.0,637.5533333333334,0.0,637.5533333333334,0.0,0.0,0.0,172.64333333333337,4740.864574074074,4740.864574074074,269.04750666666666,0.0,0.0
2025-01-17,142,warmup,0.424,442.9361166666667,0.0,645.6154,0.0,645.6154,0.0,0.0,0.0,202.67928333333333,4740.864574074074,4740.864574074074,273.7409296,0.0,0.0
2025-01-17,143,warmup,0.4271,426.6559833333333,0.0,567.7601666666667,0.0,567.7601666666667,0.0,0.0,0.0,141.10418333333337,4740.864574074074,4740.864574074074,242.49036718333332,0.0,0.0
2025-01-17,144,warmup,0.4276,442.2833333333333,0.0,444.33833333333337,0.0,444.33833333333337,0.0,0.0,0.0,2.0550000000000637,4740.864574074074,4740.864574074074,189.99907133333335,0.0,0.0
2025-01-18,1,warmup,0.4248,449.57113333333336,0.0,376.2127666666667,0.0,1209.5461,73.35836666666466,833.3333333333313,0.0,0.0,4740.864574074074,5490.864574074072,513.81518328,155.81317079999576,-1.1368683772161603e-13
2025-01-18,2,warmup,0.4245,448.0010666666667,0.0,399.6171,0.0,1232.9504333333334,48.38396666666654,833.3333333333333,0.0,0.0,5490.864574074072,6240.864574074072,523.38745895,102.69496924999973,0.0
2025-01-18,3,warmup,0.4269,444.8233333333333,0.0,468.99499999999995,0.0,1302.3283333333334,0.0,833.3333333333333,0.0,24.17166666666685,6240.864574074072,6990.864574074072,555.9639655,0.0,0.0
2025-01-18,4,warmup,0.4272,449.5483833333333,0.0,492.8495833333333,0.0,1326.1829166666666,0.0,833.3333333333333,0.0,43.30120000000011,6990.864574074072,7740.864574074072,566.545342,0.0,0.0
2025-01-18,5,warmup,0.4271,489.4189,0.0,457.38273333333336,0.0,1290.7160666666668,32.03616666666642,833.3333333333333,0.0,0.0,7740.864574074072,8490.864574074072,551.2648320733334,68.41323391666613,-1.1368683772161603e-13
2025-01-18,6,warmup,0.4285,520.5583333333333,0.0,420.545,0.0,1253.8783333333333,100.01333333333321,833.3333333333333,0.0,0.0,8490.864574074072,9240.864574074072,537.2868658333333,214.2785666666664,-1.1368683772161603e-13
2025-01-18,7,warmup,0.4311,467.77285,0.0,451.5339833333333,0.0,451.5339833333333,16.238866666666695,0.0,-0.0,0.0,9240.864574074072,9240.864574074072,194.656300215,35.00287710000006,0.0
2025-01-18,8,warmup,0.4302,428.3751333333333,0.0,463.21575,0.0,463.21575,0.0,34.84061666666673,0.0,0.0,9240.864574074072,9272.221129074072,199.27541565,0.0,0.0
2025-01-18,9,warmup,0.4279,439.76,0.0,445.46000000000004,0.0,1278.7933333333335,0.0,798.4927166666663,0.0,40.54061666666723,9272.221129074072,9990.864574074072,547.1956673333334,0.0,0.0
2025-01-18,10,warmup,0.4312,454.17875,0.0,470.9112666666667,0.0,470.9112666666667,0.0,0.0,0.0,16.732516666666697,9990.864574074072,9990.864574074072,203.05693818666668,0.0,0.0
2025-01-18,11,warmup,0.4333,495.4059333333333,0.0,480.5105833333334,0.0,480.5105833333334,14.895349999999894,0.0,-0.0,0.0,9990.864574074072,9990.864574074072,208.20523575833337,32.27077577499977,0.0
2025-01-18,12,warmup,0.4311,528.8266666666667,0.0,467.70666666666665,0.0,467.70666666666665,61.12000000000006,0.0,-0.0,0.0,9990.864574074072,9990.864574074072,201.628344,131.74416000000014,0.0
2025-01-18,13,warmup,0.4293,486.7074166666666,0.0,486.57621666666665,0.0,552.2822454732511,0.1311999999999216,65.70602880658447,0.0,0.0,9990.864574074072,10049.999999999998,237.0947679816667,0.28162079999983175,0.0
2025-01-18,14,warmup,0.4324,472.83113333333336,0.0,490.0801166666667,0.0,490.0801166666667,0.0,0.0,0.0,17.248983333333342,10049.999999999998,10049.999999999998,211.91064244666669,0.0,0.0
2025-01-18,15,warmup,0.4367,506.04833333333335,0.0,478.5116666666667,0.0,478.5116666666667,27.536666666666633,0.0,-0.0,0.0,10049.999999999998,10049.999999999998,208.96604483333334,60.126311666666595,0.0
2025-01-18,16,warmup,0.4348,505.2827,0.0,500.55743333333334,0.0,500.55743333333334,4.725266666666641,0.0,-0.0,0.0,10049.999999999998,10049.999999999998,217.64237201333336,10.272729733333279,0.0
2025-01-18,17,warmup,0.4335,502.44605,0.0,507.27771666666666,0.0,507.27771666666666,0.0,0.0,0.0,4.831666666666649,10049.999999999998,10049.999999999998,219.904890175,0.0,0.0
2025-01-18,18,warmup,0.4357,514.6616666666666,0.0,494.0933333333333,0.0,494.0933333333333,20.568333333333328,0.0,-0.0,0.0,10049.999999999998,10049.999999999998,215.2764653333333,44.80811416666665,0.0
2025-01-18,19,warmup,0.4374,517.6518666666667,0.0,509.24713333333335,0.0,509.24713333333335,8.404733333333354,0.0,-0.0,0.0,10049.999999999998,10049.999999999998,222.74469612000001,18.381151800000048,0.0
2025-01-18,20,warmup,0.4371,500.3651833333333,0.0,534.38945,0.0,534.38945,0.0,0.0,0.0,34.02426666666673,10049.999999999998,10049.999999999998,233.581628595,0.0,0.0
2025-01-18,21,warmup,0.4356,479.045,0.0,543.3266666666667,0.0,543.3266666666667,0.0,0.0,0.0,64.2816666666667,10049.999999999998,10049.999999999998,236.67309600000002,0.0,0.0
2025-01-18,22,warmup,0.4353,487.68058333333335,0.0,530.68945,0.0,530.68945,0.0,0.0,0.0,43.00886666666662,10049.999999999998,10049.999999999998,231.00911758499998,0.0,0.0
2025-01-18,23,warmup,0.436,535.1377166666667,0.0,534.3720666666667,0.0,534.3720666666667,0.7656500000000506,0.0,-0.0,0.0,10049.999999999998,10049.999999999998,232.98622106666667,1.6691170000001103,0.0
2025-01-18,24,warmup,0.4378,575.8000000000001,0.0,562.975,0.0,562.975,12.825000000000045,0.0,-0.0,0.0,10049.999999999998,10049.999999999998,246.47045500000002,28.0739250000001,0.0
2025-01-18,25,warmup,0.4401,547.8964333333333,0.0,583.4893833333333,0.0,583.4893833333333,0.0,0.0,0.0,35.59294999999997,10049.999999999998,10049.999999999998,256.79367760499997,0.0,0.0
2025-01-18,26,warmup,0.4389,514.735,0.0,559.6822,0.0,559.6822,0.0,0.0,0.0,44.94719999999995,10049.999999999998,10049.999999999998,245.64451757999998,0.0,0.0
2025-01-18,27,warmup,0.4364,524.2083333333334,0.0,527.635,0.0,527.635,0.0,0.0,0.0,3.4266666666666197,10049.999999999998,10049.999999999998,230.259914,0.0,0.0
2025-01-18,28,warmup,0.4393,563.8148666666667,0.0,560.4015,0.0,560.4015,3.4133666666666613,0.0,-0.0,0.0,10049.999999999998,10049.999999999998,246.18437895000002,7.497459883333323,0.0
2025-01-18,29,warmup,0.4422,571.79945,0.0,591.1446500000001,0.0,591.1446500000001,0.0,0.0,0.0,19.34520000000009,10049.999999999998,10049.999999999998,261.40416423,0.0,0.0
2025-01-18,30,warmup,0.4395,553.6783333333334,0.0,584.2333333333333,0.0,584.2333333333333,0.0,0.0,0.0,30.55499999999995,10049.999999999998,10049.999999999998,256.77055,0.0,0.0
2025-01-18,31,warmup,0.4333,566.90295,0.0,566.7357000000001,0.0,566.7357000000001,0.16724999999996726,0.0,-0.0,0.0,10049.999999999998,10049.999999999998,245.56657881000004,0.3623471249999291,0.0
2025-01-18,32,warmup,0.4439,563.51055,0.0010166666666666,549.1604833333333,0.0007166666666666667,549.1597666666667,14.349766666666644,0.0,-0.0,0.0,10049.999999999998,10049.999999999998,243.77202042333334,31.84930711666662,0.0
2025-01-18,33,warmup,0.4301,539.0433333333334,0.0,549.7133333333334,0.0,549.7133333333334,0.0,10.669999999999959,0.0,0.0,10049.999999999998,10059.602999999997,236.43170466666666,0.0,0.0
2025-01-18,34,warmup,0.3713,542.8813666666666,0.0,579.4430333333333,0.0,1412.7763666666667,0.0,822.6633333333342,0.0,47.23166666666589,10059.602999999997,10799.999999999998,524.5638649433333,0.0,0.0
2025-01-18,35,warmup,0.5708,557.494,0.0141666666666666,574.3602999999999,0.010083333333333333,574.3502166666666,0.0,0.0,-1.6370904631912707e-12,16.8703833333316,10799.999999999998,10800.0,327.8391036733333,0.0,8.881784197001252e-14
2025-01-18,36,warmup,0.9099,562.5783333333333,0.0,539.8566666666667,0.0,0.0,0.0,0.0,562.5783333333333,0.0,10800.0,10174.912962962962,0.0,0.0,0.0
2025-01-18,37,warmup,0.9368,554.8842833333333,0.0,544.4665833333333,0.0,0.0,0.0,0.0,554.8842833333333,0.0,10174.912962962962,9558.37487037037,0.0,0.0,0.0
2025-01-18,38,warmup,0.8758,540.6596833333333,0.1974,557.5819833333334,0.14055,0.0,0.0,0.0,540.4622833333333,0.0,9558.37487037037,8957.861222222222,0.0,0.0,0.0
2025-01-18,39,warmup,0.8759,533.3100000000001,0.0,554.68,0.0,0.0,0.0,0.0,533.3100000000001,0.0,8957.861222222222,8365.294555555554,0.0,0.0,0.0
2025-01-18,40,warmup,0.8601,548.3691166666666,0.0,550.8620333333333,0.0,0.0,0.0,0.0,548.3691166666666,0.0,8365.294555555554,7755.995537037035,0.0,0.0,0.0
2025-01-18,41,warmup,0.8442,589.5136666666666,3.5925666666666665,589.0881166666667,2.7070000000000003,0.0,0.0,0.0,585.9210999999999,0.0,7755.995537037035,7104.972092592591,0.0,0.0,0.0
2025-01-18,42,warmup,0.8334,643.96,22.7625,644.4333333333333,20.23125,0.0,0.0,0.0,621.1975,0.0,7104.972092592591,6414.752648148147,0.0,0.0,0.0
2025-01-18,43,warmup,0.8092,682.58855,61.66313333333333,646.6724833333334,59.57095,0.0,0.0,0.0,620.9254166666667,0.0,6414.752648148147,5724.835518518517,0.0,0.0,0.0
2025-01-18,44,warmup,0.7972,667.5586999999999,110.80363333333334,640.1483833333333,106.5477,0.0,0.0,0.0,556.7550666666666,0.0,5724.835518518517,5106.218777777776,0.0,0.0,0.0
2025-01-18,45,warmup,0.7644,623.98,163.86249999999998,647.9433333333333,151.9,0.0,0.0,0.0,460.11750000000006,0.0,5106.218777777776,4594.9771111111095,0.0,0.0,0.0
2025-01-18,46,warmup,0.6899,619.1948,219.14728333333332,651.0206833333333,197.40436666666668,1.0084648106049677e-05,0.0,0.0,400.0475065820185,0.0,4594.9771111111095,4150.479881575533,6.957398728363671e-06,0.0,0.0
2025-01-18,47,warmup,0.86,630.4033333333333,266.78135000000003,663.3539666666667,247.04808333333335,0.0,0.0,0.0,363.6219833333333,0.0,4150.479881575533,3746.4554556496073,0.0,0.0,0.0
2025-01-18,48,warmup,1.1617,631.0666666666667,311.1875,675.9016666666666,301.5,0.0,0.0,0.0,319.8791666666667,0.0,3746.4554556496073,3391.0341593533108,0.0,0.0,0.0
2025-01-18,49,warmup,1.1683,621.8556833333333,366.0738833333333,660.73175,356.0339333333333,0.0,0.0,0.0,255.78180000000003,0.0,3391.0341593533108,3106.8321593533105,0.0,0.0,0.0
2025-01-18,50,warmup,1.0956,632.1364166666666,417.5146,640.667,400.11740000000003,0.0,0.0,0.0,214.62181666666663,0.0,3106.8321593533105,2868.3634741681253,0.0,0.0,0.0
2025-01-18,51,warmup,1.0849,650.41,465.15625,629.21,438.83125,0.0,0.0,0.0,185.25374999999997,0.0,2868.3634741681253,2662.5259741681252,0.0,0.0,0.0
2025-01-18,52,warmup,1.061,642.7212499999999,519.66545,629.6717333333333,487.46166666666664,0.0,0.0,0.0,123.05579999999998,0.0,2662.5259741681252,2525.797307501459,0.0,0.0,0.0
2025-01-18,53,warmup,1.043,672.6172666666666,554.914,689.7615333333333,534.67655,0.0,0.0,0.0,117.70326666666665,0.0,2525.797307501459,2395.0159000940516,0.0,0.0,0.0
2025-01-18,54,warmup,1.036,738.235,575.63125,771.3816666666667,577.1999999999999,0.0,0.0,0.0,162.60375,0.0,2395.0159000940516,2214.3450667607185,0.0,0.0,0.0
2025-01-18,55,warmup,1.0147,764.67775,617.0472333333333,776.3566833333333,625.0233333333333,0.0,0.0,0.0,147.6305166666666,0.0,2214.3450667607185,2050.3111593533113,0.0,0.0,0.0
2025-01-18,56,warmup,0.9922,747.3351666666667,674.86915,752.9481166666666,681.1773,0.0,0.0,0.0,72.46601666666675,0.0,2050.3111593533113,1969.7933630570149,0.0,0.0,0.0
2025-01-18,57,warmup,0.97,726.9200000000001,725.5500000000001,744.7583333333333,736.8125,0.0,0.0,0.0,1.3700000000000045,0.0,1969.7933630570149,1968.2711408347927,0.0,0.0,0.0
2025-01-18,58,warmup,0.9422,743.89395,746.0417833333332,751.2196166666666,775.3630166666667,0.0,0.0,0.0,0.0,2.1478333333332102,1968.2711408347927,1968.2711408347927,0.0,0.0,0.0
2025-01-18,59,warmup,0.9569,734.5613833333333,750.9942500000001,764.0121666666668,790.9223666666667,0.0,0.0,0.0,0.0,16.43286666666677,1968.2711408347927,1968.2711408347927,0.0,0.0,0.0
2025-01-18,60,warmup,0.9977,697.2333333333332,764.0749999999999,763.8816666666667,817.225,0.0,0.0,0.0,0.0,66.8416666666667,1968.2711408347927,1968.2711408347927,0.0,0.0,0.0
2025-01-18,61,warmup,0.9919,698.8172666666666,798.3806,738.6057166666666,895.9088833333334,0.0,0.0,0.0,0.0,99.56333333333339,1968.2711408347927,1968.2711408347927,0.0,0.0,0.0
2025-01-18,62,warmup,0.9588,727.0218833333333,828.198,738.6536333333333,955.5129000000001,0.0,0.0,72.93438724279693,0.0,28.241729423869714,1968.2711408347927,2033.91208935331,0.0,0.0,0.0
2025-01-18,63,warmup,0.9549,743.6783333333333,851.2375000000001,755.5916666666667,958.5187500000001,0.0,0.0,107.55916666666678,0.0,0.0,2033.91208935331,2130.71533935331,0.0,0.0,0.0
2025-01-18,64,warmup,0.9839,719.6660833333334,883.57515,734.1440666666667,935.0578833333334,0.0,0.0,163.9090666666666,0.0,0.0,2130.71533935331,2278.23349935331,0.0,0.0,0.0
2025-01-18,65,warmup,0.799,682.6373,885.2261,726.6918000000001,933.16575,0.0,0.0,202.5888,0.0,0.0,2278.23349935331,2460.56341935331,0.0,0.0,0.0
2025-01-18,66,warmup,0.5025,677.9350000000001,869.1062499999999,729.2816666666666,954.5124999999999,0.0,0.0,191.17124999999987,0.0,0.0,2460.56341935331,2632.61754435331,0.0,0.0,0.0
2025-01-18,67,warmup,0.4662,723.6699833333333,894.25785,686.2932000000001,961.9274999999999,557.6990333333335,105.0464333333332,833.3333333333334,0.0,0.0,2632.61754435331,3382.61754435331,259.9992893400001,244.86323609999968,0.0
2025-01-18,68,warmup,0.5007,721.3532166666668,935.6315666666666,668.1034,962.6507499999999,0.0,0.0,214.27834999999982,0.0,0.0,3382.61754435331,3575.46805935331,0.0,0.0,0.0
2025-01-18,69,warmup,0.4827,681.975,958.30625,695.3983333333334,956.49375,0.0,0.0,276.33124999999995,0.0,0.0,3575.46805935331,3824.1661843533097,0.0,0.0,0.0
2025-01-18,70,warmup,0.4785,711.0658166666667,950.3349333333334,716.4474166666668,937.4035833333334,59.48366182965476,217.03761666666708,515.7903951629886,0.0,0.0,3824.1661843533097,4288.3775399999995,28.4629321854898,519.262497875001,-1.1368683772161603e-13
2025-01-18,71,warmup,0.4662,740.7286,942.8706833333334,718.8371000000001,948.8863666666666,603.2840666666668,27.907183333333137,833.3333333333334,0.0,0.0,4288.3775399999995,5038.3775399999995,281.2510318800001,65.05164434999953,0.0
2025-01-18,72,warmup,0.4432,728.2516666666667,949.6125,712.8766666666667,971.6999999999999,574.5100000000001,37.462499999999864,833.3333333333333,0.0,0.0,5038.3775399999995,5788.3775399999995,254.62283200000005,83.0168999999997,1.1368683772161603e-13
2025-01-18,73,warmup,0.4411,701.1681666666667,960.4332666666666,709.3880833333333,946.0235166666666,596.6979,0.0,833.3333333333333,0.0,22.629666666666594,5788.3775399999995,6538.3775399999995,263.20344369,0.0,0.0
2025-01-18,74,warmup,0.4551,686.56985,981.4428333333334,676.2895333333333,946.8049666666667,562.8179,0.0,833.3333333333333,0.0,24.357550000000174,6538.3775399999995,7288.3775399999995,256.13842629,0.0,1.1368683772161603e-13
2025-01-18,75,warmup,0.4463,684.3683333333333,1003.7375,639.1333333333333,985.5375,486.9291666666667,27.034999999999968,833.3333333333333,0.0,0.0,7288.3775399999995,8038.3775399999995,217.31648708333333,60.32860249999993,0.0
2025-01-18,76,warmup,0.4113,677.2975333333333,1006.1721833333332,659.5924,994.0101333333333,498.91560000000004,5.543083333333243,833.3333333333333,0.0,0.0,8038.3775399999995,8788.37754,205.20398628,11.399350874999813,-1.1368683772161603e-13
2025-01-18,77,warmup,0.5682,683.1602666666666,996.4612666666668,673.4614166666667,977.0920833333333,0.0,0.0,313.30100000000016,0.0,0.0,8788.37754,9070.34844,0.0,0.0,0.0
2025-01-18,78,warmup,0.8279,696.5166666666668,996.53125,666.3633333333333,958.9187499999999,0.0,0.0,282.88508333333283,0.0,17.129500000000405,9070.34844,9324.945015,0.0,0.0,0.0
2025-01-18,79,warmup,0.8636,688.0187666666667,1015.1251333333332,681.5246833333333,951.12275,0.0,0.0,327.10636666666653,0.0,0.0,9324.945015,9619.340745,0.0,0.0,0.0
2025-01-18,80,warmup,0.8416,662.4071833333334,985.1408333333334,668.0419666666667,918.2442,0.0,0.0,322.73365,0.0,0.0,9619.340745,9909.801029999999,0.0,0.0,0.0
2025-01-18,81,warmup,0.8618,645.26,912.025,633.7816666666666,872.11875,0.0,0.0,108.29736666666778,0.0,158.4676333333322,9909.801029999999,10007.26866,0.0,0.0,0.0
2025-01-18,82,warmup,0.8623,661.3787666666666,871.3019666666668,642.3919666666667,860.53965,0.0,0.0,209.92320000000018,0.0,0.0,10007.26866,10196.19954,0.0,0.0,0.0
2025-01-18,83,warmup,0.9026,685.0104166666666,852.7453,650.2510666666667,841.0417000000001,0.0,0.0,167.7348833333334,0.0,0.0,10196.19954,10347.160935,0.0,0.0,0.0
2025-01-18,84,warmup,0.9754,686.56,829.9875000000001,641.0533333333334,797.6,0.0,0.0,143.42750000000012,0.0,0.0,10347.160935,10476.245685,0.0,0.0,0.0
2025-01-18,85,warmup,1.0002,655.9648,791.9124499999999,641.7311666666667,757.9667333333333,0.0,0.0,135.94764999999995,0.0,0.0,10476.245685,10598.59857,0.0,0.0,0.0
2025-01-18,86,warmup,0.9978,624.8686166666666,761.6870666666667,633.9927166666666,726.6912833333334,0.0,0.0,117.38588333333533,0.0,19.43256666666477,10598.59857,10704.245865000003,0.0,0.0,0.0
2025-01-18,87,warmup,1.0271,619.105,736.63125,633.485,708.9,0.0,0.0,75.4149999999982,0.0,42.1112500000018,10704.245865000003,10772.119365,0.0,0.0,0.0
2025-01-18,88,warmup,1.0906,637.1694,691.7595333333334,672.4984000000001,703.4768833333333,0.0,0.0,30.97848333333477,0.0,23.6116499999986,10772.119365,10800.000000000002,0.0,0.0,0.0
2025-01-18,89,warmup,0.9376,635.2857833333334,648.8711166666667,671.6356333333333,659.8197666666666,0.0,0.0,0.0,1.6575540939811617e-12,13.585333333334981,10800.000000000002,10800.0,0.0,0.0,4.796163466380676e-14
2025-01-18,90,warmup,0.6694,616.7483333333333,610.25625,639.9733333333334,587.15625,52.81708333333336,0.0,0.0,-0.0,46.325000000000045,10800.0,10800.0,35.35575558333335,0.0,0.0
2025-01-18,91,warmup,0.66,622.8273833333334,554.53245,661.0485333333334,543.01995,132.61607304526657,0.0,0.0,-0.0,64.32113971193326,10800.0,10800.0,87.52660820987595,0.0,0.0
2025-01-18,92,warmup,0.7217,619.6244333333333,491.6920333333333,653.4660333333334,491.54956666666664,161.91646666666674,0.0,0.0,-0.0,33.98406666666676,10800.0,10800.0,116.85511399333339,0.0,0.0
2025-01-18,93,warmup,0.7308,616.8183333333333,433.9125,603.0783333333333,429.39375,173.68458333333325,9.221250000000833,0.0,-8.34012858774713e-13,0.0,10800.0,10800.000000000002,126.92869349999994,33.694447500003044,0.0
2025-01-18,94,warmup,0.7534,657.84435,385.0182,584.6588666666667,393.0156666666667,191.64319999999998,81.18294999999853,0.0,1.4676260207124868e-12,0.0,10800.000000000002,10800.0,144.38398687999998,305.8161726499944,0.0
2025-01-18,95,warmup,0.7823,672.5232833333333,339.51321666666666,589.7957666666667,353.1442833333333,236.65148333333343,96.35858333333323,0.0,-0.0,0.0,10800.0,10800.0,185.13245541166674,376.9065987083329,0.0
2025-01-18,96,warmup,0.8055,638.1016666666667,291.23125,592.4433333333333,300.3,292.14333333333326,54.727083333334264,0.0,-8.253797645352278e-13,0.0,10800.0,10800.000000000002,235.32145499999993,220.41332812500374,1.1368683772161603e-13
2025-01-18,97,warmup,0.8271,604.5478166666667,237.46826666666664,580.4638166666667,254.02235,326.44146666666677,40.63808333333167,0.0,1.6018342208212745e-12,0.0,10800.000000000002,10800.0,269.99973708000005,168.05879362499311,0.0
2025-01-18,98,warmup,0.8519,604.6898666666667,183.01651666666663,578.8598333333333,203.43091666666666,375.4289166666666,46.24443333333347,0.0,-0.0,0.0,10800.0,10800.0,319.8278941083333,196.9781637833339,0.0
2025-01-18,99,warmup,0.8791,622.0749999999999,135.0375,598.7466666666667,149.9625,448.7841666666667,38.253333333334915,0.0,-1.6697754290362354e-12,0.0,10800.0,10800.000000000002,394.5261609166667,168.14252666667363,0.0
2025-01-18,100,warmup,0.9024,605.4765833333333,97.13158333333332,613.0644666666667,108.04936666666667,505.0151,3.329899999999184,0.0,8.108225202363427e-13,0.0,10800.000000000002,10800.000000000002,455.72562624,15.024508799996317,0.0
2025-01-18,101,warmup,0.9163,543.1114,57.47101666666666,541.20565,63.90158333333333,477.30406666666664,8.336316666665887,0.0,8.088330005762146e-13,0.0,10800.000000000002,10800.000000000002,437.35371628666667,38.19283480832976,0.0
2025-01-18,102,warmup,0.9264,477.19666666666666,20.1,440.84666666666664,21.575,419.27166666666665,37.82500000000002,0.0,-1.1510792319313622e-14,0.0,10800.000000000002,10800.000000000002,388.413272,175.20540000000005,5.684341886080802e-14
2025-01-18,103,warmup,0.9462,467.5936166666667,2.7629,454.9803,2.7392333333333334,452.24106666666665,12.589649999998427,0.0,1.6370904631912707e-12,0.0,10800.000000000002,10800.0,427.91049728,59.56163414999256,0.0
2025-01-18,104,warmup,0.9742,472.0541333333333,0.0,468.4820833333333,0.0,468.4820833333333,3.572050000004083,0.0,-0.0,0.0,10800.0,10800.0,456.3952455833333,17.399455550019887,4.092726157978177e-12
2025-01-18,105,warmup,0.9862,466.275,0.0,443.0183333333334,0.0,443.0183333333334,23.256666666667797,0.0,-0.0,0.0,10800.0,10800.0,436.9046803333334,114.6786233333389,1.1937117960769683e-12
2025-01-18,106,warmup,0.976,464.9513,0.1449166666666666,453.55400000000003,0.1393,453.41470000000004,11.391683333335095,0.0,-1.7905676941154525e-12,0.0,10800.0,10800.000000000002,442.5327472,55.59141466667526,5.684341886080802e-14
2025-01-18,107,warmup,1.0742,463.7437333333333,0.0,459.0084,0.0,206.74818333333363,4.735333333333017,0.0,252.26021666666662,0.0,10800.000000000002,10519.710870370373,222.088898536667,25.433475333331636,-5.684341886080802e-14
2025-01-18,108,warmup,1.2313,470.835,0.0,449.04833333333335,0.0,0.0,0.0,0.0,470.835,0.0,10519.710870370373,9996.560870370373,0.0,0.0,0.0
2025-01-18,109,warmup,1.2561,496.2562833333333,0.0104,458.5579666666667,0.01,0.0,0.0,0.0,496.24588333333327,0.0,9996.560870370373,9445.176555555558,0.0,0.0,0.0
2025-01-18,110,warmup,1.2447,489.35885,0.0,459.5538166666667,0.0,0.0,0.0,0.0,489.35885,0.0,9445.176555555558,8901.444500000001,0.0,0.0,0.0
2025-01-18,111,warmup,1.2545,451.9433333333333,0.0,443.69166666666666,0.0,0.0,0.0,0.0,451.9433333333333,0.0,8901.444500000001,8399.285240740743,0.0,0.0,0.0
2025-01-18,112,warmup,1.2522,439.5705666666667,0.0007499999999999,436.72929999999997,0.0007166666666666667,0.0,0.0,0.0,439.5698166666667,0.0,8399.285240740743,7910.874333333335,0.0,0.0,0.0
2025-01-18,113,warmup,1.2881,450.85645,0.0,455.29676666666666,0.0,0.0,0.0,0.0,450.85645,0.0,7910.874333333335,7409.9227222222235,0.0,0.0,0.0
2025-01-18,114,warmup,1.3466,452.885,0.0,481.145,0.0,0.0,0.0,0.0,452.885,0.0,7409.9227222222235,6906.717166666668,0.0,0.0,0.0
2025-01-18,115,warmup,1.3523,423.35245,0.0,480.78665,0.0,0.0,0.0,0.0,423.35245,0.0,6906.717166666668,6436.325555555557,0.0,0.0,0.0
2025-01-18,116,warmup,1.3445,442.8923666666667,0.0,486.3923666666667,0.0,0.0,0.0,0.0,442.8923666666667,0.0,6436.325555555557,5944.2229259259275,0.0,0.0,0.0
2025-01-18,117,warmup,1.3483,488.0866666666666,0.0,496.9866666666667,0.0,0.0,0.0,0.0,488.0866666666666,0.0,5944.2229259259275,5401.904407407409,0.0,0.0,0.0
2025-01-18,118,warmup,1.349,456.32301666666666,0.0,480.12083333333334,0.0,0.0,0.0,0.0,456.32301666666666,0.0,5401.904407407409,4894.878833333335,0.0,0.0,0.0
2025-01-18,119,warmup,1.3473,442.85996666666665,0.0,474.52818333333335,0.0,0.0,0.0,0.0,442.85996666666665,0.0,4894.878833333335,4402.812203703706,0.0,0.0,0.0
2025-01-18,120,warmup,1.3482,475.01666666666665,0.0,478.5116666666667,0.0,0.0,0.0,0.0,475.01666666666665,0.0,4402.812203703706,3875.015907407409,0.0,0.0,0.0
2025-01-18,121,warmup,1.3513,480.7563,0.0,451.8723333333333,0.0,0.0,0.0,0.0,480.7563,0.0,3875.015907407409,3340.8422407407425,0.0,0.0,0.0
2025-01-18,122,warmup,1.34,465.9056,0.0,434.00123333333335,0.0,0.0,0.0,0.0,465.9056,0.0,3340.8422407407425,2823.1693518518537,0.0,0.0,0.0
2025-01-18,123,warmup,1.3489,455.8366666666666,0.0,450.72,0.0,0.0,0.0,0.0,455.8366666666666,0.0,2823.1693518518537,2316.6841666666687,0.0,0.0,0.0
2025-01-18,124,warmup,1.3952,470.4037166666667,0.0,484.62968333333333,0.0,0.0,0.0,0.0,470.4037166666667,0.0,2316.6841666666687,1794.0133703703723,0.0,0.0,0.0
2025-01-18,125,warmup,1.2226,510.70525,0.0,485.17803333333336,0.0,0.0,0.0,0.0,510.70525,0.0,1794.0133703703723,1226.5630925925946,0.0,0.0,0.0
2025-01-18,126,warmup,0.9332,536.9866666666667,0.0,468.47166666666664,0.0,468.47166666666664,44.60821666666494,0.0,23.906783333335106,0.0,1226.5630925925946,1200.0,437.1777593333333,208.1419389666586,0.0
2025-01-18,127,warmup,0.9068,502.3889833333333,0.0,490.4889666666666,0.0,490.4889666666666,11.900016666666659,0.0,-0.0,0.0,1200.0,1200.0,444.77539497333333,53.95467556666664,0.0
2025-01-18,128,warmup,0.9371,473.46075,0.0,474.6709166666667,0.0,474.6709166666667,0.0,0.0,0.0,1.2101666666666802,1200.0,1200.0,444.8141160083334,0.0,0.0
2025-01-18,129,warmup,0.9371,479.8566666666666,0.0,453.02,0.0,453.02,26.836666666666645,0.0,-0.0,0.0,1200.0,1200.0,424.525042,125.74320166666656,0.0
2025-01-18,130,warmup,0.9871,485.7930833333333,0.0,525.5826333333333,0.0,525.5826333333333,0.0,-0.0,0.0,39.78955000000002,1200.0,1200.0,518.8026173633333,0.0,0.0
2025-01-18,131,warmup,0.7764,458.6473,0.0,506.17530000000005,0.0,506.17530000000005,0.0,-0.0,0.0,47.52800000000008,1200.0,1200.0,392.99450292,0.0,0.0
2025-01-18,132,warmup,0.4209,420.56,0.0,400.655,0.0,400.655,19.90500000000003,0.0,-0.0,0.0,1200.0,1200.0,168.63568949999998,41.89007250000006,0.0
2025-01-18,133,warmup,0.3859,426.2462,0.0,403.77119999999996,0.0,403.77119999999996,22.475000000000023,0.0,-0.0,0.0,1200.0,1200.0,155.81530608,43.365512500000044,0.0
2025-01-18,134,warmup,0.4368,448.35355,0.0,411.2597166666667,0.0,411.2597166666667,37.09383333333329,0.0,-0.0,0.0,1200.0,1200.0,179.63824424,81.01293199999992,0.0
2025-01-18,135,warmup,0.4198,453.0366666666666,0.0,379.3533333333333,0.0,379.3533333333333,73.68333333333328,0.0,-0.0,0.0,1200.0,1200.0,159.2525293333333,154.66131666666658,0.0
2025-01-18,136,warmup,0.4186,429.5550666666666,0.0,385.0471,0.0,385.0471,44.50796666666662,0.0,-0.0,0.0,1200.0,1200.0,161.18071606,93.15517423333323,0.0
2025-01-18,137,warmup,0.4241,401.05643333333336,0.0,433.85195,0.0,433.85195,0.0,-0.0,0.0,32.79551666666663,1200.0,1200.0,183.996611995,0.0,0.0
2025-01-18,138,warmup,0.4237,396.83,0.0,469.2083333333333,0.0,469.2083333333333,0.0,-0.0,0.0,72.37833333333333,1200.0,1200.0,198.80357083333334,0.0,0.0
2025-01-18,139,warmup,0.4248,427.9829333333333,0.0,433.62255,0.0,433.62255,0.0,-0.0,0.0,5.639616666666711,1200.0,1200.0,184.20285924,0.0,0.0
2025-01-18,140,warmup,0.424,443.6883333333333,0.0,430.48171666666667,0.0,430.48171666666667,13.206616666666605,0.0,-0.0,0.0,1200.0,1200.0,182.52424786666666,27.998027333333205,0.0
2025-01-18,141,warmup,0.422,425.77,0.0,464.91,0.0,464.91,0.0,0.0,0.0,39.14000000000004,1200.0,1200.0,196.19202,0.0,0.0
2025-01-18,142,warmup,0.424,417.6434833333333,0.0,442.9361166666667,0.0,442.9361166666667,0.0,0.0,0.0,25.292633333333413,1200.0,1200.0,187.80491346666668,0.0,0.0
2025-01-18,143,warmup,0.4271,509.3992166666667,0.0,426.6559833333333,0.0,426.6559833333333,82.74323333333336,0.0,-0.0,0.0,1200.0,1200.0,182.22477048166667,176.6981747833334,0.0
2025-01-18,144,warmup,0.4276,637.3183333333333,0.0,442.2833333333333,0.0,442.2833333333333,195.03499999999997,0.0,-0.0,0.0,1200.0,1200.0,189.1203533333333,416.98482999999993,0.0
2025-01-19,1,warmup,0.4248,636.8644666666667,0.0,449.57113333333336,0.0,1282.9044666666668,187.29333333333307,833.3333333333333,0.0,0.0,1200.0,1950.0,544.9778174400001,397.8110399999995,0.0
2025-01-19,2,warmup,0.4245,596.6740666666667,0.0,448.0010666666667,0.0,1281.3344000000002,148.67299999999977,833.3333333333333,0.0,0.0,1950.0,2700.0,543.9264528000001,315.5584424999995,0.0
2025-01-19,3,warmup,0.4269,594.1733333333333,0.0,444.8233333333333,0.0,1278.1566666666668,149.3499999999998,833.3333333333333,0.0,0.0,2700.0,3450.0,545.645081,318.78757499999955,1.1368683772161603e-13
2025-01-19,4,warmup,0.4272,620.6631,0.0,449.54838333333333,0.0,1282.8817166666668,171.11471666666648,833.3333333333333,0.0,0.0,3450.0,4200.0,548.04706936,365.5010347999996,0.0
2025-01-19,5,warmup,0.4271,630.5256,0.0,489.41889999999995,0.0,1322.7522333333334,141.10669999999993,833.3333333333333,0.0,0.0,4200.0,4950.0,564.9474788566666,301.33335784999986,1.1368683772161603e-13
2025-01-19,6,warmup,0.4285,622.4983333333333,0.0,520.5583333333333,0.0,1353.8916666666667,101.93999999999994,833.3333333333333,0.0,0.0,4950.0,5700.0,580.1425791666667,218.4064499999999,-1.1368683772161603e-13
2025-01-19,7,warmup,0.4311,633.7338833333333,0.0,467.77285,0.0,1134.4395166666668,165.96103333333315,666.6666666666666,0.0,0.0,5700.0,6300.0,489.05687563500004,357.7290073499996,-1.1368683772161603e-13
2025-01-19,8,warmup,0.4302,644.9927,0.0,428.3751333333333,0.0,1261.7084666666667,216.61756666666656,833.3333333333333,0.0,0.0,6300.0,7050.0,542.78698236,465.9443858999998,0.0
2025-01-19,9,warmup,0.4279,643.5749999999999,0.0,439.76,0.0,1273.0933333333332,203.81499999999994,833.3333333333333,0.0,0.0,7050.0,7800.0,544.7566373333333,436.06219249999987,1.1368683772161603e-13
2025-01-19,10,warmup,0.4312,639.2107166666666,0.0,454.17875000000004,0.0,454.17875000000004,185.03196666666656,0.0,-0.0,0.0,7800.0,7800.0,195.84187700000004,398.9289201333331,0.0
2025-01-19,11,warmup,0.4333,645.6600500000001,0.0,495.4059333333333,0.0,495.4059333333333,150.2541166666668,0.0,-0.0,0.0,7800.0,7800.0,214.6593909133333,325.52554375833364,0.0
2025-01-19,12,warmup,0.4311,658.8316666666666,0.0,528.8266666666667,0.0,1362.16,130.00499999999977,833.3333333333333,0.0,0.0,7800.0,8550.0,587.227176,280.2257774999995,1.1368683772161603e-13
2025-01-19,13,warmup,0.4293,664.1026666666667,0.0,486.70741666666663,0.0,1320.0407500000001,177.3952499999998,833.3333333333333,0.0,0.0,8550.0,9300.0,566.693493975,380.7789041249996,0.0
2025-01-19,14,warmup,0.4324,677.4254666666667,0.0,472.83113333333336,0.0,472.83113333333336,204.59433333333334,0.0,-0.0,0.0,9300.0,9300.0,204.45218205333336,442.33294866666665,0.0
2025-01-19,15,warmup,0.4367,681.605,0.0,506.04833333333335,0.0,506.04833333333335,175.55666666666667,0.0,-0.0,0.0,9300.0,9300.0,220.99130716666667,383.3279816666667,0.0
2025-01-19,16,warmup,0.4348,644.0834166666667,0.0,505.2827,0.0,505.2827,138.80071666666674,0.0,-0.0,0.0,9300.0,9300.0,219.69691796,301.7527580333335,0.0
2025-01-19,17,warmup,0.4335,631.6821833333333,0.0,502.44605,0.0,502.44605,129.23613333333333,0.0,-0.0,0.0,9300.0,9300.0,217.810362675,280.11931899999996,0.0
2025-01-19,18,warmup,0.4357,664.775,0.0,514.6616666666666,0.0,514.6616666666666,150.11333333333334,0.0,-0.0,0.0,9300.0,9300.0,224.23808816666664,327.02189666666663,0.0
2025-01-19,19,warmup,0.4374,695.7839,0.0,517.6518666666667,0.0,517.6518666666667,178.1320333333333,0.0,-0.0,0.0,9300.0,9300.0,226.42092648000002,389.5747569,0.0
2025-01-19,20,warmup,0.4371,693.5707666666667,0.0,500.36518333333333,0.0,500.36518333333333,193.20558333333338,0.0,-0.0,0.0,9300.0,9300.0,218.709621635,422.25080237500003,0.0
2025-01-19,21,warmup,0.4356,660.8933333333333,0.0,479.045,0.0,479.045,181.8483333333333,0.0,-0.0,0.0,9300.0,9300.0,208.672002,396.0656699999999,0.0
2025-01-19,22,warmup,0.4353,632.5577999999999,0.0,487.68058333333335,0.0,487.68058333333335,144.87721666666658,0.0,-0.0,0.0,9300.0,9300.0,212.287357925,315.3252620749998,0.0
2025-01-19,23,warmup,0.436,652.2090833333333,0.0,535.1377166666667,0.0,535.1377166666667,117.07136666666656,0.0,-0.0,0.0,9300.0,9300.0,233.3200444666667,255.21557933333312,0.0
2025-01-19,24,warmup,0.4378,688.81,0.0,575.8000000000001,0.0,575.8000000000001,113.00999999999988,0.0,-0.0,0.0,9300.0,9300.0,252.08524000000006,247.37888999999973,0.0
2025-01-19,25,warmup,0.4401,670.3374,0.0,547.8964333333333,0.0,547.8964333333333,122.44096666666667,0.0,-0.0,0.0,9300.0,9300.0,241.12922031,269.43134714999997,0.0
2025-01-19,26,warmup,0.4389,663.4198666666667,0.0,514.735,0.0,514.735,148.68486666666672,0.0,-0.0,0.0,9300.0,9300.0,225.9171915,326.2889399000001,0.0
2025-01-19,27,warmup,0.4364,686.0949999999999,0.0,524.2083333333334,0.0,524.2083333333334,161.88666666666654,0.0,-0.0,0.0,9300.0,9300.0,228.76451666666668,353.2367066666664,0.0
2025-01-19,28,warmup,0.4393,687.2981333333333,0.0,563.8148666666667,0.0,563.8148666666667,123.48326666666662,0.0,-0.0,0.0,9300.0,9300.0,247.6838709266667,271.23099523333326,0.0
2025-01-19,29,warmup,0.4422,675.9187333333333,0.0,571.79945,0.0,571.79945,104.11928333333333,0.0,-0.0,0.0,9300.0,9300.0,252.84971678999997,230.20773544999997,0.0
2025-01-19,30,warmup,0.4395,676.3333333333334,0.0,553.6783333333334,0.0,553.6783333333334,122.65499999999997,0.0,-0.0,0.0,9300.0,9300.0,243.34162750000002,269.53436249999993,0.0
2025-01-19,31,warmup,0.4333,702.3887500000001,0.0,566.90295,0.0,566.90295,135.48580000000004,0.0,-0.0,0.0,9300.0,9300.0,245.63904823500002,293.5299857000001,0.0
2025-01-19,32,warmup,0.4439,727.3856000000001,0.0011166666666666,563.51055,0.0010166666666666668,563.5095333333333,163.87495000000015,0.0,-0.0,0.0,9300.0,9300.0,250.14188184666665,363.7204515250003,0.0
2025-01-19,33,warmup,0.4301,711.5383333333333,0.0,539.0433333333334,0.0,1372.3766666666668,172.49499999999978,833.3333333333333,0.0,0.0,9300.0,10050.0,590.2592043333334,370.9504974999995,-1.1368683772161603e-13
2025-01-19,34,warmup,0.3713,656.88555,0.0,542.8813666666666,0.0,1376.2147,114.00418333333323,833.3333333333333,0.0,0.0,10050.0,10800.0,510.98851811000003,211.64876635833315,0.0
2025-01-19,35,warmup,0.5708,733.0547,0.0156,557.494,0.014166666666666668,557.4798333333333,175.5592666666667,0.0,-0.0,0.0,10800.0,10800.0,318.2094888666666,501.0461470666668,-1.1368683772161603e-13
2025-01-19,36,warmup,0.9099,889.4,0.0,562.5783333333333,0.0,0.0,56.066666666666606,0.0,833.3333333333334,0.0,10800.0,9874.074074074075,0.0,255.07529999999974,0.0
2025-01-19,37,warmup,0.9368,901.9759333333332,0.0,554.8842833333333,0.0,0.0,68.64259999999979,0.0,833.3333333333334,0.0,9874.074074074075,8948.14814814815,0.0,321.52193839999904,0.0
2025-01-19,38,warmup,0.8758,895.45745,0.21725,540.6596833333333,0.1974,0.0,61.90686666666659,0.0,833.3333333333334,0.0,8948.14814814815,8022.2222222222235,0.0,271.090169133333,0.0
2025-01-19,39,warmup,0.8759,925.4716666666668,0.0,533.3100000000001,0.0,0.0,92.13833333333343,0.0,833.3333333333334,0.0,8022.2222222222235,7096.296296296297,0.0,403.5198308333338,0.0
2025-01-19,40,warmup,0.8601,916.3925333333332,0.0,548.3691166666666,0.0,0.0,83.0591999999998,0.0,833.3333333333334,0.0,7096.296296296297,6170.370370370371,0.0,357.19608959999914,0.0
2025-01-19,41,warmup,0.8442,901.9587166666666,3.9136666666666655,589.5136666666666,3.5925666666666665,0.0,64.71171666666658,0.0,833.3333333333334,0.0,6170.370370370371,5244.444444444445,0.0,273.1481560499996,0.0
2025-01-19,42,warmup,0.8334,900.415,23.96875,643.96,22.7625,0.0,43.11291666666659,0.0,833.3333333333334,0.0,5244.444444444445,4318.518518518519,0.0,179.65152374999968,0.0
2025-01-19,43,warmup,0.8092,892.1807333333333,62.713166666666666,682.58855,61.66313333333333,0.0,0.0,0.0,829.4675666666666,0.0,4318.518518518519,3396.8878888888894,0.0,0.0,0.0
2025-01-19,44,warmup,0.7972,883.5705666666667,107.29915,667.5586999999999,110.80363333333334,0.0,763.0601833333329,0.0,13.211233333333801,0.0,3396.8878888888894,3382.2087407407407,0.0,3041.5578907666654,0.0
2025-01-19,45,warmup,0.7644,862.0183333333333,153.2125,623.98,163.86249999999998,0.0,708.8058333333333,0.0,-0.0,0.0,3382.2087407407407,3382.2087407407407,0.0,2709.055895,0.0
2025-01-19,46,warmup,0.6899,838.1328333333332,203.96576666666667,619.1948,219.14728333333335,8.745496222835354e-06,634.1670579211703,0.0,-0.0,0.0,3382.2087407407407,3382.2087407407407,6.0335178441341106e-06,2187.5592662990766,0.0
2025-01-19,47,warmup,0.86,1002.9044,246.14671666666663,630.4033333333333,266.78135000000003,0.0,393.13570000000027,0.0,363.6219833333331,0.0,3382.2087407407407,2978.184314814815,0.0,1690.4835100000012,0.0
2025-01-19,48,warmup,1.1617,1235.6033333333332,281.73125,631.0666666666667,311.1875,0.0,120.53874999999982,0.0,833.3333333333334,0.0,2978.184314814815,2052.258388888889,0.0,700.149329374999,0.0
2025-01-19,49,warmup,1.1683,1207.69265,328.42235,621.8556833333333,366.0738833333333,0.0,112.23774999999989,0.0,767.03255,0.0,2052.258388888889,1200.0,0.0,655.6368166249994,0.0
2025-01-19,50,warmup,1.0956,1173.9216666666666,387.58026666666666,632.1364166666666,417.5146,0.0,786.3414,0.0,-0.0,0.0,1200.0,1200.0,0.0,4307.5781891999995,0.0
2025-01-19,51,warmup,1.0849,1222.9683333333337,451.1375,650.41,465.15625,0.0,771.8308333333337,0.0,-0.0,0.0,1200.0,1200.0,0.0,4186.796355416668,0.0
2025-01-19,52,warmup,1.061,1190.5599166666666,508.6227,642.7212499999999,519.66545,0.0,681.9372166666666,0.0,-0.0,0.0,1200.0,1200.0,0.0,3617.676934416666,0.0
2025-01-19,53,warmup,1.043,1159.6565333333333,560.2037,672.6172666666666,554.914,0.0,599.4528333333333,0.0,-0.0,0.0,1200.0,1200.0,0.0,3126.146525833333,0.0
2025-01-19,54,warmup,1.036,1182.21,603.1875,738.235,575.63125,0.0,579.0225,0.0,-0.0,0.0,1200.0,1200.0,0.0,2999.33655,0.0
2025-01-19,55,warmup,1.0147,1213.3816833333333,632.8914166666667,764.67775,617.0472333333333,0.0,580.4902666666666,0.0,-0.0,0.0,1200.0,1200.0,0.0,2945.1173679333324,0.0
2025-01-19,56,warmup,0.9922,1208.6565333333333,658.8009833333333,747.3351666666667,674.86915,0.0,549.85555,0.0,-0.0,0.0,1200.0,1200.0,0.0,2727.8333835500002,0.0
2025-01-19,57,warmup,0.97,1177.8316666666667,689.88125,726.9200000000001,725.5500000000001,0.0,487.9504166666667,0.0,-0.0,0.0,1200.0,1200.0,0.0,2366.5595208333334,0.0
2025-01-19,58,warmup,0.9422,1172.4404333333334,727.9133833333334,743.89395,746.0417833333332,0.0,444.52705000000003,0.0,-0.0,0.0,1200.0,1200.0,0.0,2094.16693255,0.0
2025-01-19,59,warmup,0.9569,1196.8093,762.8245333333333,734.5613833333333,750.9942500000001,0.0,433.9847666666666,0.0,-0.0,0.0,1200.0,1200.0,0.0,2076.400116116666,0.0
2025-01-19,60,warmup,0.9977,1209.69,790.4187499999999,697.2333333333332,764.0749999999999,0.0,419.2712500000001,0.0,-0.0,0.0,1200.0,1200.0,0.0,2091.534630625001,0.0
2025-01-19,61,warmup,0.9919,1168.78175,814.8189000000001,698.8172666666666,798.3806,0.0,353.96285,0.0,-0.0,0.0,1200.0,1200.0,0.0,1755.478754575,0.0
2025-01-19,62,warmup,0.9588,1156.0250166666667,838.6614333333333,727.0218833333333,828.198,0.0,317.3635833333334,0.0,-0.0,0.0,1200.0,1200.0,0.0,1521.4410185000002,0.0
2025-01-19,63,warmup,0.9549,1186.8833333333334,873.6437500000001,743.6783333333333,851.2375000000001,0.0,313.23958333333337,0.0,-0.0,0.0,1200.0,1200.0,0.0,1495.562390625,0.0
2025-01-19,64,warmup,0.9839,1198.5510166666666,929.2312666666668,719.6660833333334,883.57515,0.0,269.3197499999998,0.0,-0.0,0.0,1200.0,1200.0,0.0,1324.9185101249989,0.0
2025-01-19,65,warmup,0.799,1204.87735,969.50835,682.6373,885.2261,0.0,235.36900000000003,0.0,-0.0,0.0,1200.0,1200.0,0.0,940.2991550000002,0.0
2025-01-19,66,warmup,0.5025,1197.265,984.9625,677.9350000000001,869.1062499999999,0.0,212.30250000000012,0.0,0.0,0.0,1200.0,1200.0,0.0,533.4100312500002,0.0
2025-01-19,67,warmup,0.4662,1152.5289166666666,997.9167333333334,723.6699833333333,894.25785,451.70138405906147,536.2441326076053,833.3333333333334,0.0,0.0,1200.0,1950.0,210.58318524833444,1249.985073108328,1.1368683772161603e-13
2025-01-19,68,warmup,0.5007,1154.4774,1007.0467333333332,721.3532166666668,935.6315666666666,0.0,804.6233333333342,657.1926666666675,0.0,0.0,1950.0,2541.4734000000008,0.0,2014.3745150000025,0.0
2025-01-19,69,warmup,0.4827,1191.2816666666663,1014.31875,681.975,958.30625,0.0,1010.2962499999995,833.3333333333333,0.0,0.0,2541.4734000000008,3291.4734000000008,0.0,2438.349999374999,0.0
2025-01-19,70,warmup,0.4785,1166.7334,1027.4644666666666,711.0658166666667,950.3349333333334,0.0,972.6022666666668,833.3333333333333,0.0,0.0,3291.4734000000008,4041.4734000000008,0.0,2326.9509230000003,0.0
2025-01-19,71,warmup,0.4662,1135.05275,1038.9538166666666,740.7286,942.8706833333334,631.19125,298.2410166666667,833.3333333333333,0.0,0.0,4041.4734000000008,4791.473400000001,294.26136075,695.1998098500001,0.0
2025-01-19,72,warmup,0.4432,1110.4383333333333,1040.7375,728.2516666666667,949.6125000000001,611.9725,291.0616666666666,833.3333333333333,0.0,0.0,4791.473400000001,5541.473400000001,271.226212,644.9926533333331,0.0
2025-01-19,73,warmup,0.4411,1056.87595,1031.604833333333,701.1681666666667,960.4332666666666,574.0682333333335,284.53621666666675,833.3333333333333,0.0,0.0,5541.473400000001,6291.473400000001,253.2214977233334,627.5446258583335,0.0
2025-01-19,74,warmup,0.4551,1048.5315,1023.1429,686.56985,981.4428333333334,538.46035,320.2615833333333,833.3333333333333,0.0,0.0,6291.473400000001,7041.473400000001,245.05330528499996,728.7552328749999,0.0
2025-01-19,75,warmup,0.4463,1076.8916666666669,1008.50625,684.3683333333333,1003.7375000000001,513.9641666666666,387.75458333333347,833.3333333333333,0.0,0.0,7041.473400000001,7791.473400000001,229.3822075833333,865.2743527083337,0.0
2025-01-19,76,warmup,0.4113,1063.03155,971.07265,677.2975333333333,1006.1721833333332,504.4586833333334,420.83354999999983,833.3333333333333,0.0,0.0,7791.473400000001,8541.4734,207.48385645500002,865.4441955749995,0.0
2025-01-19,77,warmup,0.5682,1085.1525666666666,939.9261,683.1602666666666,996.4612666666667,0.0,458.5274666666669,313.3010000000003,0.0,0.0,8541.4734,8823.444300000001,0.0,1302.6765328000008,1.1368683772161603e-13
2025-01-19,78,warmup,0.8279,1134.655,920.21875,696.5166666666668,996.53125,0.0,0.0,0.0,214.43624999999997,0.0,8823.444300000001,8585.1818,0.0,0.0,0.0
2025-01-19,79,warmup,0.8636,1119.7907333333333,891.8814166666666,688.0187666666667,1015.1251333333333,0.0,0.0,0.0,227.90931666666665,0.0,8585.1818,8331.949225925926,0.0,0.0,0.0
2025-01-19,80,warmup,0.8416,1120.4868333333334,874.5335166666667,662.4071833333334,985.1408333333334,0.0,107.68110933333321,0.0,138.27220733333343,0.0,8331.949225925926,8178.31344,0.0,453.1221080746662,0.0
2025-01-19,81,warmup,0.8618,1148.475,856.9562500000001,645.26,912.025,0.0,291.51874999999984,0.0,0.0,0.0,8178.31344,8178.31344,0.0,1256.1542937499994,0.0
2025-01-19,82,warmup,0.8623,1131.4715666666666,807.1357833333333,661.3787666666666,871.3019666666668,0.0,324.3357833333333,0.0,0.0,0.0,8178.31344,8178.31344,0.0,1398.3737298416665,0.0
2025-01-19,83,warmup,0.9026,1109.1229166666667,771.8305999999999,685.0104166666666,852.7453,0.0,0.0,0.0,337.2923166666668,0.0,8178.31344,7803.544199259259,0.0,0.0,0.0
2025-01-19,84,warmup,0.9754,1103.395,757.5812500000001,686.56,829.9875000000001,0.0,0.0,0.0,345.8137499999999,0.0,7803.544199259259,7419.3066992592585,0.0,0.0,0.0
2025-01-19,85,warmup,1.0002,1095.23305,724.3495833333333,655.9648,791.9124499999999,0.0,0.0,0.0,370.8834666666668,0.0,7419.3066992592585,7007.213958518518,0.0,0.0,0.0
2025-01-19,86,warmup,0.9978,1088.7142,686.2887000000001,624.8686166666666,761.6870666666667,0.0,0.0,0.0,402.42549999999983,0.0,7007.213958518518,6560.074514074074,0.0,0.0,0.0
2025-01-19,87,warmup,1.0271,1085.5116666666663,650.2125,619.105,736.63125,0.0,0.0,0.0,435.29916666666634,0.0,6560.074514074074,6076.408773333334,0.0,0.0,0.0
2025-01-19,88,warmup,1.0906,1083.773,605.9846,637.1694,691.7595333333334,0.0,0.0,0.0,477.7883999999999,0.0,6076.408773333334,5545.532773333333,0.0,0.0,0.0
2025-01-19,89,warmup,0.9376,1100.3528166666667,561.8226833333333,635.2857833333334,648.8711166666667,0.0,538.5301333333334,0.0,0.0,0.0,5545.532773333333,5545.532773333333,0.0,2524.629265066667,0.0
2025-01-19,90,warmup,0.6694,1111.39,529.7312499999999,616.7483333333333,610.25625,6.492083333333312,1408.5000000000002,833.3333333333334,0.0,0.0,5545.532773333333,6295.532773333333,4.345800583333319,4714.249500000001,-1.1368683772161603e-13
2025-01-19,91,warmup,0.66,1072.6289333333334,512.4389,622.8273833333334,554.53245,68.29493333333335,1325.2284333333334,833.3333333333334,0.0,0.0,6295.532773333333,7045.532773333333,45.07465600000001,4373.253830000001,1.1368683772161603e-13
2025-01-19,92,warmup,0.7217,1038.0926833333333,481.01425,619.6244333333333,491.6920333333333,127.93239999999997,1262.4793666666667,833.3333333333334,0.0,0.0,7045.532773333333,7795.532773333333,92.32881307999997,4555.656794616667,-1.1368683772161603e-13
2025-01-19,93,warmup,0.7308,1039.19,427.95625,616.8183333333333,433.91249999999997,182.9058333333333,1261.66125,833.3333333333334,0.0,0.0,7795.532773333333,8545.532773333332,133.66758299999998,4610.1102075,-1.1368683772161603e-13
2025-01-19,94,warmup,0.7534,1059.0632833333334,373.12401666666665,657.84435,385.0182,272.82615,1246.4464500000001,833.3333333333334,0.0,0.0,8545.532773333332,9295.532773333332,205.54722140999996,4695.363777150001,1.1368683772161603e-13
2025-01-19,95,warmup,0.7823,1078.4637833333334,327.90091666666666,672.5232833333333,339.51321666666666,333.01006666666666,1250.8861333333334,833.3333333333334,0.0,0.0,9295.532773333332,10045.532773333332,260.5137751533333,4892.841110533334,1.1368683772161603e-13
2025-01-19,96,warmup,0.8055,1076.6866666666667,288.00625,638.1016666666667,291.23125,346.8704166666667,1275.1433333333334,833.3333333333334,0.0,0.0,10045.532773333332,10795.532773333332,279.404120625,5135.639775000001,-1.1368683772161603e-13
2025-01-19,97,warmup,0.8271,1046.67355,241.0789,604.5478166666667,237.46826666666666,367.07955000000004,443.4786851851882,4.963585185188339,0.0,0.0,10795.532773333332,10800.000000000002,303.611495805,1834.0061025833456,-1.687538997430238e-14
2025-01-19,98,warmup,0.8519,1039.0500166666668,194.86941666666667,604.6898666666667,183.01651666666666,421.67335,422.50725000000017,0.0,-2.5899282718455652e-14,0.0,10800.000000000002,10800.000000000002,359.223526865,1799.6696313750008,0.0
2025-01-19,99,warmup,0.8791,1063.58,151.89374999999998,622.0749999999999,135.0375,487.0374999999999,424.6487500000006,0.0,-5.546851866711222e-13,0.0,10800.000000000002,10800.000000000002,428.15466624999993,1866.5435806250025,0.0
2025-01-19,100,warmup,0.9024,1076.0196833333332,106.29951666666666,605.4765833333333,97.13158333333332,508.345,461.37516666666613,0.0,3.891287292390189e-13,0.0,10800.000000000002,10800.000000000002,458.730528,2081.7247519999974,0.0
2025-01-19,101,warmup,0.9163,1040.4678,60.56548333333333,543.1114,57.471016666666664,485.6403833333333,494.2619333333328,0.0,4.0927261579781767e-13,0.0,10800.000000000002,10800.000000000002,444.9922832483333,2264.4610475666645,0.0
2025-01-19,102,warmup,0.9264,996.1216666666666,23.3125,477.19666666666666,20.099999999999998,457.09666666666664,515.712500000001,0.0,-1.1050360626541079e-12,0.0,10800.000000000002,10800.000000000004,423.454352,2388.7803000000044,-1.1368683772161603e-13
2025-01-19,103,warmup,0.9462,1017.1013333333334,3.898816666666667,467.5936166666667,2.7629,464.8307166666667,548.371799999997,0.0,2.9467628337442877e-12,0.0,10800.000000000004,10800.0,439.82282411000006,2594.3469857999858,0.0
2025-01-19,104,warmup,0.9742,1032.1796,0.0,472.0541333333333,0.0,472.0541333333333,560.1254666666678,0.0,-1.1368683772161603e-12,0.0,10800.0,10800.000000000002,459.8751366933333,2728.3711481333385,0.0
2025-01-19,105,warmup,0.9862,1037.263333333333,0.0,466.27500000000003,0.0,466.27500000000003,570.988333333332,0.0,1.0529452310059639e-12,0.0,10800.000000000002,10800.0,459.84040500000003,2815.54347166666,0.0
2025-01-19,106,warmup,0.976,1072.7817,0.2179333333333333,464.9513,0.14491666666666667,464.8063833333333,607.7573833333333,0.0,0.0,0.0,10800.0,10800.0,453.6510301333333,2965.856030666667,0.0
2025-01-19,107,warmup,1.0742,953.7088,0.0,463.7437333333333,0.0,187.57673333333202,489.9650666666669,0.0,276.167000000001,0.0,10800.0,10493.147777777776,201.49492694666526,2631.6023730666684,-1.1368683772161603e-13
2025-01-19,108,warmup,1.2313,745.13,0.0,470.83500000000004,0.0,0.0,0.0,0.0,745.13,0.0,10493.147777777776,9665.225555555555,0.0,0.0,0.0
2025-01-19,109,warmup,1.2561,720.4326833333333,0.01565,496.25628333333333,0.0104,0.0,0.0,0.0,720.4170333333333,0.0,9665.225555555555,8864.762185185184,0.0,0.0,0.0
2025-01-19,110,warmup,1.2447,760.35505,0.0,489.35885,0.0,0.0,258.757100000001,0.0,501.597949999999,0.0,8864.762185185184,8307.43112962963,0.0,1610.3748118500062,0.0
2025-01-19,111,warmup,1.2545,749.335,0.0,451.9433333333333,0.0,0.0,0.0,0.0,749.335,0.0,8307.43112962963,7474.836685185184,0.0,0.0,0.0
2025-01-19,112,warmup,1.2522,700.1025166666667,0.0011166666666666,439.5705666666667,0.0007499999999999999,0.0,557.9232500000006,0.0,142.17814999999936,0.0,7474.836685185184,7316.860962962963,0.0,3493.157468250004,0.0
2025-01-19,113,warmup,1.2881,711.2790333333334,0.0,450.85645,0.0,0.0,260.42258333333297,0.0,450.8564500000004,0.0,7316.860962962963,6815.909351851851,0.0,1677.251647958331,0.0
2025-01-19,114,warmup,1.3466,758.3249999999999,0.0,452.885,0.0,0.0,0.0,0.0,758.3249999999999,0.0,6815.909351851851,5973.326018518518,0.0,0.0,0.0
2025-01-19,115,warmup,1.3523,725.9038666666667,0.0,423.35245000000003,0.0,0.0,0.0,0.0,725.9038666666667,0.0,5973.326018518518,5166.766166666666,0.0,0.0,0.0
2025-01-19,116,warmup,1.3445,704.7665000000001,0.0,442.8923666666667,0.0,0.0,403.95995000000056,0.0,300.8065499999995,0.0,5166.766166666666,4832.536666666667,0.0,2715.620763875004,0.0
2025-01-19,117,warmup,1.3483,733.3266666666667,0.0,488.08666666666664,0.0,0.0,0.0,0.0,733.3266666666667,0.0,4832.536666666667,4017.7292592592594,0.0,0.0,0.0
2025-01-19,118,warmup,1.349,753.2858166666666,0.0,456.32301666666666,0.0,0.0,0.0,0.0,753.2858166666666,0.0,4017.7292592592594,3180.745018518519,0.0,0.0,0.0
2025-01-19,119,warmup,1.3473,742.2715,0.0,442.85996666666665,0.0,0.0,742.2715,0.0,0.0,0.0,3180.745018518519,3180.745018518519,0.0,5000.311959749999,0.0
2025-01-19,120,warmup,1.3482,711.5416666666666,0.0,475.01666666666665,0.0,0.0,335.8678333333332,0.0,375.67383333333345,0.0,3180.745018518519,2763.3296481481484,0.0,2264.085064499999,0.0
2025-01-19,121,warmup,1.3513,696.4692833333334,0.0,480.7563,0.0,0.0,0.0,0.0,696.4692833333334,0.0,2763.3296481481484,1989.474888888889,0.0,0.0,0.0
2025-01-19,122,warmup,1.34,731.8172666666666,0.0,465.9056,0.0,0.0,731.8172666666665,0.0,0.0,0.0,1989.474888888889,1989.4748888888892,0.0,4903.175686666666,-1.1368683772161603e-13
2025-01-19,123,warmup,1.3489,781.21,0.0,455.83666666666664,0.0,0.0,541.0863166666662,0.0,240.12368333333345,0.0,1989.4748888888892,1722.6707962962964,0.0,3649.3566627583305,-3.410605131648481e-13
2025-01-19,124,warmup,1.3952,766.4613666666668,0.0,470.4037166666667,0.0,0.0,296.05765,0.0,470.40371666666675,0.0,1722.6707962962964,1200.0,0.0,2065.2981664000004,0.0
2025-01-19,125,warmup,1.2226,724.6809333333334,0.0,510.70525,0.0,0.0,724.6809333333334,0.0,-0.0,0.0,1200.0,1200.0,0.0,4429.974545466667,0.0
2025-01-19,126,warmup,0.9332,714.0766666666667,0.0,536.9866666666667,0.0,536.9866666666667,177.09000000000003,0.0,-0.0,0.0,1200.0,1200.0,501.11595733333337,826.3019400000002,0.0
2025-01-19,127,warmup,0.9068,754.86445,0.0,502.38898333333333,0.0,502.38898333333333,252.47546666666668,0.0,2.842170943040401e-14,0.0,1200.0,1200.0,455.5663300866667,1144.7237658666668,0.0
2025-01-19,128,warmup,0.9371,755.121,0.0,473.46075,0.0,473.46075,281.66024999999996,0.0,-0.0,0.0,1200.0,1200.0,443.68006882500003,1319.7191013749998,0.0
2025-01-19,129,warmup,0.9371,727.35,0.0,479.8566666666666,0.0,479.8566666666666,247.49333333333342,0.0,-2.842170943040401e-14,0.0,1200.0,1200.0,449.6736823333333,1159.6300133333339,0.0
2025-01-19,130,warmup,0.9871,756.1848666666666,0.0,485.7930833333333,0.0,485.7930833333333,270.3917833333333,0.0,-0.0,0.0,1200.0,1200.0,479.5263525583333,1334.5186466416667,0.0
2025-01-19,131,warmup,0.7764,695.1605500000001,0.0,458.64730000000003,0.0,458.64730000000003,236.51325,0.0,2.842170943040401e-14,0.0,1200.0,1200.0,356.09376372,918.1444364999999,0.0
2025-01-19,132,warmup,0.4209,562.8066666666667,0.0,420.56,0.0,420.56,142.24666666666673,0.0,-0.0,0.0,1200.0,1200.0,177.013704,299.3581100000001,0.0
2025-01-19,133,warmup,0.3859,542.3526833333334,0.0,426.2462,0.0,426.2462,116.10648333333341,0.0,-0.0,0.0,1200.0,1200.0,164.48840858,224.02745959166683,0.0
2025-01-19,134,warmup,0.4368,580.6007833333333,0.0,448.35355,0.0,448.35355,132.24723333333333,0.0,-0.0,0.0,1200.0,1200.0,195.84083064,288.8279576,0.0
2025-01-19,135,warmup,0.4198,600.7416666666667,0.0,453.03666666666663,0.0,453.03666666666663,147.70500000000004,0.0,-0.0,0.0,1200.0,1200.0,190.18479266666665,310.03279500000014,0.0
2025-01-19,136,warmup,0.4186,582.9563333333333,0.0,429.5550666666666,0.0,429.5550666666666,153.4012666666667,0.0,-0.0,0.0,1200.0,1200.0,179.81175090666665,321.0688511333334,0.0
2025-01-19,137,warmup,0.4241,580.7904333333333,0.0,401.05643333333336,0.0,401.05643333333336,179.73399999999998,0.0,-0.0,0.0,1200.0,1200.0,170.08803337666666,381.12594699999994,0.0
2025-01-19,138,warmup,0.4237,602.9350000000001,0.0,396.83,0.0,396.83,206.10500000000008,0.0,-0.0,0.0,1200.0,1200.0,168.136871,436.63344250000017,0.0
2025-01-19,139,warmup,0.4248,606.3471333333333,0.0,427.9829333333333,0.0,427.9829333333333,178.36420000000004,0.0,-0.0,0.0,1200.0,1200.0,181.80715007999999,378.8455608000001,0.0
2025-01-19,140,warmup,0.424,592.0573833333334,0.0,443.68833333333333,0.0,443.68833333333333,148.36905000000007,0.0,-0.0,0.0,1200.0,1200.0,188.12385333333333,314.5423860000002,0.0
2025-01-19,141,warmup,0.422,570.415,0.0,425.77,0.0,425.77,144.64499999999998,0.0,-0.0,0.0,1200.0,1200.0,179.67494,305.2009499999999,0.0
2025-01-19,142,warmup,0.424,554.35235,0.0,417.64348333333334,0.0,417.64348333333334,136.70886666666667,0.0,-0.0,0.0,1200.0,1200.0,177.08083693333333,289.82279733333337,0.0
2025-01-19,143,warmup,0.4271,574.2431666666666,0.0,509.3992166666667,0.0,509.3992166666667,64.84394999999995,0.0,-0.0,0.0,1200.0,1200.0,217.56440543833332,138.4742552249999,0.0
2025-01-19,144,warmup,0.4276,609.115,0.0,637.3183333333333,0.0,637.3183333333333,0.0,-0.0,0.0,28.203333333333262,1200.0,1200.0,272.5173193333333,0.0,0.0
2025-01-20,1,warmup,0.4248,606.2207999999999,0.0,636.8644666666667,0.0,1470.1978,0.0,833.3333333333334,0.0,30.643666666666604,1200.0,1950.0,624.54002544,0.0,0.0
2025-01-20,2,warmup,0.4245,606.2697166666667,0.0,596.6740666666667,0.0,1430.0074,9.595649999999978,833.3333333333333,0.0,0.0,1950.0,2700.0,607.0381413,20.366767124999953,0.0
2025-01-20,3,warmup,0.4269,619.885,0.0,594.1733333333333,0.0,1427.5066666666667,25.711666666666588,833.3333333333333,0.0,0.0,2700.0,3450.0,609.402596,54.881552499999835,0.0
2025-01-20,4,warmup,0.4272,618.2137833333334,0.0,620.6631,0.0,1453.9964333333332,0.0,833.3333333333333,0.0,2.4493166666666184,3450.0,4200.0,621.14727632,0.0,0.0
2025-01-20,5,warmup,0.4271,629.0592166666667,0.0,630.5256,0.0,1463.8589333333334,0.0,833.3333333333333,0.0,1.4663833333335106,4200.0,4950.0,625.2141504266667,0.0,0.0
2025-01-20,6,warmup,0.4285,656.5516666666666,0.0,622.4983333333333,0.0,1455.8316666666667,34.05333333333317,833.3333333333333,0.0,0.0,4950.0,5700.0,623.8238691666667,72.95926666666632,-1.1368683772161603e-13
2025-01-20,7,warmup,0.4311,668.98675,0.0,633.7338833333333,0.0,1300.40055,35.25286666666659,666.6666666666666,0.0,0.0,5700.0,6300.0,560.602677105,75.98755409999984,-1.1368683772161603e-13
2025-01-20,8,warmup,0.4302,646.8283333333333,0.0,644.9927,0.0,1478.3260333333333,1.8356333333332486,833.3333333333333,0.0,0.0,6300.0,7050.0,635.97585954,3.948447299999818,-1.1368683772161603e-13
2025-01-20,9,warmup,0.4279,614.585,0.0,643.5749999999999,0.0,1476.9083333333333,0.0,833.3333333333333,0.0,28.99000000000001,7050.0,7800.0,631.9690758333334,0.0,0.0
2025-01-20,10,warmup,0.4312,620.72175,0.0,639.2107166666666,0.0,639.2107166666666,0.0,18.488966666666556,0.0,0.0,7800.0,7816.6400699999995,275.62766102666666,0.0,0.0
2025-01-20,11,warmup,0.4333,647.7761666666667,0.0,645.6600500000001,0.0,645.6600500000001,0.0,0.0,2.116116666666585,0.0,7816.6400699999995,7814.288829259259,279.764499665,0.0,0.0
2025-01-20,12,warmup,0.4311,674.2816666666666,0.0,658.8316666666666,0.0,1492.165,0.0,817.8833333333333,0.0,0.0,7814.288829259259,8550.383829259259,643.2723315,0.0,0.0
2025-01-20,13,warmup,0.4293,690.5031333333333,0.0,664.1026666666667,0.0,1497.4360000000001,25.97398971193411,832.906856378601,0.0,0.0,8550.383829259259,9300.0,642.8492748000001,55.75316891666657,0.0
2025-01-20,14,warmup,0.4324,682.9346833333334,0.0,677.4254666666667,0.0,677.4254666666667,5.509216666666703,0.0,-0.0,0.0,9300.0,9300.0,292.9187717866667,11.91092643333341,0.0
2025-01-20,15,warmup,0.4367,659.6866666666666,0.0,681.605,0.0,681.605,0.0,0.0,0.0,21.918333333333408,9300.0,9300.0,297.6569035,0.0,0.0
2025-01-20,16,warmup,0.4348,647.1163166666666,0.0,644.0834166666667,0.0,644.0834166666667,3.032899999999927,0.0,-0.0,0.0,9300.0,9300.0,280.0474695666667,6.59352459999984,0.0
2025-01-20,17,warmup,0.4335,652.9966000000001,0.0,631.6821833333333,0.0,631.6821833333333,21.314416666666716,0.0,-0.0,0.0,9300.0,9300.0,273.834226475,46.19899812500011,0.0
2025-01-20,18,warmup,0.4357,662.73,0.0,664.775,0.0,664.775,0.0,0.0,0.0,2.044999999999959,9300.0,9300.0,289.64246749999995,0.0,0.0
2025-01-20,19,warmup,0.4374,656.1070333333333,0.0,695.7839,0.0,695.7839,0.0,0.0,0.0,39.67686666666668,9300.0,9300.0,304.33587786000004,0.0,0.0
2025-01-20,20,warmup,0.4371,658.4682333333334,0.0,693.5707666666667,0.0,693.5707666666667,0.0,0.0,0.0,35.10253333333333,9300.0,9300.0,303.15978211000004,0.0,0.0
2025-01-20,21,warmup,0.4356,663.47,0.0,660.8933333333333,0.0,660.8933333333333,2.5766666666667106,0.0,-0.0,0.0,9300.0,9300.0,287.885136,5.611980000000096,0.0
2025-01-20,22,warmup,0.4353,642.2942833333333,0.0,632.5577999999999,0.0,632.5577999999999,9.736483333333354,0.0,-0.0,0.0,9300.0,9300.0,275.35241034,21.191455975000043,0.0
2025-01-20,23,warmup,0.436,646.3615666666667,0.0,652.2090833333333,0.0,652.2090833333333,0.0,0.0,0.0,5.847516666666593,9300.0,9300.0,284.3631603333333,0.0,0.0
2025-01-20,24,warmup,0.4378,681.2383333333333,0.0,688.81,0.0,688.81,0.0,0.0,0.0,7.5716666666666015,9300.0,9300.0,301.561018,0.0,0.0
2025-01-20,25,warmup,0.4401,699.7870166666667,0.0,670.3374,0.0,670.3374,29.449616666666657,0.0,-0.0,0.0,9300.0,9300.0,295.01548974,64.80388147499997,0.0
2025-01-20,26,warmup,0.4389,708.74455,0.0,663.4198666666667,0.0,663.4198666666667,45.32468333333327,0.0,-0.0,0.0,9300.0,9300.0,291.17497948000005,99.46501757499986,0.0
2025-01-20,27,warmup,0.4364,709.3433333333334,0.0,686.0949999999999,0.0,686.0949999999999,23.24833333333345,0.0,-0.0,0.0,9300.0,9300.0,299.411858,50.72786333333358,0.0
2025-01-20,28,warmup,0.4393,691.8148333333334,0.0,687.2981333333333,0.0,687.2981333333333,4.516700000000014,0.0,-0.0,0.0,9300.0,9300.0,301.93006997333333,9.920931550000033,0.0
2025-01-20,29,warmup,0.4422,680.4421333333333,0.0,675.9187333333333,0.0,675.9187333333333,4.523400000000038,0.0,-0.0,0.0,9300.0,9300.0,298.89126388,10.001237400000083,0.0
2025-01-20,30,warmup,0.4395,691.0516666666667,0.0,676.3333333333334,0.0,676.3333333333334,14.718333333333362,0.0,-0.0,0.0,9300.0,9300.0,297.24850000000004,32.34353750000006,0.0
2025-01-20,31,warmup,0.4333,716.6586166666666,0.0,702.3887500000001,0.0,702.3887500000001,14.26986666666653,-0.0,0.0,0.0,9300.0,9300.0,304.34504537500004,30.91566613333304,0.0
2025-01-20,32,warmup,0.4439,728.5863666666668,0.0013,727.3856000000001,0.0011166666666666666,727.3844833333334,1.2005833333333986,0.0,-0.0,0.0,9300.0,9300.0,322.8859721516667,2.6646947083334784,0.0
2025-01-20,33,warmup,0.4301,711.3266666666667,0.0,711.5383333333333,0.0,1544.8716666666667,0.0,833.3333333333333,0.0,0.21166666666670153,9300.0,10050.0,664.4493038333333,0.0,0.0
2025-01-20,34,warmup,0.3713,690.44895,0.0,656.88555,0.0,1490.2188833333335,33.563399999999774,833.3333333333333,0.0,0.0,10050.0,10800.0,553.3182713816667,62.31045209999958,0.0
2025-01-20,35,warmup,0.5708,774.0390166666666,0.0182,733.0547,0.015600000000000001,733.0391000000001,40.981716666666536,0.0,-0.0,0.0,10800.0,10800.0,418.41871828,116.96181936666629,0.0
2025-01-20,36,warmup,0.9099,904.405,0.0,889.4,0.0,889.4,15.004999999999995,0.0,-0.0,0.0,10800.0,10800.0,809.2650600000001,68.26524749999999,0.0
2025-01-20,37,warmup,0.9368,909.1213333333334,0.0,901.9759333333333,0.0,226.9759333333334,7.145399999999995,0.0,675.0,0.0,10800.0,10050.0,212.6310543466667,33.46905359999998,0.0
2025-01-20,38,warmup,0.8758,896.4892,0.2535333333333333,895.45745,0.21725000000000003,895.2402,0.9954666666666904,0.0,-0.0,0.0,10050.0,10050.0,784.05136716,4.359148533333437,0.0
2025-01-20,39,warmup,0.8759,929.7216666666668,0.0,925.4716666666667,0.0,925.4716666666667,4.250000000000114,0.0,-0.0,0.0,10050.0,10050.0,810.6206328333334,18.6128750000005,0.0
2025-01-20,40,warmup,0.8601,957.1146166666668,0.0,916.3925333333333,0.0,916.3925333333333,40.72208333333356,0.0,-0.0,0.0,10050.0,10050.0,788.1892179199999,175.12531937500094,0.0
2025-01-20,41,warmup,0.8442,939.4489166666668,4.46085,901.9587166666666,3.9136666666666664,898.04505,36.943016666666885,0.0,-0.0,0.0,10050.0,10050.0,758.12963121,155.93647335000094,0.0
2025-01-20,42,warmup,0.8334,907.6633333333332,25.1,900.415,23.96875,876.44625,6.11708333333322,0.0,-0.0,0.0,10050.0,10050.0,730.43030475,25.489886249999525,0.0
2025-01-20,43,warmup,0.8092,928.2303166666668,61.12701666666666,892.1807333333333,62.713166666666666,829.4675666666666,37.63573333333355,0.0,-0.0,0.0,10050.0,10050.0,671.2051549466667,152.27417706666753,0.0
2025-01-20,44,warmup,0.7972,947.8763,98.6183,883.5705666666667,107.29915,776.2714166666667,72.9865833333333,0.0,-0.0,0.0,10050.0,10050.0,618.8435733666668,290.9245211666665,0.0
2025-01-20,45,warmup,0.7644,907.8966666666666,134.6875,862.0183333333333,153.2125,708.8058333333333,64.40333333333331,-0.0,0.0,0.0,10050.0,10050.0,541.811179,246.14953999999992,0.0
2025-01-20,46,warmup,0.6899,834.0919,177.02301666666665,838.1328333333332,203.96576666666667,1467.5004,22.901816666666832,833.3333333333334,0.0,0.0,10050.0,10800.0,1012.4285259599999,78.99981659166723,0.0
2025-01-20,47,warmup,0.86,972.00265,217.63145,1002.9044,246.14671666666666,756.7576833333334,0.0,0.0,-0.0,2.3864833333333593,10800.0,10800.0,650.8116076666666,0.0,-2.842170943040401e-14
2025-01-20,48,warmup,1.1617,1226.6966666666667,257.2,1235.6033333333332,281.73125,120.53874999999982,15.62458333333359,0.0,833.3333333333334,0.0,10800.0,9874.074074074075,140.02986587499979,90.75539229166814,0.0
2025-01-20,49,warmup,1.1683,1242.5369833333332,304.6535833333333,1207.69265,328.42235,45.936966666666535,58.613100000000145,0.0,833.3333333333334,0.0,9874.074074074075,8948.14814814815,53.66815815666651,342.38842365000085,2.2737367544323206e-13
2025-01-20,50,warmup,1.0956,1193.3836333333334,351.27098333333333,1173.9216666666666,387.58026666666666,0.0,8.77931666666666,0.0,833.3333333333334,0.0,8948.14814814815,8022.2222222222235,0.0,48.09309669999996,0.0
2025-01-20,51,warmup,1.0849,1203.1,394.0375,1222.9683333333335,451.1375,0.0,0.0,0.0,809.0624999999999,0.0,8022.2222222222235,7123.2638888888905,0.0,0.0,0.0
2025-01-20,52,warmup,1.061,1217.66505,438.76321666666666,1190.5599166666666,508.62269999999995,0.0,0.0,0.0,778.9018333333333,0.0,7123.2638888888905,6257.817407407409,0.0,0.0,0.0
2025-01-20,53,warmup,1.043,1218.7967,485.68548333333337,1159.6565333333333,560.2037,0.0,0.0,0.0,733.1112166666667,0.0,6257.817407407409,5443.24938888889,0.0,0.0,0.0
2025-01-20,54,warmup,1.036,1208.8566666666668,537.1999999999999,1182.21,603.1875,0.0,0.0,0.0,671.6566666666669,0.0,5443.24938888889,4696.964203703705,0.0,0.0,0.0
2025-01-20,55,warmup,1.0147,1197.7176333333334,593.8009333333333,1213.3816833333333,632.8914166666667,0.0,0.0,0.0,603.9167000000001,0.0,4696.964203703705,4025.945648148149,0.0,0.0,0.0
2025-01-20,56,warmup,0.9922,1187.0372666666667,635.0544,1208.6565333333333,658.8009833333333,0.0,0.0,0.0,551.9828666666667,0.0,4025.945648148149,3412.6313518518527,0.0,0.0,0.0
2025-01-20,57,warmup,0.97,1184.73,665.6374999999999,1177.8316666666667,689.88125,0.0,0.0,0.0,519.0925000000001,0.0,3412.6313518518527,2835.861907407408,0.0,0.0,0.0
2025-01-20,58,warmup,0.9422,1197.4942,712.5952166666666,1172.4404333333334,727.9133833333334,444.52705000000003,40.37193333333346,0.0,0.0,0.0,2835.861907407408,2835.861907407408,418.83338651,190.19217793333394,0.0
2025-01-20,59,warmup,0.9569,1195.3148666666666,770.8485833333334,1196.8093000000001,762.8245333333333,0.0,312.10799999999915,0.0,112.35828333333401,0.0,2835.861907407408,2711.0193703703703,0.0,1493.2807259999959,0.0
2025-01-20,60,warmup,0.9977,1180.25,825.53125,1209.69,790.4187499999999,0.0,0.0,0.0,354.71875,0.0,2711.0193703703703,2316.887425925926,0.0,0.0,0.0
2025-01-20,61,warmup,0.9919,1183.5146166666666,861.4814666666666,1168.7817499999999,814.8189000000001,0.0,0.0,0.0,322.03315,0.0,2316.887425925926,1959.0728148148148,0.0,0.0,0.0
2025-01-20,62,warmup,0.9588,1188.648866666667,869.8732,1156.0250166666667,838.6614333333333,0.0,0.0,0.0,318.7756666666669,0.0,1959.0728148148148,1604.8776296296294,0.0,0.0,0.0
2025-01-20,63,warmup,0.9549,1191.2216666666666,885.05625,1186.8833333333334,873.6437500000001,170.68946666666716,40.40583333333295,0.0,95.0701166666665,0.0,1604.8776296296294,1499.2441666666666,162.99137172000047,192.91765124999816,0.0
2025-01-20,64,warmup,0.9839,1202.5027833333334,949.8770333333332,1198.5510166666666,929.2312666666667,0.0,0.0,0.0,252.62575000000015,0.0,1499.2441666666666,1218.5488888888885,0.0,0.0,0.0
2025-01-20,65,warmup,0.799,1200.3031666666668,979.81275,1204.87735,969.5083500000001,235.36899999999991,0.0,0.0,0.0,14.878583333333154,1218.5488888888885,1218.5488888888885,188.05983099999995,0.0,0.0
2025-01-20,66,warmup,0.5025,1184.41,970.64375,1197.265,984.9625,1045.6358333333335,0.0,812.7234567901238,0.0,19.14612654320956,1218.5488888888885,1950.0,525.43200625,0.0,0.0
2025-01-20,67,warmup,0.4662,1177.50715,998.1872666666668,1152.5289166666666,997.9167333333334,987.9455166666667,24.707699999999704,833.3333333333333,0.0,0.0,1950.0,2700.0,460.58019987,57.59364869999931,0.0
2025-01-20,68,warmup,0.5007,1171.89395,1011.1469666666668,1154.4774,1007.0467333333332,980.7640000000001,13.31631666666624,833.3333333333333,0.0,0.0,2700.0,3450.0,491.0685348000001,33.33739877499893,0.0
2025-01-20,69,warmup,0.4827,1162.5183333333332,996.83125,1191.2816666666665,1014.31875,1010.2962499999999,0.0,833.3333333333333,0.0,11.275833333333367,3450.0,4200.0,487.669999875,0.0,0.0
2025-01-20,70,warmup,0.4785,1152.41775,1006.4735,1166.7334,1027.4644666666666,972.6022666666669,6.675316666666504,833.3333333333333,0.0,0.0,4200.0,4950.0,465.39018460000005,15.970695124999612,0.0
2025-01-20,71,warmup,0.4662,1135.1177,1057.8823333333332,1135.05275,1038.9538166666666,929.4322666666668,0.0,833.3333333333333,0.0,18.86356666666677,4950.0,5700.0,433.3013227200001,0.0,1.1368683772161603e-13
2025-01-20,72,warmup,0.4432,1111.985,1099.60625,1110.4383333333333,1040.7375,903.0341666666667,0.0,833.3333333333333,0.0,57.32208333333358,5700.0,6450.0,400.22474266666666,0.0,-1.1368683772161603e-13
2025-01-20,73,warmup,0.4411,1093.1939166666666,1059.4625833333332,1056.8759499999999,1031.6048333333333,858.6044499999999,8.460216666666724,833.3333333333333,0.0,0.0,6450.0,7200.0,378.73042289499995,18.65900785833346,0.0
2025-01-20,74,warmup,0.4551,1082.3126,1019.18965,1048.5315,1023.1428999999999,858.7219333333335,37.73434999999972,833.3333333333333,0.0,0.0,7200.0,7950.0,390.80435186000005,85.86451342499937,0.0
2025-01-20,75,warmup,0.4463,1069.9183333333333,1017.275,1076.8916666666667,1008.50625,901.71875,0.0,833.3333333333333,0.0,15.742083333333426,7950.0,8700.0,402.43707812499997,0.0,1.1368683772161603e-13
2025-01-20,76,warmup,0.4113,1050.2967833333337,1016.9914166666669,1063.03155,971.0726500000001,925.2922333333332,0.0,833.3333333333333,0.0,58.653533333333144,8700.0,9450.0,380.57269556999995,0.0,0.0
2025-01-20,77,warmup,0.5682,1073.7709,1010.2652333333334,1085.1525666666666,939.9261,978.5598,0.0,833.3333333333333,0.0,81.72080000000017,9450.0,10200.0,556.01767836,0.0,1.1368683772161603e-13
2025-01-20,78,warmup,0.8279,1120.635,995.8625,1134.655,920.21875,214.43624999999997,0.0,0.0,0.0,89.66374999999994,10200.0,10200.0,177.53177137499998,0.0,0.0
2025-01-20,79,warmup,0.8636,1115.0412,975.568,1119.7907333333333,891.8814166666666,227.90931666666665,0.0,0.0,0.0,88.43611666666675,10200.0,10200.0,196.82248587333333,0.0,0.0
2025-01-20,80,warmup,0.8416,1092.081,966.7533166666668,1120.4868333333334,874.5335166666667,245.95331666666664,0.0,0.0,0.0,120.62563333333355,10200.0,10200.0,206.99431130666665,0.0,0.0
2025-01-20,81,warmup,0.8618,1089.638333333333,958.75,1148.4750000000001,856.9562500000001,291.51875000000007,0.0,0.0,0.0,160.63041666666697,10200.0,10200.0,251.23085875000007,0.0,1.1368683772161603e-13
2025-01-20,82,warmup,0.8623,1110.4878333333334,921.0309166666666,1131.4715666666666,807.1357833333333,324.3357833333333,0.0,0.0,0.0,134.87886666666657,10200.0,10200.0,279.6747459683333,0.0,1.1368683772161603e-13
2025-01-20,83,warmup,0.9026,1121.5805666666668,870.7207333333334,1109.1229166666667,771.8305999999999,337.2923166666668,0.0,0.0,0.0,86.4324833333335,10200.0,10200.0,304.4400450233334,0.0,0.0
2025-01-20,84,warmup,0.9754,1107.225,820.9562500000001,1103.395,757.5812500000001,0.0,0.0,0.0,286.26874999999984,0.0,10200.0,9881.923611111111,0.0,0.0,0.0
2025-01-20,85,warmup,1.0002,1079.2582,770.2869000000001,1095.23305,724.3495833333333,0.0,0.0,0.0,308.9712999999999,0.0,9881.923611111111,9538.622166666666,0.0,0.0,0.0
2025-01-20,86,warmup,0.9978,1055.7111166666666,723.9499000000001,1088.7142000000001,686.2887000000001,0.0,0.0,0.0,331.76121666666654,0.0,9538.622166666666,9169.998592592592,0.0,0.0,0.0
2025-01-20,87,warmup,1.0271,1060.3233333333333,689.7125,1085.5116666666665,650.2125,0.0,0.0,0.0,370.6108333333333,0.0,9169.998592592592,8758.208777777778,0.0,0.0,0.0
2025-01-20,88,warmup,1.0906,1099.3048666666666,668.8171333333333,1083.773,605.9846,0.0,0.0,0.0,430.48773333333327,0.0,8758.208777777778,8279.889074074074,0.0,0.0,0.0
2025-01-20,89,warmup,0.9376,1095.8432333333333,635.0513666666667,1100.3528166666667,561.8226833333333,0.00013375571401576169,0.0,0.0,460.79173291095265,0.0,8279.889074074074,7767.89825972857,0.00012540935746117816,0.0,2.2737367544323206e-13
2025-01-20,90,warmup,0.6694,1063.3483333333334,586.3312500000001,1111.39,529.7312499999999,1414.9920833333335,0.0,361.91516460905405,0.0,576.0598353909462,7767.89825972857,8093.621907876719,947.1957005833335,0.0,1.1368683772161603e-13
2025-01-20,91,warmup,0.66,1084.8805333333332,543.7303,1072.6289333333334,512.4389,1393.5233666666668,0.0,833.3333333333333,0.0,19.039800000000355,8093.621907876719,8843.621907876719,919.7254220000001,0.0,1.1368683772161603e-13
2025-01-20,92,warmup,0.7217,1083.1513,497.73575,1038.0926833333333,481.01425,1390.4117666666666,28.33711666666659,833.3333333333333,0.0,0.0,8843.621907876719,9593.621907876719,1003.4601720033334,102.25448549166639,0.0
2025-01-20,93,warmup,0.7308,1056.875,448.64375,1039.19,427.95625,1444.5670833333334,0.0,833.3333333333333,0.0,3.0025000000000546,9593.621907876719,10343.621907876719,1055.6896245,0.0,0.0
2025-01-20,94,warmup,0.7534,1080.7998833333334,408.5393166666667,1059.0632833333334,373.12401666666665,1193.0260356925346,0.0,507.0867690258681,0.0,13.678699999999935,10343.621907876719,10800.0,898.8258152907555,0.0,0.0
2025-01-20,95,warmup,0.7823,1070.3166,365.9236666666666,1078.4637833333334,327.90091666666666,750.5628666666667,0.0,0.0,1.8417267710901796e-13,46.169933333333304,10800.0,10800.0,587.1653305933334,0.0,4.263256414560601e-14
2025-01-20,96,warmup,0.8055,1030.4366666666667,313.34375,1076.6866666666667,288.00624999999997,788.6804166666668,0.0,0.0,-0.0,71.58750000000009,10800.0,10800.0,635.2820756250001,0.0,0.0
2025-01-20,97,warmup,0.8271,1056.1585333333337,255.5853833333333,1046.67355,241.0789,805.59465,0.0,0.0,-0.0,5.021499999999605,10800.0,10800.0,666.3073350149999,0.0,0.0
2025-01-20,98,warmup,0.8519,1082.153366666667,205.2141,1039.0500166666668,194.86941666666667,844.1806000000001,32.75866666666764,0.0,-8.807821334257117e-13,0.0,10800.0,10800.000000000002,719.1574531400001,139.5355406666708,0.0
2025-01-20,99,warmup,0.8791,1063.5016666666668,162.36875,1063.58,151.89374999999998,911.68625,0.0,0.0,1.6575540939811615e-12,10.553333333334857,10800.000000000002,10800.0,801.4633823749999,0.0,1.9539925233402755e-14
2025-01-20,100,warmup,0.9024,1025.7288166666667,115.89486666666666,1076.0196833333332,106.29951666666666,969.7201666666665,0.0,0.0,1.8417267710901796e-13,59.88621666666663,10800.0,10800.0,875.0754783999998,0.0,1.4210854715202004e-13
2025-01-20,101,warmup,0.9163,1025.4214833333333,66.77845,1040.4678000000001,60.56548333333333,979.9023166666668,0.0,0.0,-0.0,21.259283333333528,10800.0,10800.0,897.8844927616668,0.0,1.4210854715202004e-14
2025-01-20,102,warmup,0.9264,1057.8566666666668,25.39375,996.1216666666666,23.3125,972.8091666666666,59.653750000001075,0.0,-8.31112678678636e-13,0.0,10800.0,10800.000000000002,901.2104119999999,276.31617000000494,-2.2737367544323206e-13
2025-01-20,103,warmup,0.9462,1062.6916166666667,4.1436166666666665,1017.1013333333334,3.898816666666667,1013.2025166666667,45.34548333333187,0.0,1.4733814168721438e-12,0.0,10800.000000000002,10800.0,958.6922212700001,214.52948164999307,0.0
2025-01-20,104,warmup,0.9742,1032.8423,0.0,1032.1796,0.0,1032.1796,0.6627000000003263,0.0,-0.0,0.0,10800.0,10800.0,1005.5493663199999,3.2280117000015887,2.2737367544323206e-13
2025-01-20,105,warmup,0.9862,1024.42,0.0,1037.2633333333333,0.0,1037.2633333333333,0.0,-6.160384702358357e-13,0.0,12.843333333333865,10800.0,10800.0,1022.9490993333333,0.0,0.0
2025-01-20,106,warmup,0.976,1070.9409,0.2299666666666666,1072.7817,0.21793333333333334,1072.5637666666667,0.0,0.0,-0.0,1.8528333333332625,10800.0,10800.0,1046.8222362666666,0.0,1.0236256287043943e-13
2025-01-20,107,warmup,1.0742,936.1628666666668,0.0,953.7088,0.0,953.7088,0.0,0.0,-0.0,17.54593333333321,10800.0,10800.0,1024.47399296,0.0,0.0
2025-01-20,108,warmup,1.2313,705.7733333333334,0.0,745.13,0.0,745.13,0.0,0.0,0.0,39.35666666666657,10800.0,10800.0,917.478569,0.0,0.0
2025-01-20,109,warmup,1.2561,714.52015,0.0165166666666666,720.4326833333333,0.01565,720.4170333333333,0.0,0.0,-0.0,5.913400000000002,10800.0,10800.0,904.9158355699999,0.0,2.220446049250313e-14
2025-01-20,110,warmup,1.2447,745.4868,0.0,760.35505,0.0,760.35505,0.0,0.0,-0.0,14.868249999999989,10800.0,10800.0,946.4139307349999,0.0,0.0
2025-01-20,111,warmup,1.2545,706.4250000000001,0.0,749.335,0.0,749.335,0.0,0.0,2.2737367544323206e-13,42.910000000000196,10800.0,10800.0,940.0407575,0.0,0.0
2025-01-20,112,warmup,1.2522,726.7895166666667,0.0011833333333333,700.1025166666667,0.0011166666666666666,700.1014,26.686933333333027,0.0,3.410605131648481e-13,0.0,10800.0,10800.0,876.66697308,167.08688959999807,0.0
2025-01-20,113,warmup,1.2881,758.0099166666668,0.0,711.2790333333334,0.0,176.65796666666722,46.73088333333351,0.0,534.621066666666,0.0,10800.0,10205.976592592593,227.55312686333406,300.9702541083345,0.0
2025-01-20,114,warmup,1.3466,764.1033333333334,0.0,758.3249999999999,0.0,0.0,0.0,0.0,764.1033333333334,0.0,10205.976592592593,9356.97288888889,0.0,0.0,0.0
2025-01-20,115,warmup,1.3523,761.5394500000001,0.0,725.9038666666667,0.0,0.0,0.0,0.0,761.5394500000001,0.0,9356.97288888889,8510.817944444445,0.0,0.0,0.0
2025-01-20,116,warmup,1.3445,737.8616999999999,0.0,704.7665000000001,0.0,0.0,0.0,0.0,737.8616999999999,0.0,8510.817944444445,7690.971611111112,0.0,0.0,0.0
2025-01-20,117,warmup,1.3483,703.8766666666667,0.0,733.3266666666667,0.0,0.0,0.0,0.0,703.8766666666667,0.0,7690.971611111112,6908.886425925927,0.0,0.0,0.0
2025-01-20,118,warmup,1.349,695.5520499999999,0.0,753.2858166666666,0.0,0.0,0.0,0.0,695.5520499999999,0.0,6908.886425925927,6136.0508148148165,0.0,0.0,0.0
2025-01-20,119,warmup,1.3473,723.0578,0.0,742.2715,0.0,0.0,0.0,0.0,723.0578,0.0,6136.0508148148165,5332.653259259261,0.0,0.0,0.0
2025-01-20,120,warmup,1.3482,748.2633333333333,0.0,711.5416666666666,0.0,0.0,0.0,0.0,748.2633333333333,0.0,5332.653259259261,4501.249555555558,0.0,0.0,0.0
2025-01-20,121,warmup,1.3513,722.8110833333334,0.0,696.4692833333334,0.0,0.0,0.0,0.0,722.8110833333334,0.0,4501.249555555558,3698.126129629632,0.0,0.0,0.0
2025-01-20,122,warmup,1.34,719.3642833333333,0.0,731.8172666666666,0.0,0.0,18.722133333331044,0.0,700.6421500000023,0.0,3698.126129629632,2919.6348518518516,0.0,125.438293333318,0.0
2025-01-20,123,warmup,1.3489,747.89,0.0,781.21,0.0,0.0,0.0,0.0,747.89,0.0,2919.6348518518516,2088.6459629629626,0.0,0.0,0.0
2025-01-20,124,warmup,1.3952,746.0286833333333,0.0,766.4613666666668,0.0,0.0,0.0,0.0,746.0286833333333,0.0,2088.6459629629626,1259.7252037037033,0.0,0.0,0.0
2025-01-20,125,warmup,1.2226,734.74755,0.0,724.6809333333334,0.0,724.6809333333334,0.0,0.0,10.066616666666755,0.0,1259.7252037037033,1248.5400740740736,885.9949090933334,0.0,1.1368683772161603e-13
2025-01-20,126,warmup,0.9332,734.19,0.0,714.0766666666667,0.0,714.0766666666667,0.0,0.0,20.11333333333307,0.0,1248.5400740740736,1226.1919259259257,666.3763453333333,0.0,-2.2737367544323206e-13
2025-01-20,127,warmup,0.9068,739.0307833333333,0.0,754.86445,0.0,754.86445,0.0,0.0,0.0,15.83366666666684,1226.1919259259257,1226.1919259259257,684.5110832600001,0.0,-6.750155989720952e-14
2025-01-20,128,warmup,0.9371,734.4167833333332,0.0,755.121,0.0,755.121,0.0,0.0,0.0,20.704216666666753,1226.1919259259257,1226.1919259259257,707.6238891,0.0,0.0
2025-01-20,129,warmup,0.9371,740.19,0.0,727.35,0.0,727.35,0.0,0.0,12.84000000000019,0.0,1226.1919259259257,1211.9252592592588,681.599685,0.0,1.1368683772161603e-13
2025-01-20,130,warmup,0.9871,772.3453166666667,0.0,756.1848666666666,0.0,756.1848666666666,5.427716666667129,0.0,10.732733333332954,0.0,1211.9252592592588,1200.0,746.4300818866666,26.788495608335616,0.0
2025-01-20,131,warmup,0.7764,693.95745,0.0,695.1605500000001,0.0,695.1605500000001,0.0,-0.0,0.0,1.2031000000000631,1200.0,1200.0,539.7226510200001,0.0,0.0
2025-01-20,132,warmup,0.4209,551.9616666666667,0.0,562.8066666666667,0.0,562.8066666666667,0.0,0.0,0.0,10.845000000000027,1200.0,1200.0,236.88532600000002,0.0,0.0
2025-01-20,133,warmup,0.3859,542.7839833333334,0.0,542.3526833333334,0.0,542.3526833333334,0.4312999999999647,0.0,-0.0,0.0,1200.0,1200.0,209.29390049833336,0.8321933499999319,0.0
2025-01-20,134,warmup,0.4368,574.9994833333334,0.0,580.6007833333333,0.0,580.6007833333333,0.0,-0.0,0.0,5.601299999999924,1200.0,1200.0,253.60642216,0.0,0.0
2025-01-20,135,warmup,0.4198,577.5783333333333,0.0,600.7416666666667,0.0,600.7416666666667,0.0,0.0,0.0,23.163333333333412,1200.0,1200.0,252.19135166666666,0.0,0.0
2025-01-20,136,warmup,0.4186,569.1000166666666,0.0,582.9563333333333,0.0,582.9563333333333,0.0,-0.0,0.0,13.856316666666658,1200.0,1200.0,244.02552113333334,0.0,0.0
2025-01-20,137,warmup,0.4241,548.6373833333333,0.0,580.7904333333333,0.0,580.7904333333333,0.0,-0.0,0.0,32.15305000000001,1200.0,1200.0,246.31322277666666,0.0,0.0
2025-01-20,138,warmup,0.4237,538.1783333333334,0.0,602.9350000000001,0.0,602.9350000000001,0.0,-0.0,0.0,64.75666666666666,1200.0,1200.0,255.46355950000003,0.0,0.0
2025-01-20,139,warmup,0.4248,567.4134833333334,0.0,606.3471333333333,0.0,606.3471333333333,0.0,-0.0,0.0,38.93364999999994,1200.0,1200.0,257.57626224,0.0,0.0
2025-01-20,140,warmup,0.424,584.2978166666667,0.0,592.0573833333334,0.0,592.0573833333334,0.0,-0.0,0.0,7.7595666666667285,1200.0,1200.0,251.03233053333335,0.0,0.0
2025-01-20,141,warmup,0.422,579.4533333333333,0.0,570.415,0.0,570.415,9.038333333333298,0.0,-0.0,0.0,1200.0,1200.0,240.71513,19.07088333333326,0.0
2025-01-20,142,warmup,0.424,593.5180833333333,0.0,554.35235,0.0,554.35235,39.165733333333264,0.0,-0.0,0.0,1200.0,1200.0,235.0453964,83.03135466666653,0.0
2025-01-20,143,warmup,0.4271,613.7404333333333,0.0,574.2431666666666,0.0,574.2431666666666,39.49726666666663,0.0,-0.0,0.0,1200.0,1200.0,245.2592564833333,84.34641296666659,0.0
2025-01-20,144,warmup,0.4276,618.2516666666667,0.0,609.115,0.0,609.115,9.136666666666656,0.0,-0.0,0.0,1200.0,1200.0,260.45757399999997,19.53419333333331,0.0
2025-01-21,1,warmup,0.4248,602.3762666666667,0.0,606.2207999999999,0.0,1439.5541333333333,0.0,833.3333333333334,0.0,3.8445333333332883,1200.0,1950.0,611.52259584,0.0,0.0
2025-01-21,2,warmup,0.4245,607.7250666666666,0.0,606.2697166666667,0.0,1439.6030500000002,1.4553499999997257,833.3333333333333,0.0,0.0,1950.0,2700.0,611.1114947250001,3.088980374999418,0.0
2025-01-21,3,warmup,0.4269,624.24,0.0,619.885,0.0,1453.2183333333332,4.355000000000018,833.3333333333333,0.0,0.0,2700.0,3450.0,620.3789065,9.295747500000038,0.0
2025-01-21,4,warmup,0.4272,604.1699333333333,0.0,618.2137833333334,0.0,1451.5471166666666,0.0,833.3333333333333,0.0,14.04385000000002,3450.0,4200.0,620.10092824,0.0,0.0
2025-01-21,5,warmup,0.4271,598.60095,0.0,629.0592166666667,0.0,1462.39255,0.0,833.3333333333333,0.0,30.45826666666676,4200.0,4950.0,624.587858105,0.0,0.0
2025-01-21,6,warmup,0.4285,612.6683333333334,0.0,656.5516666666666,0.0,1489.885,0.0,833.3333333333333,0.0,43.883333333333326,4950.0,5700.0,638.4157225,0.0,0.0
2025-01-21,7,warmup,0.4311,605.3798,0.0,668.98675,0.0,1335.6534166666668,0.0,730.2736166666667,0.0,0.0,5700.0,6357.246255,575.800187925,0.0,0.0
2025-01-21,8,warmup,0.4302,632.3933000000001,0.0,646.8283333333333,0.0,1480.1616666666666,0.0,769.7263833333333,0.0,78.04198333333329,6357.246255,7050.0,636.7655490000001,0.0,0.0
2025-01-21,9,warmup,0.4279,677.4516666666667,0.0,614.585,0.0,1447.9183333333335,62.86666666666645,833.3333333333333,0.0,0.0,7050.0,7800.0,619.5642548333334,134.50323333333287,-1.1368683772161603e-13
2025-01-21,10,warmup,0.4312,660.3152,0.0,620.72175,0.0,620.72175,39.59344999999996,0.0,-0.0,0.0,7800.0,7800.0,267.6552186,85.36347819999992,0.0
2025-01-21,11,warmup,0.4333,630.4236,0.0,647.7761666666667,0.0,647.7761666666667,0.0,17.35256666666669,0.0,0.0,7800.0,7815.61731,280.6814130166667,0.0,0.0
2025-01-21,12,warmup,0.4311,628.8883333333333,0.0,674.2816666666666,0.0,1507.615,0.0,815.980766666667,0.0,62.745899999999665,7815.61731,8550.0,649.9328265,0.0,0.0
2025-01-21,13,warmup,0.4293,649.2637666666667,0.0,690.5031333333333,0.0,1523.8364666666666,0.0,833.3333333333333,0.0,41.23936666666668,8550.0,9300.0,654.18299514,0.0,0.0
2025-01-21,14,warmup,0.4324,663.2285666666667,0.0,682.9346833333334,0.0,682.9346833333334,0.0,0.0,0.0,19.70611666666673,9300.0,9300.0,295.3009570733334,0.0,0.0
2025-01-21,15,warmup,0.4367,662.5366666666666,0.0,659.6866666666666,0.0,659.6866666666666,2.8500000000000227,0.0,-0.0,0.0,9300.0,9300.0,288.0851673333333,6.22297500000005,0.0
2025-01-21,16,warmup,0.4348,659.7484499999999,0.0,647.1163166666666,0.0,647.1163166666666,12.632133333333286,0.0,-0.0,0.0,9300.0,9300.0,281.3661744866667,27.46225786666656,0.0
2025-01-21,17,warmup,0.4335,650.8556666666667,0.0,652.9966000000001,0.0,652.9966000000001,0.0,0.0,0.0,2.1409333333333507,9300.0,9300.0,283.0740261,0.0,0.0
2025-01-21,18,warmup,0.4357,639.8283333333333,0.0,662.73,0.0,662.73,0.0,0.0,0.0,22.901666666666756,9300.0,9300.0,288.751461,0.0,0.0
2025-01-21,19,warmup,0.4374,643.4924666666667,0.0,656.1070333333333,0.0,656.1070333333333,0.0,0.0,0.0,12.614566666666633,9300.0,9300.0,286.98121638000003,0.0,0.0
2025-01-21,20,warmup,0.4371,678.1066833333333,0.0,658.4682333333334,0.0,658.4682333333334,19.63844999999992,0.0,-0.0,0.0,9300.0,9300.0,287.81646479,42.91983247499982,0.0
2025-01-21,21,warmup,0.4356,704.8883333333333,0.0,663.47,0.0,663.47,41.418333333333294,0.0,-0.0,0.0,9300.0,9300.0,289.007532,90.20912999999992,0.0
2025-01-21,22,warmup,0.4353,670.2434999999999,0.0,642.2942833333333,0.0,642.2942833333333,27.949216666666644,0.0,-0.0,0.0,9300.0,9300.0,279.590701535,60.83147007499995,0.0
2025-01-21,23,warmup,0.436,674.5888,0.0,646.3615666666667,0.0,646.3615666666667,28.227233333333288,0.0,-0.0,0.0,9300.0,9300.0,281.81364306666666,61.53536866666657,0.0
2025-01-21,24,warmup,0.4378,725.5616666666666,0.0,681.2383333333333,0.0,681.2383333333333,44.32333333333327,0.0,-0.0,0.0,9300.0,9300.0,298.24614233333335,97.02377666666652,0.0
2025-01-21,25,warmup,0.4401,730.5302166666667,0.0,699.7870166666667,0.0,699.7870166666667,30.7432,0.0,-0.0,0.0,9300.0,9300.0,307.976266035,67.6504116,0.0
2025-01-21,26,warmup,0.4389,720.8597666666666,0.0,708.74455,0.0,708.74455,12.115216666666583,0.0,-0.0,0.0,9300.0,9300.0,311.067982995,26.58684297499982,0.0
2025-01-21,27,warmup,0.4364,704.41,0.0,709.3433333333334,0.0,709.3433333333334,0.0,0.0,0.0,4.933333333333394,9300.0,9300.0,309.5574306666667,0.0,0.0
2025-01-21,28,warmup,0.4393,658.8190333333333,0.0,691.8148333333334,0.0,691.8148333333334,0.0,0.0,0.0,32.99580000000003,9300.0,9300.0,303.9142562833334,0.0,0.0
2025-01-21,29,warmup,0.4422,660.0759333333333,0.0,680.4421333333333,0.0,680.4421333333333,0.0,0.0,0.0,20.36620000000005,9300.0,9300.0,300.89151136,0.0,0.0
2025-01-21,30,warmup,0.4395,705.18,0.0,691.0516666666667,0.0,691.0516666666667,14.128333333333217,0.0,0.0,0.0,9300.0,9300.0,303.71720750000003,31.04701249999974,0.0
2025-01-21,31,warmup,0.4333,716.4424166666666,0.0,716.6586166666666,0.0,716.6586166666666,0.0,0.21619999999995798,0.0,0.0,9300.0,9300.19458,310.52817860166664,0.0,0.0
2025-01-21,32,warmup,0.4439,730.7619166666667,0.0012833333333333,728.5863666666668,0.0013,728.5850666666668,2.000444666667147,0.0,0.1751219999994646,0.0,9300.19458,9300.0,323.4189110933334,4.439986937667733,-1.1368683772161603e-13
2025-01-21,33,warmup,0.4301,736.8083333333334,0.0,711.3266666666667,0.0,1544.66,25.48166666666657,833.3333333333333,0.0,0.0,9300.0,10050.0,664.358266,54.79832416666646,0.0
2025-01-21,34,warmup,0.3713,700.0888666666666,0.0,690.44895,0.0,1523.7822833333335,9.639916666666409,833.3333333333333,0.0,0.0,10050.0,10800.0,565.7803618016667,17.896505291666188,1.1368683772161603e-13
2025-01-21,35,warmup,0.5708,792.66345,0.0178666666666666,774.0390166666666,0.0182,774.0208166666666,18.624766666666712,0.0,-0.0,0.0,10800.0,10800.0,441.8110821533333,53.155084066666795,0.0
2025-01-21,36,warmup,0.9099,946.075,0.0,904.4050000000001,0.0,904.4050000000001,41.66999999999996,0.0,-0.0,0.0,10800.0,10800.0,822.9181095000001,189.57766499999983,0.0
2025-01-21,37,warmup,0.9368,909.1154333333334,0.0,909.1213333333334,0.0,234.1213333333335,0.0,0.0,674.9940999999999,0.0,10800.0,10050.006555555556,219.3248650666668,0.0,0.0
2025-01-21,38,warmup,0.8758,862.9599333333334,0.2488,896.4892,0.25353333333333333,896.2356666666667,0.0,0.0,0.0,33.52453333333328,10050.006555555556,10050.006555555556,784.9231968666667,0.0,-4.263256414560601e-14
2025-01-21,39,warmup,0.8759,903.015,0.0,929.7216666666667,0.0,929.7216666666667,0.0,0.0,0.0,26.706666666666706,10050.006555555556,10050.006555555556,814.3432078333334,0.0,0.0
2025-01-21,40,warmup,0.8601,942.1395,0.0,957.1146166666667,0.0,957.1146166666667,0.0,0.0,0.0,14.975116666666736,10050.006555555556,10050.006555555556,823.214281795,0.0,0.0
2025-01-21,41,warmup,0.8442,951.5553333333334,4.446833333333333,939.4489166666667,4.46085,934.9880666666667,12.114533333333238,0.0,0.0059000000001105946,0.0,10050.006555555556,10050.0,789.31692588,51.1354451999996,0.0
2025-01-21,42,warmup,0.8334,924.1466666666666,26.5,907.6633333333333,25.099999999999998,882.5633333333333,15.083333333333371,0.0,-0.0,0.0,10050.0,10050.0,735.528282,62.852250000000154,0.0
2025-01-21,43,warmup,0.8092,875.2837333333333,67.76038333333334,928.2303166666667,61.12701666666666,867.1033,0.0,59.57995000000001,0.0,0.0,10050.0,10103.621955,701.65999036,0.0,4.263256414560601e-14
2025-01-21,44,warmup,0.7972,884.9663166666666,113.4777,947.8763,98.61829999999999,849.258,0.0,0.0,0.0,77.76938333333348,10103.621955,10103.621955,677.0284776000001,0.0,2.842170943040401e-14
2025-01-21,45,warmup,0.7644,919.82,158.1625,907.8966666666666,134.6875,773.2091666666666,0.0,0.0,0.0,11.551666666666591,10103.621955,10103.621955,591.041087,0.0,2.842170943040401e-14
2025-01-21,46,warmup,0.6899,893.4370833333334,207.6299,834.0919,177.02301666666665,1490.4022166666668,0.0,773.7533833333327,0.0,30.841650000000755,10103.621955,10800.0,1028.2284892783334,0.0,-1.1368683772161603e-13
2025-01-21,47,warmup,0.86,1010.4537666666666,258.4823333333333,972.00265,217.63145,754.3712,0.0,0.0,-0.0,2.3997666666667214,10800.0,10800.0,648.759232,0.0,5.684341886080802e-14
2025-01-21,48,warmup,1.1617,1214.495,310.99375000000003,1226.6966666666667,257.2,136.1633333333333,0.0,0.0,767.3379166666664,0.0,10800.0,9947.402314814815,158.1809443333333,0.0,-2.2737367544323206e-13
2025-01-21,49,warmup,1.1683,1222.68405,368.9858166666667,1242.5369833333332,304.6535833333333,104.55006666666657,0.0,0.0,749.1481666666668,0.0,9947.402314814815,9115.015462962963,122.14584288666654,0.0,0.0
2025-01-21,50,warmup,1.0956,1180.1796333333334,426.5235333333333,1193.3836333333334,351.27098333333333,8.77931666666666,0.0,0.0,744.8767833333334,0.0,9115.015462962963,8287.374592592592,9.618619339999992,0.0,0.0
2025-01-21,51,warmup,1.0849,1189.5316666666663,487.7375,1203.1000000000001,394.03749999999997,0.0,0.0,0.0,701.7941666666663,0.0,8287.374592592592,7507.603296296296,0.0,0.0,0.0
2025-01-21,52,warmup,1.061,1205.2338,558.7849666666667,1217.66505,438.76321666666666,0.0,0.0,0.0,646.4488333333333,0.0,7507.603296296296,6789.3268148148145,0.0,0.0,0.0
2025-01-21,53,warmup,1.043,1204.075833333333,605.8012166666666,1218.7967,485.68548333333337,0.0,0.0,0.0,598.2746166666665,0.0,6789.3268148148145,6124.57724074074,0.0,0.0,0.0
2025-01-21,54,warmup,1.036,1200.0666666666666,633.9187499999999,1208.8566666666668,537.1999999999999,0.0,0.0,0.0,566.1479166666667,0.0,6124.57724074074,5495.523999999999,0.0,0.0,0.0
2025-01-21,55,warmup,1.0147,1216.569616666667,680.1670333333333,1197.7176333333334,593.8009333333333,0.0,0.0,0.0,536.4025833333336,0.0,5495.523999999999,4899.521129629628,0.0,0.0,0.0
2025-01-21,56,warmup,0.9922,1198.1406,714.5665166666666,1187.0372666666667,635.0544,0.0,0.0,0.0,483.5740833333333,0.0,4899.521129629628,4362.216592592591,0.0,0.0,0.0
2025-01-21,57,warmup,0.97,1151.5916666666667,734.56875,1184.73,665.6374999999999,0.0,0.0,0.0,417.0229166666667,0.0,4362.216592592591,3898.8577962962945,0.0,0.0,0.0
2025-01-21,58,warmup,0.9422,1149.3555333333334,773.4791833333334,1197.4941999999999,712.5952166666666,484.89898333333326,0.0,0.0,0.0,109.02263333333326,3898.8577962962945,3898.8577962962945,456.8718220966666,0.0,0.0
2025-01-21,59,warmup,0.9569,1195.4661166666667,829.0085666666668,1195.3148666666666,770.8485833333334,200.34388333333342,0.0,0.0,166.11366666666652,0.0,3898.8577962962945,3714.2870555555537,191.70906196166675,0.0,-2.2737367544323206e-13
2025-01-21,60,warmup,0.9977,1236.535,886.8125,1180.25,825.53125,0.0,0.0,0.0,349.7225000000001,0.0,3714.2870555555537,3325.706499999998,0.0,0.0,0.0
2025-01-21,61,warmup,0.9919,1211.338616666667,934.09325,1183.5146166666666,861.4814666666666,0.0,0.0,0.0,277.2453666666669,0.0,3325.706499999998,3017.6560925925905,0.0,0.0,0.0
2025-01-21,62,warmup,0.9588,1181.94555,974.1188333333332,1188.6488666666667,869.8732,0.0,0.0,0.0,207.8267166666667,0.0,3017.6560925925905,2786.7375185185165,0.0,0.0,0.0
2025-01-21,63,warmup,0.9549,1172.4983333333332,996.45,1191.2216666666666,885.05625,306.1654166666666,0.0,0.0,0.0,130.11708333333343,2786.7375185185165,2786.7375185185165,292.35735637499994,0.0,-1.1368683772161603e-13
2025-01-21,64,warmup,0.9839,1154.1555833333334,990.6205666666666,1202.5027833333334,949.8770333333333,0.0,0.0,0.0,163.53501666666682,0.0,2786.7375185185165,2605.031944444442,0.0,0.0,0.0
2025-01-21,65,warmup,0.799,1160.093116666667,1014.2281,1200.3031666666668,979.81275,220.49041666666676,0.0,0.0,0.0,74.6253999999999,2605.031944444442,2605.031944444442,176.17184291666675,0.0,0.0
2025-01-21,66,warmup,0.5025,1176.6033333333332,1077.45625,1184.41,970.6437500000001,1047.0995833333334,0.0,0.0,0.0,947.9525000000001,2605.031944444442,2605.031944444442,526.167540625,0.0,0.0
2025-01-21,67,warmup,0.4662,1152.5735666666667,1134.5871166666668,1177.5071500000001,998.1872666666667,1012.6532166666668,0.0,105.5200617283976,0.0,889.1467049382693,2605.031944444442,2700.0,472.0989296100001,0.0,0.0
2025-01-21,68,warmup,0.5007,1137.1097666666667,1174.6662,1171.89395,1011.1469666666667,994.0803166666666,0.0,833.3333333333333,0.0,198.3034166666664,2700.0,3450.0,497.736014555,0.0,2.2737367544323206e-13
2025-01-21,69,warmup,0.4827,1142.4216666666666,1193.1875,1162.5183333333332,996.8312500000001,999.0204166666665,0.0,833.3333333333333,0.0,216.45291666666662,3450.0,4200.0,482.22715512499997,0.0,-2.2737367544323206e-13
2025-01-21,70,warmup,0.4785,1127.282866666667,1187.34995,1152.41775,1006.4735000000001,979.2775833333334,0.0,833.3333333333333,0.0,206.01133333333314,4200.0,4950.0,468.584323625,0.0,0.0
2025-01-21,71,warmup,0.4662,1088.1384833333334,1172.6857333333337,1135.1177,1057.8823333333332,910.5687000000001,0.0,833.3333333333333,0.0,161.7826166666672,4950.0,5700.0,424.5071279400001,0.0,1.1368683772161603e-13
2025-01-21,72,warmup,0.4432,1050.5883333333334,1162.59375,1111.985,1099.60625,845.7120833333332,0.0,833.3333333333333,0.0,124.3841666666666,5700.0,6450.0,374.81959533333327,0.0,1.1368683772161603e-13
2025-01-21,73,warmup,0.4411,1046.4406333333334,1162.7233166666667,1093.1939166666666,1059.4625833333332,867.0646666666668,0.0,833.3333333333333,0.0,150.01401666666686,6450.0,7200.0,382.4622244666667,0.0,1.1368683772161603e-13
2025-01-21,74,warmup,0.4551,1056.8272833333333,1173.80925,1082.3126,1019.1896499999999,896.4562833333334,0.0,833.3333333333333,0.0,180.1049166666669,7200.0,7950.0,407.97725454500005,0.0,-2.2737367544323206e-13
2025-01-21,75,warmup,0.4463,1065.5566666666666,1174.68125,1069.9183333333333,1017.275,885.9766666666667,0.0,833.3333333333333,0.0,161.7679166666669,7950.0,8700.0,395.4113863333333,0.0,2.2737367544323206e-13
2025-01-21,76,warmup,0.4113,1072.8366166666667,1140.161916666667,1050.2967833333335,1016.9914166666667,866.6387000000001,0.0,833.3333333333333,0.0,100.63066666666703,8700.0,9450.0,356.44849731000005,0.0,-1.1368683772161603e-13
2025-01-21,77,warmup,0.5682,1082.0754,1109.9187333333332,1073.7709,1010.2652333333334,896.8389999999999,0.0,833.3333333333333,0.0,91.34899999999993,9450.0,10200.0,509.5839198,0.0,0.0
2025-01-21,78,warmup,0.8279,1093.26,1091.61875,1120.635,995.8625000000001,124.77249999999992,0.0,0.0,0.0,123.13125000000002,10200.0,10200.0,103.29915274999993,0.0,1.1368683772161603e-13
2025-01-21,79,warmup,0.8636,1102.4355,1054.1222666666663,1115.0412,975.5680000000001,139.4731999999998,0.0,0.0,0.0,91.15996666666604,10200.0,10200.0,120.44905551999983,0.0,1.1368683772161603e-13
2025-01-21,80,warmup,0.8416,1105.6931,1005.2541833333332,1092.081,966.7533166666667,125.3276833333332,0.0,0.0,0.0,24.88876666666647,10200.0,10200.0,105.47577829333322,0.0,0.0
2025-01-21,81,warmup,0.8618,1090.355,972.9625,1089.6383333333333,958.75,130.88833333333332,0.0,0.0,0.0,13.49583333333328,10200.0,10200.0,112.79956566666665,0.0,1.1368683772161603e-13
2025-01-21,82,warmup,0.8623,1053.0855666666666,976.3797666666666,1110.4878333333334,921.0309166666666,189.45691666666676,0.0,0.0,0.0,112.75111666666669,10200.0,10200.0,163.36869924166675,0.0,1.1368683772161603e-13
2025-01-21,83,warmup,0.9026,1059.2457333333334,962.49465,1121.5805666666668,870.7207333333334,250.8598333333333,0.0,0.0,0.0,154.10874999999987,10200.0,10200.0,226.42608556666664,0.0,0.0
2025-01-21,84,warmup,0.9754,1101.1016666666667,917.4125,1107.2250000000001,820.9562500000001,0.0,0.0,0.0,183.68916666666667,0.0,10200.0,9995.900925925926,0.0,0.0,0.0
2025-01-21,85,warmup,1.0002,1106.1867333333332,870.8613166666668,1079.2582,770.2869000000001,0.0,0.0,0.0,235.32541666666646,0.0,9995.900925925926,9734.42824074074,0.0,0.0,0.0
2025-01-21,86,warmup,0.9978,1102.6892,800.4657666666667,1055.7111166666666,723.9499000000001,0.0,0.0,0.0,302.22343333333333,0.0,9734.42824074074,9398.624425925926,0.0,0.0,0.0
2025-01-21,87,warmup,1.0271,1102.236666666667,725.9250000000001,1060.3233333333333,689.7125,0.0,0.0,0.0,376.31166666666684,0.0,9398.624425925926,8980.500351851852,0.0,0.0,0.0
2025-01-21,88,warmup,1.0906,1084.1248666666668,698.4458500000001,1099.3048666666666,668.8171333333333,0.0,0.0,0.0,385.6790166666667,0.0,8980.500351851852,8551.968111111111,0.0,0.0,0.0
2025-01-21,89,warmup,0.9376,1068.3042666666668,674.1968666666667,1095.8432333333333,635.0513666666667,0.00013375367738439615,0.0,0.0,394.10726624632275,0.0,8551.968111111111,8114.071148615197,0.00012540744791560984,0.0,0.0
2025-01-21,90,warmup,0.6694,1065.18,627.0500000000001,1063.3483333333334,586.3312500000001,1310.3504166666667,0.0,448.69679012345637,0.0,423.5236265432103,8114.071148615197,8517.898259726308,877.1485689166667,0.0,1.1368683772161603e-13
2025-01-21,91,warmup,0.66,1068.2598666666663,569.6959499999999,1084.8805333333332,543.7303,1374.4835666666665,0.0,833.3333333333333,0.0,42.5863166666669,8517.898259726308,9267.898259726308,907.159154,0.0,1.1368683772161603e-13
2025-01-21,92,warmup,0.7217,1083.23185,502.22496666666666,1083.1513,497.73575,1418.7488833333332,0.0,833.3333333333333,0.0,4.408666666666704,9267.898259726308,10017.898259726308,1023.9110691016666,0.0,0.0
2025-01-21,93,warmup,0.7308,1097.5683333333334,430.80625,1056.875,448.64375,1441.5645833333333,58.53083333333336,833.3333333333333,0.0,0.0,10017.898259726308,10767.898259726308,1053.4953975,213.8716650000001,0.0
2025-01-21,94,warmup,0.7534,1085.3857833333334,369.2254666666667,1080.7998833333334,408.5393166666667,707.929166970769,43.899750000000765,35.66860030410304,0.0,0.0,10767.898259726308,10800.0,533.3538343957773,165.37035825000288,-9.947598300641403e-14
2025-01-21,95,warmup,0.7823,1053.6657166666666,322.54995,1070.3165999999999,365.92366666666663,704.3929333333333,26.722833333333792,0.0,-4.817057863704122e-13,0.0,10800.0,10800.0,551.0465917466666,104.52636258333513,0.0
2025-01-21,96,warmup,0.8055,1026.015,284.0375,1030.4366666666667,313.34375,717.0929166666667,24.88458333333384,0.0,-4.835531974833884e-13,0.0,10800.0,10800.0,577.618344375,100.22265937500204,0.0
2025-01-21,97,warmup,0.8271,1026.82835,241.1392833333333,1056.1585333333335,255.58538333333334,800.5731500000002,0.0,0.0,2.3021584638627248e-14,14.884083333333502,10800.0,10800.0,662.1540523650001,0.0,9.059419880941277e-14
2025-01-21,98,warmup,0.8519,1050.2959,196.0572833333333,1082.1533666666667,205.2141,876.9392666666666,0.0,0.0,1.1510792319313622e-14,22.700649999999865,10800.0,10800.0,747.0645612733333,0.0,-9.592326932761353e-14
2025-01-21,99,warmup,0.8791,1067.8466666666666,152.13125,1063.5016666666668,162.36875,901.1329166666668,14.582500000000532,0.0,-7.501554932787256e-13,0.0,10800.0,10800.0,792.1859470416667,64.09737875000235,0.0
2025-01-21,100,warmup,0.9024,1051.1191833333337,109.42035,1025.7288166666667,115.89486666666666,909.8339500000001,31.864883333334134,0.0,-5.065747821220156e-13,0.0,10800.0,10800.0,821.0341564800001,143.7743536000036,0.0
2025-01-21,101,warmup,0.9163,1031.7794833333337,65.84911666666666,1025.4214833333333,66.77845,958.6430333333333,7.287333333332427,0.0,1.3359335859775002e-12,0.0,10800.0,10799.999999999998,878.4046114433332,33.38691766666251,0.0
2025-01-21,102,warmup,0.9264,1027.2983333333334,27.25,1057.8566666666668,25.39375,1032.4629166666668,0.0,0.0,-1.4733814168721436e-12,32.41458333333197,10799.999999999998,10800.0,956.4736460000001,0.0,1.0658141036401503e-13
2025-01-21,103,warmup,0.9462,1027.0610666666666,4.9521500000000005,1062.6916166666667,4.1436166666666665,1058.548,0.0,0.0,1.8417267710901796e-13,36.43908333333354,10800.0,10800.0,1001.5981176,0.0,1.1368683772161603e-13
2025-01-21,104,warmup,0.9742,1026.2390833333334,0.0,1032.8423,0.0,1032.8423,0.0,0.0,-0.0,6.60321666666664,10800.0,10800.0,1006.19496866,0.0,0.0
2025-01-21,105,warmup,0.9862,1036.6683333333333,0.0,1024.42,0.0,1024.42,12.248333333334777,0.0,-1.5562950927971998e-12,0.0,10800.0,10800.000000000002,1010.283004,60.39653166667379,0.0
2025-01-21,106,warmup,0.976,1051.7018333333333,0.2830833333333333,1070.9409,0.22996666666666665,1070.7109333333333,0.0,0.0,1.6575540939811617e-12,19.292183333334982,10800.000000000002,10800.0,1045.0138709333332,0.0,-1.4921397450962104e-13
2025-01-21,107,warmup,1.0742,940.8711833333332,0.0,936.1628666666667,0.0,936.1628666666667,4.708316666669884,0.0,-3.364434863952631e-12,0.0,10800.0,10800.000000000004,1005.6261513733334,25.28836881668395,0.0
2025-01-21,108,warmup,1.2313,763.0633333333334,0.0,705.7733333333334,0.0,705.7733333333334,57.289999999996894,0.0,3.066857967668618e-12,0.0,10800.000000000004,10800.0,869.0187053333335,352.7058849999809,0.0
2025-01-21,109,warmup,1.2561,720.1234833333333,0.0203166666666666,714.52015,0.016516666666666666,714.5036333333333,5.599533333333487,0.0,-1.1191048088221578e-13,0.0,10800.0,10800.0,897.4880138299999,35.167869100000964,0.0
2025-01-21,110,warmup,1.2447,709.9260333333333,0.0,745.4868,0.0,745.4868,0.0,0.0,1.1782139716989824e-13,35.560766666666844,10800.0,10800.0,927.90741996,0.0,-7.105427357601002e-15
2025-01-21,111,warmup,1.2545,690.565,0.0,706.4250000000001,0.0,706.4250000000001,0.0,0.0,0.0,15.860000000000014,10800.0,10800.0,886.2101625,0.0,0.0
2025-01-21,112,warmup,1.2522,722.3166500000001,0.0014666666666666,726.7895166666667,0.0011833333333333333,726.7883333333334,0.0,0.0,-0.0,4.4731499999999835,10800.0,10800.0,910.0843510000001,0.0,4.884981308350689e-14
2025-01-21,113,warmup,1.2881,724.61985,0.0,758.0099166666668,0.0,188.35829999999999,0.0,0.0,536.2615500000002,0.0,10800.0,10204.153833333334,242.62432622999998,0.0,1.1368683772161603e-13
2025-01-21,114,warmup,1.3466,693.3533333333334,0.0,764.1033333333334,0.0,0.0,0.0,0.0,693.3533333333335,0.0,10204.153833333334,9433.761240740741,0.0,0.0,1.1368683772161603e-13
2025-01-21,115,warmup,1.3523,707.1670833333333,0.0,761.5394500000001,0.0,0.0,0.0,0.0,707.1670833333333,0.0,9433.761240740741,8648.020037037038,0.0,0.0,0.0
2025-01-21,116,warmup,1.3445,725.1707166666666,0.0,737.8616999999999,0.0,0.0,0.0,0.0,725.1707166666666,0.0,8648.020037037038,7842.274796296298,0.0,0.0,0.0
2025-01-21,117,warmup,1.3483,722.3216666666667,0.0,703.8766666666667,0.0,0.0,0.0,0.0,722.3216666666667,0.0,7842.274796296298,7039.695166666668,0.0,0.0,0.0
2025-01-21,118,warmup,1.349,718.5804499999999,0.0,695.5520499999999,0.0,0.0,0.0,0.0,718.5804499999999,0.0,7039.695166666668,6241.272444444446,0.0,0.0,0.0
2025-01-21,119,warmup,1.3473,724.9895666666666,0.0,723.0578,0.0,0.0,0.0,0.0,724.9895666666666,0.0,6241.272444444446,5435.728481481483,0.0,0.0,0.0
2025-01-21,120,warmup,1.3482,726.5500000000001,0.0,748.2633333333333,0.0,0.0,0.0,0.0,726.5500000000001,0.0,5435.728481481483,4628.450703703705,0.0,0.0,0.0
2025-01-21,121,warmup,1.3513,702.7431666666666,0.0,722.8110833333334,0.0,0.0,0.0,0.0,702.7431666666666,0.0,4628.450703703705,3847.6249629629638,0.0,0.0,0.0
2025-01-21,122,warmup,1.34,701.4849166666667,0.0,719.3642833333333,0.0,0.0,0.0,0.0,701.4849166666667,0.0,3847.6249629629638,3068.1972777777787,0.0,0.0,0.0
2025-01-21,123,warmup,1.3489,727.2950000000001,0.0,747.89,0.0,0.0,0.0,0.0,727.2950000000001,0.0,3068.1972777777787,2260.091722222223,0.0,0.0,0.0
2025-01-21,124,warmup,1.3952,736.7568666666666,0.0,746.0286833333333,0.0,0.0,0.0,0.0,736.7568666666666,0.0,2260.091722222223,1441.4729814814823,0.0,0.0,0.0
2025-01-21,125,warmup,1.2226,737.5447166666667,0.0,734.74755,0.0,734.74755,0.0,0.0,2.797166666666726,0.0,1441.4729814814823,1438.3650185185193,898.30235463,0.0,1.1368683772161603e-13
2025-01-21,126,warmup,0.9332,746.0766666666667,0.0,734.19,0.0,734.19,0.0,0.0,11.886666666666814,0.0,1438.3650185185193,1425.1576111111117,685.146108,0.0,1.1368683772161603e-13
2025-01-21,127,warmup,0.9068,762.9402666666666,0.0,739.0307833333333,0.0,739.0307833333333,0.0,0.0,23.9094833333334,0.0,1425.1576111111117,1398.591518518519,670.1531143266666,0.0,0.0
2025-01-21,128,warmup,0.9371,747.7406,0.0,734.4167833333332,0.0,734.4167833333332,0.0,0.0,13.323816666666765,0.0,1398.591518518519,1383.7872777777782,688.2219676616666,0.0,0.0
2025-01-21,129,warmup,0.9371,730.7466666666666,0.0,740.19,0.0,740.19,0.0,0.0,0.0,9.443333333333385,1383.7872777777782,1383.7872777777782,693.632049,0.0,1.1368683772161603e-13
2025-01-21,130,warmup,0.9871,766.1499166666667,0.0,772.3453166666667,0.0,772.3453166666667,0.0,0.0,0.0,6.195399999999836,1383.7872777777782,1383.7872777777782,762.3820620816666,0.0,1.1368683772161603e-13
2025-01-21,131,warmup,0.7764,691.4811833333333,0.0,693.95745,0.0,693.95745,0.0,0.0,0.0,2.4762666666667883,1383.7872777777782,1383.7872777777782,538.78856418,0.0,-1.1368683772161603e-13
2025-01-21,132,warmup,0.4209,541.3149999999999,0.0,551.9616666666667,0.0,551.9616666666667,0.0,0.0,0.0,10.646666666666851,1383.7872777777782,1383.7872777777782,232.32066550000002,0.0,-9.059419880941277e-14
2025-01-21,133,warmup,0.3859,525.76545,0.0,542.7839833333334,0.0,542.7839833333334,0.0,0.0,0.0,17.01853333333347,1383.7872777777782,1383.7872777777782,209.46033916833335,0.0,-8.881784197001252e-14
2025-01-21,134,warmup,0.4368,553.44885,0.0,574.9994833333334,0.0,574.9994833333334,0.0,0.0,0.0,21.55063333333346,1383.7872777777782,1383.7872777777782,251.15977432000003,0.0,-6.750155989720952e-14
2025-01-21,135,warmup,0.4198,562.5216666666666,0.0,577.5783333333333,0.0,577.5783333333333,0.0,0.0,0.0,15.056666666666729,1383.7872777777782,1383.7872777777782,242.4673843333333,0.0,-1.1368683772161603e-13
2025-01-21,136,warmup,0.4186,579.8782166666666,0.0,569.1000166666666,0.0,569.1000166666666,0.0,0.0,10.778199999999924,0.0,1383.7872777777782,1371.8115000000005,238.2252669766667,0.0,0.0
2025-01-21,137,warmup,0.4241,560.8851833333333,0.0,548.6373833333333,0.0,548.6373833333333,0.0,0.0,12.247800000000074,0.0,1371.8115000000005,1358.2028333333337,232.67711427166665,0.0,1.1368683772161603e-13
2025-01-21,138,warmup,0.4237,538.775,0.0,538.1783333333334,0.0,538.1783333333334,0.0,0.0,0.5966666666665787,0.0,1358.2028333333337,1357.5398703703709,228.02615983333337,0.0,0.0
2025-01-21,139,warmup,0.4248,591.6654333333333,0.0,567.4134833333334,0.0,567.4134833333334,0.0,0.0,24.2519500000001,0.0,1357.5398703703709,1330.5932592592596,241.03724772,0.0,1.1368683772161603e-13
2025-01-21,140,warmup,0.424,597.3510333333334,0.0,584.2978166666667,0.0,584.2978166666667,0.0,0.0,13.053216666666685,0.0,1330.5932592592596,1316.0896851851855,247.74227426666667,0.0,0.0
2025-01-21,141,warmup,0.422,561.285,0.0,579.4533333333333,0.0,579.4533333333333,0.0,0.0,0.0,18.16833333333334,1316.0896851851855,1316.0896851851855,244.52930666666663,0.0,-4.618527782440651e-14
2025-01-21,142,warmup,0.424,607.7586833333334,0.0,593.5180833333333,0.0,593.5180833333333,0.0,0.0,14.240599999999993,0.0,1316.0896851851855,1300.2667962962967,251.6516673333333,0.0,-1.1368683772161603e-13
2025-01-21,143,warmup,0.4271,627.2609166666667,0.0,613.7404333333333,0.0,613.7404333333333,0.0,0.0,13.520483333333436,0.0,1300.2667962962967,1285.2440370370373,262.12853907666664,0.0,0.0
2025-01-21,144,warmup,0.4276,587.8000000000001,0.0,618.2516666666667,0.0,618.2516666666667,0.0,0.0,0.0,30.45166666666637,1285.2440370370373,1285.2440370370375,264.3644126666667,0.0,2.2737367544323206e-13
2025-01-22,1,warmup,0.4248,574.18485,0.0,602.3762666666667,0.0,1435.7096000000001,0.0,833.3333333333336,0.0,28.191416666666555,1285.2440370370375,2035.2440370370377,609.8894380800001,0.0,0.0
2025-01-22,2,warmup,0.4245,586.2798333333334,0.0,607.7250666666666,0.0,1441.0584,0.0,833.3333333333333,0.0,21.44523333333325,2035.2440370370377,2785.2440370370377,611.7292908,0.0,0.0
2025-01-22,3,warmup,0.4269,591.9283333333334,0.0,624.24,0.0,1457.5733333333333,0.0,833.3333333333333,0.0,32.31166666666661,2785.2440370370377,3535.2440370370377,622.238056,0.0,0.0
2025-01-22,4,warmup,0.4272,573.0724166666666,0.0,604.1699333333333,0.0,1437.5032666666666,0.0,833.3333333333333,0.0,31.097516666666706,3535.2440370370377,4285.244037037038,614.10139552,0.0,0.0
2025-01-22,5,warmup,0.4271,600.2665666666667,0.0,598.60095,0.0,1431.9342833333335,1.6656166666664376,833.3333333333333,0.0,0.0,4285.244037037038,5035.244037037038,611.5791324116667,3.5569243916661772,0.0
2025-01-22,6,warmup,0.4285,655.79,0.0,612.6683333333334,0.0,1446.0016666666668,43.12166666666644,833.3333333333333,0.0,0.0,5035.244037037038,5785.244037037038,619.6117141666667,92.38817083333285,0.0
2025-01-22,7,warmup,0.4311,649.0018333333334,0.0,605.3798,0.0,1177.330869958847,43.62203333333332,571.9510699588469,0.0,0.0,5785.244037037038,6300.0,507.54733803925893,94.02729284999997,0.0
2025-01-22,8,warmup,0.4302,636.5256833333334,0.0,632.3933000000001,0.0,1465.7266333333334,4.132383333333223,833.3333333333333,0.0,0.0,6300.0,7050.0,630.5555976600001,8.888756549999764,1.1368683772161603e-13
2025-01-22,9,warmup,0.4279,640.7666666666667,0.0,677.4516666666667,0.0,1510.785,0.0,833.3333333333333,0.0,36.68500000000017,7050.0,7800.0,646.4649015,0.0,0.0
2025-01-22,10,warmup,0.4312,628.515,0.0,660.3152,0.0,660.3152,0.0,31.800200000000018,0.0,0.0,7800.0,7828.62018,284.72791424,0.0,0.0
2025-01-22,11,warmup,0.4333,630.77035,0.0,630.4236,0.0,630.4236,0.0,0.0,0.34675000000004275,0.0,7828.62018,7828.234902222222,273.16254588,0.0,0.0
2025-01-22,12,warmup,0.4311,642.42,0.0,628.8883333333333,0.0,1462.2216666666668,0.0,819.8016666666668,0.0,0.0,7828.234902222222,8566.056402222222,630.3637605,0.0,0.0
2025-01-22,13,warmup,0.4293,627.6588166666667,0.0,649.2637666666667,0.0,1482.5971,0.0,815.4928864197528,0.0,39.44539691358045,8566.056402222222,9300.0,636.47893503,0.0,0.0
2025-01-22,14,warmup,0.4324,636.3426333333333,0.0,663.2285666666667,0.0,663.2285666666667,0.0,0.0,0.0,26.885933333333355,9300.0,9300.0,286.78003222666666,0.0,0.0
2025-01-22,15,warmup,0.4367,662.8716666666667,0.0,662.5366666666666,0.0,662.5366666666666,0.3350000000000364,0.0,-0.0,0.0,9300.0,9300.0,289.3297623333333,0.7314725000000795,0.0
2025-01-22,16,warmup,0.4348,650.8473166666666,0.0,659.7484499999999,0.0,659.7484499999999,0.0,0.0,0.0,8.901133333333291,9300.0,9300.0,286.85862606,0.0,0.0
2025-01-22,17,warmup,0.4335,647.6905666666667,0.0,650.8556666666667,0.0,650.8556666666667,0.0,0.0,0.0,3.165100000000052,9300.0,9300.0,282.1459315,0.0,0.0
2025-01-22,18,warmup,0.4357,663.9966666666667,0.0,639.8283333333333,0.0,639.8283333333333,24.168333333333408,0.0,-0.0,0.0,9300.0,9300.0,278.7732048333333,52.65071416666682,0.0
2025-01-22,19,warmup,0.4374,664.1129999999999,0.0,643.4924666666667,0.0,643.4924666666667,20.620533333333242,0.0,-0.0,0.0,9300.0,9300.0,281.46360492,45.0971063999998,0.0
2025-01-22,20,warmup,0.4371,679.3531166666667,0.0,678.1066833333333,0.0,678.1066833333333,1.246433333333357,0.0,-0.0,0.0,9300.0,9300.0,296.40043128499997,2.7240800500000515,0.0
2025-01-22,21,warmup,0.4356,700.0100000000001,0.0,704.8883333333333,0.0,704.8883333333333,0.0,0.0,0.0,4.878333333333217,9300.0,9300.0,307.049358,0.0,0.0
2025-01-22,22,warmup,0.4353,682.9182833333333,0.0,670.2434999999999,0.0,670.2434999999999,12.67478333333338,0.0,-0.0,0.0,9300.0,9300.0,291.75699555,27.5866659250001,0.0
2025-01-22,23,warmup,0.436,681.7737166666667,0.0,674.5888,0.0,674.5888,7.184916666666709,0.0,-0.0,0.0,9300.0,9300.0,294.12071679999997,15.663118333333426,0.0
2025-01-22,24,warmup,0.4378,703.4549999999999,0.0,725.5616666666666,0.0,725.5616666666666,0.0,-0.0,0.0,22.106666666666683,9300.0,9300.0,317.65089766666665,0.0,0.0
2025-01-22,25,warmup,0.4401,702.4732666666667,0.0,730.5302166666667,0.0,730.5302166666667,0.0,0.0,0.0,28.056949999999915,9300.0,9300.0,321.506348355,0.0,0.0
2025-01-22,26,warmup,0.4389,708.5874,0.0,720.8597666666666,0.0,720.8597666666666,0.0,0.0,0.0,12.272366666666585,9300.0,9300.0,316.38535158999997,0.0,0.0
2025-01-22,27,warmup,0.4364,726.0799999999999,0.0,704.41,0.0,704.41,21.66999999999996,0.0,-0.0,0.0,9300.0,9300.0,307.404524,47.28393999999991,0.0
2025-01-22,28,warmup,0.4393,720.1700000000001,0.0,658.8190333333333,0.0,658.8190333333333,61.35096666666675,0.0,-0.0,0.0,9300.0,9300.0,289.4192013433333,134.75739828333354,0.0
2025-01-22,29,warmup,0.4422,682.4008166666666,0.0,660.0759333333333,0.0,660.0759333333333,22.324883333333332,0.0,-0.0,0.0,9300.0,9300.0,291.88557771999996,49.36031704999999,0.0
2025-01-22,30,warmup,0.4395,663.1750000000001,0.0,705.18,0.0,705.18,0.0,42.00499999999988,0.0,0.0,9300.0,9337.8045,309.92661,0.0,0.0
2025-01-22,31,warmup,0.4333,724.4543166666667,0.0,716.4424166666666,0.0,716.4424166666666,0.0,0.0,8.011900000000082,0.0,9337.8045,9328.90238888889,310.43449914166666,0.0,0.0
2025-01-22,32,warmup,0.4439,770.8445666666667,0.0015833333333333,730.7619166666667,0.0012833333333333334,730.7606333333333,14.070199999999343,0.0,26.012150000000656,0.0,9328.90238888889,9300.0,324.3846451366667,31.22880889999854,0.0
2025-01-22,33,warmup,0.4301,747.5300000000001,0.0,736.8083333333334,0.0,1570.1416666666669,10.721666666666465,833.3333333333333,0.0,0.0,9300.0,10050.0,675.3179308333334,23.056944166666234,-1.1368683772161603e-13
2025-01-22,34,warmup,0.3713,701.5329666666667,0.0,700.0888666666666,0.0,1533.4222,1.4440999999999349,833.3333333333333,0.0,0.0,10050.0,10800.0,569.3596628600001,2.6809716499998792,0.0
2025-01-22,35,warmup,0.5708,757.6382,0.0221166666666666,792.66345,0.017866666666666666,792.6455833333333,0.0,0.0,-0.0,35.029500000000006,10800.0,10800.0,452.44209896666666,0.0,-2.1316282072803006e-14
2025-01-22,36,warmup,0.9099,885.2833333333333,0.0,946.0749999999999,0.0,751.1080499999996,0.0,0.0,134.1752833333337,0.0,10800.0,10650.91635185185,683.4332146949996,0.0,0.0
2025-01-22,37,warmup,0.9368,925.7947166666668,0.0,909.1154333333334,0.0,75.78210000000001,16.679283333333387,0.0,833.3333333333334,0.0,10650.91635185185,9724.990425925926,70.99267128000001,78.12576313333359,0.0
2025-01-22,38,warmup,0.8758,903.4826,0.3079833333333333,862.9599333333334,0.2488,862.7111333333335,0.0,0.0,40.46348333333325,0.0,9724.990425925926,9680.030999999999,755.5624105733335,0.0,0.0
2025-01-22,39,warmup,0.8759,886.1233333333333,0.0,903.015,0.0,903.015,0.0,0.0,0.0,16.89166666666665,9680.030999999999,9680.030999999999,790.9508385,0.0,0.0
2025-01-22,40,warmup,0.8601,911.3681666666666,0.0,942.1395000000001,0.0,942.1395000000001,0.0,0.0,0.0,30.771333333333473,9680.030999999999,9680.030999999999,810.3341839500001,0.0,0.0
2025-01-22,41,warmup,0.8442,916.3569166666666,5.389633333333333,951.5553333333334,4.446833333333333,947.1085,0.0,0.0,0.0,36.141216666666764,9680.030999999999,9680.030999999999,799.5489957,0.0,0.0
2025-01-22,42,warmup,0.8334,886.5300000000001,29.7,924.1466666666666,26.5,897.6466666666666,0.0,0.0,0.0,40.81666666666656,9680.030999999999,9680.030999999999,748.098732,0.0,4.263256414560601e-14
2025-01-22,43,warmup,0.8092,877.5594500000001,72.22711666666667,875.2837333333333,67.76038333333334,807.5233499999999,0.0,0.0,0.0,2.1910166666665276,9680.030999999999,9680.030999999999,653.44789482,0.0,1.4210854715202004e-14
2025-01-22,44,warmup,0.7972,927.696,122.24303333333334,884.9663166666666,113.47770000000001,771.4886166666665,13.63616666666799,0.0,20.328183333332163,0.0,9680.030999999999,9657.44412962963,615.0307252066666,54.353760333338606,0.0
2025-01-22,45,warmup,0.7644,960.415,170.89374999999998,919.82,158.1625,761.6575,27.863749999999953,0.0,-0.0,0.0,9657.44412962963,9657.44412962963,582.210993,106.49525249999982,0.0
2025-01-22,46,warmup,0.6899,883.4682166666666,216.44985,893.4370833333334,207.6299,1519.1405166666668,0.0,833.3333333333333,0.0,18.78881666666689,9657.44412962963,10407.44412962963,1048.0550424483333,0.0,0.0
2025-01-22,47,warmup,0.86,963.1933833333331,266.07896666666664,1010.4537666666666,258.4823333333333,751.9714333333334,0.0,0.0,0.0,54.85701666666688,10407.44412962963,10407.44412962963,646.6954326666666,0.0,5.684341886080802e-14
2025-01-22,48,warmup,1.1617,1170.62,315.925,1214.4950000000001,310.99375000000003,70.16791666666666,0.0,0.0,784.5270833333332,0.0,10407.44412962963,9535.74737037037,81.51406879166665,0.0,0.0
2025-01-22,49,warmup,1.1683,1202.53425,355.77956666666665,1222.68405,368.9858166666667,20.36489999999992,0.0,0.0,826.3897833333335,0.0,9535.74737037037,8617.5365,23.792312669999905,0.0,2.2737367544323206e-13
2025-01-22,50,warmup,1.0956,1195.8467333333333,401.6345166666667,1180.1796333333334,426.5235333333333,0.0,0.0,0.0,794.2122166666666,0.0,8617.5365,7735.0784814814815,0.0,0.0,0.0
2025-01-22,51,warmup,1.0849,1230.2133333333334,449.475,1189.5316666666665,487.7375,0.0,0.0,0.0,780.7383333333333,0.0,7735.0784814814815,6867.591444444444,0.0,0.0,0.0
2025-01-22,52,warmup,1.061,1234.79855,480.8554333333333,1205.2338,558.7849666666667,0.0,0.0,0.0,753.9431166666667,0.0,6867.591444444444,6029.87687037037,0.0,0.0,0.0
2025-01-22,53,warmup,1.043,1222.1721333333332,524.6172666666666,1204.0758333333333,605.8012166666666,0.0,0.0,0.0,697.5548666666666,0.0,6029.87687037037,5254.815907407407,0.0,0.0,0.0
2025-01-22,54,warmup,1.036,1210.6666666666667,580.8249999999999,1200.0666666666666,633.9187499999999,0.0,0.0,0.0,629.8416666666668,0.0,5254.815907407407,4554.9918333333335,0.0,0.0,0.0
2025-01-22,55,warmup,1.0147,1201.2763666666667,621.84825,1216.5696166666667,680.1670333333333,0.0,0.0,0.0,579.4281166666667,0.0,4554.9918333333335,3911.182814814815,0.0,0.0,0.0
2025-01-22,56,warmup,0.9922,1193.65515,671.0419833333334,1198.1406,714.5665166666666,0.0,0.0,0.0,522.6131666666666,0.0,3911.182814814815,3330.501518518519,0.0,0.0,0.0
2025-01-22,57,warmup,0.97,1190.0316666666663,723.9125,1151.5916666666667,734.56875,0.0,0.0,0.0,466.1191666666663,0.0,3330.501518518519,2812.591333333334,0.0,0.0,0.0
2025-01-22,58,warmup,0.9422,1193.1845833333334,746.61415,1149.3555333333334,773.4791833333334,0.0,446.5704333333334,0.0,0.0,0.0,2812.591333333334,2812.591333333334,0.0,2103.793311433334,0.0
2025-01-22,59,warmup,0.9569,1197.5525,752.3535,1195.4661166666667,829.0085666666668,0.0,0.0,0.0,445.19899999999996,0.0,2812.591333333334,2317.925777777779,0.0,0.0,0.0
2025-01-22,60,warmup,0.9977,1203.4883333333337,772.99375,1236.535,886.8125,0.0,0.0,0.0,430.4945833333337,0.0,2317.925777777779,1839.5984629629636,0.0,0.0,0.0
2025-01-22,61,warmup,0.9919,1211.43895,831.0097999999999,1211.3386166666667,934.09325,0.0,0.0,0.0,380.42915000000005,0.0,1839.5984629629636,1416.899407407408,0.0,0.0,0.0
2025-01-22,62,warmup,0.9588,1192.1108666666669,886.6982333333334,1181.9455500000001,974.1188333333333,0.0,273.73818333333315,0.0,31.67445000000034,0.0,1416.899407407408,1381.7055740740743,0.0,1312.300850899999,0.0
2025-01-22,63,warmup,0.9549,1154.2166666666667,910.7875,1172.4983333333332,996.4499999999999,0.0,243.42916666666667,0.0,-0.0,0.0,1381.7055740740743,1381.7055740740743,0.0,1162.25255625,0.0
2025-01-22,64,warmup,0.9839,1140.6711166666666,908.6717666666668,1154.1555833333334,990.6205666666666,0.0,68.46433333333295,0.0,163.53501666666688,0.0,1381.7055740740743,1200.0,0.0,336.8102878333314,0.0
2025-01-22,65,warmup,0.799,1148.8656166666667,918.2567833333331,1160.0931166666667,1014.2280999999999,145.86501666666675,84.74381666666682,0.0,-0.0,0.0,1200.0,1200.0,116.54614831666673,338.55154758333396,0.0
2025-01-22,66,warmup,0.5025,1159.4416666666666,940.65,1176.6033333333332,1077.45625,932.4804166666667,119.64458333333323,833.3333333333333,0.0,0.0,1200.0,1950.0,468.571409375,300.6070156249997,2.2737367544323206e-13
2025-01-22,67,warmup,0.4662,1156.4665833333331,946.3401,1152.5735666666667,1134.5871166666668,851.3197833333332,192.14003333333312,833.3333333333333,0.0,0.0,1950.0,2700.0,396.88528298999995,447.8784176999995,0.0
2025-01-22,68,warmup,0.5007,1156.25685,959.8560666666668,1137.1097666666667,1174.6662,795.7769000000002,233.95721666666623,833.3333333333333,0.0,0.0,2700.0,3450.0,398.44549383000015,585.711891924999,0.0
2025-01-22,69,warmup,0.4827,1162.0966666666666,973.2125,1142.4216666666666,1193.1875,782.5675,239.64999999999986,833.3333333333333,0.0,0.0,3450.0,4200.0,377.74533225,578.3952749999996,0.0
2025-01-22,70,warmup,0.4785,1155.07595,954.5582166666668,1127.2828666666667,1187.34995,773.26625,260.58481666666637,833.3333333333333,0.0,0.0,4200.0,4950.0,370.007900625,623.4491738749994,0.0
2025-01-22,71,warmup,0.4662,1114.2599666666667,959.1561666666666,1088.1384833333334,1172.6857333333335,748.7860833333333,239.65105000000005,833.3333333333333,0.0,0.0,4950.0,5700.0,349.08407205,558.6265975500002,0.0
2025-01-22,72,warmup,0.4432,1067.5783333333334,985.33125,1050.5883333333334,1162.59375,721.3279166666667,194.25249999999994,833.3333333333333,0.0,0.0,5700.0,6450.0,319.6925326666667,430.4635399999998,0.0
2025-01-22,73,warmup,0.4411,1067.8196333333333,977.82975,1046.4406333333334,1162.7233166666667,717.05065,206.27256666666653,833.3333333333333,0.0,0.0,6450.0,7200.0,316.291041715,454.934145783333,0.0
2025-01-22,74,warmup,0.4551,1073.0706,981.3263833333334,1056.8272833333333,1173.80925,716.3513666666666,208.7261833333332,833.3333333333333,0.0,0.0,7200.0,7950.0,326.01150696999997,474.95643017499975,0.0
2025-01-22,75,warmup,0.4463,1072.1433333333332,1005.64375,1065.5566666666666,1174.6812499999999,724.2087500000001,175.62416666666638,833.3333333333333,0.0,0.0,7950.0,8700.0,323.21436512500003,391.90532791666607,0.0
2025-01-22,76,warmup,0.4113,1095.1417166666668,1008.6700666666668,1072.8366166666667,1140.1619166666667,766.0080333333334,153.7969499999998,833.3333333333333,0.0,0.0,8700.0,9450.0,315.05910411,316.2834276749996,0.0
2025-01-22,77,warmup,0.5682,1118.5897833333331,983.9940833333334,1082.0754,1109.9187333333332,805.4900000000001,162.43903333333287,833.3333333333333,0.0,0.0,9450.0,10200.0,457.6794180000001,461.4892936999987,0.0
2025-01-22,78,warmup,0.8279,1128.1333333333334,948.8625,1093.26,1091.6187499999999,1.6412500000001273,177.62958333333336,0.0,-0.0,0.0,10200.0,10200.0,1.3587908750001054,735.2976602083335,0.0
2025-01-22,79,warmup,0.8636,1126.1263666666666,924.2569833333332,1102.4355,1054.1222666666665,48.31323333333353,153.5561499999999,0.0,-0.0,0.0,10200.0,10200.0,41.72330830666684,663.0554556999996,0.0
2025-01-22,80,warmup,0.8416,1091.8262666666667,890.8607999999999,1105.6931,1005.2541833333333,100.43891666666661,100.52655000000016,0.0,-0.0,0.0,10200.0,10200.0,84.52939226666662,423.0157224000007,0.0
2025-01-22,81,warmup,0.8618,1056.5333333333333,842.4499999999999,1090.355,972.9625,117.39250000000004,96.69083333333333,0.0,-0.0,0.0,10200.0,10200.0,101.16885650000003,416.64080083333334,0.0
2025-01-22,82,warmup,0.8623,1081.6439666666668,794.6560833333333,1053.0855666666666,976.3797666666666,76.70580000000007,210.2820833333334,0.0,-0.0,0.0,10200.0,10200.0,66.14341134000006,906.6312022916668,0.0
2025-01-22,83,warmup,0.9026,1118.1821833333331,756.6756999999999,1059.2457333333334,962.49465,0.002647053722606047,78.83993627961081,0.0,282.6638999999999,0.0,10200.0,9885.929,0.002389230690024218,355.80463242988355,2.2737367544323206e-13
2025-01-22,84,warmup,0.9754,1123.6866666666667,722.8874999999999,1101.1016666666667,917.4125,0.0,0.0,0.0,400.7991666666668,0.0,9885.929,9440.596592592592,0.0,0.0,0.0
2025-01-22,85,warmup,1.0002,1100.38085,685.0337666666666,1106.1867333333332,870.8613166666668,0.0,0.0,0.0,415.34708333333344,0.0,9440.596592592592,8979.099833333332,0.0,0.0,0.0
2025-01-22,86,warmup,0.9978,1088.1194666666668,673.8711166666667,1102.6892,800.4657666666667,0.0,0.0,0.0,414.2483500000001,0.0,8979.099833333332,8518.823888888888,0.0,0.0,0.0
2025-01-22,87,warmup,1.0271,1087.4716666666666,678.8249999999999,1102.2366666666667,725.9250000000001,0.0,0.0,0.0,408.64666666666665,0.0,8518.823888888888,8064.772037037036,0.0,0.0,0.0
2025-01-22,88,warmup,1.0906,1068.4849333333334,656.0776500000001,1084.1248666666668,698.4458500000001,0.0,0.0,0.0,412.40728333333334,0.0,8064.772037037036,7606.541722222221,0.0,0.0,0.0
2025-01-22,89,warmup,0.9376,1069.857983333333,632.0391333333333,1068.3042666666668,674.1968666666667,0.0,0.0,0.0,437.81884999999977,0.0,7606.541722222221,7120.0763333333325,0.0,0.0,0.0
2025-01-22,90,warmup,0.6694,1090.915,612.38125,1065.18,627.0500000000001,1271.4633333333334,40.403749999999945,833.3333333333334,0.0,0.0,7120.0763333333325,7870.0763333333325,851.1175553333334,135.23135124999982,1.1368683772161603e-13
2025-01-22,91,warmup,0.66,1088.9182166666667,570.6106166666667,1068.2598666666665,569.6959499999999,1331.89725,19.743683333333365,833.3333333333334,0.0,0.0,7870.0763333333325,8620.076333333333,879.052185,65.15415500000012,-1.1368683772161603e-13
2025-01-22,92,warmup,0.7217,1080.421016666667,507.59185,1083.23185,502.22496666666666,1414.3402166666665,0.0,833.3333333333334,0.0,8.177716666666242,8620.076333333333,9370.076333333333,1020.7293343683332,0.0,0.0
2025-01-22,93,warmup,0.7308,1080.7183333333337,444.79375,1097.5683333333334,430.80625000000003,1270.5701528143343,198.68776385233275,833.3333333333334,0.0,0.0,9370.076333333333,10120.076333333333,928.5326676767155,726.0050891164238,-1.1368683772161603e-13
2025-01-22,94,warmup,0.7534,1083.3101,405.7295,1085.3857833333334,369.2254666666667,716.1603166666666,716.891024074077,755.4707407407436,0.0,0.0,10120.076333333333,10800.000000000002,539.5551825766667,2700.528487687048,0.0
2025-01-22,95,warmup,0.7823,1063.32675,369.6503666666667,1053.6657166666666,322.54995,731.1157666666666,0.0,0.0,1.6575540939811615e-12,37.43938333333495,10800.000000000002,10800.0,571.9518642633333,0.0,-7.105427357601002e-15
2025-01-22,96,warmup,0.8055,1036.4633333333334,325.33125,1026.015,284.03749999999997,741.9775000000002,0.0,0.0,-0.0,30.845416666666836,10800.0,10800.0,597.6628762500002,0.0,-5.684341886080802e-14
2025-01-22,97,warmup,0.8271,1044.944,279.76165,1026.82835,241.13928333333334,785.6890666666667,0.0,0.0,-0.0,20.506716666666705,10800.0,10800.0,649.8434270399999,0.0,5.684341886080802e-14
2025-01-22,98,warmup,0.8519,1058.5720833333332,230.1162,1050.2959,196.05728333333332,854.2386166666668,0.0,0.0,-0.0,25.78273333333351,10800.0,10800.0,727.7258775383334,0.0,-5.684341886080802e-14
2025-01-22,99,warmup,0.8791,1059.4116666666666,177.025,1067.8466666666666,152.13125,915.7154166666666,0.0,0.0,-0.0,33.32874999999993,10800.0,10800.0,805.0054227916665,0.0,-2.842170943040401e-14
2025-01-22,100,warmup,0.9024,1057.93005,125.64858333333332,1051.1191833333335,109.42035,941.6988333333335,0.0,0.0,-0.0,9.417366666666865,10800.0,10800.0,849.7890272000001,0.0,-7.105427357601002e-14
2025-01-22,101,warmup,0.9163,1055.0228833333333,75.09148333333333,1031.7794833333335,65.84911666666666,965.9303666666668,14.001033333334284,0.0,-1.1296613644518062e-12,0.0,10800.0,10800.000000000002,885.0819949766668,64.14573421667103,0.0
2025-01-22,102,warmup,0.9264,1054.685,31.3,1027.2983333333334,27.25,1000.0483333333334,23.336666666666034,0.0,5.067096742195077e-13,0.0,10800.000000000002,10800.000000000002,926.444776,108.09543999999705,0.0
2025-01-22,103,warmup,0.9462,1060.0607333333337,5.758466666666667,1027.0610666666666,4.9521500000000005,1022.1089166666667,32.19335000000109,0.0,-7.366907084360719e-13,0.0,10800.000000000002,10800.000000000002,967.1194569500001,152.30673885000516,0.0
2025-01-22,104,warmup,0.9742,1049.665883333333,0.0,1026.2390833333334,0.0,1026.2390833333334,23.42680000000077,0.0,-1.0410872164356989e-12,0.0,10800.000000000002,10800.000000000004,999.7621149833334,114.11194280000375,0.0
2025-01-22,105,warmup,0.9862,1043.5283333333334,0.0,1036.6683333333333,0.0,1036.6683333333333,6.859999999997409,0.0,2.7190200091453673e-12,0.0,10800.000000000004,10800.0,1022.3623103333333,33.82665999998722,0.0
2025-01-22,106,warmup,0.976,1060.2211666666667,0.3302166666666666,1051.7018333333333,0.2830833333333333,1051.41875,8.472200000001838,0.0,-1.8453238936899653e-12,0.0,10800.0,10800.000000000002,1026.1847,41.344336000008965,0.0
2025-01-22,107,warmup,1.0742,933.7647166666668,0.0,940.8711833333333,0.0,940.8711833333333,0.0,0.0,1.7323742440567e-12,7.106466666668238,10800.000000000002,10800.0,1010.6838251366667,0.0,-2.6645352591003757e-14
2025-01-22,108,warmup,1.2313,729.0566666666667,0.0,763.0633333333334,0.0,763.0633333333334,0.0,0.0,-0.0,34.00666666666666,10800.0,10800.0,939.5598823333335,0.0,0.0
2025-01-22,109,warmup,1.2561,694.8075666666667,0.0237,720.1234833333333,0.020316666666666667,691.1357833333316,0.0,0.0,3.648083333338036,0.0,10800.0,10795.946574074069,868.1356574449978,0.0,2.8421709430404007e-12
2025-01-22,110,warmup,1.2447,711.45645,0.0,709.9260333333333,0.0,709.9260333333333,0.0,0.0,1.5304166666681338,0.0,10795.946574074069,10794.246111111104,883.6449336899999,0.0,1.3642420526593924e-12
2025-01-22,111,warmup,1.2545,715.3283333333334,0.0,690.565,0.0,690.565,0.9744500000061119,0.0,23.78888333332725,0.0,10794.246111111104,10767.814018518518,866.3137925,6.112237625038337,0.0
2025-01-22,112,warmup,1.2522,758.71155,0.0017,722.3166500000001,0.0014666666666666667,722.3151833333334,36.39466666666658,0.0,-0.0,0.0,10767.814018518518,10767.814018518518,904.48307257,227.86700799999946,0.0
2025-01-22,113,warmup,1.2881,759.0705166666667,0.0,724.61985,0.0,0.0,34.450666666667416,0.0,724.6198499999992,0.0,10767.814018518518,9962.680851851852,0.0,221.8795186666715,0.0
2025-01-22,114,warmup,1.3466,719.93,0.0,693.3533333333334,0.0,0.0,0.0,0.0,719.93,0.0,9962.680851851852,9162.75862962963,0.0,0.0,0.0
2025-01-22,115,warmup,1.3523,729.96585,0.0,707.1670833333333,0.0,0.0,0.0,0.0,729.96585,0.0,9162.75862962963,8351.685462962963,0.0,0.0,0.0
2025-01-22,116,warmup,1.3445,736.064,0.0,725.1707166666666,0.0,0.0,0.0,0.0,736.064,0.0,8351.685462962963,7533.836574074075,0.0,0.0,0.0
2025-01-22,117,warmup,1.3483,723.6033333333334,0.0,722.3216666666667,0.0,0.0,0.0,0.0,723.6033333333334,0.0,7533.836574074075,6729.832870370371,0.0,0.0,0.0
2025-01-22,118,warmup,1.349,734.9625833333333,0.0,718.5804499999999,0.0,0.0,0.0,0.0,734.9625833333333,0.0,6729.832870370371,5913.207777777779,0.0,0.0,0.0
2025-01-22,119,warmup,1.3473,741.5478833333333,0.0,724.9895666666666,0.0,0.0,0.0,0.0,741.5478833333333,0.0,5913.207777777779,5089.265685185186,0.0,0.0,0.0
2025-01-22,120,warmup,1.3482,744.5799999999999,0.0,726.5500000000001,0.0,0.0,0.0,0.0,744.5799999999999,0.0,5089.265685185186,4261.954574074075,0.0,0.0,0.0
2025-01-22,121,warmup,1.3513,772.7663833333332,0.0,702.7431666666666,0.0,0.0,0.0,0.0,772.7663833333332,0.0,4261.954574074075,3403.3252592592603,0.0,0.0,0.0
2025-01-22,122,warmup,1.34,774.0756333333334,0.0,701.4849166666667,0.0,0.0,255.13476666666588,0.0,518.9408666666675,0.0,3403.3252592592603,2826.7242962962964,0.0,1709.4029366666614,0.0
2025-01-22,123,warmup,1.3489,740.6966666666667,0.0,727.2950000000001,0.0,0.0,13.401666666666529,0.0,727.2950000000002,0.0,2826.7242962962964,2018.6187407407406,0.0,90.38754083333241,0.0
2025-01-22,124,warmup,1.3952,721.092,0.0,736.7568666666666,0.0,0.0,0.0,0.0,721.092,0.0,2018.6187407407406,1217.4054074074072,0.0,0.0,0.0
2025-01-22,125,warmup,1.2226,728.3908833333334,0.0,737.5447166666667,0.0,737.5447166666667,0.0,0.0,0.0,9.153833333333296,1217.4054074074072,1217.4054074074072,901.7221705966666,0.0,0.0
2025-01-22,126,warmup,0.9332,750.6916666666666,0.0,746.0766666666667,0.0,746.0766666666667,0.0,0.0,4.615000000000168,0.0,1217.4054074074072,1212.2776296296292,696.2387453333334,0.0,2.2737367544323206e-13
2025-01-22,127,warmup,0.9068,764.7712833333334,0.0,762.9402666666666,0.0,762.9402666666666,0.0,0.0,1.8310166666667556,0.0,1212.2776296296292,1210.2431666666662,691.8342338133333,0.0,0.0
2025-01-22,128,warmup,0.9371,765.1856666666666,0.0,747.7406,0.0,747.7406,8.226216666667097,0.0,9.218849999999565,0.0,1210.2431666666662,1200.0,700.70771626,38.54393819166869,0.0
2025-01-22,129,warmup,0.9371,776.7866666666667,0.0,730.7466666666666,0.0,730.7466666666666,46.04000000000019,0.0,-0.0,0.0,1200.0,1200.0,684.7827013333333,215.7204200000009,0.0
2025-01-22,130,warmup,0.9871,810.8727333333333,0.0,766.1499166666667,0.0,766.1499166666667,44.72281666666652,0.0,-0.0,0.0,1200.0,1200.0,756.2665827416668,220.7294616583326,0.0
2025-01-22,131,warmup,0.7764,731.2814166666667,0.0,691.4811833333333,0.0,691.4811833333333,39.80023333333338,0.0,-0.0,0.0,1200.0,1200.0,536.86599074,154.50450580000017,0.0
2025-01-22,132,warmup,0.4209,580.3149999999999,0.0,541.3149999999999,0.0,541.3149999999999,39.0,0.0,-0.0,0.0,1200.0,1200.0,227.83948349999997,82.07549999999999,0.0
2025-01-22,133,warmup,0.3859,552.19075,0.0,525.76545,0.0,525.76545,26.425299999999993,0.0,-0.0,0.0,1200.0,1200.0,202.892887155,50.98761634999999,0.0
2025-01-22,134,warmup,0.4368,588.0205500000001,0.0,553.44885,0.0,553.44885,34.57170000000008,0.0,-0.0,0.0,1200.0,1200.0,241.74645768000002,75.50459280000018,0.0
2025-01-22,135,warmup,0.4198,601.5683333333333,0.0,562.5216666666666,0.0,562.5216666666666,39.046666666666624,0.0,-0.0,0.0,1200.0,1200.0,236.14659566666666,81.95895333333326,0.0
2025-01-22,136,warmup,0.4186,570.3148,0.0,579.8782166666666,0.0,579.8782166666666,0.0,-0.0,0.0,9.563416666666628,1200.0,1200.0,242.73702149666667,0.0,-1.7763568394002505e-15
2025-01-22,137,warmup,0.4241,569.3074666666666,0.0,560.8851833333333,0.0,560.8851833333333,8.422283333333326,0.0,-0.0,0.0,1200.0,1200.0,237.87140625166666,17.859451808333315,0.0
2025-01-22,138,warmup,0.4237,604.0783333333333,0.0,538.775,0.0,538.775,65.30333333333328,0.0,-0.0,0.0,1200.0,1200.0,228.2789675,138.34511166666655,0.0
2025-01-22,139,warmup,0.4248,606.8031,0.0,591.6654333333333,0.0,591.6654333333333,15.137666666666632,0.0,-0.0,0.0,1200.0,1200.0,251.33947608,32.152403999999926,0.0
2025-01-22,140,warmup,0.424,589.59335,0.0,597.3510333333334,0.0,597.3510333333334,0.0,-0.0,0.0,7.757683333333375,1200.0,1200.0,253.27683813333334,0.0,0.0
2025-01-22,141,warmup,0.422,572.2783333333333,0.0,561.285,0.0,561.285,10.99333333333334,0.0,-0.0,0.0,1200.0,1200.0,236.86226999999997,23.195933333333343,0.0
2025-01-22,142,warmup,0.424,563.0160999999999,0.0,607.7586833333334,0.0,607.7586833333334,0.0,0.0,0.0,44.742583333333414,1200.0,1200.0,257.6896817333333,0.0,0.0
2025-01-22,143,warmup,0.4271,575.1908833333333,0.0,627.2609166666667,0.0,627.2609166666667,0.0,-0.0,0.0,52.07003333333341,1200.0,1200.0,267.9031375083334,0.0,0.0
2025-01-22,144,warmup,0.4276,594.895,0.0,587.8000000000001,0.0,587.8000000000001,7.094999999999914,0.0,-0.0,0.0,1200.0,1200.0,251.34328000000002,15.169109999999815,0.0
2025-01-23,1,warmup,0.4248,593.6854833333333,0.0,574.18485,0.0,1407.5181833333334,19.500633333333212,833.3333333333333,0.0,0.0,1200.0,1950.0,597.91372428,41.419345199999746,1.1368683772161603e-13
2025-01-23,2,warmup,0.4245,598.4678666666667,0.0,586.2798333333334,0.0,1419.6131666666668,12.188033333333237,833.3333333333333,0.0,0.0,1950.0,2700.0,602.62578925,25.8691007499998,-1.1368683772161603e-13
2025-01-23,3,warmup,0.4269,616.445,0.0,591.9283333333334,0.0,1425.2616666666668,24.516666666666538,833.3333333333333,0.0,0.0,2700.0,3450.0,608.4442055000001,52.33082499999973,-1.1368683772161603e-13
2025-01-23,4,warmup,0.4272,627.1227166666666,0.0,573.0724166666666,0.0,1406.40575,54.05029999999999,833.3333333333333,0.0,0.0,3450.0,4200.0,600.8165364,115.45144079999999,-1.1368683772161603e-13
2025-01-23,5,warmup,0.4271,634.0951,0.0,600.2665666666667,0.0,1433.5999000000002,33.8285333333331,833.3333333333333,0.0,0.0,4200.0,4950.0,612.29051729,72.24083293333283,0.0
2025-01-23,6,warmup,0.4285,634.9216666666667,0.0,655.79,0.0,1489.1233333333334,0.0,833.3333333333333,0.0,20.868333333333453,4950.0,5700.0,638.0893483333334,0.0,0.0
2025-01-23,7,warmup,0.4311,624.7802166666667,0.0,649.0018333333334,0.0,1315.6685000000002,0.0,690.8882833333336,0.0,0.0,5700.0,6321.799455,567.1846903500001,0.0,0.0
2025-01-23,8,warmup,0.4302,636.64795,0.0,636.5256833333334,0.0,1469.8590166666668,0.0,833.2110666666667,0.0,0.0,6321.799455,7071.689415000001,632.3333489700001,0.0,0.0
2025-01-23,9,warmup,0.4279,658.76,0.0,640.7666666666667,0.0,1474.1,0.0,815.3399999999999,0.0,0.0,7071.689415000001,7805.495415,630.76739,0.0,0.0
2025-01-23,10,warmup,0.4312,648.7732500000001,0.0,628.515,0.0,628.515,15.3123764999998,0.0,4.945873500000289,0.0,7805.495415,7800.0,271.015668,33.01348373399957,0.0
2025-01-23,11,warmup,0.4333,655.75145,0.0,630.77035,0.0,630.77035,24.98109999999997,0.0,-0.0,0.0,7800.0,7800.0,273.312792655,54.12155314999993,0.0
2025-01-23,12,warmup,0.4311,670.4433333333333,0.0,642.42,0.0,1475.7533333333333,28.0233333333332,833.3333333333333,0.0,0.0,7800.0,8550.0,636.197262,60.404294999999706,1.1368683772161603e-13
2025-01-23,13,warmup,0.4293,632.6434333333333,0.0,627.6588166666667,0.0,1460.99215,4.984616666666511,833.3333333333333,0.0,0.0,8550.0,9300.0,627.2039299950001,10.699479674999667,1.1368683772161603e-13
2025-01-23,14,warmup,0.4324,602.6531333333334,0.0,636.3426333333333,0.0,636.3426333333333,0.0,0.0,0.0,33.68949999999995,9300.0,9300.0,275.1545546533333,0.0,0.0
2025-01-23,15,warmup,0.4367,609.6633333333333,0.0,662.8716666666667,0.0,662.8716666666667,0.0,0.0,0.0,53.20833333333337,9300.0,9300.0,289.4760568333333,0.0,0.0
2025-01-23,16,warmup,0.4348,629.5726333333333,0.0,650.8473166666666,0.0,650.8473166666666,0.0,0.0,0.0,21.274683333333314,9300.0,9300.0,282.9884132866667,0.0,0.0
2025-01-23,17,warmup,0.4335,671.5074333333333,0.0,647.6905666666667,0.0,647.6905666666667,23.81686666666667,0.0,-0.0,0.0,9300.0,9300.0,280.77386065,51.623058500000006,0.0
2025-01-23,18,warmup,0.4357,704.7633333333333,0.0,663.9966666666667,0.0,663.9966666666667,40.76666666666665,0.0,-0.0,0.0,9300.0,9300.0,289.30334766666664,88.81018333333328,0.0
2025-01-23,19,warmup,0.4374,680.1314666666666,0.0,664.1129999999999,0.0,664.1129999999999,16.018466666666654,0.0,-0.0,0.0,9300.0,9300.0,290.4830262,35.03238659999998,0.0
2025-01-23,20,warmup,0.4371,666.2313333333333,0.0,679.3531166666667,0.0,679.3531166666667,0.0,0.0,0.0,13.121783333333383,9300.0,9300.0,296.945247295,0.0,0.0
2025-01-23,21,warmup,0.4356,683.5083333333333,0.0,700.0100000000001,0.0,700.0100000000001,0.0,0.0,0.0,16.50166666666678,9300.0,9300.0,304.92435600000005,0.0,0.0
2025-01-23,22,warmup,0.4353,688.0935833333333,0.0,682.9182833333333,0.0,682.9182833333333,5.175299999999993,0.0,-0.0,0.0,9300.0,9300.0,297.274328735,11.264040449999984,0.0
2025-01-23,23,warmup,0.436,690.7420999999999,0.0,681.7737166666667,0.0,681.7737166666667,8.968383333333236,0.0,-0.0,0.0,9300.0,9300.0,297.25334046666666,19.551075666666456,0.0
2025-01-23,24,warmup,0.4378,698.7583333333333,0.0,703.4549999999999,0.0,703.4549999999999,0.0,0.0,0.0,4.6966666666666015,9300.0,9300.0,307.972599,0.0,0.0
2025-01-23,25,warmup,0.4401,698.97145,0.0,702.4732666666667,0.0,702.4732666666667,0.0,0.0,0.0,3.501816666666741,9300.0,9300.0,309.15848466000006,0.0,0.0
2025-01-23,26,warmup,0.4389,670.8723833333333,0.0,708.5874,0.0,708.5874,0.0,0.0,0.0,37.715016666666656,9300.0,9300.0,310.99900986,0.0,0.0
2025-01-23,27,warmup,0.4364,653.7533333333333,0.0,726.0799999999999,0.0,726.0799999999999,0.0,0.0,0.0,72.3266666666666,9300.0,9300.0,316.861312,0.0,0.0
2025-01-23,28,warmup,0.4393,708.3796666666667,0.0,720.1700000000001,0.0,720.1700000000001,0.0,0.0,0.0,11.790333333333365,9300.0,9300.0,316.37068100000005,0.0,0.0
2025-01-23,29,warmup,0.4422,740.0459500000001,0.0,682.4008166666666,0.0,682.4008166666666,57.64513333333343,0.0,-0.0,0.0,9300.0,9300.0,301.75764112999997,127.45338980000021,0.0
2025-01-23,30,warmup,0.4395,714.38,0.0,663.1750000000001,0.0,663.1750000000001,51.20499999999993,0.0,-0.0,0.0,9300.0,9300.0,291.4654125,112.52298749999983,0.0
2025-01-23,31,warmup,0.4333,692.2970833333334,0.0,724.4543166666667,0.0,724.4543166666667,0.0,32.15723333333335,0.0,0.0,9300.0,9328.94151,313.9060554116667,0.0,0.0
2025-01-23,32,warmup,0.4439,713.2022666666667,0.00185,770.8445666666667,0.0015833333333333333,770.8429833333333,0.0,57.64256666666666,0.0,0.0,9328.94151,9380.81982,342.1772003016667,0.0,-7.105427357601002e-15
2025-01-23,33,warmup,0.4301,738.225,0.0,747.5300000000001,0.0,1580.8633333333335,0.0,743.5335333333327,0.0,99.10480000000075,9380.81982,10050.0,679.9293196666667,0.0,0.0
2025-01-23,34,warmup,0.3713,707.8200333333333,0.0,701.5329666666667,0.0,1534.8663000000001,6.287066666666419,833.3333333333333,0.0,0.0,10050.0,10800.0,569.8958571900001,11.671939266666207,-1.1368683772161603e-13
2025-01-23,35,warmup,0.5708,758.3790666666667,0.0257166666666666,757.6382,0.02211666666666667,757.6160833333333,0.7372666666667425,0.0,-0.0,0.0,10800.0,10800.0,432.4472603666666,2.1041590666668832,0.0
2025-01-23,36,warmup,0.9099,881.1983333333333,0.0,885.2833333333333,0.0,885.2833333333333,0.0,0.0,-0.0,4.085000000000036,10800.0,10800.0,805.519305,0.0,0.0
2025-01-23,37,warmup,0.9368,921.3626333333332,0.0,925.7947166666667,0.0,250.79471666666677,0.0,0.0,670.5679166666664,0.0,10800.0,10054.924537037037,234.9444905733334,0.0,0.0
2025-01-23,38,warmup,0.8758,916.55215,0.3582333333333333,903.4825999999999,0.30798333333333333,903.1746166666666,8.587216666666581,0.0,4.432083333333503,0.0,10054.924537037037,10050.0,791.0003292766665,37.60342178333296,0.0
2025-01-23,39,warmup,0.8759,908.4583333333334,0.0,886.1233333333333,0.0,886.1233333333333,22.335000000000036,0.0,-0.0,0.0,10050.0,10050.0,776.1554276666667,97.81613250000017,0.0
2025-01-23,40,warmup,0.8601,896.70865,0.0,911.3681666666666,0.0,911.3681666666666,0.0,0.0,0.0,14.659516666666605,10050.0,10050.0,783.86776015,0.0,0.0
2025-01-23,41,warmup,0.8442,896.6734166666666,6.152983333333334,916.3569166666666,5.389633333333333,910.9672833333333,0.0,0.0,0.0,20.44684999999998,10050.0,10050.0,769.0385805899999,0.0,-5.3290705182007514e-14
2025-01-23,42,warmup,0.8334,902.75,31.4125,886.5300000000001,29.7,856.83,14.507499999999958,0.0,-0.0,0.0,10050.0,10050.0,714.082122,60.45275249999982,0.0
2025-01-23,43,warmup,0.8092,897.3829000000001,70.72971666666668,877.5594500000001,72.22711666666667,805.3323333333334,21.320849999999993,0.0,-0.0,0.0,10050.0,10050.0,651.6749241333334,86.26415909999997,0.0
2025-01-23,44,warmup,0.7972,913.5118166666666,112.4101,927.696,122.24303333333334,805.4529666666667,0.0,0.0,0.0,4.351250000000107,10050.0,10050.0,642.1071050266668,0.0,5.684341886080802e-14
2025-01-23,45,warmup,0.7644,920.49,153.49375,960.415,170.89374999999998,789.52125,0.0,22.525000000000006,0.0,0.0,10050.0,10070.2725,603.5100434999999,0.0,-2.842170943040401e-14
2025-01-23,46,warmup,0.6899,878.52545,199.57706666666664,883.4682166666666,216.44985,1500.3517000000002,0.0,810.8083333333343,0.0,10.594983333332493,10070.2725,10800.0,1035.09263783,0.0,1.1368683772161603e-13
2025-01-23,47,warmup,0.86,1001.96325,247.5073833333333,963.1933833333333,266.07896666666664,697.1144166666666,57.34145000000015,0.0,-0.0,0.0,10800.0,10800.0,599.5183983333333,246.56823500000064,0.0
2025-01-23,48,warmup,1.1617,1222.8216666666667,297.2875,1170.6200000000001,315.925,21.361666666666792,70.83916666666664,0.0,833.3333333333334,0.0,10800.0,9874.074074074075,24.81584816666681,411.46929958333317,0.0
2025-01-23,49,warmup,1.1683,1241.4583666666667,350.6774666666667,1202.53425,355.77956666666665,13.421349999999961,44.02621666666653,0.0,833.3333333333334,0.0,9874.074074074075,8948.14814814815,15.680163204999953,257.1791446583325,-2.2737367544323206e-13
2025-01-23,50,warmup,1.0956,1210.3315,395.1239,1195.8467333333333,401.6345166666667,0.0,0.0,0.0,815.2076,0.0,8948.14814814815,8042.361925925928,0.0,0.0,0.0
2025-01-23,51,warmup,1.0849,1215.295,425.88125,1230.2133333333334,449.47499999999997,0.0,0.0,0.0,789.41375,0.0,8042.361925925928,7165.235537037039,0.0,0.0,0.0
2025-01-23,52,warmup,1.061,1189.1281833333337,451.7529333333334,1234.79855,480.85543333333334,0.0,0.0,0.0,737.3752500000003,0.0,7165.235537037039,6345.929703703705,0.0,0.0,0.0
2025-01-23,53,warmup,1.043,1182.9484833333331,489.05755,1222.1721333333332,524.6172666666666,0.0,0.0,0.0,693.8909333333331,0.0,6345.929703703705,5574.939777777779,0.0,0.0,0.0
2025-01-23,54,warmup,1.036,1208.4683333333337,535.49375,1210.6666666666667,580.8249999999999,0.0,0.0,0.0,672.9745833333337,0.0,5574.939777777779,4827.1902407407415,0.0,0.0,0.0
2025-01-23,55,warmup,1.0147,1218.9920666666667,575.7244166666667,1201.2763666666667,621.84825,0.0,0.0,0.0,643.26765,0.0,4827.1902407407415,4112.448407407408,0.0,0.0,0.0
2025-01-23,56,warmup,0.9922,1217.5106,622.9164833333333,1193.65515,671.0419833333334,0.0,0.0,0.0,594.5941166666668,0.0,4112.448407407408,3451.788277777778,0.0,0.0,0.0
2025-01-23,57,warmup,0.97,1204.246666666667,678.36875,1190.0316666666665,723.9125,0.0,0.0,0.0,525.8779166666669,0.0,3451.788277777778,2867.4794814814813,0.0,0.0,0.0
2025-01-23,58,warmup,0.9422,1176.8578,725.8994666666667,1193.1845833333334,746.61415,446.5704333333334,4.387899999999831,0.0,0.0,0.0,2867.4794814814813,2867.4794814814813,420.7586622866668,20.671396899999205,0.0
2025-01-23,59,warmup,0.9569,1182.9232,757.1238166666667,1197.5525,752.3535,44.65203333333187,228.75153333333492,0.0,152.3958166666664,0.0,2867.4794814814813,2698.1507962962964,42.72753069666527,1094.4617112333408,0.0
2025-01-23,60,warmup,0.9977,1198.5633333333333,785.0875,1203.4883333333335,772.99375,0.0,0.0,0.0,413.4758333333333,0.0,2698.1507962962964,2238.733203703704,0.0,0.0,0.0
2025-01-23,61,warmup,0.9919,1153.89575,828.2179,1211.43895,831.0097999999999,0.0,0.0,0.0,325.6778499999999,0.0,2238.733203703704,1876.8689259259263,0.0,0.0,0.0
2025-01-23,62,warmup,0.9588,1127.34245,851.40085,1192.1108666666667,886.6982333333334,0.0,0.0,0.0,275.9416000000001,0.0,1876.8689259259263,1570.2671481481484,0.0,0.0,0.0
2025-01-23,63,warmup,0.9549,1141.075,851.69375,1154.2166666666667,910.7875,243.42916666666667,0.0,0.0,45.95208333333335,0.0,1570.2671481481484,1519.209277777778,232.45051125,0.0,0.0
2025-01-23,64,warmup,0.9839,1139.1795833333333,865.31075,1140.6711166666666,908.6717666666667,0.0,0.0,0.0,273.8688333333333,0.0,1519.209277777778,1214.9105740740742,0.0,0.0,0.0
2025-01-23,65,warmup,0.799,1130.5698333333332,900.8378333333334,1148.8656166666667,918.2567833333333,230.60883333333345,0.0,0.0,0.0,0.8768333333335931,1214.9105740740742,1214.9105740740742,184.25645783333343,0.0,-1.1368683772161603e-13
2025-01-23,66,warmup,0.5025,1145.175,932.59375,1159.4416666666666,940.65,1052.125,0.0,816.7660288065841,0.0,22.777721193415914,1214.9105740740742,1950.0,528.6928125,0.0,0.0
2025-01-23,67,warmup,0.4662,1193.9189333333334,929.12215,1156.4665833333333,946.3401,1043.4598166666667,54.670299999999884,833.3333333333333,0.0,0.0,1950.0,2700.0,486.46096653,127.43646929999973,2.2737367544323206e-13
2025-01-23,68,warmup,0.5007,1200.9674833333331,940.01695,1156.25685,959.8560666666667,1029.7341166666665,64.5497499999999,833.3333333333333,0.0,0.0,2700.0,3450.0,515.587872215,161.60029912499976,0.0
2025-01-23,69,warmup,0.4827,1167.8366666666668,960.85,1162.0966666666666,973.2125,1022.2175,18.102500000000077,833.3333333333333,0.0,0.0,3450.0,4200.0,493.42438725,43.69038375000019,0.0
2025-01-23,70,warmup,0.4785,1163.3171666666667,940.3385166666668,1155.0759500000001,954.5582166666667,1033.8510666666668,22.46091666666632,833.3333333333333,0.0,0.0,4200.0,4950.0,494.69773540000006,53.73774312499918,-2.2737367544323206e-13
2025-01-23,71,warmup,0.4662,1133.116533333333,934.5943333333332,1114.2599666666667,959.1561666666666,988.4371333333335,43.41839999999968,833.3333333333333,0.0,0.0,4950.0,5700.0,460.80939156000005,101.20829039999924,0.0
2025-01-23,72,warmup,0.4432,1085.3266666666666,947.64375,1067.5783333333334,985.3312500000001,915.5804166666667,55.43583333333322,833.3333333333333,0.0,0.0,5700.0,6450.0,405.78524066666665,122.8458066666664,0.0
2025-01-23,73,warmup,0.4411,1093.17485,927.4323166666668,1067.8196333333333,977.82975,923.3232166666667,75.7526499999999,833.3333333333333,0.0,0.0,6450.0,7200.0,407.27787087166666,167.07246957499976,0.0
2025-01-23,74,warmup,0.4551,1114.8165166666663,914.4241333333332,1073.0706,981.3263833333334,925.07755,108.64816666666638,833.3333333333333,0.0,0.0,7200.0,7950.0,421.002793005,247.22890324999938,0.0
2025-01-23,75,warmup,0.4463,1109.6016666666667,923.6375,1072.1433333333332,1005.6437500000001,899.8329166666665,119.4645833333334,833.3333333333333,0.0,0.0,7950.0,8700.0,401.59543070833325,266.58521770833346,0.0
2025-01-23,76,warmup,0.4113,1080.5876833333334,926.4749333333332,1095.1417166666668,1008.6700666666667,919.8049833333334,67.64110000000005,833.3333333333333,0.0,0.0,8700.0,9450.0,378.31578964500005,139.1039221500001,0.0
2025-01-23,77,warmup,0.5682,1079.3658,918.0123833333332,1118.5897833333333,983.9940833333334,967.9290333333333,26.757716666666738,833.3333333333333,0.0,0.0,9450.0,10200.0,549.9772767400001,76.0186730500002,0.0
2025-01-23,78,warmup,0.8279,1116.9216666666666,907.2625,1128.1333333333334,948.8625000000001,179.27083333333337,30.388333333333208,0.0,-0.0,0.0,10200.0,10200.0,148.41832291666668,125.79250583333281,0.0
2025-01-23,79,warmup,0.8636,1149.9257833333334,903.1456166666668,1126.1263666666666,924.2569833333333,201.8693833333333,44.91078333333326,0.0,-0.0,0.0,10200.0,10200.0,174.33439944666665,193.92476243333303,0.0
2025-01-23,80,warmup,0.8416,1130.59115,885.56795,1091.8262666666667,890.8607999999999,200.96546666666677,44.0577333333332,0.0,-0.0,0.0,10200.0,10200.0,169.13253674666674,185.39494186666613,0.0
2025-01-23,81,warmup,0.8618,1083.6083333333331,855.6437500000001,1056.5333333333333,842.4499999999999,214.08333333333337,13.881249999999682,0.0,-0.0,0.0,10200.0,10200.0,184.4970166666667,59.81430624999863,0.0
2025-01-23,82,warmup,0.8623,1079.7791333333332,835.1390333333334,1081.6439666666668,794.6560833333333,286.98788333333346,0.0,0.0,0.0,42.34778333333361,10200.0,10200.0,247.46965179833342,0.0,0.0
2025-01-23,83,warmup,0.9026,1084.6209166666663,814.8970666666668,1118.1821833333333,756.6756999999999,361.50648333333345,0.0,0.0,0.0,91.78263333333393,10200.0,10200.0,326.29575185666675,0.0,0.0
2025-01-23,84,warmup,0.9754,1089.6483333333333,792.3937500000001,1123.6866666666667,722.8874999999999,0.0,0.0,0.0,297.25458333333324,0.0,10200.0,9869.71712962963,0.0,0.0,0.0
2025-01-23,85,warmup,1.0002,1117.0901833333337,773.11915,1100.38085,685.0337666666666,0.0,0.0,0.0,343.9710333333337,0.0,9869.71712962963,9487.527092592592,0.0,0.0,0.0
2025-01-23,86,warmup,0.9978,1103.8877,737.3382166666667,1088.1194666666668,673.8711166666667,0.0,0.0,0.0,366.54948333333334,0.0,9487.527092592592,9080.24988888889,0.0,0.0,0.0
2025-01-23,87,warmup,1.0271,1063.785,691.2937499999999,1087.4716666666666,678.8249999999999,0.0,0.0,0.0,372.49125000000015,0.0,9080.24988888889,8666.370722222222,0.0,0.0,0.0
2025-01-23,88,warmup,1.0906,1076.4231,659.5374833333334,1068.4849333333334,656.0776500000001,0.0,0.0,0.0,416.8856166666666,0.0,8666.370722222222,8203.16448148148,0.0,0.0,0.0
2025-01-23,89,warmup,0.9376,1092.6733166666666,612.1771,1069.8579833333333,632.0391333333333,0.00013374830576916955,0.0,0.0,480.4960829183607,0.0,8203.16448148148,7669.279944905525,0.00012540241148917337,0.0,-2.2737367544323206e-13
2025-01-23,90,warmup,0.6694,1086.4833333333331,553.1750000000001,1090.915,612.38125,1311.8670833333333,0.0,778.5587500000003,0.0,0.0,7669.279944905525,8369.982819905525,878.1638255833333,0.0,-1.1368683772161603e-13
2025-01-23,91,warmup,0.66,1079.79465,519.2198166666667,1088.9182166666667,570.6106166666667,1351.6409333333334,0.0,791.0661,0.0,0.0,8369.982819905525,9081.942309905524,892.083016,0.0,0.0
2025-01-23,92,warmup,0.7217,1062.6083166666667,487.61758333333336,1080.4210166666667,507.59185,1406.1625,0.0,831.1717666666666,0.0,0.0,9081.942309905524,9829.996899905524,1014.8274762499999,0.0,0.0
2025-01-23,93,warmup,0.7308,1050.4016666666666,443.09375,1080.7183333333335,444.79375,1469.257916666667,0.0,671.2784244855983,0.0,190.67157551440198,9829.996899905524,10434.147481942562,1073.7336855,0.0,0.0
2025-01-23,94,warmup,0.7534,1072.00375,394.4701,1083.3101,405.7295,1084.0833978415978,0.0,406.50279784159795,0.0,0.04694999999981064,10434.147481942562,10800.0,816.7484319338598,0.0,0.0
2025-01-23,95,warmup,0.7823,1076.1403666666668,354.89006666666666,1063.32675,369.6503666666667,693.6763833333332,27.573916666667213,0.0,-3.235917089838835e-13,0.0,10800.0,10800.0,542.6630346816665,107.85537504166881,0.0
2025-01-23,96,warmup,0.8055,1055.1166666666666,317.83125,1036.4633333333334,325.33125,711.1320833333334,26.153333333332817,0.0,3.2059688237495714e-13,0.0,10800.0,10800.0,572.8168931250001,105.33254999999792,0.0
2025-01-23,97,warmup,0.8271,1053.566816666667,264.2705833333333,1044.944,279.76165,765.18235,24.113883333333373,0.0,1.7468693158662066e-13,0.0,10800.0,10800.0,632.882321685,99.72296452500015,0.0
2025-01-23,98,warmup,0.8519,1069.0150666666666,206.73476666666667,1058.5720833333332,230.11620000000002,828.4558833333332,33.82441666666674,0.0,-1.0338396805309453e-14,0.0,10800.0,10800.0,705.7615670116666,144.07510279166698,0.0
2025-01-23,99,warmup,0.8791,1074.955,156.0625,1059.4116666666666,177.025,882.3866666666667,36.5058333333331,0.0,1.7198686919073221e-13,0.0,10800.0,10800.0,775.7061186666666,160.46139041666564,0.0
2025-01-23,100,warmup,0.9024,1053.2505166666667,112.03448333333334,1057.93005,125.64858333333332,932.2814666666666,8.934566666667228,0.0,-4.1695702446276065e-13,0.0,10800.0,10800.0,841.2907955199998,40.31276480000253,0.0
2025-01-23,101,warmup,0.9163,1061.3620666666668,69.76148333333333,1055.0228833333333,75.09148333333333,979.9313999999999,11.66918333333318,0.0,3.551542393509521e-13,0.0,10800.0,10800.0,897.9111418199999,53.462363441665964,2.2737367544323206e-13
2025-01-23,102,warmup,0.9264,1082.8383333333334,31.46875,1054.685,31.3,1023.385,27.984583333333006,0.0,3.6834535421803596e-13,0.0,10800.0,10800.0,948.063864,129.62458999999848,0.0
2025-01-23,103,warmup,0.9462,1045.3176666666666,6.297366666666666,1060.0607333333335,5.758466666666667,1054.3022666666668,0.0,0.0,-0.0,15.281966666666893,10800.0,10800.0,997.5808047200002,0.0,1.0658141036401503e-14
2025-01-23,104,warmup,0.9742,1021.4821666666668,0.0,1049.6658833333333,0.0,1049.6658833333333,0.0,0.0,-0.0,28.183716666666555,10800.0,10800.0,1022.5845035433333,0.0,0.0
2025-01-23,105,warmup,0.9862,1051.5483333333334,0.0,1043.5283333333334,0.0,1043.5283333333334,8.0200000000018,0.0,-0.0,0.0,10800.0,10800.0,1029.1276423333334,39.54662000000888,1.8189894035458565e-12
2025-01-23,106,warmup,0.976,1076.3011833333333,0.36845,1060.2211666666667,0.33021666666666666,1059.89095,16.04178333333592,0.0,-2.64015309614507e-12,0.0,10800.0,10800.000000000004,1034.4535672,78.2839026666793,-2.2737367544323206e-13
2025-01-23,107,warmup,1.0742,930.6285833333332,0.0,933.7647166666667,0.0,933.7647166666667,0.0,0.0,3.315108187962323e-12,3.1361333333368475,10800.000000000004,10800.0,1003.0500586433334,0.0,-1.8207657603852567e-14
2025-01-23,108,warmup,1.2313,715.7516666666667,0.0,729.0566666666667,0.0,729.0566666666667,0.0,0.0,0.0,13.305000000000064,10800.0,10800.0,897.6874736666667,0.0,0.0
2025-01-23,109,warmup,1.2561,709.9707333333334,0.02645,694.8075666666667,0.0237,694.7838666666668,15.160416666668583,0.0,-1.9095836023552692e-12,0.0,10800.0,10800.000000000002,872.7180149200001,95.21499687501203,-1.1368683772161603e-13
2025-01-23,110,warmup,1.2447,740.3571333333333,0.0,711.45645,0.0,711.45645,28.900683333333053,0.0,2.305474561259402e-13,0.0,10800.000000000002,10800.000000000002,885.549843315,179.86340272499825,0.0
2025-01-23,111,warmup,1.2545,714.0466666666666,0.0,715.3283333333334,0.0,715.3283333333334,0.0,0.0,1.6575540939811615e-12,1.2816666666684091,10800.000000000002,10800.0,897.3793941666667,0.0,4.773959005888173e-14
2025-01-23,112,warmup,1.2522,712.4603000000001,0.0019,758.71155,0.0017000000000000001,758.70985,0.0,0.0,-0.0,46.251449999999885,10800.0,10800.0,950.0564741699999,0.0,-2.1316282072803006e-14
2025-01-23,113,warmup,1.2881,729.4405333333334,0.0,759.0705166666667,0.0,258.3548499999994,0.0,0.0,471.08568333333415,0.0,10800.0,10276.571462962962,332.7868822849992,0.0,1.1368683772161603e-13
2025-01-23,114,warmup,1.3466,725.7783333333333,0.0,719.93,0.0,0.0,0.0,0.0,725.7783333333332,0.0,10276.571462962962,9470.151092592592,0.0,0.0,-1.1368683772161603e-13
2025-01-23,115,warmup,1.3523,680.5161666666667,0.0,729.96585,0.0,0.0,0.0,0.0,680.5161666666667,0.0,9470.151092592592,8714.022018518519,0.0,0.0,0.0
2025-01-23,116,warmup,1.3445,677.2218333333334,0.0,736.064,0.0,0.0,0.0,0.0,677.2218333333334,0.0,8714.022018518519,7961.553314814815,0.0,0.0,0.0
2025-01-23,117,warmup,1.3483,723.5666666666666,0.0,723.6033333333334,0.0,0.0,0.0,0.0,723.5666666666666,0.0,7961.553314814815,7157.590351851853,0.0,0.0,0.0
2025-01-23,118,warmup,1.349,744.2851,0.0,734.9625833333333,0.0,0.0,0.0,0.0,744.2851,0.0,7157.590351851853,6330.606907407408,0.0,0.0,0.0
2025-01-23,119,warmup,1.3473,740.8114333333333,0.0,741.5478833333333,0.0,0.0,0.0,0.0,740.8114333333333,0.0,6330.606907407408,5507.483092592593,0.0,0.0,0.0
2025-01-23,120,warmup,1.3482,733.5283333333333,0.0,744.5799999999999,0.0,0.0,0.0,0.0,733.5283333333333,0.0,5507.483092592593,4692.451611111112,0.0,0.0,0.0
2025-01-23,121,warmup,1.3513,736.0074333333333,0.0,772.7663833333332,0.0,0.0,0.0,0.0,736.0074333333333,0.0,4692.451611111112,3874.6655740740744,0.0,0.0,0.0
2025-01-23,122,warmup,1.34,740.5466333333334,0.0,774.0756333333334,0.0,0.0,0.0,0.0,740.5466333333334,0.0,3874.6655740740744,3051.8359814814817,0.0,0.0,0.0
2025-01-23,123,warmup,1.3489,747.2216666666667,0.0,740.6966666666667,0.0,0.0,0.0,0.0,747.2216666666667,0.0,3051.8359814814817,2221.5896851851853,0.0,0.0,0.0
2025-01-23,124,warmup,1.3952,762.4862166666667,0.0,721.092,0.0,0.0,0.0,0.0,762.4862166666667,0.0,2221.5896851851853,1374.3827777777778,0.0,0.0,0.0
2025-01-23,125,warmup,1.2226,766.8942666666667,0.0,728.3908833333334,0.0,728.3908833333334,0.0,0.0,38.503383333333474,0.0,1374.3827777777778,1331.6012407407406,890.5306939633333,0.0,1.1368683772161603e-13
2025-01-23,126,warmup,0.9332,755.1750000000001,0.0,750.6916666666666,0.0,750.6916666666666,0.0,0.0,4.483333333333576,0.0,1331.6012407407406,1326.619759259259,700.5454633333333,0.0,1.1368683772161603e-13
2025-01-23,127,warmup,0.9068,742.83965,0.0,764.7712833333334,0.0,764.7712833333334,0.0,0.0,0.0,21.93163333333332,1326.619759259259,1326.619759259259,693.4945997266667,0.0,4.618527782440651e-14
2025-01-23,128,warmup,0.9371,744.6625166666666,0.0,765.1856666666666,0.0,765.1856666666666,0.0,0.0,0.0,20.523149999999987,1326.619759259259,1326.619759259259,717.0554882333333,0.0,0.0
2025-01-23,129,warmup,0.9371,759.3249999999999,0.0,776.7866666666667,0.0,776.7866666666667,0.0,0.0,0.0,17.461666666666815,1326.619759259259,1326.619759259259,727.9267853333334,0.0,0.0
2025-01-23,130,warmup,0.9871,760.3273833333333,0.0,810.8727333333333,0.0,810.8727333333333,0.0,0.0,0.0,50.54534999999973,1326.619759259259,1326.6197592592591,800.4124750733332,0.0,2.5579538487363607e-13
2025-01-23,131,warmup,0.7764,687.9770333333332,0.0,731.2814166666667,0.0,731.2814166666667,0.0,0.0,0.0,43.30438333333336,1326.6197592592591,1326.6197592592591,567.7668919,0.0,1.1368683772161603e-13
2025-01-23,132,warmup,0.4209,583.9083333333333,0.0,580.3149999999999,0.0,580.3149999999999,0.0,0.0,3.59333333333343,0.0,1326.6197592592591,1322.6271666666664,244.25458349999997,0.0,1.1368683772161603e-13
2025-01-23,133,warmup,0.3859,562.41395,0.0,552.19075,0.0,552.19075,0.0,0.0,10.22320000000002,0.0,1322.6271666666664,1311.2680555555553,213.09041042500002,0.0,0.0
2025-01-23,134,warmup,0.4368,590.9875166666667,0.0,588.0205500000001,0.0,588.0205500000001,0.0,0.0,2.9669666666665306,0.0,1311.2680555555553,1307.9714259259258,256.84737624,0.0,-1.1368683772161603e-13
2025-01-23,135,warmup,0.4198,607.8633333333333,0.0,601.5683333333333,0.0,601.5683333333333,0.0,0.0,6.295000000000073,0.0,1307.9714259259258,1300.9769814814813,252.5383863333333,0.0,0.0
2025-01-23,136,warmup,0.4186,582.06035,0.0,570.3148,0.0,570.3148,0.0,0.0,11.745549999999934,0.0,1300.9769814814813,1287.9263703703703,238.73377528,0.0,0.0
2025-01-23,137,warmup,0.4241,568.1048833333333,0.0,569.3074666666666,0.0,569.3074666666666,0.0,0.0,0.0,1.202583333333223,1287.9263703703703,1287.9263703703703,241.4432966133333,0.0,1.1368683772161603e-13
2025-01-23,138,warmup,0.4237,572.2233333333334,0.0,604.0783333333333,0.0,604.0783333333333,0.0,0.0,0.0,31.855000000000018,1287.9263703703703,1287.9263703703703,255.9479898333333,0.0,-1.1368683772161603e-13
2025-01-23,139,warmup,0.4248,553.6918333333333,0.0,606.8031,0.0,606.8031,0.0,0.0,0.0,53.11126666666675,1287.9263703703703,1287.9263703703703,257.76995688,0.0,-8.526512829121202e-14
2025-01-23,140,warmup,0.424,559.6259666666666,0.0,589.59335,0.0,589.59335,0.0,0.0,0.0,29.967383333333395,1287.9263703703703,1287.9263703703703,249.98758039999998,0.0,-2.1316282072803006e-14
2025-01-23,141,warmup,0.422,598.7416666666667,0.0,572.2783333333333,0.0,572.2783333333333,0.0,0.0,26.463333333333367,0.0,1287.9263703703703,1258.5226666666665,241.50145666666666,0.0,0.0
2025-01-23,142,warmup,0.424,616.1648666666666,0.0,563.0160999999999,0.0,563.0160999999999,0.4783666666668367,0.0,52.67039999999986,0.0,1258.5226666666665,1200.0,238.71882639999995,1.0141373333336938,0.0
2025-01-23,143,warmup,0.4271,551.6382166666666,0.0,575.1908833333333,0.0,575.1908833333333,0.0,-0.0,0.0,23.552666666666713,1200.0,1200.0,245.66402627166664,0.0,-3.552713678800501e-15
2025-01-23,144,warmup,0.4276,446.1616666666666,0.0,594.895,0.0,594.895,0.0,-0.0,0.0,148.7333333333334,1200.0,1200.0,254.37710199999998,0.0,0.0
2025-01-24,1,warmup,0.4248,409.1426666666667,0.0,593.6854833333333,0.0,1427.0188166666667,0.0,833.3333333333334,0.0,184.54281666666668,1200.0,1950.0,606.19759332,0.0,0.0
2025-01-24,2,warmup,0.4245,417.1940333333334,0.0,598.4678666666667,0.0,1431.8012,0.0,833.3333333333334,0.0,181.2738333333333,1950.0,2700.0,607.7996094,0.0,0.0
2025-01-24,3,warmup,0.4269,442.2033333333333,0.0,616.445,0.0,1449.7783333333334,0.0,833.3333333333334,0.0,174.24166666666667,2700.0,3450.0,618.9103705,0.0,0.0
2025-01-24,4,warmup,0.4272,476.71183333333335,0.0,627.1227166666666,0.0,1460.45605,0.0,833.3333333333353,0.0,150.4108833333314,3450.0,4200.000000000002,623.90682456,0.0,0.0
2025-01-24,5,warmup,0.4271,480.1322166666666,0.0,634.0951,0.0,1467.4284333333335,0.0,833.3333333333333,0.0,153.9628833333336,4200.000000000002,4950.000000000002,626.7386838766668,0.0,0.0
2025-01-24,6,warmup,0.4285,463.1216666666666,0.0,634.9216666666667,0.0,1468.255,0.0,833.3333333333334,0.0,171.80000000000007,4950.000000000002,5700.000000000002,629.1472675,0.0,0.0
2025-01-24,7,warmup,0.4311,473.8980666666666,0.0,624.7802166666667,0.0,1291.4468833333335,0.0,817.5488166666669,0.0,0.0,5700.000000000002,6435.793935000002,556.742751405,0.0,0.0
2025-01-24,8,warmup,0.4302,474.1392166666667,0.0,636.64795,0.0,1469.9812833333335,0.0,682.4511833333327,0.0,313.39088333333416,6435.793935000002,7050.000000000002,632.3859480900002,0.0,0.0
2025-01-24,9,warmup,0.4279,462.925,0.0,658.76,0.0,1492.0933333333332,0.0,833.3333333333334,0.0,195.83499999999992,7050.000000000002,7800.000000000002,638.4667373333333,0.0,0.0
2025-01-24,10,warmup,0.4312,479.9341666666666,0.0,648.7732500000001,0.0,648.7732500000001,0.0,168.83908333333346,0.0,0.0,7800.000000000002,7951.955175000002,279.75102540000006,0.0,0.0
2025-01-24,11,warmup,0.4333,490.7048666666667,0.0,655.75145,0.0,655.75145,0.0,165.04658333333327,0.0,0.0,7951.955175000002,8100.497100000001,284.137103285,0.0,0.0
2025-01-24,12,warmup,0.4311,492.6183333333333,0.0,670.4433333333333,0.0,1503.7766666666666,0.0,499.4476666666651,0.0,511.7106666666682,8100.497100000001,8550.0,648.2781209999999,0.0,0.0
2025-01-24,13,warmup,0.4293,515.7566833333334,0.0,632.6434333333333,0.0,1465.9767666666667,0.0,833.3333333333334,0.0,116.88674999999989,8550.0,9300.0,629.34382593,0.0,0.0
2025-01-24,14,warmup,0.4324,519.7063333333333,0.0,602.6531333333334,0.0,602.6531333333334,0.0,0.0,0.0,82.94680000000005,9300.0,9300.0,260.58721485333336,0.0,0.0
2025-01-24,15,warmup,0.4367,510.43,0.0,609.6633333333333,0.0,609.6633333333333,0.0,0.0,0.0,99.23333333333329,9300.0,9300.0,266.2399776666666,0.0,0.0
2025-01-24,16,warmup,0.4348,535.9960833333333,0.0,629.5726333333333,0.0,629.5726333333333,0.0,0.0,0.0,93.57655,9300.0,9300.0,273.73818097333333,0.0,0.0
2025-01-24,17,warmup,0.4335,556.4173833333333,0.0,671.5074333333333,0.0,671.5074333333333,0.0,0.0,0.0,115.09005000000002,9300.0,9300.0,291.09847235,0.0,0.0
2025-01-24,18,warmup,0.4357,549.1566666666666,0.0,704.7633333333333,0.0,704.7633333333333,0.0,0.0,0.0,155.60666666666668,9300.0,9300.0,307.0653843333333,0.0,0.0
2025-01-24,19,warmup,0.4374,530.5092666666667,0.0,680.1314666666666,0.0,680.1314666666666,0.0,0.0,0.0,149.6221999999999,9300.0,9300.0,297.48950351999997,0.0,0.0
2025-01-24,20,warmup,0.4371,511.5433,0.0,666.2313333333333,0.0,666.2313333333333,0.0,0.0,0.0,154.6880333333333,9300.0,9300.0,291.20971579999997,0.0,0.0
2025-01-24,21,warmup,0.4356,504.665,0.0,683.5083333333333,0.0,683.5083333333333,0.0,0.0,0.0,178.8433333333333,9300.0,9300.0,297.73623,0.0,0.0
2025-01-24,22,warmup,0.4353,515.50355,0.0,688.0935833333333,0.0,688.0935833333333,0.0,0.0,0.0,172.59003333333328,9300.0,9300.0,299.527136825,0.0,0.0
2025-01-24,23,warmup,0.436,512.6111500000001,0.0,690.7420999999999,0.0,690.7420999999999,0.0,0.0,0.0,178.13094999999987,9300.0,9300.0,301.1635556,0.0,0.0
2025-01-24,24,warmup,0.4378,509.31166666666667,0.0,698.7583333333333,0.0,698.7583333333333,0.0,0.0,0.0,189.44666666666666,9300.0,9300.0,305.91639833333335,0.0,0.0
2025-01-24,25,warmup,0.4401,544.4034833333334,0.0,698.97145,0.0,698.97145,0.0,0.0,0.0,154.56796666666662,9300.0,9300.0,307.61733514499997,0.0,0.0
2025-01-24,26,warmup,0.4389,547.0269833333333,0.0,670.8723833333333,0.0,670.8723833333333,0.0,0.0,0.0,123.84540000000004,9300.0,9300.0,294.445889045,0.0,0.0
2025-01-24,27,warmup,0.4364,526.215,0.0,653.7533333333333,0.0,653.7533333333333,0.0,0.0,0.0,127.5383333333333,9300.0,9300.0,285.29795466666667,0.0,0.0
2025-01-24,28,warmup,0.4393,558.5363333333333,0.0,708.3796666666667,0.0,708.3796666666667,0.0,0.0,0.0,149.84333333333336,9300.0,9300.0,311.1911875666667,0.0,0.0
2025-01-24,29,warmup,0.4422,564.0977666666666,0.0,740.0459500000001,0.0,740.0459500000001,0.0,0.0,0.0,175.94818333333342,9300.0,9300.0,327.24831909,0.0,0.0
2025-01-24,30,warmup,0.4395,536.4399999999999,0.0,714.38,0.0,714.38,0.0,177.94000000000005,0.0,0.0,9300.0,9460.146,313.97001,0.0,0.0
2025-01-24,31,warmup,0.4333,549.2923,0.0,692.2970833333334,0.0,692.2970833333334,0.0,143.00478333333342,0.0,0.0,9460.146,9588.850305,299.97232620833336,0.0,0.0
2025-01-24,32,warmup,0.4439,546.3291166666667,0.002,713.2022666666667,0.00185,713.2004166666667,0.0,166.87330000000003,0.0,0.0,9588.850305,9739.036275,316.58966495833334,0.0,-5.684341886080802e-14
2025-01-24,33,warmup,0.4301,531.4533333333333,0.0,738.225,0.0,1571.5583333333334,0.0,345.5152499999996,0.0,694.5897500000004,9739.036275,10050.0,675.9272391666667,0.0,0.0
2025-01-24,34,warmup,0.3713,565.2482166666667,0.0,707.8200333333333,0.0,1541.1533666666667,0.0,833.3333333333334,0.0,142.57181666666656,10050.0,10800.0,572.2302450433334,0.0,0.0
2025-01-24,35,warmup,0.5708,564.5728833333334,0.0279333333333333,758.3790666666667,0.025716666666666665,758.3533500000001,0.0,0.0,-0.0,193.80840000000003,10800.0,10800.0,432.86809218,0.0,-2.842170943040401e-14
2025-01-24,36,warmup,0.9099,534.9383333333334,0.0,881.1983333333333,0.0,881.1983333333333,0.0,0.0,-0.0,346.2599999999999,10800.0,10800.0,801.8023635,0.0,0.0
2025-01-24,37,warmup,0.9368,564.3955833333333,0.0,921.3626333333333,0.0,246.3626333333334,0.0,0.0,318.0329499999999,0.0,10800.0,10446.630055555555,230.79251490666672,0.0,0.0
2025-01-24,38,warmup,0.8758,573.2618666666666,0.3890499999999999,916.55215,0.35823333333333335,916.1939166666666,0.0,0.0,0.0,343.3211,10446.630055555555,10446.630055555555,802.4026322166667,0.0,0.0
2025-01-24,39,warmup,0.8759,542.495,0.0,908.4583333333334,0.0,908.4583333333334,0.0,0.0,0.0,365.96333333333337,10446.630055555555,10446.630055555555,795.7186541666667,0.0,0.0
2025-01-24,40,warmup,0.8601,543.57235,0.0,896.70865,0.0,896.70865,0.0,0.0,0.0,353.1363,10446.630055555555,10446.630055555555,771.259109865,0.0,0.0
2025-01-24,41,warmup,0.8442,592.1324000000001,6.705616666666667,896.6734166666666,6.152983333333334,890.5204333333334,0.0,0.0,0.0,305.09364999999997,10446.630055555555,10446.630055555555,751.7773498199999,0.0,-5.684341886080802e-14
2025-01-24,42,warmup,0.8334,640.9583333333334,34.74375,902.75,31.412499999999998,871.3375,0.0,0.0,0.0,265.1229166666666,10446.630055555555,10446.630055555555,726.1726725,0.0,0.0
2025-01-24,43,warmup,0.8092,629.20325,78.79588333333334,897.3829000000001,70.72971666666668,826.6531833333333,0.0,0.0,0.0,276.24581666666666,10446.630055555555,10446.630055555555,668.9277559533334,0.0,0.0
2025-01-24,44,warmup,0.7972,628.8235833333333,122.71381666666667,913.5118166666666,112.4101,801.1017166666666,0.0,0.0,0.0,294.9919499999999,10446.630055555555,10446.630055555555,638.6382885266665,0.0,-5.684341886080802e-14
2025-01-24,45,warmup,0.7644,661.5666666666667,160.84375,920.4899999999999,153.49375,766.9962499999999,0.0,266.2733333333332,0.0,0.0,10446.630055555555,10686.276055555556,586.2919334999999,0.0,0.0
2025-01-24,46,warmup,0.6899,674.04545,200.75055,878.52545,199.57706666666664,1512.2817166666669,0.0,126.35993827160442,0.0,912.6268783950626,10686.276055555556,10800.0,1043.3231563283334,0.0,0.0
2025-01-24,47,warmup,0.86,649.7603166666667,247.99456666666663,1001.9632499999999,247.50738333333334,754.4558666666666,0.0,0.0,-0.0,352.69011666666654,10800.0,10800.0,648.8320453333332,0.0,0.0
2025-01-24,48,warmup,1.1617,620.7166666666667,301.15000000000003,1222.8216666666667,297.28749999999997,92.20083333333343,0.0,0.0,227.36583333333323,0.0,10800.0,10547.371296296296,107.10970808333344,0.0,0.0
2025-01-24,49,warmup,1.1683,629.9628166666666,351.2917,1241.4583666666667,350.6774666666667,57.4475666666666,0.0,0.0,221.22355000000005,0.0,10547.371296296296,10301.567351851852,67.11599213666659,0.0,0.0
2025-01-24,50,warmup,1.0956,615.6964666666667,385.91563333333335,1210.3315,395.1239,0.0,0.0,0.0,229.7808333333333,0.0,10301.567351851852,10046.255314814816,0.0,0.0,0.0
2025-01-24,51,warmup,1.0849,590.0716666666666,416.23125,1215.295,425.88124999999997,0.0,0.0,0.0,173.8404166666666,0.0,10046.255314814816,9853.099296296297,0.0,0.0,0.0
2025-01-24,52,warmup,1.061,632.6896833333334,467.7444666666667,1189.1281833333335,451.7529333333334,0.0,0.0,0.0,164.94521666666668,0.0,9853.099296296297,9669.826833333334,0.0,0.0,0.0
2025-01-24,53,warmup,1.043,692.3518666666668,525.3794,1182.9484833333333,489.05755,0.0,0.0,0.0,166.97246666666672,0.0,9669.826833333334,9484.301870370371,0.0,0.0,0.0
2025-01-24,54,warmup,1.036,724.3883333333333,572.4499999999999,1208.4683333333335,535.49375,0.0,0.0,0.0,151.9383333333334,0.0,9484.301870370371,9315.4815,0.0,0.0,0.0
2025-01-24,55,warmup,1.0147,732.8120166666666,607.1135833333334,1218.9920666666667,575.7244166666667,0.0,0.0,0.0,125.69843333333324,0.0,9315.4815,9175.816574074073,0.0,0.0,0.0
2025-01-24,56,warmup,0.9922,752.8027999999999,650.7029666666666,1217.5106,622.9164833333333,0.0,0.0,0.0,102.09983333333332,0.0,9175.816574074073,9062.372314814815,0.0,0.0,0.0
2025-01-24,57,warmup,0.97,776.1966666666667,707.9812499999999,1204.2466666666667,678.36875,0.0,0.0,0.0,68.21541666666678,0.0,9062.372314814815,8986.577407407407,0.0,0.0,0.0
2025-01-24,58,warmup,0.9422,760.6325,763.7952166666668,1176.8578,725.8994666666667,450.95833333333326,0.0,0.0,0.0,454.12104999999997,8986.577407407407,8986.577407407407,424.8929416666666,0.0,-1.1368683772161603e-13
2025-01-24,59,warmup,0.9569,729.4942666666667,812.8478833333334,1182.9232,757.1238166666667,214.03196666666543,0.0,0.0,0.0,297.3855833333321,8986.577407407407,8986.577407407407,204.80718890333213,0.0,1.1368683772161603e-13
2025-01-24,60,warmup,0.9977,717.7866666666667,862.875,1198.5633333333333,785.0875,0.0,0.0,0.0,0.0,145.08833333333325,8986.577407407407,8986.577407407407,0.0,0.0,0.0
2025-01-24,61,warmup,0.9919,737.9810666666667,926.5346666666666,1153.89575,828.2179,0.0,0.0,0.0,0.0,188.55359999999985,8986.577407407407,8986.577407407407,0.0,0.0,0.0
2025-01-24,62,warmup,0.9588,737.15715,993.7770666666668,1127.3424499999999,851.40085,0.0,0.0,0.0,0.0,256.61991666666677,8986.577407407407,8986.577407407407,0.0,0.0,0.0
2025-01-24,63,warmup,0.9549,720.0783333333334,1023.70625,1141.075,851.69375,289.38125,0.0,0.0,0.0,593.0091666666666,8986.577407407407,8986.577407407407,276.33015562500003,0.0,1.1368683772161603e-13
2025-01-24,64,warmup,0.9839,739.6628999999999,987.4275666666668,1139.1795833333333,865.31075,0.0,0.0,0.0,0.0,247.76466666666693,8986.577407407407,8986.577407407407,0.0,0.0,0.0
2025-01-24,65,warmup,0.799,748.1690166666667,998.3505,1130.5698333333332,900.8378333333334,229.73199999999986,0.0,0.0,0.0,479.91348333333315,8986.577407407407,8986.577407407407,183.5558679999999,0.0,1.1368683772161603e-13
2025-01-24,66,warmup,0.5025,731.2600000000001,1070.9625,1145.175,932.59375,1045.9145833333332,0.0,0.0,0.0,1385.617083333333,8986.577407407407,8986.577407407407,525.5720781249998,0.0,0.0
2025-01-24,67,warmup,0.4662,720.4268166666667,1108.1226166666668,1193.9189333333334,929.12215,1098.1301166666667,0.0,0.0,0.0,1485.8259166666667,8986.577407407407,8986.577407407407,511.94826039000003,0.0,4.547473508864641e-13
2025-01-24,68,warmup,0.5007,694.97375,1106.16395,1200.9674833333333,940.0169500000001,1094.2838666666667,0.0,0.0,0.0,1505.4740666666667,8986.577407407407,8986.577407407407,547.90793204,0.0,0.0
2025-01-24,69,warmup,0.4827,666.8000000000001,1106.6125,1167.8366666666668,960.85,1040.3200000000002,0.0,0.0,0.0,1480.1325000000002,8986.577407407407,8986.577407407407,502.1624640000001,0.0,-4.547473508864641e-13
2025-01-24,70,warmup,0.4785,676.4565666666666,1144.16115,1163.3171666666667,940.3385166666667,1056.3119833333335,0.0,0.0,0.0,1524.0165666666667,8986.577407407407,8986.577407407407,505.44528402500003,0.0,0.0
2025-01-24,71,warmup,0.4662,694.6268333333334,1148.8335833333333,1133.1165333333333,934.5943333333333,1031.8555333333334,0.0,0.0,0.0,1486.0622833333332,8986.577407407407,8986.577407407407,481.05104964000003,0.0,0.0
2025-01-24,72,warmup,0.4432,689.9766666666666,1116.1125,1085.3266666666666,947.6437500000001,971.0162499999999,0.0,0.0,0.0,1397.1520833333334,8986.577407407407,8986.577407407407,430.35440199999994,0.0,0.0
2025-01-24,73,warmup,0.4411,664.96145,1110.72975,1093.17485,927.4323166666667,999.0758666666668,0.0,0.0,0.0,1444.8441666666668,8986.577407407407,8986.577407407407,440.6923647866667,0.0,-2.2737367544323206e-13
2025-01-24,74,warmup,0.4551,688.3564500000001,1108.6275666666668,1114.8165166666665,914.4241333333333,1033.7257166666666,0.0,0.0,0.0,1453.9968333333331,8986.577407407407,8986.577407407407,470.44857365499996,0.0,0.0
2025-01-24,75,warmup,0.4463,731.4616666666667,1099.2375,1109.6016666666667,923.6374999999999,1019.2975000000001,0.0,0.0,0.0,1387.0733333333333,8986.577407407407,8986.577407407407,454.91247425,0.0,0.0
2025-01-24,76,warmup,0.4113,698.3249999999999,1097.1969666666666,1080.5876833333334,926.4749333333333,987.4460833333335,0.0,514.9139917695497,0.0,871.4040582304506,8986.577407407407,9450.000000000002,406.13657407500006,0.0,0.0
2025-01-24,77,warmup,0.5682,674.6365666666667,1072.8165833333337,1079.3658,918.0123833333333,994.6867500000001,0.0,833.3333333333333,0.0,559.5334333333337,9450.000000000002,10200.000000000002,565.1810113500001,0.0,4.547473508864641e-13
2025-01-24,78,warmup,0.8279,681.9716666666667,1022.1,1116.9216666666666,907.2624999999999,209.6591666666667,0.0,0.0,0.0,549.7875,10200.000000000002,10200.000000000002,173.57682408333335,0.0,0.0
2025-01-24,79,warmup,0.8636,657.50885,974.8032166666668,1149.9257833333334,903.1456166666667,246.78016666666667,0.0,0.0,0.0,564.0745333333334,10200.000000000002,10200.000000000002,213.11935193333335,0.0,1.1368683772161603e-13
2025-01-24,80,warmup,0.8416,641.7534333333333,946.0283333333332,1130.59115,885.56795,245.02319999999997,0.0,0.0,0.0,549.2980999999999,10200.000000000002,10200.000000000002,206.21152511999998,0.0,1.1368683772161603e-13
2025-01-24,81,warmup,0.8618,652.365,925.15,1083.6083333333333,855.6437500000001,227.96458333333328,0.0,0.0,0.0,500.74958333333325,10200.000000000002,10200.000000000002,196.4598779166666,0.0,0.0
2025-01-24,82,warmup,0.8623,662.5607333333334,889.9290833333333,1079.7791333333332,835.1390333333334,244.64009999999985,0.0,0.0,0.0,472.0084499999998,10200.000000000002,10200.000000000002,210.95315822999987,0.0,-1.1368683772161603e-13
2025-01-24,83,warmup,0.9026,667.2004000000001,857.0432833333333,1084.6209166666665,814.8970666666668,269.72384999999974,0.0,0.0,0.0,459.566733333333,10200.000000000002,10200.000000000002,243.45274700999977,0.0,0.0
2025-01-24,84,warmup,0.9754,663.3149999999999,824.7062500000001,1089.6483333333333,792.3937500000001,0.0,0.0,0.0,0.0,161.39125000000013,10200.000000000002,10200.000000000002,0.0,0.0,0.0
2025-01-24,85,warmup,1.0002,649.2600666666666,773.7347,1117.0901833333335,773.11915,0.0,0.0,0.0,0.0,124.47463333333337,10200.000000000002,10200.000000000002,0.0,0.0,0.0
2025-01-24,86,warmup,0.9978,642.5883333333334,727.8385833333333,1103.8877,737.3382166666667,0.0,0.0,0.0,0.0,85.25024999999994,10200.000000000002,10200.000000000002,0.0,0.0,0.0
2025-01-24,87,warmup,1.0271,637.215,693.4562500000001,1063.785,691.2937499999999,0.0,0.0,0.0,0.0,56.241250000000036,10200.000000000002,10200.000000000002,0.0,0.0,0.0
2025-01-24,88,warmup,1.0906,615.52265,656.2666166666667,1076.4231,659.5374833333334,0.0,0.0,0.0,0.0,40.743966666666665,10200.000000000002,10200.000000000002,0.0,0.0,0.0
2025-01-24,89,warmup,0.9376,623.86395,630.6865,1092.6733166666666,612.1771,0.00013374852216125214,0.0,0.0,0.0,6.822683748522195,10200.000000000002,10200.000000000002,0.00012540261437839,0.0,0.0
2025-01-24,90,warmup,0.6694,638.1466666666666,605.5500000000001,1086.4833333333333,553.1750000000001,1366.6416666666667,0.0,0.0,0.0,1334.045,10200.000000000002,10200.000000000002,914.8299316666667,0.0,0.0
2025-01-24,91,warmup,0.66,591.0265,551.2903333333334,1079.79465,519.2198166666667,1393.9081666666666,0.0,0.0,0.0,1354.172,10200.000000000002,10200.000000000002,919.97939,0.0,0.0
2025-01-24,92,warmup,0.7217,583.42675,495.84501666666665,1062.6083166666667,487.61758333333336,1408.3240666666666,0.0,0.0,0.0,1320.7423333333331,10200.000000000002,10200.000000000002,1016.3874789133333,0.0,0.0
2025-01-24,93,warmup,0.7308,629.025,454.48125,1050.4016666666666,443.09375,1440.6412500000001,0.0,521.4221610064043,0.0,744.6753389935958,10200.000000000002,10669.279944905766,1052.8206255,0.0,2.2737367544323206e-13
2025-01-24,94,warmup,0.7534,636.5458166666666,414.02448333333336,1072.00375,394.4701,822.7781556602614,0.0,145.24450566026425,0.0,455.0123166666639,10669.279944905766,10800.000000000004,619.8810624744409,0.0,1.1368683772161603e-13
2025-01-24,95,warmup,0.7823,615.84585,358.4043833333333,1076.1403666666668,354.89006666666666,721.2503000000002,0.0,0.0,3.315108187962323e-12,463.80883333333674,10800.000000000004,10800.0,564.2341096900001,0.0,5.684341886080802e-14
2025-01-24,96,warmup,0.8055,600.7683333333333,299.15000000000003,1055.1166666666666,317.83125,737.2854166666666,0.0,0.0,-0.0,435.6670833333333,10800.0,10800.0,593.883403125,0.0,5.684341886080802e-14
2025-01-24,97,warmup,0.8271,606.7030166666667,262.59835,1053.5668166666667,264.2705833333333,789.2962333333334,0.0,0.0,-0.0,445.19156666666663,10800.0,10800.0,652.82691459,0.0,-1.1368683772161603e-13
2025-01-24,98,warmup,0.8519,589.4639833333333,223.5300333333333,1069.0150666666666,206.73476666666667,862.2802999999999,0.0,0.0,-0.0,496.3463499999999,10800.0,10800.0,734.5765875699999,0.0,-1.1368683772161603e-13
2025-01-24,99,warmup,0.8791,565.6750000000001,173.11249999999998,1074.955,156.0625,918.8924999999999,0.0,0.0,-0.0,526.3299999999998,10800.0,10800.0,807.7983967499999,0.0,0.0
2025-01-24,100,warmup,0.9024,583.1896333333333,126.98178333333334,1053.2505166666667,112.03448333333334,941.2160333333334,0.0,0.0,-0.0,485.0081833333334,10800.0,10800.0,849.35334848,0.0,5.684341886080802e-14
2025-01-24,101,warmup,0.9163,521.2194666666667,80.8326,1061.3620666666668,69.76148333333333,991.6005833333335,0.0,0.0,-0.0,551.2137166666668,10800.0,10800.0,908.6036145083335,0.0,1.1368683772161603e-13
2025-01-24,102,warmup,0.9264,423.765,36.86875,1082.8383333333334,31.46875,1051.3695833333334,0.0,0.0,-0.0,664.4733333333334,10800.0,10800.0,973.988782,0.0,1.1368683772161603e-13
2025-01-24,103,warmup,0.9462,461.1766,7.42335,1045.3176666666666,6.297366666666666,1039.0203,0.0,0.0,-0.0,585.2670499999999,10800.0,10800.0,983.12100786,0.0,0.0
2025-01-24,104,warmup,0.9742,486.10606666666666,0.0,1021.4821666666667,0.0,1021.4821666666667,0.0,0.0,-0.0,535.3761,10800.0,10800.0,995.1279267666666,0.0,0.0
2025-01-24,105,warmup,0.9862,452.08,0.0,1051.5483333333334,0.0,1051.5483333333334,0.0,1.4586171776582231e-13,0.0,599.4683333333334,10800.0,10800.0,1037.0369663333333,0.0,0.0
2025-01-24,106,warmup,0.976,456.4164333333333,0.4349333333333333,1076.3011833333333,0.36845,1075.9327333333333,0.0,0.0,-0.0,619.9512333333333,10800.0,10800.0,1050.1103477333334,0.0,-1.1368683772161603e-13
2025-01-24,107,warmup,1.0742,445.5973166666667,0.0,930.6285833333333,0.0,930.6285833333333,0.0,0.0,0.0,485.03126666666657,10800.0,10800.0,999.6812242166667,0.0,0.0
2025-01-24,108,warmup,1.2313,424.8666666666666,0.0,715.7516666666667,0.0,715.7516666666667,0.0,0.0,-0.0,290.88500000000005,10800.0,10800.0,881.3050271666667,0.0,0.0
2025-01-24,109,warmup,1.2561,460.6482333333333,0.0312333333333333,709.9707333333334,0.02645,709.9442833333335,0.0,0.0,-0.0,249.32728333333355,10800.0,10800.0,891.7610142950002,0.0,2.842170943040401e-14
2025-01-24,110,warmup,1.2447,474.80753333333337,0.0,740.3571333333333,0.0,740.3571333333333,0.0,0.0,8.704000411044464e-14,265.54960000000005,10800.0,10800.0,921.5225238599999,0.0,0.0
2025-01-24,111,warmup,1.2545,457.39,0.0,714.0466666666666,0.0,714.0466666666666,0.0,0.0,-1.1368683772161603e-13,256.6566666666665,10800.0,10800.0,895.7715433333333,0.0,0.0
2025-01-24,112,warmup,1.2522,474.1992666666667,0.00225,712.4603000000001,0.0019,712.4584000000001,0.0,3.929915378031172e-12,0.0,238.2613833333295,10800.0,10800.000000000004,892.1404084800001,0.0,0.0
2025-01-24,113,warmup,1.2881,475.7190833333333,0.0,729.4405333333334,0.0,101.4103499999984,0.0,0.0,374.3087333333349,0.0,10800.000000000004,10384.10140740741,130.62667183499795,0.0,0.0
2025-01-24,114,warmup,1.3466,456.475,0.0,725.7783333333333,0.0,0.0,0.0,0.0,456.475,0.0,10384.10140740741,9876.906962962965,0.0,0.0,0.0
2025-01-24,115,warmup,1.3523,462.3274833333333,0.0,680.5161666666667,0.0,0.0,0.0,0.0,462.3274833333333,0.0,9876.906962962965,9363.209759259262,0.0,0.0,0.0
2025-01-24,116,warmup,1.3445,451.24036666666666,0.0,677.2218333333334,0.0,0.0,0.0,0.0,451.24036666666666,0.0,9363.209759259262,8861.831574074076,0.0,0.0,0.0
2025-01-24,117,warmup,1.3483,424.0016666666667,0.0,723.5666666666666,0.0,0.0,0.0,0.0,424.0016666666667,0.0,8861.831574074076,8390.718611111113,0.0,0.0,0.0
2025-01-24,118,warmup,1.349,428.91021666666666,0.0,744.2851,0.0,0.0,0.0,0.0,428.91021666666666,0.0,8390.718611111113,7914.151703703706,0.0,0.0,0.0
2025-01-24,119,warmup,1.3473,443.1460333333334,0.0,740.8114333333333,0.0,0.0,0.0,0.0,443.1460333333334,0.0,7914.151703703706,7421.7672222222245,0.0,0.0,0.0
2025-01-24,120,warmup,1.3482,454.6183333333333,0.0,733.5283333333333,0.0,0.0,0.0,0.0,454.6183333333333,0.0,7421.7672222222245,6916.635740740743,0.0,0.0,0.0
2025-01-24,121,warmup,1.3513,473.00441666666666,0.0,736.0074333333333,0.0,0.0,0.0,0.0,473.00441666666666,0.0,6916.635740740743,6391.07527777778,0.0,0.0,0.0
2025-01-24,122,warmup,1.34,478.76101666666665,0.0,740.5466333333334,0.0,0.0,0.0,0.0,478.76101666666665,0.0,6391.07527777778,5859.118592592595,0.0,0.0,0.0
2025-01-24,123,warmup,1.3489,458.985,0.0,747.2216666666667,0.0,0.0,0.0,0.0,458.985,0.0,5859.118592592595,5349.135259259261,0.0,0.0,0.0
2025-01-24,124,warmup,1.3952,428.7851166666667,0.0,762.4862166666667,0.0,0.0,0.0,0.0,428.7851166666667,0.0,5349.135259259261,4872.707351851854,0.0,0.0,0.0
2025-01-24,125,warmup,1.2226,453.38105,0.0,766.8942666666667,0.0,766.8942666666667,0.0,0.0,0.0,313.51321666666666,4872.707351851854,4872.707351851854,937.6049304266667,0.0,0.0
2025-01-24,126,warmup,0.9332,499.5683333333333,0.0,755.1750000000001,0.0,755.1750000000001,0.0,0.0,0.0,255.60666666666674,4872.707351851854,4872.707351851854,704.72931,0.0,0.0
2025-01-24,127,warmup,0.9068,473.2319333333333,0.0,742.83965,0.0,742.83965,0.0,0.0,0.0,269.6077166666667,4872.707351851854,4872.707351851854,673.60699462,0.0,0.0
2025-01-24,128,warmup,0.9371,474.03,0.0,744.6625166666666,0.0,744.6625166666666,0.0,0.0,0.0,270.6325166666667,4872.707351851854,4872.707351851854,697.8232443683333,0.0,0.0
2025-01-24,129,warmup,0.9371,520.1183333333333,0.0,759.3249999999999,0.0,759.3249999999999,0.0,0.0,0.0,239.2066666666666,4872.707351851854,4872.707351851854,711.5634574999999,0.0,0.0
2025-01-24,130,warmup,0.9871,516.3050166666667,0.0,760.3273833333333,0.0,760.3273833333333,0.0,0.0,0.0,244.02236666666658,4872.707351851854,4872.707351851854,750.5191600883333,0.0,0.0
2025-01-24,131,warmup,0.7764,441.8484833333334,0.0,687.9770333333332,0.0,687.9770333333332,0.0,0.0,0.0,246.12854999999985,4872.707351851854,4872.707351851854,534.1453686799999,0.0,0.0
2025-01-24,132,warmup,0.4209,368.615,0.0,583.9083333333333,0.0,583.9083333333333,0.0,0.0,0.0,215.2933333333333,4872.707351851854,4872.707351851854,245.76701749999998,0.0,0.0
2025-01-24,133,warmup,0.3859,394.9870833333334,0.0,562.41395,0.0,562.41395,0.0,0.0,0.0,167.42686666666663,4872.707351851854,4872.707351851854,217.035543305,0.0,0.0
2025-01-24,134,warmup,0.4368,438.5496666666666,0.0,590.9875166666667,0.0,590.9875166666667,0.0,0.0,0.0,152.43785000000008,4872.707351851854,4872.707351851854,258.14334728,0.0,0.0
2025-01-24,135,warmup,0.4198,447.1616666666666,0.0,607.8633333333333,0.0,607.8633333333333,0.0,0.0,0.0,160.70166666666677,4872.707351851854,4872.707351851854,255.18102733333333,0.0,0.0
2025-01-24,136,warmup,0.4186,441.2998666666667,0.0,582.06035,0.0,582.06035,0.0,0.0,0.0,140.7604833333333,4872.707351851854,4872.707351851854,243.65046251,0.0,0.0
2025-01-24,137,warmup,0.4241,427.1882333333333,0.0,568.1048833333333,0.0,568.1048833333333,0.0,0.0,0.0,140.91665,4872.707351851854,4872.707351851854,240.93328102166663,0.0,0.0
2025-01-24,138,warmup,0.4237,414.8,0.0,572.2233333333334,0.0,572.2233333333334,0.0,0.0,0.0,157.42333333333335,4872.707351851854,4872.707351851854,242.45102633333335,0.0,0.0
2025-01-24,139,warmup,0.4248,412.7359,0.0,553.6918333333333,0.0,553.6918333333333,0.0,0.0,0.0,140.9559333333333,4872.707351851854,4872.707351851854,235.2082908,0.0,0.0
2025-01-24,140,warmup,0.424,394.0887166666666,0.0,559.6259666666666,0.0,559.6259666666666,0.0,0.0,0.0,165.53725000000003,4872.707351851854,4872.707351851854,237.28140986666665,0.0,0.0
2025-01-24,141,warmup,0.422,381.785,0.0,598.7416666666667,0.0,598.7416666666667,0.0,0.0,0.0,216.95666666666665,4872.707351851854,4872.707351851854,252.66898333333333,0.0,0.0
2025-01-24,142,warmup,0.424,426.4114833333333,0.0,616.1648666666666,0.0,616.1648666666666,0.0,0.0,0.0,189.75338333333332,4872.707351851854,4872.707351851854,261.25390346666666,0.0,0.0
2025-01-24,143,warmup,0.4271,457.47496666666666,0.0,551.6382166666666,0.0,551.6382166666666,0.0,0.0,0.0,94.16324999999995,4872.707351851854,4872.707351851854,235.6046823383333,0.0,0.0
2025-01-24,144,warmup,0.4276,452.7533333333333,0.0,446.16166666666663,0.0,446.16166666666663,0.0,0.0,6.59166666666664,0.0,4872.707351851854,4865.38327777778,190.77872866666664,0.0,0.0
2025-01-25,1,warmup,0.4248,454.32543333333336,0.0,409.1426666666667,0.0,1242.476,45.182766666669636,833.3333333333363,0.0,0.0,4865.38327777778,5615.3832777777825,527.8038048000001,95.9681964000063,-1.1368683772161603e-13
2025-01-25,2,warmup,0.4245,446.6726833333333,0.0,417.1940333333334,0.0,1250.5273666666667,29.47864999999979,833.3333333333333,0.0,0.0,5615.3832777777825,6365.3832777777825,530.84886715,62.568434624999554,0.0
2025-01-25,3,warmup,0.4269,443.3066666666667,0.0,442.2033333333333,0.0,1275.5366666666666,1.1033333333332394,833.3333333333333,0.0,0.0,6365.3832777777825,7115.3832777777825,544.526603,2.3550649999997995,0.0
2025-01-25,4,warmup,0.4272,476.9869166666667,0.0,476.71183333333335,0.0,1310.0451666666668,0.2750833333332139,833.3333333333333,0.0,0.0,7115.3832777777825,7865.3832777777825,559.6512952,0.5875779999997449,0.0
2025-01-25,5,warmup,0.4271,484.2681500000001,0.0,480.13221666666664,0.0,1313.46555,4.135933333333469,833.3333333333333,0.0,0.0,7865.3832777777825,8615.383277777782,560.9811364049999,8.832285633333623,0.0
2025-01-25,6,warmup,0.4285,468.2083333333333,0.0,463.12166666666667,0.0,1223.8069135802457,5.086666666666588,760.685246913579,0.0,0.0,8615.383277777782,9300.000000000004,524.4012624691353,10.898183333333165,0.0
2025-01-25,7,warmup,0.4311,490.43896666666666,0.0,473.89806666666664,0.0,473.89806666666664,16.540900000000022,0.0,-0.0,0.0,9300.000000000004,9300.000000000004,204.29745653999998,35.65390995000005,0.0
2025-01-25,8,warmup,0.4302,487.2113166666666,0.0,474.1392166666667,0.0,474.1392166666667,13.07209999999992,0.0,-0.0,0.0,9300.000000000004,9300.000000000004,203.97469101000002,28.118087099999833,0.0
2025-01-25,9,warmup,0.4279,464.605,0.0,462.925,0.0,1296.2583333333334,1.6799999999998363,833.3333333333333,0.0,0.0,9300.000000000004,10050.000000000004,554.6689408333334,3.5943599999996496,0.0
2025-01-25,10,warmup,0.4312,494.2724,0.0,479.93416666666667,0.0,479.93416666666667,14.338233333333335,0.0,-0.0,0.0,10050.000000000004,10050.000000000004,206.94761266666669,30.913231066666672,0.0
2025-01-25,11,warmup,0.4333,505.68945,0.0,490.7048666666667,0.0,490.7048666666667,14.984583333333319,0.0,-0.0,0.0,10050.000000000004,10050.000000000004,212.6224187266667,32.464099791666634,0.0
2025-01-25,12,warmup,0.4311,487.8366666666666,0.0,492.61833333333334,0.0,492.61833333333334,0.0,0.0,0.0,4.7816666666667516,10050.000000000004,10050.000000000004,212.3677635,0.0,0.0
2025-01-25,13,warmup,0.4293,501.9057666666667,0.0,515.7566833333334,0.0,515.7566833333334,0.0,0.0,0.0,13.850916666666706,10050.000000000004,10050.000000000004,221.41434415500004,0.0,0.0
2025-01-25,14,warmup,0.4324,514.9269333333333,0.0,519.7063333333333,0.0,519.7063333333333,0.0,0.0,0.0,4.77940000000001,10050.000000000004,10050.000000000004,224.72101853333334,0.0,0.0
2025-01-25,15,warmup,0.4367,507.54333333333335,0.0,510.43,0.0,510.43,0.0,0.0,0.0,2.886666666666656,10050.000000000004,10050.000000000004,222.90478099999999,0.0,0.0
2025-01-25,16,warmup,0.4348,497.95935,0.0,535.9960833333333,0.0,535.9960833333333,0.0,0.0,0.0,38.03673333333336,10050.000000000004,10050.000000000004,233.05109703333335,0.0,0.0
2025-01-25,17,warmup,0.4335,501.06135,0.0,556.4173833333333,0.0,556.4173833333333,0.0,0.0,0.0,55.3560333333333,10050.000000000004,10050.000000000004,241.20693567499998,0.0,0.0
2025-01-25,18,warmup,0.4357,514.0583333333333,0.0,549.1566666666666,0.0,549.1566666666666,0.0,0.0,0.0,35.09833333333336,10050.000000000004,10050.000000000004,239.26755966666664,0.0,0.0
2025-01-25,19,warmup,0.4374,521.0511333333333,0.0,530.5092666666667,0.0,530.5092666666667,0.0,0.0,0.0,9.458133333333421,10050.000000000004,10050.000000000004,232.04475324,0.0,0.0
2025-01-25,20,warmup,0.4371,519.49595,0.0,511.5433,0.0,511.5433,7.9526500000000055,0.0,-0.0,0.0,10050.000000000004,10050.000000000004,223.59557643,17.38051657500001,0.0
2025-01-25,21,warmup,0.4356,512.11,0.0,504.66499999999996,0.0,504.66499999999996,7.44500000000005,0.0,-0.0,0.0,10050.000000000004,10050.000000000004,219.83207399999998,16.21521000000011,0.0
2025-01-25,22,warmup,0.4353,505.4489333333333,0.0,515.50355,0.0,515.50355,0.0,0.0,0.0,10.054616666666732,10050.000000000004,10050.000000000004,224.39869531500003,0.0,0.0
2025-01-25,23,warmup,0.436,513.3439333333333,0.0,512.6111500000001,0.0,512.6111500000001,0.7327833333332592,0.0,-0.0,0.0,10050.000000000004,10050.000000000004,223.49846140000002,1.597467666666505,0.0
2025-01-25,24,warmup,0.4378,526.1366666666667,0.0,509.31166666666667,0.0,509.31166666666667,16.82499999999999,0.0,-0.0,0.0,10050.000000000004,10050.000000000004,222.97664766666668,36.829924999999974,0.0
2025-01-25,25,warmup,0.4401,520.9297333333333,0.0,544.4034833333334,0.0,544.4034833333334,0.0,0.0,0.0,23.47375000000011,10050.000000000004,10050.000000000004,239.591973015,0.0,0.0
2025-01-25,26,warmup,0.4389,521.74715,0.0,547.0269833333333,0.0,547.0269833333333,0.0,0.0,0.0,25.279833333333272,10050.000000000004,10050.000000000004,240.090142985,0.0,0.0
2025-01-25,27,warmup,0.4364,535.505,0.0,526.215,0.0,526.215,9.289999999999964,0.0,-0.0,0.0,10050.000000000004,10050.000000000004,229.640226,20.27077999999992,0.0
2025-01-25,28,warmup,0.4393,545.0267,0.0,558.5363333333333,0.0,558.5363333333333,0.0,0.0,0.0,13.50963333333334,10050.000000000004,10050.000000000004,245.36501123333335,0.0,0.0
2025-01-25,29,warmup,0.4422,552.6250666666666,0.0001666666666666,564.0977666666666,0.0,564.0977666666666,0.0,0.0,0.0,11.472866666666699,10050.000000000004,10050.000000000004,249.44403241999998,0.0,3.375077994860476e-14
2025-01-25,30,warmup,0.4395,552.055,0.0,536.4399999999999,0.0,536.4399999999999,15.615000000000009,0.0,-0.0,0.0,10050.000000000004,10050.000000000004,235.76537999999996,34.31396250000002,0.0
2025-01-25,31,warmup,0.4333,534.5888666666666,0.0,549.2923,0.0,549.2923,0.0,0.0,0.0,14.70343333333335,10050.000000000004,10050.000000000004,238.00835358999998,0.0,0.0
2025-01-25,32,warmup,0.4439,534.8818666666667,0.0024,546.3291166666667,0.002,546.3271166666667,0.0,0.0,0.0,11.447649999999987,10050.000000000004,10050.000000000004,242.51460708833335,0.0,-3.375077994860476e-14
2025-01-25,33,warmup,0.4301,560.1850000000001,0.0,531.4533333333333,0.0,531.4533333333333,28.731666666666797,0.0,-0.0,0.0,10050.000000000004,10050.000000000004,228.5780786666666,61.78744916666695,0.0
2025-01-25,34,warmup,0.3713,579.5323999999999,0.0,565.2482166666667,0.0,1398.58155,14.28418333333309,833.3333333333333,0.0,0.0,10050.000000000004,10800.000000000004,519.2933295150001,26.518586358332882,-1.1368683772161603e-13
2025-01-25,35,warmup,0.5708,564.9387,0.0334,564.5728833333334,0.027933333333333334,88.4899450881571,0.3602382451749122,0.0,476.055116666668,0.0,10800.000000000004,10271.049870370372,50.51006065632007,1.0281199517291995,0.0
2025-01-25,36,warmup,0.9099,540.6216666666667,0.0,534.9383333333334,0.0,0.0,0.0,0.0,540.6216666666667,0.0,10271.049870370372,9670.35912962963,0.0,0.0,0.0
2025-01-25,37,warmup,0.9368,556.1276666666666,0.0,564.3955833333333,0.0,0.0,0.0,0.0,556.1276666666666,0.0,9670.35912962963,9052.4395,0.0,0.0,0.0
2025-01-25,38,warmup,0.8758,561.1043333333333,0.46515,573.2618666666666,0.38904999999999995,0.0,0.0,0.0,560.6391833333333,0.0,9052.4395,8429.507074074074,0.0,0.0,0.0
2025-01-25,39,warmup,0.8759,546.345,0.0,542.495,0.0,0.0,0.0,0.0,546.345,0.0,8429.507074074074,7822.457074074074,0.0,0.0,0.0
2025-01-25,40,warmup,0.8601,560.0128666666667,0.0,543.57235,0.0,0.0,0.0,0.0,560.0128666666667,0.0,7822.457074074074,7200.220555555556,0.0,0.0,0.0
2025-01-25,41,warmup,0.8442,610.9114833333333,7.80145,592.1324000000001,6.705616666666667,0.0,0.0,0.0,603.1100333333333,0.0,7200.220555555556,6530.098296296296,0.0,0.0,0.0
2025-01-25,42,warmup,0.8334,649.165,35.7125,640.9583333333334,34.74375,0.0,0.0,0.0,613.4525,0.0,6530.098296296296,5848.484407407407,0.0,0.0,0.0
2025-01-25,43,warmup,0.8092,618.7758,72.94324999999999,629.20325,78.79588333333334,0.0,0.0,0.0,545.83255,0.0,5848.484407407407,5242.003796296296,0.0,0.0,0.0
2025-01-25,44,warmup,0.7972,625.5180166666667,117.41653333333332,628.8235833333333,122.71381666666667,0.0,0.0,0.0,508.10148333333336,0.0,5242.003796296296,4677.446592592592,0.0,0.0,0.0
2025-01-25,45,warmup,0.7644,675.8149999999999,162.88125,661.5666666666667,160.84375,0.0,0.0,0.0,512.9337499999999,0.0,4677.446592592592,4107.520203703703,0.0,0.0,0.0
2025-01-25,46,warmup,0.6899,669.2161,202.54048333333333,674.04545,200.75055,0.0,33.40191666666692,0.0,433.27369999999974,0.0,4107.520203703703,3626.1049814814814,0.0,115.21991154166753,0.0
2025-01-25,47,warmup,0.86,637.9203333333334,250.03543333333332,649.7603166666667,247.99456666666666,0.0,0.0,0.0,387.8849,0.0,3626.1049814814814,3195.1217592592593,0.0,0.0,0.0
2025-01-25,48,warmup,1.1617,622.8166666666667,304.64375,620.7166666666667,301.15000000000003,0.0,0.0,0.0,318.1729166666667,0.0,3195.1217592592593,2841.5962962962963,0.0,0.0,0.0
2025-01-25,49,warmup,1.1683,631.4833333333333,351.96316666666667,629.9628166666666,351.2917,0.0,0.0,0.0,279.5201666666667,0.0,2841.5962962962963,2531.0183333333334,0.0,0.0,0.0
2025-01-25,50,warmup,1.0956,643.00775,400.4119,615.6964666666667,385.91563333333335,0.0,0.0,0.0,242.59584999999998,0.0,2531.0183333333334,2261.467388888889,0.0,0.0,0.0
2025-01-25,51,warmup,1.0849,645.4266666666666,450.45625,590.0716666666666,416.23125,0.0,0.0,0.0,194.9704166666666,0.0,2261.467388888889,2044.833592592593,0.0,0.0,0.0
2025-01-25,52,warmup,1.061,646.2680166666667,494.4409666666666,632.6896833333334,467.7444666666667,0.0,0.0,0.0,151.82705000000004,0.0,2044.833592592593,1876.1368703703708,0.0,0.0,0.0
2025-01-25,53,warmup,1.043,666.7913833333333,546.8363833333334,692.3518666666668,525.3794,0.0,0.0,0.0,119.95499999999993,0.0,1876.1368703703708,1742.8535370370375,0.0,0.0,0.0
2025-01-25,54,warmup,1.036,706.765,607.8874999999999,724.3883333333333,572.4499999999999,0.0,0.0,0.0,98.87750000000005,0.0,1742.8535370370375,1632.9896481481485,0.0,0.0,0.0
2025-01-25,55,warmup,1.0147,739.5861,661.8757833333333,732.8120166666666,607.1135833333334,0.0,0.0,0.0,77.7103166666667,0.0,1632.9896481481485,1546.644851851852,0.0,0.0,0.0
2025-01-25,56,warmup,0.9922,734.5761333333334,708.8280833333333,752.8027999999999,650.7029666666666,0.0,0.0,0.0,25.748050000000035,0.0,1546.644851851852,1518.0359074074076,0.0,0.0,0.0
2025-01-25,57,warmup,0.97,715.0316666666666,752.06875,776.1966666666667,707.9812499999999,0.0,0.0,0.0,0.0,37.037083333333385,1518.0359074074076,1518.0359074074076,0.0,0.0,0.0
2025-01-25,58,warmup,0.9422,734.7522833333334,792.6431666666667,760.6325,763.7952166666668,0.0,0.0,0.0,0.0,57.89088333333336,1518.0359074074076,1518.0359074074076,0.0,0.0,0.0
2025-01-25,59,warmup,0.9569,752.3201666666668,826.4924,729.4942666666667,812.8478833333334,0.0,0.0,0.0,0.0,74.17223333333322,1518.0359074074076,1518.0359074074076,0.0,0.0,0.0
2025-01-25,60,warmup,0.9977,739.6616666666667,861.5124999999999,717.7866666666667,862.875,0.0,0.0,0.0,0.0,121.85083333333318,1518.0359074074076,1518.0359074074076,0.0,0.0,0.0
2025-01-25,61,warmup,0.9919,714.3372833333333,911.5957166666668,737.9810666666667,926.5346666666666,0.0,0.0,66.7851741829107,0.0,130.47325915042285,1518.0359074074076,1578.1425641720273,0.0,0.0,0.0
2025-01-25,62,warmup,0.9588,722.37045,962.1431666666668,737.15715,993.7770666666667,0.0,0.0,239.77271666666684,0.0,0.0,1578.1425641720273,1793.9380091720275,0.0,0.0,0.0
2025-01-25,63,warmup,0.9549,746.5383333333333,1000.625,720.0783333333334,1023.7062500000001,0.0,0.0,254.0866666666667,0.0,0.0,1793.9380091720275,2022.6160091720276,0.0,0.0,0.0
2025-01-25,64,warmup,0.9839,728.0016999999999,1023.3623333333334,739.6628999999999,987.4275666666667,0.0,0.0,295.36063333333345,0.0,0.0,2022.6160091720276,2288.440579172028,0.0,0.0,0.0
2025-01-25,65,warmup,0.799,718.3744499999999,1026.2128,748.1690166666667,998.3505,0.0,0.0,268.97396666666634,0.0,38.86438333333376,2288.440579172028,2530.5171491720275,0.0,0.0,0.0
2025-01-25,66,warmup,0.5025,732.3616666666667,1038.5125,731.2600000000001,1070.9624999999999,0.0,0.0,306.15083333333337,0.0,0.0,2530.5171491720275,2806.0528991720275,0.0,0.0,0.0
2025-01-25,67,warmup,0.4662,728.2269666666666,1089.629683333333,720.4268166666667,1108.1226166666668,0.0,0.0,361.4027166666665,0.0,0.0,2806.0528991720275,3131.3153441720274,0.0,0.0,0.0
2025-01-25,68,warmup,0.5007,701.08795,1080.95165,694.97375,1106.1639499999999,0.0,0.0,379.8637,0.0,0.0,3131.3153441720274,3473.192674172027,0.0,0.0,0.0
2025-01-25,69,warmup,0.4827,689.1333333333333,1033.41875,666.8000000000001,1106.6125,0.0,0.0,344.2854166666667,0.0,0.0,3473.192674172027,3783.049549172027,0.0,0.0,0.0
2025-01-25,70,warmup,0.4785,728.54725,1069.0825666666667,676.4565666666666,1144.1611500000001,0.0,0.0,340.53531666666674,0.0,0.0,3783.049549172027,4089.531334172027,0.0,0.0,0.0
2025-01-25,71,warmup,0.4662,720.8315166666666,1110.47395,694.6268333333334,1148.8335833333333,0.0,374.96944536441436,764.6118786977478,0.0,0.0,4089.531334172027,4777.682025,0.0,874.0537771444499,-1.1368683772161603e-13
2025-01-25,72,warmup,0.4432,667.6016666666667,1112.94375,689.9766666666666,1116.1125,407.1975,0.0,833.3333333333334,0.0,19.20624999999984,4777.682025,5527.682025,180.469932,0.0,0.0
2025-01-25,73,warmup,0.4411,668.4196000000001,1108.5629833333337,664.96145,1110.72975,387.5650333333334,5.624916666666309,833.3333333333334,0.0,0.0,5527.682025,6277.682025,170.95493620333338,12.405753708332542,0.0
2025-01-25,74,warmup,0.4551,680.3710166666666,1099.6039,688.3564500000001,1108.6275666666668,409.5997453644142,4.500704635585635,833.3333333333333,0.0,0.0,6277.682025,7027.682025,186.40884411534492,10.241353398275113,1.1368683772161603e-13
2025-01-25,75,warmup,0.4463,676.51,1098.14375,731.4616666666667,1099.2375,465.5575000000001,0.0,833.3333333333333,0.0,53.857916666666824,7027.682025,7777.682025,207.77831225000003,0.0,0.0
2025-01-25,76,warmup,0.4113,677.27135,1122.7194833333333,698.3249999999999,1097.1969666666666,434.46136666666666,0.0,833.3333333333333,0.0,46.57616666666672,7777.682025,8527.682025,178.69396011,0.0,0.0
2025-01-25,77,warmup,0.5682,680.72085,1145.8759,674.6365666666667,1072.8165833333335,0.0,0.0,398.1800166666673,0.0,66.97503333333265,8527.682025,8886.04404,0.0,0.0,0.0
2025-01-25,78,warmup,0.8279,686.815,1148.8375,681.9716666666667,1022.1,0.0,0.0,340.1283333333332,0.0,121.89416666666682,8886.04404,9192.15954,0.0,0.0,0.0
2025-01-25,79,warmup,0.8636,695.4030166666666,1133.0317,657.50885,974.8032166666667,0.0,0.0,317.29436666666714,0.0,120.33431666666621,9192.15954,9477.724470000001,0.0,0.0,0.0
2025-01-25,80,warmup,0.8416,676.3313333333333,1099.6832,641.7534333333333,946.0283333333333,0.0,0.0,423.35186666666664,0.0,0.0,9477.724470000001,9858.741150000002,0.0,0.0,0.0
2025-01-25,81,warmup,0.8618,653.0533333333334,1061.01875,652.365,925.15,0.0,0.0,153.70803333333242,0.0,254.25738333333413,9858.741150000002,9997.07838,0.0,0.0,0.0
2025-01-25,82,warmup,0.8623,677.3132166666667,1030.09885,662.5607333333334,889.9290833333333,0.0,0.0,227.36834999999903,0.0,125.41728333333438,9997.07838,10201.709895,0.0,0.0,0.0
2025-01-25,83,warmup,0.9026,673.8313833333333,980.1372166666666,667.2004000000001,857.0432833333333,0.0,0.0,189.842883333333,0.0,116.46295000000035,10201.709895,10372.56849,0.0,0.0,0.0
2025-01-25,84,warmup,0.9754,639.51,918.05625,663.3149999999999,824.7062500000001,0.0,0.0,161.39125000000098,0.0,117.154999999999,10372.56849,10517.820615,0.0,0.0,0.0
2025-01-25,85,warmup,1.0002,644.2474166666667,877.2866666666667,649.2600666666666,773.7347,0.0,0.0,124.47463333333063,0.0,108.56461666666941,10517.820615,10629.847784999998,0.0,0.0,0.0
2025-01-25,86,warmup,0.9978,635.0304166666666,824.6968833333334,642.5883333333334,727.8385833333333,0.0,0.0,85.25025000000217,0.0,104.41621666666462,10629.847784999998,10706.57301,0.0,0.0,0.0
2025-01-25,87,warmup,1.0271,607.6016666666667,768.7624999999999,637.215,693.4562500000001,0.0,0.0,56.241249999996626,0.0,104.91958333333662,10706.57301,10757.190134999997,0.0,0.0,0.0
2025-01-25,88,warmup,1.0906,613.25785,749.5391833333333,615.52265,656.2666166666667,0.0,0.0,40.74396666666712,0.0,95.53736666666623,10757.190134999997,10793.859704999997,0.0,0.0,0.0
2025-01-25,89,warmup,0.9376,606.5093333333333,702.4259833333334,623.86395,630.6865,0.0,0.0,6.822550000003199,0.0,89.09409999999691,10793.859704999997,10800.0,0.0,0.0,0.0
2025-01-25,90,warmup,0.6694,597.115,625.63125,638.1466666666666,605.5500000000001,32.59666666666658,0.0,0.0,-0.0,61.11291666666659,10800.0,10800.0,21.82020866666661,0.0,0.0
2025-01-25,91,warmup,0.66,638.6444666666666,580.3633333333333,591.0265,551.2903333333334,39.73616666666669,18.544966666664095,0.0,2.5784174795262515e-12,0.0,10800.0,10799.999999999996,26.225870000000018,61.19838999999152,1.1368683772161603e-13
2025-01-25,92,warmup,0.7217,643.5352666666666,524.5280333333334,583.42675,495.84501666666665,87.58173333333332,31.425500000001193,0.0,-1.1050360626541077e-12,0.0,10799.999999999996,10799.999999999998,63.20773694666666,113.39891675000432,1.1368683772161603e-13
2025-01-25,93,warmup,0.7308,600.66,461.4,629.025,454.48125,174.54375,0.0,0.0,-1.6575540939811615e-12,35.28374999999834,10799.999999999998,10800.0,127.55657249999999,0.0,-1.0658141036401503e-13
2025-01-25,94,warmup,0.7534,588.2068166666667,438.3642,636.5458166666666,414.02448333333336,222.52133333333325,0.0,0.0,-0.0,72.67871666666656,10800.0,10800.0,167.64757253333326,0.0,0.0
2025-01-25,95,warmup,0.7823,591.8162166666667,394.0675833333333,615.84585,358.4043833333333,257.4414666666667,0.0,0.0,1.8417267710901796e-13,59.69283333333347,10800.0,10800.0,201.39645937333336,0.0,4.263256414560601e-14
2025-01-25,96,warmup,0.8055,586.2583333333333,319.675,600.7683333333333,299.15000000000003,301.6183333333333,0.0,0.0,2.3021584638627244e-14,35.03499999999999,10800.0,10800.0,242.95356749999996,0.0,-2.1316282072803006e-14
2025-01-25,97,warmup,0.8271,568.9879833333333,268.58395,606.7030166666667,262.59835,344.10466666666673,0.0,0.0,-0.0,43.70063333333343,10800.0,10800.0,284.6089698,0.0,5.684341886080802e-14
2025-01-25,98,warmup,0.8519,572.3382,222.29945,589.4639833333333,223.53003333333334,365.93395,0.0,0.0,-0.0,15.89519999999996,10800.0,10800.0,311.739132005,0.0,-2.842170943040401e-14
2025-01-25,99,warmup,0.8791,595.245,169.84375,565.6750000000001,173.11249999999998,392.5625000000001,32.83874999999716,0.0,2.7625901566352696e-12,0.0,10800.0,10799.999999999996,345.1016937500001,144.34272562498754,0.0
2025-01-25,100,warmup,0.9024,594.5911166666666,123.00816666666668,583.1896333333333,126.98178333333334,456.20784999999995,15.375100000000442,0.0,-5.525180313270538e-13,0.0,10799.999999999996,10799.999999999996,411.6819638399999,69.37245120000199,-1.1368683772161603e-13
2025-01-25,101,warmup,0.9163,530.7514,79.42723333333333,521.2194666666667,80.8326,440.38686666666666,10.937300000002988,0.0,-2.9467628337442877e-12,0.0,10799.999999999996,10800.0,403.5264859266667,50.109239950013695,1.1368683772161603e-13
2025-01-25,102,warmup,0.9264,452.6166666666666,38.98125,423.76500000000004,36.86875,386.89625000000007,26.7391666666663,0.0,2.0463630789890883e-13,0.0,10800.0,10800.0,358.42068600000005,123.85581999999829,-5.684341886080802e-14
2025-01-25,103,warmup,0.9462,453.5162666666667,8.4486,461.1766,7.42335,453.75325,0.0,0.0,-0.0,8.685583333333286,10800.0,10800.0,429.34132515,0.0,-1.7763568394002505e-15
2025-01-25,104,warmup,0.9742,459.7555833333333,0.0,486.10606666666666,0.0,486.10606666666666,0.0,0.0,-0.0,26.350483333333386,10800.0,10800.0,473.56453014666664,0.0,0.0
2025-01-25,105,warmup,0.9862,444.7633333333333,0.0,452.08,0.0,452.08,0.0,0.0,-0.0,7.316666666666663,10800.0,10800.0,445.84129599999994,0.0,0.0
2025-01-25,106,warmup,0.976,453.2371,0.5029333333333333,456.4164333333333,0.43493333333333334,455.9815,0.0,0.0,-0.0,3.247333333333318,10800.0,10800.0,445.037944,0.0,-1.6431300764452317e-14
2025-01-25,107,warmup,1.0742,457.29255,0.0,445.5973166666667,0.0,0.0,0.0,0.0,457.2925500000008,0.0,10800.0,10291.897166666666,0.0,0.0,7.958078640513122e-13
2025-01-25,108,warmup,1.2313,448.4083333333333,0.0,424.8666666666666,0.0,0.0,0.0,0.0,448.40833333333353,0.0,10291.897166666666,9793.665685185184,0.0,0.0,2.2737367544323206e-13
2025-01-25,109,warmup,1.2561,450.5833333333333,0.0361166666666666,460.64823333333334,0.031233333333333335,0.0,0.0,0.0,450.54721666666666,0.0,9793.665685185184,9293.057666666666,0.0,0.0,0.0
2025-01-25,110,warmup,1.2447,463.7063333333333,0.0,474.80753333333337,0.0,0.0,0.0,0.0,463.7063333333333,0.0,9293.057666666666,8777.828407407407,0.0,0.0,0.0
2025-01-25,111,warmup,1.2545,476.47333333333336,0.0,457.39000000000004,0.0,0.0,0.0,0.0,476.47333333333336,0.0,8777.828407407407,8248.413592592593,0.0,0.0,0.0
2025-01-25,112,warmup,1.2522,480.71065,0.0026,474.1992666666667,0.00225,0.0,0.0,0.0,480.70805,0.0,8248.413592592593,7714.293537037038,0.0,0.0,0.0
2025-01-25,113,warmup,1.2881,497.4809166666666,0.0,475.71908333333334,0.0,0.0,0.0,0.0,497.4809166666666,0.0,7714.293537037038,7161.536962962964,0.0,0.0,0.0
2025-01-25,114,warmup,1.3466,503.94166666666666,0.0,456.47499999999997,0.0,0.0,0.0,0.0,503.94166666666666,0.0,7161.536962962964,6601.601777777779,0.0,0.0,0.0
2025-01-25,115,warmup,1.3523,455.07121666666666,0.0001833333333333,462.3274833333333,0.0,0.0,0.0,0.0,455.07103333333333,0.0,6601.601777777779,6095.967296296298,0.0,0.0,0.0
2025-01-25,116,warmup,1.3445,419.24585,0.0,451.24036666666666,0.0,0.0,0.0,0.0,419.24585,0.0,6095.967296296298,5630.138574074075,0.0,0.0,0.0
2025-01-25,117,warmup,1.3483,426.625,0.0,424.0016666666667,0.0,0.0,0.0,0.0,426.625,0.0,5630.138574074075,5156.110796296298,0.0,0.0,0.0
2025-01-25,118,warmup,1.349,446.06005,0.0,428.91021666666666,0.0,0.0,0.0,0.0,446.06005,0.0,5156.110796296298,4660.48851851852,0.0,0.0,0.0
2025-01-25,119,warmup,1.3473,469.3383166666667,0.0,443.1460333333334,0.0,0.0,0.0,0.0,469.3383166666667,0.0,4660.48851851852,4139.001500000002,0.0,0.0,0.0
2025-01-25,120,warmup,1.3482,486.7433333333333,0.0,454.61833333333334,0.0,0.0,0.0,0.0,486.7433333333333,0.0,4139.001500000002,3598.1755740740764,0.0,0.0,0.0
2025-01-25,121,warmup,1.3513,486.3579333333333,0.0,473.00441666666666,0.0,0.0,0.0,0.0,486.3579333333333,0.0,3598.1755740740764,3057.7778703703725,0.0,0.0,0.0
2025-01-25,122,warmup,1.34,478.8691666666667,0.0,478.76101666666665,0.0,0.0,0.0,0.0,478.8691666666667,0.0,3057.7778703703725,2525.701018518521,0.0,0.0,0.0
2025-01-25,123,warmup,1.3489,469.4533333333333,0.0,458.98499999999996,0.0,0.0,0.0,0.0,469.4533333333333,0.0,2525.701018518521,2004.086203703706,0.0,0.0,0.0
2025-01-25,124,warmup,1.3952,460.2298,0.0,428.7851166666667,0.0,0.0,0.0,0.0,460.2298,0.0,2004.086203703706,1492.7197592592615,0.0,0.0,0.0
2025-01-25,125,warmup,1.2226,483.4034333333333,0.0,453.38105,0.0,0.0,219.95564999999795,0.0,263.44778333333534,0.0,1492.7197592592615,1200.0,0.0,1344.5888884499873,0.0
2025-01-25,126,warmup,0.9332,517.75,0.0,499.5683333333333,0.0,499.5683333333333,18.181666666666477,0.0,0.0,0.0,1200.0,1199.9999999999998,466.1971686666667,84.83565666666578,-2.2737367544323206e-13
2025-01-25,127,warmup,0.9068,503.43445,0.0,473.2319333333333,0.0,473.2319333333333,30.202516666666767,0.0,0.0,0.0,1199.9999999999998,1199.9999999999998,429.12671714666664,136.93821056666715,5.684341886080802e-14
2025-01-25,128,warmup,0.9371,470.0101666666667,0.0,474.03,0.0,474.03,0.0,4.0198333333332785,0.0,0.0,1199.9999999999998,1203.6178499999999,444.213513,0.0,2.6645352591003757e-15
2025-01-25,129,warmup,0.9371,459.4616666666666,0.0,520.1183333333333,0.0,520.1183333333333,0.0,12.239034979421177,0.0,48.417631687245574,1203.6178499999999,1214.632981481479,487.4028901666667,0.0,0.0
2025-01-25,130,warmup,0.9871,482.57188333333335,0.0,516.3050166666667,0.0,503.1353333333356,0.0,0.0,0.0,20.563450000002174,1214.632981481479,1214.632981481479,496.6448875333356,0.0,8.881784197001252e-14
2025-01-25,131,warmup,0.7764,471.31835,0.0,441.8484833333334,0.0,441.8484833333334,16.300183333335568,0.0,13.169683333331065,0.0,1214.632981481479,1200.0,343.05116246,63.27731170000867,0.0
2025-01-25,132,warmup,0.4209,421.19166666666666,0.0,368.615,0.0,368.615,52.576666666666654,0.0,-0.0,0.0,1200.0,1200.0,155.1500535,110.64759499999997,0.0
2025-01-25,133,warmup,0.3859,397.85775,0.0,394.9870833333334,0.0,394.9870833333334,2.8706666666666365,0.0,-0.0,0.0,1200.0,1200.0,152.42551545833336,5.538951333333275,0.0
2025-01-25,134,warmup,0.4368,414.09025,0.0,438.5496666666666,0.0,438.5496666666666,0.0,-0.0,0.0,24.459416666666584,1200.0,1200.0,191.55849439999997,0.0,0.0
2025-01-25,135,warmup,0.4198,441.19666666666666,0.0,447.16166666666663,0.0,447.16166666666663,0.0,0.0,0.0,5.964999999999975,1200.0,1200.0,187.71846766666667,0.0,0.0
2025-01-25,136,warmup,0.4186,436.91738333333336,0.0,441.2998666666667,0.0,441.2998666666667,0.0,-0.0,0.0,4.382483333333312,1200.0,1200.0,184.7281241866667,0.0,0.0
2025-01-25,137,warmup,0.4241,413.8672333333333,0.0,427.1882333333333,0.0,427.1882333333333,0.0,-0.0,0.0,13.321000000000026,1200.0,1200.0,181.17052975666664,0.0,0.0
2025-01-25,138,warmup,0.4237,394.6483333333333,0.0,414.8,0.0,414.8,0.0,-0.0,0.0,20.1516666666667,1200.0,1200.0,175.75076,0.0,0.0
2025-01-25,139,warmup,0.4248,393.71206666666666,0.0,412.73589999999996,0.0,412.73589999999996,0.0,-0.0,0.0,19.0238333333333,1200.0,1200.0,175.33021032,0.0,0.0
2025-01-25,140,warmup,0.424,408.6156666666666,0.0,394.08871666666664,0.0,394.08871666666664,14.526949999999943,0.0,-0.0,0.0,1200.0,1200.0,167.09361586666665,30.79713399999988,0.0
2025-01-25,141,warmup,0.422,423.2416666666666,0.0,381.785,0.0,381.785,41.45666666666659,0.0,-0.0,0.0,1200.0,1200.0,161.11327,87.4735666666665,0.0
2025-01-25,142,warmup,0.424,429.6743166666667,0.0,426.4114833333333,0.0,426.4114833333333,3.26283333333339,0.0,-0.0,0.0,1200.0,1200.0,180.7984689333333,6.917206666666787,0.0
2025-01-25,143,warmup,0.4271,486.5695333333333,0.0,457.47496666666666,0.0,457.47496666666666,29.09456666666665,0.0,-0.0,0.0,1200.0,1200.0,195.38755826333332,62.131447116666635,0.0
2025-01-25,144,warmup,0.4276,573.3933333333333,0.0,452.75333333333333,0.0,452.75333333333333,120.63999999999997,0.0,1.4210854715202004e-14,0.0,1200.0,1200.0,193.59732533333332,257.9283199999999,0.0
2025-01-26,1,warmup,0.4248,603.02365,0.0,454.32543333333336,0.0,1287.6587666666667,148.69821666666655,833.3333333333333,0.0,0.0,1200.0,1950.0,546.99744408,315.83501219999977,-1.1368683772161603e-13
2025-01-26,2,warmup,0.4245,604.1721333333334,0.0,446.6726833333333,0.0,1280.0060166666667,157.4994499999999,833.3333333333333,0.0,0.0,1950.0,2700.0,543.362554075,334.2925826249998,-1.1368683772161603e-13
2025-01-26,3,warmup,0.4269,600.02,0.0,443.3066666666667,0.0,1276.64,156.71333333333314,833.3333333333333,0.0,0.0,2700.0,3450.0,544.997616,334.5046099999996,0.0
2025-01-26,4,warmup,0.4272,587.6106666666667,0.0,476.9869166666667,0.0,1310.32025,110.62374999999997,833.3333333333333,0.0,0.0,3450.0,4200.0,559.7688108,236.29232999999996,0.0
2025-01-26,5,warmup,0.4271,599.4886833333334,0.0,484.26815000000005,0.0,1317.6014833333334,115.22053333333326,833.3333333333333,0.0,0.0,4200.0,4950.0,562.7475935316667,246.0534489333332,-1.1368683772161603e-13
2025-01-26,6,warmup,0.4285,629.2333333333333,0.0,468.2083333333333,0.0,1301.5416666666667,161.02499999999986,833.3333333333333,0.0,0.0,4950.0,5700.0,557.7106041666667,344.9960624999997,0.0
2025-01-26,7,warmup,0.4311,636.3726833333334,0.0,490.43896666666666,0.0,1157.1056333333338,145.93371666666621,666.6666666666666,0.0,0.0,5700.0,6300.0,498.8282385300002,314.560126274999,0.0
2025-01-26,8,warmup,0.4302,636.0457333333333,0.0,487.2113166666666,0.0,1320.54465,148.83441666666647,833.3333333333333,0.0,0.0,6300.0,7050.0,568.0983084300001,320.14283024999963,-1.1368683772161603e-13
2025-01-26,9,warmup,0.4279,632.6066666666667,0.0,464.605,0.0,1297.9383333333335,168.00166666666644,833.3333333333333,0.0,0.0,7050.0,7800.0,555.3878128333334,359.43956583333284,1.1368683772161603e-13
2025-01-26,10,warmup,0.4312,614.5470666666666,0.0,494.2724,0.0,494.2724,120.27466666666663,0.0,-0.0,0.0,7800.0,7800.0,213.13025888,259.3121813333333,0.0
2025-01-26,11,warmup,0.4333,607.03785,0.0,505.68945,0.0,505.68945,101.34840000000003,0.0,-0.0,0.0,7800.0,7800.0,219.115238685,219.57130860000007,0.0
2025-01-26,12,warmup,0.4311,627.8416666666667,0.0,487.83666666666664,0.0,1321.17,140.00499999999988,833.3333333333333,0.0,0.0,7800.0,8550.0,569.556387,301.7807774999997,0.0
2025-01-26,13,warmup,0.4293,668.8419,0.0,501.9057666666667,0.0,1335.2391,166.93613333333326,833.3333333333333,0.0,0.0,8550.0,9300.0,573.21814563,358.32841019999984,1.1368683772161603e-13
2025-01-26,14,warmup,0.4324,687.6550833333334,0.0,514.9269333333333,0.0,514.9269333333333,172.72815000000014,0.0,-0.0,0.0,9300.0,9300.0,222.65440597333333,373.4382603000003,0.0
2025-01-26,15,warmup,0.4367,675.1283333333333,0.0,507.54333333333335,0.0,507.54333333333335,167.58499999999998,0.0,-0.0,0.0,9300.0,9300.0,221.64417366666666,365.92184749999996,0.0
2025-01-26,16,warmup,0.4348,656.5923,0.0,497.95935000000003,0.0,497.95935000000003,158.63295,0.0,-0.0,0.0,9300.0,9300.0,216.51272538000003,344.8680333,0.0
2025-01-26,17,warmup,0.4335,630.04515,0.0,501.06135,0.0,501.06135,128.98380000000003,0.0,-0.0,0.0,9300.0,9300.0,217.210095225,279.57238650000005,0.0
2025-01-26,18,warmup,0.4357,613.0833333333334,0.0,514.0583333333333,0.0,514.0583333333333,99.02500000000009,0.0,-0.0,0.0,9300.0,9300.0,223.9752158333333,215.72596250000015,0.0
2025-01-26,19,warmup,0.4374,637.3823166666667,0.0,521.0511333333333,0.0,521.0511333333333,116.33118333333346,0.0,-0.0,0.0,9300.0,9300.0,227.90776572,254.4162979500003,0.0
2025-01-26,20,warmup,0.4371,683.0043999999999,0.0,519.49595,0.0,519.49595,163.50844999999993,0.0,-0.0,0.0,9300.0,9300.0,227.07167974499998,357.3477174749998,0.0
2025-01-26,21,warmup,0.4356,708.3066666666667,0.0,512.11,0.0,512.11,196.19666666666672,0.0,-0.0,0.0,9300.0,9300.0,223.075116,427.3163400000001,0.0
2025-01-26,22,warmup,0.4353,685.7917000000001,0.0,505.44893333333334,0.0,505.44893333333334,180.34276666666676,0.0,-0.0,0.0,9300.0,9300.0,220.02192068000002,392.5160316500002,0.0
2025-01-26,23,warmup,0.436,675.7256666666666,0.0,513.3439333333333,0.0,513.3439333333333,162.38173333333327,0.0,-0.0,0.0,9300.0,9300.0,223.81795493333334,353.9921786666666,0.0
2025-01-26,24,warmup,0.4378,695.69,0.0,526.1366666666667,0.0,526.1366666666667,169.5533333333334,0.0,-0.0,0.0,9300.0,9300.0,230.34263266666667,371.1522466666668,0.0
2025-01-26,25,warmup,0.4401,705.8111833333334,0.0,520.9297333333333,0.0,520.9297333333333,184.8814500000001,0.0,-0.0,0.0,9300.0,9300.0,229.26117563999998,406.8316307250002,0.0
2025-01-26,26,warmup,0.4389,696.4243166666666,0.0,521.74715,0.0,521.74715,174.6771666666666,0.0,-0.0,0.0,9300.0,9300.0,228.99482413500002,383.3290422499999,0.0
2025-01-26,27,warmup,0.4364,692.35,0.0,535.505,0.0,535.505,156.84500000000003,0.0,-0.0,0.0,9300.0,9300.0,233.694382,342.23579000000007,0.0
2025-01-26,28,warmup,0.4393,720.4733500000001,0.0,545.0267,0.0,545.0267,175.4466500000001,0.0,-0.0,0.0,9300.0,9300.0,239.43022931000002,385.3685667250003,0.0
2025-01-26,29,warmup,0.4422,715.4344,0.0001833333333333,552.6250666666666,0.00016666666666666666,552.6248999999999,162.80931666666675,0.0,-0.0,0.0,9300.0,9300.0,244.37073077999995,359.97139915000014,0.0
2025-01-26,30,warmup,0.4395,688.285,0.0,552.055,0.0,552.055,136.23000000000002,0.0,-0.0,0.0,9300.0,9300.0,242.62817249999998,299.365425,0.0
2025-01-26,31,warmup,0.4333,713.5248833333334,0.0,534.5888666666666,0.0,534.5888666666666,178.93601666666677,0.0,-0.0,0.0,9300.0,9300.0,231.63735592666666,387.6648801083336,0.0
2025-01-26,32,warmup,0.4439,724.1974,0.0025833333333333,534.8818666666667,0.0024,534.8794666666668,189.31534999999994,0.0,-0.0,0.0,9300.0,9300.0,237.4329952533334,420.1854193249999,0.0
2025-01-26,33,warmup,0.4301,703.2716666666666,0.0,560.1850000000001,0.0,1393.5183333333334,143.08666666666647,833.3333333333333,0.0,0.0,9300.0,10050.0,599.3522351666667,307.70787666666627,1.1368683772161603e-13
2025-01-26,34,warmup,0.3713,715.3684833333333,0.0,579.5323999999999,0.0,1412.8657333333333,135.83608333333325,833.3333333333333,0.0,0.0,10050.0,10800.0,524.5970467866667,252.17968870833317,1.1368683772161603e-13
2025-01-26,35,warmup,0.5708,801.95565,0.0359666666666666,564.9387,0.0334,3.8121008401503786e-05,73.03412854565954,0.0,728.8855166666654,0.0,10800.0,9990.127203703705,2.175947159557836e-05,208.43940286931235,0.0
2025-01-26,36,warmup,0.9099,901.8566666666668,0.0,540.6216666666667,0.0,0.0,68.52333333333343,0.0,833.3333333333334,0.0,9990.127203703705,9064.20127777778,0.0,311.7469050000004,0.0
2025-01-26,37,warmup,0.9368,907.4837833333332,0.0,556.1276666666666,0.0,0.0,74.15044999999986,0.0,833.3333333333334,0.0,9064.20127777778,8138.275351851854,0.0,347.32070779999935,0.0
2025-01-26,38,warmup,0.8758,904.33075,0.5009,561.1043333333333,0.46515,0.0,70.4965166666666,0.0,833.3333333333334,0.0,8138.275351851854,7212.349425925928,0.0,308.70424648333307,0.0
2025-01-26,39,warmup,0.8759,915.7416666666668,0.0,546.345,0.0,0.0,82.40833333333342,0.0,833.3333333333334,0.0,7212.349425925928,6286.423500000002,0.0,360.9072958333337,0.0
2025-01-26,40,warmup,0.8601,886.9546166666668,0.0,560.0128666666667,0.0,0.0,53.621283333333395,0.0,833.3333333333334,0.0,6286.423500000002,5360.497574074076,0.0,230.59832897500024,0.0
2025-01-26,41,warmup,0.8442,892.0326833333334,8.397466666666666,610.9114833333333,7.80145,0.0,50.30188333333331,0.0,833.3333333333334,0.0,5360.497574074076,4434.5716481481495,0.0,212.3242495499999,0.0
2025-01-26,42,warmup,0.8334,932.7533333333334,38.3625,649.165,35.7125,0.0,61.05750000000012,0.0,833.3333333333334,0.0,4434.5716481481495,3508.6457222222234,0.0,254.42660250000048,0.0
2025-01-26,43,warmup,0.8092,935.49005,76.95696666666667,618.7758,72.94324999999999,0.0,678.0140999999987,0.0,180.51898333333466,0.0,3508.6457222222234,3308.069074074074,0.0,2743.2450485999952,0.0
2025-01-26,44,warmup,0.7972,943.7404,116.6202,625.5180166666667,117.41653333333333,0.0,827.1202000000001,0.0,-0.0,0.0,3308.069074074074,3308.069074074074,0.0,3296.9011172000005,0.0
2025-01-26,45,warmup,0.7644,937.5516666666668,158.35,675.8149999999999,162.88125,0.0,779.2016666666668,0.0,-0.0,0.0,3308.069074074074,3308.069074074074,0.0,2978.1087700000007,0.0
2025-01-26,46,warmup,0.6899,876.6484833333334,208.05523333333332,669.2161,202.54048333333333,0.0,668.5932500000001,0.0,-0.0,0.0,3308.069074074074,3308.069074074074,0.0,2306.312415875,0.0
2025-01-26,47,warmup,0.86,998.156,260.6507833333333,637.9203333333334,250.03543333333334,0.0,349.6203166666668,0.0,387.8848999999999,0.0,3308.069074074074,2877.0858518518517,0.0,1503.3673616666672,1.1368683772161603e-13
2025-01-26,48,warmup,1.1617,1225.5333333333333,314.85625,622.8166666666667,304.64375,0.0,77.34374999999989,0.0,833.3333333333334,0.0,2877.0858518518517,1951.1599259259256,0.0,449.25117187499933,0.0
2025-01-26,49,warmup,1.1683,1229.6306333333334,372.6456333333333,631.4833333333333,351.96316666666667,0.0,180.9410666666671,0.0,676.043933333333,0.0,1951.1599259259256,1200.0,0.0,1056.967240933336,0.0
2025-01-26,50,warmup,1.0956,1197.5493166666668,423.3955666666666,643.00775,400.4119,0.0,774.1537500000002,0.0,-0.0,0.0,1200.0,1200.0,0.0,4240.814242500001,0.0
2025-01-26,51,warmup,1.0849,1233.44,474.59375,645.4266666666666,450.45625,0.0,758.84625,0.0,-0.0,0.0,1200.0,1200.0,0.0,4116.361483125001,0.0
2025-01-26,52,warmup,1.061,1244.2106,541.8542666666666,646.2680166666667,494.4409666666666,0.0,702.3563333333335,0.0,-0.0,0.0,1200.0,1200.0,0.0,3726.000348333334,0.0
2025-01-26,53,warmup,1.043,1214.2539666666669,590.1312333333334,666.7913833333333,546.8363833333334,0.0,624.1227333333335,0.0,-0.0,0.0,1200.0,1200.0,0.0,3254.800054333334,0.0
2025-01-26,54,warmup,1.036,1184.2783333333334,620.7937499999999,706.765,607.8874999999999,0.0,563.4845833333335,0.0,-0.0,0.0,1200.0,1200.0,0.0,2918.8501416666672,0.0
2025-01-26,55,warmup,1.0147,1201.9827333333333,671.8228833333334,739.5861,661.8757833333333,0.0,530.1598499999999,0.0,-0.0,0.0,1200.0,1200.0,0.0,2689.765998974999,0.0
2025-01-26,56,warmup,0.9922,1208.0673166666668,730.8863833333334,734.5761333333334,708.8280833333333,0.0,477.1809333333334,0.0,-0.0,0.0,1200.0,1200.0,0.0,2367.2946102666674,0.0
2025-01-26,57,warmup,0.97,1191.4066666666663,783.8249999999999,715.0316666666666,752.06875,0.0,407.58166666666637,0.0,-0.0,0.0,1200.0,1200.0,0.0,1976.7710833333317,0.0
2025-01-26,58,warmup,0.9422,1196.4615833333337,823.5506,734.7522833333334,792.6431666666667,0.0,372.91098333333366,0.0,-0.0,0.0,1200.0,1200.0,0.0,1756.783642483335,0.0
2025-01-26,59,warmup,0.9569,1191.3038333333334,828.4455666666667,752.3201666666668,826.4924,0.0,362.85826666666674,0.0,-0.0,0.0,1200.0,1200.0,0.0,1736.0953768666668,0.0
2025-01-26,60,warmup,0.9977,1180.54,826.8000000000001,739.6616666666667,861.5124999999999,0.0,353.7399999999999,0.0,-0.0,0.0,1200.0,1200.0,0.0,1764.6319899999996,0.0
2025-01-26,61,warmup,0.9919,1200.1264833333332,875.00375,714.3372833333333,911.5957166666667,0.0,325.12273333333326,0.0,-0.0,0.0,1200.0,1200.0,0.0,1612.4461959666664,0.0
2025-01-26,62,warmup,0.9588,1190.0205666666668,928.78225,722.37045,962.1431666666667,0.0,261.23831666666683,0.0,-0.0,0.0,1200.0,1200.0,0.0,1252.3764901000006,0.0
2025-01-26,63,warmup,0.9549,1166.5733333333333,954.35625,746.5383333333333,1000.625,0.0,212.21708333333322,0.0,-0.0,0.0,1200.0,1200.0,0.0,1013.2304643749994,0.0
2025-01-26,64,warmup,0.9839,1200.3139166666667,958.7021833333332,728.0016999999999,1023.3623333333334,0.0,241.61173333333352,0.0,-0.0,0.0,1200.0,1200.0,0.0,1188.6089221333343,0.0
2025-01-26,65,warmup,0.799,1181.7361,966.09735,718.3744499999999,1026.2128,0.0,215.63875000000007,0.0,-0.0,0.0,1200.0,1200.0,0.0,861.4768062500003,0.0
2025-01-26,66,warmup,0.5025,1121.4833333333331,988.43125,732.3616666666667,1038.5125,0.0,133.05208333333314,0.0,0.0,0.0,1200.0,1200.0,0.0,334.2933593749995,0.0
2025-01-26,67,warmup,0.4662,1144.071233333333,1013.5858333333334,728.2269666666666,1089.6296833333333,0.0,754.1256166666695,623.6402166666699,0.0,0.0,1200.0,1761.2761950000029,0.0,1757.8668124500066,0.0
2025-01-26,68,warmup,0.5007,1168.5477833333332,1001.6126166666668,701.08795,1080.95165,0.0,166.93516666666642,0.0,0.0,0.0,1761.2761950000029,1761.2761950000029,0.0,417.9221897499994,0.0
2025-01-26,69,warmup,0.4827,1154.4533333333334,972.69375,689.1333333333333,1033.41875,0.0,413.11068333333327,231.35109999999992,0.0,0.0,1761.2761950000029,1969.4921850000028,0.0,997.0426342249998,-5.684341886080802e-14
2025-01-26,70,warmup,0.4785,1141.9699833333334,987.4666,728.54725,1069.0825666666667,0.0,987.8367166666667,833.3333333333333,0.0,0.0,1969.4921850000028,2719.492185000003,0.0,2363.399344625,0.0
2025-01-26,71,warmup,0.4662,1120.4196333333332,1002.5022,720.8315166666666,1110.47395,0.0,951.2507666666664,833.3333333333333,0.0,0.0,2719.492185000003,3469.492185000003,0.0,2217.3655370999995,0.0
2025-01-26,72,warmup,0.4432,1095.3633333333337,987.4,667.6016666666667,1112.9437500000001,0.0,941.2966666666671,833.3333333333334,0.0,0.0,3469.492185000003,4219.492185000003,0.0,2085.913413333334,1.1368683772161603e-13
2025-01-26,73,warmup,0.4411,1091.4865666666667,953.6482333333332,668.4196000000001,1108.5629833333335,219.04620766954253,752.1254589971243,833.3333333333334,0.0,0.0,4219.492185000003,4969.492185000003,96.62128220303521,1658.8126998181574,-1.1368683772161603e-13
2025-01-26,74,warmup,0.4551,1090.7943333333333,920.6404,680.3710166666666,1099.6039,0.0,1003.4872666666666,833.3333333333334,0.0,0.0,4969.492185000003,5719.492185000003,0.0,2283.4352753,1.1368683772161603e-13
2025-01-26,75,warmup,0.4463,1081.5,897.28125,676.51,1098.14375,0.0,1017.5520833333333,833.3333333333333,0.0,0.0,5719.492185000003,6469.492185000003,0.0,2270.667473958333,0.0
2025-01-26,76,warmup,0.4113,1072.34625,879.9235833333333,677.27135,1122.7194833333333,387.88520000000005,637.8707999999999,833.3333333333333,0.0,0.0,6469.492185000003,7219.492185000003,159.53718276000004,1311.7813001999996,-2.2737367544323206e-13
2025-01-26,77,warmup,0.5682,1083.63925,863.4327,680.72085,1145.8759,0.0,685.3616,465.15504999999996,0.0,0.0,7219.492185000003,7638.131730000003,0.0,1947.1123056,1.1368683772161603e-13
2025-01-26,78,warmup,0.8279,1099.2216666666666,856.28125,686.815,1148.8374999999999,0.0,0.0,0.0,242.94041666666658,0.0,7638.131730000003,7368.197933703706,0.0,0.0,0.0
2025-01-26,79,warmup,0.8636,1085.07475,872.3798666666667,695.4030166666666,1133.0317,0.0,0.0,0.0,212.69488333333334,0.0,7368.197933703706,7131.870285555558,0.0,0.0,0.0
2025-01-26,80,warmup,0.8416,1089.3965,892.5079333333333,676.3313333333333,1099.6832,0.0,196.88856666666675,0.0,0.0,0.0,7131.870285555558,7131.870285555558,0.0,828.5070885333337,0.0
2025-01-26,81,warmup,0.8618,1113.1516666666666,900.5,653.0533333333334,1061.01875,0.0,212.65166666666664,0.0,0.0,0.0,7131.870285555558,7131.870285555558,0.0,916.3160316666666,0.0
2025-01-26,82,warmup,0.8623,1106.4923333333334,890.4747833333332,677.3132166666667,1030.09885,0.0,216.01755000000014,0.0,0.0,0.0,7131.870285555558,7131.870285555558,0.0,931.3596668250005,0.0
2025-01-26,83,warmup,0.9026,1088.83515,852.9421000000001,673.8313833333333,980.1372166666666,0.0,0.0,0.0,235.89305000000002,0.0,7131.870285555558,6869.76689666667,0.0,0.0,0.0
2025-01-26,84,warmup,0.9754,1089.5516666666667,805.0124999999999,639.51,918.05625,0.0,0.0,0.0,284.5391666666668,0.0,6869.76689666667,6553.61226703704,0.0,0.0,0.0
2025-01-26,85,warmup,1.0002,1116.537816666667,776.6521166666666,644.2474166666667,877.2866666666667,0.0,0.0,0.0,339.88570000000027,0.0,6553.61226703704,6175.961489259262,0.0,0.0,0.0
2025-01-26,86,warmup,0.9978,1125.69895,740.4691666666666,635.0304166666666,824.6968833333334,0.0,0.0,0.0,385.22978333333333,0.0,6175.961489259262,5747.928396666669,0.0,0.0,0.0
2025-01-26,87,warmup,1.0271,1093.4333333333334,693.94375,607.6016666666667,768.7624999999999,0.0,0.0,0.0,399.48958333333337,0.0,5747.928396666669,5304.051081851854,0.0,0.0,0.0
2025-01-26,88,warmup,1.0906,1040.6775666666667,660.0158333333333,613.25785,749.5391833333333,0.0,0.0,0.0,380.6617333333335,0.0,5304.051081851854,4881.093600370373,0.0,0.0,0.0
2025-01-26,89,warmup,0.9376,1029.645616666667,608.0491333333333,606.5093333333333,702.4259833333334,0.0,421.5964833333336,0.0,0.0,0.0,4881.093600370373,4881.093600370373,0.0,1976.4443138666677,0.0
2025-01-26,90,warmup,0.6694,1058.0983333333334,553.74375,597.115,625.63125,0.0,1337.6879166666668,833.3333333333334,0.0,0.0,4881.093600370373,5631.093600370373,0.0,4477.241457083333,1.1368683772161603e-13
2025-01-26,91,warmup,0.66,1068.1812666666667,544.9618666666667,638.6444666666666,580.3633333333333,58.28113333333339,1298.2716,833.3333333333334,0.0,0.0,5631.093600370373,6381.093600370373,38.46554800000004,4284.2962800000005,-1.1368683772161603e-13
2025-01-26,92,warmup,0.7217,1075.8858333333333,520.6745166666666,643.5352666666666,524.5280333333334,119.0072333333331,1269.537416666667,833.3333333333334,0.0,0.0,6381.093600370373,7131.093600370373,85.88752029666651,4581.125768041668,1.1368683772161603e-13
2025-01-26,93,warmup,0.7308,1086.5783333333334,462.925,600.66,461.40000000000003,139.25999999999996,1317.7266666666667,833.3333333333334,0.0,0.0,7131.093600370373,7881.093600370373,101.77120799999997,4814.97324,-1.1368683772161603e-13
2025-01-26,94,warmup,0.7534,1082.2061,413.10155,588.2068166666667,438.3642,149.8426166666666,1352.595266666667,833.3333333333334,0.0,0.0,7881.093600370373,8631.093600370372,112.89142739666661,5095.226369533334,-1.1368683772161603e-13
2025-01-26,95,warmup,0.7823,1070.53215,366.6018166666667,591.8162166666667,394.0675833333333,197.74863333333343,1339.5150333333333,833.3333333333334,0.0,0.0,8631.093600370372,9381.093600370372,154.69875585666674,5239.513052883333,1.1368683772161603e-13
2025-01-26,96,warmup,0.8055,1063.246666666667,316.8875,586.2583333333333,319.675,266.5833333333333,1313.109166666667,833.3333333333334,0.0,0.0,9381.093600370372,10131.093600370372,214.73287499999998,5288.547168750001,1.1368683772161603e-13
2025-01-26,97,warmup,0.8271,1063.2691166666666,267.4405333333333,568.9879833333333,268.58395,300.4040333333333,1238.653882921815,743.2293329218151,0.0,0.0,10131.093600370372,10800.000000000005,248.46417596999996,5122.453132823165,-2.2737367544323206e-13
2025-01-26,98,warmup,0.8519,1051.45765,220.4031,572.3382,222.29945,350.03875000000005,481.01579999999655,0.0,3.4474822996344297e-12,0.0,10800.000000000005,10800.000000000002,298.19801112500005,2048.8868000999855,0.0
2025-01-26,99,warmup,0.8791,1039.5916666666667,176.20624999999998,595.245,169.84375,425.40125,437.9841666666682,0.0,-1.4733814168721436e-12,0.0,10800.000000000002,10800.000000000004,373.970238875,1925.1594045833401,2.2737367544323206e-13
2025-01-26,100,warmup,0.9024,1057.7092666666667,133.21338333333333,594.5911166666666,123.00816666666667,471.5829499999999,452.9129333333318,0.0,1.5802470443304629e-12,0.0,10800.000000000004,10800.000000000002,425.5564540799999,2043.543155199993,-2.2737367544323206e-13
2025-01-26,101,warmup,0.9163,1065.17325,86.96605,530.7514,79.42723333333333,451.32416666666666,526.8830333333303,0.0,3.1143088108365188e-12,0.0,10800.000000000002,10799.999999999998,413.54833391666665,2413.914617216653,2.2737367544323206e-13
2025-01-26,102,warmup,0.9264,1046.735,41.3875,452.6166666666666,38.981249999999996,413.63541666666663,591.7120833333383,0.0,-5.115907697472721e-12,0.0,10799.999999999998,10800.000000000004,383.19185,2740.810370000023,-2.2737367544323206e-13
2025-01-26,103,warmup,0.9462,1028.7838666666669,8.67135,453.5162666666667,8.4486,445.0676666666667,575.0448499999985,0.0,1.6575540939811617e-12,0.0,10800.000000000004,10800.000000000002,421.1230262,2720.537185349993,0.0
2025-01-26,104,warmup,0.9742,1030.122033333333,0.0,459.75558333333333,0.0,459.75558333333333,570.3664500000016,0.0,1.6370904631912707e-12,0.0,10800.000000000002,10800.0,447.8938892833333,2778.2549779500073,3.410605131648481e-12
2025-01-26,105,warmup,0.9862,1060.1566666666663,0.0,444.7633333333333,0.0,444.7633333333333,615.393333333333,0.0,-0.0,0.0,10800.0,10800.0,438.6255993333333,3034.504526666665,0.0
2025-01-26,106,warmup,0.976,1084.8490166666668,0.5125166666666666,453.2371,0.5029333333333333,452.7341666666667,631.602333333337,0.0,-3.5683456189872226e-12,0.0,10800.0,10800.000000000004,441.86854666666665,3082.2193866666844,0.0
2025-01-26,107,warmup,1.0742,937.7246833333334,0.0,457.29254999999995,0.0,219.95564999999792,480.4321333333313,0.0,237.33690000000405,0.0,10800.000000000004,10536.292333333333,236.27635922999778,2580.4009881333227,0.0
2025-01-26,108,warmup,1.2313,721.0583333333334,0.0,448.4083333333333,0.0,0.0,0.0,0.0,721.0583333333334,0.0,10536.292333333333,9735.116407407408,0.0,0.0,0.0
2025-01-26,109,warmup,1.2561,718.9752166666667,0.0368,450.5833333333333,0.036116666666666665,0.0,0.0,0.0,718.9384166666667,0.0,9735.116407407408,8936.295944444444,0.0,0.0,0.0
2025-01-26,110,warmup,1.2447,745.8739166666666,0.0,463.7063333333333,0.0,0.0,339.80534999999924,0.0,406.0685666666673,0.0,8936.295944444444,8485.108648148147,0.0,2114.7785957249953,0.0
2025-01-26,111,warmup,1.2545,722.7716666666666,0.0,476.47333333333336,0.0,0.0,0.0,0.0,722.7716666666666,0.0,8485.108648148147,7682.029018518518,0.0,0.0,0.0
2025-01-26,112,warmup,1.2522,753.0417000000001,0.00265,480.71065,0.0026,0.0,518.6293333333333,0.0,234.4097166666668,0.0,7682.029018518518,7421.573777777777,0.0,3247.1382559999997,0.0
2025-01-26,113,warmup,1.2881,764.2413,0.0,497.48091666666664,0.0,0.0,266.7603833333336,0.0,497.4809166666664,0.0,7421.573777777777,6868.817203703703,0.0,1718.0702488583352,0.0
2025-01-26,114,warmup,1.3466,733.6166666666667,0.0,503.94166666666666,0.0,0.0,0.0,0.0,733.6166666666667,0.0,6868.817203703703,6053.687574074073,0.0,0.0,0.0
2025-01-26,115,warmup,1.3523,717.0772499999999,0.0001833333333333,455.07121666666666,0.00018333333333333334,0.0,0.0,0.0,717.0770666666666,0.0,6053.687574074073,5256.935277777777,0.0,0.0,0.0
2025-01-26,116,warmup,1.3445,702.5284166666667,0.0,419.24585,0.0,0.0,296.0944333333339,0.0,406.4339833333328,0.0,5256.935277777777,4805.3419629629625,0.0,1990.494828083337,0.0
2025-01-26,117,warmup,1.3483,703.2566666666667,0.0,426.625,0.0,0.0,0.0,0.0,703.2566666666667,0.0,4805.3419629629625,4023.945666666666,0.0,0.0,0.0
2025-01-26,118,warmup,1.349,746.0904166666666,0.0,446.06005,0.0,0.0,0.0,0.0,746.0904166666666,0.0,4023.945666666666,3194.9563148148145,0.0,0.0,0.0
2025-01-26,119,warmup,1.3473,743.8061833333333,0.0,469.3383166666667,0.0,0.0,743.8061833333333,0.0,0.0,0.0,3194.9563148148145,3194.9563148148145,0.0,5010.650354024999,0.0
2025-01-26,120,warmup,1.3482,706.1016666666666,0.0,486.74333333333334,0.0,0.0,326.68205,0.0,379.41961666666657,0.0,3194.9563148148145,2773.3789629629628,0.0,2202.16369905,0.0
2025-01-26,121,warmup,1.3513,726.96335,0.0,486.3579333333333,0.0,0.0,0.0,0.0,726.96335,0.0,2773.3789629629628,1965.6419074074072,0.0,0.0,0.0
2025-01-26,122,warmup,1.34,738.0812666666667,0.0,478.8691666666667,0.0,0.0,738.0812666666666,0.0,0.0,0.0,1965.6419074074072,1965.6419074074072,0.0,4945.144486666666,-1.1368683772161603e-13
2025-01-26,123,warmup,1.3489,724.62,0.0,469.4533333333333,0.0,0.0,495.77208333333334,0.0,228.84791666666652,0.0,1965.6419074074072,1711.3664444444444,0.0,3343.734816041667,-1.1368683772161603e-13
2025-01-26,124,warmup,1.3952,741.7004000000001,0.0,460.2298,0.0,0.0,281.47060000000016,0.0,460.2297999999999,0.0,1711.3664444444444,1200.0,0.0,1963.538905600001,0.0
2025-01-26,125,warmup,1.2226,745.2908333333334,0.0,483.40343333333334,0.0,0.0,745.2908333333334,0.0,-0.0,0.0,1200.0,1200.0,0.0,4555.962864166667,0.0
2025-01-26,126,warmup,0.9332,728.1283333333334,0.0,517.75,0.0,517.75,210.37833333333344,0.0,-0.0,0.0,1200.0,1200.0,483.1643,981.6253033333339,0.0
2025-01-26,127,warmup,0.9068,729.1595833333334,0.0,503.43444999999997,0.0,503.43444999999997,225.72513333333347,0.0,-0.0,0.0,1200.0,1200.0,456.51435926,1023.4377545333341,0.0
2025-01-26,128,warmup,0.9371,723.8367,0.0,470.0101666666667,0.0,470.0101666666667,253.82653333333326,0.0,-0.0,0.0,1200.0,1200.0,440.4465271833334,1189.304221933333,0.0
2025-01-26,129,warmup,0.9371,718.5683333333333,0.0,459.46166666666664,0.0,459.46166666666664,259.1066666666666,0.0,-0.0,0.0,1200.0,1200.0,430.56152783333334,1214.0442866666665,0.0
2025-01-26,130,warmup,0.9871,734.9872833333334,0.0,482.57188333333335,0.0,482.57188333333335,252.41540000000003,0.0,-0.0,0.0,1200.0,1200.0,476.3467060383333,1245.7962067000003,0.0
2025-01-26,131,warmup,0.7764,672.7035333333333,0.0,471.31835,0.0,471.31835,201.38518333333332,0.0,-0.0,0.0,1200.0,1200.0,365.93156694,781.7772816999999,0.0
2025-01-26,132,warmup,0.4209,563.0283333333333,0.0,421.19166666666666,0.0,421.19166666666666,141.83666666666664,0.0,-0.0,0.0,1200.0,1200.0,177.2795725,298.4952649999999,0.0
2025-01-26,133,warmup,0.3859,547.6134000000001,0.0,397.85774999999995,0.0,397.85774999999995,149.75565000000012,0.0,-0.0,0.0,1200.0,1200.0,153.533305725,288.9535266750002,0.0
2025-01-26,134,warmup,0.4368,561.8911166666667,0.0,414.09024999999997,0.0,414.09024999999997,147.8008666666667,0.0,-0.0,0.0,1200.0,1200.0,180.8746212,322.7970928000001,0.0
2025-01-26,135,warmup,0.4198,563.8233333333334,0.0,441.19666666666666,0.0,441.19666666666666,122.62666666666671,0.0,1.4210854715202004e-14,0.0,1200.0,1200.0,185.21436066666666,257.39337333333344,0.0
2025-01-26,136,warmup,0.4186,577.0038666666667,0.0,436.91738333333336,0.0,436.91738333333336,140.08648333333332,0.0,-0.0,0.0,1200.0,1200.0,182.89361666333335,293.2010096166666,0.0
2025-01-26,137,warmup,0.4241,584.8553166666667,0.0,413.86723333333333,0.0,413.86723333333333,170.98808333333335,0.0,-0.0,0.0,1200.0,1200.0,175.52109365666666,362.5802307083333,0.0
2025-01-26,138,warmup,0.4237,577.9266666666666,0.0,394.6483333333333,0.0,394.6483333333333,183.2783333333333,0.0,-0.0,0.0,1200.0,1200.0,167.21249883333334,388.2751491666666,0.0
2025-01-26,139,warmup,0.4248,570.03185,0.0,393.71206666666666,0.0,393.71206666666666,176.3197833333333,0.0,-0.0,0.0,1200.0,1200.0,167.24888592,374.50321979999995,0.0
2025-01-26,140,warmup,0.424,593.2026,0.0,408.61566666666664,0.0,408.61566666666664,184.58693333333332,0.0,-0.0,0.0,1200.0,1200.0,173.25304266666666,391.32429866666666,0.0
2025-01-26,141,warmup,0.422,619.4383333333334,0.0,423.2416666666666,0.0,423.2416666666666,196.19666666666677,0.0,-0.0,0.0,1200.0,1200.0,178.6079833333333,413.9749666666669,0.0
2025-01-26,142,warmup,0.424,592.3814333333333,0.0,429.6743166666667,0.0,429.6743166666667,162.70711666666665,0.0,-0.0,0.0,1200.0,1200.0,182.18191026666668,344.9390873333333,0.0
2025-01-26,143,warmup,0.4271,594.3999666666667,0.0,486.5695333333333,0.0,486.5695333333333,107.83043333333342,0.0,-0.0,0.0,1200.0,1200.0,207.81384768666663,230.2718903833335,0.0
2025-01-26,144,warmup,0.4276,620.3683333333333,0.0,573.3933333333333,0.0,573.3933333333333,46.97500000000002,0.0,-0.0,0.0,1200.0,1200.0,245.18298933333332,100.43255000000005,0.0
2025-01-27,1,warmup,0.4248,586.1554666666667,0.0,603.02365,0.0,1436.3569833333333,0.0,833.3333333333334,0.0,16.868183333333263,1200.0,1950.0,610.1644465200001,0.0,0.0
2025-01-27,2,warmup,0.4245,577.7903333333334,0.0,604.1721333333334,0.0,1437.5054666666667,0.0,833.3333333333333,0.0,26.381800000000112,1950.0,2700.0,610.2210706,0.0,0.0
2025-01-27,3,warmup,0.4269,603.5,0.0,600.02,0.0,1433.3533333333335,3.479999999999791,833.3333333333333,0.0,0.0,2700.0,3450.0,611.898538,7.428059999999554,0.0
2025-01-27,4,warmup,0.4272,585.1310833333333,0.0,587.6106666666667,0.0,1420.944,0.0,833.3333333333333,0.0,2.4795833333333803,3450.0,4200.0,607.0272768,0.0,0.0
2025-01-27,5,warmup,0.4271,582.2228,0.0,599.4886833333334,0.0,1432.8220166666667,0.0,833.3333333333333,0.0,17.265883333333477,4200.0,4950.0,611.9582833183333,0.0,0.0
2025-01-27,6,warmup,0.4285,609.2133333333334,0.0,629.2333333333333,0.0,1462.5666666666666,0.0,833.3333333333333,0.0,20.019999999999982,4950.0,5700.0,626.7098166666666,0.0,0.0
2025-01-27,7,warmup,0.4311,617.1881333333333,0.0,636.3726833333334,0.0,1303.03935,0.0,685.8512166666667,0.0,0.0,5700.0,6317.266095,561.740263785,0.0,0.0
2025-01-27,8,warmup,0.4302,626.0349333333334,0.0,636.0457333333333,0.0,1469.3790666666666,0.0,814.1487833333333,0.0,29.195349999999962,6317.266095,7050.0,632.12687448,0.0,0.0
2025-01-27,9,warmup,0.4279,645.6816666666667,0.0,632.6066666666667,0.0,1465.94,13.074999999999932,833.3333333333333,0.0,0.0,7050.0,7800.0,627.2757260000001,27.973962499999853,-1.1368683772161603e-13
2025-01-27,10,warmup,0.4312,658.2089833333333,0.0,614.5470666666666,0.0,614.5470666666666,43.661916666666684,0.0,-0.0,0.0,7800.0,7800.0,264.9926951466667,94.13509233333338,0.0
2025-01-27,11,warmup,0.4333,647.7895333333333,0.0,607.03785,0.0,607.03785,40.75168333333329,0.0,-0.0,0.0,7800.0,7800.0,263.029500405,88.28852194166657,0.0
2025-01-27,12,warmup,0.4311,628.665,0.0,627.8416666666667,0.0,1461.1750000000002,0.8233333333330393,833.3333333333333,0.0,0.0,7800.0,8550.0,629.9125425000001,1.7746949999993662,0.0
2025-01-27,13,warmup,0.4293,630.6108833333334,0.0,668.8419,0.0,1502.1752333333334,0.0,833.3333333333333,0.0,38.23101666666673,8550.0,9300.0,644.8838276700001,0.0,0.0
2025-01-27,14,warmup,0.4324,630.7115166666666,0.0,687.6550833333334,0.0,687.6550833333334,0.0,0.0,0.0,56.94356666666681,9300.0,9300.0,297.3420580333334,0.0,0.0
2025-01-27,15,warmup,0.4367,640.8966666666666,0.0,675.1283333333333,0.0,675.1283333333333,0.0,0.0,0.0,34.23166666666668,9300.0,9300.0,294.82854316666663,0.0,0.0
2025-01-27,16,warmup,0.4348,692.9225333333334,0.0,656.5923,0.0,656.5923,36.330233333333354,0.0,-0.0,0.0,9300.0,9300.0,285.48633204000004,78.9819272666667,0.0
2025-01-27,17,warmup,0.4335,708.5644333333333,0.0,630.04515,0.0,630.04515,78.5192833333333,0.0,-0.0,0.0,9300.0,9300.0,273.124572525,170.19054662499994,0.0
2025-01-27,18,warmup,0.4357,674.2066666666666,0.0,613.0833333333334,0.0,613.0833333333334,61.12333333333322,0.0,-0.0,0.0,9300.0,9300.0,267.12040833333333,133.1571816666664,0.0
2025-01-27,19,warmup,0.4374,653.14355,0.0,637.3823166666667,0.0,637.3823166666667,15.76123333333328,0.0,-0.0,0.0,9300.0,9300.0,278.79102531,34.46981729999989,0.0
2025-01-27,20,warmup,0.4371,646.1590166666666,0.0,683.0043999999999,0.0,683.0043999999999,0.0,0.0,0.0,36.8453833333333,9300.0,9300.0,298.54122323999997,0.0,0.0
2025-01-27,21,warmup,0.4356,646.2916666666666,0.0,708.3066666666667,0.0,708.3066666666667,0.0,0.0,0.0,62.0150000000001,9300.0,9300.0,308.538384,0.0,0.0
2025-01-27,22,warmup,0.4353,657.8371,0.0,685.7917000000001,0.0,685.7917000000001,0.0,0.0,0.0,27.95460000000014,9300.0,9300.0,298.52512701000006,0.0,0.0
2025-01-27,23,warmup,0.436,692.54085,0.0,675.7256666666666,0.0,675.7256666666666,16.81518333333338,0.0,-0.0,0.0,9300.0,9300.0,294.61639066666663,36.657099666666774,0.0
2025-01-27,24,warmup,0.4378,718.94,0.0,695.69,0.0,695.69,23.25,0.0,-0.0,0.0,9300.0,9300.0,304.57308200000006,50.89425,0.0
2025-01-27,25,warmup,0.4401,693.5300166666666,0.0,705.8111833333334,0.0,705.8111833333334,0.0,0.0,0.0,12.281166666666763,9300.0,9300.0,310.627501785,0.0,0.0
2025-01-27,26,warmup,0.4389,699.3288166666666,0.0,696.4243166666666,0.0,696.4243166666666,2.9044999999999845,0.0,-0.0,0.0,9300.0,9300.0,305.660632585,6.373925249999966,0.0
2025-01-27,27,warmup,0.4364,733.1016666666666,0.0,692.35,0.0,692.35,40.75166666666655,0.0,-0.0,0.0,9300.0,9300.0,302.14154,88.92013666666641,0.0
2025-01-27,28,warmup,0.4393,711.9625,0.0,720.4733500000001,0.0,720.4733500000001,0.0,0.0,0.0,8.510850000000119,9300.0,9300.0,316.50394265500006,0.0,0.0
2025-01-27,29,warmup,0.4422,703.71965,0.0001999999999999,715.4344,0.00018333333333333334,715.4342166666667,0.0,0.0,0.0,11.714766666666655,9300.0,9300.0,316.36501060999996,0.0,-4.973799150320701e-14
2025-01-27,30,warmup,0.4395,719.375,0.0,688.285,0.0,688.285,31.090000000000032,0.0,-0.0,0.0,9300.0,9300.0,302.5012575,68.32027500000007,0.0
2025-01-27,31,warmup,0.4333,701.7058666666667,0.0,713.5248833333334,0.0,713.5248833333334,0.0,11.819016666666698,0.0,0.0,9300.0,9310.637115,309.17033194833334,0.0,0.0
2025-01-27,32,warmup,0.4439,700.1993166666666,0.0028333333333333,724.1974,0.0025833333333333333,724.1948166666667,0.0,23.99833333333344,0.0,0.0,9310.637115,9332.235615,321.4700791183334,0.0,7.105427357601002e-15
2025-01-27,33,warmup,0.4301,712.085,0.0,703.2716666666666,0.0,1536.605,0.0,824.52,0.0,0.0,9332.235615,10074.303614999999,660.8938105,0.0,0.0
2025-01-27,34,warmup,0.3713,695.8758666666666,0.0,715.3684833333333,0.0,1548.7018166666667,0.0,806.3293166666679,0.0,46.49663333333217,10074.303614999999,10800.0,575.0329845283334,0.0,0.0
2025-01-27,35,warmup,0.5708,766.9492666666666,0.0395333333333333,801.95565,0.03596666666666667,801.9196833333333,0.0,0.0,-0.0,35.009949999999996,10800.0,10800.0,457.7357552466666,0.0,7.105427357601002e-15
2025-01-27,36,warmup,0.9099,893.8133333333334,0.0,901.8566666666667,0.0,901.8566666666667,0.0,0.0,-0.0,8.043333333333294,10800.0,10800.0,820.5993810000001,0.0,0.0
2025-01-27,37,warmup,0.9368,920.1504166666668,0.0,907.4837833333332,0.0,226.7358164462903,12.666483553710236,0.0,680.7481166666663,0.0,10800.0,10043.613203703704,212.40611284688475,59.32980896557875,0.0
2025-01-27,38,warmup,0.8758,932.40285,0.5506,904.33075,0.5009,903.82985,28.02239999999998,0.0,0.0,0.0,10043.613203703704,10043.613203703704,791.57418263,122.71008959999992,0.0
2025-01-27,39,warmup,0.8759,947.9283333333332,0.0,915.7416666666667,0.0,915.7416666666667,32.1866666666665,0.0,0.0,0.0,10043.613203703704,10043.613203703704,802.0981258333334,140.96150666666594,0.0
2025-01-27,40,warmup,0.8601,898.4479500000001,0.0,886.9546166666668,0.0,886.9546166666668,11.49333333333334,0.0,0.0,0.0,10043.613203703704,10043.613203703704,762.8696657950001,49.42708000000002,0.0
2025-01-27,41,warmup,0.8442,893.8319666666666,9.198933333333336,892.0326833333334,8.397466666666666,883.6352166666667,0.9978166666666155,0.0,0.0,0.0,10043.613203703704,10043.613203703704,745.96484991,4.211784149999784,0.0
2025-01-27,42,warmup,0.8334,939.2966666666666,41.3125,932.7533333333334,38.362500000000004,894.3908333333335,3.5933333333331348,0.0,0.0,0.0,10043.613203703704,10043.613203703704,745.3853205000001,14.973419999999171,0.0
2025-01-27,43,warmup,0.8092,929.6962,82.02941666666666,935.49005,76.95696666666667,858.5330833333334,0.0,0.00018491311493562534,0.0,10.866115086885117,10043.613203703704,10043.613370125508,694.7249710333334,0.0,-2.842170943040401e-14
2025-01-27,44,warmup,0.7972,916.9744166666666,128.03601666666663,943.7404,116.6202,827.1202000000001,0.0,0.0,0.0,38.18180000000012,10043.613370125508,10043.613370125508,659.3802234400001,0.0,5.684341886080802e-14
2025-01-27,45,warmup,0.7644,902.505,175.66875000000002,937.5516666666667,158.35,779.2016666666667,0.0,52.36541666666673,0.0,0.0,10043.613370125508,10090.742245125508,595.621754,0.0,2.842170943040401e-14
2025-01-27,46,warmup,0.6899,857.6044,221.5079333333333,876.6484833333334,208.05523333333335,1501.9265833333334,0.0,780.9679166666663,0.0,84.86220000000037,10090.742245125508,10793.613370125508,1036.1791498416667,0.0,0.0
2025-01-27,47,warmup,0.86,984.2803166666666,272.78363333333334,998.156,260.6507833333333,737.5052166666667,0.0,0.0,0.0,26.00853333333339,10793.613370125508,10793.613370125508,634.2544863333334,0.0,0.0
2025-01-27,48,warmup,1.1617,1200.35,328.58750000000003,1225.5333333333333,314.85625,77.34374999999989,0.0,0.0,794.4187499999998,0.0,10793.613370125508,9910.925870125508,89.85023437499987,0.0,-2.2737367544323206e-13
2025-01-27,49,warmup,1.1683,1201.3746166666667,379.8080166666667,1229.6306333333334,372.6456333333333,23.651666666666756,0.0,0.0,797.9149333333332,0.0,9910.925870125508,9024.353721977359,27.632242166666767,0.0,0.0
2025-01-27,50,warmup,1.0956,1157.1609833333334,427.94166666666666,1197.5493166666668,423.39556666666664,0.0,0.0,0.0,729.2193166666668,0.0,9024.353721977359,8214.110036792174,0.0,0.0,0.0
2025-01-27,51,warmup,1.0849,1173.1766666666667,479.66875,1233.44,474.59375,0.0,0.0,0.0,693.5079166666667,0.0,8214.110036792174,7443.545684940322,0.0,0.0,0.0
2025-01-27,52,warmup,1.061,1182.8978166666668,540.3390499999999,1244.2106,541.8542666666666,0.0,0.0,0.0,642.5587666666669,0.0,7443.545684940322,6729.591499755136,0.0,0.0,0.0
2025-01-27,53,warmup,1.043,1178.73965,600.4259666666667,1214.2539666666667,590.1312333333334,0.0,0.0,0.0,578.3136833333333,0.0,6729.591499755136,6087.020740495877,0.0,0.0,0.0
2025-01-27,54,warmup,1.036,1175.1583333333333,648.8562499999999,1184.2783333333334,620.7937499999999,0.0,0.0,0.0,526.3020833333334,0.0,6087.020740495877,5502.240647903285,0.0,0.0,0.0
2025-01-27,55,warmup,1.0147,1185.6162166666666,685.4176000000001,1201.9827333333333,671.8228833333334,0.0,0.0,0.0,500.19861666666645,0.0,5502.240647903285,4946.464407162544,0.0,0.0,0.0
2025-01-27,56,warmup,0.9922,1198.76385,742.3545666666668,1208.0673166666668,730.8863833333334,0.0,0.0,0.0,456.4092833333333,0.0,4946.464407162544,4439.3429812366185,0.0,0.0,0.0
2025-01-27,57,warmup,0.97,1201.1633333333332,810.15,1191.4066666666665,783.8249999999999,0.0,0.0,0.0,391.0133333333332,0.0,4439.3429812366185,4004.8837219773595,0.0,0.0,0.0
2025-01-27,58,warmup,0.9422,1188.1483333333333,848.8315833333332,1196.4615833333335,823.5506,0.0,0.0,0.0,339.31675000000007,0.0,4004.8837219773595,3627.8651108662484,0.0,0.0,0.0
2025-01-27,59,warmup,0.9569,1173.2715,893.5954833333334,1191.3038333333334,828.4455666666667,0.0,0.0,0.0,279.67601666666667,0.0,3627.8651108662484,3317.1139812366187,0.0,0.0,0.0
2025-01-27,60,warmup,0.9977,1170.5433333333333,943.975,1180.54,826.8000000000001,0.0,0.0,0.0,226.56833333333327,0.0,3317.1139812366187,3065.371388644026,0.0,0.0,0.0
2025-01-27,61,warmup,0.9919,1184.9336166666667,967.4184,1200.1264833333332,875.00375,0.0,0.0,0.0,217.51521666666667,0.0,3065.371388644026,2823.687814569952,0.0,0.0,0.0
2025-01-27,62,warmup,0.9588,1201.4741166666663,1018.47605,1190.0205666666668,928.7822500000001,0.0,0.0,0.0,182.99806666666632,0.0,2823.687814569952,2620.356629384767,0.0,0.0,0.0
2025-01-27,63,warmup,0.9549,1200.7183333333337,1070.13125,1166.5733333333333,954.3562499999999,0.0,0.0,0.0,130.5870833333338,0.0,2620.356629384767,2475.2598701255074,0.0,0.0,0.0
2025-01-27,64,warmup,0.9839,1171.446416666667,1034.366983333333,1200.3139166666667,958.7021833333333,0.0,0.0,0.0,137.07943333333378,0.0,2475.2598701255074,2322.9493886440255,0.0,0.0,0.0
2025-01-27,65,warmup,0.799,1133.5344166666666,991.63445,1181.7360999999999,966.09735,215.63874999999985,0.0,0.0,0.0,73.73878333333323,2322.9493886440255,2322.9493886440255,172.2953612499999,0.0,0.0
2025-01-27,66,warmup,0.5025,1115.4666666666667,990.15,1121.4833333333333,988.43125,966.3854166666667,0.0,0.0,0.0,841.06875,2322.9493886440255,2322.9493886440255,485.60867187499997,0.0,-1.1368683772161603e-13
2025-01-27,67,warmup,0.4662,1135.2703166666668,1005.2476,1144.0712333333333,1013.5858333333334,963.8187333333333,0.0,418.9453086419755,0.0,414.8507080246911,2322.9493886440255,2700.0001664218034,449.33229348,0.0,-1.1368683772161603e-13
2025-01-27,68,warmup,0.5007,1165.7362666666666,1022.8676333333332,1168.5477833333332,1001.6126166666667,1000.2684999999999,0.0,833.3333333333333,0.0,24.06653333333327,2700.0001664218034,3450.0001664218034,500.83443795,0.0,-1.1368683772161603e-13
2025-01-27,69,warmup,0.4827,1167.1983333333333,1036.05,1154.4533333333334,972.69375,1015.0929166666667,0.0,833.3333333333333,0.0,50.611250000000155,3450.0001664218034,4200.000166421803,489.98535087500005,0.0,0.0
2025-01-27,70,warmup,0.4785,1118.3945333333334,1047.8580166666668,1141.9699833333334,987.4666000000001,987.8367166666667,0.0,833.3333333333333,0.0,83.96686666666687,4200.000166421803,4950.000166421803,472.679868925,0.0,0.0
2025-01-27,71,warmup,0.4662,1074.15225,1084.7816666666663,1120.4196333333332,1002.5022,951.2507666666666,0.0,833.3333333333333,0.0,128.5468499999995,4950.000166421803,5700.000166421803,443.47310741999996,0.0,0.0
2025-01-27,72,warmup,0.4432,1060.9616666666668,1129.21875,1095.3633333333335,987.4,941.2966666666669,0.0,833.3333333333333,0.0,176.22041666666678,5700.000166421803,6450.000166421803,417.1826826666667,0.0,2.2737367544323206e-13
2025-01-27,73,warmup,0.4411,1057.7001,1128.1219,1091.4865666666667,953.6482333333333,971.1716666666667,0.0,833.3333333333333,0.0,208.26013333333344,6450.000166421803,7200.000166421803,428.3838221666667,0.0,0.0
2025-01-27,74,warmup,0.4551,1043.598516666667,1086.705333333333,1090.7943333333333,920.6404000000001,1003.4872666666665,0.0,833.3333333333333,0.0,213.26074999999946,7200.000166421803,7950.000166421803,456.6870550599999,0.0,-2.2737367544323206e-13
2025-01-27,75,warmup,0.4463,1028.4583333333333,1034.5375,1081.5,897.28125,1017.5520833333334,0.0,833.3333333333333,0.0,190.29791666666677,7950.000166421803,8700.000166421803,454.13349479166664,0.0,1.1368683772161603e-13
2025-01-27,76,warmup,0.4113,1042.7972499999998,998.2098,1072.34625,879.9235833333333,1025.756,0.0,833.3333333333333,0.0,147.83521666666695,8700.000166421803,9450.000166421803,421.89344280000006,0.0,-1.1368683772161603e-13
2025-01-27,77,warmup,0.5682,1079.6082833333332,957.65495,1083.63925,863.4327,1053.5398833333334,0.0,833.3333333333333,0.0,98.25321666666684,9450.000166421803,10200.000166421803,598.6213617100001,0.0,1.1368683772161603e-13
2025-01-27,78,warmup,0.8279,1109.805,931.35625,1099.2216666666666,856.28125,242.94041666666658,0.0,0.0,0.0,64.49166666666656,10200.000166421803,10200.000166421803,201.13037095833326,0.0,0.0
2025-01-27,79,warmup,0.8636,1103.42745,957.4716666666668,1085.07475,872.3798666666667,212.69488333333334,0.0,0.0,0.0,66.73910000000024,10200.000166421803,10200.000166421803,183.68330124666667,0.0,0.0
2025-01-27,80,warmup,0.8416,1076.7651166666667,956.1175,1089.3965,892.5079333333333,196.88856666666675,0.0,0.0,0.0,76.24095,10200.000166421803,10200.000166421803,165.70141770666675,0.0,1.1368683772161603e-13
2025-01-27,81,warmup,0.8618,1063.8833333333334,920.31875,1113.1516666666666,900.5,212.65166666666664,0.0,0.0,0.0,69.08708333333323,10200.000166421803,10200.000166421803,183.2632063333333,0.0,-1.1368683772161603e-13
2025-01-27,82,warmup,0.8623,1088.0294,917.5850666666666,1106.4923333333334,890.4747833333332,216.01755000000014,0.0,0.0,0.0,45.573216666666895,10200.000166421803,10200.000166421803,186.2719333650001,0.0,0.0
2025-01-27,83,warmup,0.9026,1106.8606166666666,904.0937666666669,1088.83515,852.9421000000001,235.89305000000002,0.0,0.0,0.0,33.12620000000027,10200.000166421803,10200.000166421803,212.91706693,0.0,1.1368683772161603e-13
2025-01-27,84,warmup,0.9754,1106.895,866.6062499999999,1089.5516666666667,805.0124999999999,0.0,0.0,0.0,240.28875000000005,0.0,10200.000166421803,9933.012666421804,0.0,0.0,0.0
2025-01-27,85,warmup,1.0002,1112.29205,837.0340500000001,1116.5378166666667,776.6521166666666,0.0,0.0,0.0,275.2579999999999,0.0,9933.012666421804,9627.170444199583,0.0,0.0,0.0
2025-01-27,86,warmup,0.9978,1116.5392166666668,791.7592333333333,1125.69895,740.4691666666666,0.0,0.0,0.0,324.77998333333346,0.0,9627.170444199583,9266.303796051434,0.0,0.0,0.0
2025-01-27,87,warmup,1.0271,1106.371666666667,739.59375,1093.4333333333334,693.94375,0.0,0.0,0.0,366.7779166666669,0.0,9266.303796051434,8858.772777532915,0.0,0.0,0.0
2025-01-27,88,warmup,1.0906,1082.5671166666666,715.25185,1040.6775666666667,660.0158333333333,0.0,0.0,0.0,367.3152666666666,0.0,8858.772777532915,8450.64470345884,0.0,0.0,0.0
2025-01-27,89,warmup,0.9376,1092.4181333333331,671.8901,1029.6456166666667,608.0491333333333,0.0,0.0,0.0,420.52803333333316,0.0,8450.64470345884,7983.39133308847,0.0,0.0,0.0
2025-01-27,90,warmup,0.6694,1103.8233333333333,603.18125,1058.0983333333334,553.74375,1337.6879166666668,0.0,566.1055555555564,0.0,270.94027777777706,7983.39133308847,8492.88633308847,895.4482914166667,0.0,1.1368683772161603e-13
2025-01-27,91,warmup,0.66,1042.4773333333333,554.1298666666667,1068.1812666666667,544.9618666666667,1356.5527333333334,0.0,833.3333333333333,0.0,34.87193333333357,8492.88633308847,9242.88633308847,895.3248040000001,0.0,0.0
2025-01-27,92,warmup,0.7217,1023.0917166666668,528.7180999999999,1075.8858333333333,520.6745166666666,1388.54465,0.0,833.3333333333333,0.0,60.83769999999993,9242.88633308847,9992.88633308847,1002.1126739050001,0.0,-1.1368683772161603e-13
2025-01-27,93,warmup,0.7308,1067.69,504.925,1086.5783333333334,462.925,1456.9866666666667,0.0,833.3333333333333,0.0,60.88833333333332,9992.88633308847,10742.88633308847,1064.765856,0.0,0.0
2025-01-27,94,warmup,0.7534,1084.7068166666666,456.0721333333333,1082.2061,413.10155000000003,732.5641799016992,0.0,63.45962990169956,0.0,40.469866666666334,10742.88633308847,10800.0,551.9138531379401,0.0,5.684341886080802e-14
2025-01-27,95,warmup,0.7823,1090.2867166666667,396.61148333333335,1070.53215,366.6018166666667,703.9303333333332,0.0,0.0,-0.0,10.255099999999857,10800.0,10800.0,550.6846997666665,0.0,0.0
2025-01-27,96,warmup,0.8055,1090.2933333333333,339.39375,1063.2466666666667,316.8875,746.3591666666666,4.5404166666667045,0.0,-4.676259379721159e-14,0.0,10800.0,10800.0,601.1923087499999,18.286528125000153,0.0
2025-01-27,97,warmup,0.8271,1063.4437833333334,285.1558333333333,1063.2691166666666,267.44053333333335,795.8285833333332,0.0,0.0,2.3021584638627248e-14,17.54063333333314,10800.0,10800.0,658.2298212749998,0.0,-7.815970093361102e-14
2025-01-27,98,warmup,0.8519,1034.14185,234.33195,1051.45765,220.4031,831.0545500000001,0.0,0.0,-2.3021584638627244e-14,31.24465000000007,10800.0,10800.0,707.975371145,0.0,2.1316282072803006e-14
2025-01-27,99,warmup,0.8791,1021.4216666666666,186.375,1039.5916666666667,176.20624999999998,863.3854166666667,0.0,0.0,-0.0,28.33875000000012,10800.0,10800.0,759.0021197916667,0.0,0.0
2025-01-27,100,warmup,0.9024,1023.7234166666668,139.4711,1057.7092666666667,133.21338333333333,924.4958833333334,0.0,0.0,1.8417267710901796e-13,40.24356666666675,10800.0,10800.0,834.26508512,0.0,1.2789769243681803e-13
2025-01-27,101,warmup,0.9163,1026.2757666666666,91.15028333333332,1065.17325,86.96605,978.2072000000001,0.0,0.0,-0.0,43.081716666666736,10800.0,10800.0,896.3312573600001,0.0,7.105427357601002e-14
2025-01-27,102,warmup,0.9264,1017.9183333333334,44.66875,1046.735,41.387499999999996,1005.3474999999999,0.0,0.0,-0.0,32.09791666666645,10800.0,10800.0,931.3539239999999,0.0,4.263256414560601e-14
2025-01-27,103,warmup,0.9462,1001.4264,9.640916666666667,1028.7838666666667,8.67135,1020.1125166666667,0.0,0.0,1.8417267710901796e-13,28.327033333333603,10800.0,10800.0,965.2304632700001,0.0,-1.4210854715202004e-14
2025-01-27,104,warmup,0.9742,1007.3272166666668,0.0,1030.1220333333333,0.0,1030.1220333333333,0.0,0.0,-0.0,22.79481666666652,10800.0,10800.0,1003.5448848733333,0.0,0.0
2025-01-27,105,warmup,0.9862,1048.165,0.0,1060.1566666666665,0.0,1060.1566666666665,0.0,0.0,1.8417267710901796e-13,11.991666666666745,10800.0,10800.0,1045.5265046666666,0.0,4.263256414560601e-14
2025-01-27,106,warmup,0.976,1080.8762,0.5734,1084.8490166666668,0.5125166666666666,1084.3365000000001,0.0,0.0,0.0,4.033700000000189,10800.0,10800.0,1058.3124240000002,0.0,-7.993605777301127e-15
2025-01-27,107,warmup,1.0742,951.0957,0.0,937.7246833333334,0.0,937.7246833333334,13.371016666668577,0.0,-1.972352947632316e-12,0.0,10800.0,10800.000000000002,1007.3038548366667,71.81573051667694,0.0
2025-01-27,108,warmup,1.2313,744.0116666666667,0.0,721.0583333333334,0.0,721.0583333333334,22.953333333331802,0.0,1.4615263903630658e-12,0.0,10800.000000000002,10800.0,887.8391258333335,141.31219666665726,0.0
2025-01-27,109,warmup,1.2561,712.9986,0.0411666666666666,718.9752166666667,0.0368,718.9384166666667,0.0,0.0,-0.0,5.980983333333396,10800.0,10800.0,903.0585451750001,0.0,-2.5757174171303632e-14
2025-01-27,110,warmup,1.2447,722.8973833333333,0.0,745.8739166666666,0.0,745.8739166666666,0.0,0.0,-1.05788776176563e-13,22.97653333333313,10800.0,10800.0,928.3892640749998,0.0,-7.105427357601002e-15
2025-01-27,111,warmup,1.2545,700.9966666666666,0.0,722.7716666666666,0.0,722.7716666666666,0.0,0.0,1.1368683772161603e-13,21.775000000000205,10800.0,10800.0,906.7170558333332,0.0,0.0
2025-01-27,112,warmup,1.2522,709.9236999999999,0.00295,753.0417000000001,0.00265,753.0390500000001,0.0,0.0,-0.0,43.11830000000015,10800.0,10800.0,942.9554984100001,0.0,5.684341886080802e-14
2025-01-27,113,warmup,1.2881,706.7780166666666,0.0,764.2413,0.0,108.08339999999976,0.0,0.0,598.6946166666669,0.0,10800.0,10134.783759259259,139.2222275399997,0.0,0.0
2025-01-27,114,warmup,1.3466,692.9116666666667,0.0,733.6166666666667,0.0,0.0,0.0,0.0,692.9116666666669,0.0,10134.783759259259,9364.881907407407,0.0,0.0,1.1368683772161603e-13
2025-01-27,115,warmup,1.3523,717.9855666666667,0.0002166666666666,717.0772499999999,0.00018333333333333334,0.0,0.0,0.0,717.98535,0.0,9364.881907407407,8567.120407407407,0.0,0.0,0.0
2025-01-27,116,warmup,1.3445,737.7151166666666,0.0,702.5284166666667,0.0,0.0,0.0,0.0,737.7151166666666,0.0,8567.120407407407,7747.436944444444,0.0,0.0,0.0
2025-01-27,117,warmup,1.3483,740.4050000000001,0.0,703.2566666666667,0.0,0.0,0.0,0.0,740.4050000000001,0.0,7747.436944444444,6924.764722222221,0.0,0.0,0.0
2025-01-27,118,warmup,1.349,754.7615833333333,0.0,746.0904166666666,0.0,0.0,0.0,0.0,754.7615833333333,0.0,6924.764722222221,6086.14074074074,0.0,0.0,0.0
2025-01-27,119,warmup,1.3473,746.2927666666666,0.0,743.8061833333333,0.0,0.0,0.0,0.0,746.2927666666666,0.0,6086.14074074074,5256.926555555555,0.0,0.0,0.0
2025-01-27,120,warmup,1.3482,725.0783333333334,0.0,706.1016666666666,0.0,0.0,0.0,0.0,725.0783333333334,0.0,5256.926555555555,4451.2839629629625,0.0,0.0,0.0
2025-01-27,121,warmup,1.3513,737.4513333333333,0.0,726.96335,0.0,0.0,0.0,0.0,737.4513333333333,0.0,4451.2839629629625,3631.893592592592,0.0,0.0,0.0
2025-01-27,122,warmup,1.34,733.8559166666668,0.0,738.0812666666667,0.0,0.0,11.472083333333899,0.0,722.3838333333329,0.0,3631.893592592592,2829.244888888889,0.0,76.86295833333712,0.0
2025-01-27,123,warmup,1.3489,710.2433333333333,0.0,724.62,0.0,0.0,0.0,0.0,710.2433333333333,0.0,2829.244888888889,2040.0856296296297,0.0,0.0,0.0
2025-01-27,124,warmup,1.3952,714.1823166666667,0.0,741.7004000000001,0.0,0.0,0.0,0.0,714.1823166666667,0.0,2040.0856296296297,1246.5497222222223,0.0,0.0,0.0
2025-01-27,125,warmup,1.2226,720.7088333333332,0.0,745.2908333333334,0.0,745.2908333333334,0.0,0.0,0.0,24.582000000000107,1246.5497222222223,1246.5497222222223,911.1925728333333,0.0,0.0
2025-01-27,126,warmup,0.9332,722.27,0.0,728.1283333333334,0.0,728.1283333333334,0.0,0.0,0.0,5.858333333333417,1246.5497222222223,1246.5497222222225,679.4893606666668,0.0,4.529709940470639e-14
2025-01-27,127,warmup,0.9068,737.5014666666666,0.0,729.1595833333334,0.0,729.1595833333334,0.0,0.0,8.341883333333316,0.0,1246.5497222222225,1237.2809629629633,661.2019101666668,0.0,1.1368683772161603e-13
2025-01-27,128,warmup,0.9371,746.1933333333333,0.0,723.8367,0.0,723.8367,0.0,0.0,22.356633333333274,0.0,1237.2809629629633,1212.4402592592596,678.30737157,0.0,0.0
2025-01-27,129,warmup,0.9371,755.82,0.0,718.5683333333333,0.0,718.5683333333333,26.05543333333312,0.0,11.196233333333659,0.0,1212.4402592592596,1200.0,673.3703851666667,122.08273288333234,0.0
2025-01-27,130,warmup,0.9871,778.4101333333333,0.0,734.9872833333334,0.0,734.9872833333334,43.422849999999926,0.0,-0.0,0.0,1200.0,1200.0,725.5059473783334,214.31347617499964,0.0
2025-01-27,131,warmup,0.7764,701.5676666666667,0.0,672.7035333333333,0.0,672.7035333333333,28.864133333333367,0.0,-0.0,0.0,1200.0,1200.0,522.28702328,112.05056560000013,0.0
2025-01-27,132,warmup,0.4209,575.5966666666667,0.0,563.0283333333333,0.0,563.0283333333333,12.568333333333385,0.0,-0.0,0.0,1200.0,1200.0,236.9786255,26.450057500000106,0.0
2025-01-27,133,warmup,0.3859,573.8971333333333,0.0,547.6134000000001,0.0,547.6134000000001,26.283733333333203,0.0,-0.0,0.0,1200.0,1200.0,211.32401106000003,50.714463466666416,0.0
2025-01-27,134,warmup,0.4368,590.92855,0.0,561.8911166666667,0.0,561.8911166666667,29.0374333333333,0.0,-0.0,0.0,1200.0,1200.0,245.43403976000002,63.417754399999936,0.0
2025-01-27,135,warmup,0.4198,575.82,0.0,563.8233333333334,0.0,563.8233333333334,11.99666666666667,0.0,-0.0,0.0,1200.0,1200.0,236.69303533333337,25.181003333333344,0.0
2025-01-27,136,warmup,0.4186,581.4008833333334,0.0,577.0038666666667,0.0,577.0038666666667,4.397016666666673,0.0,-0.0,0.0,1200.0,1200.0,241.53381858666668,9.202955883333345,0.0
2025-01-27,137,warmup,0.4241,572.0588166666666,0.0,584.8553166666667,0.0,584.8553166666667,0.0,-0.0,0.0,12.796500000000037,1200.0,1200.0,248.03713979833333,0.0,0.0
2025-01-27,138,warmup,0.4237,554.9516666666667,0.0,577.9266666666666,0.0,577.9266666666666,0.0,-0.0,0.0,22.974999999999913,1200.0,1200.0,244.86752866666666,0.0,-3.552713678800501e-15
2025-01-27,139,warmup,0.4248,580.0948166666667,0.0,570.03185,0.0,570.03185,10.062966666666739,0.0,-0.0,0.0,1200.0,1200.0,242.14952988,21.373741200000154,0.0
2025-01-27,140,warmup,0.424,606.0341166666666,0.0,593.2026,0.0,593.2026,12.83151666666663,0.0,-0.0,0.0,1200.0,1200.0,251.51790239999997,27.202815333333255,0.0
2025-01-27,141,warmup,0.422,617.445,0.0,619.4383333333334,0.0,619.4383333333334,0.0,0.0,0.0,1.9933333333333394,1200.0,1200.0,261.4029766666667,0.0,0.0
2025-01-27,142,warmup,0.424,632.4230833333334,0.0,592.3814333333333,0.0,592.3814333333333,40.041650000000004,0.0,-0.0,0.0,1200.0,1200.0,251.16972773333333,84.88829800000002,0.0
2025-01-27,143,warmup,0.4271,607.8704,0.0,594.3999666666667,0.0,594.3999666666667,13.47043333333329,0.0,-0.0,0.0,1200.0,1200.0,253.86822576333336,28.76611038333324,0.0
2025-01-27,144,warmup,0.4276,576.445,0.0,620.3683333333333,0.0,620.3683333333333,0.0,-0.0,0.0,43.92333333333329,1200.0,1200.0,265.26949933333333,0.0,0.0
2025-01-28,1,warmup,0.4248,615.9668,0.0,586.1554666666667,0.0,1419.4888,29.81133333333321,833.3333333333333,0.0,0.0,1200.0,1950.0,602.99884224,63.31927199999974,-1.1368683772161603e-13
2025-01-28,2,warmup,0.4245,624.3405666666666,0.0,577.7903333333334,0.0,1411.1236666666668,46.55023333333304,833.3333333333333,0.0,0.0,1950.0,2700.0,599.0219965000001,98.80287024999937,-1.1368683772161603e-13
2025-01-28,3,warmup,0.4269,586.3566666666667,0.0,603.5,0.0,1436.8333333333335,0.0,833.3333333333333,0.0,17.143333333333544,2700.0,3450.0,613.3841500000001,0.0,0.0
2025-01-28,4,warmup,0.4272,592.1088833333333,0.0,585.1310833333333,0.0,1418.4644166666667,6.977799999999888,833.3333333333333,0.0,0.0,3450.0,4200.0,605.9679988,14.904580799999762,0.0
2025-01-28,5,warmup,0.4271,622.3701666666667,0.0,582.2228,0.0,1415.5561333333335,40.14736666666647,833.3333333333333,0.0,0.0,4200.0,4950.0,604.5840245466667,85.73470151666625,1.1368683772161603e-13
2025-01-28,6,warmup,0.4285,650.7316666666667,0.0,609.2133333333334,0.0,1442.5466666666666,41.51833333333332,833.3333333333333,0.0,0.0,4950.0,5700.0,618.1312466666666,88.95302916666664,1.1368683772161603e-13
2025-01-28,7,warmup,0.4311,670.9591833333333,0.0,617.1881333333333,0.0,1283.8548,53.77104999999983,666.6666666666666,0.0,0.0,5700.0,6300.0,553.4698042800001,115.90349827499963,0.0
2025-01-28,8,warmup,0.4302,671.6891666666667,0.0,626.0349333333334,0.0,1459.3682666666668,45.65423333333308,833.3333333333333,0.0,0.0,6300.0,7050.0,627.8202283200001,98.20225589999947,1.1368683772161603e-13
2025-01-28,9,warmup,0.4279,653.8249999999999,0.0,645.6816666666667,0.0,1479.015,8.14333333333309,833.3333333333333,0.0,0.0,7050.0,7800.0,632.8705185,17.422661666666144,1.1368683772161603e-13
2025-01-28,10,warmup,0.4312,637.4048166666666,0.0,658.2089833333333,0.0,658.2089833333333,0.0,20.804166666666674,0.0,0.0,7800.0,7818.72375,283.81971361333336,0.0,0.0
2025-01-28,11,warmup,0.4333,660.1808666666667,0.0,647.7895333333333,0.0,647.7895333333333,0.0,0.0,12.391333333333364,0.0,7818.72375,7804.9556018518515,280.68720479333336,0.0,0.0
2025-01-28,12,warmup,0.4311,680.5116666666667,0.0,628.665,0.0,1461.9983333333334,46.34044238683157,827.8271090534984,0.0,0.0,7804.9556018518515,8550.0,630.2674815,99.88682356481544,-1.1368683772161603e-13
2025-01-28,13,warmup,0.4293,625.2820166666667,0.0,630.6108833333334,0.0,1463.9442166666668,0.0,833.3333333333333,0.0,5.3288666666668405,8550.0,9300.0,628.471252215,0.0,0.0
2025-01-28,14,warmup,0.4324,622.5362,0.0,630.7115166666666,0.0,630.7115166666666,0.0,0.0,0.0,8.175316666666617,9300.0,9300.0,272.71965980666664,0.0,0.0
2025-01-28,15,warmup,0.4367,677.9783333333334,0.0,640.8966666666666,0.0,640.8966666666666,37.081666666666706,0.0,-0.0,0.0,9300.0,9300.0,279.8795743333333,80.96781916666676,0.0
2025-01-28,16,warmup,0.4348,672.3389,0.0,692.9225333333334,0.0,692.9225333333334,0.0,0.0,0.0,20.58363333333341,9300.0,9300.0,301.2827174933334,0.0,0.0
2025-01-28,17,warmup,0.4335,675.8074166666667,0.0,708.5644333333333,0.0,708.5644333333333,0.0,0.0,0.0,32.757016666666686,9300.0,9300.0,307.16268185,0.0,0.0
2025-01-28,18,warmup,0.4357,697.6233333333333,0.0,674.2066666666666,0.0,674.2066666666666,23.416666666666742,0.0,-0.0,0.0,9300.0,9300.0,293.7518446666666,51.01320833333349,0.0
2025-01-28,19,warmup,0.4374,672.5245666666666,0.0,653.14355,0.0,653.14355,19.381016666666596,0.0,-0.0,0.0,9300.0,9300.0,285.68498877,42.38628344999985,0.0
2025-01-28,20,warmup,0.4371,673.5268666666667,0.0,646.1590166666666,0.0,646.1590166666666,27.36785000000009,0.0,-0.0,0.0,9300.0,9300.0,282.43610618499997,59.81243617500019,0.0
2025-01-28,21,warmup,0.4356,704.695,0.0,646.2916666666666,0.0,646.2916666666666,58.40333333333342,0.0,-0.0,0.0,9300.0,9300.0,281.52464999999995,127.20246000000019,0.0
2025-01-28,22,warmup,0.4353,691.7613500000001,0.0,657.8371,0.0,657.8371,33.92425000000014,0.0,-0.0,0.0,9300.0,9300.0,286.35648963,73.83613012500031,0.0
2025-01-28,23,warmup,0.436,665.06505,0.0,692.54085,0.0,692.54085,0.0,0.0,0.0,27.475799999999936,9300.0,9300.0,301.94781059999997,0.0,0.0
2025-01-28,24,warmup,0.4378,659.7116666666667,0.0,718.94,0.0,718.94,0.0,0.0,0.0,59.22833333333335,9300.0,9300.0,314.75193200000007,0.0,0.0
2025-01-28,25,warmup,0.4401,683.0139333333333,0.0,693.5300166666666,0.0,693.5300166666666,0.0,0.0,0.0,10.516083333333313,9300.0,9300.0,305.22256033499997,0.0,0.0
2025-01-28,26,warmup,0.4389,720.7118666666667,0.0,699.3288166666666,0.0,699.3288166666666,21.383050000000026,0.0,-0.0,0.0,9300.0,9300.0,306.93541763499996,46.92510322500006,0.0
2025-01-28,27,warmup,0.4364,740.9816666666667,0.0,733.1016666666666,0.0,733.1016666666666,7.880000000000109,0.0,-0.0,0.0,9300.0,9300.0,319.9255673333333,17.194160000000238,0.0
2025-01-28,28,warmup,0.4393,716.5331666666666,0.0,711.9625,0.0,711.9625,4.570666666666625,0.0,-0.0,0.0,9300.0,9300.0,312.76512625,10.039469333333244,0.0
2025-01-28,29,warmup,0.4422,686.9379666666667,0.0002333333333333,703.71965,0.00019999999999999998,703.71945,0.0,0.0,0.0,16.781716666666647,9300.0,9300.0,311.18474079000003,0.0,-2.1316282072803006e-14
2025-01-28,30,warmup,0.4395,687.0933333333334,0.0,719.375,0.0,719.375,0.0,0.0,0.0,32.28166666666664,9300.0,9300.0,316.1653125,0.0,0.0
2025-01-28,31,warmup,0.4333,721.84445,0.0,701.7058666666667,0.0,701.7058666666667,20.138583333333372,0.0,-0.0,0.0,9300.0,9300.0,304.04915202666666,43.63024079166675,0.0
2025-01-28,32,warmup,0.4439,761.2181833333334,0.0032333333333333,700.1993166666666,0.0028333333333333335,700.1964833333333,61.01846666666679,0.0,-0.0,0.0,9300.0,9300.0,310.81721895166663,135.43048676666695,0.0
2025-01-28,33,warmup,0.4301,750.5066666666667,0.0,712.085,0.0,1545.4183333333335,38.4216666666664,833.3333333333333,0.0,0.0,9300.0,10050.0,664.6844251666668,82.62579416666608,0.0
2025-01-28,34,warmup,0.3713,673.6523666666667,0.0,695.8758666666666,0.0,1529.2092,0.0,833.3333333333334,0.0,22.223499999999945,10050.0,10800.0,567.79537596,0.0,0.0
2025-01-28,35,warmup,0.5708,722.7338666666666,0.0449333333333333,766.9492666666666,0.03953333333333333,766.9097333333333,0.0,0.0,-0.0,44.22080000000004,10800.0,10800.0,437.75207578666664,0.0,1.4210854715202004e-14
2025-01-28,36,warmup,0.9099,879.6766666666667,0.0,893.8133333333334,0.0,98.31049999999777,0.0,0.0,781.366166666669,0.0,10800.0,9931.815370370368,89.45272394999797,0.0,0.0
2025-01-28,37,warmup,0.9368,927.1957833333332,0.0,920.1504166666667,0.0,86.81708333333336,7.045366666666496,0.0,833.3333333333334,0.0,9931.815370370368,9005.889444444443,81.33024366666669,33.00049746666587,0.0
2025-01-28,38,warmup,0.8758,899.72825,0.6259,932.40285,0.5506,931.8522499999999,0.0,0.0,0.0,32.74989999999991,9005.889444444443,9005.889444444443,816.1162005499999,0.0,0.0
2025-01-28,39,warmup,0.8759,877.065,0.0,947.9283333333333,0.0,947.9283333333333,0.0,0.0,0.0,70.86333333333323,9005.889444444443,9005.889444444443,830.2904271666666,0.0,0.0
2025-01-28,40,warmup,0.8601,895.5289666666666,0.0,898.4479500000001,0.0,898.4479500000001,0.0,0.0,0.0,2.918983333333472,9005.889444444443,9005.889444444443,772.755081795,0.0,0.0
2025-01-28,41,warmup,0.8442,902.53075,10.444016666666666,893.8319666666666,9.198933333333335,884.6330333333333,0.0,0.0,7.453700000000058,0.0,9005.889444444443,8997.607555555554,746.80720674,0.0,0.0
2025-01-28,42,warmup,0.8334,894.465,46.6125,939.2966666666666,41.3125,897.9841666666666,0.0,0.0,0.0,50.13166666666659,8997.607555555554,8997.607555555554,748.3800045,0.0,-4.263256414560601e-14
2025-01-28,43,warmup,0.8092,917.9142333333332,91.05526666666668,929.6962,82.02941666666666,847.6667833333333,0.0,20.807816666666838,0.0,0.0,8997.607555555554,9016.334590555554,685.9319610733334,0.0,5.684341886080802e-14
2025-01-28,44,warmup,0.7972,936.9564,136.84535,916.9744166666666,128.03601666666665,788.9383999999999,0.0,0.0,11.172650000000147,0.0,9016.334590555554,9003.920535,628.9416924799999,0.0,0.0
2025-01-28,45,warmup,0.7644,910.04,183.5625,902.505,175.66875000000002,726.83625,0.0,0.35874999999998636,0.0,0.0,9003.920535,9004.24341,555.5936294999999,0.0,0.0
2025-01-28,46,warmup,0.6899,862.3122333333334,232.75588333333332,857.6044,221.50793333333334,1469.4298000000001,0.0,817.7095855967066,0.0,22.163864403293474,9004.24341,9740.182037037035,1013.7596190200001,0.0,-1.1368683772161603e-13
2025-01-28,47,warmup,0.86,1006.6301833333332,276.30001666666664,984.2803166666666,272.78363333333334,711.4966833333333,18.833483333333277,0.0,-0.0,0.0,9740.182037037035,9740.182037037035,611.8871476666666,80.98397833333308,0.0
2025-01-28,48,warmup,1.1617,1239.1,314.80625000000003,1200.3500000000001,328.58750000000003,38.429166666666674,52.53124999999966,0.0,833.3333333333334,0.0,9740.182037037035,8814.25611111111,44.643162916666675,305.127765624998,-2.2737367544323206e-13
2025-01-28,49,warmup,1.1683,1224.0186833333337,359.42975,1201.3746166666667,379.8080166666667,0.0,31.2556000000003,0.0,833.3333333333334,0.0,8814.25611111111,7888.330185185184,0.0,182.57958740000174,0.0
2025-01-28,50,warmup,1.0956,1145.11165,417.74438333333336,1157.1609833333334,427.94166666666666,0.0,0.0,0.0,727.3672666666666,0.0,7888.330185185184,7080.144333333332,0.0,0.0,0.0
2025-01-28,51,warmup,1.0849,1152.63,475.01875,1173.1766666666667,479.66875,0.0,0.0,0.0,677.6112500000002,0.0,7080.144333333332,6327.242944444442,0.0,0.0,0.0
2025-01-28,52,warmup,1.061,1211.8266,509.1160333333333,1182.8978166666668,540.3390499999999,0.0,0.0,0.0,702.7105666666669,0.0,6327.242944444442,5546.4534259259235,0.0,0.0,0.0
2025-01-28,53,warmup,1.043,1222.6330333333333,551.5137666666667,1178.73965,600.4259666666667,0.0,0.0,0.0,671.1192666666666,0.0,5546.4534259259235,4800.765351851849,0.0,0.0,0.0
2025-01-28,54,warmup,1.036,1192.6083333333331,603.85,1175.1583333333333,648.8562499999999,0.0,0.0,0.0,588.7583333333331,0.0,4800.765351851849,4146.589425925924,0.0,0.0,0.0
2025-01-28,55,warmup,1.0147,1211.11575,639.5694500000001,1185.6162166666666,685.4176000000001,0.0,0.0,0.0,571.5462999999999,0.0,4146.589425925924,3511.5379814814796,0.0,0.0,0.0
2025-01-28,56,warmup,0.9922,1210.81385,690.5957,1198.76385,742.3545666666668,0.0,0.0,0.0,520.21815,0.0,3511.5379814814796,2933.517814814813,0.0,0.0,0.0
2025-01-28,57,warmup,0.97,1187.4633333333334,743.5375,1201.1633333333332,810.15,0.0,0.0,0.0,443.92583333333334,0.0,2933.517814814813,2440.266888888887,0.0,0.0,0.0
2025-01-28,58,warmup,0.9422,1207.7103166666668,753.6379000000001,1188.1483333333333,848.8315833333332,0.0,454.07241666666675,0.0,0.0,0.0,2440.266888888887,2440.266888888887,0.0,2139.135154916667,0.0
2025-01-28,59,warmup,0.9569,1210.8464833333337,788.4135666666666,1173.2715,893.5954833333334,0.0,70.35376666666855,0.0,352.07914999999855,0.0,2440.266888888887,2049.067833333333,0.0,336.6075966166756,0.0
2025-01-28,60,warmup,0.9977,1184.743333333333,855.0875,1170.5433333333333,943.975,0.0,0.0,0.0,329.65583333333313,0.0,2049.067833333333,1682.783574074074,0.0,0.0,0.0
2025-01-28,61,warmup,0.9919,1182.3901666666668,891.4300333333334,1184.9336166666667,967.4184,0.0,0.0,0.0,290.9601333333334,0.0,1682.783574074074,1359.494537037037,0.0,0.0,0.0
2025-01-28,62,warmup,0.9588,1191.5702666666666,912.6713666666666,1201.4741166666665,1018.4760500000001,0.0,272.4332500000001,0.0,6.465649999999914,0.0,1359.494537037037,1352.3104814814815,0.0,1306.0450005000005,0.0
2025-01-28,63,warmup,0.9549,1195.4083333333333,935.41875,1200.7183333333335,1070.1312500000001,0.0,259.98958333333326,0.0,-0.0,0.0,1352.3104814814815,1352.3104814814815,0.0,1241.3202656249996,0.0
2025-01-28,64,warmup,0.9839,1190.0015666666666,962.1123333333334,1171.4464166666667,1034.3669833333333,0.0,90.80979999999988,0.0,137.07943333333333,0.0,1352.3104814814815,1200.0,0.0,446.73881109999945,0.0
2025-01-28,65,warmup,0.799,1173.9196333333332,1012.2626333333332,1133.5344166666666,991.63445,141.89996666666661,19.757033333333425,0.0,-0.0,0.0,1200.0,1200.0,113.37807336666663,78.92934816666704,0.0
2025-01-28,66,warmup,0.5025,1163.0233333333333,1061.48125,1115.4666666666667,990.15,958.6500000000001,0.0,833.3333333333334,0.0,23.774583333333453,1200.0,1950.0,481.721625,0.0,0.0
2025-01-28,67,warmup,0.4662,1173.4936166666666,1057.1410166666667,1135.2703166666668,1005.2476,963.3560500000001,0.0,833.3333333333333,0.0,13.6701166666669,1950.0,2700.0,449.11659051000004,0.0,0.0
2025-01-28,68,warmup,0.5007,1159.3981833333337,1026.7665333333332,1165.7362666666666,1022.8676333333333,976.2019666666666,0.0,833.3333333333333,0.0,10.236983333332887,2700.0,3450.0,488.78432471,0.0,1.1368683772161603e-13
2025-01-28,69,warmup,0.4827,1146.665,1009.51875,1167.1983333333333,1036.05,964.4816666666667,5.997916666666697,833.3333333333334,0.0,0.0,3450.0,4200.0,465.55530050000004,14.475971875000074,1.1368683772161603e-13
2025-01-28,70,warmup,0.4785,1195.2199666666668,1020.8471833333332,1118.3945333333334,1047.8580166666668,903.8698499999999,103.83626666666692,833.3333333333333,0.0,0.0,4200.0,4950.0,432.5017232249999,248.4282680000006,0.0
2025-01-28,71,warmup,0.4662,1160.2305666666666,1019.0319666666666,1074.1522499999999,1084.7816666666665,822.7039166666667,151.8280166666666,833.3333333333333,0.0,0.0,4950.0,5700.0,383.54456595000005,353.91110684999984,0.0
2025-01-28,72,warmup,0.4432,1061.8233333333333,992.3875,1060.9616666666668,1129.21875,765.0762500000002,137.6929166666663,833.3333333333333,0.0,0.0,5700.0,6450.0,339.08179400000006,305.12750333333247,0.0
2025-01-28,73,warmup,0.4411,1070.57945,970.73545,1057.7001,1128.1218999999999,762.9115333333335,170.26579999999967,833.3333333333333,0.0,0.0,6450.0,7200.0,336.5202773533334,375.52122189999926,0.0
2025-01-28,74,warmup,0.4551,1094.77535,971.7045,1043.5985166666667,1086.7053333333333,790.2265166666667,166.17766666666637,833.3333333333333,0.0,0.0,7200.0,7950.0,359.632087735,378.13728049999935,0.0
2025-01-28,75,warmup,0.4463,1073.0266666666666,979.6125,1028.4583333333333,1034.5375000000001,827.2541666666665,99.49333333333345,833.3333333333333,0.0,0.0,7950.0,8700.0,369.20353458333324,222.01937333333362,0.0
2025-01-28,76,warmup,0.4113,1047.865816666667,962.07335,1042.7972499999998,998.2098,877.9207833333332,41.20501666666689,833.3333333333333,0.0,0.0,8700.0,9450.0,361.088818185,84.73811677500045,0.0
2025-01-28,77,warmup,0.5682,1079.8558,938.4828666666668,1079.6082833333332,957.65495,955.2866666666666,19.419599999999832,833.3333333333333,0.0,0.0,9450.0,10200.0,542.793884,55.17108359999953,0.0
2025-01-28,78,warmup,0.8279,1132.1566666666663,929.9375,1109.805,931.3562499999999,178.44875000000013,23.770416666666165,0.0,-0.0,0.0,10200.0,10200.0,147.7377201250001,98.39763979166459,0.0
2025-01-28,79,warmup,0.8636,1113.4429,937.6247833333332,1103.42745,957.4716666666667,145.95578333333322,29.862333333333595,0.0,-0.0,0.0,10200.0,10200.0,126.04741448666657,128.94555533333448,0.0
2025-01-28,80,warmup,0.8416,1112.5900166666668,930.8951666666668,1076.7651166666667,956.1175,120.64761666666675,61.047233333333224,0.0,-0.0,0.0,10200.0,10200.0,101.53703418666674,256.88675786666624,0.0
2025-01-28,81,warmup,0.8618,1146.8166666666666,905.63125,1063.8833333333334,920.31875,143.56458333333342,97.62083333333317,0.0,-0.0,0.0,10200.0,10200.0,123.72395791666673,420.64817083333264,0.0
2025-01-28,82,warmup,0.8623,1142.713533333333,885.4732666666667,1088.0294000000001,917.5850666666666,170.44433333333347,86.79593333333287,0.0,-0.0,0.0,10200.0,10200.0,146.97414863333344,374.22066656666465,0.0
2025-01-28,83,warmup,0.9026,1132.9846333333332,867.2851666666667,1106.8606166666666,904.0937666666667,37.717446974179026,62.9299696924879,0.0,165.0520499999997,0.0,10200.0,10016.608833333334,34.04376763889399,284.0029532221979,0.0
2025-01-28,84,warmup,0.9754,1118.2083333333333,832.8874999999999,1106.895,866.6062499999999,0.0,0.0,0.0,285.3208333333333,0.0,10016.608833333334,9699.585685185186,0.0,0.0,0.0
2025-01-28,85,warmup,1.0002,1068.1937666666663,769.0885499999999,1112.29205,837.0340500000001,0.0,0.0,0.0,299.10521666666637,0.0,9699.585685185186,9367.246555555557,0.0,0.0,0.0
2025-01-28,86,warmup,0.9978,1064.206233333333,712.9865833333333,1116.5392166666668,791.7592333333333,0.0,0.0,0.0,351.2196499999998,0.0,9367.246555555557,8977.002500000002,0.0,0.0,0.0
2025-01-28,87,warmup,1.0271,1096.35,679.13125,1106.3716666666667,739.59375,0.0,0.0,0.0,417.2187499999999,0.0,8977.002500000002,8513.426111111114,0.0,0.0,0.0
2025-01-28,88,warmup,1.0906,1073.4392333333333,652.3447,1082.5671166666666,715.25185,0.0,0.0,0.0,421.0945333333333,0.0,8513.426111111114,8045.543296296299,0.0,0.0,0.0
2025-01-28,89,warmup,0.9376,1054.481183333333,638.1002666666667,1092.4181333333333,671.8901,0.0,0.0,0.0,416.3809166666664,0.0,8045.543296296299,7582.897833333336,0.0,0.0,0.0
2025-01-28,90,warmup,0.6694,1060.3983333333333,618.4562500000001,1103.8233333333333,603.18125,1333.9754166666667,0.0,833.3333333333334,0.0,58.700000000000045,7582.897833333336,8332.897833333336,892.9631439166667,0.0,1.1368683772161603e-13
2025-01-28,91,warmup,0.66,1049.1784666666667,564.3004500000001,1042.4773333333333,554.1298666666667,1321.6808,0.0,833.3333333333334,0.0,3.4694500000000517,8332.897833333336,9082.897833333336,872.309328,0.0,1.1368683772161603e-13
2025-01-28,92,warmup,0.7217,1034.8808166666663,515.6283999999999,1023.0917166666667,528.7180999999999,1327.7069500000002,24.8787999999995,833.3333333333334,0.0,0.0,9082.897833333336,9832.897833333336,958.2061058150002,89.7751497999982,1.1368683772161603e-13
2025-01-28,93,warmup,0.7308,1046.8133333333333,482.9625,1067.69,504.925,1396.0950654639769,1.0891012026897897,833.3333333333334,0.0,0.0,9832.897833333336,10582.897833333336,1020.2662738410743,3.9795757946284915,-1.1368683772161603e-13
2025-01-28,94,warmup,0.7534,1092.99825,439.2349833333333,1084.7068166666666,456.07213333333334,628.6346833333332,266.3532129629597,241.2246296296261,0.0,0.0,10582.897833333336,10800.0,473.6133704233332,1003.3525532314691,8.526512829121202e-14
2025-01-28,95,warmup,0.7823,1098.4085166666666,394.4647333333333,1090.2867166666667,396.61148333333335,693.6752333333334,10.268549999999875,0.0,7.36655181299284e-14,0.0,10800.0,10800.0,542.6621350366667,40.16543332499951,0.0
2025-01-28,96,warmup,0.8055,1049.935,349.6625,1090.2933333333333,339.39375,750.8995833333333,0.0,0.0,-0.0,50.62708333333342,10800.0,10800.0,604.849614375,0.0,-1.1368683772161603e-13
2025-01-28,97,warmup,0.8271,1010.19635,293.11306666666667,1063.4437833333334,285.1558333333333,778.2879500000001,0.0,0.0,-0.0,61.20466666666675,10800.0,10800.0,643.721963445,0.0,-1.1368683772161603e-13
2025-01-28,98,warmup,0.8519,1012.2558333333332,236.83646666666667,1034.14185,234.33195,799.8099,0.0,0.0,2.3021584638627248e-14,24.3905333333335,10800.0,10800.0,681.35805381,0.0,-4.973799150320701e-14
2025-01-28,99,warmup,0.8791,1041.5516666666667,186.49375,1021.4216666666666,186.375,835.0466666666666,20.01125000000012,0.0,-1.6857626405908374e-14,0.0,10800.0,10800.0,734.0895246666666,87.95944937500053,0.0
2025-01-28,100,warmup,0.9024,1053.2739666666666,137.12975,1023.7234166666667,139.4711,884.2523166666667,31.89190000000036,0.0,-4.511413465024817e-13,0.0,10800.0,10800.0,797.94929056,143.8962528000016,0.0
2025-01-28,101,warmup,0.9163,1039.7179666666666,91.14688333333334,1026.2757666666666,91.15028333333333,935.1254833333332,13.4455999999996,0.0,4.130207287289522e-13,0.0,10800.0,10800.0,856.8554803783333,61.601016399998166,0.0
2025-01-28,102,warmup,0.9264,1020.8083333333334,48.95625,1017.9183333333334,44.668749999999996,973.2495833333334,0.0,0.0,-0.0,1.3974999999999653,10800.0,10800.0,901.618414,0.0,-4.263256414560601e-14
2025-01-28,103,warmup,0.9462,1022.7475666666666,11.44615,1001.4264,9.640916666666667,991.7854833333333,19.51593333333249,0.0,7.366907084360719e-13,0.0,10800.0,10800.0,938.42742433,92.32988059999602,-1.1368683772161603e-13
2025-01-28,104,warmup,0.9742,1027.26935,0.0,1007.3272166666667,0.0,1007.3272166666667,19.942133333332936,0.0,4.0927261579781767e-13,0.0,10800.0,10800.0,981.3381744766666,97.13813146666473,0.0
2025-01-28,105,warmup,0.9862,1052.6433333333332,0.0,1048.165,0.0,1048.165,4.478333333333239,0.0,0.0,0.0,10800.0,10800.0,1033.700323,22.082661666666205,0.0
2025-01-28,106,warmup,0.976,1105.77045,0.6916166666666667,1080.8762,0.5734,1080.3028,24.776033333334684,0.0,-1.3049270414233763e-12,0.0,10800.0,10800.000000000002,1054.3755328,120.90704266667326,0.0
2025-01-28,107,warmup,1.0742,972.2847333333334,0.0,951.0957,0.0,951.0957,21.189033333333256,0.0,1.852544654137869e-13,0.0,10800.000000000002,10800.000000000002,1021.66700094,113.80629803333292,0.0
2025-01-28,108,warmup,1.2313,737.0799999999999,0.0,744.0116666666667,0.0,744.0116666666667,0.0,0.0,1.6575540939811615e-12,6.931666666668386,10800.000000000002,10800.0,916.1015651666667,0.0,4.796163466380676e-14
2025-01-28,109,warmup,1.2561,717.0554999999999,0.04965,712.9986,0.041166666666666664,712.9574333333334,4.0484166666671815,0.0,-6.128431095930864e-13,0.0,10800.0,10800.0,895.54583201,25.426080875003233,1.1368683772161603e-13
2025-01-28,110,warmup,1.2447,745.02905,0.0,722.8973833333333,0.0,722.8973833333333,22.131666666667048,0.0,-3.670930356566848e-13,0.0,10800.0,10800.0,899.7903730349999,137.73642750000235,0.0
2025-01-28,111,warmup,1.2545,717.8483333333334,0.0,700.9966666666666,0.0,700.9966666666666,16.85166666666719,0.0,-3.410605131648481e-13,0.0,10800.0,10800.0,879.4003183333332,105.70207916666995,0.0
2025-01-28,112,warmup,1.2522,706.2145333333333,0.0035666666666666,709.9236999999999,0.00295,709.9207499999999,0.0,0.0,-0.0,3.709783333333258,10800.0,10800.0,888.9627631499999,0.0,-2.353672812205332e-14
2025-01-28,113,warmup,1.2881,719.5875166666666,0.0,706.7780166666666,0.0,77.66073333333384,12.809499999999161,0.0,629.1172833333336,0.0,10800.0,10100.980796296295,100.03479060666731,82.4995847499946,0.0
2025-01-28,114,warmup,1.3466,730.8016666666667,0.0,692.9116666666667,0.0,0.0,0.0,0.0,730.8016666666667,0.0,10100.980796296295,9288.978944444443,0.0,0.0,0.0
2025-01-28,115,warmup,1.3523,712.7956333333333,0.00025,717.9855666666667,0.00021666666666666666,0.0,0.0,0.0,712.7953833333332,0.0,9288.978944444443,8496.984074074073,0.0,0.0,0.0
2025-01-28,116,warmup,1.3445,713.0554333333333,0.0,737.7151166666666,0.0,0.0,0.0,0.0,713.0554333333333,0.0,8496.984074074073,7704.700259259258,0.0,0.0,0.0
2025-01-28,117,warmup,1.3483,733.6533333333333,0.0,740.4050000000001,0.0,0.0,0.0,0.0,733.6533333333333,0.0,7704.700259259258,6889.529888888887,0.0,0.0,0.0
2025-01-28,118,warmup,1.349,732.3650833333332,0.0,754.7615833333333,0.0,0.0,0.0,0.0,732.3650833333332,0.0,6889.529888888887,6075.790907407406,0.0,0.0,0.0
2025-01-28,119,warmup,1.3473,744.0478666666667,0.0,746.2927666666666,0.0,0.0,0.0,0.0,744.0478666666667,0.0,6075.790907407406,5249.071055555554,0.0,0.0,0.0
2025-01-28,120,warmup,1.3482,760.2883333333333,0.0,725.0783333333334,0.0,0.0,0.0,0.0,760.2883333333333,0.0,5249.071055555554,4404.30624074074,0.0,0.0,0.0
2025-01-28,121,warmup,1.3513,737.1986833333334,0.0,737.4513333333333,0.0,0.0,0.0,0.0,737.1986833333334,0.0,4404.30624074074,3585.1965925925915,0.0,0.0,0.0
2025-01-28,122,warmup,1.34,737.79175,0.0,733.8559166666668,0.0,0.0,15.54046666666784,0.0,722.2512833333321,0.0,3585.1965925925915,2782.695166666667,0.0,104.12112666667453,0.0
2025-01-28,123,warmup,1.3489,757.1816666666667,0.0,710.2433333333333,0.0,0.0,46.938333333333276,0.0,710.2433333333335,0.0,2782.695166666667,1993.5359074074074,0.0,316.5755891666663,0.0
2025-01-28,124,warmup,1.3952,728.3876833333334,0.0,714.1823166666667,0.0,0.0,14.205366666666691,0.0,714.1823166666667,0.0,1993.5359074074074,1200.0,0.0,99.09663786666684,0.0
2025-01-28,125,warmup,1.2226,714.0138833333334,0.0,720.7088333333332,0.0,720.7088333333332,0.0,-0.0,0.0,6.694949999999835,1200.0,1200.0,881.1386196333332,0.0,0.0
2025-01-28,126,warmup,0.9332,734.775,0.0,722.27,0.0,722.27,12.504999999999995,0.0,-0.0,0.0,1200.0,1200.0,674.022364,58.34832999999998,0.0
2025-01-28,127,warmup,0.9068,742.9281666666667,0.0,737.5014666666666,0.0,737.5014666666666,5.426700000000096,0.0,-0.0,0.0,1200.0,1200.0,668.7663299733333,24.60465780000044,0.0
2025-01-28,128,warmup,0.9371,720.6530666666666,0.0,746.1933333333333,0.0,746.1933333333333,0.0,0.0,0.0,25.54026666666664,1200.0,1200.0,699.2577726666666,0.0,0.0
2025-01-28,129,warmup,0.9371,713.5083333333333,0.0,755.82,0.0,755.82,0.0,-0.0,0.0,42.311666666666724,1200.0,1200.0,708.2789220000001,0.0,0.0
2025-01-28,130,warmup,0.9871,765.7177,0.0,778.4101333333333,0.0,778.4101333333333,0.0,-0.0,0.0,12.69243333333327,1200.0,1200.0,768.3686426133332,0.0,0.0
2025-01-28,131,warmup,0.7764,706.8324666666667,0.0,701.5676666666667,0.0,701.5676666666667,5.264800000000037,0.0,-0.0,0.0,1200.0,1200.0,544.6971364,20.43795360000014,0.0
2025-01-28,132,warmup,0.4209,561.2116666666667,0.0,575.5966666666667,0.0,575.5966666666667,0.0,0.0,0.0,14.384999999999991,1200.0,1200.0,242.268637,0.0,0.0
2025-01-28,133,warmup,0.3859,529.4156333333334,0.0,573.8971333333333,0.0,573.8971333333333,0.0,0.0,0.0,44.48149999999987,1200.0,1200.0,221.46690375333333,0.0,0.0
2025-01-28,134,warmup,0.4368,526.1228666666667,0.0,590.92855,0.0,590.92855,0.0,-0.0,0.0,64.80568333333326,1200.0,1200.0,258.11759064,0.0,0.0
2025-01-28,135,warmup,0.4198,520.0533333333334,0.0,575.82,0.0,575.82,0.0,0.0,0.0,55.76666666666665,1200.0,1200.0,241.72923600000001,0.0,0.0
2025-01-28,136,warmup,0.4186,571.8629,0.0,581.4008833333334,0.0,581.4008833333334,0.0,-0.0,0.0,9.537983333333386,1200.0,1200.0,243.37440976333335,0.0,0.0
2025-01-28,137,warmup,0.4241,601.1169,0.0,572.0588166666666,0.0,572.0588166666666,29.058083333333343,0.0,-0.0,0.0,1200.0,1200.0,242.61014414833332,61.61766570833335,0.0
2025-01-28,138,warmup,0.4237,585.4,0.0,554.9516666666667,0.0,554.9516666666667,30.44833333333327,0.0,-0.0,0.0,1200.0,1200.0,235.1330211666667,64.50479416666653,0.0
2025-01-28,139,warmup,0.4248,582.3246333333333,0.0,580.0948166666667,0.0,580.0948166666667,2.2298166666665793,0.0,-0.0,0.0,1200.0,1200.0,246.42427812000003,4.7361305999998145,0.0
2025-01-28,140,warmup,0.424,591.0186666666667,0.0,606.0341166666666,0.0,606.0341166666666,0.0,-0.0,0.0,15.015449999999873,1200.0,1200.0,256.9584654666666,0.0,0.0
2025-01-28,141,warmup,0.422,599.7133333333334,0.0,617.445,0.0,617.445,0.0,0.0,0.0,17.731666666666683,1200.0,1200.0,260.56179000000003,0.0,0.0
2025-01-28,142,warmup,0.424,603.7923999999999,0.0,632.4230833333334,0.0,632.4230833333334,0.0,0.0,0.0,28.630683333333423,1200.0,1200.0,268.1473873333333,0.0,0.0
2025-01-28,143,warmup,0.4271,607.48365,0.0,607.8704,0.0,607.8704,0.0,-0.0,0.0,0.38675000000000637,1200.0,1200.0,259.62144784,0.0,0.0
2025-01-28,144,warmup,0.4276,601.1333333333333,0.0,576.445,0.0,576.445,24.688333333333276,0.0,-0.0,0.0,1200.0,1200.0,246.487882,52.78365666666654,0.0
2025-01-29,1,warmup,0.4248,576.4341499999999,0.0,615.9668,0.0,1449.3001333333334,0.0,833.3333333333334,0.0,39.5326500000001,1200.0,1950.0,615.66269664,0.0,0.0
2025-01-29,2,warmup,0.4245,590.6664,0.0,624.3405666666666,0.0,1457.6739,0.0,833.3333333333333,0.0,33.67416666666679,1950.0,2700.0,618.78257055,0.0,0.0
2025-01-29,3,warmup,0.4269,627.6166666666667,0.0,586.3566666666667,0.0,1419.69,41.25999999999988,833.3333333333333,0.0,0.0,2700.0,3450.0,606.065661,88.06946999999974,-1.1368683772161603e-13
2025-01-29,4,warmup,0.4272,614.5212,0.0,592.1088833333333,0.0,1425.4422166666668,22.41231666666647,833.3333333333333,0.0,0.0,3450.0,4200.0,608.9489149600001,47.87270839999958,-1.1368683772161603e-13
2025-01-29,5,warmup,0.4271,609.2627833333333,0.0,622.3701666666667,0.0,1455.7035,0.0,833.3333333333333,0.0,13.107383333333473,4200.0,4950.0,621.73096485,0.0,0.0
2025-01-29,6,warmup,0.4285,625.58,0.0,650.7316666666667,0.0,1484.065,0.0,833.3333333333333,0.0,25.151666666666756,4950.0,5700.0,635.9218525,0.0,0.0
2025-01-29,7,warmup,0.4311,619.4419666666666,0.0,670.9591833333333,0.0,1337.62585,0.0,718.1838833333333,0.0,0.0,5700.0,6346.365495,576.650503935,0.0,0.0
2025-01-29,8,warmup,0.4302,624.5142166666667,0.0,671.6891666666667,0.0,1505.0225,0.0,781.8161166666666,0.0,98.69216666666671,6346.365495,7050.0,647.4606795000001,0.0,0.0
2025-01-29,9,warmup,0.4279,639.97,0.0,653.8249999999999,0.0,1487.1583333333333,0.0,833.3333333333333,0.0,13.855000000000018,7050.0,7800.0,636.3550508333333,0.0,0.0
2025-01-29,10,warmup,0.4312,627.1383166666667,0.0,637.4048166666666,0.0,637.4048166666666,0.0,10.26649999999995,0.0,0.0,7800.0,7809.23985,274.8489569466667,0.0,0.0
2025-01-29,11,warmup,0.4333,613.96655,0.0,660.1808666666667,0.0,660.1808666666667,0.0,46.21431666666672,0.0,0.0,7809.23985,7850.832735,286.0563695266667,0.0,0.0
2025-01-29,12,warmup,0.4311,620.8583333333333,0.0,680.5116666666667,0.0,1513.845,0.0,776.8525166666667,0.0,116.13414999999998,7850.832735,8550.0,652.6185795,0.0,0.0
2025-01-29,13,warmup,0.4293,641.8874833333333,0.0,625.2820166666667,0.0,1458.61535,16.60546666666653,833.3333333333333,0.0,0.0,8550.0,9300.0,626.183569755,35.64363419999971,-1.1368683772161603e-13
2025-01-29,14,warmup,0.4324,664.7372833333333,0.0,622.5362,0.0,622.5362,42.20108333333326,0.0,-0.0,0.0,9300.0,9300.0,269.18465288,91.2387421666665,0.0
2025-01-29,15,warmup,0.4367,669.5649999999999,0.0,677.9783333333334,0.0,677.9783333333334,0.0,0.0,0.0,8.413333333333412,9300.0,9300.0,296.07313816666664,0.0,0.0
2025-01-29,16,warmup,0.4348,648.1416333333333,0.0,672.3389,0.0,672.3389,0.0,0.0,0.0,24.19726666666668,9300.0,9300.0,292.33295372,0.0,0.0
2025-01-29,17,warmup,0.4335,659.4606333333334,0.0,675.8074166666667,0.0,675.8074166666667,0.0,0.0,0.0,16.346783333333292,9300.0,9300.0,292.962515125,0.0,0.0
2025-01-29,18,warmup,0.4357,687.5566666666667,0.0,697.6233333333333,0.0,697.6233333333333,0.0,0.0,0.0,10.066666666666606,9300.0,9300.0,303.9544863333333,0.0,0.0
2025-01-29,19,warmup,0.4374,661.0659166666667,0.0,672.5245666666666,0.0,672.5245666666666,0.0,0.0,0.0,11.45864999999992,9300.0,9300.0,294.16224545999995,0.0,0.0
2025-01-29,20,warmup,0.4371,650.1690833333333,0.0,673.5268666666667,0.0,673.5268666666667,0.0,0.0,0.0,23.357783333333373,9300.0,9300.0,294.39859342,0.0,0.0
2025-01-29,21,warmup,0.4356,666.0816666666666,0.0,704.695,0.0,704.695,0.0,0.0,0.0,38.61333333333346,9300.0,9300.0,306.965142,0.0,0.0
2025-01-29,22,warmup,0.4353,652.0708833333333,0.0,691.7613500000001,0.0,691.7613500000001,0.0,0.0,0.0,39.690466666666794,9300.0,9300.0,301.12371565500007,0.0,0.0
2025-01-29,23,warmup,0.436,658.0166,0.0,665.06505,0.0,665.06505,0.0,0.0,0.0,7.0484500000000025,9300.0,9300.0,289.9683618,0.0,0.0
2025-01-29,24,warmup,0.4378,692.4316666666667,0.0,659.7116666666667,0.0,659.7116666666667,32.72000000000003,0.0,-0.0,0.0,9300.0,9300.0,288.8217676666667,71.62408000000006,0.0
2025-01-29,25,warmup,0.4401,706.5813833333333,0.0,683.0139333333333,0.0,683.0139333333333,23.567450000000008,0.0,-0.0,0.0,9300.0,9300.0,300.59443206,51.86017372500002,0.0
2025-01-29,26,warmup,0.4389,699.2788,0.0,720.7118666666667,0.0,720.7118666666667,0.0,0.0,0.0,21.433066666666605,9300.0,9300.0,316.32043828,0.0,0.0
2025-01-29,27,warmup,0.4364,688.02,0.0,740.9816666666667,0.0,740.9816666666667,0.0,0.0,0.0,52.9616666666667,9300.0,9300.0,323.3643993333333,0.0,0.0
2025-01-29,28,warmup,0.4393,689.98605,0.0,716.5331666666666,0.0,716.5331666666666,0.0,0.0,0.0,26.547116666666625,9300.0,9300.0,314.77302011666666,0.0,0.0
2025-01-29,29,warmup,0.4422,697.1440166666666,0.0002833333333333,686.9379666666667,0.00023333333333333333,686.9377333333334,10.20599999999987,0.0,-0.0,0.0,9300.0,9300.0,303.76386568000004,22.56546599999971,0.0
2025-01-29,30,warmup,0.4395,699.5266666666666,0.0,687.0933333333334,0.0,687.0933333333334,12.43333333333328,0.0,-0.0,0.0,9300.0,9300.0,301.97752,27.32224999999988,0.0
2025-01-29,31,warmup,0.4333,697.7861833333333,0.0,721.84445,0.0,721.84445,0.0,24.058266666666782,0.0,0.0,9300.0,9321.65244,312.775200185,0.0,0.0
2025-01-29,32,warmup,0.4439,714.9604666666668,0.0040666666666666,761.2181833333334,0.0032333333333333333,761.21495,0.0,46.258549999999936,0.0,0.0,9321.65244,9363.285135,337.90331630500003,0.0,-3.552713678800501e-14
2025-01-29,33,warmup,0.4301,726.1750000000001,0.0,750.5066666666667,0.0,1583.8400000000001,0.0,763.0165166666666,0.0,94.6484833333335,9363.285135,10050.0,681.2095840000001,0.0,0.0
2025-01-29,34,warmup,0.3713,700.3429500000001,0.0,673.6523666666667,0.0,1506.9857000000002,26.69058333333328,833.3333333333334,0.0,0.0,10050.0,10800.0,559.54379041,49.551067958333235,0.0
2025-01-29,35,warmup,0.5708,784.2599833333334,0.0565666666666666,722.7338666666666,0.04493333333333333,722.6889333333332,61.51448333333346,0.0,-0.0,0.0,10800.0,10800.0,412.5108431466666,175.5623354333337,0.0
2025-01-29,36,warmup,0.9099,917.0466666666666,0.0,879.6766666666667,0.0,879.6766666666667,37.36999999999989,0.0,-0.0,0.0,10800.0,10800.0,800.4177990000001,170.01481499999952,0.0
2025-01-29,37,warmup,0.9368,881.4841166666666,0.0,927.1957833333332,0.0,252.19578333333334,0.0,0.0,629.2883333333333,0.0,10800.0,10100.79074074074,236.25700982666666,0.0,0.0
2025-01-29,38,warmup,0.8758,838.5838333333332,0.7879833333333334,899.72825,0.6259,899.10235,0.0,0.0,0.0,61.30650000000009,10100.79074074074,10100.79074074074,787.43383813,0.0,4.973799150320701e-14
2025-01-29,39,warmup,0.8759,879.6,0.0,877.065,0.0,877.065,0.0,0.0,2.534999999999968,0.0,10100.79074074074,10097.974074074073,768.2212335,0.0,0.0
2025-01-29,40,warmup,0.8601,931.23665,0.0,895.5289666666666,0.0,895.5289666666666,0.0,0.0,35.70768333333342,0.0,10097.974074074073,10058.298870370369,770.24446423,0.0,0.0
2025-01-29,41,warmup,0.8442,933.0870166666668,12.981916666666663,902.53075,10.444016666666666,892.0867333333333,20.549383333335122,0.0,7.468983333331743,0.0,10058.298870370369,10050.0,753.09962028,86.73894705000755,-1.1368683772161603e-13
2025-01-29,42,warmup,0.8334,891.6999999999999,54.18125,894.465,46.612500000000004,847.8525000000001,0.0,0.0,0.0,10.333750000000144,10050.0,10050.0,706.6002735000001,0.0,-2.1316282072803006e-14
2025-01-29,43,warmup,0.8092,868.3845833333334,97.88603333333332,917.9142333333333,91.05526666666667,826.8589666666667,0.0,0.0,0.0,56.36041666666664,10050.0,10050.0,669.0942758266667,0.0,1.4210854715202004e-14
2025-01-29,44,warmup,0.7972,892.5737166666667,147.1291,936.9564,136.84535,800.11105,0.0,0.0,0.0,54.666433333333316,10050.0,10050.0,637.84852906,0.0,0.0
2025-01-29,45,warmup,0.7644,909.3466666666668,200.75625,910.04,183.5625,726.4775,0.0,17.887083333333152,0.0,0.0,10050.0,10066.098375,555.319401,0.0,2.842170943040401e-14
2025-01-29,46,warmup,0.6899,866.1934833333333,251.16245,862.3122333333334,232.75588333333334,1462.8896833333333,0.0,815.4462500000004,0.0,32.41239999999959,10066.098375,10800.0,1009.2475925316666,0.0,0.0
2025-01-29,47,warmup,0.86,1005.7078166666666,306.82728333333336,1006.6301833333333,276.30001666666664,730.3301666666666,0.0,0.0,-0.0,31.449633333333338,10800.0,10800.0,628.0839433333333,0.0,-5.684341886080802e-14
2025-01-29,48,warmup,1.1617,1250.2183333333337,367.35625,1239.1000000000001,314.80625000000003,90.96041666666667,0.0,0.0,791.9016666666669,0.0,10800.0,9920.10925925926,105.66871604166667,0.0,-2.2737367544323206e-13
2025-01-29,49,warmup,1.1683,1257.7921166666667,421.5161,1224.0186833333335,359.42975,31.255600000000072,0.0,0.0,805.0204166666665,0.0,9920.10925925926,9025.64212962963,36.515917480000084,0.0,-2.2737367544323206e-13
2025-01-29,50,warmup,1.0956,1200.8424833333331,467.17685,1145.11165,417.74438333333336,0.0,0.0,0.0,733.6656333333331,0.0,9025.64212962963,8210.458092592593,0.0,0.0,0.0
2025-01-29,51,warmup,1.0849,1200.4633333333334,513.9812499999999,1152.6299999999999,475.01875,0.0,0.0,0.0,686.4820833333334,0.0,8210.458092592593,7447.700222222223,0.0,0.0,0.0
2025-01-29,52,warmup,1.061,1208.5411333333334,572.7222166666667,1211.8266,509.1160333333333,0.0,0.0,0.0,635.8189166666667,0.0,7447.700222222223,6741.23475925926,0.0,0.0,0.0
2025-01-29,53,warmup,1.043,1234.9122166666666,622.7607666666667,1222.6330333333333,551.5137666666667,0.0,0.0,0.0,612.15145,0.0,6741.23475925926,6061.066481481482,0.0,0.0,0.0
2025-01-29,54,warmup,1.036,1255.8516666666667,666.9562500000001,1192.6083333333333,603.85,0.0,0.0,0.0,588.8954166666666,0.0,6061.066481481482,5406.738240740741,0.0,0.0,0.0
2025-01-29,55,warmup,1.0147,1222.2871,725.8716833333333,1211.11575,639.5694500000001,0.0,0.0,0.0,496.4154166666667,0.0,5406.738240740741,4855.165555555556,0.0,0.0,0.0
2025-01-29,56,warmup,0.9922,1182.74345,767.3382833333334,1210.81385,690.5957,0.0,0.0,0.0,415.40516666666656,0.0,4855.165555555556,4393.60425925926,0.0,0.0,0.0
2025-01-29,57,warmup,0.97,1180.975,797.74375,1187.4633333333334,743.5375,0.0,0.0,0.0,383.23124999999993,0.0,4393.60425925926,3967.7917592592603,0.0,0.0,0.0
2025-01-29,58,warmup,0.9422,1213.6167666666668,856.0754166666667,1207.7103166666668,753.6379000000001,193.82264999999887,0.0,0.0,163.71870000000115,0.0,3967.7917592592603,3785.8820925925925,182.61970082999895,0.0,-2.2737367544323206e-13
2025-01-29,59,warmup,0.9569,1211.3685833333334,905.8448333333334,1210.8464833333335,788.4135666666666,0.0,0.0,0.0,305.52374999999995,0.0,3785.8820925925925,3446.411259259259,0.0,0.0,0.0
2025-01-29,60,warmup,0.9977,1172.0466666666666,947.2375,1184.7433333333333,855.0875,0.0,0.0,0.0,224.80916666666667,0.0,3446.411259259259,3196.6232962962963,0.0,0.0,0.0
2025-01-29,61,warmup,0.9919,1159.30675,1012.9474333333332,1182.3901666666668,891.4300333333334,0.0,0.0,0.0,146.3593166666668,0.0,3196.6232962962963,3034.0018333333333,0.0,0.0,0.0
2025-01-29,62,warmup,0.9588,1167.1370833333333,1044.7165166666666,1191.5702666666666,912.6713666666666,0.0,0.0,0.0,122.42056666666667,0.0,3034.0018333333333,2897.9789814814812,0.0,0.0,0.0
2025-01-29,63,warmup,0.9549,1172.7616666666663,1039.9875,1195.4083333333333,935.4187499999999,0.0,0.0,0.0,132.77416666666636,0.0,2897.9789814814812,2750.45212962963,0.0,0.0,0.0
2025-01-29,64,warmup,0.9839,1165.2619166666666,1054.2888666666663,1190.0015666666666,962.1123333333334,0.0,0.0,0.0,110.97305000000028,0.0,2750.45212962963,2627.148740740741,0.0,0.0,0.0
2025-01-29,65,warmup,0.799,1172.9969166666667,1061.4229833333334,1173.9196333333332,1012.2626333333333,161.65699999999993,0.0,0.0,0.0,50.08306666666658,2627.148740740741,2627.148740740741,129.16394299999996,0.0,0.0
2025-01-29,66,warmup,0.5025,1191.3416666666667,1062.875,1163.0233333333333,1061.48125,934.8754166666666,0.0,80.94584362139913,0.0,725.4629063786008,2627.148740740741,2700.0,469.7748968749999,0.0,1.1368683772161603e-13
2025-01-29,67,warmup,0.4662,1183.6541333333332,1093.1111,1173.4936166666666,1057.1410166666667,949.6859333333333,0.0,-0.0,0.0,859.1429000000002,2700.0,2700.0,442.74358212,0.0,-1.1368683772161603e-13
2025-01-29,68,warmup,0.5007,1156.95745,1123.2880666666667,1159.3981833333335,1026.7665333333332,965.9649833333336,0.0,833.3333333333333,0.0,98.962266666667,2700.0,3450.0,483.65866715500016,0.0,-1.1368683772161603e-13
2025-01-29,69,warmup,0.4827,1143.0466666666666,1124.1,1146.665,1009.5187500000001,970.4795833333333,0.0,833.3333333333333,0.0,118.1995833333333,3450.0,4200.0,468.450494875,0.0,0.0
2025-01-29,70,warmup,0.4785,1162.91155,1095.0882666666666,1195.2199666666668,1020.8471833333333,1007.7061166666668,0.0,833.3333333333333,0.0,106.5495000000002,4200.0,4950.0,482.18737682500006,0.0,-1.1368683772161603e-13
2025-01-29,71,warmup,0.4662,1144.77575,1084.9443833333332,1160.2305666666666,1019.0319666666666,974.5319333333334,0.0,833.3333333333333,0.0,81.36723333333339,4950.0,5700.0,454.32678732000005,0.0,0.0
2025-01-29,72,warmup,0.4432,1084.4666666666667,1094.70625,1061.8233333333333,992.3874999999999,902.7691666666667,0.0,833.3333333333333,0.0,79.6754166666667,5700.0,6450.0,400.1072946666667,0.0,0.0
2025-01-29,73,warmup,0.4411,1050.5250666666668,1083.9416,1070.57945,970.73545,933.1773333333333,0.0,833.3333333333333,0.0,133.26053333333334,6450.0,7200.0,411.6245217333333,0.0,0.0
2025-01-29,74,warmup,0.4551,1039.3334666666667,1083.0799333333332,1094.7753500000001,971.7044999999999,956.4041833333335,0.0,833.3333333333333,0.0,166.81731666666678,7200.0,7950.0,435.2595438350001,0.0,0.0
2025-01-29,75,warmup,0.4463,1045.4683333333337,1088.06875,1073.0266666666666,979.6125000000001,926.7475,0.0,833.3333333333333,0.0,136.0145833333329,7950.0,8700.0,413.60740924999993,0.0,0.0
2025-01-29,76,warmup,0.4113,1075.592583333333,1063.88035,1047.8658166666667,962.07335,919.1258,0.0,833.3333333333333,0.0,74.08023333333358,8700.0,9450.0,378.03644154,0.0,0.0
2025-01-29,77,warmup,0.5682,1115.6835,1059.9930333333334,1079.8558,938.4828666666667,974.7062666666667,0.0,833.3333333333333,0.0,85.68246666666676,9450.0,10200.0,553.8281007200001,0.0,1.1368683772161603e-13
2025-01-29,78,warmup,0.8279,1144.085,1079.1,1132.1566666666665,929.9375,202.21916666666652,0.0,0.0,0.0,137.2341666666664,10200.0,10200.0,167.41724808333322,0.0,0.0
2025-01-29,79,warmup,0.8636,1144.52795,1069.804483333333,1113.4429,937.6247833333333,175.8181166666667,0.0,0.0,0.0,101.09464999999989,10200.0,10200.0,151.83652555333336,0.0,-1.1368683772161603e-13
2025-01-29,80,warmup,0.8416,1130.9802166666666,1038.528283333333,1112.5900166666668,930.8951666666667,181.6948500000001,0.0,0.0,0.0,89.24291666666659,10200.0,10200.0,152.91438576000007,0.0,0.0
2025-01-29,81,warmup,0.8618,1115.868333333333,1011.6625,1146.8166666666666,905.63125,241.18541666666658,0.0,0.0,0.0,136.9795833333335,10200.0,10200.0,207.85359208333327,0.0,0.0
2025-01-29,82,warmup,0.8623,1100.3024833333334,1008.4205166666668,1142.7135333333333,885.4732666666667,257.24026666666657,0.0,0.0,0.0,165.35829999999999,10200.0,10200.0,221.81828194666656,0.0,-1.1368683772161603e-13
2025-01-29,83,warmup,0.9026,1077.51415,1001.0519166666668,1132.9846333333332,867.2851666666667,265.6994666666666,0.0,0.0,0.0,189.2372333333334,10200.0,10200.0,239.82033861333323,0.0,-1.1368683772161603e-13
2025-01-29,84,warmup,0.9754,1058.993333333333,968.1,1118.2083333333333,832.8874999999999,0.0,0.0,0.0,90.89333333333309,0.0,10200.0,10099.007407407407,0.0,0.0,0.0
2025-01-29,85,warmup,1.0002,1064.1865833333334,912.8392666666668,1068.1937666666665,769.0885499999999,0.0,0.0,0.0,151.34731666666653,0.0,10099.007407407407,9930.843722222222,0.0,0.0,0.0
2025-01-29,86,warmup,0.9978,1065.4803833333333,863.6760833333333,1064.2062333333333,712.9865833333333,0.0,0.0,0.0,201.8043,0.0,9930.843722222222,9706.616722222221,0.0,0.0,0.0
2025-01-29,87,warmup,1.0271,1060.255,822.2312499999999,1096.3500000000001,679.13125,0.0,0.0,0.0,238.02375000000018,0.0,9706.616722222221,9442.145888888888,0.0,0.0,0.0
2025-01-29,88,warmup,1.0906,1072.2672,768.5891499999999,1073.4392333333333,652.3447,0.0,0.0,0.0,303.6780500000001,0.0,9442.145888888888,9104.725833333332,0.0,0.0,0.0
2025-01-29,89,warmup,0.9376,1083.3453833333333,726.5946833333334,1054.4811833333333,638.1002666666667,0.00013374856034809024,0.0,0.0,356.75056625143964,0.0,9104.725833333332,8708.336315276178,0.0001254026501823694,0.0,0.0
2025-01-29,90,warmup,0.6694,1075.486666666667,695.6125000000001,1060.3983333333333,618.4562500000001,1275.2754166666666,0.0,0.0,0.0,895.4012499999998,8708.336315276178,8708.336315276178,853.6693639166666,0.0,-1.1368683772161603e-13
2025-01-29,91,warmup,0.66,1052.6754833333332,649.6680833333334,1049.1784666666667,564.3004500000001,1318.21135,0.0,619.947592592594,0.0,295.2563574074062,8708.336315276178,9266.289148609512,870.019491,0.0,1.1368683772161603e-13
2025-01-29,92,warmup,0.7217,1059.4433,603.3318333333333,1034.8808166666665,515.6283999999999,1352.58575,0.0,833.3333333333333,0.0,63.14095000000009,9266.289148609512,10016.289148609512,976.1611357749999,0.0,1.1368683772161603e-13
2025-01-29,93,warmup,0.7308,1078.138333333333,553.84375,1046.8133333333333,482.96250000000003,1397.1841666666664,0.0,833.3333333333333,0.0,39.55625000000009,10016.289148609512,10766.289148609512,1021.0621889999999,0.0,0.0
2025-01-29,94,warmup,0.7534,1049.7110666666667,482.1000833333333,1092.9982499999999,439.23498333333333,691.2197682116537,0.0,37.45650154498517,0.0,86.15228333333508,10766.289148609512,10799.999999999998,520.7649733706598,0.0,-5.684341886080802e-14
2025-01-29,95,warmup,0.7823,1034.616533333333,413.8577,1098.4085166666666,394.4647333333333,703.9437833333334,0.0,0.0,-1.6345325093425346e-12,83.18494999999866,10799.999999999998,10800.0,550.6952217016667,0.0,4.263256414560601e-14
2025-01-29,96,warmup,0.8055,1039.8316666666667,359.00625,1049.935,349.66249999999997,700.2725,0.0,0.0,1.8417267710901796e-13,19.447083333333538,10800.0,10800.0,564.06949875,0.0,-7.105427357601002e-14
2025-01-29,97,warmup,0.8271,1016.0747333333334,303.19625,1010.19635,293.11306666666667,717.0832833333334,0.0,0.0,2.071942617476452e-13,4.204800000000241,10800.0,10800.0,593.099583645,0.0,-3.6415315207705135e-14
2025-01-29,98,warmup,0.8519,1021.1478333333332,244.82741666666664,1012.2558333333333,236.83646666666667,775.4193666666666,0.9010499999999539,0.0,-1.2878587085651814e-14,0.0,10800.0,10800.0,660.5797584633333,3.838022474999804,0.0
2025-01-29,99,warmup,0.8791,1038.8016666666667,189.23125,1041.5516666666667,186.49375,855.0579166666668,0.0,0.0,-0.0,5.487500000000011,10800.0,10800.0,751.6814145416668,0.0,-5.684341886080802e-14
2025-01-29,100,warmup,0.9024,996.5995833333332,141.98576666666665,1053.2739666666666,137.12975,916.1442166666666,0.0,0.0,4.028777311759768e-14,61.530400000000114,10800.0,10800.0,826.7285411199999,0.0,-1.4210854715202004e-14
2025-01-29,101,warmup,0.9163,998.1035,96.23221666666666,1039.7179666666666,91.14688333333334,948.5710833333333,0.0,0.0,1.007194327939942e-14,46.699799999999875,10800.0,10800.0,869.1756836583332,0.0,1.0658141036401503e-13
2025-01-29,102,warmup,0.9264,1050.0316666666663,49.94375,1020.8083333333334,48.956250000000004,971.8520833333334,28.235833333332895,0.0,-4.163669409251724e-14,0.0,10800.0,10800.0,900.3237700000001,130.78837999999797,0.0
2025-01-29,103,warmup,0.9462,1048.80245,11.284683333333334,1022.7475666666666,11.446150000000001,1011.3014166666666,26.21635000000006,0.0,-5.314748641183086e-14,0.0,10800.0,10800.0,956.89340045,124.02955185000027,0.0
2025-01-29,104,warmup,0.9742,1017.4597833333332,0.0,1027.26935,0.0,1027.26935,0.0,0.0,-0.0,9.809566666666797,10800.0,10800.0,1000.7658007699999,0.0,0.0
2025-01-29,105,warmup,0.9862,1011.8066666666668,0.0,1052.6433333333332,0.0,1052.6433333333332,0.0,0.0,-0.0,40.83666666666636,10800.0,10800.0,1038.1168553333332,0.0,0.0
2025-01-29,106,warmup,0.976,1039.1903,0.6774,1105.77045,0.6916166666666667,1105.0788333333333,0.0,0.0,-0.0,66.56593333333328,10800.0,10800.0,1078.5569413333333,0.0,2.842170943040401e-14
2025-01-29,107,warmup,1.0742,927.1008833333334,0.0,972.2847333333334,0.0,972.2847333333334,0.0,0.0,-0.0,45.18385000000001,10800.0,10800.0,1044.4282605466667,0.0,0.0
2025-01-29,108,warmup,1.2313,734.1883333333334,0.0,737.0799999999999,0.0,737.0799999999999,0.0,0.0,-0.0,2.891666666666538,10800.0,10800.0,907.566604,0.0,0.0
2025-01-29,109,warmup,1.2561,702.8809833333333,0.0486333333333333,717.0554999999999,0.04965,717.0058499999999,0.0,0.0,1.8417267710901796e-13,14.173500000000066,10800.0,10800.0,900.6310481849998,0.0,3.730349362740526e-14
2025-01-29,110,warmup,1.2447,712.8634166666667,0.0,745.02905,0.0,745.02905,0.0,0.0,-0.0,32.16563333333329,10800.0,10800.0,927.337658535,0.0,0.0
2025-01-29,111,warmup,1.2545,700.6716666666666,0.0,717.8483333333334,0.0,717.8483333333334,0.0,0.0,-0.0,17.176666666666733,10800.0,10800.0,900.5407341666667,0.0,0.0
2025-01-29,112,warmup,1.2522,722.2651000000001,0.0035,706.2145333333333,0.0035666666666666663,706.2109666666666,16.050633333332858,0.0,5.684341886080801e-13,0.0,10800.0,10800.0,884.31737246,100.49301529999703,0.0
2025-01-29,113,warmup,1.2881,713.5400666666666,0.0,719.5875166666666,0.0,167.15440000000103,0.0,0.0,546.3856666666657,0.0,10800.0,10192.904814814816,215.31158264000135,0.0,1.1368683772161603e-13
2025-01-29,114,warmup,1.3466,681.7866666666666,0.0,730.8016666666667,0.0,0.0,0.0,0.0,681.7866666666666,0.0,10192.904814814816,9435.364074074076,0.0,0.0,0.0
2025-01-29,115,warmup,1.3523,706.1051000000001,0.00025,712.7956333333333,0.00025,0.0,0.0,0.0,706.10485,0.0,9435.364074074076,8650.80312962963,0.0,0.0,0.0
2025-01-29,116,warmup,1.3445,742.0974500000001,0.0,713.0554333333333,0.0,0.0,0.0,0.0,742.0974500000001,0.0,8650.80312962963,7826.250407407408,0.0,0.0,0.0
2025-01-29,117,warmup,1.3483,747.895,0.0,733.6533333333333,0.0,0.0,0.0,0.0,747.895,0.0,7826.250407407408,6995.255962962963,0.0,0.0,0.0
2025-01-29,118,warmup,1.349,722.8349,0.0,732.3650833333332,0.0,0.0,0.0,0.0,722.8349,0.0,6995.255962962963,6192.106074074074,0.0,0.0,0.0
2025-01-29,119,warmup,1.3473,692.7138333333334,0.0,744.0478666666667,0.0,0.0,0.0,0.0,692.7138333333334,0.0,6192.106074074074,5422.424037037037,0.0,0.0,0.0
2025-01-29,120,warmup,1.3482,684.5816666666666,0.0,760.2883333333333,0.0,0.0,0.0,0.0,684.5816666666666,0.0,5422.424037037037,4661.777740740741,0.0,0.0,0.0
2025-01-29,121,warmup,1.3513,707.2244166666666,0.0,737.1986833333334,0.0,0.0,0.0,0.0,707.2244166666666,0.0,4661.777740740741,3875.9728333333337,0.0,0.0,0.0
2025-01-29,122,warmup,1.34,718.4167166666666,0.0,737.79175,0.0,0.0,0.0,0.0,718.4167166666666,0.0,3875.9728333333337,3077.7320370370376,0.0,0.0,0.0
2025-01-29,123,warmup,1.3489,711.3533333333334,0.0,757.1816666666667,0.0,0.0,0.0,0.0,711.3533333333334,0.0,3077.7320370370376,2287.339444444445,0.0,0.0,0.0
2025-01-29,124,warmup,1.3952,718.3737333333333,0.0,728.3876833333334,0.0,0.0,0.0,0.0,718.3737333333333,0.0,2287.339444444445,1489.1464074074077,0.0,0.0,0.0
2025-01-29,125,warmup,1.2226,735.4934166666667,0.0,714.0138833333334,0.0,714.0138833333334,0.0,0.0,21.479533333333098,0.0,1489.1464074074077,1465.2802592592598,872.9533737633334,0.0,-2.2737367544323206e-13
2025-01-29,126,warmup,0.9332,739.3449999999999,0.0,734.775,0.0,734.775,0.0,0.0,4.570000000000005,0.0,1465.2802592592598,1460.202481481482,685.69203,0.0,1.1368683772161603e-13
2025-01-29,127,warmup,0.9068,713.9899666666666,0.0,742.9281666666667,0.0,742.9281666666667,0.0,0.0,0.0,28.93820000000005,1460.202481481482,1460.202481481482,673.6872615333334,0.0,0.0
2025-01-29,128,warmup,0.9371,710.2302666666666,0.0,720.6530666666666,0.0,720.6530666666666,0.0,0.0,0.0,10.422800000000052,1460.202481481482,1460.202481481482,675.3239887733333,0.0,0.0
2025-01-29,129,warmup,0.9371,748.6116666666667,0.0,713.5083333333333,0.0,713.5083333333333,0.0,0.0,35.10333333333328,0.0,1460.202481481482,1421.1987777777783,668.6286591666667,0.0,-1.1368683772161603e-13
2025-01-29,130,warmup,0.9871,788.0309833333334,0.0,765.7177,0.0,765.7177,0.0,0.0,22.313283333333448,0.0,1421.1987777777783,1396.4062407407412,755.83994167,0.0,0.0
2025-01-29,131,warmup,0.7764,735.0967333333333,0.0,706.8324666666667,0.0,706.8324666666667,0.0,0.0,28.264266666666572,0.0,1396.4062407407412,1365.0015000000005,548.7847271200001,0.0,0.0
2025-01-29,132,warmup,0.4209,622.9266666666666,0.0,561.2116666666667,0.0,561.2116666666667,0.0,0.0,61.71499999999987,0.0,1365.0015000000005,1296.4292777777785,236.21399050000002,0.0,0.0
2025-01-29,133,warmup,0.3859,578.9409166666667,0.0,529.4156333333334,0.0,529.4156333333334,0.0,0.0,49.525283333333185,0.0,1296.4292777777785,1241.401185185186,204.30149290333338,0.0,-1.1368683772161603e-13
2025-01-29,134,warmup,0.4368,554.8473,0.0,526.1228666666667,0.0,526.1228666666667,0.0,0.0,28.72443333333317,0.0,1241.401185185186,1209.4851481481492,229.81046816000003,0.0,-1.1368683772161603e-13
2025-01-29,135,warmup,0.4198,532.7783333333333,0.0,520.0533333333334,0.0,520.0533333333334,4.188366666665661,0.0,8.536633333334247,0.0,1209.4851481481492,1200.0,218.31838933333336,8.791381633331223,0.0
2025-01-29,136,warmup,0.4186,550.9146333333333,0.0,571.8629,0.0,571.8629,0.0,-0.0,0.0,20.948266666666655,1200.0,1200.0,239.38180994,0.0,0.0
2025-01-29,137,warmup,0.4241,569.9477,0.0,601.1169,0.0,601.1169,0.0,-0.0,0.0,31.169199999999933,1200.0,1200.0,254.93367729,0.0,0.0
2025-01-29,138,warmup,0.4237,572.285,0.0,585.4,0.0,585.4,0.0,-0.0,0.0,13.115000000000009,1200.0,1200.0,248.03398,0.0,0.0
2025-01-29,139,warmup,0.4248,575.5155333333333,0.0,582.3246333333333,0.0,582.3246333333333,0.0,-0.0,0.0,6.809099999999944,1200.0,1200.0,247.37150423999998,0.0,0.0
2025-01-29,140,warmup,0.424,571.2774833333334,0.0,591.0186666666667,0.0,591.0186666666667,0.0,-0.0,0.0,19.74118333333331,1200.0,1200.0,250.59191466666667,0.0,0.0
2025-01-29,141,warmup,0.422,567.2733333333333,0.0,599.7133333333334,0.0,599.7133333333334,0.0,0.0,0.0,32.440000000000055,1200.0,1200.0,253.07902666666666,0.0,0.0
2025-01-29,142,warmup,0.424,584.014,0.0,603.7923999999999,0.0,603.7923999999999,0.0,0.0,0.0,19.77839999999992,1200.0,1200.0,256.00797759999995,0.0,0.0
2025-01-29,143,warmup,0.4271,601.5159166666666,0.0,607.48365,0.0,607.48365,0.0,-0.0,0.0,5.9677333333334,1200.0,1200.0,259.456266915,0.0,-8.881784197001252e-16
2025-01-29,144,warmup,0.4276,596.7483333333333,0.0,601.1333333333333,0.0,601.1333333333333,0.0,-0.0,0.0,4.384999999999991,1200.0,1200.0,257.0446133333333,0.0,0.0
2025-01-30,1,warmup,0.4248,567.5041833333333,0.0,576.4341499999999,0.0,1409.7674833333333,0.0,833.3333333333334,0.0,8.929966666666587,1200.0,1950.0,598.86922692,0.0,0.0
2025-01-30,2,warmup,0.4245,563.3384,0.0,590.6664,0.0,1423.9997333333333,0.0,833.3333333333333,0.0,27.328000000000088,1950.0,2700.0,604.4878868,0.0,0.0
2025-01-30,3,warmup,0.4269,596.26,0.0,627.6166666666667,0.0,1460.95,0.0,833.3333333333333,0.0,31.356666666666797,2700.0,3450.0,623.679555,0.0,0.0
2025-01-30,4,warmup,0.4272,630.6059,0.0,614.5212,0.0,1447.8545333333334,16.084699999999884,833.3333333333333,0.0,0.0,3450.0,4200.0,618.5234566400001,34.35691919999975,0.0
2025-01-30,5,warmup,0.4271,642.7418833333334,0.0,609.2627833333333,0.0,1442.5961166666666,33.47910000000002,833.3333333333333,0.0,0.0,4200.0,4950.0,616.1328014283333,71.49461805000003,0.0
2025-01-30,6,warmup,0.4285,637.4766666666667,0.0,625.58,0.0,1458.9133333333334,11.896666666666533,833.3333333333333,0.0,0.0,4950.0,5700.0,625.1443633333333,25.488608333333048,0.0
2025-01-30,7,warmup,0.4311,637.8859166666667,0.0,619.4419666666666,0.0,1286.1086333333333,18.443950000000086,666.6666666666666,0.0,0.0,5700.0,6300.0,554.4414318299999,39.75593422500018,0.0
2025-01-30,8,warmup,0.4302,640.8743499999999,0.0,624.5142166666667,0.0,1457.84755,16.360133333333238,833.3333333333333,0.0,0.0,6300.0,7050.0,627.16601601,35.1906467999998,-1.1368683772161603e-13
2025-01-30,9,warmup,0.4279,643.085,0.0,639.97,0.0,1473.3033333333333,3.115000000000009,833.3333333333333,0.0,0.0,7050.0,7800.0,630.4264963333333,6.664542500000019,0.0
2025-01-30,10,warmup,0.4312,645.8091833333334,0.0,627.1383166666667,0.0,627.1383166666667,18.67086666666671,0.0,-0.0,0.0,7800.0,7800.0,270.4220421466667,40.25438853333343,0.0
2025-01-30,11,warmup,0.4333,643.3305833333333,0.0,613.96655,0.0,613.96655,29.364033333333282,0.0,-0.0,0.0,7800.0,7800.0,266.031706115,63.61717821666656,0.0
2025-01-30,12,warmup,0.4311,642.145,0.0,620.8583333333333,0.0,1454.1916666666666,21.286666666666633,833.3333333333333,0.0,0.0,7800.0,8550.0,626.9020274999999,45.88340999999993,0.0
2025-01-30,13,warmup,0.4293,654.6027833333334,0.0,641.8874833333333,0.0,1475.2208166666667,12.715299999999957,833.3333333333333,0.0,0.0,8550.0,9300.0,633.312296595,27.29339144999991,1.1368683772161603e-13
2025-01-30,14,warmup,0.4324,660.8845333333334,0.0,664.7372833333333,0.0,664.7372833333333,0.0,0.0,0.0,3.852749999999901,9300.0,9300.0,287.4324013133333,0.0,0.0
2025-01-30,15,warmup,0.4367,645.6183333333333,0.0,669.5649999999999,0.0,669.5649999999999,0.0,0.0,0.0,23.9466666666666,9300.0,9300.0,292.39903549999997,0.0,0.0
2025-01-30,16,warmup,0.4348,621.0956333333334,0.0,648.1416333333333,0.0,648.1416333333333,0.0,0.0,0.0,27.045999999999935,9300.0,9300.0,281.8119821733333,0.0,0.0
2025-01-30,17,warmup,0.4335,654.3948333333334,0.0,659.4606333333334,0.0,659.4606333333334,0.0,0.0,0.0,5.065799999999967,9300.0,9300.0,285.87618455,0.0,0.0
2025-01-30,18,warmup,0.4357,705.7950000000001,0.0,687.5566666666667,0.0,687.5566666666667,18.238333333333344,0.0,-0.0,0.0,9300.0,9300.0,299.5684396666667,39.732209166666685,0.0
2025-01-30,19,warmup,0.4374,670.5565333333333,0.0,661.0659166666667,0.0,661.0659166666667,9.490616666666597,0.0,-0.0,0.0,9300.0,9300.0,289.15023195000003,20.75597864999985,0.0
2025-01-30,20,warmup,0.4371,658.8305,0.0,650.1690833333333,0.0,650.1690833333333,8.661416666666696,0.0,-0.0,0.0,9300.0,9300.0,284.188906325,18.929526125000063,0.0
2025-01-30,21,warmup,0.4356,688.785,0.0,666.0816666666666,0.0,666.0816666666666,22.703333333333376,0.0,-0.0,0.0,9300.0,9300.0,290.14517399999994,49.44786000000009,0.0
2025-01-30,22,warmup,0.4353,671.02305,0.0,652.0708833333333,0.0,652.0708833333333,18.9521666666667,0.0,-0.0,0.0,9300.0,9300.0,283.846455515,41.24939075000007,0.0
2025-01-30,23,warmup,0.436,669.9153833333334,0.0,658.0166,0.0,658.0166,11.898783333333313,0.0,-0.0,0.0,9300.0,9300.0,286.89523760000003,25.939347666666624,0.0
2025-01-30,24,warmup,0.4378,696.9616666666667,0.0,692.4316666666667,0.0,692.4316666666667,4.529999999999973,0.0,-0.0,0.0,9300.0,9300.0,303.1465836666667,9.91616999999994,0.0
2025-01-30,25,warmup,0.4401,693.0588333333334,0.0,706.5813833333333,0.0,706.5813833333333,0.0,0.0,0.0,13.52254999999991,9300.0,9300.0,310.966466805,0.0,0.0
2025-01-30,26,warmup,0.4389,687.1350833333332,0.0,699.2788,0.0,699.2788,0.0,0.0,0.0,12.143716666666819,9300.0,9300.0,306.91346532000006,0.0,0.0
2025-01-30,27,warmup,0.4364,702.1999999999999,0.0,688.02,0.0,688.02,14.17999999999995,0.0,-0.0,0.0,9300.0,9300.0,300.251928,30.94075999999989,0.0
2025-01-30,28,warmup,0.4393,720.7110666666667,0.0,689.98605,0.0,689.98605,30.72501666666676,0.0,-0.0,0.0,9300.0,9300.0,303.110871765,67.48749910833355,0.0
2025-01-30,29,warmup,0.4422,683.7849333333334,0.0002666666666666,697.1440166666666,0.0002833333333333333,697.1437333333333,0.0,0.0,0.0,13.35906666666664,9300.0,9300.0,308.27695888,0.0,8.881784197001252e-15
2025-01-30,30,warmup,0.4395,638.025,0.0,699.5266666666666,0.0,699.5266666666666,0.0,61.501666666666665,0.0,0.0,9300.0,9355.3515,307.44196999999997,0.0,0.0
2025-01-30,31,warmup,0.4333,689.59165,0.0,697.7861833333333,0.0,697.7861833333333,0.0,8.194533333333311,0.0,0.0,9355.3515,9362.72658,302.3507532383333,0.0,0.0
2025-01-30,32,warmup,0.4439,726.1567666666666,0.0037666666666666,714.9604666666668,0.004066666666666667,714.9564000000001,0.0,0.0,11.196599999999801,0.0,9362.72658,9350.285913333333,317.3691459600001,0.0,0.0
2025-01-30,33,warmup,0.4301,700.0516666666667,0.0,726.1750000000001,0.0,1559.5083333333334,0.0,777.4600962962965,0.0,81.99657037037025,9350.285913333333,10050.0,670.7445341666667,0.0,0.0
2025-01-30,34,warmup,0.3713,689.5921166666667,0.0,700.3429500000001,0.0,1533.6762833333335,0.0,833.3333333333333,0.0,10.750833333333503,10050.0,10800.0,569.4540040016667,0.0,0.0
2025-01-30,35,warmup,0.5708,787.4266166666666,0.05235,784.2599833333334,0.05656666666666666,784.2034166666667,3.170849999999906,0.0,-0.0,0.0,10800.0,10800.0,447.62331023333337,9.049605899999731,0.0
2025-01-30,36,warmup,0.9099,920.0716666666668,0.0,917.0466666666666,0.0,83.71333333333325,3.0250000000002046,0.0,833.3333333333334,0.0,10800.0,9874.074074074075,76.17076199999993,13.762237500000932,0.0
2025-01-30,37,warmup,0.9368,918.81505,0.0,881.4841166666666,0.0,48.150783333333266,37.330933333333405,0.0,833.3333333333334,0.0,9874.074074074075,8948.14814814815,45.1076538266666,174.85809173333368,0.0
2025-01-30,38,warmup,0.8758,901.3822333333331,0.72925,838.5838333333332,0.7879833333333334,837.7958499999999,62.85713333333329,0.0,-0.0,0.0,8948.14814814815,8948.14814814815,733.7416054299999,275.2513868666665,0.0
2025-01-30,39,warmup,0.8759,917.695,0.0,879.6,0.0,879.6,38.09500000000003,0.0,-0.0,0.0,8948.14814814815,8948.14814814815,770.44164,166.8370525000001,0.0
2025-01-30,40,warmup,0.8601,902.0970333333332,0.0,931.2366499999999,0.0,931.2366499999999,0.0,0.0,0.0,29.13961666666671,8948.14814814815,8948.14814814815,800.9566426649999,0.0,0.0
2025-01-30,41,warmup,0.8442,889.5349166666666,12.01725,933.0870166666667,12.981916666666665,920.1051000000001,0.0,0.0,0.0,42.58743333333349,8948.14814814815,8948.14814814815,776.75272542,0.0,-1.4210854715202004e-14
2025-01-30,42,warmup,0.8334,893.0016666666667,50.225,891.6999999999999,54.18125,837.51875,5.257916666666709,0.0,-0.0,0.0,8948.14814814815,8948.14814814815,697.9881262499999,21.909738750000177,0.0
2025-01-30,43,warmup,0.8092,885.9378499999999,89.95841666666666,868.3845833333334,97.88603333333333,770.49855,25.480883333333225,0.0,-0.0,0.0,8948.14814814815,8948.14814814815,623.4874266600001,103.09565396666623,-1.1368683772161603e-13
2025-01-30,44,warmup,0.7972,877.4791,129.59826666666666,892.5737166666667,147.1291,745.4446166666667,2.436216666666695,0.0,-0.0,0.0,8948.14814814815,8948.14814814815,594.2684484066667,9.710759633333447,0.0
2025-01-30,45,warmup,0.7644,869.7983333333333,174.025,909.3466666666667,200.75625,708.5904166666667,0.0,12.817083333333386,0.0,0.0,8948.14814814815,8959.68352314815,541.6465145,0.0,-2.842170943040401e-14
2025-01-30,46,warmup,0.6899,875.6933,226.60596666666663,866.1934833333333,251.16245,1448.3643666666667,21.23921666666729,820.5162500000006,0.0,0.0,8959.68352314815,9698.14814814815,999.2265765633333,73.26467789166881,-1.1368683772161603e-13
2025-01-30,47,warmup,0.86,1007.0406333333334,279.22076666666663,1005.7078166666666,306.82728333333336,698.8805333333332,28.939333333333536,0.0,-0.0,0.0,9698.14814814815,9698.14814814815,601.0372586666666,124.4391333333342,-1.1368683772161603e-13
2025-01-30,48,warmup,1.1617,1193.5383333333332,328.30625000000003,1250.2183333333335,367.35625,49.52875000000006,0.0,0.0,815.7033333333329,0.0,9698.14814814815,8791.811111111114,57.53754887500007,0.0,-2.2737367544323206e-13
2025-01-30,49,warmup,1.1683,1232.1240666666663,375.0532333333333,1257.7921166666667,421.5161,2.9426833333333207,20.794816666666406,0.0,833.3333333333334,0.0,8791.811111111114,7865.885185185188,3.4379369383333183,121.4729215583318,0.0
2025-01-30,50,warmup,1.0956,1213.44,410.82248333333337,1200.8424833333333,467.17685,0.0,0.0,0.0,802.6175166666667,0.0,7865.885185185188,6974.087944444447,0.0,0.0,0.0
2025-01-30,51,warmup,1.0849,1218.0716666666667,445.7,1200.4633333333334,513.9812499999999,0.0,0.0,0.0,772.3716666666667,0.0,6974.087944444447,6115.8972037037065,0.0,0.0,0.0
2025-01-30,52,warmup,1.061,1234.3985833333334,500.5491333333334,1208.5411333333334,572.7222166666667,0.0,0.0,0.0,733.8494499999999,0.0,6115.8972037037065,5300.508925925928,0.0,0.0,0.0
2025-01-30,53,warmup,1.043,1226.95115,555.2006833333334,1234.9122166666666,622.7607666666667,0.0,0.0,0.0,671.7504666666667,0.0,5300.508925925928,4554.119518518521,0.0,0.0,0.0
2025-01-30,54,warmup,1.036,1199.3483333333334,599.85,1255.8516666666667,666.9562500000001,0.0,0.0,0.0,599.4983333333333,0.0,4554.119518518521,3888.010259259261,0.0,0.0,0.0
2025-01-30,55,warmup,1.0147,1189.14565,645.6125666666667,1222.2871,725.8716833333333,0.0,0.0,0.0,543.5330833333333,0.0,3888.010259259261,3284.084611111113,0.0,0.0,0.0
2025-01-30,56,warmup,0.9922,1193.21125,702.6814833333333,1182.74345,767.3382833333334,0.0,0.0,0.0,490.5297666666668,0.0,3284.084611111113,2739.051537037039,0.0,0.0,0.0
2025-01-30,57,warmup,0.97,1197.7583333333334,754.0,1180.9750000000001,797.74375,0.0,0.0,0.0,443.75833333333344,0.0,2739.051537037039,2245.986722222224,0.0,0.0,0.0
2025-01-30,58,warmup,0.9422,1194.967133333333,774.2287666666666,1213.6167666666668,856.0754166666667,0.0,420.7383666666665,0.0,0.0,0.0,2245.986722222224,2245.986722222224,0.0,1982.0984453666658,0.0
2025-01-30,59,warmup,0.9569,1199.6403166666666,809.5384166666666,1211.3685833333334,905.8448333333334,0.0,53.27594999999826,0.0,336.82595000000174,0.0,2245.986722222224,1871.7356666666667,0.0,254.89878277499164,0.0
2025-01-30,60,warmup,0.9977,1204.0383333333332,866.9562500000001,1172.0466666666666,947.2375000000001,0.0,0.0,0.0,337.0820833333331,0.0,1871.7356666666667,1497.2000185185188,0.0,0.0,0.0
2025-01-30,61,warmup,0.9919,1185.0814333333333,906.5894,1159.30675,1012.9474333333333,0.0,11.012016666666398,0.0,267.4800166666669,0.0,1497.2000185185188,1200.0,0.0,54.614096658332,0.0
2025-01-30,62,warmup,0.9588,1169.7888833333334,929.89565,1167.1370833333333,1044.7165166666666,0.0,239.89323333333334,0.0,0.0,0.0,1200.0,1200.0,0.0,1150.0481605999998,0.0
2025-01-30,63,warmup,0.9549,1167.7133333333334,944.075,1172.7616666666665,1039.9875,0.0,223.63833333333332,0.0,0.0,0.0,1200.0,1200.0,0.0,1067.7612224999998,0.0
2025-01-30,64,warmup,0.9839,1162.7911,955.02895,1165.2619166666666,1054.2888666666665,0.0,207.7621499999999,0.0,-0.0,0.0,1200.0,1200.0,0.0,1022.0858969249996,0.0
2025-01-30,65,warmup,0.799,1157.66335,983.11135,1172.9969166666667,1061.4229833333334,111.57393333333334,62.97806666666668,0.0,0.0,0.0,1200.0,1200.0,89.14757273333335,251.5973763333334,0.0
2025-01-30,66,warmup,0.5025,1159.1966666666667,1023.80625,1191.3416666666667,1062.875,961.8000000000001,6.923750000000041,833.3333333333334,0.0,0.0,1200.0,1950.0,483.30449999999996,17.395921875000102,1.1368683772161603e-13
2025-01-30,67,warmup,0.4662,1168.0121166666663,1047.532,1183.6541333333332,1093.1110999999999,923.8763666666667,29.93708333333302,833.3333333333334,0.0,0.0,1950.0,2700.0,430.71116214000006,69.78334124999927,1.1368683772161603e-13
2025-01-30,68,warmup,0.5007,1164.21825,1040.7350166666668,1156.95745,1123.2880666666667,867.0027166666667,89.81384999999977,833.3333333333334,0.0,0.0,2700.0,3450.0,434.10826023500005,224.84897347499947,1.1368683772161603e-13
2025-01-30,69,warmup,0.4827,1153.165,1042.625,1143.0466666666666,1124.1000000000001,852.2799999999999,91.59333333333348,833.3333333333334,0.0,0.0,3450.0,4200.0,411.39555599999994,221.06051000000033,1.1368683772161603e-13
2025-01-30,70,warmup,0.4785,1157.209466666667,1099.9092333333333,1162.91155,1095.0882666666666,901.1566166666668,0.0,833.3333333333334,0.0,10.523049999999785,4200.0,4950.0,431.20344107500006,0.0,-1.1368683772161603e-13
2025-01-30,71,warmup,0.4662,1146.5866,1102.3889666666666,1144.77575,1084.9443833333332,893.1647000000002,0.0,833.3333333333334,0.0,15.633733333333339,4950.0,5700.0,416.3933831400001,0.0,-1.1368683772161603e-13
2025-01-30,72,warmup,0.4432,1107.57,1056.49375,1084.4666666666667,1094.70625,823.0937500000001,61.3158333333331,833.3333333333334,0.0,0.0,5700.0,6450.0,364.79515000000004,135.87588666666613,-1.1368683772161603e-13
2025-01-30,73,warmup,0.4411,1065.6195166666666,1080.5630833333332,1050.5250666666668,1083.9415999999999,799.9168000000003,18.47296666666648,833.3333333333334,0.0,0.0,6450.0,7200.0,352.84330048000015,40.74212798333292,1.1368683772161603e-13
2025-01-30,74,warmup,0.4551,1080.6657166666666,1117.943616666667,1039.3334666666667,1083.0799333333332,789.5868666666669,6.46856666666622,833.3333333333334,0.0,0.0,7200.0,7950.0,359.3409830200001,14.719223449998983,-1.1368683772161603e-13
2025-01-30,75,warmup,0.4463,1114.8466666666666,1132.85625,1045.4683333333335,1088.0687500000001,790.7329166666667,24.590833333333194,833.3333333333334,0.0,0.0,7950.0,8700.0,352.9041007083333,54.87444458333302,-1.1368683772161603e-13
2025-01-30,76,warmup,0.4113,1074.4949833333333,1146.208033333333,1075.5925833333333,1063.8803500000001,845.0455666666666,0.0,833.3333333333334,0.0,83.42528333333303,8700.0,9450.0,347.56724156999996,0.0,-1.1368683772161603e-13
2025-01-30,77,warmup,0.5682,1061.8409333333334,1141.3747666666666,1115.6834999999999,1059.9930333333334,889.0237999999998,0.0,833.3333333333334,0.0,135.22429999999963,9450.0,10200.0,505.1433231599999,0.0,-1.1368683772161603e-13
2025-01-30,78,warmup,0.8279,1110.2916666666667,1116.375,1144.085,1079.1000000000001,64.9849999999999,0.0,36.04934156378982,0.0,35.01899176954334,10200.0,10232.44440740741,53.80108149999992,0.0,0.0
2025-01-30,79,warmup,0.8636,1144.237116666667,1087.89775,1144.52795,1069.8044833333333,74.72346666666658,0.0,0.0,0.0,18.384099999999762,10232.44440740741,10232.44440740741,64.53118581333327,0.0,0.0
2025-01-30,80,warmup,0.8416,1129.933633333333,1049.0855,1130.9802166666666,1038.5282833333333,92.45193333333327,0.0,0.0,0.0,11.603800000000092,10232.44440740741,10232.44440740741,77.80754709333328,0.0,0.0
2025-01-30,81,warmup,0.8618,1092.765,1004.89375,1115.8683333333333,1011.6625,104.20583333333332,0.0,0.0,0.0,16.33458333333317,10232.44440740741,10232.44440740741,89.80458716666665,0.0,-1.1368683772161603e-13
2025-01-30,82,warmup,0.8623,1088.8309666666669,969.0800166666668,1100.3024833333334,1008.4205166666667,91.8819666666667,27.868983333333404,0.0,-0.0,0.0,10232.44440740741,10232.44440740741,79.2298198566667,120.15712164166696,0.0
2025-01-30,83,warmup,0.9026,1107.4654,920.7369,1077.51415,1001.0519166666667,8.611442332691682e-05,0.0,0.0,186.72841388557674,0.0,10232.44440740741,10024.968391978991,7.772687849487512e-05,0.0,0.0
2025-01-30,84,warmup,0.9754,1115.8983333333333,875.90625,1058.9933333333333,968.1,0.0,0.0,0.0,239.9920833333333,0.0,10024.968391978991,9758.31052160862,0.0,0.0,0.0
2025-01-30,85,warmup,1.0002,1091.7909666666667,875.8066,1064.1865833333334,912.8392666666667,0.0,0.0,0.0,215.9843666666667,0.0,9758.31052160862,9518.32789197899,0.0,0.0,0.0
2025-01-30,86,warmup,0.9978,1072.6561333333334,879.8452333333333,1065.4803833333333,863.6760833333333,0.0,0.0,0.0,192.81090000000006,0.0,9518.32789197899,9304.093558645656,0.0,0.0,0.0
2025-01-30,87,warmup,1.0271,1078.2416666666666,843.1750000000001,1060.2549999999999,822.2312499999999,0.0,0.0,0.0,235.0666666666665,0.0,9304.093558645656,9042.908373460472,0.0,0.0,0.0
2025-01-30,88,warmup,1.0906,1092.6678333333332,756.4367666666667,1072.2672,768.5891499999999,0.0,0.0,0.0,336.2310666666665,0.0,9042.908373460472,8669.318299386397,0.0,0.0,0.0
2025-01-30,89,warmup,0.9376,1089.936866666667,683.0156666666667,1083.3453833333333,726.5946833333334,0.0,0.0,0.0,406.9212000000002,0.0,8669.318299386397,8217.18363271973,0.0,0.0,0.0
2025-01-30,90,warmup,0.6694,1070.6766666666667,649.6875,1075.4866666666667,695.6125000000001,1213.2075,41.11500000000012,833.3333333333334,0.0,0.0,8217.18363271973,8967.18363271973,812.1211005,137.6119050000004,1.1368683772161603e-13
2025-01-30,91,warmup,0.66,1058.3101666666666,628.3227166666667,1052.6754833333332,649.6680833333334,1236.3407333333332,26.98005000000012,833.3333333333334,0.0,0.0,8967.18363271973,9717.18363271973,815.984884,89.0341650000004,1.1368683772161603e-13
2025-01-30,92,warmup,0.7217,1052.67915,590.7135999999999,1059.4433000000001,603.3318333333333,1171.864096978077,123.43478635525639,833.3333333333334,0.0,0.0,9717.18363271973,10467.18363271973,845.7343187890782,445.4144265629427,1.1368683772161603e-13
2025-01-30,93,warmup,0.7308,1056.93,534.1687499999999,1078.1383333333333,553.84375,524.2945833333333,368.2626303114111,369.7959636447443,0.0,0.0,10467.18363271973,10800.0,383.1544815,1345.6316511578962,-5.684341886080802e-14
2025-01-30,94,warmup,0.7534,1071.3908,476.6533166666666,1049.7110666666667,482.1000833333333,567.6109833333335,27.126500000000433,0.0,-6.38706865174754e-13,0.0,10800.0,10800.0,427.6381148433334,102.18552550000163,0.0
2025-01-30,95,warmup,0.7823,1050.95755,419.127,1034.6165333333333,413.8577,620.7588333333333,11.071716666667449,0.0,-6.892841852845776e-13,0.0,10800.0,10800.0,485.61963531666663,43.30701974166973,0.0
2025-01-30,96,warmup,0.8055,1027.9316666666666,360.5625,1039.8316666666667,359.00624999999997,680.8254166666668,0.0,0.0,-0.0,13.456250000000182,10800.0,10800.0,548.4048731250001,0.0,0.0
2025-01-30,97,warmup,0.8271,1073.9189166666667,303.0667833333333,1016.0747333333334,303.19625,712.8784833333334,57.97364999999921,0.0,8.066791679084419e-13,0.0,10800.0,10800.0,589.6217935650001,239.75002957499672,2.2737367544323206e-13
2025-01-30,98,warmup,0.8519,1069.6030833333332,250.79565,1021.1478333333333,244.82741666666666,776.3204166666667,42.48701666666616,0.0,3.451106067586807e-13,0.0,10800.0,10800.0,661.3473629583333,180.9734474916645,0.0
2025-01-30,99,warmup,0.8791,1013.7883333333332,200.775,1038.8016666666667,189.23125000000002,849.5704166666667,0.0,0.0,-0.0,36.55708333333351,10800.0,10800.0,746.8573532916666,0.0,8.526512829121202e-14
2025-01-30,100,warmup,0.9024,1025.899,146.43793333333335,996.5995833333333,141.98576666666665,854.6138166666666,24.847250000000788,0.0,-8.404876794543271e-13,0.0,10800.0,10800.000000000002,771.20350816,112.11079200000354,0.0
2025-01-30,101,warmup,0.9163,1044.0273,96.80005,998.1035,96.23221666666666,901.8712833333334,45.35596666666537,0.0,1.2089307332985302e-12,0.0,10800.000000000002,10800.0,826.3846569183333,207.79836128332738,0.0
2025-01-30,102,warmup,0.9264,1038.6483333333333,53.4125,1050.0316666666665,49.94375,1000.0879166666665,0.0,0.0,-0.0,14.85208333333319,10800.0,10800.0,926.4814459999999,0.0,2.1316282072803006e-14
2025-01-30,103,warmup,0.9462,1044.8678666666667,12.781916666666667,1048.80245,11.284683333333334,1037.5177666666666,0.0,0.0,-0.0,5.431816666666556,10800.0,10800.0,981.6993108199999,0.0,-9.237055564881302e-14
2025-01-30,104,warmup,0.9742,1040.43285,0.0,1017.4597833333333,0.0,1017.4597833333333,22.973066666668807,0.0,-2.2384938347386198e-12,0.0,10800.0,10800.000000000002,991.2093209233333,111.90180773334374,0.0
2025-01-30,105,warmup,0.9862,1040.5366666666666,0.0,1011.8066666666667,0.0,1011.8066666666667,28.729999999998267,0.0,1.6370904631912707e-12,0.0,10800.000000000002,10800.0,997.8437346666667,141.66762999999145,0.0
2025-01-30,106,warmup,0.976,1063.1256833333334,0.7756666666666666,1039.1903,0.6774,1038.5129,23.83711666666846,0.0,-1.644906433284632e-12,0.0,10800.0,10800.000000000002,1013.5885903999999,116.32512933334209,0.0
2025-01-30,107,warmup,1.0742,939.0254833333332,0.0,927.1008833333334,0.0,927.1008833333334,11.924600000000169,0.0,-3.4532376957940865e-13,0.0,10800.000000000002,10800.000000000002,995.8917688766668,64.0470266000009,0.0
2025-01-30,108,warmup,1.2313,736.2666666666668,0.0,734.1883333333334,0.0,734.1883333333334,2.0783333333329495,0.0,4.25899315814604e-13,0.0,10800.000000000002,10800.000000000002,904.0060948333335,12.795259166664303,0.0
2025-01-30,109,warmup,1.2561,712.4513499999999,0.0556833333333333,702.8809833333333,0.048633333333333334,609.7549833333327,9.563316666666026,0.0,93.07736666666787,0.0,10800.000000000002,10696.580703703705,765.9132345649992,60.06241032499597,1.1368683772161603e-13
2025-01-30,110,warmup,1.2447,750.3761,0.0,712.8634166666667,0.0,712.8634166666667,37.512683333332745,0.0,5.044490216168928e-13,0.0,10696.580703703705,10696.580703703705,887.301094725,233.46018472499634,0.0
2025-01-30,111,warmup,1.2545,753.5016666666667,0.0,700.6716666666666,0.0,700.6716666666666,52.829999999998925,0.0,1.1368683772161603e-12,0.0,10696.580703703705,10696.580703703703,878.9926058333333,331.3761749999933,0.0
2025-01-30,112,warmup,1.2522,740.7346833333332,0.004,722.2651000000001,0.0035,722.2616,18.469083333333078,0.0,1.1368683772161603e-13,0.0,10696.580703703703,10696.580703703703,904.4159755200001,115.6349307499984,0.0
2025-01-30,113,warmup,1.2881,723.1364666666667,0.0,713.5400666666666,0.0,0.0,9.596400000001836,0.0,713.5400666666649,0.0,10696.580703703703,9903.75840740741,0.0,61.805614200011824,0.0
2025-01-30,114,warmup,1.3466,716.2883333333333,0.0,681.7866666666666,0.0,0.0,0.0,0.0,716.2883333333333,0.0,9903.75840740741,9107.882481481483,0.0,0.0,0.0
2025-01-30,115,warmup,1.3523,734.4722,0.0002833333333333,706.1051000000001,0.00025,0.0,0.0,0.0,734.4719166666667,0.0,9107.882481481483,8291.802574074076,0.0,0.0,0.0
2025-01-30,116,warmup,1.3445,756.2895833333333,0.0,742.0974500000001,0.0,0.0,0.0,0.0,756.2895833333333,0.0,8291.802574074076,7451.480814814817,0.0,0.0,0.0
2025-01-30,117,warmup,1.3483,765.1516666666666,0.0,747.895,0.0,0.0,0.0,0.0,765.1516666666666,0.0,7451.480814814817,6601.312296296298,0.0,0.0,0.0
2025-01-30,118,warmup,1.349,759.8337333333334,0.0,722.8349,0.0,0.0,0.0,0.0,759.8337333333334,0.0,6601.312296296298,5757.052592592594,0.0,0.0,0.0
2025-01-30,119,warmup,1.3473,745.37385,0.0,692.7138333333334,0.0,0.0,0.0,0.0,745.37385,0.0,5757.052592592594,4928.859425925927,0.0,0.0,0.0
2025-01-30,120,warmup,1.3482,729.7533333333334,0.0,684.5816666666666,0.0,0.0,0.0,0.0,729.7533333333334,0.0,4928.859425925927,4118.0223888888895,0.0,0.0,0.0
2025-01-30,121,warmup,1.3513,721.9010333333334,0.0,707.2244166666666,0.0,0.0,0.0,0.0,721.9010333333334,0.0,4118.0223888888895,3315.9101296296303,0.0,0.0,0.0
2025-01-30,122,warmup,1.34,727.66305,0.0,718.4167166666666,0.0,0.0,253.07099999999946,0.0,474.59205000000054,0.0,3315.9101296296303,2788.5856296296297,0.0,1695.5756999999965,0.0
2025-01-30,123,warmup,1.3489,734.9133333333333,0.0,711.3533333333334,0.0,0.0,23.56000000000006,0.0,711.3533333333332,0.0,2788.5856296296297,1998.1930370370371,0.0,158.9004200000004,0.0
2025-01-30,124,warmup,1.3952,726.8146666666667,0.0,718.3737333333333,0.0,0.0,8.440933333333271,0.0,718.3737333333333,0.0,1998.1930370370371,1200.0,0.0,58.883950933332905,0.0
2025-01-30,125,warmup,1.2226,733.9936333333334,0.0,735.4934166666667,0.0,735.4934166666667,0.0,-0.0,0.0,1.499783333333312,1200.0,1200.0,899.2142512166666,0.0,0.0
2025-01-30,126,warmup,0.9332,743.8433333333334,0.0,739.3449999999999,0.0,739.3449999999999,4.4983333333334485,0.0,-0.0,0.0,1200.0,1200.0,689.9567539999999,20.98922333333387,0.0
2025-01-30,127,warmup,0.9068,712.9366833333333,0.0,713.9899666666666,0.0,713.9899666666666,0.0,-0.0,0.0,1.0532833333332974,1200.0,1200.0,647.4461017733333,0.0,0.0
2025-01-30,128,warmup,0.9371,694.1468833333333,0.0,710.2302666666666,0.0,710.2302666666666,0.0,0.0,0.0,16.083383333333245,1200.0,1200.0,665.5567828933333,0.0,0.0
2025-01-30,129,warmup,0.9371,729.2633333333333,0.0,748.6116666666667,0.0,748.6116666666667,0.0,-0.0,0.0,19.34833333333336,1200.0,1200.0,701.5239928333334,0.0,-3.552713678800501e-15
2025-01-30,130,warmup,0.9871,791.7407166666667,0.0,788.0309833333334,0.0,788.0309833333334,3.709733333333247,0.0,-0.0,0.0,1200.0,1200.0,777.8653836483334,18.309388866666243,0.0
2025-01-30,131,warmup,0.7764,734.2063833333333,0.0,735.0967333333333,0.0,735.0967333333333,0.0,-0.0,0.0,0.8903500000000122,1200.0,1200.0,570.7291037599999,0.0,0.0
2025-01-30,132,warmup,0.4209,594.3616666666667,0.0,622.9266666666666,0.0,622.9266666666666,0.0,0.0,0.0,28.56499999999994,1200.0,1200.0,262.18983399999996,0.0,0.0
2025-01-30,133,warmup,0.3859,559.2715833333333,0.0,578.9409166666667,0.0,578.9409166666667,0.0,0.0,0.0,19.669333333333384,1200.0,1200.0,223.4132997416667,0.0,0.0
2025-01-30,134,warmup,0.4368,558.17205,0.0,554.8473,0.0,554.8473,3.3247499999999945,0.0,-0.0,0.0,1200.0,1200.0,242.35730064000003,7.2612539999999886,0.0
2025-01-30,135,warmup,0.4198,550.5666666666667,0.0,532.7783333333333,0.0,532.7783333333333,17.788333333333412,0.0,-0.0,0.0,1200.0,1200.0,223.6603443333333,37.337711666666834,0.0
2025-01-30,136,warmup,0.4186,569.3835166666667,0.0,550.9146333333333,0.0,550.9146333333333,18.468883333333338,0.0,-0.0,0.0,1200.0,1200.0,230.61286551333333,38.65537281666668,0.0
2025-01-30,137,warmup,0.4241,557.2639666666666,0.0,569.9477,0.0,569.9477,0.0,-0.0,0.0,12.683733333333407,1200.0,1200.0,241.71481957,0.0,0.0
2025-01-30,138,warmup,0.4237,532.4316666666667,0.0,572.285,0.0,572.285,0.0,-0.0,0.0,39.85333333333324,1200.0,1200.0,242.4771545,0.0,0.0
2025-01-30,139,warmup,0.4248,572.1929166666666,0.0,575.5155333333333,0.0,575.5155333333333,0.0,-0.0,0.0,3.322616666666704,1200.0,1200.0,244.47899856,0.0,0.0
2025-01-30,140,warmup,0.424,597.64505,0.0,571.2774833333334,0.0,571.2774833333334,26.367566666666562,0.0,-0.0,0.0,1200.0,1200.0,242.22165293333336,55.899241333333116,0.0
2025-01-30,141,warmup,0.422,588.5683333333333,0.0,567.2733333333333,0.0,567.2733333333333,21.29499999999996,0.0,-0.0,0.0,1200.0,1200.0,239.38934666666665,44.93244999999991,0.0
2025-01-30,142,warmup,0.424,593.47725,0.0,584.014,0.0,584.014,9.463250000000016,0.0,-0.0,0.0,1200.0,1200.0,247.621936,20.062090000000037,0.0
2025-01-30,143,warmup,0.4271,545.4895,0.0,601.5159166666666,0.0,601.5159166666666,0.0,-0.0,0.0,56.02641666666659,1200.0,1200.0,256.9074480083333,0.0,0.0
2025-01-30,144,warmup,0.4276,460.81,0.0,596.7483333333333,0.0,596.7483333333333,0.0,-0.0,0.0,135.93833333333333,1200.0,1200.0,255.1695873333333,0.0,0.0
2025-01-31,1,warmup,0.4248,441.0212666666666,0.0,567.5041833333333,0.0,1400.8375166666667,0.0,833.3333333333334,0.0,126.48291666666671,1200.0,1950.0,595.0757770800001,0.0,0.0
2025-01-31,2,warmup,0.4245,475.9250666666667,0.0,563.3384,0.0,1396.6717333333333,0.0,833.3333333333333,0.0,87.41333333333341,1950.0,2700.0,592.8871508,0.0,0.0
2025-01-31,3,warmup,0.4269,498.79333333333335,0.0,596.26,0.0,1429.5933333333332,0.0,833.3333333333333,0.0,97.4666666666667,2700.0,3450.0,610.2933939999999,0.0,0.0
2025-01-31,4,warmup,0.4272,454.3744166666667,0.0,630.6059,0.0,1463.9392333333335,0.0,833.3333333333333,0.0,176.23148333333347,3450.0,4200.0,625.3948404800001,0.0,0.0
2025-01-31,5,warmup,0.4271,437.5370666666667,0.0,642.7418833333334,0.0,1476.0752166666666,0.0,833.3333333333333,0.0,205.2048166666666,4200.0,4950.0,630.4317250383333,0.0,0.0
2025-01-31,6,warmup,0.4285,463.6833333333333,0.0,637.4766666666667,0.0,1470.81,0.0,833.3333333333333,0.0,173.7933333333334,4950.0,5700.0,630.242085,0.0,0.0
2025-01-31,7,warmup,0.4311,456.19981666666666,0.0,637.8859166666667,0.0,1304.5525833333336,0.0,666.6666666666666,0.0,181.68610000000024,5700.0,6300.0,562.3926186750001,0.0,0.0
2025-01-31,8,warmup,0.4302,439.0617666666667,0.0,640.8743499999999,0.0,1474.2076833333333,0.0,833.3333333333333,0.0,201.81258333333335,6300.0,7050.0,634.20414537,0.0,0.0
2025-01-31,9,warmup,0.4279,450.43666666666667,0.0,643.085,0.0,1476.4183333333335,0.0,833.3333333333333,0.0,192.64833333333354,7050.0,7800.0,631.7594048333334,0.0,0.0
2025-01-31,10,warmup,0.4312,495.6859833333333,0.0,645.8091833333334,0.0,645.8091833333334,0.0,150.1232000000001,0.0,0.0,7800.0,7935.11088,278.4729198533334,0.0,0.0
2025-01-31,11,warmup,0.4333,501.7886333333333,0.0,643.3305833333333,0.0,643.3305833333333,0.0,141.54194999999999,0.0,0.0,7935.11088,8062.498635,278.7551417583333,0.0,0.0
2025-01-31,12,warmup,0.4311,464.1933333333333,0.0,642.145,0.0,1475.4783333333335,0.0,541.6681833333334,0.0,469.61681666666664,8062.498635,8550.0,636.0787095000001,0.0,0.0
2025-01-31,13,warmup,0.4293,450.8861166666666,0.0,654.6027833333334,0.0,1487.9361166666667,0.0,833.3333333333333,0.0,203.71666666666692,8550.0,9300.0,638.7709748850001,0.0,0.0
2025-01-31,14,warmup,0.4324,467.77375,0.0,660.8845333333334,0.0,660.8845333333334,0.0,0.0,0.0,193.11078333333336,9300.0,9300.0,285.7664722133334,0.0,0.0
2025-01-31,15,warmup,0.4367,492.7916666666667,0.0,645.6183333333333,0.0,645.6183333333333,0.0,0.0,0.0,152.82666666666665,9300.0,9300.0,281.9415261666667,0.0,0.0
2025-01-31,16,warmup,0.4348,502.5822666666666,0.0,621.0956333333334,0.0,621.0956333333334,0.0,0.0,0.0,118.51336666666674,9300.0,9300.0,270.05238137333333,0.0,0.0
2025-01-31,17,warmup,0.4335,513.8009000000001,0.0,654.3948333333334,0.0,654.3948333333334,0.0,0.0,0.0,140.59393333333333,9300.0,9300.0,283.68016025000003,0.0,0.0
2025-01-31,18,warmup,0.4357,536.0433333333334,0.0,705.7950000000001,0.0,705.7950000000001,0.0,0.0,0.0,169.75166666666667,9300.0,9300.0,307.5148815,0.0,0.0
2025-01-31,19,warmup,0.4374,557.1184166666667,0.0,670.5565333333333,0.0,670.5565333333333,0.0,0.0,0.0,113.43811666666659,9300.0,9300.0,293.30142767999996,0.0,0.0
2025-01-31,20,warmup,0.4371,548.1059666666666,0.0,658.8305,0.0,658.8305,0.0,0.0,0.0,110.7245333333334,9300.0,9300.0,287.97481155,0.0,0.0
2025-01-31,21,warmup,0.4356,513.915,0.0,688.785,0.0,688.785,0.0,0.0,0.0,174.87,9300.0,9300.0,300.034746,0.0,0.0
2025-01-31,22,warmup,0.4353,492.83905,0.0,671.02305,0.0,671.02305,0.0,0.0,0.0,178.18400000000003,9300.0,9300.0,292.09633366500003,0.0,0.0
2025-01-31,23,warmup,0.436,504.4545,0.0,669.9153833333334,0.0,669.9153833333334,0.0,0.0,0.0,165.46088333333336,9300.0,9300.0,292.0831071333333,0.0,0.0
2025-01-31,24,warmup,0.4378,541.295,0.0,696.9616666666667,0.0,696.9616666666667,0.0,0.0,0.0,155.66666666666674,9300.0,9300.0,305.1298176666667,0.0,0.0
2025-01-31,25,warmup,0.4401,571.6824,0.0,693.0588333333334,0.0,693.0588333333334,0.0,0.0,0.0,121.37643333333335,9300.0,9300.0,305.01519255,0.0,0.0
2025-01-31,26,warmup,0.4389,557.5331333333334,0.0,687.1350833333332,0.0,687.1350833333332,0.0,0.0,0.0,129.60194999999987,9300.0,9300.0,301.58358807499997,0.0,0.0
2025-01-31,27,warmup,0.4364,519.6933333333333,0.0,702.1999999999999,0.0,702.1999999999999,0.0,0.0,0.0,182.50666666666666,9300.0,9300.0,306.44007999999997,0.0,0.0
2025-01-31,28,warmup,0.4393,516.0169,0.0,720.7110666666667,0.0,720.7110666666667,0.0,0.0,0.0,204.69416666666677,9300.0,9300.0,316.6083715866667,0.0,0.0
2025-01-31,29,warmup,0.4422,513.5366166666666,0.0002833333333333,683.7849333333334,0.0002666666666666667,683.7846666666667,0.0,0.0,0.0,170.24833333333336,9300.0,9300.0,302.3695796,0.0,-2.842170943040401e-14
2025-01-31,30,warmup,0.4395,508.3983333333333,0.0,638.025,0.0,638.025,0.0,0.0,0.0,129.62666666666667,9300.0,9300.0,280.4119875,0.0,0.0
2025-01-31,31,warmup,0.4333,535.2354666666666,0.0,689.59165,0.0,689.59165,0.0,154.35618333333332,0.0,0.0,9300.0,9438.920565,298.800061945,0.0,0.0
2025-01-31,32,warmup,0.4439,572.69715,0.0039666666666666,726.1567666666666,0.0037666666666666664,726.1529999999999,0.0,153.4598166666666,0.0,0.0,9438.920565,9577.0344,322.3393167,0.0,0.0
2025-01-31,33,warmup,0.4301,584.615,0.0,700.0516666666667,0.0,1533.3850000000002,0.0,525.5173333333328,0.0,423.25266666666744,9577.0344,10050.0,659.5088885,0.0,0.0
2025-01-31,34,warmup,0.3713,551.96215,0.0,689.5921166666667,0.0,1522.9254500000002,0.0,833.3333333333333,0.0,137.62996666666697,10050.0,10800.0,565.4622195850001,0.0,0.0
2025-01-31,35,warmup,0.5708,523.81805,0.0552666666666666,787.4266166666666,0.05235,787.3742666666666,0.0,0.0,-0.0,263.6114833333333,10800.0,10800.0,449.43323141333326,0.0,-5.684341886080802e-14
2025-01-31,36,warmup,0.9099,533.5733333333334,0.0,920.0716666666667,0.0,920.0716666666667,0.0,0.0,-0.0,386.49833333333333,10800.0,10800.0,837.1732095000001,0.0,0.0
2025-01-31,37,warmup,0.9368,570.7949666666667,0.0,918.81505,0.0,243.81505000000016,0.0,0.0,326.97991666666655,0.0,10800.0,10436.688981481482,228.40593884000015,0.0,0.0
2025-01-31,38,warmup,0.8758,583.1179833333333,0.7697166666666666,901.3822333333333,0.72925,900.6529833333333,0.0,0.0,0.0,318.30471666666665,10436.688981481482,10436.688981481482,788.7918828033334,0.0,0.0
2025-01-31,39,warmup,0.8759,564.71,0.0,917.695,0.0,917.695,0.0,0.0,0.0,352.985,10436.688981481482,10436.688981481482,803.8090505,0.0,0.0
2025-01-31,40,warmup,0.8601,561.1364666666667,0.0,902.0970333333333,0.0,902.0970333333333,0.0,0.0,0.0,340.96056666666664,10436.688981481482,10436.688981481482,775.89365837,0.0,0.0
2025-01-31,41,warmup,0.8442,595.3457333333333,13.259183333333333,889.5349166666666,12.017249999999999,877.5176666666666,0.0,0.0,0.0,295.43111666666664,10436.688981481482,10436.688981481482,740.8004142,0.0,0.0
2025-01-31,42,warmup,0.8334,647.9633333333334,55.9375,893.0016666666667,50.225,842.7766666666666,0.0,0.0,0.0,250.75083333333328,10436.688981481482,10436.688981481482,702.370074,0.0,0.0
2025-01-31,43,warmup,0.8092,672.2483166666667,103.31348333333334,885.9378499999999,89.95841666666666,795.9794333333332,0.0,0.0,0.0,227.04459999999983,10436.688981481482,10436.688981481482,644.1065574533333,0.0,0.0
2025-01-31,44,warmup,0.7972,657.6536,150.46263333333334,877.4791,129.59826666666666,747.8808333333334,0.0,0.0,0.0,240.68986666666675,10436.688981481482,10436.688981481482,596.2106003333334,0.0,-2.842170943040401e-14
2025-01-31,45,warmup,0.7644,636.6533333333333,197.025,869.7983333333333,174.025,695.7733333333333,0.0,256.145,0.0,0.0,10436.688981481482,10667.219481481483,531.8491359999999,0.0,0.0
2025-01-31,46,warmup,0.6899,651.26615,241.9658333333333,875.6933,226.60596666666666,1482.4206666666669,0.0,147.53390946501895,0.0,925.5864405349812,10667.219481481483,10800.0,1022.7220179333334,0.0,0.0
2025-01-31,47,warmup,0.86,650.6905666666667,280.73695000000004,1007.0406333333334,279.22076666666663,727.8198666666667,0.0,0.0,-0.0,357.8662500000001,10800.0,10800.0,625.9250853333334,0.0,-5.684341886080802e-14
2025-01-31,48,warmup,1.1617,635.8066666666667,321.28125,1193.5383333333332,328.30625000000003,31.898749999999723,0.0,0.0,282.626666666667,0.0,10800.0,10485.97037037037,37.056777874999675,0.0,0.0
2025-01-31,49,warmup,1.1683,655.8198666666666,377.16546666666665,1232.1240666666665,375.0532333333333,23.73749999999984,0.0,0.0,254.9169000000001,0.0,10485.97037037037,10202.72937037037,27.732521249999813,0.0,0.0
2025-01-31,50,warmup,1.0956,655.3250666666667,431.90816666666666,1213.44,410.82248333333337,0.0,0.0,0.0,223.4169,0.0,10202.72937037037,9954.48837037037,0.0,0.0,0.0
2025-01-31,51,warmup,1.0849,622.695,482.98125,1218.0716666666667,445.7,0.0,0.0,0.0,139.71375000000006,0.0,9954.48837037037,9799.250870370372,0.0,0.0,0.0
2025-01-31,52,warmup,1.061,615.8414,541.5513166666666,1234.3985833333334,500.5491333333334,0.0,0.0,0.0,74.29008333333343,0.0,9799.250870370372,9716.706333333334,0.0,0.0,0.0
2025-01-31,53,warmup,1.043,683.43385,588.0855,1226.95115,555.2006833333334,0.0,0.0,0.0,95.34834999999998,0.0,9716.706333333334,9610.763722222222,0.0,0.0,0.0
2025-01-31,54,warmup,1.036,771.665,617.225,1199.3483333333334,599.85,0.0,0.0,0.0,154.43999999999994,0.0,9610.763722222222,9439.163722222222,0.0,0.0,0.0
2025-01-31,55,warmup,1.0147,771.7343999999999,645.0359833333333,1189.14565,645.6125666666667,0.0,0.0,0.0,126.69841666666662,0.0,9439.163722222222,9298.387703703704,0.0,0.0,0.0
2025-01-31,56,warmup,0.9922,749.1044,684.1259166666667,1193.21125,702.6814833333333,0.0,0.0,0.0,64.97848333333332,0.0,9298.387703703704,9226.189388888888,0.0,0.0,0.0
2025-01-31,57,warmup,0.97,738.36,727.49375,1197.7583333333334,754.0,0.0,0.0,0.0,10.866250000000036,0.0,9226.189388888888,9214.115777777777,0.0,0.0,0.0
2025-01-31,58,warmup,0.9422,714.6082166666666,758.6486833333333,1194.9671333333333,774.2287666666666,182.2833833333332,0.0,0.0,0.0,226.32384999999988,9214.115777777777,9214.115777777777,171.74740377666654,0.0,0.0
2025-01-31,59,warmup,0.9569,714.8307333333333,795.8004166666666,1199.6403166666666,809.5384166666666,0.0,0.0,0.0,0.0,80.96968333333325,9214.115777777777,9214.115777777777,0.0,0.0,0.0
2025-01-31,60,warmup,0.9977,738.7416666666667,835.4375,1204.0383333333332,866.9562500000001,0.0,0.0,0.0,0.0,96.69583333333333,9214.115777777777,9214.115777777777,0.0,0.0,0.0
2025-01-31,61,warmup,0.9919,742.7227666666666,857.4983666666667,1185.0814333333333,906.5894,0.0,0.0,0.0,0.0,114.77560000000005,9214.115777777777,9214.115777777777,0.0,0.0,0.0
2025-01-31,62,warmup,0.9588,724.6986833333334,895.6051833333332,1169.7888833333334,929.8956499999999,0.0,0.0,0.0,0.0,170.90649999999982,9214.115777777777,9214.115777777777,0.0,0.0,0.0
2025-01-31,63,warmup,0.9549,707.3766666666667,939.9375,1167.7133333333334,944.0749999999999,0.0,0.0,0.0,0.0,232.56083333333333,9214.115777777777,9214.115777777777,0.0,0.0,0.0
2025-01-31,64,warmup,0.9839,713.17335,944.7102,1162.7911000000001,955.02895,0.0,0.0,0.0,0.0,231.53684999999996,9214.115777777777,9214.115777777777,0.0,0.0,0.0
2025-01-31,65,warmup,0.799,710.1085666666667,947.26105,1157.66335,983.11135,174.55200000000002,0.0,0.0,0.0,411.7044833333333,9214.115777777777,9214.115777777777,139.46704800000003,0.0,0.0
2025-01-31,66,warmup,0.5025,697.9316666666667,964.9875,1159.1966666666667,1023.80625,968.7237500000001,0.0,0.0,0.0,1235.7795833333334,9214.115777777777,9214.115777777777,486.783684375,0.0,0.0
2025-01-31,67,warmup,0.4662,706.13985,979.4073,1168.0121166666665,1047.532,953.81345,0.0,0.0,0.0,1227.0809,9214.115777777777,9214.115777777777,444.66783039,0.0,0.0
2025-01-31,68,warmup,0.5007,703.1832666666666,993.84515,1164.2182500000001,1040.7350166666668,956.8165666666667,0.0,0.0,0.0,1247.47845,9214.115777777777,9214.115777777777,479.07805493000006,0.0,0.0
2025-01-31,69,warmup,0.4827,684.5966666666667,1015.86875,1153.165,1042.625,943.8733333333333,0.0,0.0,0.0,1275.1454166666667,9214.115777777777,9214.115777777777,455.607658,0.0,0.0
2025-01-31,70,warmup,0.4785,678.2988333333334,1046.4775,1157.2094666666667,1099.9092333333333,890.6335666666668,0.0,0.0,0.0,1258.8122333333333,9214.115777777777,9214.115777777777,426.16816165,0.0,2.2737367544323206e-13
2025-01-31,71,warmup,0.4662,671.8216833333333,1067.1296333333332,1146.5865999999999,1102.3889666666666,877.5309666666666,0.0,0.0,0.0,1272.8389166666666,9214.115777777777,9214.115777777777,409.10493665999996,0.0,-2.2737367544323206e-13
2025-01-31,72,warmup,0.4432,675.3933333333333,1056.23125,1107.57,1056.4937499999999,884.4095833333334,0.0,0.0,0.0,1265.2475000000002,9214.115777777777,9214.115777777777,391.9703273333334,0.0,-2.2737367544323206e-13
2025-01-31,73,warmup,0.4411,709.2305,1011.4796666666666,1065.6195166666666,1080.5630833333332,818.3897666666668,0.0,0.0,0.0,1120.6389333333334,9214.115777777777,9214.115777777777,360.99172607666674,0.0,-2.2737367544323206e-13
2025-01-31,74,warmup,0.4551,704.4976666666666,997.4825833333332,1080.6657166666666,1117.9436166666667,796.0554333333333,0.0,0.0,0.0,1089.0403499999998,9214.115777777777,9214.115777777777,362.28482771,0.0,0.0
2025-01-31,75,warmup,0.4463,661.83,1027.41875,1114.8466666666666,1132.85625,815.3237499999999,0.0,0.0,0.0,1180.9125,9214.115777777777,9214.115777777777,363.8789896249999,0.0,0.0
2025-01-31,76,warmup,0.4113,655.2516833333333,1049.4101333333333,1074.4949833333333,1146.2080333333333,761.6202833333333,0.0,262.0935802469143,0.0,893.685153086419,9214.115777777777,9450.0,313.254422535,0.0,-2.2737367544323206e-13
2025-01-31,77,warmup,0.5682,683.1800166666667,1026.5912666666666,1061.8409333333334,1141.3747666666666,753.7995000000002,0.0,833.3333333333333,0.0,263.87741666666693,9450.0,10200.0,428.30887590000015,0.0,0.0
2025-01-31,78,warmup,0.8279,706.7016666666667,987.88125,1110.2916666666667,1116.375,0.0,0.0,6.083333333333737,0.0,275.0962499999996,10200.0,10205.475,0.0,0.0,0.0
2025-01-31,79,warmup,0.8636,688.4132166666667,994.5159166666668,1144.2371166666667,1087.8977499999999,56.33936666666682,0.0,0.0,0.0,362.44206666666696,10205.475,10205.475,48.654677053333465,0.0,1.1368683772161603e-13
2025-01-31,80,warmup,0.8416,665.1977166666667,994.94425,1129.9336333333333,1049.0855,80.84813333333341,0.0,0.0,0.0,410.59466666666674,10205.475,10205.475,68.0417890133334,0.0,0.0
2025-01-31,81,warmup,0.8618,660.3983333333333,978.74375,1092.765,1004.8937500000001,87.87125000000003,0.0,0.0,0.0,406.2166666666667,10205.475,10205.475,75.72744325000002,0.0,0.0
2025-01-31,82,warmup,0.8623,664.1784166666666,985.7321,1088.8309666666667,969.0800166666667,119.75094999999999,0.0,0.0,0.0,441.3046333333333,10205.475,10205.475,103.26124418499998,0.0,-1.1368683772161603e-13
2025-01-31,83,warmup,0.9026,663.6559,978.7406833333332,1107.4654,920.7369,0.002647037350497672,0.0,0.0,0.0,315.0874303706837,10205.475,10205.475,0.002389215912559199,0.0,0.0
2025-01-31,84,warmup,0.9754,656.055,947.16875,1115.8983333333333,875.90625,0.0,0.0,0.0,0.0,291.1137500000001,10205.475,10205.475,0.0,0.0,0.0
2025-01-31,85,warmup,1.0002,647.3447166666666,915.77565,1091.7909666666667,875.8066,0.0,0.0,0.0,0.0,268.4309333333334,10205.475,10205.475,0.0,0.0,0.0
2025-01-31,86,warmup,0.9978,636.7749,865.9749,1072.6561333333334,879.8452333333333,0.0,0.0,0.0,0.0,229.20000000000005,10205.475,10205.475,0.0,0.0,0.0
2025-01-31,87,warmup,1.0271,629.8216666666666,803.05625,1078.2416666666666,843.1750000000001,0.0,0.0,0.0,0.0,173.23458333333338,10205.475,10205.475,0.0,0.0,0.0
2025-01-31,88,warmup,1.0906,631.7092833333334,755.8191499999999,1092.6678333333332,756.4367666666667,0.0,0.0,0.0,0.0,124.10986666666656,10205.475,10205.475,0.0,0.0,0.0
2025-01-31,89,warmup,0.9376,616.7246666666666,707.2947333333333,1089.9368666666667,683.0156666666667,0.0,0.0,0.0,0.0,90.57006666666666,10205.475,10205.475,0.0,0.0,0.0
2025-01-31,90,warmup,0.6694,600.4,653.5124999999999,1070.6766666666667,649.6875,1254.3225000000002,0.0,0.0,0.0,1307.4350000000002,10205.475,10205.475,839.6434815000001,0.0,-2.2737367544323206e-13
2025-01-31,91,warmup,0.66,624.1604833333333,607.4857333333333,1058.3101666666666,628.3227166666667,1263.3207833333333,0.0,0.0,0.0,1246.6460333333334,10205.475,10205.475,833.7917170000001,0.0,-2.2737367544323206e-13
2025-01-31,92,warmup,0.7217,638.9076333333334,552.1459,1052.67915,590.7135999999999,1295.2988833333334,0.0,260.82452309137807,0.0,947.712626908622,10205.475,10440.21707078224,934.8172041016667,0.0,0.0
2025-01-31,93,warmup,0.7308,621.865,492.04375,1056.93,534.1687499999999,922.5200602419555,0.0,399.75881024195473,0.0,392.94000000000074,10440.21707078224,10800.0,674.1776600248211,0.0,0.0
2025-01-31,94,warmup,0.7534,597.3063666666667,450.07933333333335,1071.3908,476.6533166666666,594.7374833333333,0.0,0.0,-0.0,447.51045,10800.0,10800.0,448.0752199433333,0.0,0.0
2025-01-31,95,warmup,0.7823,579.4388666666667,406.0807,1050.9575499999999,419.127,631.8305499999999,0.0,0.0,-0.0,458.47238333333314,10800.0,10800.0,494.28103926499995,0.0,0.0
2025-01-31,96,warmup,0.8055,572.6066666666667,355.6625,1027.9316666666666,360.5625,667.3691666666666,0.0,0.0,1.8417267710901796e-13,450.4250000000001,10800.0,10800.0,537.56586375,0.0,5.684341886080802e-14
2025-01-31,97,warmup,0.8271,577.4249,314.5262833333333,1073.9189166666667,303.0667833333333,770.8521333333334,0.0,0.0,2.3021584638627244e-14,507.95351666666676,10800.0,10800.0,637.57179948,0.0,-5.684341886080802e-14
2025-01-31,98,warmup,0.8519,604.9893833333333,271.60388333333333,1069.6030833333332,250.79565,818.8074333333332,0.0,0.0,-2.3021584638627248e-14,485.4219333333332,10800.0,10800.0,697.5420524566665,0.0,1.1368683772161603e-13
2025-01-31,99,warmup,0.8791,627.8583333333333,217.79375,1013.7883333333333,200.775,813.0133333333333,0.0,0.0,-4.604316927725449e-14,402.9487499999999,10800.0,10800.0,714.7200213333333,0.0,1.1368683772161603e-13
2025-01-31,100,warmup,0.9024,596.4124666666667,156.46036666666666,1025.8990000000001,146.43793333333335,879.4610666666667,0.0,0.0,1.6690648863004752e-13,439.50896666666694,10800.0,10800.0,793.62566656,0.0,5.684341886080802e-14
2025-01-31,101,warmup,0.9163,536.7518833333334,104.1363,1044.0273,96.80005,947.2272499999999,0.0,0.0,7.482015007553856e-14,514.6116666666667,10800.0,10800.0,867.9443291749999,0.0,0.0
2025-01-31,102,warmup,0.9264,482.9666666666667,60.56875,1038.6483333333333,53.4125,985.2358333333333,0.0,0.0,-0.0,562.8379166666666,10800.0,10800.0,912.7224759999999,0.0,0.0
2025-01-31,103,warmup,0.9462,456.4757,15.271416666666669,1044.8678666666667,12.781916666666667,1032.0859500000001,0.0,0.0,-0.0,590.8816666666669,10800.0,10800.0,976.5597258900002,0.0,0.0
2025-01-31,104,warmup,0.9742,471.22585,0.0,1040.43285,0.0,1040.43285,0.0,0.0,-0.0,569.2069999999999,10800.0,10800.0,1013.5896824699998,0.0,0.0
2025-01-31,105,warmup,0.9862,485.745,0.0,1040.5366666666666,0.0,1040.5366666666666,0.0,6.121492202026957e-13,0.0,554.7916666666661,10800.0,10800.0,1026.1772606666666,0.0,0.0
2025-01-31,106,warmup,0.976,444.6270666666667,0.8972166666666667,1063.1256833333334,0.7756666666666666,1062.3500166666668,0.0,0.0,-0.0,618.6201666666667,10800.0,10800.0,1036.8536162666667,0.0,1.1368683772161603e-13
2025-01-31,107,warmup,1.0742,445.32678333333337,0.0,939.0254833333333,0.0,939.0254833333333,0.0,0.0,-0.0,493.6987,10800.0,10800.0,1008.7011741966667,0.0,0.0
2025-01-31,108,warmup,1.2313,485.1566666666667,0.0,736.2666666666668,0.0,736.2666666666668,0.0,0.0,1.8417267710901796e-13,251.11000000000024,10800.0,10800.0,906.5651466666668,0.0,5.684341886080802e-14
2025-01-31,109,warmup,1.2561,462.88073333333335,0.0644166666666666,712.4513499999999,0.055683333333333335,712.3956666666666,0.0,0.0,0.0,249.57934999999986,10800.0,10800.0,894.8401968999999,0.0,5.684341886080802e-14
2025-01-31,110,warmup,1.2447,435.39775,0.0,750.3761,0.0,750.3761,0.0,0.0,-8.453519134699049e-14,314.9783499999999,10800.0,10800.0,933.9931316699999,0.0,-5.684341886080802e-14
2025-01-31,111,warmup,1.2545,421.94,0.0,753.5016666666667,0.0,753.5016666666667,0.0,0.0,-0.0,331.56166666666667,10800.0,10800.0,945.2678408333333,0.0,0.0
2025-01-31,112,warmup,1.2522,392.3356166666667,0.0046166666666666,740.7346833333332,0.004,740.7306833333332,0.0,0.0,-0.0,348.3996833333332,10800.0,10800.0,927.5429616699998,0.0,5.684341886080802e-14
2025-01-31,113,warmup,1.2881,427.2382666666667,0.0,723.1364666666667,0.0,201.59096666666767,0.0,0.0,225.64729999999895,0.0,10800.0,10549.28077777778,259.66932416333464,0.0,-5.684341886080802e-14
2025-01-31,114,warmup,1.3466,488.765,0.0,716.2883333333333,0.0,0.0,0.0,0.0,488.765,0.0,10549.28077777778,10006.208555555557,0.0,0.0,0.0
2025-01-31,115,warmup,1.3523,450.8147666666667,0.0003333333333333,734.4722,0.0002833333333333333,0.0,0.0,0.0,450.81443333333334,0.0,10006.208555555557,9505.30362962963,0.0,0.0,0.0
2025-01-31,116,warmup,1.3445,417.53721666666667,0.0,756.2895833333333,0.0,0.0,0.0,0.0,417.53721666666667,0.0,9505.30362962963,9041.37338888889,0.0,0.0,0.0
2025-01-31,117,warmup,1.3483,431.4783333333333,0.0,765.1516666666666,0.0,0.0,0.0,0.0,431.4783333333333,0.0,9041.37338888889,8561.95301851852,0.0,0.0,0.0
2025-01-31,118,warmup,1.349,435.2218,0.0,759.8337333333334,0.0,0.0,0.0,0.0,435.2218,0.0,8561.95301851852,8078.3732407407415,0.0,0.0,0.0
2025-01-31,119,warmup,1.3473,452.26518333333337,0.0,745.37385,0.0,0.0,0.0,0.0,452.26518333333337,0.0,8078.3732407407415,7575.856370370371,0.0,0.0,0.0
2025-01-31,120,warmup,1.3482,473.7766666666666,0.0,729.7533333333334,0.0,0.0,0.0,0.0,473.7766666666666,0.0,7575.856370370371,7049.437851851852,0.0,0.0,0.0
2025-01-31,121,warmup,1.3513,460.1149833333333,0.0,721.9010333333334,0.0,0.0,0.0,0.0,460.1149833333333,0.0,7049.437851851852,6538.198981481482,0.0,0.0,0.0
2025-01-31,122,warmup,1.34,461.3929,0.0,727.66305,0.0,0.0,0.0,0.0,461.3929,0.0,6538.198981481482,6025.540203703705,0.0,0.0,0.0
2025-01-31,123,warmup,1.3489,492.7716666666667,0.0,734.9133333333333,0.0,0.0,0.0,0.0,492.7716666666667,0.0,6025.540203703705,5478.01612962963,0.0,0.0,0.0
2025-01-31,124,warmup,1.3952,511.1099166666667,0.0,726.8146666666667,0.0,0.0,0.0,0.0,511.1099166666667,0.0,5478.01612962963,4910.116222222223,0.0,0.0,0.0
2025-01-31,125,warmup,1.2226,475.5378666666666,0.0,733.9936333333334,0.0,733.9936333333334,0.0,0.0,0.0,258.45576666666676,4910.116222222223,4910.116222222223,897.3806161133333,0.0,0.0
2025-01-31,126,warmup,0.9332,427.2416666666666,0.0,743.8433333333334,0.0,743.8433333333334,0.0,0.0,0.0,316.60166666666674,4910.116222222223,4910.116222222223,694.1545986666667,0.0,0.0
2025-01-31,127,warmup,0.9068,453.3493666666666,0.0,712.9366833333333,0.0,712.9366833333333,0.0,0.0,0.0,259.58731666666677,4910.116222222223,4910.116222222223,646.4909844466667,0.0,0.0
2025-01-31,128,warmup,0.9371,502.7923666666666,0.0,694.1468833333333,0.0,694.1468833333333,0.0,0.0,0.0,191.3545166666667,4910.116222222223,4910.116222222223,650.4850443716667,0.0,0.0
2025-01-31,129,warmup,0.9371,521.8066666666667,0.0,729.2633333333333,0.0,729.2633333333333,0.0,0.0,0.0,207.4566666666666,4910.116222222223,4910.116222222223,683.3926696666667,0.0,0.0
2025-01-31,130,warmup,0.9871,497.9759666666666,0.0,791.7407166666667,0.0,791.7407166666667,0.0,0.0,0.0,293.7647500000001,4910.116222222223,4910.116222222223,781.5272614216667,0.0,0.0
2025-01-31,131,warmup,0.7764,453.04175,0.0,734.2063833333333,0.0,734.2063833333333,0.0,0.0,0.0,281.1646333333333,4910.116222222223,4910.116222222223,570.03783602,0.0,0.0
2025-01-31,132,warmup,0.4209,410.9266666666667,0.0,594.3616666666667,0.0,594.3616666666667,0.0,0.0,0.0,183.435,4910.116222222223,4910.116222222223,250.16682550000002,0.0,0.0
2025-01-31,133,warmup,0.3859,387.2007833333333,0.0,559.2715833333333,0.0,559.2715833333333,0.0,0.0,0.0,172.07080000000002,4910.116222222223,4910.116222222223,215.82290400833332,0.0,0.0
2025-01-31,134,warmup,0.4368,387.29235,0.0,558.17205,0.0,558.17205,0.0,0.0,0.0,170.8797,4910.116222222223,4910.116222222223,243.80955144,0.0,0.0
2025-01-31,135,warmup,0.4198,397.6433333333334,0.0,550.5666666666667,0.0,550.5666666666667,0.0,0.0,0.0,152.92333333333335,4910.116222222223,4910.116222222223,231.12788666666668,0.0,0.0
2025-01-31,136,warmup,0.4186,395.9840333333333,0.0,569.3835166666667,0.0,569.3835166666667,0.0,0.0,0.0,173.39948333333336,4910.116222222223,4910.116222222223,238.34394007666668,0.0,0.0
2025-01-31,137,warmup,0.4241,391.0680333333333,0.0,557.2639666666666,0.0,557.2639666666666,0.0,0.0,0.0,166.19593333333336,4910.116222222223,4910.116222222223,236.33564826333333,0.0,0.0
2025-01-31,138,warmup,0.4237,395.1116666666667,0.0,532.4316666666667,0.0,532.4316666666667,0.0,0.0,0.0,137.32000000000005,4910.116222222223,4910.116222222223,225.5912971666667,0.0,0.0
2025-01-31,139,warmup,0.4248,408.8714833333333,0.0,572.1929166666666,0.0,572.1929166666666,0.0,0.0,0.0,163.32143333333335,4910.116222222223,4910.116222222223,243.06755099999998,0.0,0.0
2025-01-31,140,warmup,0.424,407.0644,0.0,597.64505,0.0,597.64505,0.0,0.0,0.0,190.58065,4910.116222222223,4910.116222222223,253.40150119999998,0.0,0.0
2025-01-31,141,warmup,0.422,401.20166666666665,0.0,588.5683333333333,0.0,588.5683333333333,0.0,0.0,0.0,187.36666666666662,4910.116222222223,4910.116222222223,248.37583666666663,0.0,0.0
2025-01-31,142,warmup,0.424,425.7475833333333,0.0,593.47725,0.0,593.47725,0.0,0.0,0.0,167.72966666666673,4910.116222222223,4910.116222222223,251.634354,0.0,0.0
2025-01-31,143,warmup,0.4271,436.3899,0.0,545.4895,0.0,545.4895,0.0,0.0,0.0,109.09960000000001,4910.116222222223,4910.116222222223,232.97856545,0.0,0.0
2025-01-31,144,warmup,0.4276,423.96,0.0,460.81,0.0,460.81,0.0,0.0,0.0,36.85000000000002,4910.116222222223,4910.116222222223,197.04235599999998,0.0,0.0
