policy,date,plan_cost_yuan,emergency_cost_yuan,total_cost_yuan,emergency_purchase_kwh,remaining_energy_kwh,charge_kwh,discharge_kwh,soc_min_kwh,soc_max_kwh,terminal_soc_kwh,max_balance_error
B1,2025-02-01,20158.55287739795,555.2538234367712,20713.80670083472,156.5879840651392,4313.484526373969,15564.88132637645,15769.824603411298,1396.4820788373684,10800.000000000004,1396.4820788373684,3.410605131648481e-12
B1,2025-02-02,54247.899114247295,743.0572381033769,54990.95635235067,223.42290139572432,4226.7334707351965,22960.68024915355,18734.732733360364,1244.7245993418205,10800.000000000002,1244.7245993418205,1.4779288903810084e-12
B1,2025-02-03,54476.08251206592,2983.4170208487153,57459.49953291464,863.4578795117205,3189.847954934605,23320.302144404675,18864.46451779672,1272.4803984207929,10800.0,1272.4803984207929,2.2737367544323206e-13
B1,2025-02-04,54320.202397083696,7146.652323303317,61466.85472038701,1878.9196091571966,2856.2385681617347,24514.046674981397,19839.401304717103,1200.0,10800.0,1291.3431784406032,2.956523914576792e-13
B1,2025-02-05,53683.57080723031,4016.917630957624,57700.48843818794,1160.1324791202653,1909.5541761437914,24007.44352255495,19528.238113866053,1200.0,10800.000000000002,1200.0,2.0463630789890885e-12
B1,2025-02-06,54216.548951764875,2646.516408097615,56863.065359862485,842.5461786258429,2489.48036308135,23820.512082405992,19272.764897916615,1224.2776542580468,10800.000000000002,1224.277654258047,4.547473508864641e-13
B1,2025-02-07,21370.11305098264,522.7161052461701,21892.82915622881,182.03608498369246,5866.768093979954,19791.148671195548,16052.680312500635,1200.0,10800.0,1200.0,1.7621459846850485e-12
B1,2025-02-08,18611.734471247997,5164.509869067303,23776.244340315297,1643.9053932190302,2460.945695387102,19049.652538096972,15430.218555858546,1200.0,10800.0,1200.0,3.410605131648481e-13
B1,2025-02-09,50356.60859590022,12035.27800323101,62391.886599131234,3585.3029962100854,520.5703848863182,24259.13995541329,19649.90336388477,1200.0,10800.000000000004,1200.0,2.2737367544323206e-13
B1,2025-02-10,52055.353594668886,2166.2123516655784,54221.565946334464,764.244536654198,5750.760910308761,21338.903401710977,17284.511755385887,1200.0,10800.000000000002,1200.0,1.1368683772161603e-12
B1,2025-02-11,50243.84516331333,4071.318903022129,54315.16406633546,938.6833373105168,2462.3423098743215,22491.11833691184,18217.805852898593,1200.0,10800.000000000002,1200.0,1.7053025658242404e-12
B1,2025-02-12,50189.63576017371,5094.407876891621,55284.04363706533,1291.3910480350812,2627.5496888294147,22626.901140558643,18327.789923852495,1200.0,10800.000000000004,1200.0,1.7053025658242404e-12
B1,2025-02-13,49093.146645317654,4617.35059317366,53710.49723849131,1283.5010895169676,5331.789185748746,20715.41770183982,16779.488338490257,1200.0,10800.000000000002,1200.0,2.2737367544323206e-13
B1,2025-02-14,18352.150234488672,4553.012475405633,22905.162709894306,1781.4734790745567,3764.291633056309,18299.784503013678,14822.825447441077,1200.0,10800.0,1200.0,6.821210263296962e-13
B1,2025-02-15,17824.40220161432,6923.460761960556,24747.862963574877,2486.1671220356,4234.578634515612,18008.99334951191,14587.284613104648,1200.0,10800.0,1200.0,1.2505552149377763e-12
B1,2025-02-16,46464.57035030725,16925.201730035158,63389.77208034241,4639.089227600997,569.0379458442414,23158.47611111111,18758.365649999996,1200.0,10800.000000000004,1200.0,5.7980287238024175e-12
B1,2025-02-17,47349.30062705535,4178.042815911465,51527.34344296682,1170.8749667569189,2982.081444511015,21776.24194632299,17638.755976521625,1200.0,10800.0,1200.0,5.684341886080801e-13
B1,2025-02-18,46910.25200773052,5400.67746946586,52310.92947719638,1576.1848062659983,1539.3869552552803,22847.647053171277,18506.59411306874,1200.0,10800.000000000002,1200.0,9.094947017729282e-13
B1,2025-02-19,46547.1274026977,10801.348467095437,57348.47586979314,2956.0696178011767,1507.7291569741858,23470.752366255147,19011.30941666667,1200.0,10800.000000000002,1200.0,2.2737367544323206e-13
B1,2025-02-20,45919.81304132057,6558.381501644761,52478.19454296533,1743.2040700196862,1571.9093769664873,22548.459504880808,18264.25219895345,1200.0,10800.0,1200.0,2.2737367544323206e-12
B1,2025-02-21,17787.634385438603,1773.7289856841278,19561.363371122734,766.7636524785858,6155.557084026241,17918.406387237716,14513.909173662552,1200.0,10800.000000000004,1200.0,1.4210854715202004e-12
B1,2025-02-22,17479.73227419595,6241.346868497354,23721.079142693303,2231.453954567562,4851.157755268316,17718.080137514273,14351.644911386556,1200.0,10800.0,1200.0,2.6716406864579767e-12
B1,2025-02-23,45016.876317699076,9985.080158498173,55001.95647619725,2940.8410443206158,744.1899741161616,22941.719522539897,18582.792813257314,1200.0,10800.0,1200.0,1.2505552149377763e-12
B1,2025-02-24,45212.66372974881,3179.6699260442037,48392.333655793016,855.6538959595613,2519.5879650274824,22086.9503258851,17890.42976396693,1200.0,10800.000000000004,1200.0,2.2737367544323206e-13
B1,2025-02-25,45022.05782392441,3588.160058268093,48610.217882192504,1038.1603946257417,4950.925186918309,21239.591130938792,17204.068816060426,1200.0,10800.000000000002,1200.0,2.2026824808563106e-13
B1,2025-02-26,44715.94720723836,5976.173277338073,50692.12048457643,1736.7349246559763,2033.5111801572662,22164.240460035475,17953.03477262874,1200.0,10800.000000000002,1200.0,1.4779288903810084e-12
B1,2025-02-27,43563.284775839464,9223.959894781732,52787.2446706212,2056.502592276888,2426.4834176923787,22490.307202431795,18217.148833969753,1200.0,10800.000000000002,1200.0,1.1368683772161603e-13
B1,2025-02-28,17124.202903975063,3963.3266850665136,21087.529589041576,1409.9404795878818,8226.157359603496,17220.348469494573,13948.482260290604,1200.0,10800.0,1200.0,2.2737367544323206e-13
B1,2025-03-01,16929.12176839321,3161.532352890221,20090.654121283427,941.1722458273248,7097.9821781348965,16504.710800798774,13368.815748647008,1200.0,10800.0,1200.0,5.684341886080801e-13
B1,2025-03-02,42928.40737243676,25904.48782668035,68832.89519911712,7871.510707515118,1418.6135369480933,24320.168148148143,19699.3362,1200.0,10800.0,1200.0,4.547473508864641e-13
B1,2025-03-03,44264.335564186586,18878.53781402728,63142.87337821386,5124.462701948957,1248.5571895746152,23295.692366094314,18869.5108165364,1200.0,10800.000000000004,1200.0,2.7284841053187847e-12
B1,2025-03-04,45258.38490481667,4882.862469544972,50141.24737436164,1584.0409211858323,2284.0621529801238,22714.64225264648,18398.860224643653,1200.0,10800.0,1200.0,2.2737367544323206e-13
B1,2025-03-05,45284.036964991115,3765.897162268068,49049.934127259185,974.2915068699855,5121.913317124208,21325.643865690414,17273.771531209237,1200.0,10800.000000000002,1200.0,1.1368683772161603e-13
B1,2025-03-06,43994.77302623684,5020.451615159641,49015.22464139648,1459.3433368836013,3578.0042294070945,21397.586273442383,17332.044881488335,1200.0,10800.000000000002,1200.0,1.1368683772161603e-13
B1,2025-03-07,16653.093571381047,2572.3510141286965,19225.444585509744,802.8093690848036,9189.117560418374,15784.964227364224,12785.82102416502,1200.0,10800.0,1200.0,9.094947017729282e-13
B1,2025-03-08,15713.910064451104,3066.9265765965465,18780.83664104765,1193.1932038259897,9358.004570968205,15657.77729611869,12682.799609856136,1200.0,10800.0,1200.0,4.547473508864641e-13
B1,2025-03-09,42173.46713769323,3821.924305128651,45995.391442821885,1273.1478318221727,3191.5505642903054,21816.06500842401,17671.01265682345,1200.0,10800.000000000002,1200.0,2.8421709430404007e-12
B1,2025-03-10,41788.78367740772,12678.965639247666,54467.74931665539,4215.5435340110425,766.3276890653817,21858.01040117259,17704.98842494979,1200.0,10800.000000000002,1200.0,2.504663143554353e-13
B1,2025-03-11,41603.12830954451,5630.606032474021,47233.73434201853,1533.270455816008,2630.599259378705,21001.298095730952,17011.051457542075,1200.0,10800.000000000002,1200.0,1.7195134205394424e-12
B1,2025-03-12,40820.89857084873,4973.609468842414,45794.50803969114,1465.9208953645182,2667.89649897852,21383.64740026143,17320.75439421176,1200.0,10800.000000000004,1200.0,1.6342482922482304e-13
B1,2025-03-13,39477.6653370642,22812.93324514929,62290.59858221349,6713.987654032894,536.3416417360501,21944.97539565204,17775.43007047815,1200.0,10800.0,1200.0,2.2737367544323206e-12
B1,2025-03-14,15095.68638148815,3625.489662064819,18721.176043552972,1269.7999820194743,11555.57867675517,15299.949372511799,12392.95899173456,1200.0,10800.000000000002,1200.0,2.2737367544323206e-13
B1,2025-03-15,15094.858435318307,6383.90438770661,21478.762823024917,2177.8881140476506,7758.954867968794,15122.86558389516,12249.521122955082,1200.0,10800.000000000004,1200.0,3.410605131648481e-13
B1,2025-03-16,39767.24549374373,9376.628829474157,49143.87432321789,2877.4945721769423,1473.7017009697033,21776.500551502555,17638.965446717073,1200.0,10800.000000000004,1200.0,2.504663143554353e-13
B1,2025-03-17,40607.551798436885,1782.6776255465643,42390.229423983445,528.6603833313283,6483.098514644017,19952.212793505427,16161.292362739405,1200.0,10800.000000000002,1200.0,2.2737367544323206e-13
B1,2025-03-18,38397.67881224255,10385.584862952743,48783.26367519529,2510.138137535627,1349.4418554535312,21677.77404219768,17558.996974180118,1200.0,10800.000000000002,1200.0,3.296918293926865e-12
B1,2025-03-19,38432.05058242901,6357.312885919565,44789.36346834858,1489.6775252220682,1987.4573753196644,21703.479475541677,17549.9835182948,1200.0,10800.0,1233.1498409932817,1.829647544582258e-13
B1,2025-03-20,38408.23018508864,10491.75416943442,48899.98435452306,3101.5272413951075,647.8460468077512,21610.97273863593,17534.722775189053,1200.0,10800.000000000002,1200.0,1.0089706847793423e-12
B1,2025-03-21,14781.294252527694,3019.53406003634,17800.828312564034,1113.5068493791293,15016.594110490838,14918.046180258321,12083.61740600924,1200.0,10800.0,1200.0,1.9326762412674725e-12
B1,2025-03-22,15045.097049380925,4939.951092693903,19985.04814207483,1692.1574291240076,12156.683856212514,14719.319757301504,11824.758445504272,1298.1691261181986,10800.000000000002,1308.767286566608,9.094947017729282e-13
B1,2025-03-23,37167.7401751693,9409.147482527944,46576.88765769725,2740.0036819090437,2121.5363284146715,21217.281482237442,17283.888558522274,1200.0,10800.000000000002,1200.0,1.5916157281026244e-12
B1,2025-03-24,37458.28317519053,6180.553972641377,43638.83714783191,1908.0784113213738,2146.1738068439477,21720.932397352743,17593.955241855718,1200.0,10800.0,1200.0,3.1885605267234496e-13
B1,2025-03-25,36424.804147977964,16057.807887127361,52482.612035105325,4844.6651205584385,754.6363762763043,21517.990339739623,17429.572175189092,1200.0,10800.000000000002,1200.0,1.4779288903810084e-12
B1,2025-03-26,36365.83536628807,4771.7933098089115,41137.62867609698,1373.782342374915,2616.76413440767,21333.333333333336,17280.000000000004,1200.0,10800.000000000004,1200.0,1.7053025658242404e-12
B1,2025-03-27,36129.31826063163,10770.746218558543,46900.06447919018,3246.922633807747,813.178402569858,21396.707530864194,17331.33310000001,1200.0,10800.000000000002,1200.0,1.4779288903810084e-12
B1,2025-03-28,14369.876721302428,1407.7914295118114,15777.66815081424,523.0467192544029,15260.391769957518,14662.87703708583,11876.93040003952,1200.0,10800.000000000002,1200.0,2.2737367544323206e-13
B1,2025-03-29,14021.437900230443,3027.040645122927,17048.47854535337,986.379961532297,18408.92824848185,14300.440362575944,11583.356693686515,1200.0,10800.000000000002,1200.0,2.2737367544323206e-13
B1,2025-03-30,35153.98394756705,6551.0414604710795,41705.025408038135,2255.9094737692985,1237.9054968064488,21520.16075028283,17431.330207729097,1200.0,10800.000000000002,1200.0,2.2737367544323206e-13
B1,2025-03-31,34892.948651412626,14338.799256992272,49231.7479084049,4557.377741814516,1755.2272481910902,20443.74992747494,16559.437441254704,1200.0,10800.000000000004,1200.0,2.3874235921539366e-12
B1,2025-04-01,35367.918002426115,16561.614401694278,51929.53240412039,5983.004311807861,748.3569772083237,20510.627149696924,16613.60799125451,1200.0,10800.000000000002,1200.0,3.410605131648481e-13
B1,2025-04-02,35315.97312062232,21257.1716042537,56573.14472487602,6810.511236232514,1203.2336265746364,21333.333333333325,17279.999999999996,1200.0,10800.000000000002,1200.0,1.2789769243681803e-13
B1,2025-04-03,35609.36239376915,8568.146615129184,44177.509008898334,2324.8952356000705,2330.0162283921645,21447.9812345679,17372.8648,1200.0,10800.000000000004,1200.0,1.1368683772161603e-13
B1,2025-04-04,13591.424715248093,1920.18659946525,15511.611314713344,768.3763482459675,18792.62468670503,14104.12396528433,11424.340411880306,1200.0,10800.0,1200.0,1.7053025658242404e-13
B1,2025-04-05,13697.46939908006,9547.716127905322,23245.18552698538,2968.363872392732,15591.956095031883,13826.025198873434,11199.080411087478,1200.0,10800.000000000002,1200.0,3.410605131648481e-13
B1,2025-04-06,34929.769711788394,4919.356013290995,39849.12572507939,1414.1621428607139,1660.4367528524313,20889.335771096063,16920.36197458781,1200.0,10800.0,1200.0,2.2737367544323206e-12
B1,2025-04-07,35074.57223493794,4430.341392844028,39504.91362778197,1536.5800642686643,3177.266544497283,19965.67755520074,16172.198819712597,1200.0,10800.000000000002,1200.0,2.2737367544323206e-13
B1,2025-04-08,35093.20645262154,7294.847684167527,42388.05413678907,2099.01789626391,2369.3136322181185,21333.8499382716,17280.418450000005,1200.0,10800.000000000004,1200.0,2.5011104298755527e-12
B1,2025-04-09,34561.438726999455,17739.75842612171,52301.19715312117,6158.902918098926,723.8745943163112,21607.63852085879,17502.187201895624,1200.0,10800.000000000002,1200.0,1.8189894035458565e-12
B1,2025-04-10,34361.36154149654,7264.074596862084,41625.43613835862,2182.1324039249,1162.534444528365,21323.123292195334,17271.72986667822,1200.0,10800.000000000002,1200.0,4.320099833421409e-12
B1,2025-04-11,13255.799239713397,1958.9458563287678,15214.745096042165,825.2025053104386,19559.36828002339,13701.077786476228,11097.873007045739,1200.0,10800.000000000002,1200.0,4.725109192804666e-13
B1,2025-04-12,13408.996367747473,3598.7832472500554,17007.77961499753,1198.7955061383593,16535.20785012383,13145.564062291873,10647.90689045642,1200.0,10800.0,1200.0,1.8758328224066645e-12
B1,2025-04-13,33334.17815148139,9216.206271263145,42550.38442274454,3260.51638369945,681.2859794659955,21157.144299827905,17137.286882860604,1200.0,10800.000000000004,1200.0,3.410605131648481e-12
B1,2025-04-14,33728.71013434253,4758.638684727275,38487.34881906981,1651.1505135328548,1884.0099030907006,20810.015108945205,16856.112238245616,1200.0,10800.000000000004,1200.0,1.8189894035458565e-12
B1,2025-04-15,33985.669905219605,6584.082974104339,40569.75287932395,1936.4251623011803,4817.293025484482,19651.279090395055,15917.53606322,1200.0,10800.0,1200.0,2.2737367544323206e-13
B1,2025-04-16,33566.4779435059,11020.13074683214,44586.60869033804,4258.991621527821,728.7563798290865,20668.235205176516,16741.27051619297,1200.0,10800.0,1200.0,2.2737367544323206e-13
B1,2025-04-17,33026.687642509285,7446.394363030809,40473.0820055401,2283.3543512872957,630.6579481961417,20408.61910978558,16530.98147892632,1200.0,10800.000000000004,1200.0,1.9326762412674725e-12
B1,2025-04-18,13045.556632507582,2200.236161627012,15245.792794134593,809.7662551082989,18340.103510327088,13197.10289360042,10677.498168402946,1213.505750459329,10800.0,1213.505750459329,1.1368683772161603e-12
B1,2025-04-19,12517.839523317441,2392.9826121366655,14910.822135454107,893.4644307550344,17074.786108529235,13007.517650347361,10548.244472194756,1200.0,10800.000000000004,1200.0,2.0463630789890885e-12
B1,2025-04-20,32607.37914962988,5038.9754673703,37646.35461700018,1852.5324568726228,585.7280519481543,20876.670688515533,16910.103257697578,1200.0,10800.000000000002,1200.0,6.821210263296962e-13
B1,2025-04-21,33219.81941831383,1913.0198413540254,35132.83925966786,724.8937180619428,4303.307100225259,19318.667530279905,15648.120699526726,1200.0,10800.000000000002,1200.0,2.2737367544323206e-13
B1,2025-04-22,32091.207937337385,9628.233989630142,41719.44192696753,3646.358676998525,870.7368481894166,19863.46833999186,16089.409355393409,1200.0,10800.0,1200.0,2.0605739337042905e-13
B1,2025-04-23,32580.264952487294,5546.886365525259,38127.151318012555,2015.5155473095047,1583.6012790332254,19522.615091454412,15777.794078287168,1239.4712731010072,10800.000000000002,1239.4712731010072,9.094947017729282e-13
B1,2025-04-24,31805.37998998675,3542.880813511435,35348.26080349819,1159.7573497006215,3597.566354715379,19152.177554749338,15548.787965137872,1200.0,10800.000000000002,1200.0,1.1368683772161603e-13
B1,2025-04-25,11993.859819923644,1562.7826068532543,13556.642426776898,599.4024309325378,20997.375343404183,12708.458821104114,10293.851645094333,1200.0,10800.0,1200.0,2.5011104298755527e-12
B1,2025-04-26,11796.791579981955,9260.44093684266,21057.232516824617,2742.633621558538,24871.403669873307,12452.030238642326,10086.144493300284,1200.0,10642.567437716689,1200.0,2.2737367544323206e-13
B1,2025-04-27,29973.062613563434,13613.51531730585,43586.57793086928,3318.076805111698,1336.0881463150506,19013.290263224502,15400.765113211848,1200.0,10800.000000000004,1200.0,2.2737367544323206e-13
B1,2025-04-28,31360.932656600176,27098.406755809374,58459.33941240955,9177.632043688785,891.869433051138,19402.733956511875,15716.214504774618,1200.0,10800.0,1200.0,5.684341886080801e-13
B1,2025-04-29,31991.623528850017,5785.195859266529,37776.81938811655,1392.9428200787793,4252.397116988995,17898.378095570082,14497.686257411766,1200.0,10800.0,1200.0,7.958078640513122e-13
B1,2025-04-30,31287.095288231743,6768.849750802533,38055.945039034275,2669.5363591038,3135.2813487289272,18349.74437218548,14863.292941470241,1200.0,10800.000000000002,1200.0,7.958078640513122e-13
B1,2025-05-01,30122.401996065328,25383.778142817326,55506.18013888266,5737.724845669212,961.6344695366286,18385.820350852675,14892.514484190666,1200.0,10800.0,1200.0,1.8189894035458565e-12
B1,2025-05-02,11932.42631878522,29650.500446948667,41582.926765733886,7462.025849605893,15319.582177823528,12323.899653797313,9982.358719575823,1200.0,10625.149022756075,1200.0,2.2737367544323206e-13
B1,2025-05-03,11934.089190101286,19835.24519445713,31769.334384558413,4757.279258594544,18170.06999267024,12259.926950077741,9930.540829562971,1200.0,10535.53607082798,1200.0,2.2737367544323206e-13
B1,2025-05-04,31180.281575200745,18449.62159817959,49629.903173380335,4870.0712199648815,1706.3053082349543,17847.17467283159,14456.211484993579,1200.0,10800.000000000004,1200.0,2.2737367544323206e-13
B1,2025-05-05,32104.29527999669,21409.610654290165,53513.90593428686,6005.09063940076,849.3433057097236,20834.72101736175,16876.124024063018,1200.0,10800.0,1200.0,2.9558577807620168e-12
B1,2025-05-06,31702.86538332248,18774.38504594582,50477.2504292683,5000.520467046202,1255.3961148067658,20181.452846727243,16346.976805849068,1200.0,10800.000000000005,1200.0,1.5916157281026244e-12
B1,2025-05-07,32057.506858428434,22582.958976438353,54640.46583486679,5708.83688734676,659.9504699177158,20001.441354701034,16201.167497307835,1200.0,10800.000000000004,1200.0,9.094947017729282e-13
B1,2025-05-08,34855.965450789656,13729.201937496022,48585.16738828568,4670.701971916635,1724.4557843948562,19558.74846594009,15842.586257411476,1200.0,10800.0,1200.0,2.1316282072803006e-13
B1,2025-05-09,14585.798860832097,2116.369101462688,16702.167962294785,694.1129610253325,17650.069683874022,12868.694202649143,10423.642304145806,1200.0,10800.000000000002,1200.0,1.3642420526593924e-12
B1,2025-05-10,14400.497810745039,8596.943211597969,22997.44102234301,2640.303562793165,15577.790801903804,12684.777239877332,10274.669564300639,1200.0,10800.000000000002,1200.0,3.979039320256561e-13
B1,2025-05-11,34723.517840291795,11000.414133643226,45723.931973935025,3632.912814292977,1489.4816355784249,19101.853574335357,15472.501395211642,1200.0,10800.000000000005,1200.0,2.2737367544323206e-13
B1,2025-05-12,35547.008827860926,3532.1185058542565,39079.12733371518,1062.3808327809857,4594.481826725706,17041.235541043043,13803.40078824487,1200.0,10800.000000000002,1200.0,2.2737367544323206e-13
B1,2025-05-13,35504.110727815685,2627.7488190564986,38131.85954687218,779.5182067257745,2600.7609955336006,19096.698511693037,15468.325794471366,1200.0,10800.000000000002,1200.0,2.2737367544323206e-13
B1,2025-05-14,35743.17367828731,2328.093878772934,38071.267557060244,764.6934647626268,2932.8765689390716,18772.42816813847,15089.312716926148,1329.2823325177906,10800.0,1329.2823325177906,2.2737367544323206e-13
B1,2025-05-15,34617.347772686466,5705.704336782858,40323.052109469325,1537.6379310794152,1986.023843829436,18943.26054009735,15266.948886199074,1414.9402783842124,10800.0,1414.9402783842124,2.2737367544323206e-13
B1,2025-05-16,13730.948842185799,1645.9651361910283,15376.913978376828,723.6184980935344,22254.130864970284,11860.013697184624,9800.057345265335,1200.0,10800.000000000002,1200.0,4.661160346586257e-12
B1,2025-05-17,13734.945887093654,11591.028115078352,25325.974002172006,3366.3973557436757,17264.12189853739,12056.541496001326,9765.798611761076,1200.0,10800.000000000002,1200.0,2.6716406864579767e-12
B1,2025-05-18,34238.41397999994,6889.031981609521,41127.445961609454,3003.098981578831,1481.26580618826,19238.861614088433,15555.010276378614,1231.6307011477923,10800.0,1231.6307011477925,3.410605131648481e-13
B1,2025-05-19,34116.254434396986,3013.1272080459094,37129.381642442895,704.5026733777632,5886.68527896432,18012.00792592117,14618.194051029162,1200.0,10800.000000000002,1200.0,2.2737367544323206e-13
B1,2025-05-20,33734.27104059726,12394.598386187392,46128.86942678466,4052.166428203387,1255.2152720053339,18383.301655240833,14890.47434074508,1200.0,10800.000000000002,1200.0,2.2737367544323206e-13
B1,2025-05-21,34124.10486963786,5527.923192454019,39652.02806209187,1645.86525873549,3045.6656363330862,17398.769659355472,14093.00342407793,1200.0,10800.000000000002,1200.0,2.2737367544323206e-13
B1,2025-05-22,32530.900768086914,7546.435462185905,40077.33623027282,2211.0764634248503,1360.89369186792,18075.52752033471,14641.177291471118,1200.0,10800.000000000002,1200.0,2.2737367544323206e-13
B1,2025-05-23,13517.407299583816,6767.006536360535,20284.413835944353,2003.2280369370367,19586.21954688777,12016.691808561063,9733.52036493446,1200.0,10800.0,1200.0,5.684341886080801e-13
B1,2025-05-24,13794.002316319018,1578.5646846476764,15372.567000966694,618.6979524871612,21142.271144658775,12016.149623784184,9662.792599252392,1200.0,10800.000000000002,1278.0984400142172,1.1937117960769683e-12
B1,2025-05-25,32640.83899471868,4450.172982045965,37091.01197676465,1043.1868742296376,2984.250013420527,17380.988056033224,14148.888921399706,1200.0,10800.0,1200.0,1.1368683772161603e-13
B1,2025-05-26,33231.15279079872,13809.353389139998,47040.50617993872,5504.250906808975,1324.2490065481916,19130.490318687756,15477.693404285372,1220.0041709463464,10800.0,1220.0041709463464,2.2737367544323206e-13
B1,2025-05-27,33918.718241774775,1502.6890489900686,35421.407290764844,550.0268270253116,3196.8207084978467,17622.220011769565,14292.001963385059,1200.0,10800.0,1200.0,1.1368683772161603e-13
B1,2025-05-28,33031.37014830335,13051.378919810648,46082.749068114,5230.888227955106,3194.81578163189,18886.685748640306,15298.215456398648,1200.0,10800.000000000002,1200.0,2.7355895326763857e-13
B1,2025-05-29,32444.100378825904,16188.599535330599,48632.6999141565,5576.068354609212,1101.8175374489615,19580.68223137255,15860.352607411767,1200.0,10800.0,1200.0,1.1368683772161603e-13
B1,2025-05-30,13355.863512559641,8491.315958607427,21847.179471167066,2278.451294362547,19428.612781776403,12203.202787626527,9813.14714497441,1200.0,10800.000000000002,1279.38568111453,2.1032064978498966e-12
B1,2025-05-31,13225.236371492841,10177.70641198757,23402.942783480412,3039.4071501230155,18387.839395545452,11942.432958183956,9744.81780913208,1200.0,10800.000000000002,1200.0,2.2737367544323206e-13
B1,2025-06-01,33331.01330744294,67238.5638676829,100569.57717512583,20464.271428586602,2.4990056311420146,22191.45216161655,17975.07625090941,1200.0,10800.000000000004,1200.0,2.5011104298755527e-12
B1,2025-06-02,34563.755928454615,56093.94598894611,90657.70191740071,15961.207542697988,51.93718232041459,22646.655029017715,18343.790573504353,1200.0,10800.0,1200.0,3.410605131648481e-13
B1,2025-06-03,35384.5352318045,48033.745539179385,83418.28077098388,13813.140337559358,78.19130974056439,22011.603625239615,17829.398936444082,1200.0,10800.000000000002,1200.0,2.2737367544323206e-13
B1,2025-06-04,36427.32770392566,44509.66500466225,80936.9927085879,13132.420323834529,25.540885610611326,21493.707211425008,17409.902841254258,1200.0,10800.000000000004,1200.0,2.0463630789890885e-12
B1,2025-06-05,37615.69980521369,44191.43508782395,81807.13489303764,13354.611306687202,27.432430297331166,22681.204362139913,18371.775533333333,1200.0,10800.0,1200.0,1.1368683772161603e-13
B1,2025-06-06,14407.836467773124,48593.385195282695,63001.22166305582,13128.685825872406,7415.373546348617,12676.927223404276,10268.311050957467,1200.0,10800.0,1200.0,2.2737367544323206e-13
B1,2025-06-07,15180.076242945783,33269.97689139589,48450.05313434167,9168.887045304322,4262.556637280372,12781.782229093022,10353.243605565349,1200.0,10800.000000000002,1200.0,3.979039320256561e-13
B1,2025-06-08,47794.01599592068,1690.4291181993872,49484.44511412007,485.8894158373735,8778.531314490034,18266.89316883746,14623.452304891425,1391.923513185465,10800.000000000004,1391.923513185465,2.7355895326763857e-13
B1,2025-06-09,47871.026679637325,5856.7051425073405,53727.73182214467,1576.2225744343216,4012.9947024883336,21180.513284875557,17239.276475955117,1299.6338296233364,10800.0,1299.6338296233364,2.2737367544323206e-13
B1,2025-06-10,48308.16243715312,2355.582448340884,50663.744885494,824.3486978994641,2743.3516409735275,22204.125220090904,17893.28085237521,1401.9233583993635,10800.0,1401.923358399364,2.2737367544323206e-13
B1,2025-06-11,48171.720855558146,19556.815008929418,67728.53586448757,4613.8602782056905,2156.426901214636,23387.26846665617,18913.59813462653,1200.0,10800.0,1435.355939915998,2.2737367544323206e-13
B1,2025-06-12,48646.474614991625,4975.259819816522,53621.734434808146,1419.0162355782304,2828.0551377949328,22379.437919527696,17989.97723607801,1587.986471848687,10800.0,1587.986471848687,2.2737367544323206e-13
B1,2025-06-13,20828.140881635158,1817.3756885593957,22645.516570194555,672.5778553904295,5452.125025187882,12666.837550561593,10301.471448746875,1200.0,10800.000000000004,1542.0608798575936,2.3874235921539366e-12
B1,2025-06-14,20707.995612822084,2676.8581206963077,23384.85373351839,1193.8158925147256,8283.583375366565,12436.76294797042,10225.305981221014,1373.6964427854032,10800.000000000002,1373.6964427854032,2.7284841053187847e-12
B1,2025-06-15,48850.36806204383,1913.6182261192907,50763.98628816312,560.5601567613892,4058.843110180721,21702.450785945402,17378.236724325296,1596.7502342192765,10800.0,1596.7502342192768,2.2737367544323206e-13
B1,2025-06-16,49568.42586422167,3994.350802927393,53562.77666714906,1224.6536456760964,3789.0302532258693,21952.218211874606,17810.08059296172,1564.7681882822858,10800.0,1564.7681882822858,2.948752353404416e-13
B1,2025-06-17,48607.99196630544,9710.218148189324,58318.21011449477,2376.3892096689183,2193.5153570577104,21758.32664541518,17848.541220254272,1315.5497022067525,10800.0,1315.549702206753,2.2737367544323206e-13
B1,2025-06-18,48714.3859525482,3307.0694120095964,52021.45536455779,939.8774226903416,4532.603086916177,20633.738484139503,16532.90089288027,1516.0244569542322,10800.0,1516.0244569542322,2.2737367544323206e-13
B1,2025-06-19,47818.165333760175,3279.946457249518,51098.11179100969,908.6653888406826,6013.812055469474,20996.23604864245,17291.3732106592,1200.0,10800.0,1200.0,2.2737367544323206e-13
B1,2025-06-20,20104.045448908695,751.9823930949127,20856.02784200361,266.1216501624457,9443.453579758321,12501.221540314702,9655.880868614235,1430.4344252940825,10800.0,1722.342865600751,4.547473508864641e-13
B1,2025-06-21,19628.278849138143,976.1405556046661,20604.41940474281,442.60885413119115,12792.560345526435,12183.971666753827,9904.85773965276,1240.701625243386,10800.000000000002,1682.5198771761313,2.6147972675971687e-12
B1,2025-06-22,45506.242877369,6017.592382995392,51523.83526036439,1758.183879820382,4457.854181627269,20393.34841758737,16952.88010770429,1200.0,10800.0,1200.0,2.2737367544323206e-13
B1,2025-06-23,46652.06200349086,4091.769821988427,50743.83182547928,1137.3712886471742,5308.652578828822,21844.44728692513,17541.05244163848,1369.9442897454207,10800.0,1369.9442897454207,2.2737367544323206e-13
B1,2025-06-24,45186.03882396305,33700.323531426264,78886.36235538931,9513.958140536195,1571.83185919839,23022.458840910673,18511.308088809572,1200.0,10800.0,1522.037147887724,2.2737367544323206e-13
B1,2025-06-25,45663.60761926604,8658.832562043122,54322.44018130916,2953.3802283276577,2356.9458941952557,22581.91370399306,18458.2875887251,1231.2656481481472,10800.0,1336.5510495647038,2.2737367544323206e-13
B1,2025-06-26,45724.584669452976,5728.655149789461,51453.23981924244,1661.9910338872671,4011.3857410418727,21881.343717809166,17846.78435603366,1200.0,10800.0,1200.0,2.2737367544323206e-13
B1,2025-06-27,18668.114659111263,858.7704817930118,19526.885140904273,374.2831165088122,10999.799415667798,12686.455391190333,10184.650730786341,1227.6100489602247,10800.000000000004,1301.5312623086982,2.0463630789890885e-12
B1,2025-06-28,18201.62369712194,2574.409957564987,20776.03365468693,795.324525768717,9279.975127545897,12595.472520527645,10269.981866004353,1214.2882223512886,10800.000000000002,1226.365568556518,1.7053025658242404e-12
B1,2025-06-29,44716.88211261728,8159.9636363520995,52876.845748969376,2687.4111187981825,2398.9888750479317,21693.356173769025,17572.356755835575,1225.5452851313376,10800.0,1225.5452851313376,3.410605131648481e-13
B1,2025-06-30,46965.8662908516,5629.489612285634,52595.355903137235,1610.5083272762465,3709.091828186197,20954.63962147798,16932.813506283022,1270.4837152581647,10800.0,1270.4837152581647,2.7355895326763857e-13
B1,2025-07-01,46195.1752213262,28734.794371345793,74929.96959267199,8288.371155916448,339.9868951349762,22086.09976565523,17953.176153913086,1200.0,10800.0,1200.0,2.2737367544323206e-13
B1,2025-07-02,44857.787950400314,28111.019058357655,72968.80700875797,7963.671161657677,4344.825076085923,19565.212640478192,15847.822238787334,1200.0,10800.0,1200.0,2.2737367544323206e-13
B1,2025-07-03,42878.90568678818,49834.24208767486,92713.14777446304,14509.762114703935,0.0,23041.800144032917,18663.858116666666,1200.0,10800.0,1200.0,1.7053025658242404e-13
B1,2025-07-04,18189.623053099473,33145.30041403553,51334.923467135006,9260.059624299402,10281.062708163328,12587.474198310165,10195.854100631237,1200.0,10800.000000000004,1200.0,2.2737367544323206e-13
B1,2025-07-05,17948.73463708927,38488.7168680722,56437.45150516147,10375.129658681839,11586.036637562473,12478.230129091955,10107.366404564485,1200.0,10800.0,1200.0,2.0463630789890885e-12
B1,2025-07-06,40756.051093173744,63550.696645097,104306.74773827074,18604.991934511374,0.0,24034.791253080435,19468.18091499515,1200.0,10800.0,1200.0,3.410605131648481e-13
B1,2025-07-07,43279.709941699955,26463.149538813897,69742.85948051386,7862.354534883313,376.43756151956006,19605.654617178614,15880.580239914678,1200.0,10800.0,1200.0,1.1368683772161603e-13
B1,2025-07-08,53680.47717554301,3186.9515078920863,56867.4286834351,932.2064094404818,5852.364960408374,22039.646134688865,17466.079582825536,1526.7079787800226,10800.0,1628.9264291916027,2.2737367544323206e-13
B1,2025-07-09,52779.82944817905,2319.216885859453,55099.0463340385,704.7493910705676,6016.39649243373,20646.719982539442,16572.295855011227,1797.3123523535126,10800.0,1797.3123523535132,3.6415315207705135e-13
B1,2025-07-10,50987.56812270479,2484.259543458484,53471.82766616328,767.863086417633,4762.353183931707,20431.107942450493,17086.778550503066,1200.0,10800.0,1200.0,1.6342482922482304e-13
B1,2025-07-11,27132.365469641452,3943.91090369849,31076.27637333994,1622.2807424446376,10642.454566643906,13549.77390822669,10291.531384960877,1200.0,10800.0,1959.76164522527,3.410605131648481e-13
B1,2025-07-12,25713.456907000713,1324.5275184423642,27037.984425443075,415.041469387475,10229.57075086296,12490.873891949499,10641.073343536345,1200.0,10800.000000000002,1378.1333218283175,1.8118839761882555e-13
B1,2025-07-13,50263.42854643016,2370.922520420049,52634.351066850206,474.2636100840367,7187.567185009668,20178.213519596233,16179.794163213088,1560.9764192281652,10800.0,1560.9764192281652,3.410605131648481e-13
B1,2025-07-14,52480.11704477975,1140.9190009156305,53621.03604569538,209.85210401703532,8057.167737009966,18485.153401368356,14984.284812357275,1548.409133396047,10800.000000000002,1548.4091333960478,2.7711166694643907e-13
B1,2025-07-15,51620.41881934537,4144.756679643713,55765.17549898908,1611.4575049114105,6687.939607535565,19147.612982849685,15245.332033331979,1842.0030031474569,10800.0,1842.0030031474573,2.4868995751603507e-13
B1,2025-07-16,50071.39349439826,2983.1642038699997,53054.55769826826,854.2673978545658,4830.027120086835,19061.6141648218,15893.490372259566,1338.022004532008,10800.000000000002,1338.022004532008,2.2737367544323206e-13
B1,2025-07-17,49066.35435731201,6065.42177617138,55131.77613348339,1800.1724336984364,2781.6192785314884,21196.19385013981,17209.942552414464,1292.438078086213,10800.000000000002,1292.438078086213,2.7000623958883807e-13
B1,2025-07-18,25839.624577918712,3366.7464920063667,29206.37106992508,1259.7118759010839,10221.944962664047,13014.786589059886,10144.239462749663,1475.3379686968733,10800.0,1734.368827407151,2.8421709430404007e-13
B1,2025-07-19,24671.20978613724,2413.704350384979,27084.914136522217,740.5272145488567,13070.790386137778,11938.212716577265,10038.271915146619,1325.1248110526724,10800.000000000002,1325.1248110526724,1.7053025658242404e-12
B1,2025-07-20,48413.179908498154,4748.568448917069,53161.74835741523,1747.1298925745275,2340.7962098602397,20175.11437537532,16347.396665710932,1318.9536758783147,10800.0,1318.9536758783147,2.2737367544323206e-13
B1,2025-07-21,51944.18964703923,1912.4001205054578,53856.58976754469,668.2219329570219,4354.818743071817,20814.74509546512,16399.135921381785,1830.9621269282693,10800.0,1830.9621269282693,2.4868995751603507e-13
B1,2025-07-22,50822.10399370948,4168.4234719664455,54990.52746567593,1252.0485412377266,4326.621210363549,20336.979564293226,16867.398268399855,1392.6901032367798,10800.0,1392.6901032367798,2.2737367544323206e-13
B1,2025-07-23,50695.064939904696,3481.357051140903,54176.4219910456,1099.8071735316921,3352.1418366582648,21564.155767783905,17483.874998654454,1373.9025179595699,10800.0,1373.9025179595699,3.268496584496461e-13
B1,2025-07-24,49252.290620435226,9682.629781852644,58934.92040228787,2797.7632505377624,3597.3270032025207,20067.393806707616,16254.772252481966,1373.6988856831276,10800.0,1373.6988856831279,2.728928194528635e-13
B1,2025-07-25,25181.84202964538,881.7414788651968,26063.58350851058,327.5113933268067,13367.823962139491,12867.218802512089,10267.077795509953,1495.394636742546,10800.0,1546.331590710728,6.821210263296962e-13
B1,2025-07-26,24879.5047765402,1918.3135429446304,26797.81831948483,851.7464411628471,11806.304328775848,12740.631778273342,10480.116615893694,1291.3855929812732,10800.000000000002,1368.3261734970768,2.7355895326763857e-13
B1,2025-07-27,48139.07135441488,11266.182384234493,59405.25373864937,3627.145314814472,2258.048290276511,22169.344827801608,17993.810485437294,1200.0,10800.000000000002,1327.6137569215255,2.2737367544323206e-13
B1,2025-07-28,50477.86948884416,12979.392727262404,63457.26221610657,4034.3112032833847,1940.461037994142,22152.3969224352,17781.370132680295,1200.0,10800.0,1507.6930619128814,2.2737367544323206e-13
B1,2025-07-29,51896.90244599945,4298.000385372035,56194.90283137148,1504.5221897596523,3818.7393538416577,21358.05750322437,17247.599377230265,1565.94550678119,10800.0,1565.94550678119,2.042810365310288e-13
B1,2025-07-30,50789.84637621332,3882.4425793764285,54672.28895558975,1173.9186332932654,3922.8203159274735,21195.78031195039,17149.37018222766,1287.2510370370355,10800.0,1587.2920295058082,2.5579538487363607e-13
B1,2025-07-31,48904.356267959236,9326.56807247094,58230.924340430174,2571.2042791610957,2443.6663476129183,21398.293034013415,17681.18018410609,1200.0,10800.000000000004,1200.0,2.2737367544323206e-13
B1,2025-08-01,25061.151760119683,1054.7734531348042,26115.92521325449,459.9614179671563,18650.06733965069,12534.534910061227,9918.417374612924,1460.6176694851877,10800.0,1460.6176694851877,5.684341886080801e-13
B1,2025-08-02,24021.674514667397,1068.056946841394,25089.73146150879,304.2691816663619,17641.313064406346,12570.11196890285,10353.30362801245,1270.047743706145,10800.000000000002,1270.047743706145,3.979039320256561e-13
B1,2025-08-03,46060.630989797064,5281.500011895272,51342.13100169234,1236.0347593167708,8306.460192014947,18287.774381309395,14876.140218196142,1200.0,10800.0,1200.0,1.1368683772161603e-13
B1,2025-08-04,46828.36367112354,2289.1919557163114,49117.55562683985,583.1233568257913,5382.72519253407,18413.645236116896,14652.234133802003,1492.0205638363145,10800.0,1492.0205638363145,2.2737367544323206e-13
B1,2025-08-05,46143.896674024065,1827.0294817969134,47970.92615582098,677.4184546109913,4405.919212395282,19201.545940040578,15565.116290765101,1478.8382534671637,10800.0,1478.8382534671641,2.2737367544323206e-13
B1,2025-08-06,45074.97563873054,11891.147651978034,56966.12329070857,3379.817444691176,2764.5708021020914,19519.53521161245,16061.777949526531,1200.0,10800.0,1200.0,2.2737367544323206e-13
B1,2025-08-07,43906.00100445011,3129.7823562232525,47035.78336067336,1259.082750120654,2549.7238551441014,19838.18360997373,16068.928724078723,1200.0,10800.0,1200.0,2.2737367544323206e-13
B1,2025-08-08,23863.941729041686,1451.71980417321,25315.661533214898,356.14192319525574,22346.789658387763,13097.753281953703,10454.002307991053,1200.0,10800.000000000002,1372.419833768275,3.979039320256561e-13
B1,2025-08-09,22533.481919285037,4951.916293170915,27485.39821245595,1592.8925687746,18839.846968664322,12808.487812346626,10530.052978392208,1200.0,10800.000000000002,1200.0,1.4779288903810084e-12
B1,2025-08-10,43021.09603405119,10810.708595419519,53831.80462947071,3407.225872258841,1225.6834158552147,18864.17985196112,15172.433222024974,1319.5027311816993,10800.0,1319.5027311816993,2.2737367544323206e-13
B1,2025-08-11,45570.2271884317,1653.8059879654675,47224.03317639717,434.7991399409732,3647.606882200522,20042.19496888298,16306.597492406136,1239.0365449473445,10800.0,1239.0365449473445,2.948752353404416e-13
B1,2025-08-12,44316.26014258577,12236.018022840086,56552.27816542586,3736.980052202646,1759.2885168675857,19017.29874521856,15360.401090805348,1287.4930925269919,10800.0,1287.4930925269919,2.2737367544323206e-13
B1,2025-08-13,44072.814372100554,8039.90129347468,52112.71566557523,2909.5383769980417,2105.041931741858,19138.791922803015,15445.629611203603,1350.5951439345943,10800.0,1350.5951439345943,2.0605739337042905e-13
B1,2025-08-14,42610.32556496721,14048.699100095982,56659.02466506319,4360.006228088448,1650.6583988578102,20747.809850355854,16941.261608329376,1200.0,10800.0,1200.0,2.2737367544323206e-13
B1,2025-08-15,23199.200220886905,2605.983920209677,25805.184141096583,911.4592717078995,20586.31188258231,13356.619904557174,10818.862122691313,1200.0,10800.0,1200.0,3.296918293926865e-12
B1,2025-08-16,22629.677185147644,4969.040775482825,27598.71796063047,1482.6545122623754,20853.68294227391,13126.138686931063,10632.172336414158,1200.0,10800.0,1200.0,1.1368683772161603e-13
B1,2025-08-17,42302.92521377055,9569.535671610565,51872.46088538111,2512.474415711341,1611.964051835817,19412.53306237252,15724.151780521743,1200.0,10800.0,1200.0,2.2737367544323206e-13
B1,2025-08-18,44723.121520074594,5529.4710654333285,50252.592585507926,1441.9183553912312,2911.7343478927314,20380.287229796806,16200.04772708082,1542.2054767273244,10800.0,1542.2054767273248,2.2737367544323206e-13
B1,2025-08-19,44903.352103132966,4097.947515576594,49001.299618709556,1237.6563787410007,3517.6695700169207,18707.03851835985,15269.883006449034,1412.0034694189283,10800.0,1412.0034694189283,2.2737367544323206e-13
B1,2025-08-20,43992.38908069111,24284.951347491547,68277.34042818265,7700.191889726489,1863.3802906146168,21225.14572068058,17383.171156228313,1200.0,10800.0,1200.0,2.2737367544323206e-13
B1,2025-08-21,43934.670098610484,8768.686436462149,52703.356535072635,2661.668080768635,2014.1078663552653,19178.964803742536,15534.961491031458,1200.0,10800.0,1200.0,2.2737367544323206e-13
B1,2025-08-22,23456.924241416724,6899.825707520653,30356.749948937377,2030.126060940669,18296.077174409886,13289.522433818465,10764.513171392959,1200.0,10800.000000000004,1200.0,2.1600499167107046e-12
B1,2025-08-23,23142.614551964023,2128.9216647117837,25271.536216675806,692.1857709661209,15171.27627883671,13215.620362735948,10704.65249381612,1200.0,10800.0,1200.0,3.637978807091713e-12
B1,2025-08-24,43636.87759357857,8256.727253013112,51893.604846591676,2077.011526874758,2908.7882295566283,20694.021800245315,16762.157658198706,1200.0,10800.0,1200.0,2.4868995751603507e-13
B1,2025-08-25,45984.84512077414,15328.075018037907,61312.92013881205,5002.402045277315,1842.5439019565015,21258.86903898822,16880.08319500767,1577.3341406364339,10800.0,1577.3341406364339,2.2737367544323206e-13
B1,2025-08-26,46713.18741854514,3072.550443452055,49785.73786199719,700.744990921674,4788.147197219976,19420.180100430414,15670.600975585598,1643.717369262035,10800.0,1643.717369262035,2.2737367544323206e-13
B1,2025-08-27,45595.81279105525,8309.137119113975,53904.94991016922,3001.564836277191,2345.462575976824,21389.845450895697,17569.46184062085,1280.9768153419084,10800.000000000002,1372.9540077116612,2.0605739337042905e-13
B1,2025-08-28,44910.511963641184,18426.576411592767,63337.08837523395,6730.403093117044,2191.3816672664475,21475.462208352947,17550.78299570638,1200.0,10800.000000000002,1200.0,2.2737367544323206e-13
B1,2025-08-29,25090.566959419615,2082.314013487476,27172.880972907093,560.9405776358419,16822.44255895233,13983.299411751339,10871.917223534665,1200.0,10800.0,1705.061444426575,1.3642420526593924e-12
B1,2025-08-30,23820.242096729376,2799.7795182661976,26620.021614995574,865.0115083115074,20600.93373469818,12622.984913781784,10679.173080147164,1200.0,10800.000000000002,1200.0,1.8207657603852567e-13
B1,2025-08-31,44619.72812902263,8180.8323982173515,52800.560527239984,2852.354523679188,2025.6678655819035,20945.88450934136,16966.1664525665,1200.0,10800.0,1200.0,1.1368683772161603e-13
B1,2025-09-01,46538.51033058864,43.059286505150524,46581.56961709379,20.484320183737054,14296.708550871213,18049.81459825601,12958.138588615482,1950.0,10800.0,3046.9013733020956,1.1368683772161603e-13
B1,2025-09-02,44077.61026829383,210.14636570100123,44287.756633994824,78.76080477394203,11521.399225473484,18607.4312708831,15456.645898215043,1806.4104829031162,10800.0,2619.538519080166,1.1368683772161603e-13
B1,2025-09-03,43525.11378488119,492.7231015978269,44017.83688647902,132.19663067333988,9152.190314494803,17250.360622725144,13832.838172478054,2775.0428878905122,10800.000000000002,2775.0428878905122,1.1368683772161603e-13
B1,2025-09-04,42827.511392170454,450.03994937883533,43277.55134154929,118.88861700353812,9639.668284338473,18423.466070484377,15259.319856340666,2281.4860190439176,10800.0,2401.362510947936,1.1368683772161603e-13
B1,2025-09-05,21893.02520694534,589.9214923807881,22482.94669932613,253.17088129056236,27730.830604858016,12245.46841799317,9623.955760156125,1610.453619529044,10800.000000000002,2728.99990919054,2.0463630789890885e-12
B1,2025-09-06,21211.084204988692,1560.9881471998701,22772.07235218856,433.06536874952144,26346.290733670536,11714.533925686239,9416.60166536084,1200.0,10800.0,2809.1897030183327,1.4779288903810084e-12
B1,2025-09-07,39730.52916534278,2867.658879835014,42598.18804517779,1258.2579121852357,5039.606923789058,18719.30108076746,15749.138628786799,1648.260939769753,10800.0,2157.5177548348274,1.1368683772161603e-13
B1,2025-09-08,33091.10667026007,30542.56584861679,63633.67251887686,8961.652844065095,45.66832341216252,19330.731158181483,16519.658217478343,1200.0,10800.000000000002,1200.0,2.2737367544323206e-13
B1,2025-09-09,34939.10370080256,13867.695652235121,48806.79935303768,3564.168945418302,3091.0350674574106,20085.278157891018,16269.075307891719,1200.0,10800.000000000002,1200.0,2.2737367544323206e-13
B1,2025-09-10,34318.66014100425,36793.259405017976,71111.91954602223,10410.542132138175,232.68342903964952,20177.49665632704,16343.7722916249,1200.0,10800.0,1200.0,1.3642420526593924e-12
B1,2025-09-11,34046.01647662312,14648.999723048595,48695.01619967171,3895.849669981164,1579.6126294261248,21126.35308888704,17112.3460019985,1200.0,10800.000000000002,1200.0,4.547473508864641e-13
B1,2025-09-12,15213.259280485676,10727.961929642119,25941.221210127795,3155.2628279934434,17358.719991105736,13673.026263469372,11075.15127341019,1200.0,10800.000000000002,1200.0,2.6556534749033744e-13
B1,2025-09-13,14817.0654273645,12931.522446692334,27748.587874056833,3391.715581161614,20825.798093921887,13705.943298343962,11101.814071658606,1200.0,10800.000000000005,1200.0,1.1368683772161603e-13
B1,2025-09-14,33693.64547821657,32939.52667450423,66633.1721527208,9719.842659986387,137.34031176581811,20464.246334081447,16576.03953060597,1200.0,10800.000000000004,1200.0,2.2737367544323206e-13
B1,2025-09-15,36830.776284237545,10512.246652076326,47343.02293631387,2738.360870592321,3227.852158879288,21383.545626998337,17320.671957868653,1200.0,10800.0,1200.0,2.2737367544323206e-13
B1,2025-09-16,36711.27098390357,15933.022631568381,52644.29361547195,5190.418989276085,759.1464651994506,21248.957750147183,17211.65577761922,1200.0,10800.000000000002,1200.0,2.2737367544323206e-13
B1,2025-09-17,36363.14911430854,18571.606608863916,54934.75572317245,5609.052439571164,405.92290775932713,21343.656863374483,17288.362059333336,1200.0,10800.000000000002,1200.0,6.821210263296962e-13
B1,2025-09-18,35435.01095273507,21143.009314786144,56578.02026752122,5773.967100843614,104.37842250102528,21414.522242798354,17345.763016666668,1200.0,10800.000000000002,1200.0,6.821210263296962e-13
B1,2025-09-19,16228.124740965097,9517.851222238176,25745.975963203273,2713.9652206202527,13980.35007424873,14263.194645707445,11553.187663023034,1200.0,10800.000000000005,1200.0,1.9326762412674725e-12
B1,2025-09-20,15437.58603970907,17039.010958506657,32476.596998215726,4510.243337482915,15173.410749332024,14074.802377453812,11400.589925737591,1200.0,10800.0,1200.0,1.1368683772161603e-13
B1,2025-09-21,36792.349492791065,14438.357330044098,51230.70682283516,4058.6475686295616,1694.2302804953554,20255.100850716404,16406.631689080285,1200.0,10800.000000000004,1200.0,1.3642420526593924e-12
B1,2025-09-22,38647.489903139234,11332.479405639198,49979.96930877843,3282.7985936553523,1294.9971660081812,20772.395577583527,16825.640417842653,1200.0,10800.000000000002,1200.0,2.2737367544323206e-13
B1,2025-09-23,39357.08335391159,13522.556892101427,52879.64024601302,3708.003645090826,1285.7490223829027,21835.819609053495,17687.013883333333,1200.0,10800.000000000002,1200.0,2.2737367544323206e-13
B1,2025-09-24,38718.23393514763,12107.66687433732,50825.90080948495,3392.8158540922373,1266.8918215510462,21333.333333333332,17280.000000000004,1200.0,10800.000000000004,1200.0,2.9558577807620168e-12
B1,2025-09-25,37954.31408447827,14554.6445254554,52508.95860993367,4207.563092321962,1255.6157041474053,21277.01426994983,17234.381558659363,1200.0,10800.000000000002,1200.0,1.9895196601282805e-13
B1,2025-09-26,16956.361125770974,5189.862623111199,22146.223748882177,1759.038592449291,12473.53328058367,14817.83243322689,12002.444270913786,1200.0,10800.0,1200.0,2.2168933355715126e-12
B1,2025-09-27,16235.768286210281,21013.025185169845,37248.79347138013,5910.7198641897185,15496.424584792881,14614.16623987643,11837.474654299907,1200.0,10800.000000000005,1200.0,1.3642420526593924e-12
B1,2025-09-28,38174.43074556291,21057.59404868335,59232.02479424625,6130.757609555363,449.1185183411238,21633.475864197528,17523.11545,1200.0,10800.000000000002,1200.0,2.2737367544323206e-13
B1,2025-09-29,40936.0037804425,7982.626375761568,48918.63015620407,2160.821011671246,1539.7899289410163,21533.587088710618,17442.205541855605,1200.0,10800.0,1200.0,2.2737367544323206e-13
B1,2025-09-30,41310.16633749695,14908.955787550214,56219.122125047164,4370.70124306816,1159.918178759953,22110.01059056254,17909.108578355652,1200.0,10800.000000000002,1200.0,2.2737367544323206e-13
B1,2025-10-01,40947.64340171498,598.3108967387864,41545.95429845377,266.81488665322587,12745.034951136677,19429.021929245646,15100.298140320663,1908.010691520344,10800.0,1908.0106915203444,4.547473508864641e-13
B1,2025-10-02,38314.35453273834,1809.9756226108962,40124.330155349235,776.7954440487168,7219.028465651972,20166.582380148855,16448.03544628873,1548.8198329788906,10800.0,1782.3398933335047,1.1368683772161603e-12
B1,2025-10-03,16385.995575445384,1106.032379884287,17492.02795532967,504.13894065898234,20052.354889172697,14268.12203864531,11275.680851304145,1415.8579310869302,10800.0,2095.1154488874577,6.821210263296962e-13
B1,2025-10-04,16612.951631313597,3489.4131439106045,20102.364775224203,1130.1890580275156,15754.61067665763,14183.35502411662,11379.866525133757,1200.0,10800.0,2215.8388315549123,1.6484591469634324e-12
B1,2025-10-05,36418.52873373374,2691.1893154325617,39109.7180491663,1069.7939425504253,1879.8519423801222,20117.433846462798,16817.771068901635,1278.4707066285714,10800.0,1635.116994591837,1.8474111129762605e-13
B1,2025-10-06,38888.83651033046,3794.8886654728176,42683.72517580327,1499.085237501559,1970.4472600164574,20707.155549478568,16634.160885174,1387.8970018281236,10800.000000000002,1789.1560055958837,2.0516921495072893e-13
B1,2025-10-07,38286.7587589234,7753.348638902401,46040.1073978258,2444.6156066575104,1975.7627621705626,20735.690135855908,16623.27439785299,1200.0,10800.0,1980.9722413628729,4.405364961712621e-13
B1,2025-10-08,33993.21274683504,14693.910074498797,48687.12282133384,4169.511792242723,735.2847417145813,20465.586398485695,17280.0,1200.0,10800.000000000004,1200.0,1.1368683772161603e-12
B1,2025-10-09,34089.98507956454,16659.952881103894,50749.93796066843,4125.035060822553,1025.3559834280584,21370.105137159702,17309.785161099353,1200.0,10800.000000000002,1200.0,2.0463630789890885e-12
B1,2025-10-10,14505.985358612323,7456.850090939125,21962.835449551447,2276.4317805515293,18588.968138761225,15387.869677681396,12464.174438921931,1200.0,10774.888666135936,1200.0,2.2737367544323206e-13
B1,2025-10-11,14657.597112469943,8610.042174050968,23267.639286520913,2320.4926102849126,14307.850767904316,15733.646638236196,12744.253776971322,1200.0,10765.117037221857,1200.0,3.410605131648481e-13
B1,2025-10-12,34811.1006309854,19772.610687205593,54583.711318190995,5576.9423382198465,557.8672828662527,21424.927787585697,17354.191507944415,1200.0,10800.000000000004,1200.0,1.7053025658242404e-12
B1,2025-10-13,37572.86159884063,5861.784779444844,43434.64637828547,1548.054680073867,2169.287471176727,21430.497692070898,17358.703130577425,1200.0,10800.000000000002,1200.0,9.094947017729282e-13
B1,2025-10-14,36701.10678698599,18134.367530917265,54835.47431790326,4770.943140512505,419.3472884826305,21413.77118336085,17345.154658522282,1200.0,10800.000000000002,1200.0,2.2737367544323206e-12
B1,2025-10-15,36543.37263080771,20909.125708473995,57452.4983392817,6196.170637173416,229.21390348339455,21761.27605821878,17626.63360715721,1200.0,10800.000000000004,1200.0,2.2737367544323206e-13
B1,2025-10-16,36508.0300022867,27041.511186424523,63549.54118871122,7377.466241602047,146.90149579048753,22141.040833566814,17934.243075189122,1200.0,10800.000000000002,1200.0,2.2737367544323206e-13
B1,2025-10-17,15856.458668662668,4887.686226686264,20744.14489534893,1512.7786066109118,13189.421179148516,15823.072628717908,12816.688829261508,1200.0,10800.000000000002,1200.0,3.410605131648481e-13
B1,2025-10-18,15380.522977838102,7534.095127033044,22914.618104871148,2492.0825793487284,13316.487129218018,15760.851887439841,12766.290028826275,1200.0,10800.000000000004,1200.0,2.8421709430404007e-13
B1,2025-10-19,37807.42670121422,22801.290999769164,60608.71770098338,6019.139554143002,352.27315705955374,22357.822129862976,18109.835925189018,1200.0,10800.000000000002,1200.0,1.5916157281026244e-12
B1,2025-10-20,40452.983330782685,12206.054429700387,52659.03776048307,3242.461325130208,794.8290175429555,21685.22856750964,17565.035139682812,1200.0,10800.000000000002,1200.0,2.2737367544323206e-13
B1,2025-10-21,40874.68129226814,13658.717465846797,54533.398758114934,4247.88685339493,574.6027812367895,22190.21509457202,17974.074226603334,1200.0,10800.000000000002,1200.0,7.958078640513122e-13
B1,2025-10-22,40386.70847722803,18396.52670916891,58783.23518639694,4554.6863622974915,1360.0909543462171,21478.973076364902,17397.96819185557,1200.0,10800.000000000002,1200.0,2.7284841053187847e-12
B1,2025-10-23,40357.79835928667,10850.504073884986,51208.30243317166,2894.1262806365435,1543.8264980819122,21901.22120393706,17739.98917518902,1200.0,10800.000000000004,1200.0,3.069544618483633e-12
B1,2025-10-24,16177.730936126058,6178.470610214804,22356.20154634086,1719.7834338136079,11359.22157008736,16425.85007965369,13304.938564519493,1200.0,10800.000000000005,1200.0,6.423306331271306e-12
B1,2025-10-25,15788.785091814443,7858.6057390529695,23647.39083086741,2199.290029665167,10531.189136088917,16126.22030877323,13062.238450106317,1200.0,10800.000000000004,1200.0,2.2737367544323206e-13
B1,2025-10-26,40873.644787493984,7624.942708043367,48498.58749553735,2312.370886749085,516.8682689067459,21868.445442683525,17713.440808573654,1200.0,10800.0,1200.0,1.9326762412674725e-12
B1,2025-10-27,42668.90732718729,6901.060522235989,49569.96784942328,1912.3798192841903,3829.67611993169,21584.488373156142,17483.435582256476,1200.0,10800.000000000004,1200.0,1.7053025658242404e-12
B1,2025-10-28,42030.75085222233,9619.11825690922,51649.869109131556,2563.0237966779346,1150.8330746966335,21949.305566077208,17778.937508522537,1200.0,10800.000000000004,1200.0,1.971756091734278e-12
B1,2025-10-29,41674.327248966656,21885.181307208593,63559.50855617525,6186.314518161689,445.68136420531994,22413.31826253495,18154.787792653315,1200.0,10800.000000000002,1200.0,4.092726157978177e-12
B1,2025-10-30,41171.23620507064,10453.30755844383,51624.54376351447,2742.0479062401578,1173.711789886453,22060.474641344776,17868.984459489275,1200.0,10800.0,1200.0,2.0463630789890885e-12
B1,2025-10-31,17141.178033761826,6469.286278431879,23610.464312193704,2221.5577656663713,7727.971736446252,16923.862499082923,13708.328624257172,1200.0,10800.000000000002,1200.0,2.6147972675971687e-12
B1,2025-11-01,16540.460616548622,6801.298541233806,23341.759157782428,2240.9038693245775,8282.652049759236,16734.95029007017,13555.309734956836,1200.0,10800.000000000004,1200.0,2.2737367544323206e-13
B1,2025-11-02,42437.19184037248,16419.04382487035,58856.23566524282,4091.2893621922344,493.9563779038439,22481.46805473977,18209.98912433921,1200.0,10800.000000000002,1200.0,3.410605131648481e-13
B1,2025-11-03,45294.740570703594,4820.32273122287,50115.063301926464,1776.471933642169,1397.4811057393858,22580.240483493068,18289.994791629382,1200.0,10800.000000000004,1200.0,2.6147972675971687e-12
B1,2025-11-04,45235.81719503312,4763.748166525448,49999.56536155857,1117.6228616999617,2871.077117781614,22625.242850317027,18326.44670875679,1200.0,10800.000000000002,1200.0,2.2737367544323206e-13
B1,2025-11-05,45376.422244736874,6144.6560463079895,51521.07829104487,1747.1413989444382,1321.3387695734561,23115.959529519754,18723.92721891101,1200.0,10800.0,1200.0,2.2737367544323206e-13
B1,2025-11-06,43791.05408979556,19177.181630205403,62968.235720000965,4961.171970142687,594.7697780580103,22229.75027817947,18006.097725325366,1200.0,10800.000000000005,1200.0,8.79296635503124e-12
B1,2025-11-07,17571.904259290848,4531.963083745542,22103.86734303639,1267.561137978325,7987.5066895225345,17455.68467868079,14139.104589731443,1200.0,10800.000000000002,1200.0,1.3642420526593924e-12
B1,2025-11-08,17197.07046327028,3171.718698681932,20368.789161952212,949.9574555293832,6959.58804889312,17173.049318901565,13910.169948310266,1200.0,10800.000000000004,1200.0,4.547473508864641e-13
B1,2025-11-09,45467.05685118493,10845.28639003934,56312.34324122427,3320.8257779947926,1011.1618425733664,23589.298136904836,19107.331490892917,1200.0,10800.000000000002,1200.0,2.2737367544323206e-13
B1,2025-11-10,46493.54219806043,13476.796908016713,59970.33910607715,3685.5042471236234,639.7848333150749,23572.05951698914,19093.368208761203,1200.0,10800.000000000002,1200.0,6.821210263296962e-13
B1,2025-11-11,46828.699931307485,5483.547798712141,52312.247730019626,1503.6437627020978,1060.181579701116,23282.9068895705,18859.154580552102,1200.0,10800.0,1200.0,6.821210263296962e-13
B1,2025-11-12,47089.90929331503,5058.069990753616,52147.97928406865,1167.3048164729796,1817.5367563478367,23576.055534367126,19096.60498283737,1200.0,10800.000000000004,1200.0,2.8421709430404007e-12
B1,2025-11-13,46583.68173578769,12320.990833508537,58904.67256929623,3492.2258596650863,1904.5404521235114,22859.050266246584,18515.830715659733,1200.0,10800.0,1200.0,1.8189894035458565e-12
B1,2025-11-14,18181.61267658724,5323.123086869081,23504.73576345632,1770.524832340603,5308.69729881172,17545.8755013264,14212.159156074391,1200.0,10800.000000000005,1200.0,1.5916157281026244e-12
B1,2025-11-15,17743.105779434332,5050.425068649909,22793.53084808424,1508.7022028637853,3675.9749700646807,17804.579301630733,14421.709234320897,1200.0,10800.000000000002,1200.0,5.684341886080802e-14
B1,2025-11-16,48109.54962295986,9851.332088518671,57960.881711478534,2758.840142471141,1095.937658024393,23743.6731049142,19232.375214980497,1200.0,10800.000000000002,1200.0,2.2737367544323206e-12
B1,2025-11-17,49553.01793061747,1854.3115682505359,51407.329498868,685.9348207000057,2799.0410583926623,22713.269704429684,18397.748460588038,1200.0,10800.000000000002,1200.0,1.2505552149377763e-12
B1,2025-11-18,48618.954451805104,8986.320854362695,57605.2753061678,2939.447695553892,1574.883617273414,23336.339268188953,18902.434807233047,1200.0,10800.0,1200.0,3.069544618483633e-12
B1,2025-11-19,48579.45177674751,9912.775319648797,58492.22709639631,2703.321586664799,798.3129910042853,23856.106484178577,19323.446252184644,1200.0,10800.000000000002,1200.0,2.2737367544323206e-13
B1,2025-11-20,48821.893741911015,8278.537870994262,57100.43161290528,2432.582692398789,1410.2301227611385,23353.21757187222,18916.1062332165,1200.0,10800.000000000004,1200.0,2.7284841053187847e-12
B1,2025-11-21,18315.296530424737,3046.796628168864,21362.0931585936,1244.2393579227069,3492.426520266449,17970.13382063203,14555.808394711943,1200.0,10800.000000000002,1200.0,2.1032064978498966e-12
B1,2025-11-22,18319.60216229002,4025.2245295266866,22344.826691816706,1232.048450452215,2324.4974111231786,18198.69172083546,14740.940293876722,1200.0,10800.000000000002,1200.0,7.389644451905042e-13
B1,2025-11-23,49982.682190913794,6092.947710143711,56075.62990105751,1669.6357496343521,1743.544321294109,23529.48798010623,19058.88526388605,1200.0,10800.000000000002,1200.0,2.2737367544323206e-13
B1,2025-11-24,49772.28537235933,6981.708840516462,56753.99421287579,1844.8066192454364,3119.299716341536,21999.03812750134,17819.220883276084,1200.0,10800.000000000002,1200.0,1.0231815394945443e-12
B1,2025-11-25,49739.06804544381,6381.535400011716,56120.603445455534,1862.8188079162444,833.9640043025672,23722.608699918786,19215.313046934218,1200.0,10800.000000000004,1200.0,1.5916157281026244e-12
B1,2025-11-26,50287.6690839029,7479.072044937044,57766.741128839945,2221.4431153615214,1277.3378292616715,24030.760701015806,19464.916167822805,1200.0,10800.0,1200.0,3.197442310920451e-13
B1,2025-11-27,50098.345624650436,6970.072099952781,57068.41772460322,1867.7049442733137,1707.680447712936,22996.316284186603,18627.01619019115,1200.0,10800.000000000002,1200.0,1.2505552149377763e-12
B1,2025-11-28,18801.364443414765,4479.9116796809585,23281.276123095722,1313.2033802474982,2442.9376975114897,18553.30520856294,15028.177218935978,1200.0,10800.000000000005,1200.0,1.7053025658242404e-13
B1,2025-11-29,18930.008368982963,11838.274521879592,30768.282890862552,4288.492901712075,1653.0936601326252,18778.404619153654,15210.507741514464,1200.0,10800.000000000002,1200.0,9.663381206337363e-13
B1,2025-11-30,51463.62604215696,12705.048179315203,64168.67422147216,3644.191945310271,732.2607331282395,24758.728851531996,20054.570369740908,1200.0,10800.000000000002,1200.0,6.821210263296962e-13
B1,2025-12-01,52812.211193806,27267.59043812196,80079.80163192796,7513.741261605947,445.32528728640193,25111.166546760676,20340.044902876143,1200.0,10800.000000000002,1200.0,1.4921397450962104e-13
B1,2025-12-02,52681.24223571253,35643.98882921102,88325.23106492354,9623.942696630005,64.41853155512315,25244.088316446472,20447.711536321636,1200.0,10800.0,1200.0,1.1368683772161603e-12
B1,2025-12-03,53651.94904985768,23530.229561712007,77182.17861156969,7176.010054205734,294.6550639722369,25260.728948815402,20461.190448540474,1200.0,10800.0,1200.0,2.2737367544323206e-13
B1,2025-12-04,53085.9158550385,27905.46755289386,80991.38340793236,7601.958024640088,377.3034066577223,24969.16595015331,20225.024419624184,1200.0,10800.000000000002,1200.0,1.1368683772161603e-12
B1,2025-12-05,20945.364218193772,15996.840484681281,36942.20470287505,6014.975065467062,301.7508388657372,21332.60862032482,17279.412982463105,1200.0,10800.0,1200.0,1.0231815394945443e-12
B1,2025-12-06,20582.62300736453,22086.97865730458,42669.60166466911,8243.847254834229,84.41651518255254,21342.655134664496,17287.550659078246,1200.0,10800.0,1200.0,3.410605131648481e-13
B1,2025-12-07,54734.26311753493,21350.98155156007,76085.244669095,6083.373667160965,208.6189694614888,25227.997150008927,20434.677691507233,1200.0,10800.000000000002,1200.0,2.2737367544323206e-13
B1,2025-12-08,60917.26402866705,2420.424498179733,63337.68852684679,677.5441230988467,3621.430610122221,23842.443160913324,19312.378960339793,1200.0,10800.000000000002,1200.0,1.2079226507921703e-13
B1,2025-12-09,61237.90336390434,1806.698022503215,63044.60138640755,495.0770239125142,4126.0651245411045,24565.910672581733,19898.387644791208,1200.0,10800.000000000002,1200.0,2.2737367544323206e-13
B1,2025-12-10,60091.144603481815,4497.882412416285,64589.0270158981,1220.37623193335,2662.1084531613697,24165.427211903014,19573.99604164144,1200.0,10800.0,1200.0,2.984279490192421e-13
B1,2025-12-11,60577.19989682154,1545.1313314933077,62122.33122831485,485.2364161366256,4769.273345044881,23863.8456563988,19329.714981683028,1200.0,10800.000000000002,1200.0,2.2737367544323206e-13
B1,2025-12-12,25468.100867344452,2663.9927518854906,28132.093619229945,1141.2048525151574,2208.9185697261673,20663.67606825243,16737.577615284466,1200.0,10800.000000000002,1200.0,2.2737367544323206e-12
B1,2025-12-13,25587.85601233321,1603.347946242035,27191.203958575246,553.9110855541682,1967.6028909902423,21228.659663990875,17195.21432783261,1200.0,10800.0,1200.0,1.6484591469634324e-12
B1,2025-12-14,60490.4343028454,2559.0107907977754,63049.445093643175,650.7272459148614,1883.0997929294078,25052.08508382438,20292.188917897747,1200.0,10800.0,1200.0,2.0463630789890885e-12
B1,2025-12-15,60950.02841305789,2238.7936030278383,63188.82201608572,735.0620191547183,1979.9746956704446,24938.343107359102,20200.05791696087,1200.0,10800.000000000002,1200.0,2.2737367544323206e-13
B1,2025-12-16,61395.77402407419,1612.8882932822669,63008.66231735646,526.2225586045593,2212.2851948020907,24819.79592540654,20104.034699579297,1200.0,10800.0,1200.0,2.2737367544323206e-13
B1,2025-12-17,60689.102648405555,2365.170079877574,63054.27272828313,683.6914795233405,3178.788385928165,24260.428292238306,19650.94691671303,1200.0,10800.000000000004,1200.0,1.8189894035458565e-12
B1,2025-12-18,59896.829936816364,4242.33048331798,64139.16042013434,1338.7003945013084,3127.6907052451306,24912.257022869406,20178.92818852422,1200.0,10800.000000000004,1200.0,2.5011104298755527e-12
B1,2025-12-19,25950.306873714802,1913.8315963756531,27864.138470090456,667.7268057463377,3492.3377080489086,20527.231897594487,16627.057837051532,1200.0,10800.000000000002,1200.0,2.2737367544323206e-13
B1,2025-12-20,25568.932385568674,1477.6432165197516,27046.575602088426,552.8403088556942,2803.6307159574794,21154.942798353917,17135.503666666675,1200.0,10800.000000000005,1200.0,3.410605131648481e-13
B1,2025-12-21,60319.14025154315,4876.456027843292,65195.59627938644,1517.8809080826418,2218.3882557240295,24515.94044085135,19857.911757089594,1200.0,10800.0,1200.0,4.547473508864641e-13
B1,2025-12-22,61039.54210077054,3240.981630312888,64280.52373108342,908.286709591506,2876.4781869525928,24518.269741663258,19859.79849074724,1200.0,10800.0,1200.0,2.2737367544323206e-13
B1,2025-12-23,61025.59480094602,1023.0432636878002,62048.638064633815,302.25681422418097,3929.508368514879,24241.245603420928,19635.40893877095,1200.0,10800.000000000002,1200.0,2.2737367544323206e-13
B1,2025-12-24,60337.85671964986,4270.018438884034,64607.8751585339,976.6417220388355,3104.0621403104415,24678.420108517003,19989.520287898777,1200.0,10800.000000000002,1200.0,2.2737367544323206e-13
B1,2025-12-25,59843.18373130492,5959.30399605412,65802.48772735904,1662.7408512924803,3203.367406025517,23997.503141810394,19437.977544866415,1200.0,10800.000000000002,1200.0,2.2737367544323206e-13
B1,2025-12-26,25800.255765769343,1756.4116961158602,27556.6674618852,658.0251399263632,2525.5144348534536,21087.838558087544,16775.40867326417,1539.7117319852634,10800.000000000004,1539.7117319852634,5.115907697472721e-13
B1,2025-12-27,25180.226931034056,1836.4513030625285,27016.678234096584,630.7006830590043,2096.6965524612356,20461.713329944847,16879.72835604206,1200.0,10800.000000000004,1200.0,3.0127011996228248e-12
B1,2025-12-28,60218.55324003284,3488.283328881317,63706.83656891416,1052.900720866546,4043.818591872572,23749.660740218984,19237.225199577377,1200.0,10800.000000000004,1200.0,2.2737367544323206e-13
B1,2025-12-29,61140.258621398534,1658.534657767238,62798.79327916577,532.1609976531572,4080.80283034331,23724.38204651388,19216.749457676244,1200.0,10800.000000000002,1200.0,2.2737367544323206e-13
B1,2025-12-30,60088.65695547758,1658.94967774612,61747.6066332237,471.3181373029178,3931.4161478102687,24276.503399278943,19663.96775341595,1200.0,10800.000000000004,1200.0,2.2737367544323206e-13
B1,2025-12-31,59647.9725865607,5350.4030652597385,64998.37565182044,1528.0858336001681,1809.7025858087484,25007.795318056316,20256.31420762562,1200.0,10800.0,1200.0,1.5916157281026244e-12
B3,2025-02-01,27152.33260955466,457.9380969988166,27610.270706553478,109.97068242502804,14968.83920623374,12335.94028823173,13172.94561550645,1375.8562421791664,9383.405931216932,1375.8562421791664,3.197442310920451e-13
B3,2025-02-02,56735.834409015304,414.3766009280496,57150.211009943356,107.27294226012876,7101.475594375978,21314.968039280928,17384.80754198911,1241.4714953981922,10452.125155927013,1242.8746530996539,2.1600499167107046e-12
B3,2025-02-03,60009.122987247334,1050.611136122984,61059.73412337032,346.8165772468937,7787.7402173168875,19944.237460495802,16193.41953079129,1200.0,9912.641936900132,1200.0,2.728928194528635e-13
B3,2025-02-04,57101.40234414882,5832.555797131393,62933.958141280214,1462.2406520632471,6033.31691807599,22799.71770427878,18396.34895672944,1200.0,10463.004996259073,1279.3582041515235,4.320099833421409e-12
B3,2025-02-05,58795.52985283362,2055.9708885243826,60851.500741358,496.4929595079862,6114.485353980436,21058.416548573492,17084.900257037003,1200.0,9837.53195485063,1248.7105900487754,2.5224267119483557e-13
B3,2025-02-06,59266.57008312663,676.692337689792,59943.26242081642,201.9710382816753,6712.358352835848,20856.72167833958,16866.850976200145,1227.1011890147588,9933.48571957672,1278.8145714431273,3.126388037344441e-13
B3,2025-02-07,25519.565369977507,487.9272938473751,26007.492663824883,78.05797023693889,11227.00861343542,17107.07452993033,13907.61899364672,1206.636462209918,9588.49478571429,1222.2716554396275,2.2737367544323206e-13
B3,2025-02-08,19919.671752194125,4417.735455772392,24337.407207966517,1120.110129632809,4286.085761476668,18708.619545500493,15145.759803427434,1200.0,10354.294373508088,1231.4072425818067,2.9558577807620168e-12
B3,2025-02-09,52946.82053578709,9664.760732358407,62611.5812681455,2626.3275412975945,2971.0879674519583,22471.39370114981,18230.095416254968,1200.0,10395.502364189753,1200.0,2.6147972675971687e-12
B3,2025-02-10,54058.13069115029,1287.4303315481484,55345.561022698435,479.49691860782383,7847.823596310853,19888.555111883834,16109.72964062591,1200.0,10375.025604841036,1200.0,7.984723993104126e-13
B3,2025-02-11,55241.38568845974,2484.581198478162,57725.9668869379,529.3932811497168,6938.136391240381,20025.90366417692,16220.981967983305,1200.0,9872.668923631087,1200.0,2.2737367544323206e-13
B3,2025-02-12,52708.06752788597,3979.7434865802998,56687.81101446627,962.3042870639177,5382.2335380524,21473.405897755074,17386.135753064555,1200.0,10335.856718698677,1208.1366934633963,4.9649173661237e-12
B3,2025-02-13,51034.96653739544,3535.1913016074186,54570.15783900286,925.4332095869901,7335.44390725431,19641.12074488922,15904.996829684513,1200.0,10388.413976723901,1212.9266642142427,2.8421709430404007e-12
B3,2025-02-14,19190.280938661435,3736.6071825267695,22926.888121188204,1409.5600369047165,4545.574570436207,18206.604155639998,14758.983363861216,1200.0,10353.817391220031,1200.0,2.3305801732931286e-12
B3,2025-02-15,18489.763513697646,5809.10500634049,24298.868520038133,2028.8427802668386,4746.817067262336,17630.538457812287,14280.73615082795,1199.9999999999998,10333.950748716916,1200.0,1.1937117960769683e-11
B3,2025-02-16,51247.61397923356,12558.365673241226,63805.97965247479,3122.7712229401836,3545.9199476779013,19250.98400325289,15593.297042634838,1200.0,9820.652577048,1200.0,2.2737367544323206e-13
B3,2025-02-17,49221.48389131172,3085.1394225202757,52306.623313831995,807.1468027087104,4962.136711555696,20172.724363595597,16306.809483886589,1200.0,10392.770014021273,1236.7747229176036,2.7284841053187847e-12
B3,2025-02-18,51710.07729524589,4355.930458337235,56066.00775358312,1205.9368271313901,5897.534574559243,19094.771455454807,15499.862129544237,1200.0,9870.915327902507,1200.0,2.291500322826323e-13
B3,2025-02-19,48458.21645167512,9039.457014672771,57497.67346634789,2397.136177202539,3423.049064539331,21941.514552204477,17772.626787285622,1200.0,10391.495122547765,1200.0,2.0463630789890885e-12
B3,2025-02-20,48277.32025435423,5130.448180228721,53407.76843458295,1237.9571841141549,4158.469920218851,20995.614170783498,17006.447478334638,1200.0,10294.78088838951,1200.0,2.5011104298755527e-12
B3,2025-02-21,18343.45309787815,1146.4556827917972,19489.90878066995,537.3240896161983,6706.935936392904,17628.881266266075,14279.393825675532,1200.0,10438.889755170358,1200.0,3.069544618483633e-12
B3,2025-02-22,18138.21155523322,5808.575440552295,23946.78699578552,1969.4146654357808,5678.437250674722,17133.759949043542,13878.345558725276,1200.0,10346.91467096537,1200.0,2.0605739337042905e-12
B3,2025-02-23,47360.49825825858,8362.463372845494,55722.96163110407,2322.7097932441147,3352.519384533849,20754.685545142816,16811.295291565682,1200.0,10428.972920469452,1200.0,3.637978807091713e-12
B3,2025-02-24,47233.396457921386,1908.0915365634175,49141.48799448481,410.17781862190543,4641.274748312039,20727.340846957894,16782.432947639754,1200.0,10378.661927359779,1207.4590426623765,1.8189894035458565e-12
B3,2025-02-25,46807.668583933126,2502.044681902161,49309.713265835286,644.3049321764486,6831.569931626424,19510.433665360848,15810.164407338434,1200.0,10395.093458528841,1200.0,3.637978807091713e-12
B3,2025-02-26,45722.800954902865,5193.493983407562,50916.29493831043,1508.8225064799374,2464.6010085538855,20807.018302246823,16824.160119401444,1211.1747211804068,10448.453952768268,1232.8052282427639,2.091837814077735e-11
B3,2025-02-27,44451.33087414341,8658.60122961823,53109.93210376163,1843.1594500052088,3047.8511982215928,22084.964864831672,17874.75552180585,1200.0,10451.06873810848,1248.434137918108,2.163602630389505e-12
B3,2025-02-28,17588.381811071456,2647.1114752170142,20235.49328628847,865.2890113748174,8278.015761273025,17138.53933808514,13904.631594599625,1200.0,10434.235841168309,1223.5288815284898,4.206412995699793e-12
B3,2025-03-01,17333.064738945544,2444.404385823358,19777.4691247689,663.4917574077795,7335.988084863751,16361.235904742052,13247.224785630346,1200.0,10540.873163031401,1229.5025450959508,3.296918293926865e-12
B3,2025-03-02,44303.60467170049,25063.570210194895,69367.17488189538,7506.95634183565,2608.750236407412,23122.851057371183,18756.06164705701,1200.0,10434.093645144481,1200.0,8.071765478234738e-12
B3,2025-03-03,44973.14701613829,16423.36919265228,61396.51620879057,4853.0336481252925,1071.585057385524,22904.297087810737,18552.480641126698,1200.0,10509.668126127484,1200.0,3.183231456205249e-12
B3,2025-03-04,46119.90306743783,2694.5989010180706,48814.5019684559,1052.0697415096415,2083.0991605804365,21226.40288064412,17193.386333321734,1200.0,10446.150001236465,1200.0,7.37543359718984e-12
B3,2025-03-05,45975.63846944497,2087.5272287350517,48063.165698180026,454.92892381231894,4865.809544825026,19833.820687887797,16065.394757189113,1200.0,10500.738747475207,1200.0,3.751665644813329e-12
B3,2025-03-06,44705.533234532755,4006.4040546339947,48711.93728916675,1129.3797535423328,3497.6301407332535,19883.164109385318,16105.36292860212,1199.9999999999998,10485.870121769862,1200.0,6.0254023992456496e-12
B3,2025-03-07,17058.68260118004,1196.5571206385057,18255.239721818547,339.6681136466713,9210.893692518008,15416.796288595706,12472.69151994915,1207.74995297802,10391.16593600063,1216.5705264593084,5.343281372915953e-12
B3,2025-03-08,16509.84274451393,2436.5879085228357,18946.43065303677,999.7986324517317,10315.314219087652,15344.341009154503,12443.82969122852,1200.0,10407.839138120602,1200.0,7.958078640513122e-13
B3,2025-03-09,44850.32758427491,2840.207443864885,47690.5350281398,861.6273721886587,6100.081445746688,20808.159302898464,16854.609035347752,1200.0,10521.419691383508,1200.0,2.8421709430404007e-12
B3,2025-03-10,42658.781055645704,10913.59261691062,53572.37367255632,3958.2550514771733,737.954164529591,21469.744290631013,17388.72675593093,1200.0,10433.357984828694,1201.9623549779908,4.206412995699793e-12
B3,2025-03-11,42381.18118553589,4585.620496486242,46966.80168202213,1176.3680057393722,2509.9150432105057,20443.68066487114,16475.704721418773,1255.1470574041068,10456.685240982366,1294.9363740078202,3.865352482534945e-12
B3,2025-03-12,41535.805189656756,3884.5964226656642,45420.40161232242,1074.3447270501215,2531.2496692320215,19983.69754763322,16251.480299728148,1199.9999999999998,10421.334138025317,1223.0638338464462,1.1937117960769683e-11
B3,2025-03-13,40199.56960382232,21252.813014226474,61452.38261804879,6461.511859006351,392.2938978214217,21078.234394395833,17083.440939818185,1200.0,10457.409807743079,1211.8737445602562,1.8189894035458565e-12
B3,2025-03-14,15554.573151288621,4279.47359042179,19834.046741710412,1330.221206639779,12248.420215275348,14787.635923088254,11976.258471406587,1200.0,10377.21345726987,1213.792218221254,1.1937117960769683e-12
B3,2025-03-15,15832.96819086152,5360.991183709226,21193.959374570746,1701.4253643878658,8458.409452531654,14722.152936395807,11937.356874879742,1200.0,10380.763137477845,1200.0,6.934897101018578e-12
B3,2025-03-16,41588.55751466408,8307.211695239223,49895.7692099033,2537.5262018987073,3611.595960354764,20296.681937786074,16440.312369606712,1200.0,10356.98302407207,1200.0,4.547473508864641e-12
B3,2025-03-17,41568.41429719928,1019.327170160275,42587.741467359556,323.92269144991633,6935.362128946358,18315.10423571084,14826.86709873645,1200.0,10376.874334593664,1209.2970357659203,5.5706550483591855e-12
B3,2025-03-18,38998.68444561021,9306.994229496882,48305.67867510709,2141.5230681671346,1251.7232967367406,21091.794329100947,17092.72073876109,1200.0,10579.066473610232,1200.0,9.464429240324534e-12
B3,2025-03-19,39235.37670300431,3923.2960729394413,43158.67277594375,1033.3539540267288,1839.8942676102115,20859.773184219426,16879.148799064937,1200.0,10386.945187169862,1219.186089058673,4.661160346586257e-12
B3,2025-03-20,39707.07919017036,8752.33853925866,48459.41772942903,2891.8158356677486,1408.4801815553599,19943.44839993228,16164.76855179012,1200.0,10397.105930465292,1207.435702564268,3.979039320256561e-12
B3,2025-03-21,15110.390489725854,2154.974306840404,17265.364796566257,868.8961297669263,15065.908611626348,14718.796924789007,11928.91764138693,1200.0,10499.750443912193,1200.0,3.0127011996228248e-12
B3,2025-03-22,15462.261496327266,4341.292509722201,19803.554006049468,1454.1671852856448,12412.649921204516,14609.805439389671,11732.760263971195,1298.1691261181986,10422.217259515382,1312.4246021493811,5.073275133327115e-12
B3,2025-03-23,39269.86137110155,7796.972174464228,47066.83354556578,2092.378429588957,4084.3455334830833,19034.74394924975,15501.592726260895,1200.0,10393.716422173693,1219.7022384064903,4.547473508864641e-12
B3,2025-03-24,38140.15323426735,3433.4802031528375,41573.63343742019,1133.9934897533165,1516.543026413696,20644.16099178208,16739.502417909327,1200.0,10576.46626680611,1200.0,8.327560863108374e-12
B3,2025-03-25,37747.22562367142,14518.059630806743,52265.285254478156,4510.332396549843,1637.148229098025,20013.73251172771,16176.678247457261,1199.9999999999998,10401.64719691004,1238.2723189357532,2.1955770534987096e-12
B3,2025-03-26,38065.539364663084,3836.2052764806167,41901.744641143705,1027.4925827260156,4329.84490315159,19259.849821787266,15634.923442689862,1200.0,10396.806988963383,1200.0,4.495070982102334e-12
B3,2025-03-27,37210.417230011226,9367.078306406213,46577.49553641744,2688.2909199380756,1300.4710450668797,19922.82887560085,16137.49138923669,1200.0,10363.353875587702,1200.0,6.821210263296962e-12
B3,2025-03-28,15041.450743873456,1064.4591018391238,16105.90984571258,386.4936923375073,16151.164452993773,14223.946695880617,11521.396823663305,1200.0,10426.253168615089,1200.0,3.637978807091713e-12
B3,2025-03-29,14522.457546149486,2511.505807213644,17033.96335336313,737.5893666505082,18877.166698415207,14132.13661290829,11441.941029458716,1200.0,10454.571580052638,1205.655141107789,3.751665644813329e-12
B3,2025-03-30,36105.379098409,5647.65061184406,41753.02971025306,1886.7780374223728,1772.6545559056772,20061.70618720598,16255.071638633839,1200.0,10417.754444136106,1200.0,9.322320693172514e-12
B3,2025-03-31,36081.27542058924,12900.923845135465,48982.1992657247,4147.585833973733,2593.916361815948,19126.88057520072,15446.758903996606,1200.0,10489.7098370037,1251.127068795534,4.078515303262975e-12
B3,2025-04-01,37530.085551997836,14165.675819856484,51695.761371854314,5011.072341252045,2943.5683811880244,19329.522261887556,15702.927394044898,1200.0,10461.382106365389,1200.0,3.296918293926865e-12
B3,2025-04-02,37499.79822820258,17792.4569139447,55292.25514214728,4542.853729566429,2482.3918743166278,19582.241668055518,15833.630651026324,1200.0,10500.739472550726,1231.094555665172,2.1600499167107046e-12
B3,2025-04-03,38147.703284973984,10385.89835446369,48533.60163943767,2610.1183564090506,6612.942791496244,19158.80161050979,15518.62930451293,1200.0,10493.068569629047,1231.094555665172,3.865352482534945e-12
B3,2025-04-04,14197.224880020261,1301.3948696403156,15498.619749660576,532.9269329266273,19509.417290140136,13962.57346094002,11282.783531830282,1200.0,10536.112753903168,1260.9845240330972,1.9326762412674725e-12
B3,2025-04-05,14257.352472807272,8651.655007164005,22909.00747997128,2638.254916477363,16142.883762061378,13327.244933329055,10849.954467626325,1200.0,10311.741029357561,1200.0,2.41229258790554e-12
B3,2025-04-06,36745.54284690169,4519.553507790807,41265.0963546925,1280.5280325709105,4176.389170605757,19157.27436956113,15511.913687048436,1200.0,10377.800594834205,1206.0872803289806,7.577938276881468e-12
B3,2025-04-07,37348.54227121607,4262.59359385543,41611.1358650715,1533.579080159963,6963.948982446265,19046.73315116354,15433.332404738552,1200.0,10491.698261012321,1200.0,2.7284841053187847e-12
B3,2025-04-08,37386.4229479151,8760.929445264557,46147.352393179666,2001.6641073652124,6326.233922249921,19593.100774034156,15870.411626967663,1200.0,10551.050260197087,1200.0,2.7284841053187847e-12
B3,2025-04-09,36301.84640198725,16505.280482092778,52807.126884080026,5336.502531356514,2616.1112546311388,19752.903081811437,15999.851496267262,1200.0,10591.230843279829,1200.0,2.6147972675971687e-12
B3,2025-04-10,36917.32707796834,7189.281208863538,44106.60828683188,1799.58778541982,5147.800645657318,19598.533300055828,15856.823998213797,1200.0,10478.382339043577,1219.9866387015659,5.5706550483591855e-12
B3,2025-04-11,14047.7566448963,1155.8429966754293,15203.59964157173,523.4859559333651,20504.925288759958,13320.03413943772,10807.215627775966,1199.9999999999998,10340.102588908603,1200.0,5.4498627832799684e-12
B3,2025-04-12,14288.819227070382,2802.107183397464,17090.926410467844,891.765317252825,17612.785072490715,12747.75668477384,10325.682914666819,1200.0,10356.082524721027,1200.0,2.0463630789890885e-12
B3,2025-04-13,35816.84646821635,6850.0795265996885,42666.92599481604,1814.7635168396935,3681.4653415640582,19335.506174261907,15659.443356924543,1200.0,10378.996763950074,1202.5740491417714,5.229594535194337e-12
B3,2025-04-14,36200.67581045975,3499.8812434112388,39700.55705387099,966.1576775115311,5498.493409233337,19211.902957901555,15541.910573512563,1200.0,10534.368714157503,1224.4971851281098,2.0463630789890885e-12
B3,2025-04-15,35951.41604216047,5783.0008643339725,41734.41690649444,1708.9614978722373,7759.461626482829,18649.14792310479,15086.114012612727,1200.0,10564.643228389905,1246.3814130193796,3.865352482534945e-12
B3,2025-04-16,35818.36260313129,7713.804596449755,43532.16719958104,2410.4536472275176,2756.9869344599283,19119.112572158163,15528.224455165546,1200.0,10516.08297523998,1200.0,2.9558577807620168e-12
B3,2025-04-17,34985.87041177684,7722.150106390357,42708.0205181672,2147.2742828978458,3803.0807900367076,19083.259340067732,15457.440065454863,1200.0,10541.980507414222,1200.0,2.8421709430404007e-12
B3,2025-04-18,13592.317136098956,2608.9365728567504,16201.253708955706,897.9487318999012,19294.660526596283,12969.98814348912,10452.325818075411,1240.3023274406055,10541.616578199748,1259.2939757230836,2.2168933355715126e-12
B3,2025-04-19,13341.706701607533,1882.068118086128,15223.77481969366,666.2143773628271,18120.94892974393,12484.44608664619,10165.765908334175,1200.0,10259.962928469584,1200.0,1.0800249583553523e-12
B3,2025-04-20,34257.39933836878,6847.473392808487,41104.87273117727,1834.7670055428305,3246.9714859961555,19763.108060825813,16008.117529268911,1200.0,10528.649835886918,1200.0,4.433786671143025e-12
B3,2025-04-21,35346.11080997093,1123.1320221439007,36469.24283211483,482.6357807779503,7676.176419851578,18386.990542540476,14875.012752944745,1200.0,10434.706458768373,1220.4995405700404,1.3642420526593924e-12
B3,2025-04-22,34550.044483854384,8078.406575911164,42628.45105976555,2778.422418361844,4529.519204735061,18677.089665372383,15146.892215464666,1200.0,10511.584177271834,1200.0,2.3874235921539366e-12
B3,2025-04-23,34280.53565482333,5536.556821209736,39817.09247603307,1932.4420486238673,4315.147577350345,19166.728470212303,15482.283473228374,1200.0,10552.65421837738,1247.5184307151103,3.751665644813329e-12
B3,2025-04-24,33575.222211960594,2318.1825597939637,35893.404771754555,723.2267774866476,6085.026443960035,18548.334989738745,15066.917929331985,1200.0,10529.917387039806,1200.0,3.801403636316536e-12
B3,2025-04-25,12586.008894905939,1105.216118399634,13691.225013305573,435.97853926864525,21787.23623417703,12443.433656256313,10058.914843514965,1200.0,10491.538192074697,1222.5182422807147,2.1600499167107046e-12
B3,2025-04-26,12595.67984492733,8570.28583732229,21165.96568224962,2339.4686585746813,25860.334779536006,12029.739253630793,9764.355213493593,1200.0,10121.277740097355,1200.0,2.0463630789890885e-12
B3,2025-04-27,31890.293770651166,12714.131241097904,44604.425011749074,3013.851353287482,4549.284385249929,18767.257066241917,15201.478223655957,1200.0,10351.639848904433,1200.0,1.1368683772161603e-12
B3,2025-04-28,33180.19930094272,23933.370602592076,57113.56990353479,7861.79210010355,2679.425691983814,19308.86241785431,15606.508000752892,1200.0,10526.167808800155,1237.4117307878837,4.583000645652646e-12
B3,2025-04-29,33642.8861552275,5156.632565334102,38799.5187205616,1244.669869580662,6973.68745768399,17828.249041453655,14448.055505934624,1200.0,10641.480471137615,1229.4408615021282,3.979039320256561e-12
B3,2025-04-30,32452.000345963912,6341.830325922993,38793.830671886906,2546.576448141607,4759.7725132663345,18434.92413285562,14958.785322964955,1200.0,10515.489037653428,1200.0,3.296918293926865e-12
B3,2025-05-01,32168.327307958665,25044.391558735417,57212.71886669408,5570.778328340228,4512.001488557013,18651.770315674527,15107.933955696371,1199.9999999999995,10517.451449873988,1200.0,7.471356866517453e-12
B3,2025-05-02,12416.825101130278,28870.472363448098,41287.297464578376,7076.5225712139345,15716.922813927406,11915.045337436168,9651.186723323295,1199.9999999999998,10250.581302955987,1200.0,4.547473508864641e-12
B3,2025-05-03,12501.959974991476,19988.171000752423,32490.1309757439,4634.805551427639,18978.13926546823,11928.432549812047,9662.030365347764,1199.9999999999998,10193.304043188125,1200.0,1.4779288903810084e-12
B3,2025-05-04,33449.3770064272,16723.70431156401,50173.08131799122,4072.63518431667,4773.976652643794,18014.04300856114,14591.374836934518,1200.0,10408.484183738168,1200.0,1.744382416291046e-12
B3,2025-05-05,33899.98699013494,23621.6756099529,57521.66260008784,5295.753151244902,3515.486154040946,18529.501047532893,15008.895848501646,1200.0,10540.641135091102,1200.0,2.3874235921539366e-12
B3,2025-05-06,34138.936581362395,20634.37607872138,54773.31266008377,4726.827772206453,5368.598548227837,18201.04035615116,14742.842688482442,1199.9999999999995,10391.969997975779,1200.0,3.410605131648481e-12
B3,2025-05-07,35097.66790415953,21978.02325076352,57075.69115492304,4874.245388268509,4477.567100623864,17468.689679529543,14149.63864041893,1199.9999999999995,9656.38905634162,1200.0,3.410605131648481e-13
B3,2025-05-08,38621.429929586666,10132.711708042581,48754.14163762925,3039.028091586826,5427.941839427912,17916.07925520127,14512.024196713031,1200.0,9844.156739809694,1200.0,2.2737367544323206e-13
B3,2025-05-09,16771.1945036476,1521.7471817813764,18292.941685428978,435.7073758561978,20138.394513628857,11820.128673651503,9533.380592667307,1200.0,9808.736798160171,1245.470703322684,3.410605131648481e-13
B3,2025-05-10,15326.548986977425,8031.640862139304,23358.18984911673,2257.0703906010167,16668.115395045206,12413.704715352695,10087.333854158043,1209.6562202978532,10543.874915934734,1209.6562202978532,5.101696842757519e-12
B3,2025-05-11,36510.39047130356,10346.65016262623,46857.04063392979,3373.9757571813698,4037.5063504391655,18209.655655540024,14758.511679255484,1200.0,10504.222428416882,1200.0,2.2737367544323206e-12
B3,2025-05-12,39351.33735577043,4194.2370194457535,43545.57437521619,1367.5700720657755,9287.842558115579,14768.634148094989,11921.670026966527,1200.0,9349.306083137926,1245.470703322684,6.394884621840902e-13
B3,2025-05-13,37960.840723694164,1106.7763809962973,39067.617104690464,402.7390669309068,4986.600182958855,18031.269936217912,14552.030220268765,1200.0,9916.686132725044,1304.6911789535116,1.8474111129762605e-12
B3,2025-05-14,39151.2514962042,1757.2440345035013,40908.495530707696,514.0633557794248,7003.2009387351745,16213.385604424959,13213.658187790386,1214.8957920577661,9501.138125669318,1214.8957920577661,1.8474111129762605e-12
B3,2025-05-15,37799.15495041837,7289.605432814492,45088.76038323287,1892.3284022504977,6244.350496739571,16426.055811633738,12954.515826986497,1214.8957920577661,9691.183251442259,1604.439548098693,2.984279490192421e-13
B3,2025-05-16,15746.307269282517,1238.2086791089805,16984.515948391498,442.7013162917405,24640.310135538693,10613.842263361326,8961.207826611493,1200.0,9836.394422052914,1200.0,7.958078640513122e-13
B3,2025-05-17,14503.545219379239,10080.185730486515,24583.730949865752,2853.0528781535004,17789.269533106355,12025.526439452073,9740.676415956175,1200.0,10445.793442144612,1200.0,4.661160346586257e-12
B3,2025-05-18,36415.407292983975,8840.242180656685,45255.64947364066,2552.9449778012004,4622.541705735738,17621.29282013056,14215.619249955487,1200.0,10382.038778181872,1264.0310381669553,1.1368683772161603e-12
B3,2025-05-19,36835.562401633346,2488.2427613729355,39323.805163006284,526.169807446035,9028.682683910622,17146.19126183453,13946.042856436234,1200.0,9809.127530183658,1200.0,4.320099833421409e-12
B3,2025-05-20,36852.568234565035,10444.333742739287,47296.90197730432,3536.8282888746494,4499.826543167445,17710.35294239229,14345.385883337758,1200.0,9844.11962144909,1200.0,2.2737367544323206e-13
B3,2025-05-21,36203.05859536651,3968.653867055722,40171.712462422234,1188.2630716745903,5779.78607052275,17610.220271828017,14262.865013178982,1200.0,10546.605714054906,1201.5704522241251,5.7980287238024175e-12
B3,2025-05-22,35453.443277472565,6814.6900762268915,42268.13335369946,1566.394291529958,6115.590639073603,16900.945851508382,13666.457963008106,1200.0,10423.875795541368,1227.4684263504364,4.547473508864641e-12
B3,2025-05-23,14024.146559442563,4753.357980306655,18777.504539749218,1362.9219804761995,19549.237930232834,11860.10307366615,9589.39742888189,1200.0,10382.965620348168,1246.6751605589823,4.888534022029489e-12
B3,2025-05-24,15663.70965018196,659.8998542217746,16323.609504403734,261.30403150273673,22943.800642976876,10904.878401101361,8683.719188617964,1232.444132603467,9787.373192509605,1412.4888453080252,9.663381206337363e-13
B3,2025-05-25,34859.44821915882,3455.2735162777526,38314.72173543657,711.3844632077374,6561.990075142752,17188.213798084842,14051.783016449988,1200.0,10421.96272595256,1268.7890230843916,5.6843418860808015e-12
B3,2025-05-26,35063.89142411238,14420.681152982515,49484.57257709489,5017.503129566873,4017.4856547184604,17771.44988171897,14429.262125125479,1200.0,10382.787307987765,1230.580444269821,2.9558577807620168e-12
B3,2025-05-27,36484.87233857716,401.4888279849914,36886.36116656215,186.02166215490303,5952.908325465589,17341.835283337234,14056.251851535562,1220.1745864560437,9977.19107708634,1220.1745864560437,6.501466032204917e-13
B3,2025-05-28,36027.08748338535,11092.954226000471,47120.04170938582,3699.498856083961,5939.277030421916,17078.228020530893,13790.91849192787,1200.0,10051.874407344481,1267.337036125099,6.465938895416912e-13
B3,2025-05-29,34669.29150397476,16339.468234450547,51008.7597384253,4486.813909088027,3799.4692694099067,17819.938113351895,14481.346991475635,1200.0,10393.438958431052,1214.8957920577661,6.139089236967266e-12
B3,2025-05-30,14041.661687519261,8115.9887530931865,22157.650440612448,2125.041822783521,20344.11130326836,11926.541982330966,9626.869958465595,1200.0,10507.65983985275,1252.2614000827512,4.206412995699793e-12
B3,2025-05-31,13945.972803348623,8552.828965607989,22498.80176895661,2612.863237422595,19028.746267713992,11881.533156059959,9671.077116483048,1200.0,10547.617225215196,1200.0,3.211653165635653e-12
B3,2025-06-01,35962.75021431917,67807.64070493083,103770.39091925,18330.20133391762,2795.922738703668,18249.393877277933,14782.009040595129,1199.9999999999998,10215.859719083002,1200.0,2.7284841053187847e-12
B3,2025-06-02,37093.25123554969,59828.30682871215,96921.55806426183,15282.42993603654,2948.98272823433,18077.401872190898,14642.69551647463,1200.0,9635.768581530436,1200.0,4.547473508864641e-13
B3,2025-06-03,39755.01314650488,45153.07269379813,84908.08584030301,11168.046501834968,3268.220482766088,17363.34541517164,14064.309786289028,1200.0,9191.9581927304,1200.0,1.0373923942097463e-12
B3,2025-06-04,41043.644826441036,41020.060781492335,82063.70560793337,11381.039496776735,4060.9359244901098,18128.936449444358,14684.43852404993,1200.0,9436.873693972075,1200.0,2.2737367544323206e-13
B3,2025-06-05,43752.65155981982,39809.15692469341,83561.80848451323,10228.09875442813,5435.003639465649,18193.291581182242,14736.566180757616,1200.0,9367.700159538943,1200.0,1.4921397450962104e-13
B3,2025-06-06,18198.38054450489,43783.04629587515,61981.42684038004,11244.52369008075,10557.34226797167,10775.711579417793,8728.326379328406,1200.0,9085.100296030614,1200.0,9.308109838457312e-13
B3,2025-06-07,17521.658120069038,30333.89540773064,47855.55352779968,8198.940887797231,6046.262099410387,11335.260445543174,9181.56096088997,1200.0,9466.18231277665,1200.0,7.958078640513122e-13
B3,2025-06-08,51014.29463393097,672.8403987353367,51687.13503266631,180.3748841912321,12694.350471522153,16198.28669548404,13058.068215816205,1200.0,10341.518612675563,1269.4933416954066,2.7284841053187847e-12
B3,2025-06-09,57237.124467692534,3593.8609164048316,60830.98538409737,908.3440408948682,15804.025056984747,17503.67589360395,14157.66770006409,1269.4933416954066,9443.000426313689,1292.0597569788622,2.2737367544323206e-13
B3,2025-06-10,57427.54079789871,3425.037366384421,60852.578164283135,773.4655812202033,14791.589526465297,17952.474066957653,14422.159466276345,1216.6914095898849,9522.674877185185,1424.6647880448133,2.2737367544323206e-13
B3,2025-06-11,57006.65478040671,17112.65404333386,74119.30882374056,3853.772655104353,12868.103781000442,18741.684943233453,15208.99299233161,1200.0,9595.867155345393,1393.300134364244,2.5579538487363607e-13
B3,2025-06-12,57346.85321681068,2652.8754795778136,59999.7286963885,713.2421539408215,13121.293852844912,18914.822730069067,15064.126854916236,1393.300134364244,9531.608656719889,1678.7218637416925,2.2737367544323206e-13
B3,2025-06-13,24068.90349782449,635.2216890796429,24704.12518690413,191.56036740629634,9287.668111192976,11354.543622151818,9398.880417123712,1200.0,9709.670832354825,1454.6106602075376,1.0800249583553523e-12
B3,2025-06-14,21531.427700420965,2159.771467723654,23691.19916814462,984.5792415554095,9026.310030892699,12250.194232744698,9873.689091405626,1509.019812560406,10516.97589763377,1509.019812560406,5.9685589803848416e-12
B3,2025-06-15,52316.97287406343,428.7091809370305,52745.68205500046,169.95901071355757,7639.914214840717,20198.477614975414,16334.873267348214,1252.41221396291,10481.584172716202,1537.7904800958236,2.3874235921539366e-12
B3,2025-06-16,54646.29529062882,2868.958611690927,57515.253902319746,851.8020170307789,9286.995588685324,20043.80316250874,16158.002191573265,1454.9106578350468,10285.836583761018,1623.8775579389521,3.410605131648481e-13
B3,2025-06-17,53320.52515595109,9022.74513912163,62343.27029507271,2390.7718115466478,7436.396773009624,18929.72464493407,15641.073250260266,1281.659460312648,9488.232633923593,1281.6594603126482,2.948752353404416e-13
B3,2025-06-18,53677.94502178045,2276.5989247332327,55954.54394651368,669.2988413048199,9818.326901798293,17717.466104004816,14187.688249825094,1281.6594603126482,9577.293471179171,1463.2808985557642,2.4868995751603507e-13
B3,2025-06-19,52700.56547279458,1881.7027219800173,54582.2681947746,588.0775142033309,10915.500221772727,18104.06653542056,14901.246702390841,1200.0,9624.846234615983,1200.0,2.2737367544323206e-13
B3,2025-06-20,23031.21717601173,257.32426948981083,23288.54144550154,118.93065857014109,13062.253959276912,11268.238143679966,8674.203729348119,1200.0,9650.342165679123,1703.410185591821,9.094947017729282e-13
B3,2025-06-21,20381.983489488906,613.7061680277195,20995.68965751663,276.9557411873622,13510.077291227355,11785.424608422245,9505.903602217639,1240.7016252433857,10397.142080829537,1748.1772195966926,1.7053025658242404e-12
B3,2025-06-22,49138.84836255421,4919.564830824154,54058.41319337836,1411.914835126811,8359.411792959918,18309.067925954907,15323.704517660499,1200.0,9714.43483879746,1200.0,2.2737367544323206e-13
B3,2025-06-23,51597.54115090112,2195.1106735868243,53792.65182448794,636.4400786361078,10193.12485988969,18994.165368823134,15092.158800144187,1200.0,9500.279851753889,1525.6834984472725,2.5579538487363607e-13
B3,2025-06-24,49957.870487008884,31635.19394165697,81593.06442866585,8208.144245645883,6089.02183191782,18690.26360286713,15146.467242116021,1200.0,9557.163716209096,1517.5126942321072,2.2737367544323206e-13
B3,2025-06-25,50381.759855584554,5797.5005419888,56179.26039757335,1606.2721605615636,6443.477058797715,18612.17990870355,15194.339107642252,1200.0,9655.77955891378,1385.8756035739127,4.547473508864641e-13
B3,2025-06-26,51008.932648367474,6476.592004857592,57485.52465322506,1524.438405160649,10376.795778206944,17573.103798573284,14401.502120060884,1200.0,9512.931346298858,1200.0,2.2737367544323206e-13
B3,2025-06-27,20799.26345611513,215.42239671232545,21014.685852827457,90.43721728148132,13479.667607472202,12170.159612002299,9794.261002577101,1227.6100489602247,9890.17619131385,1270.631425716405,1.3642420526593924e-12
B3,2025-06-28,19383.613622534107,1674.372466908093,21057.986089442198,509.9342193807911,10438.57595054041,12093.640964055561,9837.65247585724,1214.2882223512881,10217.839431228258,1224.1833201917002,1.7053025658242404e-12
B3,2025-06-29,47258.011538276754,7419.5338193086645,54677.54535758542,2361.476756602629,5585.786568966015,19972.194116606206,16118.811851512837,1200.0,10486.612176229217,1289.3670790119124,3.751665644813329e-12
B3,2025-06-30,53554.085115485796,2954.0002889861275,56508.08540447192,790.7946517232305,11008.324887381435,18148.994256235193,14670.48905234915,1289.3670790119124,9628.74200226876,1322.9185181245305,1.8474111129762605e-13
B3,2025-07-01,55890.80877165762,21460.84804196347,77351.65681362108,5392.5218525048995,10533.45427758557,17145.404317854278,13998.404163774043,1200.0,9281.859160661825,1200.0,2.2737367544323206e-13
B3,2025-07-02,54671.24659610506,22235.1070535147,76906.35364961976,5753.358440764867,15302.12290164554,15052.654031644859,12192.649765632337,1200.0,9222.289334701178,1200.0,2.2737367544323206e-13
B3,2025-07-03,50491.098460762914,38350.95775752973,88842.05621829265,9376.823471885018,5190.250469742401,17998.631649734965,14578.891636285323,1200.0,9014.824016214236,1200.0,1.2789769243681803e-13
B3,2025-07-04,23283.167677035268,28451.53073006915,51734.69840710442,7387.113319698615,15502.865013611301,10566.018000683895,8558.47458055396,1200.0,8980.689398166796,1200.0,3.410605131648481e-13
B3,2025-07-05,20637.288996329935,36162.56953630594,56799.85853263588,9547.624174818282,14145.221194904641,11185.474618599254,9060.234441065397,1200.0,9636.520016587223,1200.0,4.547473508864641e-13
B3,2025-07-06,43595.48825178047,62891.23277849288,106486.72103027334,16557.354630829344,2815.555885917868,20857.677519639572,16894.71879090805,1199.9999999999998,10246.04186819436,1200.0,3.410605131648481e-13
B3,2025-07-07,51141.87951545746,19207.160293919518,70349.03980937698,5034.407186334197,8878.302110566374,16348.13672720424,13241.990749035436,1200.0,9090.01632852848,1200.0,2.2737367544323206e-13
B3,2025-07-08,60745.358887002585,2311.1199474907685,63056.478834493355,585.622018415604,14443.311753563574,17836.759551048115,14092.800415966296,1246.9541971200877,9308.255080884457,1594.4164670918635,2.2737367544323206e-13
B3,2025-07-09,62977.1845915425,1498.1385285693407,64475.32312011184,404.49618313876067,19353.534441267766,15824.541059897896,12693.776465748322,1594.4164670918635,9299.157089121938,1732.3073479462832,3.694822225952521e-13
B3,2025-07-10,59220.91605093939,804.9907025849924,60025.90675352439,262.01381923849726,15334.645379409309,16472.311016332096,13759.475585646855,1200.0,9163.681815718124,1269.08105637089,2.2737367544323206e-13
B3,2025-07-11,32520.102419897357,2053.8083242688094,34573.91074416617,768.2061796423143,17614.483003370493,11793.963811750771,8987.413327234828,1200.0,9288.851944152462,1897.6336789078846,2.2737367544323206e-13
B3,2025-07-12,26776.381655385783,944.1553123096121,27720.536967695392,277.3124333120962,11282.262124766616,12132.069749151446,10187.971005944064,1200.0,10341.889317654237,1496.5286687618948,2.9558577807620168e-12
B3,2025-07-13,52498.649115296226,1079.2951728612313,53577.94428815746,232.700265972272,10009.998083513876,18669.980946498363,15275.252871524417,1327.0083300277254,10612.566434361748,1327.0083300277254,6.366462912410498e-12
B3,2025-07-14,62426.899039293545,183.94224319886533,62610.84128249241,40.79942355948454,20821.445535592036,14405.166178889489,11485.240045206432,1327.0083300277254,9331.055857690984,1530.2800630211248,2.2737367544323206e-13
B3,2025-07-15,59666.35608911189,510.30934994418016,60176.66543905607,169.08371811966117,15877.536269947428,15432.951608013982,12213.191247141773,1530.2800630211248,9212.933065941423,1849.7240134095168,3.268496584496461e-13
B3,2025-07-16,56928.659640637314,2148.211107282972,59076.870747920286,617.9818381748619,13914.988333081632,15808.051632023586,13184.235659329146,1427.819749642805,9366.527271445957,1427.8197496428052,2.5579538487363607e-13
B3,2025-07-17,58139.42232364407,8430.086420346737,66569.50874399081,1892.7403249311938,15714.729203168177,16384.617741148817,13239.739737898146,1200.0,9350.756583736716,1463.1537856788004,2.2737367544323206e-13
B3,2025-07-18,25831.62075309358,2933.6623452810836,28765.283098374664,1086.9776042693693,10179.682020305918,13120.778193322352,10386.625494203128,1475.3379686968733,10800.0,1731.1591661098812,3.467448550509289e-12
B3,2025-07-19,26793.508905779596,1331.0749650734467,28124.583870853043,456.74763947927283,15265.59016137763,11444.060242539666,9653.420584013598,1304.7905132693652,10153.18960684424,1304.7905132693652,2.9558577807620168e-12
B3,2025-07-20,51232.66518480833,4683.601479562576,55916.2666643709,1395.5433974332377,6193.1511117627215,19206.279716322548,15475.616852113233,1304.7905132693652,10398.322788077985,1395.3124222782901,3.410605131648481e-12
B3,2025-07-21,58297.169003887546,1469.5108582042521,59766.6798620918,421.32894208187747,12410.858194837872,17132.24512138188,13466.799672822779,1222.7776196110055,9265.314300890936,1851.2222839411133,4.973799150320701e-13
B3,2025-07-22,56399.836838071395,3105.4068206444094,59505.2436587158,905.456621780994,10691.073920197661,16451.69879595389,13692.24878585162,1444.1414382422631,9389.74002795377,1444.1414382422631,2.8421709430404007e-13
B3,2025-07-23,60659.13902361235,2252.9846980446464,62912.123721657,570.7118400752182,16355.877919034825,16961.081537754784,13714.134351689956,1237.1312927979418,9324.641280981796,1471.1877647882866,2.2737367544323206e-13
B3,2025-07-24,56406.22648273962,8094.573874103336,64500.800356842956,2236.203905931119,12519.023184570302,16546.335864798486,13430.652672783186,1439.9426289033856,9338.512486265832,1439.9426289033856,2.7000623958883807e-13
B3,2025-07-25,30039.873724966394,146.98158131925913,30186.85530628565,67.71738908559777,20049.225642707614,11167.411521638653,8866.776283280167,1439.9426289033856,9336.41716504484,1638.6393502890987,2.5579538487363607e-13
B3,2025-07-26,25457.7568455542,1401.4955504086322,26859.25239596283,634.4228221665442,12271.496389401073,12418.561994841204,10243.308411678438,1291.3855929812737,10577.801492012333,1433.8913548923317,4.661160346586257e-12
B3,2025-07-27,51341.86066962615,12789.389555542879,64131.25022516903,2955.7561904943877,7247.482307557651,19831.14230097445,16254.781226218764,1200.0,10377.333491282627,1221.0513966373735,2.2737367544323206e-12
B3,2025-07-28,57162.95027891552,11436.967593018555,68599.91787193409,3098.2032391199787,9281.712091901494,17578.635227875966,13776.843949933462,1200.0,9357.007447127491,1734.218712910785,2.2737367544323206e-13
B3,2025-07-29,54918.6913831339,2666.744690255106,57585.436073389,866.3018972890793,6575.237077227557,18382.235371926407,15114.00695675461,1200.0,9895.609097522707,1484.8894845838722,2.7000623958883807e-13
B3,2025-07-30,53427.2238487551,1938.2415787514649,55365.46542750656,540.5484275762135,4900.476127564679,18079.52768350352,14562.72666382308,1233.3218590205101,9495.713555169788,1575.6569954891668,2.7284841053187847e-12
B3,2025-07-31,52624.7430027546,8376.870570875959,61001.61357363056,2130.677031039122,5186.745301966684,18090.23897188758,14991.18486316919,1200.0,9458.549431157948,1200.0,1.2434497875801753e-13
B3,2025-08-01,26915.72545526385,686.6999436930748,27602.425398956926,293.58044119738554,20489.990870191858,11480.578681823157,9153.755381128432,1200.0,9851.439369196398,1361.6815012759157,3.907985046680551e-13
B3,2025-08-02,28288.905019917354,36.96770207841115,28325.872721995765,16.937594276376533,22809.889152972304,11248.406994984647,9123.118816254168,1348.44911203525,9455.065229439098,1348.44911203525,1.5916157281026244e-12
B3,2025-08-03,48573.842432184756,4362.520380361473,52936.362812546235,954.6385909857626,11127.908290847232,17317.26999145417,14119.845198864377,1199.9999999999998,9943.689259600942,1245.2752167169203,2.3803181647963356e-13
B3,2025-08-04,47891.23054840414,488.30524647458867,48379.535794878735,224.95696280995634,6262.202550423057,19033.195269167787,15457.635863071131,1200.0,10702.582476399984,1200.0,7.02016222930979e-12
B3,2025-08-05,49090.36359041437,438.8261823985649,49529.189772812926,199.96697781930237,6391.088559460575,17457.73130557781,13838.558416967664,1200.0,9619.087767354542,1535.782156167071,8.895995051716454e-12
B3,2025-08-06,48651.76928681733,10284.406476598022,58936.175763415355,2896.012725862835,5986.536221505854,17307.203091711523,14037.115517707545,1515.4699190323927,9510.82209636581,1515.4699190323927,6.821210263296962e-13
B3,2025-08-07,44199.887897010354,1260.5039033887595,45460.39180039911,575.820340912477,1815.3797437844555,19998.45044736196,16461.91555823819,1223.058034726834,10795.737497537326,1223.058034726834,2.8421709430404007e-12
B3,2025-08-08,23939.32797048904,1764.9852621085768,25704.31323259762,400.3139516305158,22499.70014627265,13272.014878996624,10676.379277727969,1200.0,10798.635791346775,1305.2277839038325,1.1368683772161603e-12
B3,2025-08-09,23323.949312076402,4352.769869501785,27676.719181578184,1310.8227582669588,19514.801734662095,12692.577190433134,10314.73782959186,1199.9999999999998,10553.523095397359,1267.7274446360368,2.1600499167107046e-12
B3,2025-08-10,45347.28391023257,9534.147291665635,54881.4312018982,2990.268516452839,4713.970815146475,18423.47463703726,14934.083200599016,1255.4288395262288,10456.651189442011,1255.4288395262288,3.410605131648481e-12
B3,2025-08-11,45208.400278629924,1873.35464342149,47081.75492205142,569.4898211920196,2515.6107708252543,19922.438191579575,16127.95315930301,1200.0,10800.0,1265.6752571667253,1.6910917111090384e-12
B3,2025-08-12,46834.5165471597,9897.489520774345,56732.00606793404,3151.265938835115,3440.833413883805,16923.749808489167,13729.50625689065,1200.0,9523.517991928717,1242.0431327062593,2.3021584638627246e-12
B3,2025-08-13,47093.849290415754,5577.965789255636,52671.81507967139,2233.3099747668357,4788.2425520742745,17031.530010050763,13774.841539380139,1200.0,9588.450041410622,1265.0406535517864,5.115907697472721e-13
B3,2025-08-14,46578.997000649535,12844.331881018918,59423.32888166845,2930.430695569029,5145.297866854024,17101.52015368897,13910.767912684682,1200.0,9456.329653902376,1200.0,5.002220859751105e-12
B3,2025-08-15,25515.16150802218,1810.1185264572466,27325.28003447943,591.4752789029925,23057.074073611082,12235.945817565213,9911.116112227828,1200.0,9755.604704657815,1200.0,2.2737367544323206e-13
B3,2025-08-16,23211.451899119842,2395.8208810509714,25607.272780170813,799.0174836879796,20702.572252965092,13162.662241624117,10591.594161862387,1200.0,10555.557359022972,1277.9580598368188,5.229594535194337e-12
B3,2025-08-17,44084.628204726585,9778.343947097768,53862.97215182435,2235.47170272938,4261.5576358505805,18403.61893567012,14953.978936087626,1200.0,10280.678355127618,1225.6829507314528,3.1579183712437953e-12
B3,2025-08-18,47759.373484349664,5002.015566615626,52761.38905096529,1245.2152403380232,6250.852586877018,17789.408335779954,14279.1870042894,1200.0,9489.985490717772,1370.3871148340756,5.115907697472721e-12
B3,2025-08-19,45426.70056010474,3116.5865477719926,48543.287107876735,1075.9101187408246,3501.827504756576,19080.339978622582,15480.466374549273,1342.1749016507677,10800.0,1342.1749016507677,2.2737367544323206e-12
B3,2025-08-20,45560.38044218433,22483.038592704983,68043.41903488932,6756.693296395664,2512.176286353308,19635.128529430465,16032.411520324365,1200.0,10454.894309167672,1200.0,4.547473508864641e-13
B3,2025-08-21,45482.11736436101,7177.274870965933,52659.392235326945,2325.927375262898,3884.6103732294423,18945.751266479092,15342.9088702351,1200.0,10800.0,1203.499617347737,3.865352482534945e-12
B3,2025-08-22,23617.832548940758,6291.848078704495,29909.68062764525,1737.7061411428933,18189.98560813922,14099.160751955558,11343.01386264161,1200.0,10800.0,1289.3955578392884,1.7053025658242404e-12
B3,2025-08-23,24007.190748466426,1877.6334792382554,25884.82422770468,573.2176005722303,16119.873436917142,12768.908830717726,10423.272154936725,1200.0,10315.768268790001,1200.0,5.7980287238024175e-12
B3,2025-08-24,45910.3797749802,11205.981435966318,57116.361210946525,2753.596657745152,7062.13804127269,18450.280779438246,14877.673602259893,1200.0,10435.892425486987,1274.5042545389897,1.5916157281026244e-12
B3,2025-08-25,47130.32836021177,15263.427354479549,62393.75571469132,4852.034687665166,2925.1799605236292,19740.48846226344,15789.612069243041,1274.5042545389897,10769.855627263796,1496.9304603060427,2.6147972675971687e-12
B3,2025-08-26,47614.23475491301,2218.750501143015,49832.985256056025,473.9674621020447,5223.983176276024,19557.518415207145,15622.690186628544,1200.0,10737.552548665622,1740.152382182995,4.746425474877469e-12
B3,2025-08-27,46602.54720606915,8731.578959575858,55334.12616564501,2470.4782996883227,3378.1904623282167,19581.634077076997,16282.734210665905,1200.0,10773.306901195749,1271.6961508123925,7.73070496506989e-12
B3,2025-08-28,47641.200085468525,16102.49596421249,63743.69604968101,5651.979737821342,3453.264140238431,17859.811917075607,14472.437600365778,1200.0,9588.466811129056,1265.0406535517973,4.547473508864641e-13
B3,2025-08-29,25696.957976994665,1762.2715114708328,27459.2294884655,470.32806162620784,17429.643622137497,14155.880195800328,11232.828118472602,1200.0,10800.0,1524.412698135876,2.7284841053187847e-12
B3,2025-08-30,24625.219836460048,1390.5976858613526,26015.8175223214,483.78337118223453,21077.4422735367,12546.038931885749,10453.663723466818,1200.6658218699235,10445.002880297881,1200.6658218699235,2.5011104298755527e-12
B3,2025-08-31,46186.37025239171,6295.411964644041,52481.782217035754,2029.8528563779187,3421.4016055928846,19357.335975525355,15645.545474813329,1200.0,10447.231712703939,1238.3287833834868,3.751665644813329e-12
B3,2025-09-01,48224.50625658541,0.0,48224.50625658541,0.0,15901.145938791115,17189.796636778778,12004.7610532576,1238.3287833834868,10800.0,3370.5223639759424,2.2737367544323206e-13
B3,2025-09-02,45139.89738993911,3034.4794883419536,48174.376878281066,655.0084125031898,13451.654561442228,16687.38555314945,13860.447491564639,1200.0,10800.0,2988.672148960849,1.1368683772161603e-13
B3,2025-09-03,44554.40723308165,272.05093008614637,44826.458163167794,71.06014515577385,10502.95238641144,15967.053590484567,12909.668586043168,2478.9806484155256,10800.0,3014.944173682331,1.5631940186722204e-13
B3,2025-09-04,43771.42849117762,1902.3615087582755,45673.78999993589,434.23480107201925,11324.217629863111,17113.118367822888,14324.441312941242,1200.0,10800.0,2500.704801454884,2.7000623958883807e-13
B3,2025-09-05,21712.852761076454,588.6026882179885,22301.455449294444,252.56215562114187,27160.06193065049,12145.283005218409,9434.287215254351,1610.4536195290445,10800.0,2948.918155868839,1.3642420526593924e-12
B3,2025-09-06,22025.163525023232,1400.8452265982057,23426.008751621437,359.5051305214114,27524.297845055582,11080.118234393976,9100.332440622691,1200.0,10426.543844993077,2809.544077242651,3.410605131648481e-13
B3,2025-09-07,42141.679200493665,3306.863405498825,45448.54260599249,1060.870651071495,8709.014598391619,17003.424770786783,14343.158889465118,1200.0,10341.736866088144,2175.7831604339526,5.684341886080801e-13
B3,2025-09-08,33741.48334090237,30790.203400486593,64531.68674138896,9024.571997067966,1308.4920771078043,18365.720081002568,15754.438110002637,1199.9999999999995,10701.802487280753,1200.0,3.502975687297294e-12
B3,2025-09-09,35907.167567619465,14135.565916724876,50042.73348434434,3670.7302551611447,4481.7944258599955,19234.78194640855,15580.173376590938,1200.0,10694.963614507778,1200.0,5.870859354217828e-12
B3,2025-09-10,35684.97607810826,34407.45445669361,70092.43053480187,9461.94848157583,1321.8606396999633,20136.34914652037,16310.442808681495,1200.0,10676.372032704989,1200.0,4.206412995699793e-12
B3,2025-09-11,35911.07537625595,16739.63025940787,52650.70563566382,4158.016691111311,4707.673010511228,19322.59799596238,15651.30437672953,1199.9999999999995,10659.366754626739,1200.0,4.547473508864641e-12
B3,2025-09-12,15607.393372824903,9701.195351050686,25308.58872387559,2943.133150872515,17526.110694651637,13498.537326466416,10933.815234437801,1200.0,10579.449539776937,1200.0,2.2737367544323206e-12
B3,2025-09-13,15517.39473234972,12172.406706282803,27689.801438632523,3138.5497665723897,21473.61921473886,13514.838975043464,10947.019569785203,1200.0,10538.10474739489,1200.0,1.1368683772161603e-12
B3,2025-09-14,36360.39270465814,29355.218164633232,65715.61086929137,8054.4464072545225,3235.1521295758075,18728.663220309994,15170.217208451095,1200.0,10344.00479966147,1200.0,4.446443213623752e-12
B3,2025-09-15,39204.07049582734,8712.397896267727,47916.46839209507,2131.924896093255,5570.991176489321,19282.515826936993,15568.876593773804,1200.0,10309.489856121923,1255.5124733835116,1.7053025658242404e-12
B3,2025-09-16,39150.42559370644,13347.791980598791,52498.21757430523,4152.037949269169,2910.5302432807684,18977.325663501393,15421.595013481287,1200.0,10250.356357812205,1200.0,3.588240815588506e-12
B3,2025-09-17,38704.75050722758,14783.99852061454,53488.749027842125,4165.166673012469,1571.3609814000083,18953.47633163881,15352.315828627434,1200.0,10216.456910533301,1200.0,9.094947017729282e-13
B3,2025-09-18,38406.030264006724,18447.05883266216,56853.08909666888,4601.4030508655205,3162.6827179743923,18629.288324994966,15074.047913188408,1200.0,10242.498512278342,1217.417366730569,3.865352482534945e-12
B3,2025-09-19,17575.013413865585,8995.0744124251,26570.087826290684,2460.151439724668,15564.213579757552,13539.583231980672,10982.738047961866,1200.0,10144.189142896908,1200.0,3.6415315207705135e-13
B3,2025-09-20,16271.865905061268,15722.119640761364,31993.98554582263,4092.1300014514895,15871.84343300474,13807.294981988542,11183.90893541072,1199.9999999999998,10349.458171930884,1200.0,2.5011104298755527e-12
B3,2025-09-21,39614.27321341558,13283.29982744953,52897.57304086511,3420.215810080599,4624.871728415173,17472.42681937165,14148.905952857283,1200.0,10379.676932553075,1204.1775231486263,5.4569682106375694e-12
B3,2025-09-22,42468.88672615973,9438.462560931743,51907.34928709148,2620.9106117287324,5817.071150451237,17731.563294503067,14352.280595545775,1200.0,10246.053967998363,1215.6060487060827,1.5134560271690134e-12
B3,2025-09-23,42876.63667648998,10748.780223724772,53625.416900214754,2541.8229507937203,4886.374172516692,18841.983744343568,15222.293639028498,1200.0,10131.286850838535,1259.7318196947374,3.979039320256561e-12
B3,2025-09-24,41881.48720299382,11340.205536684765,53221.69273967858,3089.554943032192,5205.580089740382,19128.259079291973,15547.648491951759,1200.0,10191.77706799187,1200.0,1.7053025658242404e-12
B3,2025-09-25,41181.4625542511,12524.13840611737,53705.600960368465,3491.745805788203,4906.720988980643,19125.123489102778,15491.350026173252,1200.0,10221.737685650562,1200.0,2.5011104298755527e-12
B3,2025-09-26,19014.40448741567,4248.026529293943,23262.431016709616,1318.1495431452677,14907.853720857034,14130.307841494783,11445.549351610778,1200.0,10095.83106094785,1200.0,6.252776074688882e-13
B3,2025-09-27,17570.91204168638,19921.45636087587,37492.36840256225,5525.732191078742,16803.723861378054,14058.371795807734,11387.281154604272,1200.0,10117.780592351366,1200.0,2.9558577807620168e-12
B3,2025-09-28,41301.72612604086,19863.063438404122,61164.78956444499,5545.9729821712635,2893.558246533435,17702.468559854253,14338.999533481947,1200.0,9828.716009013982,1200.0,2.7711166694643907e-13
B3,2025-09-29,44796.30382129671,6437.83508356798,51234.13890486469,1545.3820369778537,5945.868764180681,18770.20893212416,15203.869235020573,1200.0,10247.769423295302,1200.0,2.3874235921539366e-12
B3,2025-09-30,44565.28878665763,11990.26819624183,56555.55698289946,3243.126663487594,4144.151449708738,20048.428009498864,16239.22668769408,1200.0,10278.396494141376,1200.0,2.8421709430404007e-12
B3,2025-10-01,44841.32837051938,205.7672920911384,45047.09566261052,86.42813178417768,17769.99784857386,17278.607110834913,13411.722884104693,1200.0,10198.990614598548,1848.8320840795466,6.821210263296962e-13
B3,2025-10-02,41906.030447783436,1654.0915492956071,43560.12199707904,690.7269434792267,11848.215306207196,18221.434117804656,14844.61123794521,1473.590655399133,10146.759123963795,1754.110303497949,4.405364961712621e-13
B3,2025-10-03,18220.80770659604,670.1849283537881,18890.992634949827,302.873225679714,22499.987626846785,13559.541784468189,10685.448280763356,1415.8579310869302,10134.048155871655,2084.9775975600355,4.831690603168681e-13
B3,2025-10-04,18766.49480772278,2163.1323766027385,20929.627184325516,665.8574453351828,18240.495748252986,13148.387150187293,10647.870750413069,1200.0,9811.096096273823,2087.5585322696315,1.1368683772161603e-13
B3,2025-10-05,39911.38034053572,2021.9114449682095,41933.29178550393,809.8143503801441,6393.916962445971,17903.58154924397,14966.388079803117,1278.4707066285714,10176.564540685378,1571.4618379190774,5.343281372915953e-12
B3,2025-10-06,42519.054605050806,3130.496389695965,45649.55099474677,1224.5890430396635,6438.179915942017,18655.322021346747,14931.710723634695,1349.754205619702,10167.368352983363,1770.4619642037112,2.2737367544323206e-13
B3,2025-10-07,42189.422198078115,5518.412223422347,47707.83442150046,1498.5409113992848,6483.652164764036,18755.125407705957,15041.682969667596,1200.0,10196.787630264253,1937.0937537306293,2.1600499167107046e-12
B3,2025-10-08,37152.3573017665,12838.407170059336,49990.76447182584,3445.997214931022,3994.234705238389,18304.655638762928,15487.187208874644,1200.0,9931.346850213306,1203.2980409787688,1.5631940186722204e-13
B3,2025-10-09,37397.17924071439,14385.605128581328,51782.78436929572,3318.400254994096,4676.2667671749,19359.13906118262,15683.870876438818,1200.0,9976.52313353865,1200.0,2.2737367544323206e-13
B3,2025-10-10,16249.90671041346,6262.20918292668,22512.11589334014,1703.8089259548071,20820.00917584553,14520.723001435645,11761.785631162873,1200.0,9951.081433652402,1200.0,1.0231815394945443e-12
B3,2025-10-11,14805.648526455481,7877.301717980385,22682.950244435866,1978.4337652194415,14054.569229856274,15615.305078683437,12648.397113733588,1200.0,10604.3148150036,1200.0,2.2737367544323206e-12
B3,2025-10-12,36546.41298375161,18821.565300259674,55367.97828401128,5224.760762378758,1995.6739349340087,19155.831615461895,15516.223608524137,1200.0,10161.694913780506,1200.0,2.6147972675971687e-12
B3,2025-10-13,40965.02345141427,5021.339878504684,45986.36332991895,1277.0149325761988,6611.732831069602,19204.27388717457,15555.461848611405,1200.0,10059.549946823601,1200.0,2.2737367544323206e-13
B3,2025-10-14,39811.23509212197,16050.631361064301,55861.86645318627,3991.8893569636825,3880.5016758182246,19255.620980061783,15597.052993850044,1200.0,10055.890822979982,1200.0,4.433786671143025e-12
B3,2025-10-15,40112.82911975109,17152.721787789404,57265.55090754049,4764.305758741526,3500.634663924705,19383.13127771962,15700.336334952892,1200.0,9921.721187334098,1200.0,1.5631940186722204e-13
B3,2025-10-16,40392.36046979147,25273.684958672588,65666.04542846406,6750.321504357596,5220.49285649332,19943.38583318236,16154.142524877716,1200.0,10088.67511545935,1200.0,2.5011104298755527e-12
B3,2025-10-17,17575.527711843035,4232.829631249872,21808.357343092906,1224.1051287478126,15663.513061520358,15074.43917914383,12195.86823251968,1200.0,10136.366431298777,1216.0305584298007,1.3073986337985843e-12
B3,2025-10-18,16399.677980517918,7294.844054380435,23694.522034898353,2368.7087032515915,14651.379241437837,15057.845162165164,12211.282083940612,1200.0,10137.258779188189,1200.0,1.7053025658242404e-12
B3,2025-10-19,39296.57486466424,21754.243287166984,61050.81815183123,5569.65364151448,1212.822062628142,20234.973786127695,16390.328766763436,1200.0,10197.523678177356,1200.0,1.2505552149377763e-12
B3,2025-10-20,44262.10660723533,8329.75056101384,52591.85716824917,1817.9248129134705,4485.8510763232125,19550.83413718956,15836.175651123547,1200.0,10009.962370426721,1200.0,2.2737367544323206e-13
B3,2025-10-21,44943.15459930488,10047.084020385379,54990.23861969026,2896.9167958274834,4740.274789715026,20434.051653154253,16551.581839054943,1200.0,10062.111695592266,1200.0,1.4210854715202004e-13
B3,2025-10-22,44268.11636712308,15924.899003523456,60193.01537064654,3633.062084128385,5673.58002159906,19548.785659718196,15834.516384371733,1200.0,10013.651004144373,1200.0,2.2737367544323206e-13
B3,2025-10-23,44256.57407388779,8716.429633400297,52973.00370728808,2197.2871554642215,6015.566435899245,20152.915370075043,16323.861449760789,1200.0,10011.983315237532,1200.0,1.7053025658242404e-13
B3,2025-10-24,17967.294900621688,5078.687003366192,23045.98190398788,1302.340130509763,13602.762441149254,15640.389672588895,12668.715634797005,1200.0,10075.668240784784,1200.0,3.183231456205249e-12
B3,2025-10-25,17468.593785364003,7285.934306817189,24754.528092181194,1791.1499253266784,12735.755337305593,15160.405093160083,12279.928125459668,1200.0,9911.381636158017,1200.0,2.7284841053187847e-12
B3,2025-10-26,44130.16147911982,5584.550654508567,49714.71213362839,1568.9711298887964,3377.0399700569274,19749.310662128326,15996.941636323943,1199.9999999999995,9774.35055669016,1200.0,2.2737367544323206e-13
B3,2025-10-27,46385.38866999588,5890.409250264329,52275.797920260215,1578.7199117830376,8479.180787994199,19775.921213387,16018.496182843477,1200.0,10136.834304393888,1200.0,1.5916157281026244e-12
B3,2025-10-28,45439.067651102625,8209.301177111824,53648.36882821445,2052.682795831712,4514.91368012376,19640.3369577473,15908.67293577531,1200.0,9860.67188632747,1200.0,2.4158453015843406e-13
B3,2025-10-29,45570.43574535361,17691.844145662548,63262.27989101616,4643.2657876078765,4013.046634584326,20523.056725448765,16623.675947613498,1200.0,9961.662203532525,1200.0,1.2789769243681803e-13
B3,2025-10-30,45037.57646492558,8517.063595730395,53554.64006065598,2133.025156452284,5331.184147866313,19691.818075443276,15950.372641109054,1200.0,10019.787272978125,1200.0,1.2789769243681803e-13
B3,2025-10-31,18990.599099534607,5262.056428971905,24252.65552850651,1740.1830951075076,9902.530071012477,16068.393130788549,13015.398435938725,1200.0,10065.190002894878,1200.0,2.2737367544323206e-13
B3,2025-11-01,17771.799053026007,6128.161507452703,23899.960560478707,1976.5948526913323,9752.9850860388,15996.170286771732,12956.897932285101,1200.0,10107.661030922143,1200.0,1.0800249583553523e-12
B3,2025-11-02,44358.92024054443,14255.74949478558,58614.66973533001,3300.886544319307,2014.9764438300883,21438.92671582903,17360.97403774908,1200.0,10374.907620641308,1205.062891191584,6.0254023992456496e-12
B3,2025-11-03,48317.98519138016,3351.01096522949,51668.996156609646,1155.5257732307764,4406.656179995467,19437.96150671499,15749.305422511567,1200.0,10084.015262982535,1200.0,1.8189894035458565e-12
B3,2025-11-04,48134.66317343636,3872.2296148430764,52006.89278827944,774.5228421591696,5960.7189476793865,19710.446779085883,15964.636535200763,1200.0,10084.6761019413,1200.917062065336,4.774847184307873e-12
B3,2025-11-05,48415.43566528271,4776.625222461416,53192.06088774413,1218.530227078783,4400.880495038116,19908.309208331393,16079.870501049534,1200.0,10088.899998767532,1251.8725706196672,1.5916157281026244e-12
B3,2025-11-06,47026.12723887641,16012.40314735942,63038.530386235834,3837.225759489671,3671.2526459075343,20031.006583526287,16271.077764434256,1200.0,10185.253903689232,1200.8032019774757,2.0463630789890885e-12
B3,2025-11-07,19150.22469151178,4113.613099838574,23263.837791350354,1072.4142536854497,10120.347897419777,16614.75278766174,13458.672639785736,1200.0,10046.19378510585,1200.0,2.8421709430404007e-13
B3,2025-11-08,18112.147643164077,2427.5577958292597,20539.705438993336,612.6965883121511,8009.0692654548475,16691.555082368734,13520.15961671868,1200.0,10232.715115042134,1200.0,2.1600499167107046e-12
B3,2025-11-09,48029.330173408576,9697.352374428725,57726.6825478373,2864.6401967824836,3595.4607610014878,21413.73295772174,17345.123695754603,1200.0,10470.826376178027,1200.0,4.774847184307873e-12
B3,2025-11-10,49881.308901240685,11888.45393017758,61769.762831418266,3116.7231850231733,4371.507177629816,20323.68037910024,16462.181107071192,1200.0,10252.18256826881,1200.0,3.979039320256561e-12
B3,2025-11-11,49862.17863317801,4606.2196733384535,54468.398306516465,1176.2213274710134,4354.608421235311,20072.298258200564,16258.561589142459,1200.0,10115.007737834185,1200.0,1.5916157281026244e-12
B3,2025-11-12,50077.40521259188,4439.125642477319,54516.5308550692,985.8159627084449,5196.827331728086,20478.382254754604,16587.48962635123,1200.0,10120.495379734877,1200.0,2.913225216616411e-13
B3,2025-11-13,49535.09751688318,10933.695762765561,60468.793279648744,2975.638524993918,5036.524368098768,19961.149499530617,16168.531094619791,1200.0,10268.086217369633,1200.0,3.865352482534945e-12
B3,2025-11-14,19888.179964609553,4318.706276264706,24206.88624087426,1377.684658868764,7520.60163750241,16772.629229315935,13577.2823268911,1200.0,10070.601658901223,1209.4970542831159,5.229594535194337e-12
B3,2025-11-15,18631.925583570806,4402.176707582062,23034.102291152867,1204.9570957055007,4640.731137233954,17521.61510835097,14184.428263488731,1200.0,10433.028789513332,1218.4748034781805,3.069544618483633e-12
B3,2025-11-16,51031.560300769306,6816.7934023294,57848.353703098706,1520.3780549296725,3577.197575519766,21358.377339215847,17316.9129678952,1200.0,9971.317500752044,1200.0,2.2737367544323206e-13
B3,2025-11-17,52209.59349030907,1890.9208671419597,54100.51435745103,535.3326326058086,6049.086414074386,20746.977166789995,16775.483095846997,1200.0,10234.764963261247,1232.8537880587712,4.547473508864641e-13
B3,2025-11-18,51586.832634452694,6927.778533924228,58514.61116837693,2216.501233824861,4508.515527506148,21024.649113680545,17031.19207091569,1200.0,10224.71172627208,1231.4912449093815,1.5916157281026244e-12
B3,2025-11-19,51819.39315748533,8781.581758778579,60600.974916263905,2092.52051484081,4191.5005303283215,20925.37470524576,16977.895631667507,1200.0,10068.462096074292,1200.0,1.1368683772161603e-12
B3,2025-11-20,51728.43125853275,6537.528325773668,58265.959584306416,1790.41482389436,4280.415211882567,20939.42910374456,16960.112218174287,1200.0,10094.01987499647,1200.9170620653358,2.8421709430404007e-12
B3,2025-11-21,20293.266779097346,2166.143231780621,22459.410010877968,866.8252597584207,6128.963349941446,17158.44384187856,13888.480893723541,1200.0,10051.596023561591,1211.871082285443,1.8758328224066645e-12
B3,2025-11-22,19686.760365247403,3230.013458393765,22916.773823641168,903.0294849796454,3823.424764605259,18133.203498680105,14698.578807987784,1200.0,10081.766542955587,1200.0,1.9326762412674725e-12
B3,2025-11-23,52170.6714491779,6158.472733813081,58329.14418299098,1427.2875624211893,3997.381699292141,21092.787733429595,17083.768513750852,1200.0,10409.348528567787,1201.543944807917,2.2737367544323206e-12
B3,2025-11-24,52852.68277484098,5562.193777096073,58414.87655193705,1388.805244194987,6187.168306809846,19654.399839551093,15921.453420363507,1200.0,10039.938906722573,1200.0,2.2737367544323206e-13
B3,2025-11-25,53006.9412250432,5403.854301733739,58410.79552677694,1320.6681112336396,4263.350803521633,20839.40665651146,16879.91939177428,1200.0,10076.592283932796,1200.0,9.094947017729282e-13
B3,2025-11-26,53024.8498358882,6096.782438835334,59121.63227472353,1666.317100287474,4125.368865802173,21671.95161073324,17554.280804693924,1200.0,10265.953551549912,1200.0,2.1600499167107046e-12
B3,2025-11-27,52997.150017633714,5486.087198950569,58483.237216584275,1339.1506185626858,4716.859125735595,21891.321759054776,17731.97062483437,1200.0,10382.760257400383,1200.0,2.6147972675971687e-12
B3,2025-11-28,20415.112819158683,4600.622042518529,25015.734861677214,1095.9227991269472,4729.2995541829,17851.536614753604,14459.74465795042,1200.0,10000.143360523336,1200.0,1.1937117960769683e-12
B3,2025-11-29,20275.371928494536,10640.506423391353,30915.878351885887,3733.5433244476526,3483.8623705533428,18215.771148703487,14754.774630449832,1200.0,10250.847430309173,1200.0,5.6274984672199935e-12
B3,2025-11-30,54327.53815289954,9822.206426271057,64149.7445791706,2495.276383762127,2996.98358841336,21828.157335885753,17680.807442067453,1199.9999999999995,10088.666319165088,1200.0,4.092726157978177e-12
B3,2025-12-01,54398.995572181426,26481.00396979882,80879.99954198024,7224.327408939931,1750.9606222940142,23327.405141226318,18895.19816439332,1200.0,10367.570211281121,1200.0,2.1174173525650986e-12
B3,2025-12-02,54343.4164528853,34432.424176235676,88775.84062912097,9162.979072106964,1307.0933488662429,23440.80845247684,18987.054846506246,1200.0,10404.754249784943,1200.0,7.119638212316204e-12
B3,2025-12-03,55504.95754479256,22083.436450048972,77588.39399484154,6799.931321405778,1881.0264176181402,23414.915964707045,18966.081931412704,1200.0,10391.44788931572,1200.0,2.0463630789890885e-12
B3,2025-12-04,56056.77423154002,26291.24866836451,82348.02289990454,7011.867839751064,3310.5629117486574,22438.009508923293,18174.787702227863,1200.0,10384.939132551714,1200.0,1.8403056856186595e-12
B3,2025-12-05,23613.692280881165,16704.98502246509,40318.67730334626,5108.28140603054,4626.066697657303,18446.34899878581,14941.542689016507,1200.0,10330.945787735682,1200.0,3.296918293926865e-12
B3,2025-12-06,21875.08250643545,23571.96271093308,45447.04521736853,7604.964419150315,1545.3966117626387,18317.99729243657,14837.577806873622,1200.0,10115.949706179412,1200.0,3.765876499528531e-12
B3,2025-12-07,59331.807270614605,18962.256494504836,78294.06376511944,5314.0868444583575,4969.188817862827,21279.773926372334,17236.61688036159,1200.0,10045.670843745105,1200.0,2.149391775674303e-13
B3,2025-12-08,64555.10401288528,1445.1118483449393,66000.21586123022,426.68702557280005,7667.711841910175,21954.647956068904,17745.308278761917,1200.0,10357.540641740456,1242.1739618376653,5.684341886080801e-13
B3,2025-12-09,65747.56872020807,795.2112548956164,66542.7799751037,183.8737331250967,9785.178613448581,22533.178020520256,18282.675830263444,1200.8586855154883,10410.522846467986,1207.9499244576193,1.7053025658242404e-12
B3,2025-12-10,62374.712611496114,2608.0614620000542,64982.77407349616,677.4069661370738,4679.101750452739,22839.445794974443,18507.106025941168,1200.0,10402.09706976616,1200.0,1.8189894035458565e-12
B3,2025-12-11,62845.3665363656,581.2396563324132,63426.60619269801,250.3269493335081,6943.154079629026,22285.17678209712,18048.431690265235,1200.0,10438.833636032114,1202.8461147038154,1.2505552149377763e-12
B3,2025-12-12,26929.245180022735,2111.487788557978,29040.732968580716,885.0857269303355,3692.660870914744,19197.087410670218,15543.114938807363,1200.0,10377.566231575453,1210.097074521053,4.447997525858227e-12
B3,2025-12-13,29312.630283746723,1522.1014556283085,30834.73173937503,438.52829743203716,7063.683802993333,17758.88562392733,14389.159690586373,1205.1389242930143,9899.728950870467,1205.1389242930143,3.979039320256561e-13
B3,2025-12-14,63474.337354348994,969.8478186413532,64444.18517299034,255.24606827256585,4706.085018737393,23149.99697710267,18756.122583316876,1200.0,10354.10197684669,1200.0,2.1600499167107046e-12
B3,2025-12-15,63235.72941172805,1472.8188264273074,64708.54823815535,483.1310828100411,4266.52002749374,23166.829422359653,18742.313544321732,1200.0,10391.111330596612,1225.353653099541,9.094947017729282e-13
B3,2025-12-16,63044.99969642625,918.3780566867866,63963.37775311303,320.08714649237015,3689.2118108582463,23099.61418834895,18733.505780352236,1200.0,10457.993202860116,1200.0,3.183231456205249e-12
B3,2025-12-17,63011.88571527955,1353.0515359804538,64364.93725126,294.89092040776757,5430.969348480434,22795.181510346472,18446.974290371476,1200.0,10379.814677865728,1219.0252588990684,1.4779288903810084e-12
B3,2025-12-18,61389.015618192694,2342.085899065207,63731.1015172579,738.8137310532596,3785.9357703964874,23436.311677600643,18993.818261670658,1200.0,10408.016250579996,1207.4632557722564,3.751665644813329e-12
B3,2025-12-19,27484.438975406523,1447.8522666321728,28932.291242038697,473.1494525749132,5214.408679853565,19635.221932248332,15911.24669531618,1200.0,10335.64495653711,1200.0,1.7621459846850485e-12
B3,2025-12-20,26314.54484119424,724.9830533243683,27039.52789451861,314.87775683935405,2944.6694329727893,20042.24616644874,16218.867360596832,1200.0,10407.58840624081,1217.0578158073708,4.774847184307873e-12
B3,2025-12-21,61937.117611067675,2537.1395483035953,64474.25715937127,722.1511385312267,3046.487079956859,23727.21769844432,19213.446605709854,1200.0,10475.26626099756,1223.2797380629838,4.11404244005098e-12
B3,2025-12-22,62874.622985504204,1874.4177005466045,64749.04068605081,415.089880134126,4205.416164971483,22986.231878272545,18639.79958565745,1199.9999999999998,10448.062433511474,1200.0,4.320099833421409e-12
B3,2025-12-23,63054.29958368239,215.9711661090258,63270.270749791416,70.57124736926784,5875.174633196427,22962.62816668657,18587.756290243145,1200.0,10421.631515889834,1213.3028053032974,2.575717417130363e-12
B3,2025-12-24,61884.84667019402,1901.4801300013876,63786.32680019541,427.6829113281889,3992.743328408051,23339.542884438342,18917.002261168036,1200.0,10454.962179946551,1200.0,2.7284841053187847e-12
B3,2025-12-25,61719.330868117184,4436.224321976358,66155.55519009354,1158.8483961169209,4630.897552161512,22800.970297423846,18468.785940913316,1200.0,10434.994074759243,1200.0,3.865352482534945e-12
B3,2025-12-26,29099.195118580134,1331.537220926316,30430.73233950645,464.4930767147719,7209.733540075127,18119.216016361886,14366.372218498385,1200.0,10330.14203391089,1544.658616394154,2.7142732506035827e-12
B3,2025-12-27,27282.935620660395,780.8863289912416,28063.821949651636,205.32780382334144,3768.537685779871,17687.402738954403,14631.333430318664,1200.0,9652.830653124534,1206.283936654591,3.410605131648481e-12
B3,2025-12-28,62647.04969877194,1694.7376976978996,64341.78739646984,419.5470561655154,5609.470073735425,21530.64011858105,17423.486647087346,1200.0,10277.41001139112,1224.4304355027034,3.637978807091713e-12
B3,2025-12-29,62255.901982333504,801.4856177971295,63057.387600130634,245.76948657850423,4849.791089276685,22432.790122154307,18192.547390897413,1200.0,10409.471310083307,1200.0,2.9558577807620168e-12
B3,2025-12-30,61399.69347940983,98.05579639838012,61497.7492758082,49.09968526786281,4467.657734107842,23109.61932036443,18664.8535665617,1200.0,10494.303818874776,1259.9312032594053,2.9558577807620168e-12
B3,2025-12-31,61351.39661173062,3685.2095364520173,65036.60614818264,978.2458914049063,2967.0316396034873,23346.799416094935,18964.845609970358,1200.0,10424.492112562084,1200.0,3.410605131648481e-12
B4,2025-02-01,27864.649642117573,330.3650842985004,28195.014726416073,75.1414440395644,16116.998506421736,12080.131553909792,12965.740540705683,1375.8562421791664,9289.57729254262,1375.8562421791664,3.552713678800501e-13
B4,2025-02-02,56948.452497623504,408.60770062391174,57357.06019824742,91.36245143394214,7495.0085829531645,21215.215322603563,17298.36605057479,1246.0672063290588,10455.566125339777,1249.1433096614921,2.2737367544323206e-12
B4,2025-02-03,63852.23646512479,746.4773924667063,64598.7138575915,266.9405775433956,14456.077365595498,19333.623062709692,15704.463659490191,1200.0,9806.037733718993,1200.0,2.2737367544323206e-13
B4,2025-02-04,59962.79506563021,5184.706137300989,65147.5012029312,1295.2244272852763,7428.6677078502435,21002.619861949235,16959.681881675995,1200.0,9924.026017521677,1258.2668961143193,2.984279490192421e-13
B4,2025-02-05,62215.662473603836,2184.7365613977113,64400.399035001545,519.7755007044298,12044.723251794103,20291.82145325731,16444.976052597416,1200.0,9730.875553928048,1248.7105900487754,2.957634137601417e-13
B4,2025-02-06,62716.40203270779,742.4824474933453,63458.88448020114,224.86951637885716,12537.787203940396,20134.135975770074,16232.075962364932,1248.7105900487754,9780.317023809519,1333.7930100585847,3.197442310920451e-13
B4,2025-02-07,28379.56300360283,483.7909361385964,28863.353939741424,76.14237178568534,16596.223029057302,16377.371268836505,13362.725085009868,1225.954835333807,9349.084968253974,1225.954835333807,2.2737367544323206e-13
B4,2025-02-08,23231.917328121304,4921.718837165303,28153.636165286607,1291.5972799724514,8833.167816534407,16750.54517480996,13560.936820383362,1200.0,9407.611206610261,1233.7379144590336,2.2737367544323206e-13
B4,2025-02-09,55271.14730063161,9174.47528476107,64445.62258539268,2393.362967789312,4041.3935954073195,20892.801495707463,16953.533334536176,1200.0,9791.326843964693,1200.0,2.2737367544323206e-13
B4,2025-02-10,57121.1398579405,986.3902326955423,58107.53009063604,355.24733103155233,10174.1619933156,18763.523096438417,15198.453708115116,1200.0,9906.897035849244,1200.0,2.2737367544323206e-13
B4,2025-02-11,58669.569746494155,2648.05185856297,61317.621605057124,567.5114318958568,12893.244773303259,19487.837589734027,15785.148447684564,1200.0,9734.638947401021,1200.0,2.2737367544323206e-13
B4,2025-02-12,55629.042987269204,3631.0542897005616,59260.09727696977,884.0518865758833,7207.605620249214,19405.58705869378,15718.525517541962,1200.0,9817.826122498032,1200.0,2.2737367544323206e-13
B4,2025-02-13,54137.145551521375,2869.40589478854,57006.55144630992,721.5140266842176,9774.997317729734,17833.641649491998,14445.249736088515,1200.0,9824.578939304185,1200.0,2.7000623958883807e-13
B4,2025-02-14,21858.1064709004,2414.3711458966573,24272.477616797056,695.4951282217846,7269.109204071902,16879.092708250973,13672.065093683292,1200.0,9550.151125071203,1200.0,4.547473508864641e-13
B4,2025-02-15,21260.487299392957,4333.3167782116925,25593.804077604647,1342.268095584752,7160.423475603311,16576.915438317916,13427.301505037514,1200.0,9426.231221679776,1200.0,3.410605131648481e-13
B4,2025-02-16,54800.07630786065,11894.573906632495,66694.65021449314,2803.4359312092656,9616.066834942025,18872.675660609068,15286.867285093344,1200.0,9735.180850186583,1200.0,2.2737367544323206e-13
B4,2025-02-17,49752.152062524285,2851.2714920824387,52603.42355460673,736.3742759426143,5659.054370503399,19873.51559762264,16063.69034494174,1200.0,10334.78757711236,1237.6192101473305,3.524291969370097e-12
B4,2025-02-18,55154.96755965262,4203.090018945285,59358.05757859791,1127.9623785646943,11894.613457489326,18766.657253345962,15234.84966434283,1200.0,9717.74663213531,1200.0,1.5987211554602254e-13
B4,2025-02-19,51471.34127421069,8852.931846744657,60324.273120955346,2272.761492117496,5733.551079298415,19789.718844920008,16029.672264385204,1200.0,9902.565440245173,1200.0,2.2737367544323206e-13
B4,2025-02-20,50628.05644232718,4643.074633164543,55271.13107549172,1101.4982266415968,5389.002940681657,19134.795838543138,15499.184629219937,1200.0,9809.75314685631,1200.0,2.2737367544323206e-13
B4,2025-02-21,18414.993766951902,869.6553850098442,19284.64915196175,408.1553442769969,6681.145968638192,17626.658692192083,14277.593540675618,1200.0,10392.641889944312,1200.0,4.092726157978177e-12
B4,2025-02-22,18307.311813991422,5944.357132165534,24251.668946156955,1990.4213061103687,5927.948630864111,17142.119565939283,13885.11684841083,1200.0,10348.212242398782,1200.0,2.3874235921539366e-12
B4,2025-02-23,47821.592966430064,8167.647036977211,55989.24000340728,2246.6997990260597,3884.0562801882857,20938.65100744785,16960.307316032762,1200.0,10350.59236145253,1200.0,2.8421709430404007e-12
B4,2025-02-24,50305.2022728404,1990.7354832229096,52295.93775606331,522.9201346330532,6631.00933764083,17828.450887754505,14434.332080685013,1200.0,9906.106138295148,1207.4590426623765,2.2737367544323206e-13
B4,2025-02-25,47458.126673278646,2628.3907588452043,50086.51743212385,712.3211310899807,7795.493001310305,19245.989352649587,15585.27814393808,1200.0,10288.178984252992,1211.8737445602565,2.9736213491560193e-12
B4,2025-02-26,46440.270033863686,5280.363520937414,51720.6335548011,1532.2810084176504,3816.551777290786,20336.255483690424,16472.4874786657,1207.8839877142714,10425.611125758722,1211.7398146975304,5.137223979545524e-12
B4,2025-02-27,45221.18401325752,8730.096423652009,53951.28043690954,1898.6557798955587,4379.468074527779,22328.070043947533,18052.71184469899,1200.0,10438.849504665688,1248.434137918108,2.0463630789890885e-12
B4,2025-02-28,17712.442940204437,2653.62206262745,20366.065002831885,864.3785023430601,8542.505305036519,17030.356661739486,13817.00362675965,1200.0,10418.881418460773,1223.5288815284898,5.9117155615240335e-12
B4,2025-03-01,17451.79167127139,2395.4734947386864,19847.265166010075,650.977894650938,7538.565408200248,16220.090840543158,13146.418765965973,1199.9999999999998,10433.132269099879,1214.478675832923,2.2737367544323206e-12
B4,2025-03-02,44769.74091058715,23082.20817171925,67851.9490823064,6682.829856561831,2750.3349862401114,23178.770533724717,18787.834940566656,1200.0,10432.93631388101,1200.0,3.865352482534945e-12
B4,2025-03-03,45201.43553143303,17199.577801064734,62401.013332497765,4899.587240706816,1570.9058777521052,22481.965539042354,18210.392086624302,1200.0,10397.916633073879,1200.0,8.981260180007666e-12
B4,2025-03-04,46271.3673198288,2644.792970573952,48916.16029040275,1026.1306156026565,2272.285785094539,21096.294923919944,17087.998888375154,1200.0,10473.417065718877,1200.0,6.4286354017895064e-12
B4,2025-03-05,46206.95033137624,2410.227279876395,48617.177611252635,540.9702692316718,5314.889935093223,19575.891502021026,15856.472116637031,1200.0,10406.890459241456,1200.0,5.4569682106375694e-12
B4,2025-03-06,44919.43211490898,4155.176057099264,49074.608172008244,1162.4316006726722,3901.7603886995,19724.832241428387,15977.114115556993,1200.0,10411.8805947543,1200.0,9.890754881780595e-12
B4,2025-03-07,17102.218069848426,1036.6687572248638,18138.886827073293,294.17705975149175,9241.673384179689,15399.619989814317,12459.01216702788,1207.9088071579786,10384.596152666621,1216.3111385796815,4.092726157978177e-12
B4,2025-03-08,16671.454178244876,2441.4054413924728,19112.859619637347,1012.7886295829434,10561.644695131597,15300.296843861668,12407.920468249658,1200.0,10367.467269486166,1200.0,1.5347723092418164e-12
B4,2025-03-09,48164.47544544572,2485.8707002820397,50650.34614572776,753.8810176310142,9776.767061702025,19127.192336713342,15493.025792737806,1200.0,9837.751884516554,1200.0,2.3092638912203256e-13
B4,2025-03-10,42846.17722410223,11386.118854485963,54232.296078588195,3996.566405664942,1109.6818112407736,21313.098082053933,17261.84332698349,1200.0,10470.763696326647,1201.9623549779908,6.0254023992456496e-12
B4,2025-03-11,42527.583221603076,4528.631527755184,47056.21474935826,1147.715285824438,2705.2168001042987,20367.60579916887,16423.35544235893,1247.660965474051,10460.722828995407,1284.6348604978184,1.48929757415317e-11
B4,2025-03-12,41724.593375704106,3874.1919849835153,45598.78536068762,1072.2584630136282,2847.549013750847,19825.17773037638,16114.602294089636,1200.0,10397.875463990393,1222.1811577369767,8.185452315956354e-12
B4,2025-03-13,40288.53457999104,21805.17922727985,62093.71380727089,6444.2174539991665,589.9201641230627,20957.845580796653,16985.131592304337,1199.9999999999998,10473.677512552564,1211.8737445602562,1.7053025658242404e-12
B4,2025-03-14,15616.360399312072,4280.987806499653,19897.348205811726,1325.632770343606,12370.942015822655,14752.389171465436,11954.102610518636,1200.0,10374.679205199393,1206.6877649695527,3.602451670303708e-12
B4,2025-03-15,15890.541564140567,5618.066506725834,21508.6080708664,1751.0666445297566,8622.975062225563,14751.907700904116,11955.064226204937,1200.0,10370.837887264073,1200.0,3.410605131648481e-12
B4,2025-03-16,41730.07069999346,8536.705380603236,50266.7760805967,2556.5682206238366,3935.709838642939,20265.337640330363,16414.923488667588,1200.0,10352.228635571779,1200.0,7.503331289626658e-12
B4,2025-03-17,41666.989395181015,1004.7032662930801,42671.692661474095,330.8948337471592,7125.4912611878935,18359.634770936296,14862.936832269077,1200.0,10362.150015337333,1209.2970357659203,2.3874235921539366e-12
B4,2025-03-18,39099.12421365121,9251.843652154104,48350.967865805316,2127.04817643909,1384.1079026014745,21031.262523113655,17043.689975911395,1200.0,10509.939217509802,1200.0,9.464429240324534e-12
B4,2025-03-19,39335.77276499295,4366.1676352931545,43701.940400286105,1016.418684846341,2103.7423917793353,20628.286797762757,16695.046141603958,1200.0,10389.60035278105,1215.4068495376448,4.661160346586257e-12
B4,2025-03-20,40360.35691467097,9422.745437667903,49783.10235233887,2794.9185808766447,2645.176480882834,19398.55320515351,15720.00212845038,1200.0,10388.956313864548,1207.435702564268,1.9326762412674725e-12
B4,2025-03-21,15190.814769516533,2078.221407619811,17269.036177136346,821.4045198201316,15180.123713664912,14655.433449586973,11877.593226473286,1200.0,10474.700611722232,1200.0,1.9326762412674725e-12
B4,2025-03-22,15579.06792987998,4326.553826979242,19905.621756859222,1446.5095638501411,12743.103109444113,14344.849519697422,11540.048929991326,1288.087978848432,10422.217259515382,1288.087978848432,5.073275133327115e-12
B4,2025-03-23,39404.695845062,8091.913030710893,47496.608875772894,2262.237123441161,4312.413716553747,18697.898098546033,15197.594209207664,1200.0,10404.247202418337,1229.9804795313394,4.320099833421409e-12
B4,2025-03-24,38308.741474695074,3541.1984219357328,41849.93989663081,1155.4020856562622,1904.680705405394,20669.813764749622,16769.531581025396,1200.0,10437.79087884549,1200.0,8.58335624798201e-12
B4,2025-03-25,38220.906064216295,14653.808135280891,52874.71419949719,4369.351305900594,2457.004331462969,19453.41742075915,15736.881618799489,1200.0,10382.370037199842,1222.6516577949135,1.8189894035458565e-12
B4,2025-03-26,38536.77935529866,3730.036835809386,42266.81619110805,1033.9928780042312,5221.259501761342,19152.38165253351,15533.815630567567,1200.0,10353.49234009295,1200.0,5.7269744502264075e-12
B4,2025-03-27,37821.37278777525,9500.109884989237,47321.48267276449,2730.6552256631367,2416.9844398590717,19575.83917561697,15856.42973224975,1200.0,10351.789176940503,1200.0,1.7053025658242404e-12
B4,2025-03-28,15172.196372081251,1092.0449170620504,16264.241289143301,394.87334400116725,16357.919479651851,14172.836888330028,11479.997879547323,1200.0,10380.460631111608,1200.0,1.3642420526593924e-12
B4,2025-03-29,14707.634803067718,2495.4622086574564,17203.097011725175,719.7974064532833,19137.21859170756,14031.108117973965,11360.107948561905,1200.0,10353.27816363138,1205.655141107789,1.3073986337985843e-12
B4,2025-03-30,36631.30847342348,5680.095022566134,42311.403495989616,1888.0329044142093,2687.1388214755425,19542.08951286064,15834.18213241412,1200.0,10423.589240129626,1200.0,5.014655357626907e-12
B4,2025-03-31,36722.43052248216,13137.226061182819,49859.656583664975,4171.200637691265,3944.4634567759363,19058.579523360968,15391.435052006407,1200.0,10429.390774631252,1251.127068795534,3.9541703245049575e-12
B4,2025-04-01,37856.73498324967,13717.5552574504,51574.29024070007,4822.698970806152,3347.0038930407145,19159.4850918847,15565.197286342582,1200.0,10347.162662618754,1200.0,4.774847184307873e-12
B4,2025-04-02,38057.126307627346,16714.097592559567,54771.22390018691,4086.137632881836,3137.833421879537,19409.721387229853,15693.88922355753,1200.0,10373.375831906686,1231.094555665172,2.1600499167107046e-12
B4,2025-04-03,38648.19178794439,10602.639824592248,49250.83161253664,2661.983923289849,7456.3690971573,18463.6348416503,14955.54422173674,1200.0,10408.895481474055,1231.094555665172,3.865352482534945e-12
B4,2025-04-04,14268.174466853614,1182.395818555875,15450.570285409489,474.5585941160971,19573.27846162391,14153.092649109896,11437.104074247884,1200.0,10536.586452307389,1260.9845240330972,6.30961949354969e-12
B4,2025-04-05,14371.458982690512,8947.196369668127,23318.65535235864,2708.671742858859,16319.466728910746,13227.45180271837,10769.12203183167,1200.0,10269.890336035318,1200.0,1.7053025658242404e-12
B4,2025-04-06,37147.90871328555,4424.210745902478,41572.11945918803,1216.1134292490333,4897.363256731504,19159.372651284226,15513.613295244133,1200.0,10406.104169430573,1206.0872803289806,3.637978807091713e-12
B4,2025-04-07,37651.98759380289,4352.072328105578,42004.059921908476,1569.4045239412317,7496.16558550824,18983.37898405306,15382.015529379063,1200.0,10400.922880885297,1200.0,3.069544618483633e-12
B4,2025-04-08,37613.73455906963,8903.466809870171,46517.2013689398,2049.498006629124,6730.928052765563,19435.36840064766,15742.648404524605,1200.0,10545.410064288586,1200.0,4.433786671143025e-12
B4,2025-04-09,36530.878144722294,16083.067430424735,52613.94557514702,5149.359247527814,2650.1118630047645,19366.683344047284,15687.0135086783,1200.0,10581.180595810934,1200.0,2.5011104298755527e-12
B4,2025-04-10,37174.907703766505,7101.0418979130445,44275.94960167955,1748.2955967700766,5465.118909876438,19116.42879346888,15472.731040150511,1200.0,10347.083838585108,1212.8625361769666,3.979039320256561e-12
B4,2025-04-11,14087.527548473683,1274.457385608647,15361.98493408233,580.2276934190144,20651.697008000727,13319.520563367782,10800.387938887177,1199.9999999999998,10339.341272406582,1200.0,5.5706550483591855e-12
B4,2025-04-12,14409.106489150987,2929.897081218716,17339.003570369703,914.1935969822756,17833.471985199507,12649.395575378661,10246.01041605672,1200.0,10282.463072102451,1200.0,2.0463630789890885e-12
B4,2025-04-13,35930.6515386871,6980.111062649559,42910.76260133666,1840.8281154840759,3831.9359863294862,19175.853609622845,15530.124779566897,1199.9999999999998,10229.176299653696,1202.5740491417714,4.092726157978177e-12
B4,2025-04-14,36452.16613504282,3501.2982641432627,39953.46439918608,956.2973707971919,5906.143893290001,18912.825715398438,15299.65800708504,1200.0,10414.465125678144,1224.4971851281098,1.8189894035458565e-12
B4,2025-04-15,36427.61122350536,5818.878168749317,42246.489392254676,1715.954595649726,8781.847265717235,18437.154558720144,14921.994647425328,1200.0,10555.000984485583,1237.942235281428,4.646949491871055e-12
B4,2025-04-16,35906.55095481394,7528.682832512923,43435.23378732686,2327.311588046142,2835.7795769569907,19367.991146309578,15722.220840264034,1200.0,10516.059004383473,1200.0,2.9558577807620168e-12
B4,2025-04-17,35229.44357384348,7367.911335427325,42597.3549092708,1989.871813272677,4199.504710122763,19169.79769691778,15527.536134503398,1200.0,10541.980507414224,1200.0,2.9558577807620168e-12
B4,2025-04-18,13615.671272391883,2553.8907388388448,16169.562011230728,880.7531882637554,19280.08716149529,12982.083751501887,10436.716295520746,1256.5727730846484,10534.278165000147,1287.523936884199,5.343281372915953e-12
B4,2025-04-19,13329.74474447726,1878.726814908286,15208.471559385547,664.6221038960608,18123.228636739448,12453.079463133843,10165.765908334175,1200.0,10259.962928469584,1200.0,1.0800249583553523e-12
B4,2025-04-20,35055.92492354976,6971.061373237447,42026.9862967872,1860.1841804651729,4918.671206539977,19251.859432785663,15594.006140556392,1200.0,10509.60573173724,1200.0,6.0254023992456496e-12
B4,2025-04-21,35516.93250186728,1189.0310761739902,36705.96357804127,517.4176992664663,7936.651499276235,18493.903488425254,14961.612239111419,1200.0,10383.133271654555,1220.4995405700404,2.1600499167107046e-12
B4,2025-04-22,35026.362049194286,7503.509084791741,42529.87113398603,2556.657320695804,5252.145615694263,18423.50974939431,14941.49248352243,1200.0,10426.247886323366,1200.0,3.360867140145274e-12
B4,2025-04-23,34457.62983622324,5237.841664719361,39695.4715009426,1790.9270470195975,4499.2803542763995,19196.925183178904,15509.373044513786,1200.0,10549.457968058978,1244.5959487345974,4.320099833421409e-12
B4,2025-04-24,33735.45529732452,2411.845213213073,36147.3005105376,745.7084916123123,6325.625770570413,18567.27849344155,15079.631933548795,1200.0,10451.980112573074,1200.0,2.9558577807620168e-12
B4,2025-04-25,12652.50098239664,933.6224411665457,13586.123423563185,355.67709674826494,21808.391435118498,12442.860164912461,10058.450315526447,1200.0,10443.771283658565,1222.5182422807147,1.8189894035458565e-12
B4,2025-04-26,12710.143306237609,8681.163418760383,21391.306724997994,2395.1675691035043,26134.955304377185,12016.871595929602,9748.666359429966,1200.0,10121.277740097354,1205.8511681396253,1.8758328224066645e-12
B4,2025-04-27,32118.34968856315,12989.23979773004,45107.58948629319,3034.372546608197,4856.089918531938,18604.885486854935,15075.223295678155,1200.0,10337.023368084261,1200.0,2.0463630789890885e-12
B4,2025-04-28,33426.71628686821,23341.250180372346,56767.96646724056,7594.557394539997,2890.96033444492,19073.34198722348,15425.668050424212,1200.0,10339.909453999519,1226.3766213631102,3.815614491031738e-12
B4,2025-04-29,34082.87461299696,5164.776870879592,39247.65148387655,1249.765834088386,7939.417584079502,17331.094540350285,14043.656769321009,1200.0,10642.78108885669,1220.298630655015,4.547473508864641e-12
B4,2025-04-30,33100.42421171119,6019.446339384402,39119.87055109559,2372.8854443146365,6055.173314523852,18054.417797892296,14642.347183882272,1200.0,10539.506450456656,1200.0,1.5916157281026244e-12
B4,2025-05-01,32927.76463157696,24829.08579898501,57756.850430561964,5489.349532245368,6209.314690494921,18045.515469380443,14616.86753019816,1199.9999999999989,10528.365237783983,1200.0,2.2737367544323206e-12
B4,2025-05-02,12449.404352639222,28747.231456602647,41196.63580924187,7052.027952684563,15733.740709556192,11898.101460837592,9637.46218327845,1200.0,10241.930625122928,1200.0,4.547473508864641e-12
B4,2025-05-03,12602.50978823188,19945.687859916623,32548.197648148504,4597.278784347805,19122.754583447786,11965.752936560115,9692.259878613695,1199.9999999999998,10216.048507029212,1200.0,5.684341886080801e-13
B4,2025-05-04,34190.01814574378,16008.62413576258,50198.64228150636,3759.297001025277,6152.059833622305,16812.751075270007,13618.3283709687,1199.9999999999995,10406.101875686069,1200.0,5.151434834260726e-12
B4,2025-05-05,34151.61485775674,23563.039253698855,57714.654111455595,5293.468371356657,3898.235633684144,18393.6285973316,14898.8391638386,1199.9999999999998,10489.654888772133,1200.0,2.6147972675971687e-12
B4,2025-05-06,34793.338701484136,20376.842513644573,55170.18121512871,4668.440495219736,6713.2091165956,17729.652305944626,14361.018367815146,1200.0,10414.978205559715,1200.0,3.296918293926865e-12
B4,2025-05-07,35876.579327412815,21239.09800422265,57115.67733163547,4555.712072471401,5624.973697680851,17259.210389495012,13979.96041549096,1200.0,9663.886100263839,1200.0,2.2737367544323206e-13
B4,2025-05-08,39000.13098219251,10209.62124700282,49209.752229195336,3044.158190880311,5928.489054844978,17631.129641737527,14281.215009807394,1200.0,9737.66479996763,1200.0,1.5631940186722204e-13
B4,2025-05-09,17665.639147999205,1349.9182040556193,19015.557352054828,389.76279650621694,21179.294015106436,11466.494041446578,9239.767653193607,1200.0,9459.377501105419,1253.4361337534785,4.547473508864641e-13
B4,2025-05-10,17361.425965435672,7380.538628729878,24741.964594165547,2058.6267895871947,18541.013061148173,11394.445605085013,9248.919865729518,1224.7918274946496,9516.238579887127,1231.8595497416377,3.865352482534945e-12
B4,2025-05-11,36753.396661141145,9717.011788805137,46470.40844994628,3069.893259039582,4160.961134667504,18474.267612612595,14992.830360983675,1200.0,10464.761070408895,1200.0,9.094947017729282e-13
B4,2025-05-12,39795.20256962067,3323.8937583873785,43119.09632800805,1012.1254411930805,9736.959356108733,14405.80224664768,11627.776186794203,1200.0,9268.78963041145,1245.470703322684,2.7355895326763857e-13
B4,2025-05-13,38605.65297856059,1956.28214676349,40561.935125324075,516.40984390802,5986.78333257703,17439.381727207157,14134.136249638515,1231.4830960583702,9615.920812206048,1236.3184248774437,5.3717030823463574e-12
B4,2025-05-14,40242.07536180597,1700.2301490730974,41942.305510879065,456.0123969469734,8426.29443058391,16150.251266716534,13009.273595808336,1236.3184248774437,9373.989777346475,1316.7961251352838,4.547473508864641e-13
B4,2025-05-15,38716.669923753085,7246.175274044742,45962.845197797826,1920.384905583486,7627.2203325906,16352.397139430797,12983.261367039267,1316.7961251352838,9726.790779537128,1608.1075872460387,2.5579538487363607e-13
B4,2025-05-16,16753.56090040454,1142.7430176052947,17896.303918009835,367.67430212545753,25784.856237209486,10223.124748320151,8648.027874660758,1200.0,9441.246673639762,1200.0,1.8189894035458565e-12
B4,2025-05-17,16413.99054001247,10767.695822450998,27181.686362463468,2953.3084327759143,20009.376696874202,10917.477549939897,8843.156815451322,1200.0,9623.074944444445,1200.0,2.0463630789890885e-12
B4,2025-05-18,37424.14739957498,8595.69848755484,46019.84588712981,2399.1593847635554,6103.584232389518,17110.89752011078,13833.964686259837,1200.0,10197.881148918901,1228.735894477659,1.5916157281026244e-12
B4,2025-05-19,37142.13411504764,2398.3636644847797,39540.497779532416,498.7325621379265,9303.663534144329,16936.38192250566,13744.331662259483,1200.0,9613.97990119701,1200.0,4.007461029686965e-12
B4,2025-05-20,37476.58369837206,10216.238325754603,47692.82202412666,3406.7823596821613,5329.894003028567,17147.47088857797,13889.451419748162,1200.0,9504.157635135636,1200.0,7.105427357601002e-13
B4,2025-05-21,37727.457241052136,3303.8760759413976,41031.333316993536,923.570839049122,7656.919875426487,16268.985270312525,13176.464661951433,1200.0,9996.198344155653,1201.5704522241251,4.884981308350689e-13
B4,2025-05-22,35789.777981229534,6797.331789579196,42587.10977080873,1584.4149728428076,6323.763578494156,16904.42152471552,13669.27325830589,1200.0,10093.173467757148,1227.4684263504364,3.538502824085299e-12
B4,2025-05-23,14134.235546061873,4635.9581890076115,18770.193735069482,1323.9757963606046,19611.026526421178,11809.154592278668,9538.166380778352,1200.0,10364.999295805812,1257.74491409196,3.637978807091713e-12
B4,2025-05-24,16794.36823293357,1571.1245010166126,18365.492733950185,587.9162311959519,24569.263529734904,10641.866812751894,8424.034283443243,1244.110119675166,9423.652664893321,1475.3869528539535,7.389644451905042e-13
B4,2025-05-25,35117.691128778744,3472.862817169496,38590.55394594824,700.5922581775874,6948.82594793405,17061.77729677073,13993.907874748427,1200.0,10335.244392862138,1282.1999924493712,2.6147972675971687e-12
B4,2025-05-26,35611.856404982864,12774.607469378421,48386.46387436129,3916.0206015309514,3924.3294364332382,17363.946642813233,14120.376312999691,1200.0,10373.372727083482,1220.4449565371829,4.376943252282217e-12
B4,2025-05-27,37296.93952068279,646.4592053070362,37943.39872598982,257.6698904882933,7266.02958821527,16941.810081488286,13710.515936506523,1220.4449565371829,9873.347245433646,1234.1674337582815,2.4158453015843406e-13
B4,2025-05-28,36868.307806948134,11243.226281616384,48111.53408856451,3492.7651574564175,6765.375900733779,16864.261680743355,13661.339728171875,1200.0,9815.284867853783,1232.7365817918846,2.7711166694643907e-13
B4,2025-05-29,34896.10010788087,15287.605983713947,50183.70609159481,4011.3516769944504,3528.8624008540423,18107.21438683159,14670.616024676068,1200.0,10362.324947367495,1228.545058078015,3.865352482534945e-12
B4,2025-05-30,15498.152916644667,8224.612644525385,23722.76556117005,2162.4428586423714,21935.403053317634,11177.036802098419,8969.125682518861,1200.0,9827.92420295005,1322.1829771678522,4.661160346586257e-12
B4,2025-05-31,15542.151306751966,9142.696096844178,24684.847403596144,2669.9449111985264,20934.870034031555,10549.742757899869,8655.256313349963,1200.0,9511.483044426344,1200.0,1.0686562745831907e-11
B4,2025-06-01,36237.849591829545,67493.10615441938,103730.95574624893,18262.763420473668,2905.6484902426128,17908.433373640473,14505.831032648786,1200.0,9908.99526580929,1200.0,2.2737367544323206e-13
B4,2025-06-02,38131.13406252878,58542.032073014234,96673.16613554301,14883.433457847574,3923.948502274479,17794.75032413081,14413.747762545956,1200.0,9396.210114202278,1200.0,6.536993168992922e-12
B4,2025-06-03,39876.580701856976,44664.66597464088,84541.24667649786,10994.268076414142,3314.8909025087255,17384.70423608462,14081.610431228542,1200.0,9216.76596883552,1200.0,1.5631940186722204e-13
B4,2025-06-04,42541.117567583125,38349.04749262379,80890.16506020691,10195.769686101276,5709.591633267939,18071.15884971227,14637.638668266936,1200.0,9457.018432718844,1200.0,2.2737367544323206e-13
B4,2025-06-05,46036.10308660536,36410.857695313374,82446.96078191874,8943.594202712693,7755.2018706492245,18135.680409743065,14689.901131891882,1200.0,9361.778585547541,1200.0,2.2737367544323206e-13
B4,2025-06-06,19282.95256171215,41508.05031315127,60791.002874863414,10271.201660223218,11450.407624839161,10634.685849972873,8614.09553847802,1200.0,8961.982739942498,1200.0,1.0231815394945443e-12
B4,2025-06-07,18564.740999329344,29373.90512846924,47938.64612779859,7734.3003400422085,6946.282865373031,11046.237213501941,8947.452142936578,1200.0,9205.418074175272,1200.0,1.2896350654045818e-12
B4,2025-06-08,52338.910046403595,852.3587970162812,53191.26884341988,244.5066179509491,13734.035976593896,15563.514813303675,12380.279409139868,1200.0,9696.374002473653,1451.2973218178995,3.694822225952521e-13
B4,2025-06-09,57905.88344351205,3380.7061869625413,61286.58963047459,897.3504926256267,16698.748550345274,17193.605220095695,14070.134036632648,1292.0597569788627,9417.019051454303,1292.0597569788636,2.2737367544323206e-13
B4,2025-06-10,58148.364710883245,3296.8159327293674,61445.18064361261,715.3906146954946,16094.67628872505,17786.567108101244,14282.191627880431,1216.6914095898849,9457.238905153472,1430.8683455139512,2.8421709430404007e-13
B4,2025-06-11,58568.704980724564,17296.136403640965,75864.84138436553,3889.5654488414225,15061.437839613232,18640.113239154885,15089.423269682571,1200.0,9560.550685902506,1440.9444055504941,2.5579538487363607e-13
B4,2025-06-12,58566.0784964631,2607.418775772739,61173.49727223584,652.9560161891816,15243.22222866943,18534.49930777171,14798.944726923006,1440.9444055504941,9531.608656719889,1678.7218637416925,2.2737367544323206e-13
B4,2025-06-13,24675.11658561012,637.1504775849605,25312.267063195082,195.8071288637574,9953.112036191344,11114.579262139356,9136.928661683858,1200.0,9492.095666155088,1529.7002422405994,3.410605131648481e-13
B4,2025-06-14,21833.125116237887,2062.109645462317,23895.2347617002,954.627465532033,9462.536112140138,12179.30431526101,9868.872990555808,1525.659692024609,10421.436192123381,1525.6596920246093,4.547473508864641e-12
B4,2025-06-15,53308.61700080499,155.62340866000824,53464.240409465,70.79064851442838,9460.545186820294,20004.932964111038,16206.460721491949,1214.90271019532,10495.60591975746,1522.9207802890433,7.958078640513122e-13
B4,2025-06-16,58465.93095516466,2775.4989306931902,61241.42988585785,764.5908009463374,14369.666895521752,19127.680507175435,15368.907548337887,1454.9106578350468,9688.237163621898,1661.2692941492824,2.2737367544323206e-13
B4,2025-06-17,55147.847256163666,8073.813071459171,63221.66032762284,1977.9260224933355,9613.265391988485,18713.29591669749,15497.005142047821,1284.341016901664,9634.300324468,1284.341016901664,2.7000623958883807e-13
B4,2025-06-18,55384.28746202724,1615.8949591706921,57000.18242119793,429.52587252332864,12275.230679170421,17731.15035924704,14179.388845923717,1284.341016901664,9633.753256574797,1487.499844753205,3.126388037344441e-13
B4,2025-06-19,54580.535161453925,1667.7807734809153,56248.315934934835,488.51558759617706,13850.2196486665,18230.27265257076,15025.270708860202,1200.0,9711.374924193165,1200.0,2.2737367544323206e-13
B4,2025-06-20,23824.444475853652,362.522853360043,24186.967329213694,123.9471081730167,14032.640913680576,11268.748289408873,8674.61694738855,1200.0,9529.888841648833,1703.4101855918204,5.115907697472721e-13
B4,2025-06-21,20521.696715127513,665.8353578714924,21187.532072999005,301.11298556882946,13765.366137858182,11914.236310944736,9637.800992363449,1240.701625243386,10386.991730992577,1717.555096149389,7.16227077646181e-12
B4,2025-06-22,50635.01845500176,4682.314666155985,55317.333121157746,1353.7754585352982,10360.851810922497,18193.201477859206,15188.10089427576,1200.0,9493.48105134492,1215.7687659162727,2.2737367544323206e-13
B4,2025-06-23,51670.909818980486,2225.422236126946,53896.33205510743,638.2949722471167,10292.303506593726,19039.03838996905,15132.706819024323,1215.7687659162727,9602.310305985975,1536.7846290836098,2.2737367544323206e-13
B4,2025-06-24,51625.84402148959,28458.429214859938,80084.27323634953,6837.0214925053015,7588.129776145123,18824.819367591987,15239.178412624393,1200.0,9637.78632226753,1546.7016014448504,2.7355895326763857e-13
B4,2025-06-25,50675.70423757637,5868.1714163063825,56543.87565388275,1652.3004220073365,6732.334947034144,18412.320207913348,15020.858915408773,1200.0,9539.913553226646,1427.9465492237805,4.831690603168681e-13
B4,2025-06-26,53421.504793882035,6399.521666682558,59821.02646056459,1419.426438704529,13651.819491510729,17089.06112849753,14036.656981427166,1200.0,9745.296575761653,1211.8160299524868,2.984279490192421e-13
B4,2025-06-27,22362.280615601336,332.83850012815793,22695.119115729492,144.94665167870667,15783.065971959992,11385.520617495395,9153.69799638616,1211.8160299524868,9448.749846223063,1288.0090341581647,6.821210263296962e-13
B4,2025-06-28,19541.527687002384,1966.5741384765993,21508.101825478985,590.9967288395035,10765.700285041677,11889.824967259408,9709.966354222468,1200.0,10051.782642553482,1200.0,6.821210263296962e-13
B4,2025-06-29,48913.20446170596,7603.324456323701,56516.52891802966,2386.9606733594005,7054.05491507584,19286.86798343047,15622.36306657868,1200.0,9883.924719985975,1200.0,2.2737367544323206e-13
B4,2025-06-30,55966.46290223299,2471.6839337389,58438.14683597189,631.5953820558951,14054.499192784684,18125.461878915383,14553.253203993305,1200.0,9504.353329554795,1342.6343532535068,2.2737367544323206e-13
B4,2025-07-01,56253.0254300425,21274.31028718413,77527.33571722664,5352.498766740072,10901.518018204299,17230.045165156385,14084.707501704828,1200.0,9232.025129155774,1200.0,2.2737367544323206e-13
B4,2025-07-02,54967.90276665894,21923.398533337986,76891.30129999692,5646.469907180973,15603.364189649816,15235.42846024299,12340.697052796824,1200.0,9141.110256080425,1200.0,2.2737367544323206e-13
B4,2025-07-03,52420.828910737815,38578.813370809556,90999.64228154736,9478.930773593975,8725.89006739636,17460.23980228986,14142.794239854786,1200.0,8989.112691211707,1200.0,2.2737367544323206e-13
B4,2025-07-04,24004.782888479967,27761.628893792782,51766.41178227275,7065.991592203469,16131.104968381012,10442.023985949456,8458.039428619064,1199.999999999998,8869.0947849058,1200.0,4.547473508864641e-13
B4,2025-07-05,21877.489281753187,35055.54415052663,56933.033432279815,9189.050218085416,15411.83373311581,10937.187705874969,8859.122041758725,1200.0,9413.061795135367,1200.0,4.547473508864641e-13
B4,2025-07-06,45493.72481693515,60068.69952857384,105562.42434550899,15505.457410908988,3917.2596645567583,19624.774132913957,15896.067047660306,1200.0,9188.036276400975,1200.0,3.410605131648481e-13
B4,2025-07-07,52618.61196478436,19041.685254466156,71660.29721925051,4966.304654088834,10764.387399688618,15653.329471768155,12679.196872132205,1200.0,8976.467044056373,1200.0,2.2737367544323206e-13
B4,2025-07-08,61975.94342936604,2273.2000298759626,64249.143459242,574.5763653900882,16423.304840498742,17760.484199114675,14031.01738090021,1200.0,9326.974182242046,1594.4164670918635,2.5579538487363607e-13
B4,2025-07-09,63715.10391220704,1067.4065203756982,64782.51043258274,289.19762964153864,20018.41736134106,15757.636797444731,12613.174075948127,1594.4164670918635,9124.021951929844,1761.6517226275378,2.8421709430404007e-13
B4,2025-07-10,60855.00225815395,1054.5292132533048,61909.53147140726,307.1189321188532,17764.553683016835,16529.965561365192,13832.585704336792,1200.0,9315.68590378216,1269.08105637089,3.197442310920451e-13
B4,2025-07-11,32956.27061331351,1851.1981602022124,34807.46877351572,672.4986555677574,18087.13760239675,11803.136873933996,8994.843507603244,1200.0,9297.107700117367,1897.633678907883,5.684341886080801e-13
B4,2025-07-12,27709.339727970622,1050.133030804422,28759.472758775046,305.13311567431913,12445.542225864758,11798.55239928898,10029.624921348584,1200.0,10011.775375114401,1372.303147880645,3.979039320256561e-13
B4,2025-07-13,53487.448885572005,434.98489870505665,53922.43378427706,86.10404367306826,11133.783741138677,17672.908610931627,14358.38021022171,1324.1651085838714,10551.550318910304,1324.1651085838714,4.206412995699793e-12
B4,2025-07-14,63423.26711752039,93.90714036635924,63517.17425788674,17.48410731080976,22135.90529792674,14334.47997179304,11425.42531815884,1324.1651085838714,9262.846453567981,1530.2800630211225,2.2737367544323206e-13
B4,2025-07-15,61458.39875899992,345.097601709712,61803.49636070963,97.78377031636094,18575.90763241987,15187.121933252865,12014.069210585265,1530.2800630211225,9199.532036758374,1849.7240134095168,5.684341886080801e-13
B4,2025-07-16,59084.01846600228,1763.4755091252728,60847.49397512755,504.54151772779045,17007.927072154045,15617.404839218836,13029.811757157298,1427.819749642804,9389.214587921171,1427.8197496428047,2.7000623958883807e-13
B4,2025-07-17,58685.676556751794,8420.075973814444,67105.75253056624,1887.2170281590463,16465.05615097401,16219.735217505313,13089.086874264256,1200.0,9227.721975747894,1482.1515851039699,2.2737367544323206e-13
B4,2025-07-18,27895.08685043143,1691.2590892332366,29586.34593966467,544.4285120649514,11942.2367998181,12003.42859831769,9572.715405708583,1475.3379686968633,10022.991042586498,1648.8868728025768,2.8990143619012088e-12
B4,2025-07-19,28656.76673150305,1490.4088098142668,30147.175541317316,505.521680649577,17731.027872911334,10823.576240315964,9078.982481621486,1302.347176174189,9638.738487564722,1302.347176174189,3.836930773104541e-13
B4,2025-07-20,51538.19424758096,4596.164462720294,56134.35871030126,1345.9711824083329,6639.295238316714,18797.694905206743,15177.635031886475,1302.347176174189,10436.418151516535,1356.2336665419466,1.3642420526593924e-12
B4,2025-07-21,59785.13362985776,1240.535431097302,61025.669060955064,332.0949303052272,14112.189947863015,16477.114455012248,12900.97295290067,1222.7776196110055,9326.314900941203,1851.2222839411122,3.410605131648481e-13
B4,2025-07-22,57389.61375445516,3007.6817929053695,60397.29554736053,832.2447181644401,12141.88750766784,15921.57843733206,13233.457599675428,1476.8011001228267,9353.348201609195,1476.8011001228267,2.2737367544323206e-13
B4,2025-07-23,61282.04475899091,2411.361005852926,63693.40576484383,611.4080400649921,17162.4891591143,17029.390263101453,13798.858114913262,1237.1312927979418,9295.838999684815,1471.1877647882889,2.5224267119483557e-13
B4,2025-07-24,58740.974472667884,7818.804675624456,66559.77914829233,2083.591219906236,16241.019565829958,15807.425891038136,12832.135594037303,1439.9426289033863,9323.967060990422,1439.942628903387,3.126388037344441e-13
B4,2025-07-25,30441.89630088091,146.98158131925913,30588.877882200173,67.71738908559777,20500.404511031094,11192.558455563812,8887.145299759546,1439.942628903387,9359.049405577483,1638.6393502890987,2.5579538487363607e-13
B4,2025-07-26,25578.08904729691,1400.568320508612,26978.657367805525,634.33298155944,12430.298659481263,12485.826381364443,10293.580342732992,1291.3855929812737,10477.31690349109,1438.5716015915198,3.524291969370097e-12
B4,2025-07-27,53358.646613780445,11510.135578499567,64868.78219228001,2649.73904074229,9512.288962252043,18287.943738109618,14979.551000104912,1200.0,10092.60844966333,1253.775410218046,1.8189894035458565e-12
B4,2025-07-28,58750.74235260426,10927.587421420256,69678.32977402452,2877.2680219584263,11723.157731370786,17653.187494900776,13866.68289844616,1200.0,9323.760800789136,1734.218712910785,2.5579538487363607e-13
B4,2025-07-29,58474.01836908262,1353.6275600615586,59827.645929144186,290.99179300333424,11659.046942135275,17875.26164156254,14705.003363411854,1200.0,9434.134383304718,1483.0615643038998,1.9895196601282805e-13
B4,2025-07-30,55026.0228645454,4670.116444810295,59696.13930935569,1067.407017511736,7943.003155692349,17057.49751659617,13679.633319793442,1199.9999999999993,9295.902624966679,1635.2167516921793,9.208633855450898e-12
B4,2025-07-31,54649.914598418654,9266.47885982402,63916.393458242674,2316.794860839392,9342.361619194246,17580.00708720212,14631.500817156679,1200.0,9432.575746827819,1200.0,1.1368683772161603e-13
B4,2025-08-01,29842.875303094705,361.5868224226301,30204.462125517333,168.1408148907836,25412.59548689826,11065.716044767325,8751.56640442094,1200.0,9478.062995846149,1435.1817687117718,2.5579538487363607e-13
B4,2025-08-02,29299.881095425662,0.0,29299.881095425662,0.0,24489.01771160123,11048.393142863693,8981.103895428889,1399.7312690347808,9401.717246732374,1399.7312690347808,1.0231815394945443e-12
B4,2025-08-03,49355.8953194339,3907.172953057331,53263.068272491226,797.2227882096848,12021.044096794067,16792.73327952742,13781.87209854851,1200.0,9632.569111012628,1200.0,1.1368683772161603e-13
B4,2025-08-04,49395.654663928275,593.8277351868821,49989.48239911516,122.75564193938764,7924.608984750485,17650.087034234988,14157.815208677555,1200.0,9777.910176583704,1354.172543391983,3.197442310920451e-13
B4,2025-08-05,51401.118018003806,269.61398741790924,51670.73200542171,102.47509125311305,10889.582478662933,17716.00707888501,14047.257358818699,1354.172543391983,9634.876862351857,1690.515182367716,2.5579538487363607e-13
B4,2025-08-06,50598.35877381787,10920.244184148412,61518.60295796628,3054.88280665215,9897.364847797067,17683.335957710802,14428.055917020645,1574.344303173389,9411.866807708255,1574.344303173389,1.7763568394002505e-13
B4,2025-08-07,45019.485090008246,2245.523497584267,47265.008587592514,607.7337144567708,3148.498362497827,18889.575330853306,15616.713659593075,1199.9999999999998,10571.67994059038,1223.058034726834,3.865352482534945e-12
B4,2025-08-08,26132.62228563472,1120.1444916212697,27252.76677725599,249.5677359456993,24685.020761732176,11904.637813327323,9429.828456618614,1200.0,9725.918987429934,1459.6448927007455,4.547473508864641e-13
B4,2025-08-09,24559.80451293899,3366.016341990358,27925.82085492935,949.9036142433017,20401.710690436146,11688.819925676587,9592.576803577518,1200.0,9863.22395238095,1321.1641551679886,9.094947017729282e-13
B4,2025-08-10,45391.482091374535,9477.814708953467,54869.296800328004,2966.879218372792,4804.0928216487,18539.04363898628,15056.336234060165,1277.040947966564,10452.080317356105,1277.040947966564,4.547473508864641e-12
B4,2025-08-11,47178.064400341034,28.7308006493607,47206.7952009904,13.561860112985933,3967.3951798380494,18864.440745292188,15304.699410564448,1219.2628892886771,10144.097844007943,1249.8160514357057,6.0822458181064576e-12
B4,2025-08-12,48363.23413238743,9127.07081265984,57490.30494504727,2843.278732854538,5738.849889420957,17062.295297503206,13852.031235731507,1208.2025776910239,9438.486424983099,1214.7360017091435,1.9895196601282805e-13
B4,2025-08-13,49260.51434219988,4653.093511200423,53913.6078534003,1749.300221752474,8285.131533672718,17753.683425022,14360.664352496298,1211.9927232732912,9614.452273553441,1236.7573592330561,3.183231456205249e-12
B4,2025-08-14,48326.12021441815,13336.614742170299,61662.73495658845,3030.187729742726,8537.443553544148,17501.841553676284,14209.573281787543,1200.0,9320.565855490508,1200.0,1.2789769243681803e-13
B4,2025-08-15,27966.196953849692,1802.5543044002256,29768.75125824992,539.0512855712503,27200.164228868376,11884.44248944403,9544.741626048555,1200.0,9472.493414201264,1290.729767112345,2.0605739337042905e-13
B4,2025-08-16,23317.089028397324,3381.8739239480597,26698.962952345384,1005.0898320387516,21222.657085242157,12729.376368999508,10349.981304180541,1200.0,10415.701824563832,1247.1892723446276,5.115907697472721e-12
B4,2025-08-17,44825.89999743269,10256.947928797146,55082.847926229835,2443.480619945064,5291.116201403213,18590.704467043317,15077.826307756943,1200.0,10218.937728287252,1225.6829507314533,6.821210263296962e-12
B4,2025-08-18,48824.87632635257,4745.626691193291,53570.50301754586,1140.990957863977,7929.464508368966,17909.219572606202,14319.886067538542,1200.0,9540.859088062927,1432.9960465897723,3.410605131648481e-13
B4,2025-08-19,45869.61565176319,2507.927937322429,48377.54358908562,805.0845973897763,4136.575207636138,18673.435442290986,15187.848921996358,1363.70025354459,10800.0,1363.70025354459,4.320099833421409e-12
B4,2025-08-20,47219.82944027212,23224.224317777454,70444.05375804957,6492.752315097035,4556.361287871939,17675.82470388113,14464.748238333845,1200.0,9744.423160393733,1200.0,1.9610979506978765e-12
B4,2025-08-21,45765.57924160609,6603.880725414494,52369.45996702058,2170.4307281682304,4035.034118297098,18976.37618495321,15370.864709812095,1200.0,10787.341260590372,1200.0,4.774847184307873e-12
B4,2025-08-22,26088.715766941783,5682.843859338631,31771.559626280417,1564.88899434206,21019.758624792274,11933.580196214529,9666.19995893377,1200.0,9593.680693563207,1200.0,2.7284841053187847e-12
B4,2025-08-23,24174.982364780775,1661.055620441499,25836.037985222276,475.85474632620793,16275.925509638077,13007.326036161408,10535.934089290746,1200.0,10320.620634744857,1200.0,7.73070496506989e-12
B4,2025-08-24,46534.901275868324,11121.112728654929,57656.01400452325,2716.304626342543,7952.278280568071,17930.240061827095,14512.831329386532,1200.0,10023.473079348145,1211.8479118815737,3.126388037344441e-13
B4,2025-08-25,48152.04962175347,14360.891035375307,62512.94065712878,4600.792886253289,3257.3233890223432,18904.49974059676,14987.163602598106,1211.8479118815737,9847.042032149868,1573.4936755318731,3.907985046680551e-13
B4,2025-08-26,48028.86815355158,2121.3940377162066,50150.262191267786,447.8240428855395,5735.038500280356,19852.312407813068,15927.956896995567,1200.0,10725.169507334718,1742.8449570130222,4.320099833421409e-12
B4,2025-08-27,47394.72689159248,8255.126431905841,55649.853323498326,1931.1865939991726,4079.1915289622884,18962.008336803206,15815.888210146542,1200.0,10617.569681235185,1235.4433377508567,5.7980287238024175e-12
B4,2025-08-28,48325.068911777875,17638.19960987834,65963.26852165621,5816.3422258458295,4550.467703307405,17011.121282401415,13752.370654524304,1200.0,9247.91646284414,1265.0406535517864,2.2737367544323206e-13
B4,2025-08-29,27541.514363746417,1882.7832897145647,29424.29765346098,473.6186073179589,19614.984719659496,12823.457083246016,10147.118196460411,1200.0,9791.535275875134,1531.576254628294,4.547473508864641e-13
B4,2025-08-30,24818.50206669433,1636.2211045368404,26454.723171231173,546.1951480252766,21530.459400040967,12461.587597099486,10391.705343133119,1200.6658218699235,10382.619266479962,1200.6658218699235,2.6147972675971687e-12
B4,2025-08-31,46395.89504155988,6373.33523380467,52769.23027536455,1950.6354360047458,3698.0254245817637,19174.07059645933,15464.085123951103,1200.0,10286.430819352916,1275.012554293193,3.637978807091713e-12
B4,2025-09-01,48778.71647516796,317.0824651701358,49095.7989403381,136.02851358650184,17075.231320221166,16896.779556964924,11819.150684984672,1275.012554293193,10800.0,3349.7245055786507,2.2737367544323206e-13
B4,2025-09-02,45821.901863393745,3050.0854934651247,48871.987356858874,655.0084125031901,14600.477886358305,16201.422646626143,13432.77818354092,1200.0,10800.0,3005.695794718933,4.547473508864641e-13
B4,2025-09-03,45135.10718506022,189.57778105678187,45324.684966117,49.975356959592645,11577.191773241502,15937.099896834015,12871.433227348949,2478.9806484155256,10800.0,3047.4932270373806,2.4158453015843406e-12
B4,2025-09-04,44280.06618133623,1867.7160414740697,46147.7822228103,438.30882281788206,12470.13746845061,17085.327751984914,14406.662013275627,1200.0,10800.0,2416.885966850883,2.2737367544323206e-13
B4,2025-09-05,21842.175328156256,588.6026882179885,22430.778016374243,252.56215562114187,27095.870243548346,12238.415043667299,9316.181606286129,1610.4536195290445,10800.0,3080.146610277976,1.3642420526593924e-12
B4,2025-09-06,24471.39417828082,1400.8452265982057,25872.239404879027,359.5051305214114,30503.239021313388,10166.896539812506,8627.940283515487,1200.0,9737.132776532835,2643.7531810920236,5.684341886080802e-14
B4,2025-09-07,42472.96671384529,3271.5237518329354,45744.49046567823,1046.6290520864134,8911.165944498616,17179.20183869094,14353.40067460773,1200.0,10326.450311435747,2156.8118641275014,4.547473508864641e-12
B4,2025-09-08,34697.07052180883,29203.35497258015,63900.42549438898,8298.043396909403,2091.3977154541067,18118.905601017526,15537.444214538942,1200.0,10649.235046732903,1200.0,3.069544618483633e-12
B4,2025-09-09,36453.85697325646,14176.862751977338,50630.7197252338,3608.8823891244597,5421.867985608794,18707.841010896245,15153.351218825963,1200.0,10717.15113358991,1200.0,2.8421709430404007e-12
B4,2025-09-10,36623.750890496645,32922.163025511094,69545.91391600773,8756.99435024282,2392.3843882383653,19644.81409205495,15912.299414564506,1200.0,10551.951765477417,1200.0,2.7284841053187847e-12
B4,2025-09-11,36938.15283888598,16054.123639700454,52992.276478586435,3999.8615231463077,6199.197341882721,18623.01930053353,15084.645633432157,1200.0,10323.435720115056,1200.0,5.4214410738495644e-12
B4,2025-09-12,15861.691664042868,9626.921159817033,25488.6128238599,2948.986216022596,17879.029284673074,13402.331921741496,10855.888856610609,1199.999999999999,10525.905468991621,1200.0,3.602451670303708e-12
B4,2025-09-13,15819.983182206386,12152.25383244055,27972.237014646937,3057.233142559011,21847.018133543876,13418.966002141273,10869.362461734429,1200.0,10445.827752710764,1200.0,7.958078640513122e-13
B4,2025-09-14,37018.361937685186,27597.499500202757,64615.86143788794,7244.553744182897,3749.191178175036,18485.799174710348,14973.497331515378,1200.0,10180.277503682268,1200.0,1.8838264281839656e-12
B4,2025-09-15,39970.15966398495,9290.286214674668,49260.44587865962,2236.183676554714,7115.18909404149,18501.03630381939,14930.794748401431,1200.0,10272.63931359648,1261.160730769192,9.094947017729282e-13
B4,2025-09-16,40041.337168757396,12733.011359365411,52774.348528122806,3883.2716729355934,4232.281277330163,18370.35920654479,14935.035614993554,1200.0,10323.672406249745,1200.0,2.1600499167107046e-12
B4,2025-09-17,39671.14733825026,13833.693488699035,53504.840826949294,3619.3017367941434,2987.863295027629,18805.25565036259,15232.257076793698,1200.0,10201.694776219745,1200.0,1.5916157281026244e-12
B4,2025-09-18,38872.93748863612,18331.63646135829,57204.57394999441,4576.872994673931,4304.249179630321,18871.685856181928,15286.06554350737,1200.0,10235.325198656094,1200.0,2.261302256556519e-12
B4,2025-09-19,17945.048500579098,8746.657592272692,26691.70609285179,2375.492420667179,15971.246388021073,13582.105824919177,11001.505718184537,1200.0,10116.330350380204,1200.0,3.552713678800501e-13
B4,2025-09-20,18964.202475466085,15862.323712300531,34826.52618776662,4053.4779853781,18953.539914072982,12563.830795020836,10176.702943966877,1200.0,9440.125550276827,1200.0,2.6147972675971687e-12
B4,2025-09-21,40672.90534103393,12921.361796980456,53594.267138014395,3257.320782104251,5260.088173854792,16830.517661868773,13628.959535279944,1200.0,9617.308969741462,1204.177523148626,1.4033219031261979e-13
B4,2025-09-22,42864.0943784558,9021.177006546555,51885.27138500235,2539.006885116737,6268.020525974718,17759.049833219826,14373.807762286975,1200.0,10212.17474564468,1216.4248593942764,2.7284841053187847e-12
B4,2025-09-23,43013.716556709725,10881.393069081085,53895.109625790814,2603.050211110314,5124.004567608835,18795.53104383821,15168.062715820302,1200.0,10211.841183274752,1278.9997812705533,2.1600499167107046e-12
B4,2025-09-24,42142.77078275239,11151.529173707759,53294.29995646015,2996.9777809006264,5579.494737033824,18956.9701704276,15426.245641189857,1200.0,10053.626952447194,1200.0,2.3874235921539366e-12
B4,2025-09-25,41688.63888531408,12030.451324237918,53719.090209552,3360.724110365682,5690.274853259203,19063.90828011873,15441.765706896174,1200.0,10197.073703458316,1200.0,3.524291969370097e-12
B4,2025-09-26,19214.941860343366,4117.206699874155,23332.14856021752,1287.8777602936846,15080.730343204923,14016.993028714975,11353.764353259136,1200.0,9998.701305112803,1200.0,1.0231815394945443e-12
B4,2025-09-27,17936.160839296765,19811.703879494125,37747.864718790894,5434.604912082919,17397.612044734975,13962.9523451589,11309.991399578716,1199.9999999999998,10128.26375077617,1200.0,2.9558577807620168e-12
B4,2025-09-28,43064.96686976415,17370.764019695318,60435.73088945946,4445.214444917787,5289.702144360262,17374.52824001899,14073.367874415384,1200.0,9608.00169013091,1200.0,1.2789769243681803e-13
B4,2025-09-29,45119.67544850344,6155.5216994806615,51275.1971479841,1459.9688550242788,6392.919842266041,18727.574447315532,15169.335302325588,1200.0,10268.823006333228,1200.0,3.979039320256561e-12
B4,2025-09-30,44939.378519303675,12053.762250693582,56993.140769997255,3267.7258375095043,4787.165911150917,19728.02948774828,15979.70388507611,1200.0,10181.097823185404,1200.0,3.069544618483633e-12
B4,2025-10-01,45282.35947318402,257.8740044622262,45540.233477646245,110.31707946560006,18461.883928170948,16894.609728186177,13076.818482408687,1200.0,10125.372031089668,1875.3504415801306,2.3874235921539366e-12
B4,2025-10-02,42412.570510133315,1631.1530898880665,44043.72360002138,679.8657704918944,12898.227062974724,18176.33231557646,14821.843380381593,1473.590655399133,10145.21219095482,1765.3346585082875,1.7053025658242404e-12
B4,2025-10-03,18393.477854555083,612.4220259818188,19005.8998805369,277.27456005752197,22800.819490883892,13544.257283537787,10675.232079002932,1415.8579310869302,10131.516460044633,2093.797237022375,1.5347723092418164e-12
B4,2025-10-04,19729.74124055027,2489.744083018036,22219.485323568304,751.2781186841919,19702.642131136887,12877.089569026613,10528.398528876438,1200.0,9592.519577198698,1984.9572615058378,5.684341886080801e-13
B4,2025-10-05,41574.640199756366,1841.6947365298593,43416.33493628623,662.2513890163084,8077.011442759186,17752.00801703829,14664.592514629487,1278.4707066285714,9988.810020554758,1667.7727939186482,3.694822225952521e-13
B4,2025-10-06,42858.34197923806,2977.506954885794,45835.84893412385,1163.3948919988686,7063.309554077539,18317.693891380706,14719.40775716808,1365.5110511440855,10143.256574380586,1798.7997881967551,5.684341886080801e-13
B4,2025-10-07,42469.02007139651,5294.647957065153,47763.66802846166,1401.0414569397535,6839.776380588743,18623.329918613836,14930.638630848029,1200.0,10096.011815996731,1970.1982362291737,4.547473508864641e-13
B4,2025-10-08,37584.60528351818,12156.432908050752,49741.038191568936,3184.3177385003473,4650.277085598009,18336.012141673895,15538.658935316047,1200.0,10009.691537603616,1207.4325689400673,1.5631940186722204e-13
B4,2025-10-09,37658.39348233221,14063.66747300835,51722.06095534056,3236.428244814812,5124.315031788277,19378.841875878905,15703.551231507974,1200.0,9993.608881107233,1200.0,1.4921397450962104e-13
B4,2025-10-10,16353.608831616391,6139.240893724247,22492.84972534064,1658.0777000174246,20975.93056202948,14552.898817255076,11787.84804197661,1200.0,9951.081433652402,1200.0,2.8421709430404007e-13
B4,2025-10-11,14909.547966187802,7757.932618657456,22667.480584845256,1916.7069113199361,14205.047963401954,15546.942199460504,12593.023181563009,1200.0,10543.257395851662,1200.0,1.2505552149377763e-12
B4,2025-10-12,37008.993092201315,18781.534096029245,55790.52718823057,5206.3839915187655,2825.3684496046653,19167.16051039222,15525.400013417693,1200.0,10066.548375952569,1200.0,5.5706550483591855e-12
B4,2025-10-13,41278.72058873603,4889.952344893897,46168.67293362993,1254.0784715980558,6983.7207023990895,19284.481089207093,15620.429682257745,1200.0,10138.949558644706,1200.0,6.227907078937278e-12
B4,2025-10-14,40086.51893356601,15816.100494047378,55902.61942761339,3890.9079990716073,4227.717798894301,19235.24989511083,15580.552415039769,1200.0,10058.68415554458,1200.0,2.9558577807620168e-12
B4,2025-10-15,40556.16422477362,16695.578528054208,57251.742752827835,4589.086367240947,4261.246883353349,19333.374084887513,15660.033008758885,1200.0,9903.247445209649,1200.0,1.2789769243681803e-13
B4,2025-10-16,40561.021940878214,24833.70452308621,65394.72646396442,6522.841974945271,5359.071624837787,19946.48337937054,16156.65153729014,1200.0,10119.669288388475,1200.0,2.9558577807620168e-12
B4,2025-10-17,17713.34866484711,4171.980767578198,21885.32943242531,1210.661504034783,15831.352378664827,15028.11136720027,12166.878995325718,1200.0,10083.710934929699,1206.5457912294423,1.4779288903810084e-12
B4,2025-10-18,16996.669364413163,6977.662331436268,23974.33169584943,2299.7144355754817,15325.302321674124,15002.697599312423,12158.07626754956,1199.9999999999998,10088.5799864173,1200.0,1.7053025658242404e-12
B4,2025-10-19,39823.61608660327,21391.237390254544,61214.85347685782,5403.632601215137,1942.7940580915563,19990.27416039581,16192.122069920611,1200.0,10122.72196815016,1200.0,3.296918293926865e-12
B4,2025-10-20,44645.7215893627,8474.252322241759,53119.97391160446,1835.5465030046362,5200.107641199486,19517.117686749563,15808.86532626715,1200.0,10001.788377743418,1200.0,2.2737367544323206e-13
B4,2025-10-21,45405.94773669073,9654.292789921841,55060.24052661257,2666.79142739902,5187.889686855655,20301.299418709055,16444.05252915433,1200.0,9950.548102366443,1200.0,2.2737367544323206e-13
B4,2025-10-22,44815.98289319797,15613.1932092275,60429.176102425474,3495.7523482726724,6445.937337904252,19442.229285965503,15748.205721632054,1200.0,9918.085369680175,1200.0,1.4210854715202004e-13
B4,2025-10-23,45130.7268194107,8575.854074903966,53706.58089431467,2108.0353765938085,7331.877248041188,20138.4870328997,16312.17449664876,1200.0,9967.713634705986,1200.0,1.2789769243681803e-13
B4,2025-10-24,18385.73514119053,5004.669454559391,23390.40459574992,1284.4552183244105,14157.382762785404,15473.576061971256,12533.596610196719,1200.0,9918.162752455917,1200.0,1.1368683772161603e-13
B4,2025-10-25,18373.35824547159,6955.7682820673745,25329.126527538963,1670.9285680269281,13791.095043280124,14924.901132300389,12089.169917163312,1200.0,9716.382095694997,1200.0,1.1368683772161603e-13
B4,2025-10-26,44389.85843339224,5426.8646751810975,49816.72310857334,1488.265854842697,3530.122726508967,19565.625838604923,15848.156929269986,1199.9999999999998,9698.980575446192,1200.0,2.1032064978498966e-12
B4,2025-10-27,46995.312650540625,5689.843200301942,52685.155850842566,1504.2865074014849,9375.113544628652,19556.550411614324,15840.80583340761,1200.0,10135.289817405963,1200.0,1.3091749906379846e-12
B4,2025-10-28,45946.13057688634,8062.166790183948,54008.297367070285,1995.2954055170146,5474.665283053546,19690.014208401615,15948.91150880531,1200.0,9886.115320518416,1200.0,1.6342482922482304e-13
B4,2025-10-29,46238.48542319094,17443.247368778826,63681.73279196977,4420.355279916932,4886.239922909657,20507.467716102525,16611.048850043044,1200.0,9961.914557399305,1200.0,1.1368683772161603e-13
B4,2025-10-30,45861.562613613096,8504.931427867343,54366.494041480444,2109.2234684263335,6686.121525101971,19516.263070171615,15808.173086839004,1200.0,9936.936934720245,1200.0,2.2737367544323206e-13
B4,2025-10-31,19097.103685122027,5153.751331031288,24250.855016153313,1683.7279300740918,9961.503326589798,15943.48846747223,12914.225658652507,1200.0,9943.534418648305,1200.0,2.2737367544323206e-13
B4,2025-11-01,18103.88493515347,6192.766088474643,24296.651023628114,1981.181526218816,10293.315355873867,16267.64795153502,13176.79484074337,1200.0,10094.945980420545,1200.0,2.7284841053187847e-12
B4,2025-11-02,44860.79845169679,14191.522701597281,59052.32115329408,3299.75008431133,2948.7018907163433,21246.879334195986,17209.97226069874,1200.0,10235.308517988575,1200.0,2.7284841053187847e-12
B4,2025-11-03,48722.29136959477,3129.897024692331,51852.1883942871,1060.01966647009,4970.407855137633,19546.60563799708,15832.750566777631,1200.0,10084.579344883088,1200.0,2.1600499167107046e-12
B4,2025-11-04,48380.25984535145,3727.452940750187,52107.712786101634,713.1258864791505,6225.435050841143,19381.257876043645,15698.818879595348,1200.0,10047.815417333853,1200.0,1.4921397450962104e-13
B4,2025-11-05,48626.152118598104,4717.373489097984,53343.52560769609,1198.0566408040074,4687.373687751963,19814.50373341768,16017.029527925506,1200.0,10088.899998767534,1236.3538846031302,1.0231815394945443e-12
B4,2025-11-06,47698.05707218494,15623.045623762666,63321.102695947615,3667.5498813277154,4519.806667269817,20024.64521065118,16247.598939040254,1200.0,10125.89335443772,1205.6468641444549,5.343281372915953e-12
B4,2025-11-07,19330.46523933177,4354.864116416455,23685.329355748225,1114.9302521827426,10431.15573873057,16582.45332214924,13436.869368670894,1200.0,10046.19378510585,1200.0,3.410605131648481e-13
B4,2025-11-08,18406.56110697458,1951.6275375488328,20358.188644523412,463.489759622636,8370.518360023185,16821.8902027017,13625.73106418838,1200.0,10228.283569525905,1200.0,1.9895196601282805e-12
B4,2025-11-09,48190.36784018918,9454.950031483622,57645.31787167281,2763.3232831862724,3730.388851589001,21434.195310474137,17361.698201484043,1200.0,10403.137597503359,1200.0,2.1600499167107046e-12
B4,2025-11-10,50394.37690114548,11357.344995634885,61751.721896780364,2901.5014583475177,4930.301733398833,20410.481585889782,16532.490084570727,1200.0,10268.086217369631,1200.0,3.296918293926865e-12
B4,2025-11-11,50131.651682668926,4551.774020070077,54683.425702739005,1156.9073087213746,4749.377458380438,20051.06427257065,16241.362060782227,1200.0,10117.528212075687,1200.0,2.8421709430404007e-12
B4,2025-11-12,50280.4163699829,4305.720751487869,54586.13712147077,954.6064275488677,5489.325302887336,20240.35861041246,16394.690474434094,1200.0,10097.551100036715,1200.0,2.2737367544323206e-13
B4,2025-11-13,49970.88341881558,10865.274174170869,60836.157592986456,2853.790416692003,5585.316727713853,19949.25865180693,16158.899507963612,1200.0,10276.293750432735,1200.0,2.3998580900297384e-12
B4,2025-11-14,20161.708172535196,4245.659720491202,24407.3678930264,1351.4728281746081,7951.833134152442,16745.555467816554,13562.697097126122,1200.0,10070.601658901223,1201.336479783652,5.229594535194337e-12
B4,2025-11-15,18850.441570527983,4605.817353655713,23456.258924183698,1246.667269926209,5106.179672937504,17760.2263097139,14383.66924222955,1200.0,10441.300541274364,1203.6854449377718,2.3661073100811336e-12
B4,2025-11-16,51477.67501679631,7169.748946776913,58647.42396357322,1651.230857341834,4273.594325926628,20941.86478514872,16966.227376414456,1200.0,9832.550001537518,1200.0,2.2737367544323206e-13
B4,2025-11-17,52325.01846876349,1990.72727723431,54315.745745997796,580.4371326990301,6279.009347048183,20732.453590340334,16763.718998922774,1200.0,10225.660645466913,1232.8537880587712,1.8189894035458565e-12
B4,2025-11-18,52184.75242354743,6999.473659927726,59184.22608347516,2239.417678501618,5331.864299534619,20807.628813918593,16873.150153786308,1200.0,10258.435814979366,1211.7751052673825,2.3874235921539366e-12
B4,2025-11-19,52656.372405293616,8616.646217649366,61273.01862294298,2048.0023732112068,5415.655658370784,20953.968386482535,16983.311987791498,1200.0,10096.223199768536,1200.0,1.1368683772161603e-12
B4,2025-11-20,51999.9906186374,6520.033973320225,58520.02459195763,1841.4395538245922,4640.08350491378,20663.10160206077,16736.28694181042,1200.0,10099.873261187426,1200.9170620653358,3.865352482534945e-12
B4,2025-11-21,20515.988107889683,2191.460302032401,22707.448409922083,877.9449517057046,6464.250701303926,17143.476314191743,13879.88063297253,1200.9170620653358,10049.600705910305,1207.9561526462055,5.4001247917767614e-12
B4,2025-11-22,20153.73675064382,2955.0606530273158,23108.797403671135,806.1979250704846,4407.391092456457,17767.35929467835,14398.72156607105,1200.0,9713.74607566648,1200.0,7.048583938740194e-12
B4,2025-11-23,52572.080951215925,6214.257117845746,58786.338069061676,1439.8998302273603,4734.3254850925905,20885.391334357973,16917.16698082996,1200.0,10364.736062968877,1200.0,2.1600499167107046e-12
B4,2025-11-24,53285.63114490185,5440.069028513859,58725.7001734157,1368.9509809552549,6805.001809005286,19768.82178761673,16012.745647969547,1200.0,10086.88873506848,1200.0,1.8189894035458565e-12
B4,2025-11-25,53827.257957288355,5430.836139946836,59258.09409723519,1361.8827427853378,5555.97397990159,20849.244901096787,16887.888369888395,1200.0,10091.856168539256,1200.0,1.894484569220367e-12
B4,2025-11-26,53196.85251458982,6539.512084990295,59736.364599580105,1809.9494364453776,4475.553137438204,21579.94415548518,17479.754765943,1200.0,10298.066756148606,1200.0,1.1368683772161603e-12
B4,2025-11-27,53962.75249660023,5447.525928332033,59410.278424932265,1285.1821770047918,6135.10556167808,21468.74902230075,17389.686708063604,1200.0,10307.214703567784,1200.0,4.433786671143025e-12
B4,2025-11-28,20631.675862973705,4588.755984098388,25220.431847072094,1102.1012601520993,5174.829739000233,17714.964027301357,14349.120862114098,1200.0,10000.986094250628,1200.0,5.5706550483591855e-12
B4,2025-11-29,20590.79185711994,10333.915614382693,30924.707471502632,3672.135385337074,3959.493613858677,18177.064196841482,14723.421999441602,1200.0,10215.480604596916,1200.0,4.376943252282217e-12
B4,2025-11-30,54669.862289009165,10094.423761211163,64764.286050220326,2493.697728534271,3483.341872430485,21895.391695725953,17735.267273538026,1200.0,9904.244853172893,1200.0,3.410605131648481e-13
B4,2025-12-01,54494.15651337695,26338.925624455478,80833.08213783243,7185.413703507096,1854.1535029092179,23350.297954538313,18913.74134317604,1200.0,10358.794856669223,1200.0,4.774847184307873e-12
B4,2025-12-02,54936.65709196876,34350.54956033944,89287.2066523082,9069.38612209561,2111.8387516741027,22805.24564606015,18472.248973308717,1200.0,10381.936717943114,1200.0,2.7284841053187847e-12
B4,2025-12-03,56323.70694296559,21573.13709900435,77896.84404196995,6569.052682323754,2492.7916543712427,22685.53745310865,18375.28533701801,1199.9999999999998,10406.324234616543,1200.0,1.680433570072637e-12
B4,2025-12-04,57015.552111081015,25727.64403183039,82743.1961429114,6819.594205469558,4557.366633219805,22063.412518800564,17871.36414022846,1200.0,10414.98342699201,1200.0,2.0463630789890885e-12
B4,2025-12-05,24789.228519188557,16799.042453992985,41588.27097318154,5048.0070981761855,6949.299810198975,17929.530155587327,14522.919426025732,1200.0,10344.633323664535,1200.0,1.1812772982011666e-12
B4,2025-12-06,22656.89275646355,21255.803409551783,43912.69616601533,6591.891383195811,1943.7056524731845,18588.379335664213,15056.58726188801,1200.0,10125.071036322948,1200.0,8.44124770082999e-12
B4,2025-12-07,59971.95915098335,18447.610207194273,78419.56935817763,5121.831893196538,5715.472324835158,20829.51128491474,16871.90414078094,1200.0,9997.095010697389,1200.0,3.410605131648481e-13
B4,2025-12-08,65458.2351630529,1593.2134503023183,67051.44861335521,451.14216027381514,9387.042789503435,21814.499392288893,17627.168742106198,1200.0,10356.039656548644,1247.3064062753444,1.9326762412674725e-12
B4,2025-12-09,66594.92587433975,766.6607887046464,67361.58666304439,174.2955794495174,10955.454797462662,22189.210364617942,18008.68122897649,1200.0,10410.522846467988,1207.9499244576193,1.2860823517257813e-12
B4,2025-12-10,64106.75072938508,2589.3354216100824,66696.08615099516,628.5559605785453,6972.919622671347,21926.937419301332,17767.97424164594,1200.0,10402.09706976616,1200.0,1.8189894035458565e-12
B4,2025-12-11,63714.79321283084,837.8914898225124,64552.68470265335,274.06757158091506,8194.341237971674,22144.077735943018,17936.702966113844,1200.0,10392.81042214706,1200.0,1.9326762412674725e-12
B4,2025-12-12,27587.646138817534,1101.002202753935,28688.64834157147,423.8860298295157,4491.837200954485,19038.01551285837,15420.792565415279,1200.0,10393.971140427808,1200.0,1.6484591469634324e-12
B4,2025-12-13,29921.461665739676,1435.7685679915385,31357.230233731218,398.3650238909456,8194.304386667212,17757.45139347247,14349.54326651833,1200.0,9888.341068940044,1237.7692913270848,4.831690603168681e-13
B4,2025-12-14,64456.782016005156,899.4412246211904,65356.22324062635,213.50923908401109,6623.18639411805,23056.974746927597,18710.141907205736,1200.0,10370.209722083386,1200.0,1.8189894035458565e-12
B4,2025-12-15,64694.146365062385,1526.521017046787,66220.66738210917,448.0342704020474,6212.542343393541,22437.898535256514,18153.317604571628,1200.0,10380.611051767604,1223.7557877623906,3.410605131648481e-12
B4,2025-12-16,63651.86627619884,525.9003646560469,64177.76664085488,180.93445492673442,4398.663250024537,23504.45769651178,19039.39908741739,1200.0,10435.874921673785,1222.8798397147723,1.7053025658242404e-12
B4,2025-12-17,64689.71832488727,1168.238410192436,65857.9567350797,312.51510930312816,7613.053861831762,22139.135358815878,17936.169662164393,1200.0,10402.615804427027,1219.0242602441713,2.9558577807620168e-12
B4,2025-12-18,61846.84501021386,2782.2290311828356,64629.0740413967,855.695805919107,4848.467778803972,23295.580643664416,18879.825225392902,1200.0,10426.266134972118,1207.4632557722564,3.751665644813329e-12
B4,2025-12-19,28567.950774228884,1774.7969140561602,30342.747688285046,561.4426250297377,6999.27075029,18204.557029703126,14752.408124254564,1200.0,10341.21523215133,1200.0,7.389644451905042e-13
B4,2025-12-20,26836.8205537424,1000.0126926462003,27836.8332463886,353.02574406697437,3949.1662573375775,19413.739670114337,15708.548280307677,1199.9999999999993,10359.773667717775,1218.4231694277155,1.4210854715202004e-12
B4,2025-12-21,62334.06316402705,2381.7492152285463,64715.81237925559,694.1180672867035,3579.308583979239,23352.178911103874,18915.7762216185,1200.0,10412.718491246515,1217.8550542895405,6.139089236967266e-12
B4,2025-12-22,63403.85208754689,1795.0232824738391,65198.87537002073,403.8831433885893,4906.3422804977745,22736.917118358164,18432.9724147307,1200.0,10410.480635184493,1200.0,3.637978807091713e-12
B4,2025-12-23,64787.372268224644,531.8328067515616,65319.205074976206,135.0136443153254,8240.018436507147,22051.785181595875,17849.97347231969,1200.0,10392.1632425464,1213.302805303297,1.5916157281026244e-12
B4,2025-12-24,62209.29915114172,1791.0383692298522,64000.33752037157,397.2813712591826,4426.097668746455,23163.965796521075,18774.784819955054,1200.0,10447.638014571587,1200.0,5.343281372915953e-12
B4,2025-12-25,62347.15206205229,4586.269038164479,66933.42110021677,1199.3898117557692,5513.816789229991,22902.390940048484,18550.936661439267,1199.9999999999998,10382.187244185416,1200.0,3.069544618483633e-12
B4,2025-12-26,29672.134597370616,1239.7360781160892,30911.870675486705,436.91070661927546,8340.751596189726,18038.05728363249,14316.751639302298,1200.0,10328.00787710977,1526.749733822235,2.1316282072803006e-13
B4,2025-12-27,27873.898071346848,654.9050823689574,28528.803153715806,188.95325371385894,4691.7425395436385,17521.80995145681,14486.740821120027,1200.0,9375.938734135294,1200.0,3.410605131648481e-13
B4,2025-12-28,62862.15631948662,1752.9143132280708,64615.07063271468,448.25592837609963,5923.524866666621,21599.21403719245,17481.719598454278,1200.0,10270.764371349702,1215.1597463017781,3.751665644813329e-12
B4,2025-12-29,62435.59296848751,650.5231402159053,63086.11610870341,189.93077623481085,5037.618342394801,22436.61159084835,18187.299160258764,1200.0,10409.471310083307,1200.0,3.751665644813329e-12
B4,2025-12-30,61661.547335575815,663.7145642459164,62325.26189982173,218.81185907248278,5101.051434706032,22871.985886437233,18489.387924606184,1200.0,10480.766235216332,1241.0229371199487,2.9558577807620168e-12
B4,2025-12-31,61853.86671468943,4126.9426449592165,65980.80935964864,1091.9114481555348,3898.4056840135036,23053.25544875137,18710.05755689657,1200.0,10419.521543698263,1200.0,2.7284841053187847e-12
