policy,date,plan_cost_yuan,emergency_cost_yuan,total_cost_yuan,emergency_purchase_kwh,remaining_energy_kwh,charge_kwh,discharge_kwh,soc_min_kwh,soc_max_kwh,terminal_soc_kwh
B1,2025-02-01,16553.208839266565,536.8916859892527,17090.100525255817,174.85504973133905,4560.817152661249,18853.689952537174,17702.678713507717,1209.7760767452207,10800.0,1209.7760767452207
B1,2025-02-02,59808.69195178628,630.3981499715894,60439.090101757865,196.84669609196928,4225.338536064409,22915.05486617386,18564.66485124549,1205.9200660289312,10800.0,1205.9200660289312
B1,2025-02-03,60870.031545625156,3686.4546679496616,64556.48621357482,893.3533612092343,3239.936690054323,22295.016797811353,18051.024271503946,1214.7415490547662,10800.0,1214.7415490547662
B1,2025-02-04,60725.253376646906,8479.812804854968,69205.06618150187,1936.597910821933,2985.297216760047,24529.38717560165,19882.071006386628,1200.0,10800.000000000004,1200.0
B1,2025-02-05,60238.557446179,5019.870487011173,65258.42793319018,1183.3238955694917,1822.8500901634852,25893.40853474313,20873.04341371071,1200.0,10800.0,1311.7972215902462
B1,2025-02-06,60508.96410081928,3706.0403906429315,64215.004491462205,931.9834176369586,2608.15734770116,23844.74667137086,19377.60353720992,1241.3986289241077,10800.0,1241.398628924108
B1,2025-02-07,17115.878257070115,459.26681289451676,17575.14506996463,195.1576012152005,5857.71634989322,22505.90552143116,18230.774383597964,1214.5794624794546,10800.0,1240.297616436631
B1,2025-02-08,14740.374238881108,4289.264711887086,19029.638950768192,1653.4351357704445,2436.231069279465,20467.256646338683,16584.38161531417,1200.0,10800.000000000002,1233.7379144590334
B1,2025-02-09,55737.00065390135,14248.08963159549,69985.09028549684,3446.800725584025,437.02210651076035,24109.242875846976,19558.850852449184,1200.0,10800.0,1200.0
B1,2025-02-10,56191.86847410836,1999.5932878901565,58191.461761998515,714.8638061296382,5613.728401927636,21716.22750814033,17590.144281593668,1200.0,10800.0,1200.0
B1,2025-02-11,54815.91973008332,3870.888121851091,58686.80785193441,878.4091601101615,2407.430403422384,22305.15810520668,18067.178065217413,1200.0,10800.000000000002,1200.0
B1,2025-02-12,54267.87287346561,5775.116797315342,60042.98967078095,1381.0100474508592,2677.5677053559734,22594.328300416375,18301.405923337265,1200.0,10800.000000000002,1200.0
B1,2025-02-13,52647.572267024305,4600.003266502258,57247.575533526564,1242.5275356672887,5158.291968943282,22519.565208176726,18240.847818623148,1200.0,10800.000000000002,1200.0
B1,2025-02-14,14535.024659282104,3582.495420930725,18117.520080212827,1781.049238995632,3762.861621699693,21182.82257343137,17158.08628447941,1200.0,10800.0,1200.0
B1,2025-02-15,14501.330445335994,5681.400350113866,20182.73079544986,2492.146488946755,4240.663058600053,19180.67901991128,15536.350006128136,1200.0,10800.0,1200.0
B1,2025-02-16,50298.748445146106,19165.339603212007,69464.08804835811,4618.798004677319,538.089537701526,24881.233276495746,20153.798953961552,1200.0,10800.000000000002,1200.0
B1,2025-02-17,51087.89603168563,4442.636124827957,55530.53215651359,1152.2389036193547,2919.34635990644,22099.671826273552,17879.92340989462,1200.0,10800.0,1223.123077096619
B1,2025-02-18,49824.90656065741,6062.171212426435,55887.077773083845,1536.633856648443,1500.2063588271665,22643.562961565363,18362.09676825491,1200.0,10800.000000000002,1200.0
B1,2025-02-19,49377.22311523005,11611.595850330068,60988.818965560116,2876.4783364059467,1436.1630060666178,25117.49439698122,20345.17046155479,1200.0,10800.000000000002,1200.0
B1,2025-02-20,49547.72112851071,7246.783758954865,56794.50488746558,1758.7453617860372,1585.5566282389796,23391.761557530222,18947.326861599486,1199.9999999999982,10800.0,1200.0
B1,2025-02-21,14300.07929532179,1384.6637668986434,15684.743062220432,730.9651981937213,6116.336461716322,20216.37415109384,16375.263062386013,1200.0,10800.000000000002,1200.0
B1,2025-02-22,14163.429193187112,5071.654467957675,19235.083661144785,2291.6526352198944,4931.282896671656,20184.39629145334,16349.360996077206,1200.0,10800.0,1200.0
B1,2025-02-23,47946.44404327113,11540.538693466307,59486.98273673744,3028.547627601489,829.959639282478,22118.580619241067,17916.050301585266,1200.0,10800.0,1200.0
B1,2025-02-24,48010.60112746046,3339.664142538332,51350.26526999879,836.9826230824294,2463.1957582009627,23006.25669195217,18613.899382970147,1200.0,10800.0,1223.5205972345689
B1,2025-02-25,47172.83924026317,3774.6229457702057,50947.46218603338,1039.3169314718853,4850.177987932306,20757.76226824697,16834.95597479116,1200.0,10800.000000000002,1200.0
B1,2025-02-26,47461.65952409489,6508.501210233423,53970.16073432831,1758.552753885419,2027.3395661217862,23144.88672869921,18747.35825024636,1200.0,10800.000000000002,1200.0
B1,2025-02-27,45095.40070850178,9819.897990696127,54915.29869919791,2042.0416138825622,2411.9800373671324,22927.685814507306,18571.425509750916,1200.0,10800.000000000002,1200.0
B1,2025-02-28,13421.474584598867,2789.616548491356,16211.091133090224,1321.8568665543605,8121.393723797906,18818.459752062616,15242.95239917072,1200.0,10800.0,1200.0
B1,2025-03-01,13242.691246242286,2486.3607762478728,15729.05202249016,935.7941189687666,7077.538749406165,19164.964553950067,15489.702155241588,1200.0,10800.0,1237.6879260644062
B1,2025-03-02,45111.84202284566,30081.886174614487,75193.72819746015,7900.875049326506,1424.7241924712969,26914.456453176786,21834.628860531164,1200.0,10800.0,1200.0
B1,2025-03-03,46564.99159573432,21814.630570943573,68379.62216667789,5147.008977485835,1241.4422585270831,24197.761238450374,19600.186603144808,1200.0,10800.000000000002,1200.0
B1,2025-03-04,47658.67560018673,5071.680504928129,52730.35610511486,1481.5517341924858,2148.922848030615,23886.484401232326,19348.052364998184,1200.0,10800.000000000002,1200.0
B1,2025-03-05,46788.458281697276,3383.4998375855143,50171.95811928279,896.1734116001123,5040.508366665079,22176.275724466374,17962.783336817763,1200.0,10800.0,1200.0
B1,2025-03-06,45716.23947765579,5127.25693810675,50843.49641576254,1418.784550237279,3533.9677719794477,22185.647796021338,17970.37471477729,1200.0,10800.000000000004,1200.0
B1,2025-03-07,12940.411911728925,2018.3214315190144,14958.733343247939,856.6754122804567,9222.05630149128,17843.83161955551,14421.061792699127,1200.0,10800.0,1236.0464657120351
B1,2025-03-08,12159.160688367143,2439.199509199702,14598.360197566844,1190.2899264721343,9321.042535305953,19083.963746961752,15490.452454179853,1200.0,10800.0,1200.0
B1,2025-03-09,43005.93381499823,3607.752391604872,46613.6862066031,1215.2792262879989,3109.0641234823333,22664.896438945423,18358.56611554579,1200.0,10800.000000000002,1200.0
B1,2025-03-10,44015.5270593334,14762.894145176402,58778.4212045098,4286.128447359408,731.4353751833489,23583.939611829257,19068.61926841147,1200.0,10800.0,1238.190907966913
B1,2025-03-11,42991.08742637294,6214.196109639973,49205.28353601291,1570.4787439576098,2651.9180009029737,21726.361681184342,17632.724778929543,1200.0,10800.000000000002,1200.0
B1,2025-03-12,41646.06804398253,5140.837808925623,46786.90585290816,1434.1751695557248,2626.34348893844,22268.596295949905,18037.562999719426,1200.0,10800.0,1200.0
B1,2025-03-13,40992.46964516836,25913.75429429661,66906.22393946497,6634.198821576161,476.7427225943079,22403.820661724818,18147.094735997103,1200.0,10800.000000000002,1200.0
B1,2025-03-14,11318.097254161245,3145.544722257618,14463.641976418861,1420.9625780279312,11663.51138810751,18937.069287280498,15323.595505748362,1200.0,10800.0,1217.1451299431517
B1,2025-03-15,11832.295807603117,5180.842492878952,17013.138300482067,2215.334428742147,7789.563803781021,17888.45137691874,14505.076232253017,1200.0,10800.0,1200.0
B1,2025-03-16,40624.724835719266,9705.54488187935,50330.26971759862,2848.1856255286134,1425.176758570897,22710.97017984863,18395.885845677396,1200.0,10800.000000000002,1200.0
B1,2025-03-17,40627.762949605436,2037.2350233993498,42664.997973004785,602.4688958149862,6564.52781832215,19912.103341931765,16128.803706964729,1200.0,10800.0,1200.0
B1,2025-03-18,38862.6291229292,11046.336223771554,49908.965346700745,2482.4670799707237,1321.7986520555503,22312.4089746059,18073.05126943078,1200.0,10800.000000000002,1200.0
B1,2025-03-19,38576.427876384754,6554.886078245601,45131.31395463036,1485.7847627383924,1948.9251419579887,23286.91430885841,18801.026920013246,1200.0,10800.0,1268.19296684674
B1,2025-03-20,39169.04247646015,11318.60900400072,50487.65148046087,3103.397615669877,645.626134165208,22426.896972485556,18227.160217875367,1200.0,10800.000000000002,1200.0
B1,2025-03-21,11241.132927942052,2295.802585596147,13536.935513538197,1054.8225434825351,14948.559795807823,18212.20681968063,14751.887523941306,1200.0,10800.0,1200.0
B1,2025-03-22,11466.831029038836,3501.4114238885927,14968.242452927429,1731.7567790738042,12321.774345838689,17912.95788437668,14509.495886345107,1200.0,10800.0,1200.0
B1,2025-03-23,37280.78177155869,9773.237650593752,47054.01942215244,2726.285508933818,2103.606201562622,22193.635508405798,17976.844761808694,1200.0,10800.000000000002,1200.0
B1,2025-03-24,37550.23279075387,6130.555675567947,43680.78846632182,1913.7844654470898,2148.5062733719265,23405.354755820914,18958.337352214934,1200.0,10800.0,1200.0
B1,2025-03-25,36559.60114054433,16104.562110243814,52664.163250788144,4746.179157507019,656.1504132248774,21517.990321040004,17429.5721600424,1200.0,10800.000000000002,1200.0
B1,2025-03-26,36359.49030863871,4660.085754914696,41019.57606355341,1328.9573753468585,2561.824461486223,22057.308496501464,17866.419882166192,1200.0,10800.000000000002,1200.0
B1,2025-03-27,35982.55592488504,10992.674258980443,46975.23018386549,3239.726208251786,805.9143114584807,22230.39688320189,18006.621475393535,1200.0,10800.000000000002,1200.0
B1,2025-03-28,11067.647745742797,1265.3087993702184,12332.956545113017,588.2730287989223,15354.81545067095,17458.490039476546,14141.376931976003,1200.0,10800.0,1200.0
B1,2025-03-29,10865.128380028784,2364.523497395032,13229.651877423816,975.4682123408367,18394.50279606677,15679.520418272878,12700.37680108435,1200.0,10800.000000000002,1200.0385974629835
B1,2025-03-30,34665.92342950381,6155.820456525949,40821.743886029755,2155.9596409995247,1097.628483649028,23093.082708072543,18705.431731255445,1200.0,10800.0,1200.0
B1,2025-03-31,34786.61500933765,14706.84401897162,49493.45902830928,4473.668644038513,1614.70815736838,21470.024629127616,17334.85464708911,1200.0,10800.000000000002,1262.0725583380708
B1,2025-04-01,35839.71660478981,18587.653056602656,54427.36966139247,6085.555446923564,820.06690623524,21136.187871535338,17176.177478447888,1200.0,10800.0,1200.0
B1,2025-04-02,35323.78854129898,24392.63169414662,59716.4202354456,6783.311984770337,1219.761508503839,22029.27609704439,17843.71363860596,1200.0,10800.000000000004,1200.0
B1,2025-04-03,35881.30533177117,10954.662716828065,46835.96804859923,2813.031850709716,2933.4544771707924,23005.929780737486,18634.80312239737,1200.0,10800.000000000004,1200.0
B1,2025-04-04,10436.44078470952,1499.565555940642,11936.006340650163,768.3763482459696,18792.624686705032,14937.45730832389,12099.340419742348,1200.0,10800.0,1200.0
B1,2025-04-05,10671.001959111089,6547.354655862572,17218.35661497366,2965.481194935269,15576.204428003715,15042.2326769519,12173.545347637624,1200.0,10800.000000000007,1211.8479118815742
B1,2025-04-06,35066.14274131422,4642.920129170757,39709.06287048498,1350.232997523565,1591.6748054301513,21228.804456322454,17205.994730314604,1200.0,10800.000000000002,1200.0
B1,2025-04-07,34913.562851221825,5580.041582447806,40493.60443366963,2006.1012934871515,3661.8736691894687,22265.05253651141,18034.69255457424,1200.0,10800.0,1200.0
B1,2025-04-08,34777.69949874758,8995.325089166623,43773.024587914195,2346.432158719794,2734.5621939989733,22006.291710630903,17825.09628561103,1200.0,10800.0,1200.0
B1,2025-04-09,34224.5579411331,18597.668667968428,52822.226609101526,6175.474758227914,712.6380253221686,22043.024561322454,17854.849894671188,1200.0,10800.000000000002,1200.0
B1,2025-04-10,34164.441780071196,9365.021484023708,43529.463264094906,2475.7100990921235,1555.9380307204237,21149.66384611095,17131.22771534987,1200.0,10800.0,1200.0
B1,2025-04-11,10313.720073940984,1458.336990795391,11772.057064736375,767.6286516533198,19511.397396498563,16522.355917836143,13383.10829344727,1200.0,10800.000000000002,1200.0
B1,2025-04-12,9998.082393554387,2206.90033628002,12204.982729834406,1180.6669778442322,16533.92939133432,16809.218713851402,13615.467158219637,1200.0,10800.0,1200.0
B1,2025-04-13,33383.763936687494,9182.361622277873,42566.125558965374,3162.4030915886424,575.9440114969001,22023.96917672387,17838.54976299494,1200.0,10800.0,1200.9614112793308
B1,2025-04-14,33340.36732723566,4660.351576060414,38000.718903296074,1660.192909932871,1885.3394913579384,21682.87398782642,17563.993200290795,1200.0,10800.0,1200.0
B1,2025-04-15,33374.78298551741,6252.080563156052,39626.863548673464,1933.883952828737,4808.345089584116,21107.417195935217,17091.559039526666,1200.0,10800.0,1206.054321312066
B1,2025-04-16,33515.32751536823,11828.307762041224,45343.635277409456,4284.3749112757005,753.0957926711362,20133.085574811503,16313.248204778174,1200.0,10800.000000000004,1200.0
B1,2025-04-17,32589.49622793823,7360.502056749625,39949.998284687856,2277.5740180277726,631.1345647135387,20375.687831172334,16504.307143249593,1200.0,10800.000000000002,1200.0
B1,2025-04-18,10164.637536623084,1959.6911452595446,12124.32868188263,990.3940926485816,18541.64420994832,15309.9821257058,12401.085521821697,1200.0,10800.0,1200.0
B1,2025-04-19,9792.884953367684,2027.7280031514877,11820.612956519171,988.6060387306171,17171.518624310746,15239.878881307299,12344.30189385891,1200.0,10800.000000000004,1200.0
B1,2025-04-20,32331.26526151732,4923.907619824012,37255.17288134133,1817.2877739001538,539.3608565200659,20935.210229646396,16957.520286013587,1200.0,10800.000000000004,1200.0
B1,2025-04-21,32617.025052416844,2174.4124515268973,34791.437503943744,789.6181176070236,4362.828791208659,19346.050250499622,15670.300702904695,1200.0,10800.0,1200.0
B1,2025-04-22,31883.36905390947,9732.948236308757,41616.31729021823,3755.2464608676123,980.3216501036297,19859.799837264145,16086.43786818395,1200.0,10800.000000000002,1200.0
B1,2025-04-23,32589.699414275216,5998.357273669443,38588.056687944656,2152.5735402741766,1752.6121677096166,20251.09378443603,16403.385965393187,1200.0,10800.0,1200.0
B1,2025-04-24,31631.327993191266,3481.503284820899,35112.83127801216,1185.7050052859188,3617.905900738464,20058.884101776985,16247.696122439364,1200.0,10800.000000000002,1200.0
B1,2025-04-25,9108.274484022213,1156.2557272732456,10264.530211295458,547.1401552698143,20938.957175831234,16432.920356699236,13310.665488926383,1200.0,10800.0,1200.0
B1,2025-04-26,9047.05738802568,6360.463918285751,15407.52130631143,2819.0151953245827,24916.160613161002,16927.708272627406,13706.177649502537,1200.0,10800.000000000002,1205.851168139625
B1,2025-04-27,29432.821134444443,13030.074643509273,42462.895777953716,3279.7380002520567,1290.1890145936989,19046.58014926523,15432.995972230501,1200.0,10800.0,1200.0
B1,2025-04-28,31169.253360726783,28764.949686139033,59934.20304686581,9167.21794121492,874.6988590961994,19438.29434695092,15745.018421030245,1200.0,10800.000000000004,1200.0
B1,2025-04-29,31118.014606198274,5612.443936528079,36730.45854272635,1362.9825729839747,4216.962384745394,19500.49486236897,15795.400838518866,1200.0,10800.0,1200.0
B1,2025-04-30,30564.667402820407,6173.822251683338,36738.48965450375,2459.146412672374,2914.1970680325053,19239.363653031105,15583.884558955195,1200.0,10800.0,1200.0
B1,2025-05-01,30241.6195814971,25663.581435182467,55905.201016679566,5754.068160875745,982.4599446886717,19110.884706392626,15479.81661217803,1200.0,10800.000000000004,1200.0
B1,2025-05-02,9636.28856103589,21408.800706210543,31045.089267246432,7545.483204379532,15302.629968893936,16756.40397353449,13572.687218562936,1200.0,10800.0,1200.0
B1,2025-05-03,9481.845524584514,14779.638274035367,24261.483798619884,4819.472186573818,18169.275805189653,15946.142189355583,12916.375173378026,1200.0,10800.0,1200.0
B1,2025-05-04,31556.466344231907,18206.145200657746,49762.61154488965,4702.26200202948,1538.5710878436798,17846.779931637568,14455.89174462643,1200.0,10800.0,1200.0
B1,2025-05-05,32349.70806242646,25801.88713547299,58151.59519789945,6121.467802591948,1389.3341550941045,19331.48288693271,15658.501138415493,1200.0,10800.0,1200.0
B1,2025-05-06,32182.0533987012,22502.56405576933,54684.61745447053,5290.7843135925405,1807.1620054337527,19000.454474783688,15390.368124574785,1200.0,10800.000000000002,1200.0
B1,2025-05-07,32594.757382169573,24306.296888745055,56901.05427091463,5712.566999090072,815.6488374101057,19201.608419344255,15553.302819668837,1200.0,10800.000000000002,1200.0
B1,2025-05-08,35155.14514441372,13294.773046998602,48449.918191412326,4560.770455370626,1608.6350083657335,20423.077882852795,16542.693085110765,1200.0,10800.0,1200.0
B1,2025-05-09,11650.131093974152,1581.6807889840602,13231.811882958213,689.938289470755,17655.67203424452,13951.946187250598,11301.076411672984,1200.0,10800.000000000002,1200.0
B1,2025-05-10,11571.64295145079,5346.200264531793,16917.843215982582,2622.0384579213114,15550.382994241563,15677.666691043585,12690.219421477235,1200.0,10800.0,1209.6562202978532
B1,2025-05-11,35130.45385186765,10966.418908740236,46096.87276060788,3655.3349717880883,1502.8599690140045,20115.383145839765,16302.150946398278,1200.0,10800.0,1200.0
B1,2025-05-12,35873.98524882628,5369.428793782149,41243.41404260843,1700.194855819578,5187.998826407757,17090.471468771906,13843.281889705246,1200.0,10800.000000000004,1200.0
B1,2025-05-13,35381.494902076156,1874.8938077466753,37256.38870982283,661.5841908071211,2439.3185282791105,20665.36482581023,16690.1461832955,1200.0,10800.0,1254.2214729008792
B1,2025-05-14,35467.83301204399,2484.734980651134,37952.56799269513,833.7956233098174,3120.4992476021503,18031.11010680039,14653.99851211911,1200.0,10800.0,1200.0
B1,2025-05-15,34824.10131033134,6053.133985490657,40877.23529582199,1610.0778694272094,2249.512852528698,19709.50633040587,15933.66667842977,1234.4816102210937,10800.0,1234.4816102210937
B1,2025-05-16,10952.003866494866,1375.293181695389,12327.297048190254,781.7973206921105,22335.00677090888,15008.465136288549,12187.890209592708,1200.0,10800.0,1200.0
B1,2025-05-17,10946.120004617716,7602.761943064854,18548.88194768257,3212.422201499,17105.068825917624,14431.600619086226,11689.596501459842,1200.0,10800.0,1200.0
B1,2025-05-18,34154.694362748865,7518.016901932381,41672.71126468125,2981.618506642495,1523.4442761869925,19837.590895052177,16068.448624992265,1200.0,10800.0,1200.0
B1,2025-05-19,33832.01102421315,3066.204136732341,36898.21516094549,693.2403171239392,5876.170438291645,18876.55218670597,15290.007271231838,1200.0,10800.0,1200.0
B1,2025-05-20,33343.7618755868,12605.058065283243,45948.819940870046,3894.8262361161487,1092.0275152434117,18414.07829770829,14915.403421143717,1200.0,10800.000000000002,1200.0
B1,2025-05-21,34249.83587602383,6507.359450674112,40757.19532669795,1987.135755197588,3383.948707072266,18247.82580619429,14780.738903017374,1200.0,10800.0,1200.0
B1,2025-05-22,32399.115901339395,7428.540083278824,39827.65598461822,2171.6660920601703,1320.6835819732064,17472.233821975417,14152.50939580009,1200.0,10800.0,1200.0
B1,2025-05-23,10681.129130352218,4461.220966039722,15142.35009639194,1961.5880632243225,19544.18208938805,15271.916549069803,12370.252404746543,1200.0,10800.0,1200.0
B1,2025-05-24,11205.675569784697,1275.8886976207966,12481.564267405493,707.3914452113794,21296.2420048783,13699.790745238446,11055.491148370937,1200.0,10800.0,1245.9326169691149
B1,2025-05-25,32617.376168692914,4354.637335910142,36972.013504603055,970.9600860488666,2902.2047645667553,19135.070094556668,15540.746131863101,1200.0,10800.0,1200.0
B1,2025-05-26,32876.349383194014,14482.741966445356,47359.09134963937,5585.123907965141,1340.144668663882,20659.53990788816,16658.91826400511,1200.0,10800.000000000002,1283.6767348714416
B1,2025-05-27,33563.41026682132,1426.1278511158841,34989.53811793721,486.62794008028715,3117.336768239594,20559.334031164577,16728.369626627606,1200.0,10800.0,1200.0
B1,2025-05-28,32978.23783966657,12667.417772969518,45645.65561263609,4669.80506111485,2629.6014276939018,19773.538001266035,16014.620277551221,1200.0,10800.0,1202.161670526967
B1,2025-05-29,32439.02279389175,16368.453086077272,48807.475879969024,5438.595868523882,958.7553733715803,18965.376551749938,15363.900510391722,1200.0,10800.0,1200.0
B1,2025-05-30,10742.158617114077,5601.738559269249,16343.897176383325,2316.2793565965767,19572.38328442951,15641.184937092166,12669.359799044652,1200.0,10800.000000000004,1200.0
B1,2025-05-31,10154.518982473208,6639.141458510603,16793.66044098381,2973.4145471477814,18311.56918903629,18847.958858788552,15266.846675618726,1200.0,10800.0,1200.0
B1,2025-06-01,35890.59602117253,77648.97138106456,113539.5674022371,20477.472712495157,0.0,22024.839845406917,17840.120274779598,1200.0,10800.000000000002,1200.0
B1,2025-06-02,37001.039918464354,63606.65486222388,100607.69478068822,15951.014128069892,253.83598552519243,20896.852340386766,16926.45039571328,1200.0,10800.0,1200.0
B1,2025-06-03,38029.18440818194,50893.8522340536,88923.03664223554,13914.33932146385,70.69240592319329,22711.303451374853,18396.15579561363,1200.0,10800.0,1200.0
B1,2025-06-04,39420.291231285504,48861.370979310355,88281.66221059587,13093.598784945638,25.54088561061144,22713.789318651226,18398.169348107494,1200.0,10800.0,1200.0
B1,2025-06-05,40768.48738016773,49946.84792055898,90715.33530072671,13280.193379732867,0.0,22267.245908304885,18036.469185726954,1200.0,10800.0,1200.0
B1,2025-06-06,12667.042357899583,42444.27159728192,55111.313955181504,13073.195107277312,7346.866486354673,13801.287988867922,11179.04327098302,1200.0,10800.0,1200.0
B1,2025-06-07,13332.659746533085,28355.42404435558,41688.08379088867,9158.74301649964,4243.620806260595,15401.688278685706,12466.575703520328,1200.0,10800.0,1209.768669127881
B1,2025-06-08,51266.80530076757,1720.8672629384328,52987.672563706,481.1900553641218,8772.729634893432,17478.844119231428,13993.924376925634,1209.768669127881,10800.0,1391.923513185465
B1,2025-06-09,52437.252236595676,5495.56464189538,57932.81687849106,1359.6083928316807,3842.554579506474,21066.33505763023,17236.462558547402,1200.0,10800.0,1200.0
B1,2025-06-10,52573.53289549234,2618.411113130922,55191.944008623264,811.2216862839546,2900.3507204474386,22134.3424003116,17921.709524803435,1200.0,10800.0,1207.8975771655153
B1,2025-06-11,52310.88030818177,21761.666885543073,74072.54719372484,4702.189893837512,2365.1889811784886,23759.28545579695,19215.796598528766,1200.0,10800.0,1240.369377906366
B1,2025-06-12,53099.07274600211,6121.231195310217,59220.303941312326,1535.8898641700375,3301.7794481131,21994.46364633274,17820.51655624988,1234.8127082170793,10800.0,1234.8127082170795
B1,2025-06-13,18168.768884203542,1411.7727758944636,19580.541660098002,672.5778553904275,5490.97923561181,14243.352432695816,11299.446326431073,1200.0,10800.000000000002,1498.8895349421246
B1,2025-06-14,18317.170015575397,2321.0430146468034,20638.213030222203,1319.0418927582218,8591.528971874159,16247.177196219642,13376.07332082861,1200.0,10800.0,1259.0453217302356
B1,2025-06-15,52903.24538542284,1841.0714133312906,54744.316798754124,492.2635295527953,4014.1948397025794,21131.1944613212,16902.0022423325,1259.0453217302356,10800.0,1497.1178454387618
B1,2025-06-16,54222.50986339231,3974.611011526116,58197.12087491842,1068.3926911107046,4041.1158982317506,21530.09652695391,17706.784247727548,1200.0,10800.0,1200.0
B1,2025-06-17,53081.312316044714,11834.780426310146,64916.09274235486,2688.539833450017,2450.120439563999,22841.27845063906,18497.861791218198,1200.0,10800.0,1203.9708375549335
B1,2025-06-18,53402.84113146578,3340.8857636016514,56743.726895067426,864.4376489182496,4505.423968076641,19632.451582974856,15660.65928369014,1203.9708375549335,10800.0,1472.4447247988146
B1,2025-06-19,51633.25638657404,3623.1984883776613,55256.4548749517,960.740043366498,5998.822518166375,19967.79390542342,16419.113315711907,1200.0,10800.0,1200.0
B1,2025-06-20,17397.624854746227,601.2925977310663,17998.917452477293,257.0512984543989,9411.564071842851,14964.590623077433,11621.431329887162,1200.0,10800.000000000002,1755.4300831172902
B1,2025-06-21,16918.367026964057,795.9933788468813,17714.360405810938,408.691905643522,13234.08794017947,14516.435596235217,12206.56994503065,1200.0,10800.000000000002,1257.3666252504847
B1,2025-06-22,49266.87105202726,5870.233721529464,55137.10477355672,1581.7392880918405,4196.002353359108,21702.159414006917,17630.37908807104,1200.0,10800.0,1200.0
B1,2025-06-23,49974.92494979678,4094.305103274155,54069.23005307093,1097.0000360184772,5271.846460895105,21342.450010242377,17159.89257137542,1341.657707689902,10800.0,1341.657707689902
B1,2025-06-24,49585.5816941538,37278.90220153316,86864.48389568695,10116.272812438583,1636.64572022568,24512.015310684295,19738.45070074848,1200.0,10800.0,1470.8595975852386
B1,2025-06-25,48956.82967566504,10228.265171214045,59185.09484687908,2926.765061067924,2381.048445314461,20048.36047446666,16429.116236412057,1259.8104285918396,10800.0,1259.81042859184
B1,2025-06-26,48525.89339743981,7075.563814960157,55601.45721239997,1987.1803874275165,4359.694738291905,22563.017216513417,18329.873331108523,1200.0,10800.0,1200.0
B1,2025-06-27,15941.483976085989,701.664122048785,16643.148098134774,361.99547261928404,10926.564555750167,13798.788172311117,11024.693067466074,1200.0,10800.000000000004,1369.2503912288105
B1,2025-06-28,15748.090792334602,1965.5631758172692,17713.65396815187,733.4590189654518,9224.496406721688,14001.483703703703,11475.907718249688,1200.0,10800.000000000004,1219.5771487291593
B1,2025-06-29,48448.505026293504,9309.402990340663,57757.90801663417,2620.359471495821,2317.150490051814,20247.154760786347,16417.814790093187,1200.0,10800.0,1200.0
B1,2025-06-30,50136.65131130843,6640.86666669934,56777.517978007774,1834.6052695541805,3965.713170310339,21197.86221669174,17170.268395520314,1200.0,10800.0,1200.0
B1,2025-07-01,54018.20685470686,34951.65939189693,88969.8662466038,8464.873979610446,504.6509303388254,22278.90298970195,18045.911421658584,1200.0,10800.0,1200.0
B1,2025-07-02,52337.26030412139,33972.31306736146,86309.57337148285,7963.671161657677,4343.352266279177,18897.6969043329,15307.13449250965,1200.0,10800.0,1200.0
B1,2025-07-03,50918.73792990719,59060.13347160069,109978.87140150787,14554.531696494436,0.0,21319.899806336653,17269.118843132692,1200.0,10800.0,1200.0
B1,2025-07-04,17868.794606885414,32182.524818035214,50051.31942492063,9242.777570867103,10263.780654731043,13883.465631491308,11245.607161507965,1200.0,10800.0,1200.0
B1,2025-07-05,17320.506207666975,35733.91735542381,53054.42356309078,10415.997493706462,11626.904472587095,14862.990009672832,12039.021907834998,1200.0,10800.0,1200.0
B1,2025-07-06,48052.473951198255,76036.0016225011,124088.47557369935,18614.164799045633,0.0,23738.46320859581,19228.155198962606,1200.0,10800.000000000002,1200.0
B1,2025-07-07,50507.54796656374,31817.957422081672,82325.50538864541,7952.65225772775,466.5734215632702,19435.205190444398,15742.516204259962,1200.0,10800.0,1200.0
B1,2025-07-08,62792.84169152312,3928.4218283349715,66721.26351985808,1045.1545249932924,5916.912997793958,21794.626214189022,17267.613447220665,1200.0,10800.0,1628.9264291916006
B1,2025-07-09,61608.53865177256,3016.4190583461095,64624.957710118666,784.4819896932592,6095.53529297909,20231.830325250725,16236.235232607361,1628.9264291915988,10800.0,1797.3123523535132
B1,2025-07-10,59580.30748268695,3137.0482311383257,62717.35571382527,802.4331274629756,4790.832886800152,20448.61717573878,17100.961029466576,1200.0,10800.0,1200.0
B1,2025-07-11,26443.943907245193,3169.283711409569,29613.227618654764,1546.348697913337,10566.919249984994,13549.773936437909,10291.531407811974,1200.0,10800.0,1959.761645225261
B1,2025-07-12,24704.024012725753,1095.467527970906,25799.49154069666,389.9184730180952,10391.03043091183,14032.60970541276,12024.203329965001,1200.0,10800.0,1228.884457913406
B1,2025-07-13,57254.16365715574,3285.698629221643,60539.86228637738,606.9122652271035,7325.15140796902,20318.06889781268,16158.753042044986,1228.8844579134038,10800.0,1560.9764192281652
B1,2025-07-14,60399.584693718905,1317.2643461674002,61716.84903988631,229.77970082497103,8433.591118582612,19524.890572061347,16140.040140675039,1200.0,10800.0,1200.0
B1,2025-07-15,59954.438285154036,4972.609432081951,64927.04771723599,1511.2098211151042,7253.508573407222,20559.809350547228,16649.355875468274,1200.0,10800.0,1204.5441094166454
B1,2025-07-16,58918.1210367329,4245.954406913438,63164.07544364634,999.4756832780168,4920.048136786695,18738.442892711377,15010.29595225536,1204.5441094166472,10800.000000000002,1391.036099239822
B1,2025-07-17,56850.902560345654,7920.7429143104455,64771.6454746561,2081.729734270744,3185.0967630470245,21766.801792154627,17803.041940961088,1200.0,10800.000000000002,1200.0
B1,2025-07-18,24534.615237168808,2675.6694204692412,27210.284657638047,1259.7118759010843,10188.153786121367,13705.865599873534,10586.923683477786,1200.0,10800.0,1772.0305026886383
B1,2025-07-19,23609.766737755093,2271.8793531388364,25881.64609089393,804.664651123799,13274.638234231705,15281.667204934703,12892.977888416883,1200.0,10800.000000000002,1200.0
B1,2025-07-20,55635.22082333155,5679.674541716934,61314.89536504848,1660.7327066787125,2284.6316795953912,19865.472637342802,15961.312857376486,1200.0,10800.0,1344.1333098568737
B1,2025-07-21,60906.60104236795,2668.082377325152,63574.6834196931,774.811058077914,4437.314539178498,20248.95510961271,15963.507703422034,1344.1333098568737,10800.0,1830.9621269282693
B1,2025-07-22,58683.53856422374,5378.661990386942,64062.20055461068,1415.7515365861238,4738.626177479105,21031.180370818314,17603.122014598277,1200.0,10800.0,1200.0
B1,2025-07-23,58812.26389238306,4217.096885733259,63029.36077811632,1205.7225033101586,3432.3894296494645,21284.93213950112,17099.915808975944,1200.0,10800.0,1356.5324711332942
B1,2025-07-24,57285.24706240591,11196.68011183383,68481.92717423974,2718.815158673055,3518.974393172683,19834.295636942097,16050.329692828249,1356.5324711332942,10800.0,1373.698885683128
B1,2025-07-25,23897.087049404603,706.8265350318283,24603.913584436432,235.12678717953114,13244.746025754184,14552.056531272437,11610.02154849239,1200.0,10800.0,1570.5258210589966
B1,2025-07-26,23719.49714302008,1725.6591045932876,25445.156247613366,916.6688979787883,12041.49107616857,18312.60225725952,15138.746309821912,1200.0,10800.0,1231.03861945711
B1,2025-07-27,55817.43975949779,12675.9387348473,68493.37849434509,3694.320010431625,2328.829603075705,22293.184695296895,17970.561979472506,1200.0,10800.0,1327.6137569215266
B1,2025-07-28,58665.283904963275,15262.266170208575,73927.55007517185,4303.707061890423,2434.586286605207,22162.781108517705,18046.409424243182,1222.5507276505928,10800.0,1222.5507276505928
B1,2025-07-29,60325.032742505064,6262.912612016903,66587.94535452197,1793.3937744491957,4089.1389371734354,21319.74593516996,16959.93890627013,1200.0,10800.0,1565.94550678119
B1,2025-07-30,59615.39782247749,5375.31133087869,64990.70915335618,1420.8731602834885,4173.412536502474,20042.76220284452,16215.4255138519,1565.94550678119,10800.0,1587.2920295058093
B1,2025-07-31,56510.36365819975,11158.757840214566,67669.12149841432,2610.552704544071,2474.533446375004,21121.75057369544,17457.18079124853,1200.0,10800.000000000002,1200.0
B1,2025-08-01,23804.51937146196,1258.9462417227764,25063.465613184733,549.820321294389,19032.601923495855,14923.435359607765,12087.98264128229,1200.0,10800.0,1200.0
B1,2025-08-02,22671.776708699526,1416.327453667777,24088.104162367305,450.93193955016676,17901.65634472155,15070.709720975017,12207.274873989765,1200.0,10800.0,1200.0
B1,2025-08-03,51956.87553548845,6288.4858749145,58245.36141040295,1206.1789014360897,8266.45969081971,20489.83040582347,16596.762628717013,1200.0,10800.0,1200.0
B1,2025-08-04,53273.75437378112,2659.860172072075,55933.6145458532,591.6025034271254,5367.997441688968,18265.227235697723,14532.015553462472,1200.0,10800.0,1492.0205638363143
B1,2025-08-05,52582.09402628035,2630.4733112240688,55212.56733750442,934.2887190067939,4640.853711471285,19177.856112358037,15537.75409825508,1467.2413857031188,10800.0,1487.919844675124
B1,2025-08-06,52020.82163793637,14442.831540039235,66463.6531779756,3496.672542942252,2881.4259003531615,19509.444547339866,16061.777943552903,1200.0,10800.0,1200.0
B1,2025-08-07,49960.90261572832,6916.564775967698,56877.467391696024,1887.117877406471,3390.8710601759885,17975.89933901718,14560.478464603919,1200.0,10800.0,1200.0
B1,2025-08-08,22208.236574298528,1202.9669036460064,23411.203477944535,349.6718680274894,22342.84346908984,14573.814496678851,11649.611891918425,1200.0,10800.000000000002,1372.419833768275
B1,2025-08-09,21341.81247270755,3765.2830954840483,25107.095568191595,1480.6114009933808,18704.71948770526,16194.862795496916,13239.579434709944,1200.0,10800.0,1237.1525333711195
B1,2025-08-10,49867.260567364516,12098.73447161716,61965.99503898167,3569.867366332129,1375.9823654330403,17935.04012593579,14453.267323978467,1237.1525333711195,10800.0,1319.5027311816991
B1,2025-08-11,51102.52857614333,4188.0874690416185,55290.61604518496,852.5888120030662,4139.778616758135,20492.597877009932,16655.74949132489,1200.0,10800.0,1256.45249679632
B1,2025-08-12,51030.913322527034,13892.537005770064,64923.4503282971,3890.138976446688,1912.868434410338,18268.907252664365,14784.931061097499,1270.7678451970278,10800.0,1270.7678451970278
B1,2025-08-13,50343.767362176724,9449.1286289835,59792.89599116023,2985.8773587667088,2211.6181624622345,18213.080971413714,14680.751017981302,1211.992723273292,10800.0,1350.5951439345945
B1,2025-08-14,48706.08831645829,18111.5484780213,66817.6367944796,4108.212427817677,1711.5669324800378,19102.008082015094,15608.162175973364,1200.0,10800.0,1200.0
B1,2025-08-15,21923.272569410652,2216.2377211942567,24139.510290604907,952.0606697083309,20626.913280582743,13356.619917887065,10818.862133488523,1200.0,10800.0,1200.0
B1,2025-08-16,21472.495913656257,3350.8195904893137,24823.315504145572,1328.3438566698937,20670.737387746907,16404.415833144383,13264.245663616515,1200.0,10800.0,1225.923512478262
B1,2025-08-17,48146.17927444016,11941.147852089753,60087.32712652991,2685.6781686103527,1964.2444539305195,18478.124723011853,14990.612186870036,1200.0,10800.0,1200.0
B1,2025-08-18,51318.62063034166,7939.337334155678,59257.95796449734,1788.8385279650845,3340.030857243162,19951.99062857727,15853.127480092997,1200.0,10800.0,1542.2054767273248
B1,2025-08-19,51459.164927893646,4681.477606492026,56140.64253438567,1292.2544116086729,3564.6371074873528,18704.281819559663,15259.496266875425,1421.0632622472194,10800.0,1421.0632622472194
B1,2025-08-20,50749.77624808287,28107.2508476091,78857.02709569197,7473.283553545658,1886.9534399646896,19896.75567954159,16315.329036451192,1200.0,10800.0,1200.0
B1,2025-08-21,50058.93785042074,10142.649976905594,60201.58782732634,2958.414700171882,2271.8191913058204,18330.91981307788,14848.045048593085,1200.0,10800.0,1200.0
B1,2025-08-22,22325.963378068445,5524.272472067754,27850.2358501362,2031.5871366281142,18300.499871465345,13652.671828266291,11058.664180895697,1200.0,10800.000000000004,1200.0
B1,2025-08-23,21565.08196045209,1871.8882954036053,23436.970255855696,727.8074225416623,15206.897930412248,14538.16844712202,11775.916442168837,1200.0,10800.0,1200.0
B1,2025-08-24,49849.55261109247,13305.495309244068,63155.04792033654,3077.5044546365707,4136.926078131331,18719.59738552944,15162.873882278847,1200.0,10800.0,1200.0
B1,2025-08-25,52597.568882561194,17616.24571600686,70213.81459856806,5100.650486998586,2008.8401310516963,20061.643646296136,15910.330626927083,1200.0,10800.0,1577.3341406364334
B1,2025-08-26,52575.70778178459,3824.9741309880774,56400.68191277267,757.587302943659,4859.9232293665,19341.58156720544,15606.936163673368,1200.0,10800.0,1643.717369262035
B1,2025-08-27,51481.040572709164,11450.229723496568,62931.27029620573,2743.549376968298,2347.4368822107285,20917.170712994495,17186.595302920876,1200.0,10800.0,1372.9540077116608
B1,2025-08-28,50810.038507066325,22629.279185388175,73439.3176924545,6614.081466784214,2161.3946200446712,20208.897161537137,16524.865307785574,1200.0,10800.0,1200.0
B1,2025-08-29,23419.478718388502,1707.9721560722382,25127.45087446074,563.0003222847206,16904.052257170708,15310.858011562686,12021.825818752997,1200.0,10800.000000000004,1622.18796734753
B1,2025-08-30,22435.147685006425,2601.5759416425776,25036.723626649,962.9634591920965,20724.72497694856,16182.261187372691,13487.001492701727,1200.0,10800.0,1200.665821869923
B1,2025-08-31,49888.42628768676,9288.706120858069,59177.13240854483,2786.9177122526035,2007.7912124870386,20694.828117526326,16763.410014879257,1200.0,10800.0,1200.0
B1,2025-09-01,46919.82911250685,43.06995258569104,46962.89906509254,20.484320183737054,14413.934670314517,18317.026746705407,13280.848353547786,1200.0,10800.0,2928.8259014262167
B1,2025-09-02,44583.274674028966,2976.232573700343,47559.50724772931,655.0084125031917,12403.27261281688,18089.550731950472,15121.893804820847,1200.0,10800.0,2407.31733260292
B1,2025-09-03,45010.91311426459,496.78169243642225,45507.694806701016,119.94617374459517,9342.423137880785,18723.143910985254,15017.425301015759,1353.9286451413518,10800.0,2572.1187402499145
B1,2025-09-04,43566.40698727272,513.8893569267036,44080.29634419942,146.3616510210661,9683.500373500756,19400.373574429916,15878.008860216594,2281.4859629629627,10800.0,2390.222890329512
B1,2025-09-05,17805.091180863023,169.9302088629047,17975.021389725927,173.3233306489263,28902.922032773313,13361.87904160926,11472.84289101081,1610.4536195290443,10800.0,1668.3108155436123
B1,2025-09-06,17702.68490550939,1124.6492937370024,18827.334199246394,389.0260634941956,27798.72311873672,14031.822574678192,11548.46706350022,1200.0,10800.0,1465.3210621981875
B1,2025-09-07,40707.390652232345,2921.2244022488976,43628.61505448124,1258.2579121852373,5926.6527650955195,20823.43946022675,16930.468842432725,1394.7845292547872,10800.0,1394.7845292547872
B1,2025-09-08,34399.73699734514,32411.888488715103,66811.62548606023,8902.079895384168,38.181304232429625,21570.742661208515,17647.607631908202,1200.0,10800.0,1200.0
B1,2025-09-09,35622.390430222076,15287.214014272571,50909.604444494646,3823.2356062640256,3411.028000063711,20597.946710240278,16684.336835294624,1200.0,10800.000000000004,1200.0
B1,2025-09-10,35562.62393026576,37526.6377830637,73089.26171332946,10365.868913483946,204.51180156089785,20923.97939816009,16948.423312509673,1200.0,10800.000000000002,1200.0
B1,2025-09-11,34638.97540768764,18050.98395060195,52689.95935828959,4432.152488036286,2274.7500918485307,21015.65502136601,17022.68056730647,1200.0,10800.000000000002,1200.0
B1,2025-09-12,12242.443701294154,8937.70669651885,21180.150397813002,3253.327247955296,17448.068023667467,16326.49688181404,13224.462474269372,1200.0,10800.0,1200.0
B1,2025-09-13,11879.92907742316,10652.51839846942,22532.44747589258,3418.1339920317578,20849.12099870625,16380.272814490898,13268.020979737623,1200.0,10800.0,1200.0
B1,2025-09-14,34742.96814811026,33662.591518937494,68405.55966704775,9723.444196348277,135.1842591947809,20494.54945095296,16600.585055271895,1200.0,10800.0,1200.0
B1,2025-09-15,38015.21360708684,10542.237046094633,48557.45065318147,2671.9508702480343,3140.3619737477907,22327.827360465966,18085.540161977435,1200.0,10800.000000000004,1200.0
B1,2025-09-16,38066.11076636689,16395.836530307828,54461.94729667472,5173.803297151358,743.8356004862982,21408.75679906865,17341.09300724561,1200.0,10800.0,1200.0
B1,2025-09-17,37404.41968371045,19119.303969567645,56523.723653278095,5629.875237373406,425.1214939190674,21352.205383001405,17295.28636023114,1200.0,10800.0,1200.0
B1,2025-09-18,36049.39884952202,21556.223789590706,57605.62263911273,5871.191159399463,201.6024909795271,22158.99674294122,17948.787361782386,1200.0,10800.000000000002,1200.0
B1,2025-09-19,13091.565426752031,7263.412968447173,20354.978395199207,2734.609033074079,13990.691222867888,16647.001827027478,13484.071479892256,1200.0,10800.000000000004,1200.0
B1,2025-09-20,12100.61121289306,13465.972640730448,25566.58385362351,4510.243337482919,15173.410749332024,16428.287089243688,13306.912542287388,1200.0,10800.0,1200.0
B1,2025-09-21,38224.38256108193,15965.705946220378,54190.08850730231,4318.7097186086385,1964.5395934355006,21170.439959156964,17123.660621818268,1200.0,10800.0,1227.1063834431975
B1,2025-09-22,40441.42396467362,11611.598068171654,52053.02203284527,3237.877020687482,1250.075593040322,20742.277375428275,16825.640419195788,1200.0,10800.000000000002,1200.0
B1,2025-09-23,40510.36178290332,14237.308790055338,54747.67057295866,3678.9533422141826,1254.2452856587963,21848.732410965265,17697.473252881868,1200.0,10800.0,1200.0
B1,2025-09-24,39859.51340567891,12879.503741819104,52739.01714749801,3443.831144582709,1307.0612243975588,21390.4169314144,17326.23771444567,1200.0,10800.000000000002,1200.0
B1,2025-09-25,39135.53931118813,15369.071299743451,54504.61061093158,4192.037415636754,1225.4225380001376,22060.303307666414,17868.845679209797,1200.0,10800.0,1200.0
B1,2025-09-26,13308.301806763222,3899.5674396673107,17207.869246430535,1758.8497805806574,12473.30017951128,16475.471456131145,13345.131879466233,1200.0,10800.0,1200.0
B1,2025-09-27,13182.737920576566,16767.350674077086,29950.08859465365,5910.719864189718,15496.424584792892,16499.999214452666,13364.99936370666,1200.0,10800.000000000002,1200.0
B1,2025-09-28,39682.56630312682,22346.75608648303,62029.32238960985,6137.722786190169,454.45256613223,21642.060740731795,17530.069199992755,1200.0,10800.000000000004,1200.0
B1,2025-09-29,42502.91788417944,7677.745734208917,50180.66361838836,1951.6861321512195,1304.1453533572983,22506.445068083416,18230.220505147572,1200.0,10800.0,1200.0
B1,2025-09-30,42601.44861595295,15505.328376214366,58106.77699216731,4252.89888963753,1013.3060639035508,24520.567651083802,19861.659797377877,1200.0,10800.0,1200.0
B1,2025-10-01,40595.10656602876,584.0832083192662,41179.18977434802,264.79144503732783,13512.866006251123,20937.263119150877,16903.394017545994,1200.0,10800.0,1261.98789885135
B1,2025-10-02,38499.79985485901,1796.6569686802004,40296.45682353921,745.4057600877195,7242.260725062043,20876.8802979664,16495.152206751332,1548.8198329788895,10800.0,1723.2332706307411
B1,2025-10-03,12416.02902442163,738.4797583090341,13154.508782730663,438.3846119178166,20775.619143200394,17125.209449423106,14197.350246512018,1361.0881678759613,10800.0,1361.0881678759613
B1,2025-10-04,13263.469191486736,2758.281407640596,16021.750599127334,1114.8081585490584,16530.72108199173,16070.16203273348,12883.397438626056,1200.0,10800.0,1509.3479544182549
B1,2025-10-05,37090.11355419256,2903.2834036536224,39993.396957846184,1166.4862151293555,2453.2384510782413,21287.920480735258,17521.628748371986,1200.0,10800.0,1200.0
B1,2025-10-06,39999.456520706386,3811.127252426629,43810.58377313302,1485.8841864517353,2611.3621533033406,21917.83658337588,17753.44763253446,1200.0,10800.0,1200.0
B1,2025-10-07,38825.53616132701,7971.605388218494,46797.1415495455,2470.976133203532,2718.277381745125,21402.793787422765,17193.58109111629,1200.0,10800.0,1358.5354185512736
B1,2025-10-08,34840.03006607477,14815.053526524322,49655.08359259908,4191.746568211757,756.7382309649898,21861.326288333024,17850.356170245897,1200.0,10800.000000000002,1200.0
B1,2025-10-09,34630.73680932062,16680.01555083602,51310.752360156635,4127.032170260937,1024.7135871180797,22217.330249346214,17996.037501970437,1200.0,10800.000000000004,1200.0
B1,2025-10-10,11159.786546498892,5881.7707509901575,17041.55729748905,2271.274363205346,18575.764863560125,17621.978763904364,14273.80279876254,1200.0,10800.0,1200.0
B1,2025-10-11,11378.209466356659,6614.672549191622,17992.882015548283,2321.236716820452,14287.068088377368,18998.33713414719,15388.653078659223,1200.0,10800.0,1200.0
B1,2025-10-12,34743.328384076696,20012.080879521614,54755.40926359831,5588.70848514308,582.7224622207505,22189.371465561228,17973.390887104593,1200.0,10800.000000000002,1200.0
B1,2025-10-13,38106.41669819657,5668.737029767188,43775.15372796375,1470.0182207587923,2085.2742002594446,21461.954590610843,17384.18321839478,1200.0,10800.000000000002,1200.0
B1,2025-10-14,37180.692321852664,18485.632863036994,55666.325184889654,4683.966233763286,314.86718665970386,22339.226554495668,18094.773509141487,1200.0,10800.0,1200.0
B1,2025-10-15,37270.0908045406,21066.448741436394,58336.539545977,6201.629955847054,231.3060380648843,24324.97921057975,19703.233160569594,1200.0,10800.0,1200.0
B1,2025-10-16,37213.98975543404,29391.675993765337,66605.66574919938,7308.532479437693,117.94341573264447,23523.196494419735,19053.789160479988,1200.0,10800.0,1200.0
B1,2025-10-17,12367.089898842001,3669.655968109923,16036.745866951924,1527.1921398039456,13203.048209028184,18843.181369145856,15262.976909008143,1200.0,10800.0,1200.0
B1,2025-10-18,11835.27897142411,5554.195516315948,17389.47448774006,2418.414412579178,13224.55876166658,19491.755705189546,15788.322121203531,1200.0,10800.0,1200.0
B1,2025-10-19,38890.87507500742,24739.097729505116,63629.97280451254,6099.860415394776,426.9851068437615,24056.114574972475,19485.452805727702,1200.0,10800.000000000002,1200.0
B1,2025-10-20,41556.1438071549,12694.938490997056,54251.08229815195,3195.558644879811,739.7214342847222,22561.745545348942,18275.01389173264,1200.0,10800.0,1200.0
B1,2025-10-21,42300.29833999021,15203.198420598856,57503.49676058906,4283.951667413478,610.0636925126022,22193.393520113532,17976.64875129196,1200.0,10800.000000000002,1200.0
B1,2025-10-22,41803.0633688662,19936.901231214153,61739.96460008035,4546.725154170757,1348.5138907141961,22331.337148800612,18088.38309052849,1200.0,10800.000000000002,1200.0
B1,2025-10-23,40988.86420994969,11067.010372330455,52055.87458228014,2845.6779129725305,1477.0827782161136,22594.60114442178,18301.626926981644,1200.0,10800.000000000002,1200.0
B1,2025-10-24,12753.7332617217,5083.202954525303,17836.936216247002,1740.2375617484527,11377.858650463459,16509.56312675054,13372.74613266794,1200.0,10800.000000000004,1200.0
B1,2025-10-25,12490.494247958004,6272.713129681774,18763.207377639777,2232.5213456467977,10558.68698162563,17823.0630662028,14436.681083624271,1200.0,10800.0,1200.0
B1,2025-10-26,42240.19126428763,7756.940197976428,49997.13146226406,2250.8167012970716,435.1163902534715,23780.987452835296,19262.599836796584,1200.0,10800.000000000002,1200.0
B1,2025-10-27,43565.475626439526,7429.211654806179,50994.6872812457,1867.419005100642,3769.4005398685495,22498.425608717855,18223.72474306146,1200.0,10800.0,1200.0
B1,2025-10-28,43591.57172873814,10382.592862835318,53974.16459157346,2555.478182530413,1153.6442878157638,22728.129184223744,18409.784639221238,1200.0,10800.000000000004,1200.0
B1,2025-10-29,43580.20689976989,24184.103199376084,67764.31009914598,6212.062777899034,465.08898059382375,23144.119324697032,18746.736653004595,1200.0,10800.0,1200.0
B1,2025-10-30,43172.295903704355,11193.733993677577,54366.02989738193,2720.290177180717,1142.030134084495,23450.43520361464,18994.85251492786,1200.0,10800.0,1200.0
B1,2025-10-31,13431.109564378388,4959.678255878159,18390.787820256544,2250.4804674494712,7762.394434244827,18477.933799053386,14967.126377233242,1200.0,10800.0,1200.0
B1,2025-11-01,12776.22159117719,5367.25829856682,18143.47988974401,2205.301306373218,8254.770745466838,18899.24603131271,15308.389285363295,1200.0,10800.0,1200.0
B1,2025-11-02,44617.23909520284,17102.69804544079,61719.93714064363,4087.8245887692447,489.2506898656002,22487.999179345657,18215.279335269985,1200.0,10800.000000000002,1200.0
B1,2025-11-03,47780.99830694352,5288.277958954406,53069.276265897926,1796.5110937864677,1399.7316480513823,23484.656623674295,19022.571865176174,1200.0,10800.0,1200.0
B1,2025-11-04,47337.37015179711,5101.175697923714,52438.54584972083,1140.0053420829968,2905.4204649049434,21783.636312370778,17644.74541302033,1200.0,10800.000000000002,1200.0
B1,2025-11-05,48104.31876924663,7047.95700059426,55152.27576984089,1792.1045623887694,1353.580655049354,22394.582778184846,18139.612050329728,1200.0,10800.000000000002,1200.0
B1,2025-11-06,46583.488203011366,21244.17066628817,67827.65886929954,4922.020819129155,557.961810489526,21952.196834985894,17781.279436338573,1200.0,10800.0,1200.0
B1,2025-11-07,13740.981624733338,3823.9738691626967,17564.955493896035,1266.9813285538714,7994.2861363652755,18876.009960780273,15289.56806823202,1200.0,10800.0,1200.0
B1,2025-11-08,13485.841052320398,2550.9993053254634,16036.84035764586,929.6543059327695,6938.305528171705,18844.870291670555,15264.344936253146,1200.0,10800.000000000002,1200.0
B1,2025-11-09,48114.98010914195,12449.677608259466,60564.65771740142,3197.4522627945767,994.7794993109878,23763.202941381478,19248.194382518996,1200.0,10800.0,1200.0
B1,2025-11-10,49990.81934939403,14869.102767000642,64859.92211639467,3690.145125816039,557.5723236607075,25010.08275004049,20233.082278836788,1200.0,10800.0,1227.8719429955631
B1,2025-11-11,49599.89369629712,6725.088907841242,56324.982604138364,1623.2681449276745,1175.1575576495839,23960.127784205823,19432.788253902723,1200.0,10800.000000000004,1200.0
B1,2025-11-12,50202.60374117508,5355.570538982094,55558.174280157175,1166.4642476238603,1838.9972653623727,23284.40789008546,18860.370390969216,1200.0,10800.000000000004,1200.0
B1,2025-11-13,50347.19823369286,13249.800565963307,63596.99879965617,3290.3546147858797,1710.7225131957548,21594.018963277987,17491.155360255172,1200.0,10800.0,1200.0
B1,2025-11-14,14295.774251413073,4416.705257394338,18712.479508807413,1788.793023329921,5338.404164722923,18480.004764977937,14968.803859632131,1200.0,10800.0,1200.0
B1,2025-11-15,14183.230382311414,4495.64311732909,18678.873499640504,1478.2725934707155,3642.8950854677014,19443.15703927021,15740.970035452414,1200.0,10800.000000000004,1208.8746292849517
B1,2025-11-16,51750.6843100105,10564.403299338323,62315.087609348826,2637.799300164636,1008.5160661460778,23402.887234212758,18964.32582606879,1200.0,10800.000000000002,1200.0
B1,2025-11-17,53083.85212539866,2699.826950473871,55783.67907587253,783.6478524991954,2853.469394304385,22752.099937160627,18429.200949100104,1200.0,10800.0,1200.0
B1,2025-11-18,52432.25144001943,10479.695484788548,62911.94692480798,2877.4378910560145,1497.0891431384132,22092.794597348973,17895.163623852666,1200.0,10800.0,1200.0
B1,2025-11-19,53195.67214632455,11032.01449499387,64227.68664131842,2685.904045077685,752.8082030613592,22559.037049909995,18272.820010427098,1200.0,10800.000000000002,1200.0
B1,2025-11-20,52615.58663873212,9301.490090493407,61917.076729225526,2295.032529164385,1331.022172682274,22973.708672860674,18608.704025017145,1200.0,10800.000000000002,1200.0
B1,2025-11-21,14570.709182999997,2554.4573109707417,17125.16649397074,1260.9506577926281,3514.3763780310987,18775.895788650232,15208.475588806687,1200.0,10800.000000000002,1200.0
B1,2025-11-22,14626.435650338635,3579.761319453333,18206.196969791967,1269.1109859704661,2362.753374222301,20166.637021244904,16334.97598720837,1200.0,10800.000000000002,1200.0
B1,2025-11-23,54339.39602347975,7877.457744987534,62216.853768467285,1960.656535961301,1971.1252402502826,23200.089840113036,18774.330322748578,1200.0,10800.000000000002,1219.713830825537
B1,2025-11-24,53795.544945796035,7515.973539473331,61311.518485269364,1758.1007548607397,2942.9623588145446,23658.95511940755,19181.4960944631,1200.0,10800.000000000002,1200.0
B1,2025-11-25,53615.92206896457,8870.813259733197,62486.73532869777,2176.071829168098,1211.5492020050388,24159.271445726263,19569.009871038274,1200.0,10800.000000000002,1200.0
B1,2025-11-26,54843.35997671878,8498.985443892429,63342.34542061121,2164.1996895921557,1220.2809931650347,25597.9775333759,20734.36180203448,1200.0,10800.0,1200.0
B1,2025-11-27,54691.456180001376,8144.740661212516,62836.196841213896,1834.0831754382837,1634.8202938026893,22991.62968147818,18612.71313298746,1200.0,10800.0,1211.674343344299
B1,2025-11-28,14584.364478500502,3645.388199073193,18229.752677573695,1260.6992277507654,2400.209962752113,19488.558611107503,15796.239384006947,1200.0,10800.0,1200.0
B1,2025-11-29,14810.56072937462,10368.197478325852,25178.75820770047,4321.3162442443545,1695.504392067072,21861.411711245106,17707.743486108535,1200.0,10800.000000000002,1200.0
B1,2025-11-30,56534.57024911475,14257.922113383082,70792.49236249784,3336.177423720766,611.759134583219,23472.369948895237,19012.619658605145,1200.0,10800.000000000004,1200.0
B1,2025-12-01,61043.767201973504,33434.14301024852,94477.91021222202,7510.025807642051,421.4235219099732,25138.459716070385,20362.152370017007,1200.0,10800.0,1200.0
B1,2025-12-02,61391.42479923795,45236.35050163443,106627.77530087238,9657.884342279283,64.41853155512467,25175.973245617086,20392.53832894984,1200.0,10800.0,1200.0
B1,2025-12-03,62529.06720445501,29159.942228754655,91689.00943320966,7216.288302973182,255.654098560816,25011.32433118274,20259.17270825802,1200.0,10800.0,1200.0
B1,2025-12-04,61497.069412750614,32579.9720126867,94077.04142543732,7534.795386976679,182.75087648800982,24728.376481481482,20029.984950000002,1200.0,10800.000000000004,1200.0
B1,2025-12-05,17579.01972204298,15306.013920293977,32885.03364233696,5908.491574820514,286.7299071971508,23077.60160998189,18692.857304085333,1200.0,10800.0,1200.0
B1,2025-12-06,17532.790765138292,21576.57359689327,39109.36436203156,8326.604908581861,111.30505565095339,23422.23466034829,18972.010074882113,1200.0,10800.0,1200.0
B1,2025-12-07,63483.24262687826,25486.68396832951,88969.92659520777,6054.0732797829605,144.47504415491113,24064.143925306576,19491.95657949833,1200.0,10800.000000000002,1200.0
B1,2025-12-08,71431.83795157073,2862.368866778369,74294.2068183491,630.5946425741992,3489.7291953305867,24285.186009470646,19597.624130969176,1200.0,10800.000000000002,1281.529485224503
B1,2025-12-09,70890.28895961418,2133.3944838867433,73023.68344350092,505.54243897746704,4088.3444176717467,25561.0411906661,20735.422083866477,1200.0,10800.0,1247.108685861246
B1,2025-12-10,70646.30696150324,5283.31546048946,75929.62242199271,1200.1848083143052,2617.377558634059,23476.279997908743,19058.184615581195,1200.0,10800.0,1200.0
B1,2025-12-11,69607.42295967686,1955.891925164847,71563.3148848417,527.7254782735929,4803.7208032438175,23792.31067422649,19270.669168266882,1201.2249753961944,10800.000000000002,1201.2249753961944
B1,2025-12-12,21786.58190250758,2129.6029735445304,23916.18487605211,922.2199845244182,1936.9513541539231,21551.84281820967,17415.789775068813,1200.0,10800.0,1247.0059839306582
B1,2025-12-13,22288.701255693122,1618.70109364575,23907.402349338874,590.6500668056733,2003.2621403784178,21896.630629029314,17778.57619505134,1200.0,10800.000000000002,1200.0
B1,2025-12-14,71271.80543409991,2897.417287581731,74169.22272168164,583.1687837652426,1812.0758101758881,25903.65811270021,20981.963071287173,1200.0,10800.0,1200.0
B1,2025-12-15,71828.42620871608,2926.470830761746,74754.89703947783,756.2997867475763,2000.5461804152028,25514.668663473112,20665.023901781096,1202.0641284801409,10800.0,1202.0641284801409
B1,2025-12-16,71941.81743270106,1923.3965600598299,73865.2139927609,511.09887845213166,2215.713126471329,25109.89407987595,20340.871920331647,1200.0,10800.0,1200.0
B1,2025-12-17,71319.56520099755,3090.682811541585,74410.24801253913,753.9446539763153,3279.6763591079716,24099.192553875648,19520.345968639274,1200.0,10800.0,1200.0
B1,2025-12-18,69558.4056480786,5501.799866842297,75060.20551492089,1370.784606123509,3158.6531183987236,24084.828000439622,19508.7106803561,1200.0,10800.000000000004,1200.0
B1,2025-12-19,22298.131680220853,1725.8354967517648,24023.967176972616,664.4787393380697,3458.1943832657785,22415.944645025513,18136.542048579908,1200.0,10800.0,1222.636793211956
B1,2025-12-20,21964.728247173287,1127.9267681180288,23092.65501529132,499.94568830174165,2718.7373143856844,23002.95077363907,18623.552964581977,1200.0,10800.0,1232.4558621738092
B1,2025-12-21,70534.86557221889,5771.983789203626,76306.84936142252,1436.687410120427,2119.5048051768435,23739.6501958802,19258.326934619392,1200.0,10800.0,1200.0
B1,2025-12-22,72249.2769581836,3610.223283680507,75859.50024186411,922.2826059245331,2876.558551381874,23758.17593416908,19244.122506676955,1200.0,10800.0,1200.0
B1,2025-12-23,71453.752900782,1187.0893021130235,72640.84220289502,316.3726267016042,3969.3439068321727,24390.840092649814,19756.580475046354,1200.0,10800.000000000002,1200.0
B1,2025-12-24,70253.72521888289,4408.070198169523,74661.79541705242,887.7985888206575,3020.505823208895,24520.33296923416,19861.46970507967,1200.0,10800.000000000002,1200.0
B1,2025-12-25,70180.95913638038,7070.062271977761,77251.02140835814,1662.7408512924812,3199.004877853379,23187.13059322072,18781.575780508785,1200.0,10800.000000000002,1200.0
B1,2025-12-26,22250.480421226348,1663.626360526307,23914.106781752656,682.4131684871268,2527.8023891160383,21776.11287633516,17319.804655766067,1554.2741934060118,10800.0,1554.2741934060118
B1,2025-12-27,21161.322884620207,1670.780684685336,22832.103569305542,642.5240888030257,2108.9076639208924,23473.384352204386,19326.50979437031,1200.0,10800.0,1206.420338867395
B1,2025-12-28,70061.15063697667,4143.442201180946,74204.59283815761,1088.897229299567,4044.944442383156,24135.72621330542,19507.49034342177,1200.0,10800.0,1253.5846603736406
B1,2025-12-29,71153.4122978999,2443.8291446498356,73597.24144254973,658.0724651725217,4244.934161631537,23663.163933153504,19215.38898019062,1200.0,10800.000000000002,1200.0
B1,2025-12-30,69267.61714218132,2164.4355819534985,71432.05272413482,540.8589319423812,4003.217948832649,24276.436180787583,19663.913306437942,1200.0,10800.000000000004,1200.0
B1,2025-12-31,69486.58788465399,6273.542024616366,75760.12990927034,1456.7740847575974,1703.493184397736,25738.067706353046,20847.834842145967,1200.0,10800.0,1200.0
B3,2025-02-01,22436.676180414666,100.0492836206183,22536.725464035284,56.57079330286268,15144.860492433796,15301.828221619671,14825.670711464538,1209.7760767452207,9417.056761904763,1209.7760767452207
B3,2025-02-02,62587.48241268859,67.58618848095271,62655.068601169536,21.883695917317873,6786.291420782137,20977.455674958117,16910.378092917916,1209.7760767452207,10341.627334332592,1300.1771920765138
B3,2025-02-03,66853.96477366521,1786.7248969972975,68640.6896706625,423.4415442159119,7535.660634749826,19175.402847911366,15622.23577967707,1200.0,9692.85324925926,1200.0
B3,2025-02-04,63872.233266935335,7269.766664876645,71141.99993181198,1675.5359015785905,6032.412760084182,22378.070361494014,18008.03008263803,1200.0,10262.311215990732,1331.3410113023613
B3,2025-02-05,65730.78373507399,2768.9072252433966,68499.69096031738,580.5208969542073,6128.505666331916,22667.85740318793,18401.8886125639,1200.0,9654.035256422014,1285.869771322719
B3,2025-02-06,65941.65202383339,2062.909697599145,68004.56172143253,456.7975288070103,6755.573333134873,20864.310166818817,16921.13700584148,1200.0,9731.882098481869,1262.4855816357936
B3,2025-02-07,20491.54056286471,515.2462607757777,21006.786823640487,111.16871059455136,11188.491212615052,19492.597283200772,15801.734664233247,1248.340176257327,9588.494785714289,1248.340176257327
B3,2025-02-08,15797.801144836441,3231.6336105136465,19029.43475535009,1122.415777523568,4337.892290711018,20286.767948247034,16445.154150087266,1200.0,10377.613754921384,1234.0378295826915
B3,2025-02-09,58697.20257978501,11307.178228870205,70004.38080865522,2657.8189106206087,2936.2319685643383,22382.88091990597,18160.767591748256,1200.0,10387.826149941491,1200.0
B3,2025-02-10,58359.52767146203,1147.9206884747016,59507.44835993673,424.08061539223144,7636.076412702151,20774.32501159034,16827.203259388174,1200.0,10328.024594252183,1200.0
B3,2025-02-11,60354.38628308531,2291.5639138045326,62645.95019688984,516.8232431251338,6972.828610888273,20307.47052837086,16449.051127980398,1200.0,9684.790332085757,1200.0
B3,2025-02-12,57065.790206684636,4123.268166900241,61189.05837358488,910.5011127070676,5338.5264789365865,21807.277824215267,17663.895037614373,1200.0,10292.560555496291,1200.0
B3,2025-02-13,54781.20709182074,3572.1931580555993,58353.40024987634,937.7066929774072,7202.156252762893,21228.72990244971,17195.271220984276,1199.9999999999995,10361.003345198444,1200.0
B3,2025-02-14,15226.904381764685,2879.11022598255,18106.014607747235,1375.3287680227531,4540.795355101534,20302.395802785602,16444.940600256337,1200.0,10359.077823203384,1200.0
B3,2025-02-15,15043.700006708383,4794.79942741366,19838.49943412204,2076.359651872868,4798.960238018811,18734.049596178753,15174.580172904789,1199.9999999999998,10357.767229693813,1200.0
B3,2025-02-16,55558.46546215975,13596.83472996839,69155.30019212814,2999.733264733414,3628.737056874195,21104.00352023022,17094.242851386476,1200.0,9532.74414123852,1200.0
B3,2025-02-17,53212.67143577555,3056.765245602043,56269.43668137759,736.5091530367304,4913.61382717098,20985.456489998563,16965.76057656041,1200.0,10379.703620279375,1236.0657559315896
B3,2025-02-18,55200.39041699521,5085.291129363629,60285.68154635884,1179.9915909959714,5736.5796758235865,19514.02549735435,15838.81983319545,1200.0,9585.281923021774,1200.0
B3,2025-02-19,51489.16120551424,10157.445815364847,61646.607020879084,2464.1216613555152,3420.1310202248146,23688.564004147713,19187.736843359657,1200.0,10344.153047386912,1200.0
B3,2025-02-20,52151.97782604113,5780.5468202203165,57932.52464626145,1304.3471984766795,4189.640918985636,22161.608795069613,17950.90312400639,1199.9999999999998,10282.709631487643,1200.0
B3,2025-02-21,14726.81432696422,922.3621161620861,15649.176443126305,516.4077185763387,6625.618603476103,20020.18655167395,16216.351106855911,1200.0,10469.070528097747,1200.0
B3,2025-02-22,14719.832337585673,4642.504089023569,19362.336426609243,2028.6132789654573,5730.306449339542,19437.237520508654,15744.16239161201,1200.0,10391.13328425768,1200.0
B3,2025-02-23,50533.84323861679,9364.716636399575,59898.55987501637,2315.206533236719,3364.221585494706,21187.27883629923,17161.695857402377,1200.0,10413.71468994637,1200.0
B3,2025-02-24,50216.33001734552,2379.0023697783317,52595.33238712385,542.6798008218614,4710.4978885200135,21872.112508548693,17709.6979935283,1200.0,10310.718745576958,1207.4590426623763
B3,2025-02-25,49115.395585572136,2462.69241226447,51578.0879978366,618.5438014697787,6670.8258456673875,19186.701781787997,15540.713545512714,1200.0,10375.677447271337,1208.03115125743
B3,2025-02-26,48565.99974566522,5328.630374717072,53894.630120382295,1391.0187747016112,2367.496135871128,21779.7268710082,17617.312854046195,1202.420069003989,10372.976718841266,1234.993275113478
B3,2025-02-27,46048.09640694688,9342.723469937393,55390.81987688427,1876.330704798613,3097.6292089290705,22219.11527034608,18001.488785852634,1200.0,10415.4050837561,1230.5428119220526
B3,2025-02-28,13821.873274881938,2239.1427338519534,16061.016008733892,1004.3955269996221,8414.204327063206,18787.96164592515,15220.95888842669,1200.0,10466.386963252982,1227.5317505583591
B3,2025-03-01,13558.921160730608,1960.0456550441859,15518.966815774795,684.2355804994563,7349.4014076662315,18641.103494506326,15068.912752803786,1200.0,10541.4550494297,1261.288503609844
B3,2025-03-02,46439.48608818387,29246.79529533707,75686.28138352094,7557.104642990612,2557.935875515679,25043.33098043603,20340.25774740205,1200.0,10359.540888827583,1200.0
B3,2025-03-03,47213.62917255077,18786.721000564132,66000.3501731149,4830.8662538194885,965.9846026706061,23917.517796167565,19373.189414895725,1200.0,10542.873738804155,1200.0
B3,2025-03-04,48493.80964607929,3349.721874292674,51843.53152037196,1119.3119716970998,2134.6591118499828,22439.896081504427,18176.315826018592,1200.0,10402.894983069134,1200.0
B3,2025-03-05,47503.064821339976,1679.4742165892803,49182.53903792926,411.63392208114675,4834.36368554052,20847.764048372283,16886.68887918157,1200.0,10485.274592712582,1200.0
B3,2025-03-06,46450.18623338688,4090.3460808163327,50540.53231420321,1090.6706754632758,3449.0401908378662,21258.482445630183,17219.37078096044,1200.0,10501.95650614242,1200.0
B3,2025-03-07,13278.668110317914,968.4841144545936,14247.152224772508,388.2693785599501,9223.416711529759,17596.351787599575,14216.736724835695,1200.0,10410.721476256,1240.3424701332794
B3,2025-03-08,12805.157137087826,2059.5800105533754,14864.737147641203,1057.789733575528,10400.423423839176,18745.53660643276,15220.192874330487,1200.0,10360.947543425678,1200.0
B3,2025-03-09,45807.9384117927,2876.190577414415,48684.128989207115,953.0896007731764,6084.609441250789,21052.035618662976,17052.148851117014,1200.0,10462.36353970698,1200.0
B3,2025-03-10,44755.203837914545,13019.53649271516,57774.740330629706,4133.134004627458,787.6606247129688,22386.36778267493,18105.820355393247,1200.0,10395.35220334614,1230.1528317482764
B3,2025-03-11,43779.288449497915,4852.415638328822,48631.704087826736,1115.9491423186566,2433.8271825287234,20232.19477001046,16321.98841128291,1210.0925026746422,10431.521589656097,1303.5854455545082
B3,2025-03-12,42346.90632288641,4252.758047764742,46599.664370651146,1145.5993857713374,2539.534021428087,21520.219329671258,17524.267293115117,1200.0,10444.115552804711,1200.374738797408
B3,2025-03-13,41566.29287493127,23626.54666008566,65192.83953501693,6427.71389661145,240.91838656389402,21901.02810336009,17740.17002863934,1199.9999999999998,10430.539254795269,1200.0
B3,2025-03-14,11688.302909814402,3531.1948010201722,15219.497710834576,1399.2136399611484,12268.46824383073,18763.81853787665,15183.26239873125,1200.0,10373.81008955032,1217.1451299431512
B3,2025-03-15,12441.66095750591,4679.535546440971,17121.19650394688,1827.596958658757,8615.084404257053,17463.204806688245,14160.62651036632,1200.0,10388.988776130773,1200.0
B3,2025-03-16,42526.08910677797,8372.34499787258,50898.43410465054,2423.3282155026313,3444.332331039316,21885.32018051745,17727.10934621914,1200.0,10325.98057698207,1200.0
B3,2025-03-17,41579.43819874088,1053.9007388543075,42633.33893759519,330.0909813443695,6916.357431249435,18589.46370287199,15057.465599326317,1200.0,10363.637453023766,1200.0
B3,2025-03-18,39438.305501865805,9876.264502977807,49314.57000484361,2201.7592476236364,1279.2085851555573,21902.28311625548,17740.849324166942,1200.0,10599.659880856922,1200.0
B3,2025-03-19,39306.78635812801,4073.3751580792823,43380.16151620729,1011.5837147014589,1790.8063451225644,22377.181607191556,18095.336375389536,1200.0,10377.572955870988,1233.5341404840335
B3,2025-03-20,40438.71888349301,9287.581365501734,49726.30024899475,2879.6600606347147,1443.2221854810489,21488.76279551696,17436.078590804365,1200.0,10364.836420721884,1200.0
B3,2025-03-21,11493.760545718436,1842.4094578695647,13336.170003588,906.2563136768692,15078.753354391596,17946.5861551068,14536.734785636503,1200.0,10509.49033866594,1200.0
B3,2025-03-22,11792.342007277108,3231.9075014012105,15024.249508678316,1568.9282838904624,12661.314430756487,17827.514038213576,14440.286370953,1200.0,10424.920660220165,1200.0
B3,2025-03-23,39378.26257698776,8043.723326402126,47421.98590338989,2140.983280463072,4095.9897244725657,20784.568780038502,16807.21599975893,1200.0,10407.97737989436,1231.4274578580596
B3,2025-03-24,38222.43734497635,3301.414833051665,41523.85217802802,1111.9021700563867,1471.9649270255811,22358.959050343452,18139.041542850442,1200.0,10537.630749640826,1200.0
B3,2025-03-25,37925.18117177538,14850.243777656759,52775.42494943214,4494.869484590974,1679.8828044685465,20760.846546277906,16807.081173565977,1199.9999999999998,10332.318333302974,1210.227254354574
B3,2025-03-26,38038.54467162663,3831.1844565889705,41869.7291282156,1033.0798081801456,4326.383152039365,20170.78784697046,16347.542684965198,1200.0,10386.93356228122,1200.0
B3,2025-03-27,36969.02183287283,9369.342299674192,46338.36413254702,2649.8448213814945,891.3952516255307,20919.592894544407,16944.87024458097,1200.0,10330.186048947571,1200.0
B3,2025-03-28,11569.535961066102,1043.722351031201,12613.258312097303,482.9320893064744,16241.83401054431,17190.383737414122,13924.21082730544,1200.0,10432.454216347858,1200.0
B3,2025-03-29,11282.077900484692,1837.2685566748876,13119.34645715958,700.1018514387952,18877.43802871297,15659.949690035663,12684.52451121221,1200.0,10433.607545618,1200.0385974629835
B3,2025-03-30,35598.0114847833,5264.504655560153,40862.516140343454,1813.0184344140257,1654.3261553609216,21621.3141212443,17513.29917592457,1200.0,10426.08415368588,1200.0
B3,2025-03-31,36007.62610863441,13712.165644402341,49719.791753036756,4194.072483215947,2670.218241259104,20041.61337836546,16164.204544221027,1200.0,10432.048901708566,1277.224769172214
B3,2025-04-01,38136.143686002026,16154.95993899413,54291.103624996154,5175.5417539887385,3089.0730731685317,19746.206253976117,16063.92935797565,1200.0,10376.679394600187,1200.0
B3,2025-04-02,37576.30507699372,20273.732475491557,57850.03755248527,4917.302503375672,2775.874853247199,19770.85863059623,15986.410390684296,1200.0,10511.879923770137,1231.094555665172
B3,2025-04-03,38403.67582180438,10666.660992485202,49070.336814289585,2617.602849249084,6630.58120903965,20734.676849607597,16823.073348280806,1200.0,10456.58090173392,1200.0
B3,2025-04-04,10934.160112519281,1014.3601517791172,11948.520264298397,530.8519558332256,19579.734289577103,14935.874392142792,12057.85727365968,1200.0,10538.063549460796,1244.6677599733116
B3,2025-04-05,11136.25658494588,6010.545979169734,17146.802564115613,2695.567830167107,16188.285411041103,14744.072243321154,11972.236380372702,1200.0,10376.300476446628,1211.8479118815742
B3,2025-04-06,36901.162009941116,4494.609759078163,41395.77176901928,1298.1120093496909,4177.76113018524,19201.17771681081,15561.822475914034,1200.0,10378.392611410538,1201.9939948845963
B3,2025-04-07,37173.974416260644,4621.180773609603,41795.155189870246,1658.5927959484375,7083.478369840496,20669.406987973904,16744.014255654987,1200.0,10464.01930899637,1200.0
B3,2025-04-08,36988.34883718587,8697.06611579892,45685.414952984785,2017.391076396909,6348.144990582319,20476.035003493627,16585.58835282984,1200.0,10513.929581328644,1200.0
B3,2025-04-09,36010.03167479288,17418.40302127315,53428.43469606603,5409.298915832213,2614.305133029638,20340.80632457717,16476.05312290751,1200.0,10522.090891988077,1200.0
B3,2025-04-10,36627.08873848455,7322.21321861645,43949.30195710099,1771.8119554496084,5078.780737297459,19705.75872712977,15894.36987461465,1200.0,10383.707274621782,1274.771882622737
B3,2025-04-11,10821.489422283965,1016.3687766812236,11837.858198965188,571.7913514423883,20459.457087677834,16198.524201256796,13188.09929737847,1200.0,10527.495725213366,1200.0
B3,2025-04-12,10651.477313880345,1710.2944291913166,12361.771743071662,893.9158685597043,17624.194602795706,15928.494512752004,12902.080555329134,1200.0,10394.854119934798,1200.0
B3,2025-04-13,35900.176081834674,7163.297370921186,43063.473452755854,1873.4462350840383,3731.0911298337396,20426.902135644432,16543.474085644393,1200.0,10282.678059077694,1202.5740491417714
B3,2025-04-14,35821.531128188755,3542.0382751504103,39363.56940333917,1021.4968505579131,5660.939267000121,19898.694837560924,16120.25946265194,1200.0,10496.023406544657,1200.0
B3,2025-04-15,35213.44428703298,5411.727617831787,40625.17190486477,1701.3396626327703,7783.696877346847,19732.890037443598,15948.614889386046,1200.0,10551.413615024276,1238.9178232702943
B3,2025-04-16,35894.4021957281,8475.126589541424,44369.528785269526,2592.148752471479,2923.171427795511,19164.165918487066,15558.000434917787,1200.0,10492.040906418062,1200.0
B3,2025-04-17,34477.74397209445,7614.817452748777,42092.56142484323,2202.2871217031975,3833.3656761045563,19155.487214013996,15515.944643351335,1200.0,10541.980507414224,1200.0
B3,2025-04-18,10581.946428554804,1896.496313784403,12478.442742339206,951.9050195483212,19365.59153654713,14957.943866357202,12065.098413925758,1200.0,10582.944584807872,1256.484575359526
B3,2025-04-19,10410.81692095696,1458.9285653484772,11869.745486305437,669.9046044891361,18113.598418820922,14859.414409056923,12086.96178915968,1200.0,10328.980212636205,1200.0
B3,2025-04-20,33888.08790686341,6971.240566657842,40859.32847352125,1879.8960023982572,3258.393575749623,19733.893188959264,15984.453483057006,1200.0,10536.195303970231,1200.0
B3,2025-04-21,34575.44119584811,1193.2437444192014,35768.68494026731,482.5362563581129,7677.89261792492,18749.257549415473,15185.320259448901,1200.0,10495.940981876003,1201.753728419599
B3,2025-04-22,34313.6455977311,8121.371178280384,42435.016776011485,2836.792658044715,4632.750808162596,19434.192303646512,15743.274121531304,1200.0,10495.029650779186,1200.0
B3,2025-04-23,34231.02051853885,5644.110621026432,39875.13113956528,2004.6272178649392,4333.495630224572,20034.216922907068,16197.273060503305,1200.0,10511.428839953114,1233.8251633904626
B3,2025-04-24,33341.38928481949,2390.539776678749,35731.92906149824,831.3498161033342,6190.199307399891,19491.371452637173,15818.453523687525,1200.0,10494.115451474849,1200.0
B3,2025-04-25,9574.12826147438,893.757869164171,10467.88613063855,401.4075088843051,21816.82879156971,16014.734389401841,12971.934855415486,1200.0,10556.1216662672,1200.0
B3,2025-04-26,9682.752196662846,5914.635225788957,15597.387422451804,2603.8396009414423,26092.984865680308,16575.269680943707,13420.702390238741,1200.0,10275.959732089612,1205.851168139625
B3,2025-04-27,31155.34424736538,12451.687678355836,43607.03192572122,3065.6529809803937,4586.414756229781,18814.222133709834,15244.785979630617,1200.0,10339.641524792283,1200.0
B3,2025-04-28,32957.66955461942,25665.000986947467,58622.670541566884,7954.56384283565,2784.2244155811254,19431.67126949902,15721.952128014598,1200.0,10534.825253547097,1219.668444755117
B3,2025-04-29,32696.010723063464,4710.837325014638,37406.8480480781,1155.0638706160619,6909.9171169168685,18901.66546269632,15328.05062506362,1200.0,10642.712136448295,1200.0
B3,2025-04-30,31643.326826234967,5501.335727419075,37144.662553654045,2248.3772632417513,4353.183450250914,19451.782822350207,15755.944086103675,1200.0,10518.0098595015,1200.0
B3,2025-05-01,32323.94495531462,25165.31419546032,57489.25915077494,5524.133658124438,4945.798869941906,18500.878695061387,14985.711742999725,1200.0,10460.321545168952,1200.0
B3,2025-05-02,10020.062076075312,21011.14613448814,31031.20821056345,7198.070250495687,15747.219913885536,16136.411232600798,13070.493098406645,1200.0,10502.660752463413,1200.0
B3,2025-05-03,9942.245809134063,14889.605902502219,24831.851711636282,4553.47493266517,18873.082325397812,15559.712126271495,12603.366822279913,1200.0,10379.886720213051,1200.0
B3,2025-05-04,33759.3304482266,16908.58991359623,50667.920361822835,4077.1104728132013,4734.199067548964,17756.02545375342,14382.380617540266,1199.9999999999998,10386.213050389018,1200.0
B3,2025-05-05,34130.69642777849,23708.776243009594,57839.472670788076,5282.302767969607,3477.953533753332,19192.395254314855,15545.840155995027,1200.0,10463.070610008832,1200.0
B3,2025-05-06,34662.2154374882,20900.10812784723,55562.32356533543,4667.808609865272,5827.075041691034,18755.355916080414,15191.83829202514,1200.0,10394.174178398329,1200.0
B3,2025-05-07,35758.80104309758,22552.485516864246,58311.28655996182,5013.330895083582,5030.990422529644,17185.215888230043,13910.569084987854,1199.9999999999995,9372.01252942092,1210.5064271983092
B3,2025-05-08,38962.91896029615,9694.525504892117,48657.444465188266,3025.8844084133198,5467.207095876678,18443.474058695334,14939.48079101871,1199.9999999999998,9563.913258979968,1210.209978892206
B3,2025-05-09,13458.68457942301,1302.3481309109798,14761.03271033399,555.2315334855556,20318.14447390613,12872.047588069616,10394.62389434896,1200.0,9751.47025883784,1245.470703322684
B3,2025-05-10,12292.743579867329,4847.755910515106,17140.499490382434,2320.269796566999,16749.819439857165,15415.720020000223,12505.45429897576,1200.0,10554.053362175524,1224.6695002387116
B3,2025-05-11,36892.3628821542,9833.291319868315,46725.65420202252,3211.8122291545797,3875.2954298380196,19860.586481292412,16109.277600061696,1200.0,10482.809736454865,1200.0
B3,2025-05-12,39876.92939601632,4481.51294863865,44358.44234465497,1530.4418062652344,9836.749631547142,15357.304704305685,12398.49317749719,1200.0,9175.472413069834,1245.470703322684
B3,2025-05-13,37844.842386500095,704.0337245359896,38548.87611103609,325.50973656736403,5024.989842218603,19121.959311430317,15445.95533577583,1245.470703322684,9679.657896315712,1293.061488303491
B3,2025-05-14,38957.93751980967,1882.882591091021,40840.82011090069,579.0439310516133,7248.335158247883,16098.59884264629,13123.620402016637,1200.0,9205.89169932846,1200.0
B3,2025-05-15,37916.44512699706,7275.379209177906,45191.82433617496,1907.9622017935553,6647.468080227018,16879.40845789241,13626.950205477886,1200.0,9420.217601616472,1250.411828238853
B3,2025-05-16,12608.39081869817,1021.8643543140455,13630.255173012216,569.7172759360789,24830.90315295486,13481.11023899995,10965.069939004927,1200.0,9842.51182216311,1200.0
B3,2025-05-17,11562.983229944242,6625.883934293984,18188.86716423823,2809.2795629746324,17754.45851160833,14228.864134174053,11525.37994868099,1200.0,10442.14662608587,1200.0
B3,2025-05-18,36415.830336445346,8624.895200292744,45040.725536738086,2532.101935036662,4655.217848483273,17894.637778546818,14472.93527551814,1200.0,10293.413277432002,1224.1348056719758
B3,2025-05-19,36456.1453815829,2490.8380716381093,38946.98345322101,570.8107913573627,9020.700159658107,17962.599907208205,14571.427249943425,1200.0,9601.736640082074,1200.0
B3,2025-05-20,36532.98350935689,11186.786728584906,47719.7702379418,3594.64107809167,4531.4784020144025,16948.014335317,13727.891611606774,1200.0,9618.903082714332,1200.0
B3,2025-05-21,36236.26428009335,3447.126309010179,39683.39058910353,993.4482023859536,5602.7905746008655,18404.84474973989,14907.92424728931,1200.0,10552.388546149485,1200.0
B3,2025-05-22,35228.75120227864,7318.667570406762,42547.41877268541,1776.5108845879593,6432.8985800547225,16818.960715588135,13620.2311237596,1200.0,10463.84625017042,1203.4745065186517
B3,2025-05-23,11089.656248925905,3597.385159638226,14687.041408564131,1681.8275632988957,19931.615442008675,14972.26952173739,12092.655333609964,1200.0,10648.977365449433,1242.2333720712309
B3,2025-05-24,12761.191166229266,734.8568936152934,13496.04805984456,378.63287302054215,23306.268372059076,12618.164334459529,10217.383790504122,1200.0,9787.373192509604,1245.9326169691149
B3,2025-05-25,34742.182766072445,3999.450628336949,38741.63339440939,898.2837966901355,6701.579044403178,19050.278263904333,15410.154628258755,1200.0,10366.250093625997,1268.789023084398
B3,2025-05-26,34701.06549109704,14426.5796474363,49127.64513853334,4916.379802262686,3852.864503766326,19120.21386784851,15473.974292348952,1200.0,10385.62422336625,1283.6767348714416
B3,2025-05-27,35970.65509416176,464.8322020348511,36435.48729619662,202.18591479410927,6099.04154052427,18887.108510028775,15335.653732661382,1242.4591353846956,9837.328098356593,1242.459135384696
B3,2025-05-28,35904.10191921605,10657.71898377347,46561.82090298952,3387.37882530662,5665.063953466706,17278.806900862528,13996.873928111385,1200.0,9957.609012504608,1241.3032038149854
B3,2025-05-29,34566.79147770328,16629.587676001607,51196.37915370488,4597.586916819385,3827.80083180986,17607.33560881803,14299.11472657609,1200.0,10354.496457327312,1200.0
B3,2025-05-30,11300.032734728084,5180.533715139234,16480.566449867318,2119.085602911409,20492.769539334615,15414.593109227535,12485.8204184743,1200.0,10591.775361740967,1200.0
B3,2025-05-31,10664.366442994204,5937.102341566169,16601.468784560373,2767.9954125875374,19171.868168239882,18176.032903915107,14722.586652171236,1200.0,10574.447325659345,1200.0
B3,2025-06-01,39009.38123894815,79005.70303728101,118015.08427622917,19142.55111498005,3622.835078586347,16798.09596479588,13606.457731484663,1200.0,10011.564524512238,1200.0
B3,2025-06-02,39695.87416517427,66703.64815314426,106399.52231831852,15224.959108607407,3115.863686686811,17096.46263575299,13848.13473495992,1200.0,9303.160124315951,1200.0
B3,2025-06-03,42578.59522637712,48022.9856876519,90601.58091402901,11274.731499658763,3290.0382261633035,17711.358686565236,14346.200536117838,1200.0,9033.429378963743,1200.0
B3,2025-06-04,44261.665026289695,45326.73284487729,89588.39787116699,11605.700553708763,4384.307927190969,19246.651438874018,15589.787665487955,1200.0,9296.31794892576,1200.0
B3,2025-06-05,47149.845522226235,43122.47264513825,90272.31816736449,9993.631070662705,4751.690349706189,18231.49205716778,14767.508566305902,1200.0,9213.669268524438,1200.0
B3,2025-06-06,16029.43284396362,37605.88259328153,53635.31543724515,10879.496812954249,10154.640063673056,12002.326828591686,9721.884731159267,1200.0,9209.665590192484,1200.0
B3,2025-06-07,15377.97726324812,25319.367842833497,40697.345106081615,7958.262492179284,5808.542931060505,13801.209891831933,11170.188210168772,1200.0,9527.422886385686,1209.768669127881
B3,2025-06-08,54672.45931191853,678.0692961334548,55350.52860805198,209.86063341415286,12702.132096031413,15832.75718149422,12704.418933863597,1200.0,10199.209266016313,1343.2290948464629
B3,2025-06-09,62643.88440212374,3677.1046028874885,66320.98900501123,868.9240674742114,16033.3820612241,17514.463722193403,14315.621800338473,1200.0,9286.908992820516,1200.0
B3,2025-06-10,62508.82245969091,3420.8663378475585,65929.68879753847,758.7005587665376,15101.49920653363,18140.93947973157,14686.591546045509,1200.0,9359.98880626766,1208.410480596736
B3,2025-06-11,62232.33334853551,20277.040683470175,82509.37403200568,4099.8148525463985,13413.906714053508,17871.407647426055,14447.077186836443,1200.0,9344.023561548132,1240.3693779063651
B3,2025-06-12,62786.50397658075,3712.2490665169335,66498.75304309769,811.5697223014911,14201.038137764635,18236.788391554655,14772.277931931503,1200.0,9430.773640374618,1239.8367837149951
B3,2025-06-13,21035.48109020457,503.61726345536977,21539.098353659938,198.5861796729997,9292.699423793149,13105.012651832832,10363.116247368562,1200.0,9694.75996868297,1519.7745621772438
B3,2025-06-14,18970.358853128633,1883.74633330162,20854.105186430254,1124.0300281470604,9453.331972253258,15915.445184029006,13119.755223193662,1200.0,10532.91590770095,1266.1694242548351
B3,2025-06-15,56539.582127716836,295.09687720947875,56834.679004926315,118.17261698674002,7643.14128092563,19721.28207145553,15709.416733846367,1200.0,10503.7574828697,1560.4158065132845
B3,2025-06-16,59482.571146756396,3577.9257189482837,63060.49686570468,909.1163211266428,9715.988583261102,18813.530689181873,15563.334084099273,1200.0,10172.944888712806,1200.0
B3,2025-06-17,57841.15526316645,11893.54118461265,69734.6964477791,2908.8989823027064,7910.2001040682135,20761.755294554725,16817.02178858933,1200.0,9250.376976862177,1200.0
B3,2025-06-18,58450.07757486697,2050.734780424114,60500.812355291084,586.2758680555555,9763.291598709551,17260.00342138207,13770.10073779091,1200.0,9361.713716917671,1433.8911483650772
B3,2025-06-19,56449.892296687314,1578.1909728305725,58028.08326951788,523.8919913582757,10770.320517877812,17875.179240439247,14689.397218284357,1200.0,9392.17369192979,1200.0
B3,2025-06-20,19957.354862410793,144.3106772345304,20101.665539645324,78.0595560482706,13033.722614407467,13560.209225209519,10545.813683309983,1200.0,9487.405027218649,1686.6175434552574
B3,2025-06-21,17613.719039765387,619.5771737991365,18233.296213564525,310.55903433685427,14160.396176424521,13883.40909250431,11631.887191312788,1200.0,10415.123235782465,1257.3666252504847
B3,2025-06-22,53133.49504083472,6498.003077485159,59631.49811831988,1841.9427256354918,8731.137475037083,20286.472138754165,16483.67239511631,1200.0,9524.267257741898,1200.0
B3,2025-06-23,54959.23361376261,2187.6474304591657,57146.88104422178,625.4895139068645,10277.792667169251,18969.41930329706,15151.173910591779,1200.0,9325.27778805338,1437.8396945320433
B3,2025-06-24,54589.6116316466,37319.802932696395,91909.414564343,8416.226010094255,6284.28270079788,18871.817710433494,15207.028277072952,1200.0,9425.825596832448,1525.777548285571
B3,2025-06-25,53696.21929135654,8337.861728702062,62034.0810200586,2217.583123215981,6859.120592159767,17973.13434786308,14723.27728973485,1200.0,9460.555134937522,1342.4014727680642
B3,2025-06-26,54041.91962837152,6719.774230929956,60761.69385930148,1487.771968351809,10657.656549264682,18178.550639147095,14852.787343200405,1200.0,9413.653084272555,1200.0
B3,2025-06-27,17750.989069686297,711.3981432517917,18462.387212938087,285.03097573348174,13704.018652315224,12838.663306705059,10295.645359137574,1200.0,9890.17619131385,1315.191021437253
B3,2025-06-28,16791.68937799568,1310.5925350101597,18102.28191300584,470.3208189078863,10552.325064679662,13343.290855406049,10890.01831895644,1200.0,10291.881897469786,1224.1324369066556
B3,2025-06-29,51098.40850753277,6685.563483985713,57783.971991518476,1957.1195804226227,5113.929233309587,19176.51812095972,15478.817272554354,1200.0,10500.029241946606,1284.3128873766784
B3,2025-06-30,56645.19581504016,4500.170468949773,61145.36628398993,1144.9042035403186,10823.711241808796,18161.41569765312,14786.628313738041,1200.0,9553.694571523023,1200.0
B3,2025-07-01,64858.232481079984,24207.44744295892,89065.67992403891,4963.95780566563,9901.895822622813,17132.590306050864,13877.398147901204,1200.0,9467.014860724745,1200.0
B3,2025-07-02,63229.49747237698,23276.961163181528,86506.4586355585,4559.77447460156,13949.574619515406,14906.74056803649,12074.459860109559,1200.0,9332.33767935512,1200.0
B3,2025-07-03,60412.02423590492,45260.106506739896,105672.13074264482,9304.680751963122,6135.616114359013,16464.13043685215,13335.94565385024,1200.0,9024.442247026189,1200.0
B3,2025-07-04,22790.13049931292,27796.201989527166,50586.33248884009,7474.830962333571,15758.937772973793,10730.252501087643,8691.504525880991,1200.0,9017.633067623628,1200.0
B3,2025-07-05,19805.389940635785,32763.896837739947,52569.28677837573,9143.07664744776,13780.43643430591,13179.793893312972,10675.63305358351,1200.0,9730.346159415923,1200.0
B3,2025-07-06,51438.645355749126,73885.30041771756,125323.94577346668,16410.281921974543,2570.7188199237153,20801.112643697754,16848.901241395182,1200.0,10276.749098782377,1200.0
B3,2025-07-07,59846.12481548622,20858.23186551033,80704.35668099654,4445.466391212292,8387.686665009467,16335.354844635462,13231.637424154724,1200.0,9193.05444839876,1200.0
B3,2025-07-08,70988.93320339707,2570.0970884446497,73559.03029184171,655.9195279579676,14569.530589189108,17657.28324326054,13947.42460665836,1200.0,9386.596134685102,1594.4164670918617
B3,2025-07-09,72981.27742151142,1477.7258677384625,74459.00328924989,367.6430958005459,19362.323873813642,15684.332014297968,12580.207138812379,1594.4164670918617,9404.269609527104,1732.3073479462787
B3,2025-07-10,69303.25585373282,1468.6575290569212,70771.91338278973,426.84281836221646,15652.289363076232,16436.530714673212,13723.652974925562,1200.0,9363.87598718028,1276.68168567932
B3,2025-07-11,31739.761666489525,1681.9335947543937,33421.69526124392,751.4363307784132,17544.979452733427,11820.330517092603,9015.610924939301,1200.0,9441.035746097066,1897.6336789078828
B3,2025-07-12,25710.922592150793,720.5160342194108,26431.438626370204,233.43976388151805,11523.38070924231,13684.713630796134,11635.14397533751,1200.0,10479.992218519505,1285.9381962493887
B3,2025-07-13,59871.247255256334,1055.6700024511563,60926.917257707486,190.1311510018442,10212.049233891934,18656.51917505615,15038.140342608645,1260.5845077998065,10607.306231379343,1367.760628679208
B3,2025-07-14,71451.62010720931,882.8817228957565,72334.50183010506,142.93436991148081,21447.39998154044,15702.188701830817,12869.757414294254,1200.0,9425.763834013203,1200.0
B3,2025-07-15,69288.55635325483,1431.2368871269623,70719.79324038178,451.8767106045587,17076.54929662433,17058.560841707374,13797.91355597632,1200.0,9348.379142343556,1221.6896953407252
B3,2025-07-16,66804.53251043959,2099.5517963923553,68904.08430683195,560.881806708114,13686.41190280906,16603.669382144406,13263.4551506651,1200.0,9410.673739333646,1427.8197496428024
B3,2025-07-17,67026.84579543033,9652.234560661544,76679.08035609189,2027.6729079449904,15891.159460808882,16632.21329178906,13677.13054102766,1200.0,9373.44414999216,1200.0
B3,2025-07-18,24588.626762795564,2439.4707046693197,27028.097467464882,1128.474679235799,10096.681149053255,13757.029812713825,10525.558815572827,1292.0233000780215,10800.0,1886.2614808059643
B3,2025-07-19,25608.225543578767,1338.7393914680067,26946.964935046773,523.6002471074754,15511.40241360931,14557.782397582288,12409.439074767028,1200.0,10153.18960684424,1200.0
B3,2025-07-20,58858.308073829256,4560.673509658065,63418.98158348732,1217.4942656681806,5952.386424090849,19031.402259031584,15285.2201173382,1200.0,10497.543826366416,1344.6841249748716
B3,2025-07-21,68612.12849688125,2433.2594233725035,71045.38792025375,680.5882041315945,12797.876521568503,16151.338051449033,12626.699478604096,1258.4558507470604,9362.3444188027,1851.2222839411156
B3,2025-07-22,65289.976620115245,3931.181706561504,69221.15832667674,1065.1164338144727,11555.87411497458,16949.474063082256,14315.174046643631,1200.0,9497.164852653135,1200.0
B3,2025-07-23,69941.86713841026,2608.0737621490234,72549.94090055929,628.4578150742173,16411.117753732193,17268.516480725502,13743.429361078202,1200.0,9352.917380509029,1471.1877647882864
B3,2025-07-24,65956.69411180478,9389.54169277768,75346.23580458247,2193.6022718272898,13290.59951696651,16342.078002553695,13265.203804364903,1431.929975960773,9362.344418802695,1439.9426289033856
B3,2025-07-25,28622.729914628875,271.11454692678274,28893.84446155566,131.3294964776019,20201.931767103542,12276.342816301665,9765.010631957208,1200.0,9502.337509578154,1638.6393502890987
B3,2025-07-26,24234.060003625356,958.9301039583147,25192.99010758367,549.6496849195655,12354.92938308391,18033.119707767062,14938.54230556838,1208.1585726231965,10605.956335015546,1270.066747759005
B3,2025-07-27,59387.174328665424,14579.498173991406,73966.67250265683,3215.2644001316676,7517.250581610846,20022.18863680735,16229.329844674521,1200.0,10428.262511755504,1257.4478045806034
B3,2025-07-28,66515.40099920779,13447.529391229553,79962.93039043735,3219.5214169711453,10058.248712287505,17511.06638600991,14235.666796790569,1200.0,9383.3827532322,1200.0
B3,2025-07-29,63684.725489273944,3231.687431809041,66916.41292108299,878.0830106921456,6405.711387844297,19748.866955687416,15740.181697981321,1200.0,9943.754611572282,1484.8894845838722
B3,2025-07-30,62807.5669625171,3525.4458463294613,66333.01280884656,739.7662147975801,5532.478715578848,17909.97150443404,14425.386158776806,1237.5549064950535,9544.927484638383,1575.656995489167
B3,2025-07-31,60758.34640385371,11253.643515140042,72011.98991899376,2447.3454398134436,5797.337599402591,18416.32030742586,15255.310744955199,1200.0,9611.90145185332,1200.0
B3,2025-08-01,25749.37519657622,906.0011419886387,26655.376338564856,410.7483422286086,20941.619228746535,13803.40272075262,11133.55663862566,1200.0,9867.338666975473,1252.4439613155116
B3,2025-08-02,26514.39106241759,769.0099944968315,27283.401056914423,276.0147430991385,23168.224277695186,13450.92003462519,10942.444793230365,1200.0,9655.632053599727,1200.0
B3,2025-08-03,54353.276377222835,5678.557463744477,60031.833840967316,1029.3804260371712,10853.137562109112,19319.422050180696,15636.803634702603,1200.0,10499.218139633838,1213.253584381959
B3,2025-08-04,54374.277252464424,1290.2636433943594,55664.54089585879,379.3061357613883,6603.32016511088,18665.417953816977,15130.91676853552,1200.0,10788.064494211923,1200.0
B3,2025-08-05,56033.940171923976,562.823599213393,56596.76377113737,280.85453556336205,6657.284941730634,17286.35134760685,13716.442552600362,1200.0,9774.471631393106,1517.2244877346552
B3,2025-08-06,56360.8308061518,11882.476403469153,68243.30720962095,2848.557023587661,5902.762500237813,17270.1440864349,13995.40389651706,1509.905391618209,9528.185813397877,1509.905391618209
B3,2025-08-07,50481.99725412106,1840.8945161075185,52322.891770228576,707.0128102939775,1872.5279187236688,19584.340249669724,16142.230454688863,1200.0,10795.737497537328,1200.0
B3,2025-08-08,22179.265085429477,1694.5124033592801,23873.777488788757,381.1264168421119,22480.831846714886,14895.825822220513,11944.224055631885,1200.0,10798.635791346773,1334.883178185258
B3,2025-08-09,22052.118390060205,3377.9836422913327,25430.102032351537,1312.3108357197457,19584.968520639566,15910.908875512785,12961.456573282097,1200.0,10614.10074138057,1253.082751388878
B3,2025-08-10,52455.26474592053,10189.857076747288,62645.12182266782,3034.488714301136,4752.58471405167,17885.308189062303,14501.818381979372,1200.0,10524.655547721211,1236.7285860123195
B3,2025-08-11,50796.968657693316,2279.7315768219296,53076.70023451524,338.68138039909275,2346.2518339975227,20898.400428004978,16917.572059598177,1200.0,10800.0,1247.986682774375
B3,2025-08-12,54049.85414357403,11306.927454747478,65356.78159832151,3346.221182473818,3730.8979461393283,16774.00920845179,13592.296653907255,1230.6361277928731,9709.11381449334,1242.0431327062593
B3,2025-08-13,53888.113136715474,5835.232277710882,59723.34541442636,2332.8925487275646,4806.263599896616,17038.040117071316,13780.114726066788,1200.0,9744.60008040542,1265.0406535517864
B3,2025-08-14,53514.14610826402,14250.910583519175,67765.0566917832,3081.3842624600534,5347.9436681100005,17229.727512039433,14014.615872948552,1199.9999999999998,9500.83661047921,1200.0
B3,2025-08-15,24324.362084903034,1392.3742319892824,25716.73631689232,556.8792460458683,23281.337747375936,12251.2767985928,9923.53420686017,1200.0,9762.683615287602,1200.0
B3,2025-08-16,22062.180273967755,1800.531125797849,23862.711399765605,859.489514620664,20894.576655997655,16199.762516119097,13098.476476826028,1200.0,10571.956084355028,1225.923512478262
B3,2025-08-17,50271.98047307049,11101.823517203551,61373.80399027404,2466.402550247245,5000.69937303466,18846.794959680756,15289.235078571843,1200.0,10415.249475545244,1200.0
B3,2025-08-18,54940.94063268378,5794.878671176593,60735.81930386038,1295.0199810611705,6423.691363953043,17865.864188020012,14318.001588945544,1200.0,9724.987745973627,1370.3871148340731
B3,2025-08-19,52073.93014760828,3293.007377820098,55366.93752542837,1083.6850994835568,3668.961722716459,18737.949427870786,15269.312356333972,1200.0,10800.0,1268.638981768917
B3,2025-08-20,52493.07015830179,24201.876942513303,76694.94710081509,6782.1716404739345,2427.009817580839,19785.634061999594,16088.138673811698,1200.0,10633.387292501273,1200.0
B3,2025-08-21,51642.77585172661,8169.241548325377,59812.017400051984,2435.6415131703066,3931.5723244983074,18826.669912012763,15249.602628730334,1200.0,10796.441376849692,1200.0
B3,2025-08-22,22445.769678193505,5829.121428635072,28274.891106828578,1940.848318740495,18433.745119363593,14172.107198102667,11376.528459470104,1200.0,10800.0,1314.3093011033982
B3,2025-08-23,22389.414738543615,1619.1032174755505,24008.517956019165,617.0159588089664,16157.862340098964,14142.748486830571,11558.504645325836,1200.0,10362.558882631509,1200.0
B3,2025-08-24,52546.56988404071,11751.210639888312,64297.780523929025,2716.066766284545,7376.2211040811335,18445.977382318895,14872.811511362102,1200.0,10452.349633335063,1276.033520351339
B3,2025-08-25,53930.92662751629,15717.591636261785,69648.51826377808,4739.591170355316,2684.1471865031817,19515.70779229731,15572.902063307614,1248.4518618849324,10769.855627263796,1536.9460186326874
B3,2025-08-26,53587.61869632741,2602.603787434619,56190.22248376202,505.5795708409484,5250.84103989182,19627.168048030326,15686.324313450017,1200.0,10786.243461255404,1772.1480246933068
B3,2025-08-27,52652.425682885725,8151.916148718025,60804.34183160375,2479.1252118987886,3258.4861232271714,20575.778045959247,17127.933676441447,1200.0,10793.230071129545,1259.3108477883702
B3,2025-08-28,53847.13594595462,17714.28970423109,71561.42565018572,5734.267791093393,3491.289059741431,18220.557477431543,14753.49473153247,1200.0,9860.189824230954,1265.0406535517864
B3,2025-08-29,23946.893673298102,1339.3353197846554,25286.228993082757,423.3299036310388,17355.58847940519,15423.057885199678,12263.335201095624,1200.0,10800.0,1519.8647490141368
B3,2025-08-30,23180.180624487613,1628.5584999958048,24808.739124483418,638.9182481641449,21307.89014870977,16171.74854433532,13386.3953553414,1200.665821869923,10479.14781160286,1200.665821869923
B3,2025-08-31,51683.798368667456,6902.403026105549,58586.20139477301,2003.5050561538474,3419.04828251869,19441.975188902976,15698.821592390439,1200.0,10497.296648134812,1255.3083892265488
B3,2025-09-01,48540.221754145074,52.613355955892956,48592.83511010097,24.155377816004943,15744.737810705014,17585.472084728477,12188.818633627692,1255.3083892265488,10800.0,3539.1014503402985
B3,2025-09-02,45446.64237011394,3071.2413328131634,48517.88370292711,655.0084125031902,13393.162905061898,16513.314611582042,13821.343003987744,1200.0,10800.0,3044.036818555531
B3,2025-09-03,45794.02555054974,350.1432832002536,46144.168833749995,78.62204630071935,10341.287097624561,17530.342050499436,14213.554703852682,1582.0475778147902,10800.0,3028.506104168708
B3,2025-09-04,44465.20676078197,1636.7573169877899,46101.96407776976,373.8147716433003,11087.441784182045,18155.25138589911,14853.913166209199,1200.0,10800.0,2863.8843890232497
B3,2025-09-05,17510.3883073157,168.9224635171811,17679.310770832883,172.7146049795066,28545.8728806181,13063.64656507362,11587.094965999731,1610.4536195290443,10800.0,1746.616335367585
B3,2025-09-06,18453.893747803442,1092.9357904244941,19546.829538227936,371.92828668587316,29069.98771218845,13664.668890941011,11301.365485008597,1200.0,10472.260272090834,1487.7455760938335
B3,2025-09-07,43082.72663162517,3434.210358089793,46516.93698971496,1079.2321352497204,9636.39228900805,18863.138922713963,15307.549519922759,1200.0,10338.81802573398,1456.1822510666668
B3,2025-09-08,35040.80559883781,32778.622120980624,67819.42771981843,9014.18442515455,1294.524522409265,20639.65780684523,16948.686849504626,1200.0,10601.324044088366,1200.0
B3,2025-09-09,36600.96777900283,14423.335003369315,51024.30278237215,3604.173768693964,4428.416391378245,20005.153569366532,16204.174391186889,1200.0,10612.32908898282,1200.0
B3,2025-09-10,36943.94715430321,35439.345766526145,72383.29292082935,9513.82443034338,1284.4222773074007,21069.214716524762,17066.06392038506,1200.0,10564.66231880542,1200.0
B3,2025-09-11,36533.43564721631,16908.83796025695,53442.27360747326,4158.155041614646,4702.115568406915,20197.501579179236,16359.976279135182,1199.9999999999995,10479.876936276438,1200.0
B3,2025-09-12,12533.333646587902,8280.861328317873,20814.194974905775,2999.7491018879746,17569.280417615653,16600.834470786518,13446.675921337086,1199.9999999999998,10659.456727397455,1200.0
B3,2025-09-13,12437.76468735016,10014.466110454861,22452.230797805023,3186.5677768147198,21563.41595387441,15903.9942340334,12882.235329567056,1199.9999999999998,10594.28851417028,1200.0
B3,2025-09-14,37526.27707026414,30591.555742073524,68117.83281233767,8249.895156846625,3481.602232468007,18850.832608914523,15269.174413220766,1200.0,10191.891395960069,1200.0
B3,2025-09-15,40290.879520497525,8391.04382730415,48681.923347801676,2009.7778909778492,5398.343207279426,20095.726086907525,16277.538130395096,1199.9999999999998,10320.44965161431,1200.0
B3,2025-09-16,40616.4728926497,13885.98436442737,54502.45725707707,4186.823310729263,2984.6133758132723,19451.475190279267,15755.694904126201,1200.0,10096.939178963426,1200.0
B3,2025-09-17,39784.855086037795,15024.412036614778,54809.26712265257,4244.673282124463,1667.3210567599158,19137.176136382015,15501.11267046943,1200.0,10064.085328166482,1200.0
B3,2025-09-18,39006.8214306353,19149.272525933207,58156.093956568504,4781.384559993975,3421.586788624188,19581.047735992368,15860.648666153815,1200.0,10171.446496556777,1200.0
B3,2025-09-19,14253.428761362204,7233.081733332441,21486.510494694645,2506.8831861640074,15738.672470828833,15894.120420168872,12874.237540336786,1200.0,10130.258398446884,1200.0
B3,2025-09-20,12775.963387862368,12087.362575234092,24863.32596309646,4022.9196736769095,15759.652453509148,16208.511811755,13128.89456752155,1200.0,10467.154626510082,1200.0
B3,2025-09-21,41084.53646499272,13427.210585506036,54511.74705049876,3327.6385550302375,4600.985738099527,18544.13675032128,15001.917612291903,1200.0,10091.29330665192,1220.9257282981484
B3,2025-09-22,44308.5159317143,9980.207622756461,54288.72355447075,2660.6428307945234,5873.056196352119,18233.818516051586,14788.22615347012,1199.9999999999998,9951.792420932255,1200.0
B3,2025-09-23,44085.993709594215,11451.089364829046,55537.083074423266,2518.59587027215,4845.424699727452,19006.64107394095,15325.499818321623,1200.0,10085.263399721513,1277.643835078389
B3,2025-09-24,43058.754437422685,11901.491288259016,54960.2457256817,3107.6057558537186,5218.520151314556,19297.490151222715,15700.846474060945,1200.0,10119.362048866866,1200.0
B3,2025-09-25,42478.220536566245,13687.695110083232,56165.91564664948,3652.8996689992796,5086.315660878597,20523.204326499144,16623.795504464306,1199.9999999999998,10075.938726707216,1200.0
B3,2025-09-26,14998.602928220622,3139.603981357248,18138.206909577868,1280.3810812070549,14897.208068468572,15798.23930003369,12796.573833027298,1200.0,10128.42425894376,1200.0
B3,2025-09-27,14316.529003125177,15683.285768018153,29999.81477114333,5441.8499120554225,16647.809946155514,16079.978226752097,13024.782363669203,1199.9999999999998,10185.571596802243,1200.0
B3,2025-09-28,43019.102527279254,20063.98538047856,63083.08790775782,5338.143870545178,2759.0039831973,17333.4502512589,14040.094703519708,1200.0,9379.7395105176,1200.0
B3,2025-09-29,46486.18570908553,6348.956494645384,52835.14220373091,1444.9310389608963,5797.917175389085,20019.31805164901,16215.647621835702,1200.0,10159.08902725327,1200.0
B3,2025-09-30,46078.07478276759,12530.499886411902,58608.57466917949,3166.3108405605035,4121.991830264771,22679.518936127915,18370.410338263613,1200.0,9999.455145090062,1200.0
B3,2025-10-01,44452.00766033937,187.91773051788118,44639.92539085725,76.24781466873333,18466.304509480775,18369.55560341237,14837.612722733407,1200.0,9970.196192906877,1246.3636844784571
B3,2025-10-02,42028.165536492335,1446.220166529534,43474.38570302187,651.9757800007586,11844.378728752201,18790.637626742646,14755.613666227895,1246.3636844784571,9940.914576450148,1762.811252738066
B3,2025-10-03,13859.908880443156,513.556446755128,14373.465327198284,316.33911129400013,23206.4621226279,16461.108928772468,13544.548921568143,1415.8579310869302,10134.652943418092,1528.3104868909077
B3,2025-10-04,14942.335633785895,1906.7517242225347,16849.08735800843,720.7369211992036,18972.158452712083,14853.139575681635,12100.468186960268,1200.0,9865.249794133571,1451.171452826305
B3,2025-10-05,40471.268419050495,2163.4942001014865,42634.76261915198,849.4950592606607,6689.257914159109,18967.42013341584,15520.838293303208,1200.0,10074.053699850909,1276.473691452551
B3,2025-10-06,43606.30694153755,3195.3800360034425,46801.686977540994,1279.5821405188028,7102.3489401548995,19646.569546651343,15936.289016944405,1251.3984868338614,9986.815288336484,1251.3984868338614
B3,2025-10-07,42739.43090470421,5807.411222331825,48546.84212703604,1564.353414469673,7349.096588601329,19126.213605936013,15486.445429279278,1200.0,9966.44777451888,1257.8291440881883
B3,2025-10-08,38101.920321175974,13454.55525727058,51556.47557844656,3694.8666577627646,4153.588466196839,20387.33876332235,16565.79062797047,1200.0,9779.910992201394,1200.0
B3,2025-10-09,37907.05357025751,14587.110665114471,52494.16423537198,3304.22438667002,4754.61612438403,19823.260517096536,16056.841018848194,1200.0,9836.11468468386,1200.0
B3,2025-10-10,12524.252942153957,5022.120626841746,17546.373568995703,1755.6088546789756,20892.36351657522,16687.071884277542,13516.528226264812,1200.0,9951.081433652402,1200.0
B3,2025-10-11,11505.418304784813,6195.421446618589,17700.8397514034,2034.1816829926815,14060.277234201158,19001.22744639247,15390.994231577904,1200.0,10639.652393845652,1200.0
B3,2025-10-12,36553.15256881926,18946.039479361807,55499.192048181074,5231.832172472687,1989.5356090521377,20030.964571848624,16225.081303197387,1200.0,10098.08091674357,1200.0
B3,2025-10-13,41480.612881172725,5115.7125347061365,46596.32541587886,1250.8817515259605,6575.413302402176,19346.63653865805,15670.77559631302,1200.0,9885.759536499509,1200.0
B3,2025-10-14,40399.16168330119,16544.73215013915,56943.893833440336,3936.867912787468,3904.380880143415,20058.395860464072,16247.300646975895,1200.0,9937.89509490562,1200.0
B3,2025-10-15,40939.86358757895,17168.56178936894,58108.42537694788,4666.045319971324,3458.466918130138,22120.88998704055,17917.92088950285,1200.0,9716.677643285017,1200.0
B3,2025-10-16,41309.92747663615,27755.196869845677,69065.12434648183,6776.155116921167,5282.38817348923,20936.50033217768,16958.56526906392,1200.0,9921.331277080948,1200.0
B3,2025-10-17,13735.440607149161,3192.4673722545717,16927.90797940373,1264.8144403458198,15739.014389009259,17823.95388251688,14437.40264483867,1200.0,10100.670158217354,1200.0
B3,2025-10-18,12662.634538468626,5545.54072878019,18208.175267248815,2421.1367686211834,14716.365746118601,18521.021938074333,15002.027769840208,1200.0,10137.258779188189,1200.0
B3,2025-10-19,40511.36567021035,22970.576758133695,63481.94242834404,5355.918140256482,1043.618488957455,21752.60956684867,17619.613749147422,1200.0,10076.615280517164,1200.0
B3,2025-10-20,45520.81413245183,9260.31651429296,54781.13064674479,1952.2866023354857,4600.151743509114,20137.24904442297,16311.171725982605,1200.0,9855.155147202411,1200.0
B3,2025-10-21,46773.718878074134,11450.629528786065,58224.348406860205,3001.288742643962,4994.57680795803,19351.50604503966,15674.719896482127,1200.0,9747.998224095709,1200.0
B3,2025-10-22,46005.35583835066,17416.766799929464,63422.122638280125,3626.274983324668,5855.918026915683,19570.520402259273,15852.121525830009,1200.0,9716.25652396324,1200.0
B3,2025-10-23,45168.36126719703,9488.246294306751,54656.60756150379,2286.670697987217,6166.133728132751,20741.97617143779,16801.000698864613,1200.0,9699.569325697072,1200.0
B3,2025-10-24,14187.45399712682,4355.884746894857,18543.338744021676,1397.2819187515838,13723.365067722241,15698.246768689685,12715.579882638645,1199.9999999999998,10075.668240784784,1200.0
B3,2025-10-25,13877.363241102928,5553.238046071151,19430.60128717408,1703.3968435297593,12703.719517746338,16801.283488663477,13609.039625817415,1200.0,9925.971807546905,1200.0
B3,2025-10-26,45691.15928257857,5969.530471518547,51660.68975409712,1558.6928641068703,3307.1984631882992,20824.687188789692,16867.996622919654,1200.0,9434.184406483337,1200.0
B3,2025-10-27,47559.92425654581,6399.956692084119,53959.88094862993,1490.773749236083,8263.770272405976,20096.592565569234,16278.23997811108,1200.0,10026.802207769995,1200.0
B3,2025-10-28,47204.4968675296,9019.17726727567,56223.67413480527,2024.9072266462463,4630.432711579044,19493.69081407047,15789.889559397077,1200.0,9586.545126446552,1200.0
B3,2025-10-29,47775.79817291324,19570.13891081384,67345.93708372707,4648.803403783588,4084.7723884264333,19908.785930866965,16126.116604002244,1200.0,9722.651937527502,1200.0
B3,2025-10-30,47349.968902869805,9611.930518089615,56961.89942095942,2206.321469668903,5459.3043687852,19801.062538884904,16038.860656496772,1200.0,9508.308597678672,1200.0
B3,2025-10-31,14905.487179853797,3910.621606620956,18816.108786474753,1744.0734458459058,9919.53813809042,17214.259130727918,13943.549895889613,1200.0,10072.18768634988,1200.0
B3,2025-11-01,13765.960854366946,4924.105812972468,18690.06666733941,2073.023948788598,9821.892189178388,18468.066739872986,14959.13405929712,1200.0,10107.661030922143,1200.0
B3,2025-11-02,46819.257185523755,14866.798535117117,61686.05572064087,3232.4498869787076,2108.5079680466642,20286.562058659,16432.115267513786,1199.9999999999998,10209.773660863915,1200.0
B3,2025-11-03,51087.344508339105,3523.6058230494127,54610.950331388514,1134.32678864989,4437.236292899446,20248.533565744106,16401.312188252723,1200.0,9904.10434027764,1200.0
B3,2025-11-04,50467.34635079913,3851.0560105892278,54318.402361388355,727.56632090298,5919.561977834507,18749.104984524194,15180.946110226163,1200.0,9880.6591961992,1206.476585820477
B3,2025-11-05,51331.659745742254,5093.858051055606,56425.51779679786,1180.8502702247745,4303.330846651375,20006.875376961656,16210.572626718575,1200.0,9944.798798504986,1200.9170620653335
B3,2025-11-06,50113.606542181784,17878.335920961672,67991.94246314345,3861.40024096666,3689.156431520785,19415.551515376606,15727.422083313846,1200.0,9957.551073641123,1200.0
B3,2025-11-07,14984.03568669192,3619.9395589577093,18603.975245649628,1129.2351893200605,10186.173932960817,18126.532540920478,14682.491358145588,1199.9999999999998,10049.11664305283,1200.0
B3,2025-11-08,14222.508084851925,2051.4172682517255,16273.92535310365,694.4123859635619,8119.7160609881375,18300.024109524966,14823.019528715222,1200.0,10221.82285265478,1200.0
B3,2025-11-09,51002.1142389917,11223.462255743563,62225.576494735265,2795.1222481485675,3568.6530549440354,21691.085705839396,17569.77942172991,1200.0,10172.123888976505,1200.0
B3,2025-11-10,53737.82551588282,13335.308249671578,67073.1337655544,3072.3393645638007,4345.332413099419,21786.03412295597,17639.876545777704,1200.0,10102.132403523045,1207.567882018481
B3,2025-11-11,52969.80106568409,5063.06162290049,58032.86268858458,1147.2717008122684,4314.5704394783415,20883.125684002945,16922.14289785902,1200.0,10075.554031717087,1200.0
B3,2025-11-12,53498.08223319989,4108.087893546378,57606.17012674627,881.1992018546867,5190.93190276782,20029.197840056684,16223.650250445919,1200.0,9951.269428104251,1200.0
B3,2025-11-13,53668.54714834494,12211.568639459698,65880.11578780464,2917.132074133253,5140.826967476327,19323.67617174473,15652.177699113226,1200.0,9922.04640403487,1200.0
B3,2025-11-14,15645.235270790305,3574.865251140226,19220.100521930533,1394.0251475680745,7515.380470786767,17830.639515458926,14442.818007521731,1200.0,10072.259471222756,1200.0
B3,2025-11-15,14898.594629873041,3901.1615112787786,18799.75614115182,1235.5369613635553,4651.021890737614,19477.396859125158,15768.70428953493,1200.0,10346.533344017536,1208.8746292849517
B3,2025-11-16,54974.556815859585,7522.70381795502,62497.26063381461,1657.2486758783346,3603.6987662137135,21467.318899928767,17396.51547529876,1200.0,9569.235818533807,1200.0
B3,2025-11-17,56006.47666700823,1685.5937537129307,57692.07042072116,516.9228131574909,5903.397687541958,21048.370017517456,17019.611304936243,1200.0,10068.47860103752,1232.8537880587712
B3,2025-11-18,55837.05845396961,8198.092608398005,64035.15106236761,2132.3821613381697,4520.957507591661,20276.434894233364,16453.48067358192,1200.0,9669.867603388624,1200.0
B3,2025-11-19,56759.763711575426,9523.710932184082,66283.4746437595,2058.369404691721,4020.69837800616,20122.10673503162,16298.906455375607,1200.0,9832.605654337613,1200.0
B3,2025-11-20,55892.19091187761,7750.436509803699,63642.62742168131,1832.1738315559278,4489.279084689628,19648.504619400454,15915.288741714368,1200.0,9933.589158034696,1200.0
B3,2025-11-21,16165.965910581639,2009.4419483628417,18175.407858944483,1058.3151245325291,6346.844649674476,17755.546175543383,14381.992402190142,1200.0,10049.600705910305,1200.0
B3,2025-11-22,15570.380702529113,2653.8516954922216,18224.232398021337,895.94586804279,3592.1518771191963,19931.516397978732,16144.528282362777,1200.0,10197.917869570176,1200.0
B3,2025-11-23,56722.31964092459,6886.914042774501,63609.23368369909,1449.7608234813833,3983.262462017651,20722.877193568438,16785.530526790437,1200.0,10329.791093807768,1200.0
B3,2025-11-24,57253.16310182775,6031.625743587287,63284.78884541503,1334.3927139273007,6135.332686784236,20555.64429131829,16650.071875967813,1200.0,9846.389941320036,1200.0
B3,2025-11-25,57130.7641058914,6000.15548894025,63130.919594831656,1356.1965073307194,4171.094455130342,20996.604623396524,17007.249744951187,1200.0,9785.277183041097,1200.0
B3,2025-11-26,57941.099147021865,6965.2816197745515,64906.38076679642,1666.7363653113862,4288.2505514957575,22667.576900497468,18360.73728940295,1200.0,9998.875328329355,1200.0
B3,2025-11-27,58028.572263626345,5730.139325491922,63758.71158911827,1161.5164128232846,4532.280637401454,21157.240170827987,17126.8576293608,1200.0,10186.682178145526,1211.674343344299
B3,2025-11-28,15828.567324747699,3711.107542258457,19539.674867006153,1063.943775057265,4621.976044332508,18998.147370025024,15399.006278730141,1200.0,10010.306326623348,1200.0
B3,2025-11-29,15763.918867318438,9577.21847525385,25341.13734257229,3900.4345069471765,3401.516793882339,20518.648818672642,16620.105543124842,1200.0,10223.067771956576,1200.0
B3,2025-11-30,59993.93545677331,11411.621842865492,71405.55729963881,2437.031539886564,3237.8274824344517,21647.732325462923,17534.66318362497,1200.0,9784.38540292866,1200.0
B3,2025-12-01,62849.15767057145,32561.574024849106,95410.73169542055,7171.960091549295,1677.6266717835492,23633.10590812287,19142.815785579514,1200.0,10191.309346249223,1200.0
B3,2025-12-02,63350.860697630815,43706.42816857923,107057.28886621004,9110.911897574488,1343.3677903654261,23870.667150749672,19335.24039210724,1200.0,10326.9269026103,1200.0
B3,2025-12-03,64694.8284193111,28439.581043033333,93134.40946234444,6918.788810626911,2065.824116481277,23601.30033747463,19117.053273354453,1200.0,10345.068484491165,1200.0
B3,2025-12-04,65005.77071063721,32128.60182565478,97134.37253629198,7011.892781268318,3408.3817301121494,22223.60984869535,18001.123977443232,1200.0,10208.10416050892,1200.0
B3,2025-12-05,19960.831559644233,15792.313219103358,35753.14477874759,5024.311275112203,4711.635945703185,20167.114195426246,16335.36249829526,1200.0,10381.314740413463,1200.0
B3,2025-12-06,18876.00130792792,22426.43474177078,41302.4360496987,7501.94525896373,1621.2035283942942,20458.255150800742,16571.1866721486,1200.0,10111.923983497352,1200.0
B3,2025-12-07,69138.43747085241,23219.488227672897,92357.9256985253,5324.013337384987,4939.184825714033,20065.631050141037,16253.16115061424,1200.0,9942.065093896488,1200.0
B3,2025-12-08,75889.65201371195,2034.9291893832733,77924.58120309522,467.4244221060647,7721.78266692721,22476.39285448049,18152.273432417405,1200.0,10375.377547630986,1259.5608663464384
B3,2025-12-09,76338.94478742025,716.2796619342744,77055.22444935451,140.38914575554273,9793.142667753193,23225.962554790633,18811.459247156694,1200.0,10376.478445796203,1261.3057799283472
B3,2025-12-10,73286.11317973067,3188.590607477513,76474.70378720819,666.8280178935281,4593.426193729757,22175.18148781932,18017.072207069166,1200.0,10383.383147465682,1200.0
B3,2025-12-11,72288.42843624427,992.6687868730954,73281.09722311737,281.6005533713035,7000.021199919076,22505.289270820802,18225.620328274843,1200.0,10400.2257266298,1204.0710901000098
B3,2025-12-12,23062.39981000611,2019.272094638858,25081.671904644973,847.7321592945268,3645.207299796149,20385.439090353793,16473.56425873899,1200.0,10421.908920439048,1247.005983930658
B3,2025-12-13,25543.051926147364,1590.1755510626983,27133.22747721006,531.1786632660873,6823.480621780713,18747.590602017146,15227.853773171482,1200.0,9905.373053093728,1200.0
B3,2025-12-14,75059.82914615385,1366.8096750919142,76426.63882124575,323.80344628607617,4788.207721766138,24111.66134957447,19530.445693155325,1200.0,10283.181009753918,1200.0
B3,2025-12-15,74450.29531875785,2584.5779461876514,77034.8732649455,605.144290453098,4329.439300277763,23826.903604325675,19296.38622446957,1200.0,10357.37585101248,1203.7841055935876
B3,2025-12-16,73916.5366219711,1084.7072397943423,75001.24386176544,291.2021168131073,3762.905743957221,23432.165187045714,18983.459496541258,1200.0,10334.797749875028,1200.0
B3,2025-12-17,73999.36015038399,1748.3983348558272,75747.75848523981,371.8663864492543,5413.963092590282,22699.99276976629,18386.994143510692,1200.0,10349.756490331029,1200.0
B3,2025-12-18,71254.98333859826,4126.58719821579,75381.57053681405,980.0896710908273,4065.3844065998182,22873.29001351919,18522.086059558955,1200.0,10383.081025731695,1205.8653904351063
B3,2025-12-19,23728.090418531865,1570.8719348684338,25298.962353400297,557.2955002818002,5259.100079560692,21306.30634021964,17260.32904559077,1200.0,10405.263455548638,1203.3977126430418
B3,2025-12-20,22550.730663907758,655.9803997936694,23206.71106370143,323.3850008453629,2960.7543511023086,22253.851466509226,17999.467353294775,1200.0,10388.671961181755,1232.4558621738092
B3,2025-12-21,72587.67339631336,2955.897495489164,75543.57089180252,722.9778066486855,3066.489203182773,23218.49982909625,18836.1951375244,1200.0,10418.169802935934,1200.0
B3,2025-12-22,74397.74328313502,2315.9683522065225,76713.71163534153,509.2757561049456,4193.164821628331,22308.92336952407,18070.227929314504,1200.0,10370.576384305245,1200.0
B3,2025-12-23,73911.59908129027,353.014218551914,74264.61329984218,85.32138439598475,6009.70557707359,23165.06159935159,18751.727370701818,1200.0,10372.193903282632,1213.302805303297
B3,2025-12-24,72138.42750945406,1624.7584598190003,73763.18596927306,330.43322160283094,3896.6527469552234,23251.726095469297,18845.870662103112,1200.0,10423.035780978984,1200.0
B3,2025-12-25,72381.18585424147,5254.830777294287,77636.01663153576,1224.3523694337423,4684.935247396567,22210.30954553981,17990.350731887247,1200.0,10399.933513511898,1200.0
B3,2025-12-26,25366.03946521416,1443.1530408216756,26809.192506035834,543.2613669810447,7361.125965521475,18667.44187300904,14826.180010590011,1200.0,10389.522225018714,1527.1643406081218
B3,2025-12-27,23055.551848573967,880.2394645107997,23935.791313084766,285.50721706957233,3925.245597504436,20430.892514893178,16823.094162983212,1200.0,9637.659899112632,1222.6407562528616
B3,2025-12-28,73053.23120770181,1683.5137222185651,74736.74492992037,397.1346721128773,5646.84403671204,21570.099027661545,17463.812223518733,1204.527724423229,10049.760193647851,1231.4940772385426
B3,2025-12-29,72515.59173834937,1135.513669602279,73651.10540795165,325.1426516867754,4969.041591547051,22515.18433650354,18265.643982082558,1200.0,10387.884608283091,1200.0
B3,2025-12-30,70767.99850414545,82.67106247288324,70850.66956661834,27.18217070772069,4413.974423385115,23206.338393153404,18736.91487882734,1231.6742194437425,10486.6365849958,1266.9102440298807
B3,2025-12-31,71456.89549832365,4959.046778098115,76415.94227642176,1066.878041405812,3050.5467645803888,23829.027965875157,19361.73187198577,1200.0,10368.278055868486,1200.0
B4,2025-02-01,22994.68505027591,504.046307616084,23498.731357891993,182.77749037588111,16394.009588911566,15098.746979954161,14661.174905715474,1209.7760767452207,9322.305192741534,1209.7760767452207
B4,2025-02-02,62893.477151544845,75.6241619713108,62969.101313516156,18.644423411530266,7224.135665698821,21019.267321887786,16953.046229409785,1209.7760767452207,10293.41090440541,1290.3986337666895
B4,2025-02-03,71287.81806601089,1499.0286572900218,72786.84672330091,376.02953361124366,14422.299369197457,18254.594420027952,14867.580250612666,1200.0,9420.313348095237,1200.0
B4,2025-02-04,66864.05606270987,6681.601796806653,73545.65785951652,1521.5346507919828,7551.1962074440125,21271.779422073818,17178.31093263555,1200.0,9649.604926628954,1257.5893324935998
B4,2025-02-05,69879.86806294117,2384.435724164083,72264.30378710525,511.5552305124004,12103.371423996039,21806.817123929923,17638.06947543703,1200.0,9257.913660714225,1285.869771322719
B4,2025-02-06,70193.22725388945,1757.1352545498466,71950.36250843928,367.59538653318884,12909.276382458069,19772.02930624852,16036.127023092216,1200.0,9244.637269630755,1262.7772323994818
B4,2025-02-07,22878.31680567987,484.7939723646515,23363.110778044524,92.23168522781435,16569.826530137794,18698.474323968578,15170.991503440566,1234.7468979261296,9352.41164367725,1234.7468979261296
B4,2025-02-08,18223.79170213932,4244.246024987706,22468.037727127026,1375.3921183790235,8014.173774280968,18039.011484400984,14612.507387485184,1200.0,9417.508689582512,1233.7379144590336
B4,2025-02-09,60943.65864561295,10324.507680595265,71268.16632620821,2397.3567005765044,3802.070963319778,20913.640071499027,16970.412580927343,1200.0,9737.685329092452,1200.0
B4,2025-02-10,61542.146600730506,1244.3630783738188,62786.509679104325,464.5318019345466,9821.529857611024,19462.966682154816,15765.003012545403,1200.0,9827.940228758607,1200.0
B4,2025-02-11,64122.6998693495,2242.5249939713426,66365.22486332084,483.5833750860294,12817.229208896884,19189.570246488278,15543.551899655504,1200.0,9330.443152154818,1200.0
B4,2025-02-12,60293.11540077207,3858.487258031489,64151.60265880356,801.7858453515767,7250.6021347312335,19422.950380591006,15732.58980827872,1200.0,9647.317140091158,1200.0
B4,2025-02-13,58173.37198581435,3715.988288416352,61889.360274230705,964.5413947672641,9694.613778944771,19796.23098733533,16034.00103905125,1200.0,9708.15159883598,1201.0511785448505
B4,2025-02-14,17400.178228950463,2023.7763795360322,19423.954608486496,724.3607942999587,7345.527179629441,18353.37876611593,14866.160724698164,1200.0,9550.151125071205,1201.135707273449
B4,2025-02-15,17423.190257327224,3507.879670055833,20931.069927383058,1363.5979038788648,7274.930586002269,17554.459906068856,14220.134660461878,1200.0,9426.231221679776,1200.0
B4,2025-02-16,59634.485855577725,13594.851409010376,73229.3372645881,2937.2751778155907,9916.177362275355,19683.91651320289,15943.972375694342,1200.0,9073.484082823286,1200.0
B4,2025-02-17,53788.074275976185,2948.6067328831646,56736.68100885935,708.3683120793734,5594.392582236234,20912.43956420208,16908.51380355765,1200.0,10303.75050602054,1233.9580482733704
B4,2025-02-18,59130.676096100644,5240.990600721489,64371.66669682213,1189.0011408968694,12069.834000311901,18380.51801254391,14918.781833606605,1200.0,9152.683316977347,1200.0
B4,2025-02-19,54812.26599016879,9226.18360781886,64038.44959798765,2195.6953480199218,5651.840143782369,22200.239662305106,17982.194126467133,1200.0,9650.624342428133,1200.0
B4,2025-02-20,54717.73335322942,5392.109798585237,60109.84315181466,1189.3711906085894,5443.186486229625,20042.889658707063,16234.74062355272,1200.0,9442.258277373376,1200.0
B4,2025-02-21,14799.325245680806,871.7303857981051,15671.055631478912,486.9259086467206,6713.028100456794,20062.013003886328,16250.23053314793,1200.0,10408.420632844967,1200.0
B4,2025-02-22,14851.148965759015,4747.7204231850155,19598.869388944033,2032.974812851955,5983.788859779565,19305.614660320083,15637.547874859267,1200.0,10375.294801342918,1200.0
B4,2025-02-23,51077.00468457206,9768.926701024462,60845.931385596516,2469.743973749472,4204.31476459237,21062.45260144855,17060.58660717332,1199.9999999999998,10363.841330870524,1200.0
B4,2025-02-24,53650.620064369934,3033.2438788841514,56683.86394325408,652.3342066822977,7074.4372223167975,19921.887103444526,16130.015415393931,1200.0,9552.414229828037,1207.459042662377
B4,2025-02-25,49823.51775333709,2502.5566949285826,52326.07444826567,635.2223191638759,7558.518820663496,18877.785494200918,15297.719388698883,1200.0,10300.655026251625,1200.0
B4,2025-02-26,49295.11985425369,5362.2764578732,54657.39631212689,1399.8110393598681,3555.053593745575,21620.88335571023,17504.115804377696,1200.0,10328.27874925786,1209.7774597195396
B4,2025-02-27,46844.29676152563,9262.529843590808,56106.82660511643,1856.7751356071233,4300.297426907557,22300.354252944602,18045.042588069096,1200.0,10424.33299457672,1230.048967292904
B4,2025-02-28,13885.945470473216,2222.227942528625,16108.173413001841,1004.0197783890653,8582.350442458857,18752.095245452212,15196.003545148415,1200.0,10440.474529827772,1222.4863047016663
B4,2025-03-01,13623.829166775948,1948.6838313495161,15572.512998125463,678.8511157410563,7504.58794573752,18635.175511001555,15065.58382864583,1200.0,10499.718097841054,1254.60667721882
B4,2025-03-02,46949.74355777359,27284.55157290132,74234.29513067492,6896.879856619852,2738.949756585703,25083.187208885844,20366.527648694475,1200.0,10370.1820282706,1200.0
B4,2025-03-03,47421.88064103354,19595.683670558585,67017.56431159213,4845.243566915824,1436.250965875087,23477.45049416678,19016.73490027509,1200.0,10387.61251825112,1200.0
B4,2025-03-04,48710.016435636186,3274.9852985864154,51985.0017342226,1092.1414232370234,2413.496444551529,22363.31943040386,18114.28873862712,1200.0,10463.486398236724,1200.0
B4,2025-03-05,47703.09649671705,2302.8232963443133,50005.91979306137,549.8342912198138,5306.881411090661,20706.113749784206,16771.95213732519,1200.0,10403.034218858813,1200.0
B4,2025-03-06,46626.78631714868,4209.677662268972,50836.463979417655,1101.6699497871875,3786.693447203288,21292.987253010317,17247.319674938346,1200.0,10292.797409929955,1200.0
B4,2025-03-07,13313.811789119387,916.6725084542122,14230.4842975736,367.7726622469828,9277.544864072004,17621.323108909342,14236.963495096614,1200.0,10410.721476256,1240.3424701332794
B4,2025-03-08,12925.512695338311,1933.1859678117457,14858.698663150057,1048.0217007554982,10596.825437462441,18476.4396534824,15002.224342440699,1200.0,10316.652985278884,1200.0
B4,2025-03-09,49355.54660454288,2539.2727374541787,51894.819341997056,785.327486075962,9798.197040854418,18944.0672113488,15344.694441192527,1200.0,9588.432466693816,1200.0
B4,2025-03-10,44979.46673442786,13273.321376970598,58252.788111398455,4091.6601455415334,1099.5314701061557,22260.37249083253,17996.529900404123,1200.0,10467.626986293748,1238.1909079669126
B4,2025-03-11,43950.83049206173,4837.859883049163,48788.6903751109,1104.299912108451,2679.9535240602245,20283.399256411045,16380.689961881277,1221.2847231722458,10440.520802176226,1292.4836144243532
B4,2025-03-12,42524.74869235644,4267.985624332281,46792.73431668872,1142.656218383054,2909.3962210530185,21333.11888609172,17362.724285798562,1200.0,10416.80555800775,1200.374738797408
B4,2025-03-13,41656.15240386274,24493.244286194113,66149.39669005685,6534.4696214281,569.1177269272101,21685.149924051664,17565.308703399518,1200.0,10431.526654362917,1200.0
B4,2025-03-14,11765.42180829898,3482.5081817417954,15247.929990040773,1388.1933158151564,12439.958988313056,18809.743325226704,15220.461476484787,1200.0,10358.631047845924,1217.1451299431512
B4,2025-03-15,12479.216888115685,4585.362947851001,17064.579835966684,1775.7828443553697,8657.408319515025,17577.48752017908,14253.195508293893,1200.0,10388.988776130773,1200.0
B4,2025-03-16,42694.93642506345,8957.475249346555,51652.41167441,2579.7773231134165,3961.860147798926,21870.530304300457,17715.129546483375,1200.0,10302.160700289838,1200.0
B4,2025-03-17,41636.165181098186,1123.3657211034003,42759.530902201586,349.2142339330482,7048.6245567912565,18588.429947035835,15056.62825709902,1200.0,10361.494957169583,1200.0
B4,2025-03-18,39544.368477824275,9914.037318109975,49458.40579593425,2130.0409934204886,1393.7341845536996,21743.05664003604,17611.875878429197,1200.0,10509.832462695833,1200.0
B4,2025-03-19,39406.36250318658,4258.800928608681,43665.16343179526,1021.1918794540533,1987.1041125108327,22181.55244582378,17942.20285341828,1200.0,10378.247957094653,1227.616252998865
B4,2025-03-20,41104.11507246771,9999.782008333443,51103.89708080115,2825.6885497987882,2526.780670160916,20928.15357192979,16976.659020962106,1200.0,10306.53898954436,1200.0
B4,2025-03-21,11543.52854659014,1778.829051767822,13322.357598357963,830.9667377649171,15158.822261306539,17959.538076005676,14547.225841564594,1200.0,10487.74499565875,1200.0
B4,2025-03-22,11872.918259683353,3224.84059413642,15097.758853819772,1566.8248428523907,12919.548520192682,17774.690519486216,14397.499320783838,1200.0,10424.920660220165,1200.0
B4,2025-03-23,39463.97046297592,8337.944951130527,47801.91541410645,2272.8587749073727,4304.937692690759,20404.01616084718,16498.968378213955,1200.0,10381.19555068818,1231.4274578580596
B4,2025-03-24,38392.25509698263,3394.8696976834794,41787.12479466611,1137.7643725249332,1845.8770121232985,22295.52303475634,18087.658370224886,1200.0,10434.22497710922,1200.0
B4,2025-03-25,38495.198915686604,14955.412921565503,53450.61183725211,4275.571381626378,2581.5750683294664,20078.05812711636,16254.02255404513,1199.9999999999998,10290.85338298694,1210.227254354574
B4,2025-03-26,38469.704797484446,3891.4067244914036,42361.11152197585,1053.1458692700553,5161.823276131669,19893.164532806954,16122.66780049275,1200.0,10342.437527239375,1200.0
B4,2025-03-27,37698.06439223067,9715.140860813548,47413.205253044216,2732.496837470317,2469.998551116231,20316.49499308897,16456.360944402066,1200.0,10280.968407893615,1200.0
B4,2025-03-28,11678.560484869398,1053.5203108211867,12732.080795690585,488.6059714703094,16479.301674711736,17220.346562722545,13948.48071580526,1200.0,10425.755779707031,1200.0
B4,2025-03-29,11393.36565441254,1881.1199430663771,13274.485597478919,678.4151321005238,19077.530477399265,15579.835091477047,12614.576797099402,1200.0,10365.656686201271,1205.6551411077892
B4,2025-03-30,36094.35933736078,5507.218693413636,41601.57803077441,1875.3727322377542,2632.4897235951526,21149.062382467753,17135.83015679589,1200.0,10425.356781032428,1200.0
B4,2025-03-31,36645.84886461579,13769.570604277404,50415.4194688932,4216.331654394065,3944.5621497879915,19540.212109640812,15758.069516554067,1200.0,10376.454007258855,1277.224769172214
B4,2025-04-01,38478.219753574136,14849.601543286804,53327.82129686094,4719.064190734517,3199.5091397709202,19669.255226571724,16001.59902577809,1200.0,10324.257257097534,1200.0
B4,2025-04-02,38204.560226196605,18204.40523870421,56408.965464900815,4173.487307064802,3152.512655346751,20013.389398627063,16182.86031278927,1200.0,10415.506561722625,1231.094555665172
B4,2025-04-03,38865.431288629254,10709.765913789255,49575.19720241851,2614.1017528035954,7406.17421098523,20046.60109387921,16265.731986140816,1200.0,10384.814110767762,1200.0
B4,2025-04-04,10958.643012758344,947.5256665480598,11906.168679306405,488.8050350969706,19578.952451049354,15092.223391354235,12184.499963020951,1200.0,10536.649886156812,1244.6677599733116
B4,2025-04-05,11176.349610050349,6055.068231119618,17231.41784116997,2720.338529728374,16319.68117209622,14732.179720287924,11962.603436715786,1200.0,10390.291707238535,1211.8479118815742
B4,2025-04-06,37299.61074254116,4489.428553262382,41789.039295803545,1220.9253212095507,4838.36975292618,19143.686912935224,15513.641194562475,1200.0,10378.6967915509,1203.7870284538517
B4,2025-04-07,37450.23616137056,4403.263824970991,41853.49998634155,1594.8813852441986,7472.154464593401,20498.886972834585,16607.506773604473,1200.0,10397.268114052702,1200.0
B4,2025-04-08,37195.3519135076,8807.36631183898,46002.71822534658,2034.8643271399342,6724.230666740672,20262.41561152804,16412.556645337718,1200.0,10509.084520391702,1200.0
B4,2025-04-09,36274.27161194992,16926.027497498042,53200.29910944796,5220.090279709597,2688.4414557732753,20404.57575339203,16527.706360247543,1200.0,10496.386052995504,1200.0
B4,2025-04-10,36841.79910687727,7318.681812205778,44160.48091908304,1789.839472778876,5381.069267719593,19704.215501207193,15896.595406063689,1200.0,10367.772683091973,1270.910166571268
B4,2025-04-11,10910.626841800347,1079.6003426111422,11990.227184411491,609.8287970757441,20650.316245564052,16223.16587944083,13204.58351226122,1200.0,10452.237436646785,1200.0
B4,2025-04-12,10724.170094905805,1717.7741887090153,12441.944283614821,905.1412446862987,17836.66568231024,15771.649051255943,12775.035731517324,1200.0,10386.662679716212,1200.0
B4,2025-04-13,36010.33931243617,7248.614142864254,43258.95345530042,1875.9891759062325,3917.117811948584,20338.673832717308,16472.00916027343,1200.0,10197.462571561984,1202.5740491417714
B4,2025-04-14,36038.083643788224,3514.7333979290547,39552.81704171728,1048.8462825274366,6018.638459970382,19699.39785306945,15958.82890521385,1200.0,10425.58920595764,1200.0
B4,2025-04-15,35597.8412869592,5568.519166986573,41166.36045394577,1741.2514683622537,8752.311540799985,19877.050549295145,16065.384903985805,1200.0,10541.745299022608,1238.917823270294
B4,2025-04-16,35935.290125308056,8420.614333933487,44355.904459241545,2536.8000015127286,2965.4879579646454,19299.033645346663,15667.24329367406,1200.0,10487.88267196612,1200.0
B4,2025-04-17,34724.18879225282,7081.253969126249,41805.44276137907,1969.3889261640657,4174.448431188898,19256.456409864197,15597.729691989996,1200.0,10541.980507414222,1200.0
B4,2025-04-18,10619.831427490608,1893.9408933061527,12513.772320796761,952.8348379694955,19447.062689478866,14874.407752034229,11986.731318721691,1200.0,10582.944584807872,1268.3766226955909
B4,2025-04-19,10411.791900449587,1458.1512840917298,11869.943184541316,675.215316064658,18125.566506850377,14902.497693487425,12132.562092150845,1200.0,10328.980212636205,1200.0
B4,2025-04-20,34694.960547824674,7261.47022868745,41956.43077651212,1953.428049912607,5032.740732890487,19244.23216160669,15587.828050901415,1200.0,10512.983124144015,1200.0
B4,2025-04-21,34771.94430036644,979.8461381588114,35751.79043852525,419.66053554444795,7932.240722491591,18598.68265217298,15064.93294826013,1200.0,10366.63584865363,1200.0
B4,2025-04-22,34772.86314325227,8099.27755334167,42872.14069659394,2843.1813825783943,5533.831444829699,18595.323586859835,15062.212105356462,1200.0,10449.619471567275,1200.0
B4,2025-04-23,34442.689651325534,5521.184566225588,39963.87421755112,1881.3979075250106,4648.767762070327,20014.071453110988,16180.95522996849,1200.0,10530.9731797024,1233.8251633904626
B4,2025-04-24,33464.50412949884,2299.9497246212914,35764.45385412013,791.0417098503624,6360.344577845777,19524.14767903663,15845.00226707108,1200.0,10479.997378843633,1200.0
B4,2025-04-25,9614.27817704204,888.6577805560437,10502.935957598083,399.49689962857445,21869.703779049938,15971.230981876597,12936.697095320043,1200.0,10499.73580111904,1200.0
B4,2025-04-26,9787.686700157205,5903.909218820236,15691.59591897744,2584.8119711751983,26360.217243045776,16370.55858403595,13254.886401743459,1200.0,10228.165012854784,1205.851168139625
B4,2025-04-27,31372.917771032327,12709.919116005347,44082.83688703767,3104.381674729081,4974.1614479630625,18712.168442145685,15162.122489463658,1200.0,10320.128225455508,1200.0
B4,2025-04-28,33228.771118489516,25567.152579350306,58795.92369783982,7927.355431405913,3257.881995143524,18925.875227527915,15317.788150745173,1200.0,10428.147514067632,1213.5230928360395
B4,2025-04-29,33081.58502868688,4759.981008524869,37841.56603721175,1179.8804253244018,7864.604382305889,18845.990452008282,15277.423049679137,1200.0,10642.154122626973,1200.0
B4,2025-04-30,32335.22611673482,5047.696079531194,37382.922196266016,1974.2024906787922,5731.418562693066,18941.053164452194,15342.253063206279,1200.0,10534.890738120064,1200.0
B4,2025-05-01,32923.64366158641,25050.428066047418,57974.07172763382,5485.516649009049,6238.195439520961,17920.287977747557,14515.433261975519,1200.0,10402.145872176232,1200.0
B4,2025-05-02,10038.452034174083,20950.787847930627,30989.239882104706,7180.739526938945,15747.219913885536,16147.185614465876,13079.220347717363,1200.0,10495.843430503432,1200.0
B4,2025-05-03,10032.562294921163,14837.299101135948,24869.861396057113,4535.387273213201,19038.07585565664,15509.718717628894,12562.872161279407,1200.0,10367.265204132487,1200.0
B4,2025-05-04,34574.32689916431,15918.202804594355,50492.529703758664,3673.282378778366,6025.714666685279,17467.440899576075,14148.627128656615,1199.9999999999998,10386.213050389018,1200.0
B4,2025-05-05,34201.462921309554,23730.817433861317,57932.28035517088,5296.438722786847,3538.2873822021365,19154.168417883076,15514.876418485284,1200.0,10460.061226600368,1200.0
B4,2025-05-06,35073.91541502464,20932.05691072784,56005.97232575248,4688.592629832132,6708.657794081104,18028.94045098126,14603.44176529482,1200.0,10341.892092504511,1200.0
B4,2025-05-07,36359.93985581867,21993.473576162807,58353.413431981484,4741.273092437638,5887.73064184191,16826.460998056926,13629.43340842611,1200.0,9273.89451162244,1200.0
B4,2025-05-08,39350.59576743261,10750.479754508728,50101.07552194134,3279.603946085554,6178.803577480983,18110.0076748694,14669.106216644213,1200.0,9315.046708630853,1200.0
B4,2025-05-09,14122.219066094967,1235.176174974694,15357.39524106966,529.9429725628275,21378.565130972267,12612.376980200364,10202.845130039852,1200.0,9525.470024191503,1214.6446932471586
B4,2025-05-10,13968.176709574676,4451.341702630732,18419.51841220541,2134.5897228676968,18716.460934396728,14144.188936217693,11446.945467774722,1200.0,9459.867468788398,1225.5864383156122
B4,2025-05-11,37011.52196679578,9767.721662789916,46779.24362958569,3146.1428626890215,3967.362656954965,20114.53308377007,16315.799592337806,1200.0,10447.307993639104,1200.0
B4,2025-05-12,40208.07377788676,3682.360711378463,43890.43448926522,1211.2385427265629,9908.241270714447,15134.339267507667,12217.891173690796,1200.0,9038.141720216448,1245.470703322684
B4,2025-05-13,38487.44293723646,1406.041636424278,39893.48457366074,450.3142263077649,5915.397588329064,18402.317083486818,14915.459988396444,1213.0705914775538,9376.288789358152,1234.8227580203295
B4,2025-05-14,39848.861108714664,1741.9958732992034,41590.856982013865,523.8635733810743,8503.572370408634,15894.223063306834,12905.66116349683,1200.0,9003.633578620662,1200.0
B4,2025-05-15,38814.92232578358,7170.692766980947,45985.61509276453,1916.6202367549051,7947.309961227532,16750.808358651873,13522.818665709634,1200.0,9476.49690268048,1250.3734497759815
B4,2025-05-16,13352.928164560362,1252.3114632471438,14605.239627807505,592.4996282931643,26046.355841100736,12884.77382643824,10482.002904213357,1199.9999999999998,9471.24487456421,1200.0
B4,2025-05-17,13105.863146579752,7227.657693740024,20333.520840319776,2850.878797220497,19910.403565895776,13195.6738825629,10688.495844875953,1200.0,9623.074944444446,1200.0
B4,2025-05-18,37343.33984439544,9319.354127070621,46662.69397146607,2609.976121659151,6361.252787543733,17048.250240431542,13791.463509420071,1200.0,10089.928291091985,1219.576872588306
B4,2025-05-19,36809.53591923543,2753.272668381304,39562.80858761674,594.3901039710379,9432.364395789318,17656.992320825757,14319.78296519834,1200.0,9466.636099662788,1200.0
B4,2025-05-20,37216.442362065536,11033.469823200867,48249.9121852664,3553.3701430140572,5508.765795288241,16634.61030775007,13474.034349277563,1200.0,9385.003692558545,1200.0
B4,2025-05-21,37865.31629424158,3443.622091891823,41308.938386133406,944.4220952078998,7707.275857015807,17013.86076759101,13781.227221748719,1200.0,9751.860884302776,1200.0
B4,2025-05-22,35673.0685274472,6384.584173151718,42057.65270059891,1491.499456366802,6249.338497896365,16832.292398847723,13599.098817407285,1200.0,9912.027607687716,1238.9533618437445
B4,2025-05-23,11094.272724796554,3606.458671279479,14700.731396076033,1666.6591254970772,19924.684679555477,14973.481159678648,12133.699549502628,1200.0,10643.054075550484,1233.1980172182723
B4,2025-05-24,13713.959301080798,1067.8707783256434,14781.830079406442,566.5038981450969,25048.496256689887,12080.759790873957,9773.95429083215,1200.0,9452.04716149523,1245.9326169691149
B4,2025-05-25,35053.658860743795,3881.9067692630574,38935.56563000685,842.4233351028722,7206.538510216791,19057.727826671973,15416.188774100547,1200.0,10305.700974929858,1268.7890230843916
B4,2025-05-26,35321.461994725585,14215.617353041884,49537.07934776747,4441.702889561022,4293.58069597981,18192.596358486346,14722.604109765602,1200.0,10334.919684243328,1283.6767348714416
B4,2025-05-27,37078.70025148012,767.5414232362201,37846.241674716344,279.2947360191294,7649.74793089223,18058.570409092736,14702.751092749413,1200.0,9410.74009109645,1200.0
B4,2025-05-28,36814.99820572871,10867.003306094957,47682.00151182367,3289.685383176065,6627.380044359183,17071.531229289878,13798.477372112104,1200.0,9556.156663919031,1232.7365817918844
B4,2025-05-29,34895.145411218495,14709.6450272078,49604.790438426295,3753.509844462522,3460.4441562778684,18033.970299247958,14636.978866003541,1200.0,10296.856849743792,1200.0
B4,2025-05-30,12534.59092042684,5314.147928723296,17848.738849150137,2188.430951763486,22156.143246743428,14469.748086186746,11720.49594981126,1200.0,9714.817380932724,1200.0
B4,2025-05-31,12043.997891091147,5869.971629283907,17913.969520375053,2581.435352024162,20868.136620292844,16960.348994569697,13737.882685601455,1200.0,9477.914933569247,1200.0
B4,2025-06-01,39173.05285631342,78704.41779993981,117877.47065625322,19080.016333084306,3694.3345081682073,16782.292810486197,13593.657176493818,1199.9999999999995,9835.454779274976,1200.0
B4,2025-06-02,40714.43312847455,64914.21320764634,105628.64633612089,14617.431282085758,3894.216009881411,16576.959549876105,13427.337235399644,1200.0,9248.051635947111,1200.0
B4,2025-06-03,42756.63829672176,47313.65493954448,90070.29323626624,11096.0501965773,3383.138071902121,17877.18443576219,14480.51939296737,1200.0,9115.121209805313,1200.0
B4,2025-06-04,45975.36230197674,42964.98118707478,88940.34348905152,10681.630447637968,6175.045126918744,19074.8633469993,15450.639311069433,1200.0,9348.023728421746,1200.0
B4,2025-06-05,50296.41850168522,39520.351375624385,89816.7698773096,8660.711592658025,7612.9856235285415,17144.50686649226,13887.050561858729,1200.0,9078.201932805432,1200.0
B4,2025-06-06,16985.523788247952,35987.42591757369,52972.949705821644,10175.723030377174,11392.549365386993,11790.017141159562,9549.913884339245,1200.0,9099.814704051225,1200.0
B4,2025-06-07,16320.099768835184,24452.795688991737,40772.89545782692,7606.512540207505,6886.453890725743,13508.216777119187,10932.863787251448,1200.0,9373.426482978912,1209.768669127881
B4,2025-06-08,56203.8260413835,748.5138584629588,56952.33989984646,215.82208192996794,14113.245484680165,14990.114666351468,12026.738350482558,1200.0,9430.410231855418,1337.8292571969184
B4,2025-06-09,63521.954254457334,3835.5779813871127,67357.53223584444,901.6835634972076,16963.751422637688,17398.160049021608,14216.55597118473,1200.0,9151.407934340355,1200.0
B4,2025-06-10,63440.978278771574,3547.782846859611,66988.7611256312,779.6403411316139,16498.438474253573,18122.73896475613,14671.8491289154,1200.0,9213.438765973831,1208.410480596736
B4,2025-06-11,64107.5021532387,20095.60656925431,84203.10872249301,4066.0860537620965,15705.37884040671,18217.035399667617,14727.035666152105,1200.0,9251.240358429968,1240.3693779063651
B4,2025-06-12,63992.15460250636,3555.191249440728,67547.34585194709,794.8113439030416,15909.252710068064,18200.77935904972,14743.110615602507,1200.0,9372.020185500456,1239.8367837149951
B4,2025-06-13,21550.83395243858,475.0220240787494,22025.85597651733,177.4614659988339,9989.183618300685,12905.15513750201,10192.298548703586,1200.0,9495.589249437422,1529.7002422405976
B4,2025-06-14,19259.639065545227,1831.592118458584,21091.23118400381,1090.6272811594686,9945.589374557618,15536.797023119174,12826.984414652736,1200.0,10419.439612989934,1260.612657878148
B4,2025-06-15,57676.77504660152,402.04417372366447,58078.81922032518,134.48394432825742,9558.929259636945,18579.009164716997,14865.659723124718,1200.0,10492.633510837111,1464.3212137626438
B4,2025-06-16,64241.92968963179,2584.4022112608973,66826.33190089269,715.8855772807016,15192.418237475717,16870.830170477722,13903.261530473335,1200.0,9426.212113795951,1200.0
B4,2025-06-17,60102.311636424005,10764.1097587494,70866.4213951734,2417.3407342388764,9988.168923761757,20208.809268858913,16369.13550777572,1200.0,9445.228443847342,1200.0
B4,2025-06-18,59820.64649077038,1764.7743300071197,61585.420820777494,494.1805934731461,11447.367530904723,17484.939278858412,13964.62270182696,1200.0,9556.967783700627,1420.1979044981722
B4,2025-06-19,58538.11156498108,1904.210862173135,60442.32242715422,579.085556794202,13737.404667851153,18073.522082828335,14837.73100113931,1200.0,9414.347558046238,1200.0
B4,2025-06-20,20610.45537380256,200.75251486320326,20811.207888665762,88.82130874926888,13989.339286974659,13447.196120623583,10369.799875670127,1200.0,9469.363107547906,1780.4766467055304
B4,2025-06-21,17683.419180385725,600.9553193116144,18284.37449969734,299.2248480932939,14313.98319248048,13956.021733604059,11773.410504048636,1200.0,10397.14208082954,1259.3289802284755
B4,2025-06-22,54639.00621519917,5853.2804446424925,60492.28665984166,1561.3384857870349,10262.71586340661,20179.14065232319,16398.50001058741,1200.0,9334.659337538027,1200.0
B4,2025-06-23,55039.68892898797,2152.9164917323415,57192.60542072031,610.3354151711378,10250.546876003556,19127.070388559805,15184.549758088093,1200.0,9461.31177151497,1542.6413962726092
B4,2025-06-24,56507.101109005445,33292.58018393506,89799.6812929405,7097.1191771703725,7404.702369869292,18743.508395850124,15317.902083724273,1200.0,9549.404018516932,1391.9077483996389
B4,2025-06-25,54085.30284807464,8339.753120819458,62425.0559688941,2190.716960200859,7308.256650715502,17733.935095610264,14444.742938395231,1200.0,9352.19095213176,1302.7349584541755
B4,2025-06-26,56655.42574324692,6739.79306872325,63395.21881197017,1436.618932015743,13998.135549265817,16921.91554293742,13799.213052388068,1200.0,9578.2569056336,1200.0
B4,2025-06-27,18903.009237659917,639.0294810774263,19542.038718737345,249.1663199004501,15756.261734268826,12407.443797028176,9945.112687462624,1200.0,9580.72600847578,1316.5742090335534
B4,2025-06-28,16864.527580082522,1373.029877248462,18237.557457330986,482.2033942201846,10680.753955496046,13442.08018808465,10975.031322122619,1200.0,10254.366305932626,1219.9671315068288
B4,2025-06-29,52975.81072954662,8227.631229535367,61203.44195908198,2277.9678749553464,6578.1519883352275,18034.856007034097,14626.203784053767,1200.0,9831.95356064709,1200.0
B4,2025-06-30,60044.960908017936,4169.902326829788,64214.863234847726,1036.3396728823582,14850.417847890776,17480.23840078148,14158.993104633,1200.0,9463.896301008132,1200.0
B4,2025-07-01,65556.18719254916,23890.139891747458,89446.32708429662,4851.6950280634555,10407.297935735258,17020.91584265391,13786.941832549674,1200.0,9366.507843667488,1200.0
B4,2025-07-02,63687.70566398216,23285.622760314636,86973.32842429681,4565.0125356803965,14451.65956158837,14833.70456352114,12015.300696452121,1200.0,9249.830156387115,1200.0
B4,2025-07-03,61979.973928608924,42732.844616483184,104712.81854509212,8444.721397157722,7421.857997091136,16401.38303312368,13285.120256830181,1200.0,9014.72747164117,1200.0
B4,2025-07-04,23118.87032981411,27127.12246611019,50245.9927959243,7148.650746219034,16077.960549865458,10657.609751730188,8632.663898901452,1200.0,9002.98956992797,1200.0
B4,2025-07-05,20922.145417074207,32351.145671880608,53273.291088954815,9064.422705308143,15383.221720856185,12971.72939083532,10507.100806576611,1200.0,9521.114470238095,1200.0
B4,2025-07-06,53547.855506414126,71484.57071354584,125032.42621995998,15691.936916810419,3814.6906623581112,19572.25643112746,15853.527709213242,1200.0,9261.835248634234,1200.0
B4,2025-07-07,61090.19425846867,20335.781156031942,81425.97541450062,4207.2047564892555,9897.513268199522,16330.883032169453,13228.015256057257,1200.0,9174.84879342913,1200.0
B4,2025-07-08,72214.41870658447,2495.8774065354855,74710.29611311996,631.1540514134913,16290.700994860512,17598.016940742113,13899.418901618435,1200.0,9378.06878581987,1594.4164670918635
B4,2025-07-09,73708.16537142843,1449.7451083923374,75157.91047982077,374.61121693819615,20041.13857460149,15631.626327850654,12537.515532790056,1594.4164670918635,9376.908715431991,1732.3073479462792
B4,2025-07-10,70991.10015336821,1610.3943115287625,72601.49446489697,466.36315783955695,17941.14862693226,16427.863514096545,13716.632542458468,1200.0,9356.075506661286,1276.68168567932
B4,2025-07-11,32159.97455981336,1454.0511871205117,33614.025746933876,620.9698546346176,18174.829780508302,11785.787879795627,9014.56402048428,1200.0,9409.947372529788,1867.708532512853
B4,2025-07-12,26659.4397912361,765.6049586293008,27425.0447498654,248.1853530233718,12521.511887530785,13196.223826891619,11263.882966921712,1200.0,9978.84065931527,1228.8844579134063
B4,2025-07-13,60487.24135873631,636.3937929062184,61123.635151642535,113.08164668804987,10925.973464352983,17800.398268399866,14309.97922060777,1207.62707540891,10543.967305004251,1349.265987686868
B4,2025-07-14,72282.31490623819,882.8817228957516,73165.19662913393,142.93436991148008,22436.266421717628,15758.216839743516,12898.495029110432,1200.0,9425.763834013203,1200.0
B4,2025-07-15,70995.24659373556,1105.981000945503,72101.22759468106,317.93543895535174,19509.104858643754,16624.315714107204,13446.17500262018,1200.0,9249.84439613234,1221.6896953407252
B4,2025-07-16,69495.62542011461,1691.0648010199575,71186.69022113457,468.28174575401204,17196.806622218013,16130.88573881966,12880.50039957205,1221.6896953407252,9410.673739333648,1427.8197496428031
B4,2025-07-17,67807.52589053272,10508.980516639842,78316.50640717256,2206.4215250906927,17165.52459241603,16612.16663465393,13660.892748748207,1200.0,9380.226036019714,1200.0
B4,2025-07-18,26935.010317665852,1209.9913876845533,28145.001705350405,515.8550758239692,12736.771528069192,12517.151531465977,9734.894554965122,1200.0,10022.991042586498,1648.8868728025768
B4,2025-07-19,27173.092416715306,1679.524767891035,28852.61718460634,632.3731092688186,17768.073119066805,14235.828443905893,11935.019225086093,1200.0,9837.549438691123,1200.0
B4,2025-07-20,59448.7331948928,4922.176600329681,64370.90979522248,1345.2178158022646,6965.049212765566,18584.973732176073,14980.184697484246,1200.0,10489.638396272305,1281.8266950870766
B4,2025-07-21,70953.99429141321,1916.6426847860914,72870.63697619931,487.4617176916856,15784.465908161248,15913.246562907725,12377.273685986627,1258.4558507470604,9352.81145460811,1851.2222839411136
B4,2025-07-22,66458.20860988308,3556.9490507427404,70015.15766062582,940.5309966999855,12939.070071714203,16834.8300214687,14222.31237293665,1200.0,9388.830266446328,1200.0
B4,2025-07-23,70890.87195639973,2609.1220401580463,73499.99399655777,625.252146346276,17275.33210682247,17255.944147049217,13733.245770800413,1200.0,9346.287212892626,1471.1877647882866
B4,2025-07-24,68129.16358919663,9501.96379751251,77631.12738670914,2224.1412575049394,16304.138406058399,16210.315677851278,13158.476321355945,1422.733730157656,9341.518818182212,1439.9426289033856
B4,2025-07-25,28932.760883899333,271.11454692678274,29203.875430826116,131.3294964776019,20657.65579967301,12227.881006708623,9725.756566186841,1200.0,9458.721880944417,1638.6393502890987
B4,2025-07-26,24393.219882979753,944.8767747560951,25338.09665773585,544.3140455889782,12519.072932399184,18131.87187877367,15018.531564083758,1208.1585726231965,10565.18210099914,1270.066747759005
B4,2025-07-27,61838.416988752746,13050.956034128234,74889.37302288097,2859.510080343684,10122.265142519353,18104.270729301934,14727.519363717673,1200.0,10178.108872296276,1200.0
B4,2025-07-28,68392.72783041403,12724.296683765486,81117.02451417952,2946.1834761727237,12474.397123356985,17683.063725878023,14323.281617961195,1200.0,9399.70244361801,1200.0
B4,2025-07-29,67774.51313848174,2941.878064770522,70716.39120325225,580.1225305165095,11738.363625699896,18915.977586459157,15057.532231023059,1200.0,9620.04181640239,1493.788460009845
B4,2025-07-30,64648.329643532204,5761.567127841209,70409.89677137342,1237.5079558799594,8465.794887682987,17100.700205194204,13724.281703693201,1237.5549064950535,9326.375999622876,1635.2167516921795
B4,2025-07-31,62844.74046511928,10695.225843756003,73539.96630887529,2257.9531620632856,9217.91282825447,18165.15805864465,15105.473104025126,1200.0,9592.028340121416,1200.0
B4,2025-08-01,28463.380114096733,690.3189505770868,29153.69906467382,311.3842419501502,25894.243863631604,12856.992404533532,10408.761850843346,1200.0,9543.31920029666,1206.0022186986823
B4,2025-08-02,27534.21237380395,524.1400216662345,28058.352395470185,199.44963916551404,24930.386652739944,13142.481894245522,10650.81233116769,1200.0,9620.182743983676,1200.0
B4,2025-08-03,55717.11937162795,5076.246522422446,60793.3658940504,935.9528445308821,11995.555018531584,18204.468356473983,14745.619368743924,1200.0,9686.15793672248,1200.0
B4,2025-08-04,55955.46967441961,1097.2658234578576,57052.73549787747,292.4028494107532,7989.7600941143,17734.34705330449,14224.185062340515,1204.858659008802,10050.277431190252,1356.262278706802
B4,2025-08-05,58817.562016698685,194.70374129277616,59012.26575799147,49.25125362969623,10927.795710882923,17975.779180138215,14259.553522617134,1356.262278706802,9660.928707301264,1690.515182367714
B4,2025-08-06,58632.048910176956,12393.012313216046,71025.061223393,2963.805374190841,10077.473265381079,17771.545825128207,14541.116361948894,1528.1104672621043,9438.4864249831,1528.1104672621043
B4,2025-08-07,51345.66912168736,1717.9816339685503,53063.65075565591,481.3114009895489,2842.4055378981084,19116.62832834761,15759.016135243308,1200.0,10721.263006738383,1223.058034726834
B4,2025-08-08,24642.8819623973,908.9878276464415,25551.86979004374,260.2559481291578,25262.690663257945,13303.354219524772,10562.778591482256,1200.0,9725.918987429932,1459.6561750966198
B4,2025-08-09,23320.321177844322,2779.268438344328,26099.58961618865,1034.2821443323965,20604.950148551798,14852.029564613074,12216.060028673555,1200.0,9866.929093943432,1253.0827513888785
B4,2025-08-10,52530.96455177452,10209.30750599579,62740.272057770315,3044.4188019519147,4931.799346331109,17896.308340521507,14505.330984140162,1200.0,10512.5327032151,1242.725831035829
B4,2025-08-11,52637.71602351557,847.9663481683692,53485.682371683935,209.04248429250822,4142.4185283967145,20131.91153802988,16345.301593736445,1200.0,10677.402257385276,1200.0
B4,2025-08-12,55767.90528106885,11256.378544301613,67024.28382537047,3147.5590862934537,5751.131499034393,16923.860335764915,13603.240145008054,1200.0,9563.527709595828,1316.76302995725
B4,2025-08-13,56628.55858533047,4158.248150595965,60786.80673592644,1464.5244693485488,8490.904330673582,16905.661899986662,13763.52932581191,1211.992723273292,9669.318006830292,1239.04837793201
B4,2025-08-14,55648.1610315565,14351.273040150061,69999.43407170656,3127.5156334633393,9032.479969515114,17562.773876649284,14260.990380224732,1200.0,9377.69596486516,1200.0
B4,2025-08-15,26541.269960488695,1196.8931199464555,27738.16308043515,465.4037942227851,27238.710856679365,11891.849699315218,9581.359261456366,1200.0,9480.625239163272,1256.7099944321794
B4,2025-08-16,22167.29723305381,2287.813250395763,24455.110483449575,981.9752876522749,21282.113345501322,16086.709876883133,13057.942834033865,1200.0,10492.633003921554,1225.923512478262
B4,2025-08-17,50667.866072367426,11524.791838664141,62192.657911031565,2581.5841615807235,5539.468951285409,18644.938529501538,15125.73137012668,1200.0,10245.851055328032,1200.0
B4,2025-08-18,56600.33704462891,5450.589511337318,62050.92655596623,1238.2455175631478,9008.846542414056,17980.565333236485,14354.561477990763,1200.0,9617.652164407848,1432.996046589771
B4,2025-08-19,52492.27002572245,3509.860022662123,56002.13004838458,1187.2477017283952,4440.494510272906,18594.77428315149,15186.408486327802,1200.0,10800.0,1294.505694395214
B4,2025-08-20,54491.45014263672,24861.955996457164,79353.40613909389,6646.146747244895,4725.97189117341,17798.507247678353,14501.845995575157,1200.0,9850.618437014033,1200.0
B4,2025-08-21,52030.1328116406,7424.384981588649,59454.51779322925,2342.852433176538,4276.411717550448,19006.086901285464,15394.930390041227,1200.0,10800.0,1200.0
B4,2025-08-22,25062.48189046811,4454.367820894869,29516.849711362975,1596.8991795376492,21534.3075164194,12098.346623701116,9799.660765197907,1200.0,9593.680693563208,1200.0
B4,2025-08-23,22570.112507583268,1386.793751905219,23956.906259488485,488.83537334913757,16313.590415095534,14167.684145247002,11475.824157650075,1200.0,10331.235772718506,1200.0
B4,2025-08-24,52931.44069793336,11723.269156255119,64654.70985418848,2671.265278493897,7811.700414254908,18243.569921844064,14740.509920655884,1200.0,10277.804855682614,1240.868573375346
B4,2025-08-25,55335.739270569204,15853.343597867206,71189.08286843641,4660.761087133171,3603.1214003184605,18376.449885147125,14614.514865949352,1240.868573375346,10104.534211078168,1541.323618952925
B4,2025-08-26,54064.47279264,2302.6864348097547,56367.15922744975,446.0021747521813,5730.827443408516,19872.202107937836,15874.152326444686,1200.0,10763.21243535074,1788.3584867140034
B4,2025-08-27,53474.97229264964,8819.01526291398,62293.987555563624,2349.2035370792214,4341.532597620755,19886.64386456598,16603.33079995202,1200.0,10763.216311228383,1238.1926315433775
B4,2025-08-28,54749.244356480674,19752.724707449397,74501.96906393007,5973.364231651243,4758.451954564991,17070.240998802117,13802.731989222148,1200.0,9434.268133703965,1265.0406535517864
B4,2025-08-29,26034.166306733947,1506.3868079650385,27540.553114698985,473.61860731795883,20251.58635563775,14096.526933716958,11178.304775341874,1200.0,9791.535275875134,1531.576254628294
B4,2025-08-30,23374.1738798216,1374.2056762638904,24748.37955608549,522.059011531276,21572.458038674136,16051.27351235698,13299.350934491686,1200.665821869923,10404.62352331785,1200.665821869923
B4,2025-08-31,51905.01546612205,7211.082124766773,59116.09759088883,2031.0239953990244,3892.3539639993905,19382.855082954182,15658.233535854228,1200.0,10409.352053605382,1247.19813446843
B4,2025-09-01,49028.62682501667,351.8109725321099,49380.43779754878,154.4453025079764,16883.421364118487,17333.80737393315,12049.78121648853,1247.19813446843,10800.0,3458.9789749098936
B4,2025-09-02,45994.636053655115,3071.2413328131593,49065.87738646827,655.0084125031891,14549.592597906252,16589.47221387462,13825.574830409918,1200.0,10800.0,3027.754155830476
B4,2025-09-03,46468.19683656222,205.28513133836515,46673.48196790059,46.09523550878301,11501.182446316028,17580.48919944533,14242.211039079677,1565.7649150897346,10800.0,3025.515503020515
B4,2025-09-04,44956.50484526115,1602.4175919411427,46558.922437202295,363.42925068559737,12168.508358888805,18070.697404239792,14855.640245052491,1200.0,10800.0,2782.8762278891186
B4,2025-09-05,17611.031992480603,168.92246351718046,17779.954455997784,172.7146049795059,28707.204121570005,12986.197188658485,11465.38704729065,1610.4536195290443,10800.0,1731.134756247696
B4,2025-09-06,20516.062842415893,1092.9357904244941,21608.998632840387,371.92828668587316,32014.154254272747,13058.73157788887,10954.485729863572,1200.0,9572.654042910051,1312.3423653881584
B4,2025-09-07,43362.77470719768,3464.9146729493705,46827.68938014705,1084.7743197967034,9820.607195240722,18976.598044033988,15266.298050049238,1200.0,10295.383726057607,1428.727216075147
B4,2025-09-08,35966.62218894657,31065.081567439058,67031.70375638563,8191.296158804676,1982.6295272912175,20429.426787402514,16753.690192263668,1199.9999999999998,10415.748801224152,1200.0
B4,2025-09-09,37040.2903838012,14720.717904341444,51761.00828814264,3649.424593916552,5315.943291245103,19675.986371007682,15937.548960516222,1200.0,10646.00654236864,1200.0
B4,2025-09-10,37943.20077381049,33887.22479875185,71830.42557256234,8778.481723582026,2499.4722429457465,20528.341929905793,16627.956963223693,1200.0,10450.586788126117,1200.0
B4,2025-09-11,37442.67776173371,16707.3775033153,54150.055265049006,4115.155426626291,6282.130830333069,19276.867340798424,15614.262546046719,1199.9999999999995,10175.640391033425,1200.0
B4,2025-09-12,12740.782935132194,7866.274742146174,20607.057677278368,2911.1710635482627,17765.69757823204,16409.19520260011,13289.293211414571,1200.0,10570.520163919742,1202.3943363239143
B4,2025-09-13,12696.99594286624,9791.698260783205,22488.694203649444,3067.652254866145,21917.16961568747,15868.37291893462,12855.536967028562,1200.0,10540.234497134212,1200.0
B4,2025-09-14,38050.432466925995,29343.255206718757,67393.68767364474,7659.384705936631,4032.4030798847825,18778.387270422918,15210.49368904257,1200.0,10164.34741225279,1200.0
B4,2025-09-15,41127.480783967236,9496.946926202916,50624.42771017015,2264.729198999789,7333.770536817073,19165.03822086911,15518.61462871493,1200.0,10230.614641917304,1205.6292557656152
B4,2025-09-16,41649.4792112436,13600.290067612164,55249.76927885576,3997.9992351338647,4462.933113465562,18618.776686164616,15086.275445982388,1200.0,9996.098009984556,1200.0
B4,2025-09-17,40637.39872526991,14334.783081448442,54972.18180671835,3682.7220361343443,3017.7537037509205,18836.947225651882,15257.927252778025,1200.0,10083.370478960138,1200.0
B4,2025-09-18,39460.00989309005,18964.27794588207,58424.28783897212,4693.953140311342,4540.891447284405,19616.16082661568,15889.090269558701,1200.0,10178.506177372885,1200.0
B4,2025-09-19,14555.24368488556,7104.184094218323,21659.427779103884,2490.757428729852,16189.27858272209,15778.157565598925,12780.30762813513,1200.0,10131.521418076629,1200.0
B4,2025-09-20,15101.676348078072,12560.511988216454,27662.188336294526,4035.037095670961,18951.917186909424,14491.092737348918,11737.785117252619,1200.0,9346.6843094709,1200.0
B4,2025-09-21,42170.154150800234,12849.918380644378,55020.07253144461,3160.857325383345,5176.418558076473,17937.080995106582,14510.202450567998,1200.0,9134.75808402064,1220.9257282981475
B4,2025-09-22,44739.40476059231,9225.195324873388,53964.6000854657,2458.616929121728,6279.020194150015,18129.466934528707,14703.70137243659,1199.9999999999998,9963.585673257525,1200.0
B4,2025-09-23,44225.64884613704,11449.978322266154,55675.627168403196,2534.0832150422902,5081.231393123831,18683.015305548513,15097.684904258827,1200.0,10052.863650225576,1239.5083258171896
B4,2025-09-24,43381.09927015099,11659.84525189196,55040.944522042955,3030.920467386433,5638.239138284794,19233.755832352883,15614.899717441307,1200.0,10020.291563044884,1200.0
B4,2025-09-25,43016.41665562609,12912.689679415105,55929.10633504119,3502.8383131510564,5869.345439264787,20606.956378267358,16691.63466639656,1200.0,10039.19891803591,1200.0
B4,2025-09-26,15113.533968468306,3032.705186749366,18146.23915521767,1255.5903807458221,15015.323774327962,15727.989879003067,12739.671801992492,1200.0,10065.593388629615,1200.0
B4,2025-09-27,14644.007898384756,16317.14883193963,30961.156730324386,5559.844243609979,17604.509284298318,15791.909187969173,12791.446442255032,1200.0,10173.526322352252,1200.0
B4,2025-09-28,44790.41581271449,17270.06943770206,62060.48525041655,4153.889650892314,4877.737821557063,17195.036672859842,13927.979705016469,1200.0,9114.634918706588,1200.0
B4,2025-09-29,46925.36604340969,6449.060491493146,53374.426534902836,1470.6473722311066,6514.088633390063,19654.13779921408,15919.851617363405,1200.0,10142.823816264116,1200.0
B4,2025-09-30,46461.32095132603,12662.576354764407,59123.89730609043,3206.6304779084135,4739.206567564772,22464.249544099224,18196.042130720376,1200.0,9965.163686234311,1200.0
B4,2025-10-01,44887.79029216612,240.82139462955513,45128.61168679568,102.39109243021511,19282.445133605463,18206.87368881781,14704.66731346373,1206.2664453138568,9908.792874030702,1247.6670827541093
B4,2025-10-02,42509.88235738365,1434.887313052313,43944.76967043596,645.9775753650051,12994.188320063595,18793.280007932626,14786.173868637487,1247.6670827541093,9944.59611779678,1732.537013629595
B4,2025-10-03,14003.772366152087,531.2447651236042,14535.01713127569,308.39971644607994,23491.541015541923,16427.360171975684,13447.035610252931,1415.8579310869302,10144.06041787168,1576.0104903488968
B4,2025-10-04,15728.198611509442,2133.243490924642,17861.442102434085,785.2560803293164,20407.399685164117,14470.824484889068,11894.074969748259,1200.0,9569.18513661106,1384.1136714732145
B4,2025-10-05,42143.71656329877,2057.075928403179,44200.79249170194,776.0331735478742,8568.322629791735,18764.51941898821,15316.807384073943,1200.0,9695.74265706121,1253.50627736933
B4,2025-10-06,43985.63135283037,3202.3750546562587,47188.00640748663,1283.492767777668,7801.464228674025,19417.073019434003,15744.453925720854,1235.0342996145312,10004.837110128326,1235.0342996145314
B4,2025-10-07,43055.04271676081,5803.901148371468,48858.94386513227,1566.9314082162277,7868.3959639346585,19054.037680093188,15374.610267812754,1200.0,9903.529682130931,1300.7679141286726
B4,2025-10-08,38554.5383655992,12746.090552727801,51300.628918327,3444.4633553959493,4885.3902402587855,20316.962583131957,16547.430815052685,1200.0,9801.277725166852,1200.0
B4,2025-10-09,38242.34925966934,14316.08719392027,52558.43645358961,3235.6114246662833,5189.342396159709,19814.981831911045,16050.135283847947,1200.0,9786.411196495592,1200.0
B4,2025-10-10,12616.457653290827,5014.71456565898,17631.172218949807,1751.2540887646487,21106.899081285897,16601.978550251333,13447.602625703583,1200.0,9951.081433652402,1200.0
B4,2025-10-11,11612.225082752719,6171.555285408878,17783.780368161595,2023.029880085264,14402.460493213057,18823.066987149323,15246.684259590953,1200.0,10573.57036777283,1200.0
B4,2025-10-12,37022.75454219004,19000.61513341597,56023.369675606016,5195.304738945091,2864.760338041947,19902.977668705087,16121.411911651125,1199.9999999999998,9887.047023473851,1200.0
B4,2025-10-13,41780.17762183142,5189.010958300473,46969.18858013189,1289.2097493542085,7054.396651916604,19415.074955412085,15726.210713883787,1200.0,9880.4167970722,1200.0
B4,2025-10-14,40636.744105215774,16340.159901574683,56976.90400679046,3854.271770968073,4233.170529659203,20010.553601144715,16208.548416927217,1200.0,9948.789331155327,1200.0
B4,2025-10-15,41387.537205615095,17001.307899301955,58388.84510491705,4600.3384226672415,4355.235197163086,22205.550474459378,17986.495884312095,1200.0,9695.155562064932,1200.0
B4,2025-10-16,41480.48811314833,27345.882808052804,68826.37092120113,6600.02786769542,5413.25193709218,20871.804134803442,16906.16134919079,1200.0,9826.442059830017,1200.0
B4,2025-10-17,13848.634578131698,3173.607463970813,17022.24204210251,1267.3787917127424,15895.35209088384,17916.647963928823,14512.484850782344,1200.0,10076.628104593068,1200.0
B4,2025-10-18,13153.49684406928,5211.974988098395,18365.471832167674,2296.6786626027897,15414.929632388861,18417.68143145523,14918.321959478732,1200.0,10117.92438973678,1200.0
B4,2025-10-19,41068.71205836587,22843.648154218765,63912.36021258464,5330.658036710237,1881.0975623203235,21733.89647418485,17604.456144089723,1200.0,9953.716352170124,1200.0
B4,2025-10-20,45924.56737899879,9206.531700777476,55131.09907977627,1929.050936241687,5317.43788784351,20153.779366344254,16324.561286738845,1200.0,9885.745922963426,1200.0
B4,2025-10-21,47198.276649827036,11094.915964281712,58293.192614108746,2765.479519367866,5414.040718791601,18991.91500580803,15383.451154704506,1200.0,9670.372670942255,1200.0
B4,2025-10-22,46491.1451951518,17160.987328884235,63652.132524036046,3514.8224283880772,6565.213749304554,19477.293939219577,15776.608090767859,1200.0,9644.62707958145,1200.0
B4,2025-10-23,46069.786698335,9569.199216018518,55638.98591435352,2301.7387843794518,7523.953892267722,20658.384197259293,16733.291199780026,1200.0,9696.06869241535,1200.0
B4,2025-10-24,14501.217122730848,4372.683152645432,18873.90027537628,1424.4231608616913,14304.148535762522,15514.847366578373,12567.026366928481,1199.9999999999995,9918.162752455915,1200.0
B4,2025-10-25,14580.14573590284,5432.169297733627,20012.315033636467,1606.0095964459,13730.752873850295,16439.171068252217,13315.728565284295,1200.0,9682.034442444648,1200.0
B4,2025-10-26,45946.26874211179,5987.612801476981,51933.881543588774,1581.665858181789,3600.3836331378848,20479.34115606719,16588.266336414425,1200.0,9170.897362836546,1200.0
B4,2025-10-27,48240.018244893785,6320.0441720174285,54560.06241691121,1483.808951858412,9262.76054752015,20045.358043173124,16236.740014970232,1200.0,10003.220381829602,1200.0
B4,2025-10-28,47767.174195525404,8877.298833568346,56644.47302909375,1973.2879207401256,5464.397863595628,19340.081081422053,15665.465675951864,1200.0,9598.710262482247,1200.0
B4,2025-10-29,48494.47483605215,19100.39770649451,67594.87254254665,4377.89715391836,4952.324812650171,19843.129060790237,16072.934539240092,1200.0,9722.033348430536,1200.0
B4,2025-10-30,48167.90894192442,9609.999736744709,57777.908678669126,2191.068808598523,6839.267182034379,19686.49167497661,15946.058256731052,1200.0,9436.122910390162,1200.0
B4,2025-10-31,15005.411157554578,3865.5244367857777,18870.935594340357,1670.8855022506125,9971.866642847635,16947.98415256414,13727.867163576951,1200.0,9918.566694887408,1200.0
B4,2025-11-01,14052.122625572703,4759.599470308495,18811.7220958812,1962.759871658316,10454.842000956982,18428.09843179661,14926.759729755253,1200.0,10110.953181822098,1200.0
B4,2025-11-02,47226.93990882144,14697.567200684149,61924.50710950559,3150.072853529837,2837.216480305518,20209.693043330775,16369.851365097922,1199.9999999999998,10167.386691559985,1200.0
B4,2025-11-03,51493.130905477556,3618.05957745381,55111.190482931364,1153.5696028163325,4986.453661538365,20309.037735913582,16450.320566090006,1200.0,9941.80379179848,1200.0
B4,2025-11-04,50731.696270709355,3869.094644417272,54600.79091512663,716.0180872853196,6206.085487767886,18653.405264626752,15109.258264347665,1200.0,9865.495641826845,1200.0
B4,2025-11-05,51675.67037135029,5156.240246395462,56831.91061774574,1203.4168211658769,4730.913615585364,19732.45725276233,15983.29037473749,1200.0,9897.296553540336,1200.0
B4,2025-11-06,50811.221506969836,17449.823824629937,68261.04533159977,3682.456236093545,4520.153031562762,19234.220864802894,15579.718900490343,1200.0,9978.041227517551,1200.0
B4,2025-11-07,15131.751618401473,3790.3047813326752,18922.05639973415,1164.7398450243743,10506.760931301233,18042.91632820704,14614.762225847702,1199.9999999999998,10049.11664305283,1200.0
B4,2025-11-08,14415.665150325834,1793.120865291432,16208.786015617266,574.2621919575934,8397.139058112969,18225.45393990774,14762.617691325268,1200.0,10212.812180274685,1200.0
B4,2025-11-09,51202.32267127877,11106.436288351846,62308.75895963062,2730.1842847133867,3771.6007680112984,21661.907820189346,17546.145334353372,1200.0,10168.105264114283,1200.0
B4,2025-11-10,54286.141319487244,12690.844565880301,66976.98588536755,2802.2982650416216,4853.156616681275,21636.76732172596,17518.970436781394,1200.0,10117.6752463529,1207.5678820184835
B4,2025-11-11,53199.450165631366,4867.835638260586,58067.28580389195,1080.8042565671335,4588.860978688224,20885.651560913266,16924.18885815638,1200.0,10073.035566879327,1200.0
B4,2025-11-12,53669.62135141556,4297.709964741324,57967.33131615688,910.0716798645018,5475.903772534391,20007.059721313213,16205.718374263704,1200.0,9985.996176923069,1200.0
B4,2025-11-13,54180.023480285156,11638.421283900745,65818.4447641859,2737.5444923229034,5594.731257627566,18953.89006161072,15352.650949904679,1200.0,9656.583569641414,1200.0
B4,2025-11-14,15886.801510671517,3478.726594040022,19365.52810471154,1356.0774880227195,7990.244702738208,17753.32357165087,14380.192093037203,1200.0,10086.969100167344,1200.0
B4,2025-11-15,15054.155414605975,3803.098231847597,18857.253646453573,1196.0347072582917,5032.561280682831,19302.198192570435,15626.793369625604,1200.0,10439.55680169459,1208.8746292849517
B4,2025-11-16,55524.17207204952,8716.05409990642,64240.22617195595,1916.6826897469202,4636.897933929619,20984.337788284196,17005.300774866657,1200.0,9513.854772198052,1200.0
B4,2025-11-17,56237.34131789763,1554.1404976396334,57791.48181553726,484.7471888931351,6102.528792488968,20967.18121685009,16953.84837639568,1200.0,9999.401339459697,1232.8537880587712
B4,2025-11-18,56574.95279566298,8149.103732909379,64724.056528572364,2186.8322818003357,5382.452612653979,19755.546647513354,16031.56119373871,1200.0,9667.42392298405,1200.0
B4,2025-11-19,57772.046263716045,9576.28923585795,67348.335499574,2074.9080091433425,5372.64714389032,19911.50709112695,16128.320743812828,1200.0,9835.006564507998,1200.0
B4,2025-11-20,56037.84432103502,7660.440408919968,63698.28472995499,1791.1145514827633,4700.330664650688,19608.230784200572,15882.666935202462,1200.0,9945.84658377012,1200.0
B4,2025-11-21,16318.445952247957,2069.860496373865,18388.30644862182,1074.0704330101523,6642.864677780098,17686.869111500637,14325.603882767313,1200.0,10044.874484119056,1200.8445528313396
B4,2025-11-22,16031.05238627693,2653.7733312127716,18684.8257174897,858.9816964604016,4325.460837908692,19387.745353883187,15704.833834193589,1200.0,9750.287760018007,1200.0
B4,2025-11-23,57176.51540997526,7046.763454099591,64223.278864074855,1483.7179085514558,4748.296047364426,20627.922279824263,16708.61704665765,1200.0,10319.494747964563,1200.0
B4,2025-11-24,57675.61801521197,5734.450799798496,63410.06881501047,1258.1772381390972,6551.8871378449285,20451.185728226454,16565.460439863426,1200.0,9855.046523467545,1200.0
B4,2025-11-25,58178.030921325386,5916.900416612638,64094.931337938026,1391.6390576751487,5545.73630791828,20486.834783161747,16594.336174361015,1200.0,9813.565328331502,1200.0
B4,2025-11-26,58138.61083913681,7122.151568738132,65260.76240787494,1705.045979660775,4506.621567094711,22484.24683201854,18212.23993393502,1200.0,10002.209219256483,1200.0
B4,2025-11-27,59013.17384696005,6004.211378185567,65017.38522514562,1202.8648564161253,5867.881792380282,20862.646353423075,16895.855222580623,1200.0,10162.864270041991,1203.209248546737
B4,2025-11-28,16007.757156977188,3796.877411107899,19804.634568085086,1121.2891682886805,5142.420488692315,18820.88431443133,15247.804618381444,1200.0,10010.447078254,1200.0
B4,2025-11-29,16120.866154112424,9326.523467376317,25447.389621488743,3813.6671860387905,4152.638899634467,20316.137740653263,16456.071569929147,1200.0,10187.645666342796,1200.0
B4,2025-11-30,60171.17688356925,11391.511395814305,71562.68827938355,2423.9317579981016,3435.620560089008,21726.02585640953,17598.080943691722,1200.0,9808.961953211476,1200.0
B4,2025-12-01,62964.124411652076,32454.972696797806,95419.09710844987,7137.137380973315,1821.4188313007185,23687.959930952104,19187.247544071204,1200.0,10288.666021452296,1200.0
B4,2025-12-02,64047.02722531324,43502.91014919517,107549.93737450842,8992.798280131414,2058.450072918544,23508.455747424017,19041.849155413456,1200.0,10286.45184512825,1200.0
B4,2025-12-03,65745.83338391641,27829.6822506385,93575.5156345549,6634.635756325077,2549.0303332979015,22838.32925964942,18499.046700316034,1200.0,10398.688948188925,1200.0
B4,2025-12-04,66231.96283527558,31291.670309408644,97523.63314468422,6760.700681560755,4649.966460455975,21659.055341645155,17543.834826732575,1200.0,10215.405774978752,1200.0
B4,2025-12-05,20999.88945300078,15252.293815074707,36252.18326807548,4749.688587943811,6661.243612011776,19545.13175046756,15831.556717878724,1200.0,10389.676513084036,1200.0
B4,2025-12-06,19352.922749353686,21118.190688839466,40471.113438193155,6902.253648963851,2073.4588145567486,20083.49308775872,16267.629401084561,1200.0,10081.814308264062,1200.0
B4,2025-12-07,70087.15421457925,22762.295277763278,92849.44949234252,5006.438989651338,5797.385966976577,19013.383854775548,15400.840922368194,1200.0,9904.557529418742,1200.0
B4,2025-12-08,76954.83282941912,1815.9942842090147,78770.82711362813,405.1928283289511,9354.769012142973,22147.259107177397,17885.6750971019,1200.0,10353.506059539552,1259.5608663464384
B4,2025-12-09,77398.51207586183,755.2531061646225,78153.76518202646,147.51937292636674,10943.35895947021,22962.758715367756,18598.264137224167,1200.0,10377.349607757333,1261.3057799283476
B4,2025-12-10,75769.27778114798,3320.466575718659,79089.74435686662,671.5646799451061,7115.531017814771,21119.976412336848,17162.356095928364,1200.0,10398.023467446805,1200.0
B4,2025-12-11,73464.72350706604,1110.9755068329355,74575.69901389898,335.3889205801921,8332.76989513535,22035.785006865957,17845.321874471418,1200.0,10406.166900347484,1204.0710901000098
B4,2025-12-12,23872.943242815603,1098.1346868485512,24971.077929664156,489.3370872721119,4608.325703532269,20001.6692046625,16162.710651329044,1200.0,10421.908920439048,1247.0059839306582
B4,2025-12-13,26431.709390329554,1473.8460158167336,27905.555406146286,503.7888152420611,8585.69376147247,18414.325947637306,14957.909403123813,1200.0,9874.269358011785,1200.0
B4,2025-12-14,76222.88567770763,1221.1898115159397,77444.07548922357,270.51870948000334,6626.540666815144,23663.818902854182,19167.69331131189,1200.0,10291.950794174174,1200.0
B4,2025-12-15,76378.7424481865,2530.8785947305414,78909.62104291703,564.4440366124825,6347.839315534938,22920.43793043159,18556.943641313825,1200.0,10362.409341671037,1209.567869261959
B4,2025-12-16,74893.46335813418,400.1343323837585,75293.59769051794,129.57498188511946,4496.247219183912,23674.93651379991,19185.30965851369,1200.0,10363.795910263316,1200.0
B4,2025-12-17,76342.74397190686,1856.7360277622092,78199.47999966909,400.72858814724077,7839.953441813175,21675.131140390415,17556.85622371623,1200.0,10347.270880095142,1200.0
B4,2025-12-18,71790.6740780753,4689.146832217417,76479.82091029272,1074.2961322105295,4885.387108544986,22772.566703534452,18440.500178471317,1200.0,10361.436308921106,1205.8653904351063
B4,2025-12-19,24913.355728552415,1536.4656502118205,26449.821378764234,541.5904987045435,7254.182800168879,19833.553337200963,16070.457054524382,1200.0,10405.26345554864,1200.0
B4,2025-12-20,23130.904978894658,611.7638744579167,23742.668853352574,291.372591426231,3839.6098749413004,21495.08962856446,17369.774366603924,1200.0,10357.28213742354,1245.8313694814271
B4,2025-12-21,73002.07493416179,2371.80732306831,75373.88225723011,560.9157269687855,3424.345602279395,22849.888432453303,18549.657862820466,1200.0,10428.67261604454,1200.0
B4,2025-12-22,75087.97222353933,1677.6330389770114,76765.60526251633,370.0616912743403,4760.936300811703,22054.06235980405,17863.790511441282,1200.0,10319.874113445356,1200.0
B4,2025-12-23,76168.78320600942,461.1217522875556,76629.90495829697,122.26844741094413,8417.150964774926,22128.744426123627,17912.31046038717,1200.0,10367.476514209382,1213.302805303297
B4,2025-12-24,72485.62604429344,2164.597604809001,74650.22364910245,408.56757337866566,4434.170330690603,23004.13499400059,18645.321869913452,1200.0,10395.232181423647,1200.0
B4,2025-12-25,73255.40491525891,5695.550371299894,78950.9552865588,1306.4546195613452,5698.582717056579,22206.473868597466,17987.243833563953,1200.0,10361.646545561522,1200.0
B4,2025-12-26,25876.262632612074,1359.2631680741306,27235.525800686202,506.9415087226337,8413.808920267378,18377.65602104165,14572.660648430816,1200.0,10362.75458492752,1548.0452540143517
B4,2025-12-27,23543.14519841878,783.2009008937155,24326.346099312494,297.18694916793714,4830.46716611218,19955.06990999321,16476.847355707418,1200.0,9330.80221272904,1200.0
B4,2025-12-28,73459.35620136128,1589.4739103010975,75048.83011166238,359.89502682670366,6020.6032778226,22039.558180530385,17833.525415143988,1200.0,10045.375512172168,1220.5741234284671
B4,2025-12-29,72663.02802597971,1278.6677911498275,73941.69581712954,372.61539256323897,5255.7759683572285,22338.106667540145,18112.383111793144,1200.0,10388.23197412691,1200.0
B4,2025-12-30,71145.04096747532,723.6189151222851,71868.65988259761,159.50835568470845,5076.008418719726,23083.011746186454,18642.71669866054,1200.0,10467.038232305098,1260.580906389418
B4,2025-12-31,72121.83480557705,5287.302145135193,77409.13695071223,1131.8431478274,3898.371371879348,23754.666295054994,19295.802514745017,1200.0,10334.326554789495,1200.0
