date,policy,issue_hour,decision_time,j_keep_yuan,j_adjust_yuan,nv_yuan,delta_yuan,triggered,candidate_increase_kwh,candidate_decrease_kwh,candidate_non_emergency_cost_yuan,max_candidate_change_kwh
2025-02-01,C2,6,2025-02-01 06:00:00,15073.865921462208,14952.19098249793,121.67493896427732,0.0,True,315.2915559840549,0.0,10478.87575589304,85.51165762822018
2025-02-01,C2,12,2025-02-01 12:00:00,17767.71343524078,15495.189945565797,2272.523489674986,0.0,True,2956.8723621723607,0.0,11400.633964934486,700.8797252494489
2025-02-01,C2,18,2025-02-01 18:00:00,7274.399379605715,6754.89059448481,519.5087851209046,0.0,True,1751.8968108938443,0.0,6402.281334604021,539.5085173259658
2025-02-01,C3,6,2025-02-01 06:00:00,15073.865921462208,14952.19098249793,121.67493896427732,500.0,False,315.2915559840549,0.0,10478.87575589304,85.51165762822018
2025-02-01,C3,12,2025-02-01 12:00:00,17711.52397283482,15433.92880758675,2277.5951652480708,500.0,True,2891.4783207771397,0.0,11350.146495275303,635.4856838542274
2025-02-01,C3,18,2025-02-01 18:00:00,7274.399379605715,6754.89059448481,519.5087851209046,500.0,True,1751.8968108938443,0.0,6402.281334604021,539.5085173259658
2025-02-02,C2,6,2025-02-02 06:00:00,55128.17775387448,52294.0292647673,2834.1484891071814,0.0,True,165.49902806957874,6374.510028482872,52279.96768083283,369.86415908112497
2025-02-02,C2,12,2025-02-02 12:00:00,44376.62630260712,39966.44977871571,4410.176523891409,0.0,True,0.0,97.3392875952386,37255.37588805994,369.86415908112497
2025-02-02,C2,18,2025-02-02 18:00:00,16410.727351678277,16186.70005501442,224.0272966638568,0.0,True,196.11970627979247,138.12516866549151,15238.69220641866,196.11970627979247
2025-02-02,C3,6,2025-02-02 06:00:00,55128.17775387448,52294.0292647673,2834.1484891071814,500.0,True,165.49902806957874,6374.510028482872,52279.96768083283,369.86415908112497
2025-02-02,C3,12,2025-02-02 12:00:00,44376.62630260712,39966.44977871571,4410.176523891409,500.0,True,0.0,97.3392875952386,37255.37588805994,369.86415908112497
2025-02-02,C3,18,2025-02-02 18:00:00,16410.727351678277,16186.70005501442,224.0272966638568,500.0,False,196.11970627979247,138.12516866549151,15238.69220641866,196.11970627979247
2025-02-03,C2,6,2025-02-03 06:00:00,62289.078283243885,61331.11669072139,957.9615925224934,0.0,True,1699.770850118442,1600.2251704807245,60855.019485110985,658.984983507934
2025-02-03,C2,12,2025-02-03 12:00:00,45540.77890043467,45348.66545645753,192.1134439771413,0.0,True,660.0080969071148,241.74780000000248,40857.74978860869,577.8499851378862
2025-02-03,C2,18,2025-02-03 18:00:00,16158.584700857333,15714.977238050133,443.6074628071983,0.0,True,239.48694939459196,951.5134094283502,15631.509001642598,178.41484611584582
2025-02-03,C3,6,2025-02-03 06:00:00,62289.078283243885,61331.11669072139,957.9615925224934,500.0,True,1699.770850118442,1600.2251704807245,60855.019485110985,658.984983507934
2025-02-03,C3,12,2025-02-03 12:00:00,45540.77890043467,45348.66545645753,192.1134439771413,500.0,False,660.0080969071148,241.74780000000248,40857.74978860869,577.8499851378862
2025-02-03,C3,18,2025-02-03 18:00:00,16137.687506933144,15714.977238050133,422.7102688830109,500.0,False,239.48694939459196,951.5134094283502,15631.509001642598,178.41484611584582
2025-02-04,C2,6,2025-02-04 06:00:00,67358.73862506122,66011.44311775807,1347.295507303148,0.0,True,6244.056382656094,42.162782539682894,64666.03134624469,923.4612551834856
2025-02-04,C2,12,2025-02-04 12:00:00,43890.623858389205,43514.76372791412,375.8601304750846,0.0,True,0.0,449.7565135326678,40450.01767318198,158.5053366678219
2025-02-04,C2,18,2025-02-04 18:00:00,16634.052565464048,16567.244014123775,66.80855134027297,0.0,True,139.49195719965576,52.74593972377136,14343.436402979762,129.2709418849712
2025-02-04,C3,6,2025-02-04 06:00:00,67358.73862506122,66011.44311775807,1347.295507303148,500.0,True,6244.056382656094,42.162782539682894,64666.03134624469,923.4612551834856
2025-02-04,C3,12,2025-02-04 12:00:00,43890.623858389205,43514.76372791412,375.8601304750846,500.0,False,0.0,449.7565135326678,40450.01767318198,158.5053366678219
2025-02-04,C3,18,2025-02-04 18:00:00,16655.89523480063,16567.244014123775,88.65122067685661,500.0,False,139.49195719965576,52.74593972377136,14343.436402979762,80.3700609880965
2025-02-05,C2,6,2025-02-05 06:00:00,60669.81019985369,59769.876755929065,899.9334439246231,0.0,True,1390.1292794692772,0.0,52190.315102582856,313.2370707629958
2025-02-05,C2,12,2025-02-05 12:00:00,39162.84996042902,39019.03109189907,143.81886852994649,0.0,True,0.0,0.0,35354.352638388424,210.39052838017005
2025-02-05,C2,18,2025-02-05 18:00:00,16493.323151081437,16052.295914425064,441.02723665637313,0.0,True,191.90785533291444,0.0,13586.176957872913,88.11269956091655
2025-02-05,C3,6,2025-02-05 06:00:00,60669.81019985369,59769.876755929065,899.9334439246231,500.0,True,1390.1292794692772,0.0,52190.315102582856,313.2370707629958
2025-02-05,C3,12,2025-02-05 12:00:00,39162.84996042902,39019.03109189907,143.81886852994649,500.0,False,0.0,0.0,35354.352638388424,210.39052838017005
2025-02-05,C3,18,2025-02-05 18:00:00,16493.323151081437,16052.295914425064,441.02723665637313,500.0,False,191.90785533291444,0.0,13586.176957872913,88.11269956091655
2025-02-06,C2,6,2025-02-06 06:00:00,61492.56086999832,61492.56086999831,7.275957614183426e-12,0.0,False,0.0,46.17845749841223,55469.77933714828,31.12494817022156
2025-02-06,C2,12,2025-02-06 12:00:00,39310.37785438662,38135.93137669114,1174.4464776954846,0.0,True,0.0,2686.533974405268,38114.29626841305,160.6111447409487
2025-02-06,C2,18,2025-02-06 18:00:00,17928.44881520062,16229.305770246665,1699.1430449539566,0.0,True,11.275326077339455,0.0,14512.692111786277,127.9405506909918
2025-02-06,C3,6,2025-02-06 06:00:00,61492.56086999832,61492.56086999831,7.275957614183426e-12,500.0,False,0.0,46.17845749841223,55469.77933714828,31.12494817022156
2025-02-06,C3,12,2025-02-06 12:00:00,39310.37785438662,38135.93137669114,1174.4464776954846,500.0,True,0.0,2686.533974405268,38114.29626841305,160.6111447409487
2025-02-06,C3,18,2025-02-06 18:00:00,17928.44881520062,16229.305770246665,1699.1430449539566,500.0,True,11.275326077339455,0.0,14512.692111786277,127.9405506909918
2025-02-07,C2,6,2025-02-07 06:00:00,18178.406883406948,17754.698712734742,423.7081706722056,0.0,True,1854.99388214316,529.743182688491,16646.77370288302,620.9641061936854
2025-02-07,C2,12,2025-02-07 12:00:00,12519.967753728995,12394.264364852415,125.70338887658,0.0,True,1.1368683772161605e-13,832.3133435342205,12135.98546222882,166.70875000000024
2025-02-07,C2,18,2025-02-07 18:00:00,6654.838432990314,6634.691449567811,20.14698342250267,0.0,True,75.09825150499984,0.0,5417.314759833764,75.09825150499972
2025-02-07,C3,6,2025-02-07 06:00:00,18178.406883406948,17754.698712734742,423.7081706722056,500.0,False,1854.99388214316,529.743182688491,16646.77370288302,620.9641061936854
2025-02-07,C3,12,2025-02-07 12:00:00,13059.840070130442,12967.901086196276,91.93898393416566,500.0,False,1.1368683772161605e-13,629.8824000000006,12213.713405384136,166.70875000000024
2025-02-07,C3,18,2025-02-07 18:00:00,6654.838432990314,6634.691449567811,20.14698342250267,500.0,False,75.09825150499984,0.0,5417.314759833764,75.09825150499972
2025-02-08,C2,6,2025-02-08 06:00:00,10615.735490883875,10590.967029427466,24.768461456411387,0.0,True,15.55574967978498,140.130746002352,8760.23681829994,62.54701028806619
2025-02-08,C2,12,2025-02-08 12:00:00,12188.615544415685,12140.29169704677,48.32384736891254,0.0,True,0.0,0.0,8794.69972566826,62.54701028806619
2025-02-08,C2,18,2025-02-08 18:00:00,5303.801414708263,4998.462221189841,305.3391935184218,0.0,True,191.59963097774303,787.9130352400374,4878.807469195732,191.59963097774303
2025-02-08,C3,6,2025-02-08 06:00:00,10615.735490883875,10590.967029427466,24.768461456411387,500.0,False,15.55574967978498,140.130746002352,8760.23681829994,62.54701028806619
2025-02-08,C3,12,2025-02-08 12:00:00,12140.29169704677,12140.29169704677,0.0,500.0,False,0.0,0.0,8794.69972566826,0.0
2025-02-08,C3,18,2025-02-08 18:00:00,5303.801414708263,4998.462221189841,305.3391935184218,500.0,False,191.59963097774303,787.9130352400374,4878.807469195732,191.59963097774303
2025-02-09,C2,6,2025-02-09 06:00:00,57335.02299169648,57334.45095190025,0.572039796221361,0.0,True,0.0,283.7878634920635,50358.71175899048,144.8274872427985
2025-02-09,C2,12,2025-02-09 12:00:00,38924.41950311418,38903.79306727949,20.62643583468889,0.0,True,0.0,0.0,33800.24378418662,144.8274872427985
2025-02-09,C2,18,2025-02-09 18:00:00,14390.62668855453,13611.108352723297,779.5183358312352,0.0,True,273.84689667484605,946.5646917916928,13320.767063669617,253.86260425296183
2025-02-09,C3,6,2025-02-09 06:00:00,57335.02299169648,57334.45095190025,0.572039796221361,500.0,False,0.0,283.7878634920635,50358.71175899048,144.8274872427985
2025-02-09,C3,12,2025-02-09 12:00:00,38903.79306727949,38903.79306727949,0.0,500.0,False,0.0,0.0,33800.24378418662,0.0
2025-02-09,C3,18,2025-02-09 18:00:00,14390.62668855453,13611.108352723297,779.5183358312352,500.0,True,273.84689667484605,946.5646917916928,13320.767063669617,253.86260425296183
2025-02-10,C2,6,2025-02-10 06:00:00,50276.09728547363,49615.56613281571,660.5311526579244,0.0,True,1217.0500821611854,962.6054704406262,48329.75766447157,768.2588083333334
2025-02-10,C2,12,2025-02-10 12:00:00,39688.94606118206,35750.86765624996,3938.078404932101,0.0,True,1391.2025143191722,1448.9734931327062,35286.938863078736,718.1394384237753
2025-02-10,C2,18,2025-02-10 18:00:00,14150.621262558603,13624.56596675598,526.0552958026256,0.0,True,226.2575359194368,946.258348599961,13611.691823934158,226.2575359194368
2025-02-10,C3,6,2025-02-10 06:00:00,50276.09728547363,49615.56613281571,660.5311526579244,500.0,True,1217.0500821611854,962.6054704406262,48329.75766447157,768.2588083333334
2025-02-10,C3,12,2025-02-10 12:00:00,39688.94606118206,35750.86765624996,3938.078404932101,500.0,True,1391.2025143191722,1448.9734931327062,35286.938863078736,718.1394384237753
2025-02-10,C3,18,2025-02-10 18:00:00,14150.621262558603,13624.56596675598,526.0552958026256,500.0,True,226.2575359194368,946.258348599961,13611.691823934158,226.2575359194368
2025-02-11,C2,6,2025-02-11 06:00:00,43418.749726662485,41640.03911020893,1778.7106164535508,0.0,True,257.8880657124539,4125.6368140169,41443.98790497539,948.8049970810348
2025-02-11,C2,12,2025-02-11 12:00:00,38116.82834634997,36573.98013604153,1542.8482103084389,0.0,True,134.6049832546588,1799.1419722866262,33089.964539559194,777.1674859699237
2025-02-11,C2,18,2025-02-11 18:00:00,15058.390870710313,14327.17273526172,731.218135448591,0.0,True,469.5157326661363,0.0,13014.762858147826,309.2023871610967
2025-02-11,C3,6,2025-02-11 06:00:00,43418.749726662485,41640.03911020893,1778.7106164535508,500.0,True,257.8880657124539,4125.6368140169,41443.98790497539,948.8049970810348
2025-02-11,C3,12,2025-02-11 12:00:00,38116.82834634997,36573.98013604153,1542.8482103084389,500.0,True,134.6049832546588,1799.1419722866262,33089.964539559194,777.1674859699237
2025-02-11,C3,18,2025-02-11 18:00:00,15058.390870710313,14327.17273526172,731.218135448591,500.0,True,469.5157326661363,0.0,13014.762858147826,309.2023871610967
2025-02-12,C2,6,2025-02-12 06:00:00,47823.51590390783,47768.379107573055,55.13679633477295,0.0,True,0.0,287.68922190076574,44137.87597875028,120.68487092101032
2025-02-12,C2,12,2025-02-12 12:00:00,33172.9059770599,32792.867652955014,380.038324104884,0.0,True,313.70603788818585,747.2589032965557,32483.460412908236,289.6129113539927
2025-02-12,C2,18,2025-02-12 18:00:00,17470.127693096794,16031.578837025478,1438.5488560713163,0.0,True,577.8307951394328,0.0,13585.958028443243,231.6358377232497
2025-02-12,C3,6,2025-02-12 06:00:00,47823.51590390783,47768.379107573055,55.13679633477295,500.0,False,0.0,287.68922190076574,44137.87597875028,120.68487092101032
2025-02-12,C3,12,2025-02-12 12:00:00,33342.27731123823,32977.3386233813,364.9386878569276,500.0,False,486.230148433726,762.5032167300885,32654.87272333952,462.1370218995328
2025-02-12,C3,18,2025-02-12 18:00:00,17519.256340403597,16031.578837025478,1487.6775033781196,500.0,True,577.8307951394328,0.0,13585.958028443243,231.6358377232497
2025-02-13,C2,6,2025-02-13 06:00:00,42141.06516603856,41125.9160634529,1015.1491025856594,0.0,True,0.0,3246.5019770640256,38003.01274637872,278.1920515666991
2025-02-13,C2,12,2025-02-13 12:00:00,42094.00576317484,37624.30274809779,4469.703015077044,0.0,True,1816.99200990041,0.0,31264.42321526233,757.4044444945896
2025-02-13,C2,18,2025-02-13 18:00:00,15287.182895026282,15088.955485132416,198.22740989386512,0.0,True,210.09052360078545,0.0,12405.244799190688,96.6465395425504
2025-02-13,C3,6,2025-02-13 06:00:00,42141.06516603856,41125.9160634529,1015.1491025856594,500.0,True,0.0,3246.5019770640256,38003.01274637872,278.1920515666991
2025-02-13,C3,12,2025-02-13 12:00:00,42094.00576317484,37624.30274809779,4469.703015077044,500.0,True,1816.99200990041,0.0,31264.42321526233,757.4044444945896
2025-02-13,C3,18,2025-02-13 18:00:00,15287.182895026282,15088.955485132416,198.22740989386512,500.0,False,210.09052360078545,0.0,12405.244799190688,96.6465395425504
2025-02-14,C2,6,2025-02-14 06:00:00,12979.040310920944,12853.246180595466,125.79413032547744,0.0,True,169.9894065922675,15.875814300349475,7316.345131888227,47.99345883223828
2025-02-14,C2,12,2025-02-14 12:00:00,13754.261389415178,12796.458079503756,957.8033099114236,0.0,True,5880.773057771577,9.46443629320902,12377.88748646669,816.8891313552019
2025-02-14,C2,18,2025-02-14 18:00:00,8281.073717590261,7760.67228453687,520.401433053391,0.0,True,2624.5095898312297,0.0,7340.369469558159,535.7014233491902
2025-02-14,C3,6,2025-02-14 06:00:00,12979.040310920944,12853.246180595466,125.79413032547744,500.0,False,169.9894065922675,15.875814300349475,7316.345131888227,47.99345883223828
2025-02-14,C3,12,2025-02-14 12:00:00,13721.464660307094,12729.947889220488,991.5167710866062,500.0,True,5785.907574554825,9.46443629320902,12311.377296183426,816.8891313552019
2025-02-14,C3,18,2025-02-14 18:00:00,8281.073717590261,7760.67228453687,520.401433053391,500.0,True,2624.5095898312297,0.0,7340.369469558159,535.7014233491902
2025-02-15,C2,6,2025-02-15 06:00:00,11326.42699394708,11182.616144392758,143.81084955432198,0.0,True,247.2293605388676,12.5520912698413,9517.983781772891,223.9999604486769
2025-02-15,C2,12,2025-02-15 12:00:00,12293.399246560522,12278.97477478449,14.424471776032078,0.0,True,41.170851668382056,0.0,9302.748031681156,41.170851668382056
2025-02-15,C2,18,2025-02-15 18:00:00,5361.529617054424,5077.858516740056,283.67110031436823,0.0,True,203.11221633900837,694.8124606835644,4958.2134980613655,223.6708502482121
2025-02-15,C3,6,2025-02-15 06:00:00,11326.42699394708,11182.616144392758,143.81084955432198,500.0,False,247.2293605388676,12.5520912698413,9517.983781772891,223.9999604486769
2025-02-15,C3,12,2025-02-15 12:00:00,12282.39108945196,12278.97477478449,3.4163146674691234,500.0,False,41.170851668382056,0.0,9302.748031681156,41.170851668382056
2025-02-15,C3,18,2025-02-15 18:00:00,5361.529617054424,5077.858516740056,283.67110031436823,500.0,False,203.11221633900837,694.8124606835644,4958.2134980613655,223.6708502482121
2025-02-16,C2,6,2025-02-16 06:00:00,51813.07067811625,49034.0321950922,2779.038483024051,0.0,True,0.0,7134.001576934807,47474.43593624731,951.5187619047624
2025-02-16,C2,12,2025-02-16 12:00:00,37443.73543598484,35910.15690580021,1533.5785301846263,0.0,True,0.0,1212.453554056439,34642.945121433164,770.8721952196812
2025-02-16,C2,18,2025-02-16 18:00:00,16686.968283781276,15007.568682410132,1679.399601371144,0.0,True,592.3121743771537,0.0,14066.185296137966,580.274116778793
2025-02-16,C3,6,2025-02-16 06:00:00,51813.07067811625,49034.0321950922,2779.038483024051,500.0,True,0.0,7134.001576934807,47474.43593624731,951.5187619047624
2025-02-16,C3,12,2025-02-16 12:00:00,37443.73543598484,35910.15690580021,1533.5785301846263,500.0,True,0.0,1212.453554056439,34642.945121433164,770.8721952196812
2025-02-16,C3,18,2025-02-16 18:00:00,16686.968283781276,15007.568682410132,1679.399601371144,500.0,True,592.3121743771537,0.0,14066.185296137966,580.274116778793
2025-02-17,C2,6,2025-02-17 06:00:00,47645.815086574265,46016.10141845317,1629.7136681210975,0.0,True,0.0,4758.880050927839,43576.26070832102,350.2759558991082
2025-02-17,C2,12,2025-02-17 12:00:00,35593.421389009585,35356.914013779846,236.5073752297394,0.0,True,0.0,954.595583333334,32919.07938049506,238.82639039336163
2025-02-17,C2,18,2025-02-17 18:00:00,16594.027318290624,15446.675657099826,1147.351661190798,0.0,True,631.8324347974436,0.0,13921.562886450489,261.2886743342857
2025-02-17,C3,6,2025-02-17 06:00:00,47645.815086574265,46016.10141845317,1629.7136681210975,500.0,True,0.0,4758.880050927839,43576.26070832102,350.2759558991082
2025-02-17,C3,12,2025-02-17 12:00:00,35593.421389009585,35356.914013779846,236.5073752297394,500.0,False,0.0,954.595583333334,32919.07938049506,238.82639039336163
2025-02-17,C3,18,2025-02-17 18:00:00,16594.027318290624,15446.675657099826,1147.351661190798,500.0,True,631.8324347974436,0.0,13921.562886450489,261.2886743342857
2025-02-18,C2,6,2025-02-18 06:00:00,38003.23509921823,37970.48054766375,32.754551554477075,0.0,True,186.16408927168027,406.20771718956905,37111.4573266384,116.93173142487603
2025-02-18,C2,12,2025-02-18 12:00:00,35437.364578659144,33995.97800609946,1441.3865725596845,0.0,True,1590.7587243779294,0.0,29859.42632661504,517.6559821900067
2025-02-18,C2,18,2025-02-18 18:00:00,18430.90207215169,15919.138275690966,2511.763796460724,0.0,True,2536.22120312128,0.0,15697.030180637496,768.7201953991747
2025-02-18,C3,6,2025-02-18 06:00:00,38003.23509921823,37970.48054766375,32.754551554477075,500.0,False,186.16408927168027,406.20771718956905,37111.4573266384,116.93173142487603
2025-02-18,C3,12,2025-02-18 12:00:00,35658.03073023312,34445.67994813647,1212.350782096648,500.0,True,1950.4061662115816,0.0,30307.39030177208,774.1949188999638
2025-02-18,C3,18,2025-02-18 18:00:00,18430.90207215169,15919.138275690966,2511.763796460724,500.0,True,2536.22120312128,0.0,15697.030180637496,768.7201953991747
2025-02-19,C2,6,2025-02-19 06:00:00,44363.26072471057,43823.05856249197,540.2021622186003,0.0,True,1871.694686218848,87.0672954869101,37938.03076195272,715.8919367470193
2025-02-19,C2,12,2025-02-19 12:00:00,39053.10153268435,36634.02413224826,2419.0774004360865,0.0,True,2586.4807681372317,0.0,30555.9375460356,747.0959360125358
2025-02-19,C2,18,2025-02-19 18:00:00,17137.89426402647,15794.998748272825,1342.8955157536457,0.0,True,850.7950065880837,0.0,13866.238960383522,189.4942132632766
2025-02-19,C3,6,2025-02-19 06:00:00,44363.26072471057,43823.05856249197,540.2021622186003,500.0,True,1871.694686218848,87.0672954869101,37938.03076195272,715.8919367470193
2025-02-19,C3,12,2025-02-19 12:00:00,39053.10153268435,36634.02413224826,2419.0774004360865,500.0,True,2586.4807681372317,0.0,30555.9375460356,747.0959360125358
2025-02-19,C3,18,2025-02-19 18:00:00,17137.89426402647,15794.998748272825,1342.8955157536457,500.0,True,850.7950065880837,0.0,13866.238960383522,189.4942132632766
2025-02-20,C2,6,2025-02-20 06:00:00,47731.42735098819,47351.90028946341,379.5270615247791,0.0,True,453.9049806733494,831.9086785285407,40104.21503722298,150.66122619047678
2025-02-20,C2,12,2025-02-20 12:00:00,33560.59303398801,33410.14867565926,150.44435832875024,0.0,True,682.2523147555119,94.62832068177045,28607.685147054734,239.26495304539253
2025-02-20,C2,18,2025-02-20 18:00:00,16142.727844888508,15406.207569359807,736.5202755286991,0.0,True,448.51773573488816,0.0,13273.84389539429,274.2423150233334
2025-02-20,C3,6,2025-02-20 06:00:00,47731.42735098819,47351.90028946341,379.5270615247791,500.0,False,453.9049806733494,831.9086785285407,40104.21503722298,150.66122619047678
2025-02-20,C3,12,2025-02-20 12:00:00,33150.25995686416,32957.28018893944,192.9797679247204,500.0,False,367.25040694821513,94.62832068177045,28275.36484384686,109.70425393490108
2025-02-20,C3,18,2025-02-20 18:00:00,15906.639901054305,15311.765882574064,594.8740184802391,500.0,True,398.7513412648764,0.0,13180.024288539422,224.475920553322
2025-02-21,C2,6,2025-02-21 06:00:00,6729.234921538139,6696.661224593741,32.57369694439785,0.0,True,192.7152607271023,0.0,6517.250042514479,192.7152607271023
2025-02-21,C2,12,2025-02-21 12:00:00,10495.362916674749,10429.114257959089,66.24865871565817,0.0,True,220.00701018484693,0.0,6519.278258962837,70.83249484178793
2025-02-21,C2,18,2025-02-21 18:00:00,4118.4869160599455,4051.5832197751647,66.90369628478084,0.0,True,130.8872244523135,0.0,3943.047112393699,130.8872244523135
2025-02-21,C3,6,2025-02-21 06:00:00,6729.234921538139,6696.661224593741,32.57369694439785,500.0,False,192.7152607271023,0.0,6517.250042514479,192.7152607271023
2025-02-21,C3,12,2025-02-21 12:00:00,10495.362916674749,10429.114257959089,66.24865871565817,500.0,False,220.00701018484693,0.0,6519.278258962837,70.83249484178793
2025-02-21,C3,18,2025-02-21 18:00:00,4101.83877023624,4051.5832197751647,50.25555046107502,500.0,False,130.8872244523135,0.0,3943.047112393699,130.8872244523135
2025-02-22,C2,6,2025-02-22 06:00:00,9811.667787816776,8606.38966345082,1205.2781243659574,0.0,True,245.6623491203964,2658.248001486422,8575.171267269989,491.3494343370834
2025-02-22,C2,12,2025-02-22 12:00:00,8329.32605751308,8180.773640440572,148.55241707250843,0.0,True,0.0,3229.549154413863,8180.773640440572,227.75203156378257
2025-02-22,C2,18,2025-02-22 18:00:00,5651.599249392668,4826.935469211884,824.6637801807838,0.0,True,0.0,1246.868534125823,4826.935469211884,355.480785096428
2025-02-22,C3,6,2025-02-22 06:00:00,9811.667787816776,8606.38966345082,1205.2781243659574,500.0,True,245.6623491203964,2658.248001486422,8575.171267269989,491.3494343370834
2025-02-22,C3,12,2025-02-22 12:00:00,8329.32605751308,8180.773640440572,148.55241707250843,500.0,False,0.0,3229.549154413863,8180.773640440572,227.75203156378257
2025-02-22,C3,18,2025-02-22 18:00:00,5536.325206054805,4826.935469211884,709.3897368429207,500.0,True,0.0,1246.868534125825,4826.935469211883,355.4807850964264
2025-02-23,C2,6,2025-02-23 06:00:00,39754.95187801925,38863.46742124849,891.4844567707623,0.0,True,2345.910503820591,194.48663312323916,38552.54199362922,774.9616386551887
2025-02-23,C2,12,2025-02-23 12:00:00,30166.88404296144,28918.178446785867,1248.7055961755686,0.0,True,0.0,881.5677661606167,28658.47472475827,774.9616386551887
2025-02-23,C2,18,2025-02-23 18:00:00,13742.854043266863,13211.95388597042,530.9001572964444,0.0,True,339.56879397687663,214.224068363019,13083.43523009975,151.2867626811556
2025-02-23,C3,6,2025-02-23 06:00:00,39754.95187801925,38863.46742124849,891.4844567707623,500.0,True,2345.910503820591,194.48663312323916,38552.54199362922,774.9616386551887
2025-02-23,C3,12,2025-02-23 12:00:00,30166.88404296144,28918.178446785867,1248.7055961755686,500.0,True,0.0,881.5677661606167,28658.47472475827,774.9616386551887
2025-02-23,C3,18,2025-02-23 18:00:00,13742.854043266863,13211.95388597042,530.9001572964444,500.0,True,339.56879397687663,214.224068363019,13083.43523009975,151.2867626811556
2025-02-24,C2,6,2025-02-24 06:00:00,40984.781773055205,40454.37036706619,530.4114059890126,0.0,True,1387.767537241061,0.0,36021.4114615693,275.8381896366112
2025-02-24,C2,12,2025-02-24 12:00:00,29840.65594894927,29700.7539943886,139.90195456067158,0.0,True,568.4453516927003,42.03782957809062,29434.427057910834,242.04839686784575
2025-02-24,C2,18,2025-02-24 18:00:00,16378.03195341555,15324.681439493112,1053.350513922438,0.0,True,834.2418251936849,0.0,13380.425096754452,264.45454731160584
2025-02-24,C3,6,2025-02-24 06:00:00,40984.781773055205,40454.37036706619,530.4114059890126,500.0,True,1387.767537241061,0.0,36021.4114615693,275.8381896366112
2025-02-24,C3,12,2025-02-24 12:00:00,29840.65594894927,29700.7539943886,139.90195456067158,500.0,False,568.4453516927003,42.03782957809062,29434.427057910834,242.04839686784575
2025-02-24,C3,18,2025-02-24 18:00:00,16378.03195341555,15324.681439493112,1053.350513922438,500.0,True,834.2418251936849,0.0,13380.425096754452,264.45454731160584
2025-02-25,C2,6,2025-02-25 06:00:00,43373.49831079288,43348.772734091785,24.72557670109381,0.0,True,0.0,144.3905773603493,40050.60221561226,109.28246466193696
2025-02-25,C2,12,2025-02-25 12:00:00,32718.370988748706,32678.39798731804,39.973001430666045,0.0,True,0.0,103.54950396825323,30326.697226770902,73.06736111111059
2025-02-25,C2,18,2025-02-25 18:00:00,15503.238335552562,15042.564124114768,460.67421143779393,0.0,True,259.0050794135168,279.7405014110302,14784.721505150988,152.19756026347625
2025-02-25,C3,6,2025-02-25 06:00:00,43373.49831079288,43348.772734091785,24.72557670109381,500.0,False,0.0,144.3905773603493,40050.60221561226,109.28246466193696
2025-02-25,C3,12,2025-02-25 12:00:00,32728.18845234463,32713.69919463629,14.48925770833739,500.0,False,0.0,103.54950396825323,30326.697226770902,73.06736111111059
2025-02-25,C3,18,2025-02-25 18:00:00,15508.915634659705,15042.564124114768,466.3515105449369,500.0,False,259.0050794135168,279.7405014110302,14784.721505150988,152.19756026347625
2025-02-26,C2,6,2025-02-26 06:00:00,38073.33344070149,35643.834983132314,2429.498457569178,0.0,True,3005.8343209835216,0.0,35029.407775951986,696.2335956109986
2025-02-26,C2,12,2025-02-26 12:00:00,33544.29753813803,30806.59662839365,2737.7009097443806,0.0,True,2161.2478507647925,0.0,29421.757814168344,625.5459503191175
2025-02-26,C2,18,2025-02-26 18:00:00,13938.065685270338,13138.81696738444,799.2487178858992,0.0,True,456.6628436023203,0.0,12901.83961344347,247.57708023055443
2025-02-26,C3,6,2025-02-26 06:00:00,38073.33344070149,35643.834983132314,2429.498457569178,500.0,True,3005.8343209835216,0.0,35029.407775951986,696.2335956109986
2025-02-26,C3,12,2025-02-26 12:00:00,33544.29753813803,30806.59662839365,2737.7009097443806,500.0,True,2161.2478507647925,0.0,29421.757814168344,625.5459503191175
2025-02-26,C3,18,2025-02-26 18:00:00,13938.065685270338,13138.81696738444,799.2487178858992,500.0,True,456.6628436023203,0.0,12901.83961344347,247.57708023055443
2025-02-27,C2,6,2025-02-27 06:00:00,42036.91298788318,41259.7446262133,777.1683616698792,0.0,True,1801.1260923823847,494.4050509812744,34594.88910838606,578.2724696194556
2025-02-27,C2,12,2025-02-27 12:00:00,34764.104626741704,33474.67827328286,1289.4263534588465,0.0,True,2402.9064548304427,0.0,27496.403837765152,652.4704503503326
2025-02-27,C2,18,2025-02-27 18:00:00,13077.650808045111,12938.348375919784,139.30243212532696,0.0,True,201.9074433180521,0.0,12684.126540755124,45.62272086926197
2025-02-27,C3,6,2025-02-27 06:00:00,42036.91298788318,41259.7446262133,777.1683616698792,500.0,True,1801.1260923823847,494.4050509812744,34594.88910838606,578.2724696194556
2025-02-27,C3,12,2025-02-27 12:00:00,34764.104626741704,33474.67827328286,1289.4263534588465,500.0,True,2402.9064548304427,0.0,27496.403837765152,652.4704503503326
2025-02-27,C3,18,2025-02-27 18:00:00,13077.650808045111,12938.348375919784,139.30243212532696,500.0,False,201.9074433180521,0.0,12684.126540755124,45.62272086926197
2025-02-28,C2,6,2025-02-28 06:00:00,11385.818419939373,10621.58426845032,764.2341514890522,0.0,True,902.062440326022,0.0,7303.024149354614,393.3347954990805
2025-02-28,C2,12,2025-02-28 12:00:00,6738.254991481253,6646.697315932621,91.55767554863178,0.0,True,730.0117161776637,280.66085261597,6593.663683896897,239.93294540583008
2025-02-28,C2,18,2025-02-28 18:00:00,4686.525191631868,4238.330427287045,448.1947643448239,0.0,True,234.4852067310722,47.2643106889484,4115.944998191862,210.58224752988536
2025-02-28,C3,6,2025-02-28 06:00:00,11385.818419939373,10621.58426845032,764.2341514890522,500.0,True,902.062440326022,0.0,7303.024149354614,393.3347954990805
2025-02-28,C3,12,2025-02-28 12:00:00,6738.254991481253,6646.697315932621,91.55767554863178,500.0,False,730.0117161776637,280.66085261597,6593.663683896897,239.93294540583008
2025-02-28,C3,18,2025-02-28 18:00:00,4570.254098758516,4238.330427287045,331.9236714714716,500.0,False,234.4852067310722,47.2643106889484,4115.944998191862,210.58224752988536
2025-03-01,C2,6,2025-03-01 06:00:00,11545.373261978892,11036.120574612529,509.2526873663628,0.0,True,0.0,3721.248967,9572.05714079173,563.0309031831721
2025-03-01,C2,12,2025-03-01 12:00:00,10433.089902979984,10317.53446534942,115.55543763056448,0.0,True,0.0,673.0991702200528,9502.37188434156,413.0956308038508
2025-03-01,C2,18,2025-03-01 18:00:00,6122.966683121001,5994.39355995003,128.57312317097058,0.0,True,190.6631858954534,259.6870951205171,5138.883599682044,190.6631858954534
2025-03-01,C3,6,2025-03-01 06:00:00,11545.373261978892,11036.120574612529,509.2526873663628,500.0,True,0.0,3721.248967,9572.05714079173,563.0309031831721
2025-03-01,C3,12,2025-03-01 12:00:00,10433.089902979984,10317.53446534942,115.55543763056448,500.0,False,0.0,673.0991702200528,9502.37188434156,413.0956308038508
2025-03-01,C3,18,2025-03-01 18:00:00,6123.484832440159,5994.39355995003,129.09127249012909,500.0,False,190.6631858954534,259.6870951205171,5138.883599682044,190.6631858954534
2025-03-02,C2,6,2025-03-02 06:00:00,51904.84427517758,49291.29817181569,2613.546103361892,0.0,True,1403.0154775261058,1750.28710716564,47663.440580256734,700.3619619047619
2025-03-02,C2,12,2025-03-02 12:00:00,42525.633779662094,40597.35517834144,1928.2786013206496,0.0,True,0.0,25.29295555555518,36176.89560408896,221.13819526110356
2025-03-02,C2,18,2025-03-02 18:00:00,16278.56273903676,15950.83403540606,327.7287036307007,0.0,True,234.8255575748842,0.0,14368.453227576654,234.8255575748842
2025-03-02,C3,6,2025-03-02 06:00:00,51904.84427517758,49291.29817181569,2613.546103361892,500.0,True,1403.0154775261058,1750.28710716564,47663.440580256734,700.3619619047619
2025-03-02,C3,12,2025-03-02 12:00:00,42525.633779662094,40597.35517834144,1928.2786013206496,500.0,True,0.0,25.29295555555518,36176.89560408896,221.13819526110356
2025-03-02,C3,18,2025-03-02 18:00:00,16278.56273903676,15950.83403540606,327.7287036307007,500.0,False,234.8255575748842,0.0,14368.453227576654,234.8255575748842
2025-03-03,C2,6,2025-03-03 06:00:00,44631.42395666753,43060.67040137544,1570.753555292089,0.0,True,0.0,3370.4302221792364,42891.08733220739,706.367130561222
2025-03-03,C2,12,2025-03-03 12:00:00,40951.33975879136,36898.91765345759,4052.422105333768,0.0,True,0.0,0.0,32552.12583592262,706.367130561222
2025-03-03,C2,18,2025-03-03 18:00:00,17167.65544436025,16407.966532285896,759.6889120743544,0.0,True,489.2193828767722,0.0,14256.17250344866,73.5855612963307
2025-03-03,C3,6,2025-03-03 06:00:00,44631.42395666753,43060.67040137544,1570.753555292089,500.0,True,0.0,3370.4302221792364,42891.08733220739,706.367130561222
2025-03-03,C3,12,2025-03-03 12:00:00,40951.33975879136,36898.91765345759,4052.422105333768,500.0,True,0.0,0.0,32552.12583592262,706.367130561222
2025-03-03,C3,18,2025-03-03 18:00:00,17167.65544436025,16407.966532285896,759.6889120743544,500.0,True,489.2193828767722,0.0,14256.17250344866,73.5855612963307
2025-03-04,C2,6,2025-03-04 06:00:00,41865.980258923126,41191.06314741509,674.9171115080317,0.0,True,1253.0408838653434,2.3690531760813656,36274.38640508221,527.5197924073138
2025-03-04,C2,12,2025-03-04 12:00:00,35827.143355899534,34691.14364556306,1135.999710336473,0.0,True,1667.5912632202865,0.0,28810.88623247791,658.4756598096307
2025-03-04,C2,18,2025-03-04 18:00:00,15510.509607526576,14835.190466779874,675.319140746702,0.0,True,427.840394544305,0.0,13398.020505378185,250.0656362945495
2025-03-04,C3,6,2025-03-04 06:00:00,41865.980258923126,41191.06314741509,674.9171115080317,500.0,True,1253.0408838653434,2.3690531760813656,36274.38640508221,527.5197924073138
2025-03-04,C3,12,2025-03-04 12:00:00,35827.143355899534,34691.14364556306,1135.999710336473,500.0,True,1667.5912632202865,0.0,28810.88623247791,658.4756598096307
2025-03-04,C3,18,2025-03-04 18:00:00,15510.509607526576,14835.190466779874,675.319140746702,500.0,True,427.840394544305,0.0,13398.020505378185,250.0656362945495
2025-03-05,C2,6,2025-03-05 06:00:00,41693.61636383605,41612.968634060206,80.64772977584653,0.0,True,76.17672592936037,710.3524783438852,39460.083115107234,213.24217043167005
2025-03-05,C2,12,2025-03-05 12:00:00,30970.21409110529,30748.57595124775,221.6381398575395,0.0,True,0.0,1225.931646267381,30539.248374869578,295.1739778487993
2025-03-05,C2,18,2025-03-05 18:00:00,18081.22120460992,16266.349651316064,1814.8715532938568,0.0,True,16.268381001874104,0.0,14394.427697555577,295.1739778487993
2025-03-05,C3,6,2025-03-05 06:00:00,41693.61636383605,41612.968634060206,80.64772977584653,500.0,False,76.17672592936037,710.3524783438852,39460.083115107234,213.24217043167005
2025-03-05,C3,12,2025-03-05 12:00:00,31367.09546790956,31180.741911662764,186.3535562467914,500.0,False,0.0,535.9333077528718,30947.5921695617,97.69394766392112
2025-03-05,C3,18,2025-03-05 18:00:00,17947.16050845171,16975.72843175544,971.43207669627,500.0,True,388.4806463307781,0.0,15100.632846551123,262.465059450923
2025-03-06,C2,6,2025-03-06 06:00:00,39595.09216225592,39063.37269763051,531.7194646254065,0.0,True,837.6528950430898,426.3533778774256,34722.73854302501,514.9577726093127
2025-03-06,C2,12,2025-03-06 12:00:00,31881.65260981753,29875.83077467452,2005.821835143015,0.0,True,1845.77170491438,372.7660754983566,29700.313767123123,713.130379141921
2025-03-06,C2,18,2025-03-06 18:00:00,14811.384497138326,14087.023874005168,724.3606231331578,0.0,True,409.9363045232894,0.0,12426.547223542942,123.5220732653646
2025-03-06,C3,6,2025-03-06 06:00:00,39595.09216225592,39063.37269763051,531.7194646254065,500.0,True,837.6528950430898,426.3533778774256,34722.73854302501,514.9577726093127
2025-03-06,C3,12,2025-03-06 12:00:00,31881.65260981753,29875.83077467452,2005.821835143015,500.0,True,1845.77170491438,372.7660754983566,29700.313767123123,713.130379141921
2025-03-06,C3,18,2025-03-06 18:00:00,14811.384497138326,14087.023874005168,724.3606231331578,500.0,True,409.9363045232894,0.0,12426.547223542942,123.5220732653646
2025-03-07,C2,6,2025-03-07 06:00:00,7176.8346194772985,6787.936990438512,388.8976290387864,0.0,True,0.6431835471585146,1310.2747271466471,6617.0297185206055,201.96017316893025
2025-03-07,C2,12,2025-03-07 12:00:00,11129.686747164616,9804.09880234053,1325.587944824087,0.0,True,460.8898629724725,0.0,7268.35649183983,284.05320748810607
2025-03-07,C2,18,2025-03-07 18:00:00,7391.886596912786,6488.977160788048,902.9094361247388,0.0,True,1858.9541716775996,0.0,6137.64710752925,508.7436262248927
2025-03-07,C3,6,2025-03-07 06:00:00,7176.8346194772985,6787.936990438512,388.8976290387864,500.0,False,0.6431835471585146,1310.2747271466471,6617.0297185206055,201.96017316893025
2025-03-07,C3,12,2025-03-07 12:00:00,10195.577775725964,10028.527055624689,167.05072010127515,500.0,False,829.7077154548278,0.0,7420.734031063313,284.05320748810607
2025-03-07,C3,18,2025-03-07 18:00:00,7501.881005735856,6488.977160788048,1012.9038449478084,500.0,True,1858.9541716775996,0.0,6137.64710752925,508.7436262248927
2025-03-08,C2,6,2025-03-08 06:00:00,9371.331936915029,9147.18290286974,224.1490340452874,0.0,True,0.0,738.0992113152122,8399.342967425637,109.78102103174648
2025-03-08,C2,12,2025-03-08 12:00:00,9623.740843756912,9552.471888002025,71.26895575488925,0.0,True,0.0,102.2058678474001,8597.484280342323,109.78102103174648
2025-03-08,C2,18,2025-03-08 18:00:00,7560.264327507429,7099.167821778271,461.0965057291578,0.0,True,322.78769432994017,0.976666666667029,5552.791277461557,178.21904793308033
2025-03-08,C3,6,2025-03-08 06:00:00,9371.331936915029,9147.18290286974,224.1490340452874,500.0,False,0.0,738.0992113152122,8399.342967425637,109.78102103174648
2025-03-08,C3,12,2025-03-08 12:00:00,9562.93278860247,9552.471888002025,10.46090060044662,500.0,False,0.0,102.2058678474001,8597.484280342323,32.41863906525589
2025-03-08,C3,18,2025-03-08 18:00:00,7548.821750528249,7099.167821778271,449.65392874997815,500.0,False,322.78769432994017,0.976666666667029,5552.791277461557,178.21904793308033
2025-03-09,C2,6,2025-03-09 06:00:00,40733.921468208326,38071.9256951187,2661.995773089628,0.0,True,652.8466029873107,6841.599762418365,32719.867086174472,966.7784952380956
2025-03-09,C2,12,2025-03-09 12:00:00,38911.99527149205,31101.30775354617,7810.687517945869,0.0,True,111.04940268027576,1650.6664709164318,27795.964845638453,966.7784952380956
2025-03-09,C2,18,2025-03-09 18:00:00,13142.880053821387,12737.415182290948,405.4648715304411,0.0,True,291.1841815700756,152.7269024469689,12603.397137783277,194.7491529348685
2025-03-09,C3,6,2025-03-09 06:00:00,40733.921468208326,38071.9256951187,2661.995773089628,500.0,True,652.8466029873107,6841.599762418365,32719.867086174472,966.7784952380956
2025-03-09,C3,12,2025-03-09 12:00:00,38911.99527149205,31101.30775354617,7810.687517945869,500.0,True,111.04940268027576,1650.6664709164318,27795.964845638453,966.7784952380956
2025-03-09,C3,18,2025-03-09 18:00:00,13142.880053821387,12737.415182290948,405.4648715304411,500.0,False,291.1841815700756,152.7269024469689,12603.397137783277,194.7491529348685
2025-03-10,C2,6,2025-03-10 06:00:00,39469.504669240334,38484.63614802675,984.8685212135824,0.0,True,1448.7344350965536,948.620514230532,36198.08292127595,577.1138468876173
2025-03-10,C2,12,2025-03-10 12:00:00,33994.639918671586,31067.03906792183,2927.600850749757,0.0,True,1151.7696440969771,164.5479722238133,30492.56550886153,679.6938539983939
2025-03-10,C2,18,2025-03-10 18:00:00,15254.138507784925,14656.214266060526,597.9242417243968,0.0,True,398.6269300735832,42.58054890546919,13227.620889585098,302.929512005967
2025-03-10,C3,6,2025-03-10 06:00:00,39469.504669240334,38484.63614802675,984.8685212135824,500.0,True,1448.7344350965536,948.620514230532,36198.08292127595,577.1138468876173
2025-03-10,C3,12,2025-03-10 12:00:00,33994.639918671586,31067.03906792183,2927.600850749757,500.0,True,1151.7696440969771,164.5479722238133,30492.56550886153,679.6938539983939
2025-03-10,C3,18,2025-03-10 18:00:00,15254.138507784925,14656.214266060526,597.9242417243968,500.0,True,398.6269300735832,42.58054890546919,13227.620889585098,302.929512005967
2025-03-11,C2,6,2025-03-11 06:00:00,47516.30088790473,35006.2168686479,12510.084019256828,0.0,True,7332.626437342731,0.0,32962.96680679796,665.0996003103627
2025-03-11,C2,12,2025-03-11 12:00:00,31025.381013002923,30760.05527949612,265.3257335068047,0.0,True,2390.542622858812,0.0,26698.24582642641,438.9271453805718
2025-03-11,C2,18,2025-03-11 18:00:00,14219.695303901057,13604.275962437065,615.4193414639903,0.0,True,371.8825966351958,110.68671312923834,13538.965522123264,259.88630944085503
2025-03-11,C3,6,2025-03-11 06:00:00,47516.30088790473,35006.2168686479,12510.084019256828,500.0,True,7332.626437342731,0.0,32962.96680679796,665.0996003103627
2025-03-11,C3,12,2025-03-11 12:00:00,31025.381013002923,30760.05527949612,265.3257335068047,500.0,False,2390.542622858812,0.0,26698.24582642641,438.9271453805718
2025-03-11,C3,18,2025-03-11 18:00:00,14221.050315054505,13604.275962437065,616.77435261744,500.0,True,371.8825966351958,110.68671312923834,13538.965522123264,259.88630944085503
2025-03-12,C2,6,2025-03-12 06:00:00,37701.46646017849,35212.8433834387,2488.6230767397865,0.0,True,113.68305015467472,6868.09898753774,31802.706766527484,977.9972536845436
2025-03-12,C2,12,2025-03-12 12:00:00,40735.504176563445,31801.82420878777,8933.679967775675,0.0,True,118.20533386575435,448.4705165976192,29182.09527780524,977.9972536845436
2025-03-12,C2,18,2025-03-12 18:00:00,16188.073387332688,15169.122512862788,1018.9508744699016,0.0,True,677.9149921974409,0.0,13670.726137056943,351.6448097455925
2025-03-12,C3,6,2025-03-12 06:00:00,37701.46646017849,35212.8433834387,2488.6230767397865,500.0,True,113.68305015467472,6868.09898753774,31802.706766527484,977.9972536845436
2025-03-12,C3,12,2025-03-12 12:00:00,40735.504176563445,31801.82420878777,8933.679967775675,500.0,True,118.20533386575435,448.4705165976192,29182.09527780524,977.9972536845436
2025-03-12,C3,18,2025-03-12 18:00:00,16188.073387332688,15169.122512862788,1018.9508744699016,500.0,True,677.9149921974409,0.0,13670.726137056943,351.6448097455925
2025-03-13,C2,6,2025-03-13 06:00:00,34400.71215726472,33444.2527222771,956.4594349876132,0.0,True,1852.4064128946811,0.0,32971.779412170246,215.5484133260368
2025-03-13,C2,12,2025-03-13 12:00:00,34662.78827047317,33877.28094662865,785.5073238445184,0.0,True,2170.349179954645,0.0,27254.34067470753,744.1465975142462
2025-03-13,C2,18,2025-03-13 18:00:00,13179.57956600944,12439.890419307463,739.6891467019759,0.0,True,388.8459160430749,18.08813689601766,12331.832390381414,188.16875533524467
2025-03-13,C3,6,2025-03-13 06:00:00,34400.71215726472,33444.2527222771,956.4594349876132,500.0,True,1852.4064128946811,0.0,32971.779412170246,215.5484133260368
2025-03-13,C3,12,2025-03-13 12:00:00,34662.78827047317,33877.28094662865,785.5073238445184,500.0,True,2170.349179954645,0.0,27254.34067470753,744.1465975142462
2025-03-13,C3,18,2025-03-13 18:00:00,13179.57956600944,12439.890419307463,739.6891467019759,500.0,True,388.8459160430749,18.08813689601766,12331.832390381414,188.16875533524467
2025-03-14,C2,6,2025-03-14 06:00:00,6735.005992917361,6236.894404305168,498.1115886121934,0.0,True,527.8576147074721,64.47394149867029,6026.687266521407,105.5195434542662
2025-03-14,C2,12,2025-03-14 12:00:00,7403.667819239276,6931.827272622491,471.8405466167842,0.0,True,1694.4288193095776,6.02562638266096,6635.25538857065,494.5475031140279
2025-03-14,C2,18,2025-03-14 18:00:00,5094.236770992452,4400.133029859791,694.1037411326606,0.0,True,456.49670633490086,0.0,4313.905153271567,330.81854340947456
2025-03-14,C3,6,2025-03-14 06:00:00,6735.005992917361,6236.894404305168,498.1115886121934,500.0,False,527.8576147074721,64.47394149867029,6026.687266521407,105.5195434542662
2025-03-14,C3,12,2025-03-14 12:00:00,7302.272365227667,6601.540150106794,700.7322151208737,500.0,True,1208.702218457955,6.02562638266096,6305.917090156711,149.52725828972814
2025-03-14,C3,18,2025-03-14 18:00:00,5093.239573793403,4400.133029859791,693.1065439336116,500.0,True,456.49670633490086,0.0,4313.905153271567,330.81854340947456
2025-03-15,C2,6,2025-03-15 06:00:00,6290.226758286,6244.636384876038,45.59037340996201,0.0,True,305.57296221285475,6.550461109495245,5900.840760221458,119.90719904953264
2025-03-15,C2,12,2025-03-15 12:00:00,6123.221531887385,5973.958275442299,149.26325644508597,0.0,True,240.65981502343533,57.16495974742568,5816.749586041675,69.98409124337286
2025-03-15,C2,18,2025-03-15 18:00:00,4759.966161687193,4402.329377477784,357.6367842094087,0.0,True,409.46347418413,0.0,4311.37451123498,214.198932213956
2025-03-15,C3,6,2025-03-15 06:00:00,6290.226758286,6244.636384876038,45.59037340996201,500.0,False,305.57296221285475,6.550461109495245,5900.840760221458,119.90719904953264
2025-03-15,C3,12,2025-03-15 12:00:00,6228.558561310154,5973.958275442299,254.60028586785484,500.0,False,240.65981502343533,57.16495974742568,5816.749586041675,53.01798810250912
2025-03-15,C3,18,2025-03-15 18:00:00,4791.254426953668,4402.329377477784,388.9250494758844,500.0,False,409.46347418413,0.0,4311.37451123498,214.198932213956
2025-03-16,C2,6,2025-03-16 06:00:00,33349.828343966365,32724.193821394667,625.6345225716977,0.0,True,1083.6794629456035,122.81115543835996,32114.17996492787,378.9095958707018
2025-03-16,C2,12,2025-03-16 12:00:00,28305.63274494515,28065.209054868807,240.4236900763426,0.0,True,0.0,571.7918571033539,27861.554300199045,148.64338303432135
2025-03-16,C2,18,2025-03-16 18:00:00,14871.39252656755,13866.021060915047,1005.3714656525026,0.0,True,428.2799160892598,0.0,13615.08493111102,154.42722897956617
2025-03-16,C3,6,2025-03-16 06:00:00,33349.828343966365,32724.193821394667,625.6345225716977,500.0,True,1083.6794629456035,122.81115543835996,32114.17996492787,378.9095958707018
2025-03-16,C3,12,2025-03-16 12:00:00,28305.63274494515,28065.209054868807,240.4236900763426,500.0,False,0.0,571.7918571033539,27861.554300199045,148.64338303432135
2025-03-16,C3,18,2025-03-16 18:00:00,14743.590317492526,13882.037806185972,861.5525113065542,500.0,True,436.68368610391167,0.0,13631.101676381946,154.42722897956617
2025-03-17,C2,6,2025-03-17 06:00:00,27624.598846637076,25791.860454455957,1832.73839218112,0.0,True,616.2200383834803,6188.1805260680585,25624.370791210786,725.0818880769972
2025-03-17,C2,12,2025-03-17 12:00:00,34984.18510521746,26522.11531589606,8462.069789321402,0.0,True,1925.4499548169065,138.60245574122337,26222.85874371828,810.6754465485785
2025-03-17,C2,18,2025-03-17 18:00:00,14092.02688351421,13572.959203162514,519.0676803516963,0.0,True,330.6077525799975,0.0,13422.52901079902,216.8199449460128
2025-03-17,C3,6,2025-03-17 06:00:00,27624.598846637076,25791.860454455957,1832.73839218112,500.0,True,616.2200383834803,6188.1805260680585,25624.370791210786,725.0818880769972
2025-03-17,C3,12,2025-03-17 12:00:00,34984.18510521746,26522.11531589606,8462.069789321402,500.0,True,1925.4499548169065,138.60245574122337,26222.85874371828,810.6754465485785
2025-03-17,C3,18,2025-03-17 18:00:00,14092.02688351421,13572.959203162514,519.0676803516963,500.0,True,330.6077525799975,0.0,13422.52901079902,216.8199449460128
2025-03-18,C2,6,2025-03-18 06:00:00,32805.86123666159,31742.439983147884,1063.4212535137085,0.0,True,444.9706024452113,2727.0512482240783,31578.353061385955,293.72287862838573
2025-03-18,C2,12,2025-03-18 12:00:00,25618.64679490869,24576.208149150392,1042.438645758299,0.0,True,0.0,2115.341338769799,24576.208149150385,193.44419523296745
2025-03-18,C2,18,2025-03-18 18:00:00,14349.363217537451,13597.329526559444,752.033690978009,0.0,True,388.589724966716,0.0,13342.996173294952,130.3907689350507
2025-03-18,C3,6,2025-03-18 06:00:00,32805.86123666159,31742.439983147884,1063.4212535137085,500.0,True,444.9706024452113,2727.0512482240783,31578.353061385955,293.72287862838573
2025-03-18,C3,12,2025-03-18 12:00:00,25618.64679490869,24576.208149150392,1042.438645758299,500.0,True,0.0,2115.341338769799,24576.208149150385,193.44419523296745
2025-03-18,C3,18,2025-03-18 18:00:00,14349.363217537451,13597.329526559444,752.033690978009,500.0,True,388.589724966716,0.0,13342.996173294952,130.3907689350507
2025-03-19,C2,6,2025-03-19 06:00:00,35976.967362030555,30346.140794189025,5630.82656784153,0.0,True,4398.614719199557,0.0,28189.78525492782,820.76117825072
2025-03-19,C2,12,2025-03-19 12:00:00,26184.93438080484,25822.60333965045,362.3310411543898,0.0,True,3574.7471388372487,0.0,25366.055335904668,474.2441976168784
2025-03-19,C2,18,2025-03-19 18:00:00,14520.955684658367,13575.313389934658,945.6422947237096,0.0,True,469.854375261656,0.0,13468.271378540074,255.99970070881372
2025-03-19,C3,6,2025-03-19 06:00:00,35976.967362030555,30346.140794189025,5630.82656784153,500.0,True,4398.614719199557,0.0,28189.78525492782,820.76117825072
2025-03-19,C3,12,2025-03-19 12:00:00,26184.93438080484,25822.60333965045,362.3310411543898,500.0,False,3574.7471388372487,0.0,25366.055335904668,474.2441976168784
2025-03-19,C3,18,2025-03-19 18:00:00,14444.885027608529,13546.953040820294,897.931986788235,500.0,True,454.6888186645792,0.0,13439.911029425712,240.83414411173703
2025-03-20,C2,6,2025-03-20 06:00:00,32396.514854340552,29355.73219232334,3040.7826620172127,0.0,True,554.4454469163369,7856.745236758586,28715.01769242932,980.7548546301743
2025-03-20,C2,12,2025-03-20 12:00:00,36615.80408633472,27389.370762561703,9226.433323773012,0.0,True,277.3229124831373,1038.4108400551663,27197.34051378171,837.8619044309673
2025-03-20,C2,18,2025-03-20 18:00:00,12325.82693041571,12244.808003981248,81.01892643446081,0.0,True,289.59702543653,0.0,12124.115905861623,56.64537169117591
2025-03-20,C3,6,2025-03-20 06:00:00,32396.514854340552,29355.73219232334,3040.7826620172127,500.0,True,554.4454469163369,7856.745236758586,28715.01769242932,980.7548546301743
2025-03-20,C3,12,2025-03-20 12:00:00,36615.80408633472,27389.370762561703,9226.433323773012,500.0,True,277.3229124831373,1038.4108400551663,27197.34051378171,837.8619044309673
2025-03-20,C3,18,2025-03-20 18:00:00,12325.82693041571,12244.808003981248,81.01892643446081,500.0,False,289.59702543653,0.0,12124.115905861623,56.64537169117591
2025-03-21,C2,6,2025-03-21 06:00:00,5978.592417546269,5630.698129653384,347.8942878928847,0.0,True,179.17893204010915,756.1092436130239,5468.990558767073,113.03395043110925
2025-03-21,C2,12,2025-03-21 12:00:00,5939.069678274285,5489.218569451387,449.8511088228979,0.0,True,0.0,365.9078678367882,5433.074839982548,75.79833171623247
2025-03-21,C2,18,2025-03-21 18:00:00,3927.602509248627,3906.625623603686,20.97688564494092,0.0,True,57.32881042250341,0.0,3667.704905843536,42.60769294882016
2025-03-21,C3,6,2025-03-21 06:00:00,5978.592417546269,5630.698129653384,347.8942878928847,500.0,False,179.17893204010915,756.1092436130239,5468.990558767073,113.03395043110925
2025-03-21,C3,12,2025-03-21 12:00:00,5585.474142834085,5489.218569451387,96.25557338269756,500.0,False,0.0,365.9078678367882,5433.074839982548,113.03395043110925
2025-03-21,C3,18,2025-03-21 18:00:00,3926.912221282668,3906.625623603686,20.286597678981707,500.0,False,57.32881042250341,0.0,3667.704905843536,42.60769294882016
2025-03-22,C2,6,2025-03-22 06:00:00,6408.4777624470935,6237.622476624214,170.85528582287952,0.0,True,0.0,623.1003474678516,6086.854725489589,99.59203539124763
2025-03-22,C2,12,2025-03-22 12:00:00,6405.018842058948,6259.692268756602,145.32657330234633,0.0,True,9.976865058683243,289.1483495753331,6181.773607958059,66.96518386847691
2025-03-22,C2,18,2025-03-22 18:00:00,4498.689491097132,4430.797871068157,67.89162002897501,0.0,True,137.7135583724401,53.01975025089183,4237.458780911045,137.7135583724401
2025-03-22,C3,6,2025-03-22 06:00:00,6408.4777624470935,6237.622476624214,170.85528582287952,500.0,False,0.0,623.1003474678516,6086.854725489589,99.59203539124763
2025-03-22,C3,12,2025-03-22 12:00:00,6307.746886047712,6259.692268756602,48.054617291109935,500.0,False,9.976865058683243,289.1483495753331,6181.773607958059,65.44760459229985
2025-03-22,C3,18,2025-03-22 18:00:00,4494.805391484603,4430.797871068155,64.00752041644864,500.0,False,137.71355837243846,53.01975025089183,4237.458780911043,137.71355837243846
2025-03-23,C2,6,2025-03-23 06:00:00,29636.835333244308,28691.46622955481,945.369103689496,0.0,True,0.0,2513.5528905622773,28668.39289707744,208.63993475188735
2025-03-23,C2,12,2025-03-23 12:00:00,24261.55370985409,24163.2701277632,98.28358209089492,0.0,True,0.0,1635.3449508766726,24154.73274723469,176.8238721422357
2025-03-23,C2,18,2025-03-23 18:00:00,13773.269174641253,13042.988264700747,730.280909940504,0.0,True,293.2132981003342,32.52120478652216,12941.019186577963,240.40940143087064
2025-03-23,C3,6,2025-03-23 06:00:00,29636.835333244308,28691.46622955481,945.369103689496,500.0,True,0.0,2513.5528905622773,28668.39289707744,208.63993475188735
2025-03-23,C3,12,2025-03-23 12:00:00,24261.55370985409,24163.2701277632,98.28358209089492,500.0,False,0.0,1635.3449508766726,24154.73274723469,176.8238721422357
2025-03-23,C3,18,2025-03-23 18:00:00,13759.416705777909,13050.729496216713,708.6872095611943,500.0,True,297.3062642440757,32.52120478652216,12948.76041809393,244.5023675746121
2025-03-24,C2,6,2025-03-24 06:00:00,28745.32736037555,28398.3201562557,347.00720411985094,0.0,True,259.7124249577743,1039.3668545472196,28288.859949071,319.85604675908235
2025-03-24,C2,12,2025-03-24 12:00:00,26264.684647989863,25344.16246088001,920.5221871098512,0.0,True,786.8887590043255,499.0053457438803,25246.81666054182,435.0337827917271
2025-03-24,C2,18,2025-03-24 18:00:00,13838.989924007648,13409.232485190492,429.75743881715607,0.0,True,317.6108711378878,25.10767630826831,13200.223078210243,171.58694308797612
2025-03-24,C3,6,2025-03-24 06:00:00,28745.32736037555,28398.3201562557,347.00720411985094,500.0,False,259.7124249577743,1039.3668545472196,28288.859949071,319.85604675908235
2025-03-24,C3,12,2025-03-24 12:00:00,26070.36456540337,25447.87989556506,622.4846698383117,500.0,True,866.6590586046192,500.7365674315349,25348.14098821897,435.0337827917271
2025-03-24,C3,18,2025-03-24 18:00:00,13945.676623028035,13451.856915601074,493.8197074269629,500.0,False,340.22810047598614,25.10767630826831,13242.847508620824,194.20417242607448
2025-03-25,C2,6,2025-03-25 06:00:00,32193.1776040422,29959.769951689377,2233.40765235282,0.0,True,0.0,6958.251206250926,29901.34065667248,978.4324239061664
2025-03-25,C2,12,2025-03-25 12:00:00,31287.88840592465,25526.651562693773,5761.236843230876,0.0,True,0.0,2057.4550767563583,25464.850134066717,789.0828558165782
2025-03-25,C2,18,2025-03-25 18:00:00,14003.975410058512,12957.63380944954,1046.3416006089735,0.0,True,512.0517500464347,85.70080761928841,12822.838820065865,126.3961184999148
2025-03-25,C3,6,2025-03-25 06:00:00,32193.1776040422,29959.769951689377,2233.40765235282,500.0,True,0.0,6958.251206250926,29901.34065667248,978.4324239061664
2025-03-25,C3,12,2025-03-25 12:00:00,31287.88840592465,25526.651562693773,5761.236843230876,500.0,True,0.0,2057.4550767563583,25464.850134066717,789.0828558165782
2025-03-25,C3,18,2025-03-25 18:00:00,14003.975410058512,12957.63380944954,1046.3416006089735,500.0,True,512.0517500464347,85.70080761928841,12822.838820065865,126.3961184999148
2025-03-26,C2,6,2025-03-26 06:00:00,27912.43778504107,27255.18763950155,657.2501455395213,0.0,True,1150.62114091812,370.3551192441527,26815.874651015296,522.617969903717
2025-03-26,C2,12,2025-03-26 12:00:00,24773.737386228662,24632.2650335162,141.4723527124661,0.0,True,89.55057552918817,638.0187950020847,24468.32180834563,133.3393699675628
2025-03-26,C2,18,2025-03-26 18:00:00,13217.374726725906,13128.93452199043,88.44020473547607,0.0,True,162.1480445040208,24.93829039058687,12798.339441303351,54.01081706468517
2025-03-26,C3,6,2025-03-26 06:00:00,27912.43778504107,27255.18763950155,657.2501455395213,500.0,True,1150.62114091812,370.3551192441527,26815.874651015296,522.617969903717
2025-03-26,C3,12,2025-03-26 12:00:00,24773.737386228662,24632.2650335162,141.4723527124661,500.0,False,89.55057552918817,638.0187950020847,24468.32180834563,133.3393699675628
2025-03-26,C3,18,2025-03-26 18:00:00,13304.147320148106,13159.29728703785,144.85003311025503,500.0,False,178.04145166870927,24.93829039058687,12828.702206350774,101.3381091757558
2025-03-27,C2,6,2025-03-27 06:00:00,30967.21138185001,29782.70902972593,1184.50235212408,0.0,True,801.062835013409,250.1759233735479,28494.22271099184,121.01999799855535
2025-03-27,C2,12,2025-03-27 12:00:00,25143.573443118574,24120.64927346922,1022.9241696493556,0.0,True,2.273736754432321e-13,561.2762400601582,24085.98732151935,132.19169444444424
2025-03-27,C2,18,2025-03-27 18:00:00,14902.694489102636,13778.955470844568,1123.7390182580675,0.0,True,433.7403066469915,0.0,13641.37719300092,271.3094101628098
2025-03-27,C3,6,2025-03-27 06:00:00,30967.21138185001,29782.70902972593,1184.50235212408,500.0,True,801.062835013409,250.1759233735479,28494.22271099184,121.01999799855535
2025-03-27,C3,12,2025-03-27 12:00:00,25143.573443118574,24120.64927346922,1022.9241696493556,500.0,True,2.273736754432321e-13,561.2762400601582,24085.98732151935,132.19169444444424
2025-03-27,C3,18,2025-03-27 18:00:00,14902.694489102636,13778.955470844568,1123.7390182580675,500.0,True,433.7403066469915,0.0,13641.37719300092,271.3094101628098
2025-03-28,C2,6,2025-03-28 06:00:00,5499.651517794422,5460.611844485285,39.03967330913747,0.0,True,203.48715314323937,242.1174195563144,5369.5035203089465,102.35974879652764
2025-03-28,C2,12,2025-03-28 12:00:00,5497.42065995242,5449.468374461054,47.95228549136573,0.0,True,142.0108288637989,142.1433151987654,5323.20715150346,50.39143618149046
2025-03-28,C2,18,2025-03-28 18:00:00,4583.438314593812,4185.481003531948,397.957311061864,0.0,True,403.9410719101508,63.60910070149896,4077.851827599275,153.43716854308866
2025-03-28,C3,6,2025-03-28 06:00:00,5499.651517794422,5460.611844485285,39.03967330913747,500.0,False,203.48715314323937,242.1174195563144,5369.5035203089465,102.35974879652764
2025-03-28,C3,12,2025-03-28 12:00:00,5481.319539747711,5449.468374461054,31.851165286657302,500.0,False,142.0108288637989,142.1433151987654,5323.20715150346,72.82650653854205
2025-03-28,C3,18,2025-03-28 18:00:00,4383.059108484164,4045.870342043772,337.18876644039256,500.0,False,310.3149031892461,63.60910070149896,3938.241166111098,204.46779990149216
2025-03-29,C2,6,2025-03-29 06:00:00,5845.885629369525,5350.405016370944,495.4806129985818,0.0,True,506.8795349643172,0.0,5234.935519659869,92.77259274956832
2025-03-29,C2,12,2025-03-29 12:00:00,5480.724446109248,5437.719602677106,43.00484343214157,0.0,True,395.2136717543215,6.300693787116643,5115.134686707469,84.72118103561172
2025-03-29,C2,18,2025-03-29 18:00:00,4094.876283804695,3945.67717304935,149.19911075534446,0.0,True,319.3382480854167,119.76662781045496,3871.317980511516,239.53207078036348
2025-03-29,C3,6,2025-03-29 06:00:00,5845.885629369525,5350.405016370944,495.4806129985818,500.0,False,506.8795349643172,0.0,5234.935519659869,92.77259274956832
2025-03-29,C3,12,2025-03-29 12:00:00,5803.099094256845,5437.719602677106,365.3794915797389,500.0,False,395.2136717543215,6.300693787116643,5115.134686707469,74.55678175792389
2025-03-29,C3,18,2025-03-29 18:00:00,4075.3584519902543,3936.056525216214,139.3019267740401,500.0,False,313.1545176360429,119.76662781045496,3861.69733267838,239.53207078036348
2025-03-30,C2,6,2025-03-30 06:00:00,25946.49496506357,25580.45977456782,366.035190495757,0.0,True,0.0,2063.26005164902,25061.32828931119,836.7408277777778
2025-03-30,C2,12,2025-03-30 12:00:00,22866.4012494862,22785.679850210843,80.72139927535318,0.0,True,0.0,1159.064959647657,22351.715317186103,227.2294157369729
2025-03-30,C2,18,2025-03-30 18:00:00,12794.94014923019,12099.18179742202,695.7583518081683,0.0,True,344.1802944731958,39.10715731024993,12032.945088324012,170.44946953244937
2025-03-30,C3,6,2025-03-30 06:00:00,25946.49496506357,25580.45977456782,366.035190495757,500.0,False,0.0,2063.26005164902,25061.32828931119,836.7408277777778
2025-03-30,C3,12,2025-03-30 12:00:00,22974.756805958063,22812.12442993525,162.6323760228115,500.0,False,0.0,1127.2124898542827,22357.6812847784,307.1164933243225
2025-03-30,C3,18,2025-03-30 18:00:00,12731.065023194506,12102.097576156852,628.9674470376522,500.0,True,345.7288107560676,39.10715731025016,12035.860867058846,171.99798581532093
2025-03-31,C2,6,2025-03-31 06:00:00,40212.23025254009,31482.91589882267,8729.314353717418,0.0,True,7025.459253745803,0.0,30040.30122887608,868.661076913648
2025-03-31,C2,12,2025-03-31 12:00:00,27140.614039349264,24103.373591875115,3037.240447474149,0.0,True,1066.05002138731,0.0,23651.7623083516,868.661076913648
2025-03-31,C2,18,2025-03-31 18:00:00,13223.455623484098,12571.361537407298,652.0940860768005,0.0,True,487.0197585246564,0.0,12460.718092343952,141.7834466660388
2025-03-31,C3,6,2025-03-31 06:00:00,40212.23025254009,31482.91589882267,8729.314353717418,500.0,True,7025.459253745803,0.0,30040.30122887608,868.661076913648
2025-03-31,C3,12,2025-03-31 12:00:00,27140.614039349264,24103.373591875115,3037.240447474149,500.0,True,1066.05002138731,0.0,23651.7623083516,868.661076913648
2025-03-31,C3,18,2025-03-31 18:00:00,13223.455623484098,12571.361537407298,652.0940860768005,500.0,True,487.0197585246564,0.0,12460.718092343952,141.7834466660388
2025-04-01,C2,6,2025-04-01 06:00:00,31150.894438527605,29755.73853733338,1395.1559011942263,0.0,True,1356.7662223875304,3167.7713515130768,29691.481863805835,867.4279578440232
2025-04-01,C2,12,2025-04-01 12:00:00,25285.49913987415,24851.121509768152,434.3776301059988,0.0,True,821.6229949061614,970.8188355650886,24665.037513896503,694.3285368485078
2025-04-01,C2,18,2025-04-01 18:00:00,14868.206223782405,13645.608407786767,1222.5978159956358,0.0,True,454.89324959430826,52.117767312921615,13542.24618878258,283.041936904254
2025-04-01,C3,6,2025-04-01 06:00:00,31150.894438527605,29755.73853733338,1395.1559011942263,500.0,True,1356.7662223875304,3167.7713515130768,29691.481863805835,867.4279578440232
2025-04-01,C3,12,2025-04-01 12:00:00,25285.49913987415,24851.121509768152,434.3776301059988,500.0,False,821.6229949061614,970.8188355650886,24665.037513896503,694.3285368485078
2025-04-01,C3,18,2025-04-01 18:00:00,14741.347832044172,13660.97839176087,1080.3694402833023,500.0,True,463.0119850215614,52.117767312921615,13557.616172756683,283.041936904254
2025-04-02,C2,6,2025-04-02 06:00:00,38892.017713785564,33450.601995898025,5441.415717887539,0.0,True,5431.721300739366,0.0,32398.667778664363,923.2079905766616
2025-04-02,C2,12,2025-04-02 12:00:00,24608.61464021122,24003.203828156864,605.4108120543569,0.0,True,1914.1164716805783,16.317697186166356,23552.307262058603,405.0923533829785
2025-04-02,C2,18,2025-04-02 18:00:00,13934.350360160244,12714.972650887888,1219.3777092723558,0.0,True,525.2337780004991,0.0,12569.593351468053,182.84415799296775
2025-04-02,C3,6,2025-04-02 06:00:00,38892.017713785564,33450.601995898025,5441.415717887539,500.0,True,5431.721300739366,0.0,32398.667778664363,923.2079905766616
2025-04-02,C3,12,2025-04-02 12:00:00,24608.61464021122,24003.203828156864,605.4108120543569,500.0,True,1914.1164716805783,16.317697186166356,23552.307262058603,405.0923533829785
2025-04-02,C3,18,2025-04-02 18:00:00,13934.350360160244,12714.972650887888,1219.3777092723558,500.0,True,525.2337780004991,0.0,12569.593351468053,182.84415799296775
2025-04-03,C2,6,2025-04-03 06:00:00,28483.59401641205,27369.247683129703,1114.3463332823485,0.0,True,0.0,3312.9993388887924,27304.185554939053,483.3264811204375
2025-04-03,C2,12,2025-04-03 12:00:00,28121.08576589022,24702.58622681054,3418.4995390796794,0.0,True,0.0,1285.8267678003858,24682.172440522678,483.3264811204375
2025-04-03,C2,18,2025-04-03 18:00:00,13607.073344716418,12758.21502989749,848.8583148189282,0.0,True,417.3525603973148,0.0,12655.85215920822,158.4521661160702
2025-04-03,C3,6,2025-04-03 06:00:00,28483.59401641205,27369.247683129703,1114.3463332823485,500.0,True,0.0,3312.9993388887924,27304.185554939053,483.3264811204375
2025-04-03,C3,12,2025-04-03 12:00:00,28121.08576589022,24702.58622681054,3418.4995390796794,500.0,True,0.0,1285.8267678003858,24682.172440522678,483.3264811204375
2025-04-03,C3,18,2025-04-03 18:00:00,13607.073344716418,12758.21502989749,848.8583148189282,500.0,True,417.3525603973148,0.0,12655.85215920822,158.4521661160702
2025-04-04,C2,6,2025-04-04 06:00:00,4959.134083969723,4884.049868827029,75.08421514269412,0.0,True,19.7375884401456,301.83390715521733,4689.383946052834,96.71419162854797
2025-04-04,C2,12,2025-04-04 12:00:00,5331.739077812972,5041.517305544711,290.2217722682608,0.0,True,0.0,0.0,4775.772363491844,96.71419162854797
2025-04-04,C2,18,2025-04-04 18:00:00,4793.387446415208,4333.62388321316,459.7635632020474,0.0,True,364.5993182323638,0.0,4176.738572652238,228.26712994026667
2025-04-04,C3,6,2025-04-04 06:00:00,4959.134083969723,4884.049868827029,75.08421514269412,500.0,False,19.7375884401456,301.83390715521733,4689.383946052834,96.71419162854797
2025-04-04,C3,12,2025-04-04 12:00:00,5041.517305544711,5041.517305544711,0.0,500.0,False,0.0,0.0,4775.772363491844,0.0
2025-04-04,C3,18,2025-04-04 18:00:00,4793.387446415208,4333.62388321316,459.7635632020474,500.0,False,364.5993182323638,0.0,4176.738572652238,228.26712994026667
2025-04-05,C2,6,2025-04-05 06:00:00,5645.238494308053,5516.534671583216,128.70382272483766,0.0,True,385.37963402494825,0.0,5280.43874254244,183.12852245317163
2025-04-05,C2,12,2025-04-05 12:00:00,5161.588441159925,5151.723854014135,9.86458714579021,0.0,True,112.37880864160144,74.01063177489243,5021.0129187569055,52.968142174700745
2025-04-05,C2,18,2025-04-05 18:00:00,5692.88717552269,4537.12843948786,1155.7587360348298,0.0,True,572.5196510206029,0.0,4508.091341407137,220.04848593222707
2025-04-05,C3,6,2025-04-05 06:00:00,5645.238494308053,5516.534671583216,128.70382272483766,500.0,False,385.37963402494825,0.0,5280.43874254244,183.12852245317163
2025-04-05,C3,12,2025-04-05 12:00:00,5195.136025587481,5151.723854014135,43.41217157334541,500.0,False,112.37880864160144,74.01063177489243,5021.0129187569055,35.49929868922192
2025-04-05,C3,18,2025-04-05 18:00:00,5711.319698649272,4537.12843948786,1174.1912591614118,500.0,True,572.5196510206029,0.0,4508.091341407137,220.04848593222707
2025-04-06,C2,6,2025-04-06 06:00:00,26380.14761397236,25553.75615531429,826.391458658065,0.0,True,318.66324125293664,3256.244574213173,24919.14952395111,815.4268595945629
2025-04-06,C2,12,2025-04-06 12:00:00,29636.63253982224,24572.9163785404,5063.716161281842,0.0,True,2241.683796419173,1394.34035847695,24315.926163394302,777.616285669539
2025-04-06,C2,18,2025-04-06 18:00:00,13530.11253017006,12428.29015730692,1101.8223728631383,0.0,True,451.7805243961593,0.0,12369.69239924777,217.12306667139492
2025-04-06,C3,6,2025-04-06 06:00:00,26380.14761397236,25553.75615531429,826.391458658065,500.0,True,318.66324125293664,3256.244574213173,24919.14952395111,815.4268595945629
2025-04-06,C3,12,2025-04-06 12:00:00,29636.63253982224,24572.9163785404,5063.716161281842,500.0,True,2241.683796419173,1394.34035847695,24315.926163394302,777.616285669539
2025-04-06,C3,18,2025-04-06 18:00:00,13530.11253017006,12428.29015730692,1101.8223728631383,500.0,True,451.7805243961593,0.0,12369.69239924777,217.12306667139492
2025-04-07,C2,6,2025-04-07 06:00:00,33781.20338689424,27207.321347537894,6573.88203935634,0.0,True,4729.7377415659785,30.849734096782758,25142.58218431144,669.3463467664275
2025-04-07,C2,12,2025-04-07 12:00:00,23964.680295193102,23544.18136408668,420.4989311064237,0.0,True,3072.960397212756,0.0,23071.766664636398,531.0659758484553
2025-04-07,C2,18,2025-04-07 18:00:00,13324.889702115546,12539.645558056924,785.2441440586226,0.0,True,376.0058250886361,94.18167866577836,12290.408270894344,130.39901910713888
2025-04-07,C3,6,2025-04-07 06:00:00,33781.20338689424,27207.321347537894,6573.88203935634,500.0,True,4729.7377415659785,30.849734096782758,25142.58218431144,669.3463467664275
2025-04-07,C3,12,2025-04-07 12:00:00,23964.680295193102,23544.18136408668,420.4989311064237,500.0,False,3072.960397212756,0.0,23071.766664636398,531.0659758484553
2025-04-07,C3,18,2025-04-07 18:00:00,13388.348543574364,12588.996920847603,799.3516227267592,500.0,True,402.171650225523,94.18167866577836,12339.759633685027,144.14093297483203
2025-04-08,C2,6,2025-04-08 06:00:00,28258.997049261012,27175.67718619519,1083.3198630658262,0.0,True,142.07487311479375,4459.470400341696,26821.109272609287,882.6990733740339
2025-04-08,C2,12,2025-04-08 12:00:00,25260.399763391844,24435.42126979729,824.9784935945536,0.0,True,19.655896524174523,2310.3319919419564,24307.199886461247,728.2997171414997
2025-04-08,C2,18,2025-04-08 18:00:00,13574.079234542349,12538.242573893907,1035.8366606484396,0.0,True,409.61892037421217,46.24185589979777,12460.22487394071,173.62948225146238
2025-04-08,C3,6,2025-04-08 06:00:00,28258.997049261012,27175.67718619519,1083.3198630658262,500.0,True,142.07487311479375,4459.470400341696,26821.109272609287,882.6990733740339
2025-04-08,C3,12,2025-04-08 12:00:00,25260.399763391844,24435.42126979729,824.9784935945536,500.0,True,19.655896524174523,2310.3319919419564,24307.199886461247,728.2997171414997
2025-04-08,C3,18,2025-04-08 18:00:00,13574.079234542349,12538.242573893907,1035.8366606484396,500.0,True,409.61892037421217,46.24185589979777,12460.22487394071,173.62948225146238
2025-04-09,C2,6,2025-04-09 06:00:00,33859.78169083788,29968.32729560981,3891.4543952280656,0.0,True,3433.640866802453,0.0,29018.9865067876,682.7924307499662
2025-04-09,C2,12,2025-04-09 12:00:00,27037.110185101123,26574.069859733256,463.0403253678669,0.0,True,1011.4528744163608,141.54024041244338,25994.961396600957,627.6658218857697
2025-04-09,C2,18,2025-04-09 18:00:00,13889.396364763912,13255.874586634993,633.5217781289211,0.0,True,325.8769517628665,9.343275513657886,13192.15672067045,191.4549388569979
2025-04-09,C3,6,2025-04-09 06:00:00,33859.78169083788,29968.32729560981,3891.4543952280656,500.0,True,3433.640866802453,0.0,29018.9865067876,682.7924307499662
2025-04-09,C3,12,2025-04-09 12:00:00,27037.110185101123,26574.069859733256,463.0403253678669,500.0,False,1011.4528744163608,141.54024041244338,25994.961396600957,627.6658218857697
2025-04-09,C3,18,2025-04-09 18:00:00,14033.0445781178,13284.999237357568,748.0453407602308,500.0,True,341.36672744300523,9.343275513657886,13221.28137139303,206.94471453713655
2025-04-10,C2,6,2025-04-10 06:00:00,29205.563294540112,28337.006554354943,868.5567401851658,0.0,True,2859.147160622447,3.5977128581456554,25857.209185779644,538.5235021384973
2025-04-10,C2,12,2025-04-10 12:00:00,23801.141716889302,23235.00576847386,566.1359484154418,0.0,True,0.0,531.3868079488768,23054.182566990698,385.4761031764416
2025-04-10,C2,18,2025-04-10 18:00:00,14642.920909482078,13154.54987417343,1488.371035308648,0.0,True,505.82104849751215,1.624039958468984,13010.045345150444,272.0564018509972
2025-04-10,C3,6,2025-04-10 06:00:00,29205.563294540112,28337.006554354943,868.5567401851658,500.0,True,2859.147160622447,3.5977128581456554,25857.209185779644,538.5235021384973
2025-04-10,C3,12,2025-04-10 12:00:00,23801.141716889302,23235.00576847386,566.1359484154418,500.0,True,0.0,531.3868079488768,23054.182566990698,385.4761031764416
2025-04-10,C3,18,2025-04-10 18:00:00,14642.920909482078,13154.54987417343,1488.371035308648,500.0,True,505.82104849751215,1.624039958468984,13010.045345150444,272.0564018509972
2025-04-11,C2,6,2025-04-11 06:00:00,4933.125554791139,4689.554115437131,243.57143935400745,0.0,True,271.28733582646845,33.04368776999701,4588.5653191493575,120.18144555918671
2025-04-11,C2,12,2025-04-11 12:00:00,4422.332126031389,4413.06513903452,9.266986996868582,0.0,True,0.0,72.46175123248292,4333.857294443054,17.820704209984797
2025-04-11,C2,18,2025-04-11 18:00:00,5540.534384829104,4442.228477544644,1098.30590728446,0.0,True,395.86328174339377,46.10619188297079,4210.128272049677,337.66372788936184
2025-04-11,C3,6,2025-04-11 06:00:00,4933.125554791139,4689.554115437131,243.57143935400745,500.0,False,271.28733582646845,33.04368776999701,4588.5653191493575,120.18144555918671
2025-04-11,C3,12,2025-04-11 12:00:00,4423.385064160702,4413.06513903452,10.31992512618217,500.0,False,0.0,72.46175123248292,4333.857294443054,44.38177847240525
2025-04-11,C3,18,2025-04-11 18:00:00,5532.820190981044,4442.228477544644,1090.5917134364,500.0,True,395.86328174339377,46.10619188297079,4210.128272049677,337.66372788936184
2025-04-12,C2,6,2025-04-12 06:00:00,5179.815233542351,4986.408413925372,193.4068196169792,0.0,True,15.65494470401478,728.2451650005719,4884.117449833492,153.70286281195882
2025-04-12,C2,12,2025-04-12 12:00:00,5333.178824087284,5110.544497231026,222.63432685625776,0.0,True,56.41962348713668,340.2851928539509,5052.33981334419,130.63192050606347
2025-04-12,C2,18,2025-04-12 18:00:00,5175.493381384928,4420.797733514693,754.6956478702341,0.0,True,474.260442034361,13.107466236277103,4306.787526736585,319.601343114674
2025-04-12,C3,6,2025-04-12 06:00:00,5179.815233542351,4986.408413925372,193.4068196169792,500.0,False,15.65494470401478,728.2451650005719,4884.117449833492,153.70286281195882
2025-04-12,C3,12,2025-04-12 12:00:00,5209.196884608392,5110.544497231026,98.6523873773658,500.0,False,56.41962348713668,340.2851928539509,5052.33981334419,86.61458989487608
2025-04-12,C3,18,2025-04-12 18:00:00,4991.064899215164,4346.352438111163,644.7124611040008,500.0,True,423.2320676402765,13.107466236277103,4232.342231333055,268.5729687205909
2025-04-13,C2,6,2025-04-13 06:00:00,24294.502246106305,24057.62262446886,236.8796216374467,0.0,True,178.24672237087657,957.6523897159752,23530.458620809317,257.40300259996275
2025-04-13,C2,12,2025-04-13 12:00:00,26815.49362826223,23637.867938424155,3177.6256898380743,0.0,True,2297.4705075606657,485.5145576433093,22976.018124460545,813.6861779815238
2025-04-13,C2,18,2025-04-13 18:00:00,14444.828022741953,12613.660082252563,1831.1679404893891,0.0,True,793.525576887728,0.0,12540.579173137168,532.5705423034677
2025-04-13,C3,6,2025-04-13 06:00:00,24294.502246106305,24057.62262446886,236.8796216374467,500.0,False,178.24672237087657,957.6523897159752,23530.458620809317,257.40300259996275
2025-04-13,C3,12,2025-04-13 12:00:00,26778.61626298987,23640.200211672454,3138.416051317414,500.0,True,2299.74733994052,485.5145576433093,22978.350397708848,813.6861779815238
2025-04-13,C3,18,2025-04-13 18:00:00,14444.828022741953,12613.660082252563,1831.1679404893891,500.0,True,793.525576887728,0.0,12540.579173137168,532.5705423034677
2025-04-14,C2,6,2025-04-14 06:00:00,25299.78972739966,23386.170273843312,1913.619453556348,0.0,True,0.0,5347.52910622064,23360.013772320504,740.4547163811262
2025-04-14,C2,12,2025-04-14 12:00:00,24760.970575234027,21471.92627819297,3289.0442970410586,0.0,True,0.0,1531.9681568639098,21398.46543612201,740.4547163811262
2025-04-14,C2,18,2025-04-14 18:00:00,14411.096117616566,12886.07313118573,1525.0229864308349,0.0,True,572.3809460082648,0.0,12573.11217215342,267.9151688804413
2025-04-14,C3,6,2025-04-14 06:00:00,25299.78972739966,23386.170273843312,1913.619453556348,500.0,True,0.0,5347.52910622064,23360.013772320504,740.4547163811262
2025-04-14,C3,12,2025-04-14 12:00:00,24760.970575234027,21471.92627819297,3289.0442970410586,500.0,True,0.0,1531.9681568639098,21398.46543612201,740.4547163811262
2025-04-14,C3,18,2025-04-14 18:00:00,14411.096117616566,12886.07313118573,1525.0229864308349,500.0,True,572.3809460082648,0.0,12573.11217215342,267.9151688804413
2025-04-15,C2,6,2025-04-15 06:00:00,28973.142149740597,24576.510939836076,4396.631209904521,0.0,True,4006.789158679552,99.03740746673007,23608.19719667696,824.3542227524675
2025-04-15,C2,12,2025-04-15 12:00:00,23032.701059465853,21862.49400353859,1170.2070559272615,0.0,True,1967.416261681306,37.44904584826838,21602.163856240197,453.6624239811983
2025-04-15,C2,18,2025-04-15 18:00:00,14971.427469431024,12925.170405928831,2046.257063502193,0.0,True,792.2934618530811,99.00097247023324,12834.32281092056,562.5512912661547
2025-04-15,C3,6,2025-04-15 06:00:00,28973.142149740597,24576.510939836076,4396.631209904521,500.0,True,4006.789158679552,99.03740746673007,23608.19719667696,824.3542227524675
2025-04-15,C3,12,2025-04-15 12:00:00,23032.701059465853,21862.49400353859,1170.2070559272615,500.0,True,1967.416261681306,37.44904584826838,21602.163856240197,453.6624239811983
2025-04-15,C3,18,2025-04-15 18:00:00,14971.427469431024,12925.170405928831,2046.257063502193,500.0,True,792.2934618530811,99.00097247023324,12834.32281092056,562.5512912661547
2025-04-16,C2,6,2025-04-16 06:00:00,29406.887991562984,26586.9908218835,2819.897169679484,0.0,True,2822.9100339068395,45.5883856472874,25821.828372675867,667.313749306889
2025-04-16,C2,12,2025-04-16 12:00:00,23750.600210878867,22988.7434092537,761.8568016251666,0.0,True,1049.6912188354463,669.8656127121907,22682.106845911014,274.3948433509581
2025-04-16,C2,18,2025-04-16 18:00:00,13344.043058054787,12485.521389455998,858.5216685987889,0.0,True,459.6340543602688,202.08711342263416,12426.601430246164,192.96561249975696
2025-04-16,C3,6,2025-04-16 06:00:00,29406.887991562984,26586.9908218835,2819.897169679484,500.0,True,2822.9100339068395,45.5883856472874,25821.828372675867,667.313749306889
2025-04-16,C3,12,2025-04-16 12:00:00,23750.600210878867,22988.7434092537,761.8568016251666,500.0,True,1049.6912188354463,669.8656127121907,22682.106845911014,274.3948433509581
2025-04-16,C3,18,2025-04-16 18:00:00,13344.043058054787,12485.521389455998,858.5216685987889,500.0,True,459.6340543602688,202.08711342263416,12426.601430246164,192.96561249975696
2025-04-17,C2,6,2025-04-17 06:00:00,27897.29482685216,24500.67094449325,3396.623882358912,0.0,True,3947.74186504084,15.736669499725965,23833.637025379077,538.8768096268665
2025-04-17,C2,12,2025-04-17 12:00:00,22167.6573522336,21762.57965530636,405.07769692724105,0.0,True,717.6929082870432,1.1087590834338243,21507.23362794301,493.9999248621653
2025-04-17,C2,18,2025-04-17 18:00:00,13842.433117050969,12558.981132619569,1283.4519844314,0.0,True,462.2799864597004,0.0,12377.912493259832,280.0577973227631
2025-04-17,C3,6,2025-04-17 06:00:00,27897.29482685216,24500.67094449325,3396.623882358912,500.0,True,3947.74186504084,15.736669499725965,23833.637025379077,538.8768096268665
2025-04-17,C3,12,2025-04-17 12:00:00,22167.6573522336,21762.57965530636,405.07769692724105,500.0,False,717.6929082870432,1.1087590834338243,21507.23362794301,493.9999248621653
2025-04-17,C3,18,2025-04-17 18:00:00,13839.510651824883,12535.410776709808,1304.0998751150764,500.0,True,449.8326079691233,0.0,12354.342137350077,267.61041883218604
2025-04-18,C2,6,2025-04-18 06:00:00,4774.3682997576825,4672.508214540266,101.86008521741678,0.0,True,110.6936514456426,94.4274251511984,4441.535254290263,86.16555493811302
2025-04-18,C2,12,2025-04-18 12:00:00,4387.048612593708,4377.838060442285,9.210552151423144,0.0,True,0.0,55.9244275193297,4350.117356780458,26.731517989089525
2025-04-18,C2,18,2025-04-18 18:00:00,4610.940008721528,4018.404222150314,592.535786571214,0.0,True,345.95594914141515,76.89878355676103,3783.040351173604,303.023999279346
2025-04-18,C3,6,2025-04-18 06:00:00,4774.3682997576825,4672.508214540266,101.86008521741678,500.0,False,110.6936514456426,94.4274251511984,4441.535254290263,86.16555493811302
2025-04-18,C3,12,2025-04-18 12:00:00,4383.380109405741,4377.838060442285,5.542048963456182,500.0,False,0.0,55.9244275193297,4350.117356780458,25.523718881465243
2025-04-18,C3,18,2025-04-18 18:00:00,4596.308047088304,4018.404222150314,577.9038249379901,500.0,True,345.95594914141515,76.89878355676103,3783.040351173604,303.023999279346
2025-04-19,C2,6,2025-04-19 06:00:00,3965.725303697505,3946.016468112017,19.708835585488032,0.0,True,63.25048538780135,152.3786316979306,3864.802259284267,60.079496749702685
2025-04-19,C2,12,2025-04-19 12:00:00,5374.2198148610805,4538.703770583915,835.5160442771657,0.0,True,735.8670161527621,13.280897960586572,4445.022028613784,178.18173858106502
2025-04-19,C2,18,2025-04-19 18:00:00,4937.367107733465,4160.521263799192,776.845843934273,0.0,True,536.1074698486757,52.61534799824221,4016.7791478432177,320.7984947863805
2025-04-19,C3,6,2025-04-19 06:00:00,3965.725303697505,3946.016468112017,19.708835585488032,500.0,False,63.25048538780135,152.3786316979306,3864.802259284267,60.079496749702685
2025-04-19,C3,12,2025-04-19 12:00:00,5195.288348664493,4538.703770583915,656.5845780805785,500.0,True,735.8670161527621,13.280897960586572,4445.022028613784,178.18173858106502
2025-04-19,C3,18,2025-04-19 18:00:00,4937.367107733465,4160.521263799192,776.845843934273,500.0,True,536.1074698486757,52.61534799824221,4016.7791478432177,320.7984947863805
2025-04-20,C2,6,2025-04-20 06:00:00,25894.480410793705,24287.68397335064,1606.796437443063,0.0,True,3808.69249429532,78.30333076933209,22366.46562523957,579.2214389449631
2025-04-20,C2,12,2025-04-20 12:00:00,22953.764369873563,21575.44045060613,1378.3239192674373,0.0,True,2122.8613031071677,4.315571099246881,21337.331248074646,386.62750525903095
2025-04-20,C2,18,2025-04-20 18:00:00,13872.461750864548,12914.10792935979,958.3538215047574,0.0,True,400.8383388447389,0.0,12798.131777640952,95.38605907190264
2025-04-20,C3,6,2025-04-20 06:00:00,25894.480410793705,24287.68397335064,1606.796437443063,500.0,True,3808.69249429532,78.30333076933209,22366.46562523957,579.2214389449631
2025-04-20,C3,12,2025-04-20 12:00:00,22953.764369873563,21575.44045060613,1378.3239192674373,500.0,True,2122.8613031071677,4.315571099246881,21337.331248074646,386.62750525903095
2025-04-20,C3,18,2025-04-20 18:00:00,13872.461750864548,12914.10792935979,958.3538215047574,500.0,True,400.8383388447389,0.0,12798.131777640952,95.38605907190264
2025-04-21,C2,6,2025-04-21 06:00:00,22390.319838333115,20808.46741177078,1581.8524265623346,0.0,True,0.0,6411.425275887073,20762.597010041714,941.1445578489154
2025-04-21,C2,12,2025-04-21 12:00:00,24739.29404594968,21420.904987091453,3318.389058858229,0.0,True,0.0,2345.86633304564,21325.500741598316,941.1445578489154
2025-04-21,C2,18,2025-04-21 18:00:00,14471.185769823633,13203.720367318052,1267.4654025055806,0.0,True,397.55148227153336,107.61364569338514,13111.993517383547,336.5814809131123
2025-04-21,C3,6,2025-04-21 06:00:00,22390.319838333115,20808.46741177078,1581.8524265623346,500.0,True,0.0,6411.425275887073,20762.597010041714,941.1445578489154
2025-04-21,C3,12,2025-04-21 12:00:00,24739.29404594968,21420.904987091453,3318.389058858229,500.0,True,0.0,2345.86633304564,21325.500741598316,941.1445578489154
2025-04-21,C3,18,2025-04-21 18:00:00,14471.185769823633,13203.720367318052,1267.4654025055806,500.0,True,397.55148227153336,107.61364569338514,13111.993517383547,336.5814809131123
2025-04-22,C2,6,2025-04-22 06:00:00,28350.59288865329,25076.74029623403,3273.852592419258,0.0,True,4245.265376676246,40.615558104626416,22495.88650183996,601.4627950383117
2025-04-22,C2,12,2025-04-22 12:00:00,22499.288089145597,21258.124735806017,1241.163353339576,0.0,True,2201.3653797200686,0.0,20879.70504000025,443.5840668484189
2025-04-22,C2,18,2025-04-22 18:00:00,14132.920224437114,12845.06262603318,1287.8575984039344,0.0,True,758.2097836285714,0.0,12705.646730704062,241.88289341989596
2025-04-22,C3,6,2025-04-22 06:00:00,28350.59288865329,25076.74029623403,3273.852592419258,500.0,True,4245.265376676246,40.615558104626416,22495.88650183996,601.4627950383117
2025-04-22,C3,12,2025-04-22 12:00:00,22499.288089145597,21258.124735806017,1241.163353339576,500.0,True,2201.3653797200686,0.0,20879.70504000025,443.5840668484189
2025-04-22,C3,18,2025-04-22 18:00:00,14132.920224437114,12845.06262603318,1287.8575984039344,500.0,True,758.2097836285714,0.0,12705.646730704062,241.88289341989596
2025-04-23,C2,6,2025-04-23 06:00:00,26583.27651987209,22771.15259585468,3812.123924017415,0.0,True,3951.026204638673,0.0,22043.349776293155,1019.5721157111692
2025-04-23,C2,12,2025-04-23 12:00:00,24136.32440853255,22591.2384376102,1545.0859709223514,0.0,True,3454.5472056160743,0.0,21798.579991089413,844.4084977417714
2025-04-23,C2,18,2025-04-23 18:00:00,14171.252595389786,12687.632873420996,1483.619721968791,0.0,True,560.0122291744369,0.0,12471.037611404392,204.88842666367952
2025-04-23,C3,6,2025-04-23 06:00:00,26583.27651987209,22771.15259585468,3812.123924017415,500.0,True,3951.026204638673,0.0,22043.349776293155,1019.5721157111692
2025-04-23,C3,12,2025-04-23 12:00:00,24136.32440853255,22591.2384376102,1545.0859709223514,500.0,True,3454.5472056160743,0.0,21798.579991089413,844.4084977417714
2025-04-23,C3,18,2025-04-23 18:00:00,14171.252595389786,12687.632873420996,1483.619721968791,500.0,True,560.0122291744369,0.0,12471.037611404392,204.88842666367952
2025-04-24,C2,6,2025-04-24 06:00:00,20133.20272715551,19786.453868514996,346.7488586405161,0.0,True,575.5692934841998,0.0,18763.904222924026,147.06454782156118
2025-04-24,C2,12,2025-04-24 12:00:00,27515.177433839443,22453.47668028773,5061.700753551708,0.0,True,4097.590491844885,0.0,21671.474585632543,740.1835516385971
2025-04-24,C2,18,2025-04-24 18:00:00,13471.756446484897,12578.152601019305,893.6038454655918,0.0,True,413.4510051152439,0.0,12294.27663660598,116.82926034978745
2025-04-24,C3,6,2025-04-24 06:00:00,20133.20272715551,19786.453868514996,346.7488586405161,500.0,False,575.5692934841998,0.0,18763.904222924026,147.06454782156118
2025-04-24,C3,12,2025-04-24 12:00:00,27936.034705746264,22128.333052928112,5807.701652818152,500.0,True,3727.982872286162,0.0,21352.9805110549,400.43949147563615
2025-04-24,C3,18,2025-04-24 18:00:00,13471.756446484897,12578.152601019305,893.6038454655918,500.0,True,413.4510051152439,0.0,12294.27663660598,116.82926034978745
2025-04-25,C2,6,2025-04-25 06:00:00,4369.90667203753,4318.847292011803,51.05938002572748,0.0,True,216.7217211132087,127.2475011886817,4157.807596841016,95.7277994467951
2025-04-25,C2,12,2025-04-25 12:00:00,4128.230568582645,3889.079915629777,239.15065295286783,0.0,True,0.0,472.3618062410308,3820.16550850475,101.72429879964112
2025-04-25,C2,18,2025-04-25 18:00:00,4988.5372324909695,3945.1260142736414,1043.411218217328,0.0,True,540.599005702679,0.0,3782.055134702996,440.3444447304428
2025-04-25,C3,6,2025-04-25 06:00:00,4369.90667203753,4318.847292011803,51.05938002572748,500.0,False,216.7217211132087,127.2475011886817,4157.807596841016,95.7277994467951
2025-04-25,C3,12,2025-04-25 12:00:00,4006.5586391846978,3889.079915629777,117.47872355492063,500.0,False,0.0,472.3618062410308,3820.16550850475,124.11833486726005
2025-04-25,C3,18,2025-04-25 18:00:00,4950.682913926837,3945.12601427364,1005.556899653197,500.0,True,540.5990057026773,0.0,3782.0551347029927,440.3444447304428
2025-04-26,C2,6,2025-04-26 06:00:00,4653.385880729785,4320.003218200638,333.3826625291467,0.0,True,227.33348225762563,337.79304374388084,4260.824118825785,113.4592645762163
2025-04-26,C2,12,2025-04-26 12:00:00,4557.339783863556,4268.823410352598,288.51637351095724,0.0,True,11.400016863894676,10.106586123561383,4166.209477563128,95.18000102160832
2025-04-26,C2,18,2025-04-26 18:00:00,4597.340316909981,3803.578822692111,793.7614942178702,0.0,True,368.1698773988777,0.0,3674.60654229884,217.7390322109898
2025-04-26,C3,6,2025-04-26 06:00:00,4653.385880729785,4320.003218200638,333.3826625291467,500.0,False,227.33348225762563,337.79304374388084,4260.824118825785,113.4592645762163
2025-04-26,C3,12,2025-04-26 12:00:00,4270.848196387423,4268.823410352598,2.0247860348245013,500.0,False,11.400016863894676,10.106586123561383,4166.209477563128,11.400016863894676
2025-04-26,C3,18,2025-04-26 18:00:00,4621.66377770791,3815.0010916225815,806.6626860853289,500.0,True,377.24273091209966,0.0,3686.028811229311,217.7390322109898
2025-04-27,C2,6,2025-04-27 06:00:00,26446.356498603727,22097.11261628432,4349.243882319406,0.0,True,4673.037320587266,0.0,21656.0021617292,512.1112761359378
2025-04-27,C2,12,2025-04-27 12:00:00,23761.023576345237,21390.470382401025,2370.553193944208,0.0,True,3839.671258611614,0.0,21025.502467074715,768.862722671154
2025-04-27,C2,18,2025-04-27 18:00:00,13104.072107176416,12086.451779160609,1017.620328015808,0.0,True,521.4422044624811,0.0,11861.95403694366,343.7945986596223
2025-04-27,C3,6,2025-04-27 06:00:00,26446.356498603727,22097.11261628432,4349.243882319406,500.0,True,4673.037320587266,0.0,21656.0021617292,512.1112761359378
2025-04-27,C3,12,2025-04-27 12:00:00,23761.023576345237,21390.470382401025,2370.553193944208,500.0,True,3839.671258611614,0.0,21025.502467074715,768.862722671154
2025-04-27,C3,18,2025-04-27 18:00:00,13104.072107176416,12086.451779160609,1017.620328015808,500.0,True,521.4422044624811,0.0,11861.95403694366,343.7945986596223
2025-04-28,C2,6,2025-04-28 06:00:00,35245.19365060264,30757.81983496478,4487.37381563786,0.0,True,3837.767706352673,0.0,29225.68195195146,784.3446276210451
2025-04-28,C2,12,2025-04-28 12:00:00,25281.31231477255,24366.495993677447,914.8163210951024,0.0,True,262.10880779987303,1265.9949412501896,24305.06388537768,356.13824553771553
2025-04-28,C2,18,2025-04-28 18:00:00,13782.97991838864,12713.385311078062,1069.5946073105788,0.0,True,495.62978021531495,0.0,12430.42509716487,316.78732366495154
2025-04-28,C3,6,2025-04-28 06:00:00,35245.19365060264,30757.81983496478,4487.37381563786,500.0,True,3837.767706352673,0.0,29225.68195195146,784.3446276210451
2025-04-28,C3,12,2025-04-28 12:00:00,25281.31231477255,24366.495993677447,914.8163210951024,500.0,True,262.10880779987303,1265.9949412501896,24305.06388537768,356.13824553771553
2025-04-28,C3,18,2025-04-28 18:00:00,13782.97991838864,12713.385311078062,1069.5946073105788,500.0,True,495.62978021531495,0.0,12430.42509716487,316.78732366495154
2025-04-29,C2,6,2025-04-29 06:00:00,25183.69740827714,22826.47163435821,2357.2257739189263,0.0,True,1903.778826403671,311.32247658014444,22267.322288565232,590.860289675592
2025-04-29,C2,12,2025-04-29 12:00:00,25654.00295902396,23491.96082396117,2162.042135062791,0.0,True,2597.283896678319,428.3374866693996,22794.11793530538,482.56711713278986
2025-04-29,C2,18,2025-04-29 18:00:00,13496.459139631004,12490.641429858832,1005.8177097721708,0.0,True,639.7035011867687,0.0,12395.553059825736,131.95536003458187
2025-04-29,C3,6,2025-04-29 06:00:00,25183.69740827714,22826.47163435821,2357.2257739189263,500.0,True,1903.778826403671,311.32247658014444,22267.322288565232,590.860289675592
2025-04-29,C3,12,2025-04-29 12:00:00,25654.00295902396,23491.96082396117,2162.042135062791,500.0,True,2597.283896678319,428.3374866693996,22794.11793530538,482.56711713278986
2025-04-29,C3,18,2025-04-29 18:00:00,13496.459139631004,12490.641429858832,1005.8177097721708,500.0,True,639.7035011867687,0.0,12395.553059825736,131.95536003458187
2025-04-30,C2,6,2025-04-30 06:00:00,24535.875368186877,21670.51718473536,2865.358183451517,0.0,True,2228.7819653863617,67.3777370556636,20466.4583885458,366.1711998800308
2025-04-30,C2,12,2025-04-30 12:00:00,20565.402308120854,20034.29561082802,531.1066972928384,0.0,True,1547.095213002107,0.0,19490.709266852955,495.6283517401622
2025-04-30,C2,18,2025-04-30 18:00:00,13995.68663225104,12608.057552707583,1387.629079543456,0.0,True,515.3864998422767,0.0,12175.39282213961,177.46384446232668
2025-04-30,C3,6,2025-04-30 06:00:00,24535.875368186877,21670.51718473536,2865.358183451517,500.0,True,2228.7819653863617,67.3777370556636,20466.4583885458,366.1711998800308
2025-04-30,C3,12,2025-04-30 12:00:00,20565.402308120854,20034.29561082802,531.1066972928384,500.0,True,1547.095213002107,0.0,19490.709266852955,495.6283517401622
2025-04-30,C3,18,2025-04-30 18:00:00,13995.68663225104,12608.057552707583,1387.629079543456,500.0,True,515.3864998422767,0.0,12175.39282213961,177.46384446232668
2025-05-01,C2,6,2025-05-01 06:00:00,26920.910607577447,22934.87286683941,3986.037740738037,0.0,True,1829.3215736571124,250.78609890546173,22429.114752295267,416.4904607511323
2025-05-01,C2,12,2025-05-01 12:00:00,24318.175928174325,22032.514404093545,2285.6615240807805,0.0,True,1886.267777455276,0.0,21677.162424490896,423.134143607204
2025-05-01,C2,18,2025-05-01 18:00:00,16115.559085859024,13951.975716261772,2163.5833695972506,0.0,True,785.9148680761976,0.0,13844.14310057326,427.0940026545886
2025-05-01,C3,6,2025-05-01 06:00:00,26920.910607577447,22934.87286683941,3986.037740738037,500.0,True,1829.3215736571124,250.78609890546173,22429.114752295267,416.4904607511323
2025-05-01,C3,12,2025-05-01 12:00:00,24318.175928174325,22032.514404093545,2285.6615240807805,500.0,True,1886.267777455276,0.0,21677.162424490896,423.134143607204
2025-05-01,C3,18,2025-05-01 18:00:00,16115.559085859024,13951.975716261772,2163.5833695972506,500.0,True,785.9148680761976,0.0,13844.14310057326,427.0940026545886
2025-05-02,C2,6,2025-05-02 06:00:00,5435.689599119661,5364.226545461513,71.46305365814806,0.0,True,110.6525898003986,3.871502761483271,5207.982319328076,110.6525898003986
2025-05-02,C2,12,2025-05-02 12:00:00,5168.387437763304,5167.895004509457,0.4924332538466842,0.0,True,0.4196956121495532,24.648509910646453,5113.866196307215,20.777007149163182
2025-05-02,C2,18,2025-05-02 18:00:00,5713.335440581719,4614.892807041762,1098.442633539957,0.0,True,468.3219231730525,0.0,4351.42504188182,274.6752825364342
2025-05-02,C3,6,2025-05-02 06:00:00,5435.689599119661,5364.226545461513,71.46305365814806,500.0,False,110.6525898003986,3.871502761483271,5207.982319328076,110.6525898003986
2025-05-02,C3,12,2025-05-02 12:00:00,5168.958097270346,5167.895004509457,1.0630927608890488,500.0,False,0.4196956121495532,24.648509910646453,5113.866196307215,24.648509910646453
2025-05-02,C3,18,2025-05-02 18:00:00,5711.518845401306,4614.892807041762,1096.6260383595436,500.0,True,468.3219231730525,0.0,4351.42504188182,274.6752825364342
2025-05-03,C2,6,2025-05-03 06:00:00,6334.449294128527,6293.49873840311,40.95055572541696,0.0,True,0.0,131.05783574263444,4560.641292699083,42.23884999999984
2025-05-03,C2,12,2025-05-03 12:00:00,4611.969894226102,4593.71919160455,18.25070262155168,0.0,True,0.0,48.42859910374426,4585.36797426184,42.23884999999984
2025-05-03,C2,18,2025-05-03 18:00:00,6561.8343584040085,5303.979883585049,1257.8544748189595,0.0,True,622.3085673934463,0.0,4529.460982035876,406.03157583407057
2025-05-03,C3,6,2025-05-03 06:00:00,6334.449294128527,6293.49873840311,40.95055572541696,500.0,False,0.0,131.05783574263444,4560.641292699083,42.23884999999984
2025-05-03,C3,12,2025-05-03 12:00:00,4606.602578830128,4593.71919160455,12.88338722557728,500.0,False,0.0,48.42859910374426,4585.36797426184,40.743302273377765
2025-05-03,C3,18,2025-05-03 18:00:00,6566.926613167396,5305.572004275488,1261.3546088919074,500.0,True,623.3334443244812,0.0,4531.003370573237,406.03157583407057
2025-05-04,C2,6,2025-05-04 06:00:00,23152.55439454453,23084.179852646703,68.37454189782875,0.0,True,0.0,731.1271610302822,22276.933319872405,160.9590921910808
2025-05-04,C2,12,2025-05-04 12:00:00,22031.58182531817,21787.03879744876,244.54302786941844,0.0,True,0.0,824.1037409346147,21675.8900480729,555.6393959870713
2025-05-04,C2,18,2025-05-04 18:00:00,16913.273516771733,14394.038679752452,2519.2348370192813,0.0,True,136.1023699917589,0.0,13271.839849090316,555.6393959870713
2025-05-04,C3,6,2025-05-04 06:00:00,23152.55439454453,23084.179852646703,68.37454189782875,500.0,False,0.0,731.1271610302822,22276.933319872405,160.9590921910808
2025-05-04,C3,12,2025-05-04 12:00:00,22176.859111983344,21963.97547464581,212.8836373375343,500.0,False,0.0,548.9569856409591,21852.826725269944,312.4372674460966
2025-05-04,C3,18,2025-05-04 18:00:00,17847.175976168455,15738.007564998308,2109.168411170147,500.0,True,879.6067162454494,0.0,14518.871490843016,294.9093405258975
2025-05-05,C2,6,2025-05-05 06:00:00,26519.97413710625,26464.920769937627,55.05336716862075,0.0,True,422.83458315994994,7.376162717030979,24963.11369333996,144.13682446503867
2025-05-05,C2,12,2025-05-05 12:00:00,23787.244724123226,23718.87679740968,68.36792671354851,0.0,True,247.88134730051013,198.58718882202868,23535.88760285981,97.51667985309166
2025-05-05,C2,18,2025-05-05 18:00:00,18791.68492308245,16261.876594193984,2529.8083288884645,0.0,True,625.9386764961405,34.62797621013158,14661.795161359943,331.55583098819034
2025-05-05,C3,6,2025-05-05 06:00:00,26519.97413710625,26464.920769937627,55.05336716862075,500.0,False,422.83458315994994,7.376162717030979,24963.11369333996,144.13682446503867
2025-05-05,C3,12,2025-05-05 12:00:00,24045.993541930075,23833.271191492524,212.72235043755063,500.0,False,392.87778728575904,159.6428862732065,23649.201714871902,186.52269552019072
2025-05-05,C3,18,2025-05-05 18:00:00,18650.79081325338,16329.727837041126,2321.0629762122558,500.0,True,660.6075110606873,34.62797621013158,14729.38898811044,366.2246655527373
2025-05-06,C2,6,2025-05-06 06:00:00,30343.99682600186,24926.876131341967,5417.120694659894,0.0,True,4130.971388210999,152.4532382669421,23982.69013005263,463.3308081409035
2025-05-06,C2,12,2025-05-06 12:00:00,22955.96409205249,22475.992625374613,479.9714666778782,0.0,True,2101.045855792998,664.1888259793989,21732.887932707883,374.334051474269
2025-05-06,C2,18,2025-05-06 18:00:00,17581.72044660529,15834.079094429784,1747.6413521755055,0.0,True,421.8533118715417,68.07751511528988,14544.815729151567,355.7791525266568
2025-05-06,C3,6,2025-05-06 06:00:00,30343.99682600186,24926.876131341967,5417.120694659894,500.0,True,4130.971388210999,152.4532382669421,23982.69013005263,463.3308081409035
2025-05-06,C3,12,2025-05-06 12:00:00,22955.96409205249,22475.992625374613,479.9714666778782,500.0,False,2101.045855792998,664.1888259793989,21732.887932707883,374.334051474269
2025-05-06,C3,18,2025-05-06 18:00:00,17292.90647283128,15834.079094429784,1458.8273784014964,500.0,True,421.8533118715417,68.07751511528988,14544.815729151567,355.7791525266568
2025-05-07,C2,6,2025-05-07 06:00:00,30838.003870732377,27088.03485190528,3749.9690188270943,0.0,True,3436.183555985726,0.0,24848.977357208663,380.3344451976741
2025-05-07,C2,12,2025-05-07 12:00:00,25335.30457297391,24740.994692565386,594.3098804085239,0.0,True,2298.994392703264,0.0,22871.59049578098,398.6824977023531
2025-05-07,C2,18,2025-05-07 18:00:00,17133.412223472747,15171.170464654895,1962.2417588178505,0.0,True,673.0059765685262,0.0,13140.947421645256,170.86790292217563
2025-05-07,C3,6,2025-05-07 06:00:00,30838.003870732377,27088.03485190528,3749.9690188270943,500.0,True,3436.183555985726,0.0,24848.977357208663,380.3344451976741
2025-05-07,C3,12,2025-05-07 12:00:00,25335.30457297391,24740.994692565386,594.3098804085239,500.0,True,2298.994392703264,0.0,22871.59049578098,398.6824977023531
2025-05-07,C3,18,2025-05-07 18:00:00,17133.412223472747,15171.170464654895,1962.2417588178505,500.0,True,673.0059765685262,0.0,13140.947421645256,170.86790292217563
2025-05-08,C2,6,2025-05-08 06:00:00,28107.93931710593,27738.280596787965,369.6587203179697,0.0,True,0.0,1870.167873360609,27228.14103810268,263.2611293154513
2025-05-08,C2,12,2025-05-08 12:00:00,31937.45089635142,27204.690022054085,4732.760874297335,0.0,True,1881.22906823244,1198.30895390593,26891.905149253733,796.8316547906876
2025-05-08,C2,18,2025-05-08 18:00:00,20750.689302112674,18559.59247487298,2191.096827239693,0.0,True,539.0737032023213,0.0,17056.139823519603,269.7365713029752
2025-05-08,C3,6,2025-05-08 06:00:00,28107.93931710593,27738.280596787965,369.6587203179697,500.0,False,0.0,1870.167873360609,27228.14103810268,263.2611293154513
2025-05-08,C3,12,2025-05-08 12:00:00,32170.731727942,27798.562961614352,4372.168766327646,500.0,True,2455.224531414587,1198.3089539059274,27483.636917790074,719.6176311133834
2025-05-08,C3,18,2025-05-08 18:00:00,20750.689302112674,18559.59247487298,2191.096827239693,500.0,True,539.0737032023213,0.0,17056.139823519603,269.7365713029752
2025-05-09,C2,6,2025-05-09 06:00:00,9488.2812928163,8572.759577649938,915.521715166362,0.0,True,584.0037085980332,114.6697074098019,7701.933221469131,257.1296680713414
2025-05-09,C2,12,2025-05-09 12:00:00,8045.433522918144,8026.495717693627,18.937805224517437,0.0,True,0.0,228.81744694625013,7163.273019245039,58.60533398953311
2025-05-09,C2,18,2025-05-09 18:00:00,7939.664776242655,7178.923066101946,760.7417101407091,0.0,True,316.37440580812085,16.956709613783175,6420.342674913217,299.7482072121392
2025-05-09,C3,6,2025-05-09 06:00:00,9488.2812928163,8572.759577649938,915.521715166362,500.0,True,584.0037085980332,114.6697074098019,7701.933221469131,257.1296680713414
2025-05-09,C3,12,2025-05-09 12:00:00,8045.433522918144,8026.495717693627,18.937805224517437,500.0,False,0.0,228.81744694625013,7163.273019245039,58.60533398953311
2025-05-09,C3,18,2025-05-09 18:00:00,7934.340841056077,7178.923066101946,755.4177749541313,500.0,True,316.37440580812085,16.956709613783175,6420.342674913217,299.7482072121392
2025-05-10,C2,6,2025-05-10 06:00:00,8895.828332783587,7630.577682866962,1265.2506499166248,0.0,True,1105.201254863583,2.273736754432321e-13,7233.305253404295,209.0086388127283
2025-05-10,C2,12,2025-05-10 12:00:00,9451.06004264396,9306.545175323592,144.51486732036938,0.0,True,760.4308003551992,0.0,6753.272369805734,209.0086388127283
2025-05-10,C2,18,2025-05-10 18:00:00,7708.255801225223,6532.235658118982,1176.0201431062403,0.0,True,519.1981222760694,0.0,6232.799663971459,463.8649357216369
2025-05-10,C3,6,2025-05-10 06:00:00,8895.828332783587,7630.577682866962,1265.2506499166248,500.0,True,1105.201254863583,2.273736754432321e-13,7233.305253404295,209.0086388127283
2025-05-10,C3,12,2025-05-10 12:00:00,9451.06004264396,9306.545175323592,144.51486732036938,500.0,False,760.4308003551992,0.0,6753.272369805734,209.0086388127283
2025-05-10,C3,18,2025-05-10 18:00:00,8145.788366475094,6905.240183123236,1240.548183351858,500.0,True,745.652619440417,0.0,6605.804188975714,254.85629690890863
2025-05-11,C2,6,2025-05-11 06:00:00,31835.422787897867,28526.334586512254,3309.088201385613,0.0,True,2798.9098699760348,0.0,26772.62392202115,536.6467058874931
2025-05-11,C2,12,2025-05-11 12:00:00,27961.26660890896,27408.510857039382,552.7557518695758,0.0,True,1882.976035180607,194.82460856298636,25032.80359539734,410.0833586570872
2025-05-11,C2,18,2025-05-11 18:00:00,17506.947758870647,15840.523244041397,1666.4245148292505,0.0,True,862.6475331736069,48.634091202177615,15619.686831810312,366.3165424441541
2025-05-11,C3,6,2025-05-11 06:00:00,31835.422787897867,28526.334586512254,3309.088201385613,500.0,True,2798.9098699760348,0.0,26772.62392202115,536.6467058874931
2025-05-11,C3,12,2025-05-11 12:00:00,27961.26660890896,27408.510857039382,552.7557518695758,500.0,True,1882.976035180607,194.82460856298636,25032.80359539734,410.0833586570872
2025-05-11,C3,18,2025-05-11 18:00:00,17506.947758870647,15840.523244041397,1666.4245148292505,500.0,True,862.6475331736069,48.634091202177615,15619.686831810312,366.3165424441541
2025-05-12,C2,6,2025-05-12 06:00:00,45979.74807135127,33087.05708343918,12892.690987912094,0.0,True,9147.175628395164,0.0,30923.829314850977,781.9155608546586
2025-05-12,C2,12,2025-05-12 12:00:00,27799.065410457883,26830.03508968951,969.030320768372,0.0,True,3361.8700647842707,0.0,25352.25906499792,600.1252118224248
2025-05-12,C2,18,2025-05-12 18:00:00,19372.363820061542,17612.385446789962,1759.9783732715805,0.0,True,513.9183897285398,0.0,16053.482752625205,176.25695397768467
2025-05-12,C3,6,2025-05-12 06:00:00,45979.74807135127,33087.05708343918,12892.690987912094,500.0,True,9147.175628395164,0.0,30923.829314850977,781.9155608546586
2025-05-12,C3,12,2025-05-12 12:00:00,27799.065410457883,26830.03508968951,969.030320768372,500.0,True,3361.8700647842707,0.0,25352.25906499792,600.1252118224248
2025-05-12,C3,18,2025-05-12 18:00:00,19372.363820061542,17612.385446789962,1759.9783732715805,500.0,True,513.9183897285398,0.0,16053.482752625205,176.25695397768467
2025-05-13,C2,6,2025-05-13 06:00:00,27766.68636431377,26471.28254256187,1295.403821751901,0.0,True,635.5687880210864,4123.030340636159,26247.955816386075,731.8216132138197
2025-05-13,C2,12,2025-05-13 12:00:00,29005.44704883664,27612.240448239598,1393.2066005970446,0.0,True,1473.954192891492,355.3462026950849,25658.991366852824,716.0423418382376
2025-05-13,C2,18,2025-05-13 18:00:00,20653.954215789432,18842.09579865562,1811.858417133812,0.0,True,647.4254061940524,0.0,17233.302406076164,128.59073080652718
2025-05-13,C3,6,2025-05-13 06:00:00,27766.68636431377,26471.28254256187,1295.403821751901,500.0,True,635.5687880210864,4123.030340636159,26247.955816386075,731.8216132138197
2025-05-13,C3,12,2025-05-13 12:00:00,29005.44704883664,27612.240448239598,1393.2066005970446,500.0,True,1473.954192891492,355.3462026950849,25658.991366852824,716.0423418382376
2025-05-13,C3,18,2025-05-13 18:00:00,20653.954215789432,18842.09579865562,1811.858417133812,500.0,True,647.4254061940524,0.0,17233.302406076164,128.59073080652718
2025-05-14,C2,6,2025-05-14 06:00:00,31772.357414273705,30407.64265118215,1364.714763091557,0.0,True,1580.3072846562304,0.0,27987.11965969552,372.7961789553862
2025-05-14,C2,12,2025-05-14 12:00:00,27593.942692428915,26664.5265743286,929.4161181003184,0.0,True,0.0,2517.693628358248,25294.16873085933,364.89960279264506
2025-05-14,C2,18,2025-05-14 18:00:00,17639.732308783867,16362.602300226208,1277.1300085576586,0.0,True,701.1746593694728,0.0,16032.902510396583,144.039812746566
2025-05-14,C3,6,2025-05-14 06:00:00,31772.357414273705,30407.64265118215,1364.714763091557,500.0,True,1580.3072846562304,0.0,27987.11965969552,372.7961789553862
2025-05-14,C3,12,2025-05-14 12:00:00,27593.942692428915,26664.5265743286,929.4161181003184,500.0,True,0.0,2517.693628358248,25294.16873085933,364.89960279264506
2025-05-14,C3,18,2025-05-14 18:00:00,17639.732308783867,16362.602300226208,1277.1300085576586,500.0,True,701.1746593694728,0.0,16032.902510396583,144.039812746566
2025-05-15,C2,6,2025-05-15 06:00:00,40490.07623484396,32224.31753880888,8265.758696035082,0.0,True,6963.624053433453,0.0,31309.312623148195,814.6355748693445
2025-05-15,C2,12,2025-05-15 12:00:00,28667.801032027302,25686.81513203044,2980.9858999968674,0.0,True,359.91440862130105,214.9466267153076,25660.71846890317,814.6355748693445
2025-05-15,C2,18,2025-05-15 18:00:00,17296.06664113749,16655.37290428752,640.6937368499712,0.0,True,296.0308410108179,193.2431591241717,16511.533207871198,196.00193060952927
2025-05-15,C3,6,2025-05-15 06:00:00,40490.07623484396,32224.31753880888,8265.758696035082,500.0,True,6963.624053433453,0.0,31309.312623148195,814.6355748693445
2025-05-15,C3,12,2025-05-15 12:00:00,28667.801032027302,25686.81513203044,2980.9858999968674,500.0,True,359.91440862130105,214.9466267153076,25660.71846890317,814.6355748693445
2025-05-15,C3,18,2025-05-15 18:00:00,17296.06664113749,16655.37290428752,640.6937368499712,500.0,True,296.0308410108179,193.2431591241717,16511.533207871198,196.00193060952927
2025-05-16,C2,6,2025-05-16 06:00:00,8845.326730985606,7546.117325249383,1299.2094057362228,0.0,True,319.07134935088726,2298.6412667627656,7440.269932835035,596.7137905791981
2025-05-16,C2,12,2025-05-16 12:00:00,8045.137201472788,7695.034469854529,350.102731618259,0.0,True,0.0,1165.747485144689,7643.980158192237,374.4846760184488
2025-05-16,C2,18,2025-05-16 18:00:00,9170.31233718636,7372.068907722621,1798.2434294637396,0.0,True,94.95071566662445,111.6506285704628,6534.348744079515,265.72018731522843
2025-05-16,C3,6,2025-05-16 06:00:00,8845.326730985606,7546.117325249383,1299.2094057362228,500.0,True,319.07134935088726,2298.6412667627656,7440.269932835035,596.7137905791981
2025-05-16,C3,12,2025-05-16 12:00:00,8045.137201472788,7695.034469854529,350.102731618259,500.0,False,0.0,1165.747485144689,7643.980158192237,374.4846760184488
2025-05-16,C3,18,2025-05-16 18:00:00,8802.524849909072,6879.028658060452,1923.4961918486208,500.0,True,0.0,111.6506285704628,6376.697323322435,596.7137905791981
2025-05-17,C2,6,2025-05-17 06:00:00,8405.127848672257,8319.286261180985,85.84158749127164,0.0,True,107.11662475778724,362.1111280567553,8145.681239074016,122.19346658816522
2025-05-17,C2,12,2025-05-17 12:00:00,8394.808080124989,8276.151504246245,118.65657587874377,0.0,True,0.0,211.31028074690315,8104.269835611034,122.19346658816522
2025-05-17,C2,18,2025-05-17 18:00:00,9519.153762384643,8065.357526559633,1453.7962358250124,0.0,True,479.2762195859576,279.502037567838,7316.872579433827,479.2762195859576
2025-05-17,C3,6,2025-05-17 06:00:00,8405.127848672257,8319.286261180985,85.84158749127164,500.0,False,107.11662475778724,362.1111280567553,8145.681239074016,122.19346658816522
2025-05-17,C3,12,2025-05-17 12:00:00,8342.366849959542,8276.151504246245,66.21534571329721,500.0,False,0.0,211.31028074690315,8104.269835611034,75.38726222643243
2025-05-17,C3,18,2025-05-17 18:00:00,9519.153762384643,8065.357526559633,1453.7962358250124,500.0,True,479.2762195859576,279.502037567838,7316.872579433827,479.2762195859576
2025-05-18,C2,6,2025-05-18 06:00:00,30410.44641944956,29441.16619876553,969.2802206840242,0.0,True,1654.6389368709904,712.6438020822167,28757.187081976208,302.9328574351598
2025-05-18,C2,12,2025-05-18 12:00:00,27573.01535268144,27210.220733916536,362.79461876490313,0.0,True,1741.8025104998624,315.9128993780731,25341.83610215989,526.1080845283167
2025-05-18,C2,18,2025-05-18 18:00:00,17458.665635700898,16358.577732870752,1100.087902830146,0.0,True,1037.407815915166,22.39016518195081,16078.804064121316,245.69823965316607
2025-05-18,C3,6,2025-05-18 06:00:00,30410.44641944956,29441.16619876553,969.2802206840242,500.0,True,1654.6389368709904,712.6438020822167,28757.187081976208,302.9328574351598
2025-05-18,C3,12,2025-05-18 12:00:00,27573.01535268144,27210.220733916536,362.79461876490313,500.0,False,1741.8025104998624,315.9128993780731,25341.83610215989,526.1080845283167
2025-05-18,C3,18,2025-05-18 18:00:00,18546.702222654065,17358.532008398375,1188.1702142556896,500.0,True,1554.781648810068,22.39016518195081,17078.75833964894,595.8304760309703
2025-05-19,C2,6,2025-05-19 06:00:00,25255.31093190957,25191.755160762656,63.55577114691914,0.0,True,30.9777269147188,534.2597875343489,23533.71244002281,142.3981295209685
2025-05-19,C2,12,2025-05-19 12:00:00,26058.553288013143,25548.515065003405,510.0382230097384,0.0,True,1989.76882699345,609.4299538709525,24849.15295559492,636.2727968333654
2025-05-19,C2,18,2025-05-19 18:00:00,19661.02461334613,18323.37524457423,1337.6493687719012,0.0,True,793.113267440235,0.0,16467.176691513883,181.569724561567
2025-05-19,C3,6,2025-05-19 06:00:00,25255.31093190957,25191.755160762656,63.55577114691914,500.0,False,30.9777269147188,534.2597875343489,23533.71244002281,142.3981295209685
2025-05-19,C3,12,2025-05-19 12:00:00,26050.924003803888,25516.32691209257,534.5970917113154,500.0,True,1951.5247196913267,609.4299538709525,24816.964802684088,598.028689531242
2025-05-19,C3,18,2025-05-19 18:00:00,19661.02461334613,18323.37524457423,1337.6493687719012,500.0,True,793.113267440235,0.0,16467.176691513883,181.569724561567
2025-05-20,C2,6,2025-05-20 06:00:00,39928.33681045019,29724.84267764834,10203.494132801854,0.0,True,7553.608635208871,0.0,28583.49338491065,802.816528142452
2025-05-20,C2,12,2025-05-20 12:00:00,27225.269137392723,26876.50791625331,348.76122113941165,0.0,True,4014.3297136585343,0.0,25469.315863797943,565.4742545609919
2025-05-20,C2,18,2025-05-20 18:00:00,18951.752130722485,17003.659259467768,1948.0928712547172,0.0,True,661.3345248384267,0.0,15935.60777553797,252.7453547944254
2025-05-20,C3,6,2025-05-20 06:00:00,39928.33681045019,29724.84267764834,10203.494132801854,500.0,True,7553.608635208871,0.0,28583.49338491065,802.816528142452
2025-05-20,C3,12,2025-05-20 12:00:00,27225.269137392723,26876.50791625331,348.76122113941165,500.0,False,4014.3297136585343,0.0,25469.315863797943,565.4742545609919
2025-05-20,C3,18,2025-05-20 18:00:00,19076.544821130807,17219.372130895368,1857.1726902354385,500.0,True,771.338793905765,0.0,16151.320646965569,362.74962386176384
2025-05-21,C2,6,2025-05-21 06:00:00,36133.50473487536,29211.24193306462,6922.262801810739,0.0,True,5516.025819291347,303.9664722062206,28179.65123341089,868.7858766890253
2025-05-21,C2,12,2025-05-21 12:00:00,26913.49047740933,26181.72224797624,731.7682294330916,0.0,True,1669.740257399326,193.95509981131292,24725.216312210105,379.4123316251952
2025-05-21,C2,18,2025-05-21 18:00:00,19001.78044913812,17973.330194855815,1028.4502542823066,0.0,True,442.8567980872989,30.670786584616053,16455.77332806841,179.7131866278536
2025-05-21,C3,6,2025-05-21 06:00:00,36133.50473487536,29211.24193306462,6922.262801810739,500.0,True,5516.025819291347,303.9664722062206,28179.65123341089,868.7858766890253
2025-05-21,C3,12,2025-05-21 12:00:00,26913.49047740933,26181.72224797624,731.7682294330916,500.0,True,1669.740257399326,193.95509981131292,24725.216312210105,379.4123316251952
2025-05-21,C3,18,2025-05-21 18:00:00,19001.78044913812,17973.330194855815,1028.4502542823066,500.0,True,442.8567980872989,30.670786584616053,16455.77332806841,179.7131866278536
2025-05-22,C2,6,2025-05-22 06:00:00,24919.581566771976,24856.381937097947,63.19962967402898,0.0,True,747.9345688635101,10.666771963537144,24027.314382452907,366.6211966813205
2025-05-22,C2,12,2025-05-22 12:00:00,25353.53321567171,24991.74492318623,361.7882924854785,0.0,True,1061.0353011484,16.515635988176996,24289.81160636472,414.8517661530342
2025-05-22,C2,18,2025-05-22 18:00:00,19660.188763328053,17907.416926493468,1752.771836834585,0.0,True,529.0024485930977,0.0,16030.152991118057,246.95067419904197
2025-05-22,C3,6,2025-05-22 06:00:00,24919.581566771976,24856.381937097947,63.19962967402898,500.0,False,747.9345688635101,10.666771963537144,24027.314382452907,366.6211966813205
2025-05-22,C3,12,2025-05-22 12:00:00,25204.44657552172,24793.39604371001,411.05053181171024,500.0,False,867.9725259224762,29.77725415753844,24096.86413261122,411.2003869605676
2025-05-22,C3,18,2025-05-22 18:00:00,19596.41115761431,17907.416926493468,1688.994231120843,500.0,True,529.0024485930977,0.0,16030.152991118057,246.95067419904197
2025-05-23,C2,6,2025-05-23 06:00:00,6753.59103077795,6715.973064454186,37.61796632376445,0.0,True,239.0738995381442,0.0,5643.387086986946,97.64409532276233
2025-05-23,C2,12,2025-05-23 12:00:00,9110.416561749704,7678.688403571045,1431.7281581786583,0.0,True,1620.3818198518852,0.0,6648.87901195727,169.80278626421114
2025-05-23,C2,18,2025-05-23 18:00:00,9547.02352677981,7726.121925008518,1820.901601771293,0.0,True,866.8219603582215,0.0,6037.359851901438,460.99381356078845
2025-05-23,C3,6,2025-05-23 06:00:00,6753.59103077795,6715.973064454186,37.61796632376445,500.0,False,239.0738995381442,0.0,5643.387086986946,97.64409532276233
2025-05-23,C3,12,2025-05-23 12:00:00,9516.324213292432,7678.68840357105,1837.6358097213836,500.0,True,1620.3818198518934,0.0,6648.879011957275,201.09216877579175
2025-05-23,C3,18,2025-05-23 18:00:00,9547.02352677981,7726.121925008518,1820.901601771293,500.0,True,866.8219603582215,0.0,6037.359851901438,460.99381356078845
2025-05-24,C2,6,2025-05-24 06:00:00,6643.819188967893,6394.6008765930255,249.2183123748673,0.0,True,227.19226759174427,492.6836311511845,6354.755384731292,158.12942843189307
2025-05-24,C2,12,2025-05-24 12:00:00,7758.0419075648015,7500.113537801426,257.9283697633755,0.0,True,0.0,18.67809346113017,6337.28186705739,104.29463008403972
2025-05-24,C2,18,2025-05-24 18:00:00,7573.032604638733,6179.942584252646,1393.0900203860865,0.0,True,605.7453871688431,0.0,6041.243429755474,418.21665635875576
2025-05-24,C3,6,2025-05-24 06:00:00,6643.819188967893,6394.6008765930255,249.2183123748673,500.0,False,227.19226759174427,492.6836311511845,6354.755384731292,158.12942843189307
2025-05-24,C3,12,2025-05-24 12:00:00,7502.294370901073,7500.113537801426,2.180833099647316,500.0,False,0.0,18.67809346113017,6337.28186705739,18.67809346113017
2025-05-24,C3,18,2025-05-24 18:00:00,7573.032604638733,6179.942584252646,1393.0900203860865,500.0,True,605.7453871688431,0.0,6041.243429755474,418.21665635875576
2025-05-25,C2,6,2025-05-25 06:00:00,25419.472386717665,25139.372665570685,280.0997211469803,0.0,True,470.0502246908393,503.5544890757765,24027.11921116516,208.49751166526144
2025-05-25,C2,12,2025-05-25 12:00:00,22896.19745620408,22514.768062955387,381.4293932486944,0.0,True,0.0,1361.5848872860597,22265.9883204878,389.4500442514208
2025-05-25,C2,18,2025-05-25 18:00:00,21185.1527652835,17342.948321160035,3842.204444123465,0.0,True,48.148735129754186,0.0,15585.679165346011,389.4500442514208
2025-05-25,C3,6,2025-05-25 06:00:00,25419.472386717665,25139.372665570685,280.0997211469803,500.0,False,470.0502246908393,503.5544890757765,24027.11921116516,208.49751166526144
2025-05-25,C3,12,2025-05-25 12:00:00,22924.264080996247,22514.768062955387,409.4960180408598,500.0,False,0.0,1361.5848872860597,22265.9883204878,389.4500442514208
2025-05-25,C3,18,2025-05-25 18:00:00,21474.59477972922,18878.131261635277,2596.463518093948,500.0,True,786.2438144081027,0.0,16963.622082469494,316.58495923396146
2025-05-26,C2,6,2025-05-26 06:00:00,37634.52581610359,30194.290579008764,7440.235237094825,0.0,True,5976.818250592572,71.29092087640174,28883.11829408574,698.6937575226194
2025-05-26,C2,12,2025-05-26 12:00:00,33097.29592071224,28166.15554001086,4931.140380701381,0.0,True,4520.602042947558,0.0,27109.27188527858,931.566995538272
2025-05-26,C2,18,2025-05-26 18:00:00,17555.40878118209,16981.63632141959,573.7724597624983,0.0,True,445.5276716694308,0.0,15964.842434769804,330.37260220966994
2025-05-26,C3,6,2025-05-26 06:00:00,37634.52581610359,30194.290579008764,7440.235237094825,500.0,True,5976.818250592572,71.29092087640174,28883.11829408574,698.6937575226194
2025-05-26,C3,12,2025-05-26 12:00:00,33097.29592071224,28166.15554001086,4931.140380701381,500.0,True,4520.602042947558,0.0,27109.27188527858,931.566995538272
2025-05-26,C3,18,2025-05-26 18:00:00,17555.40878118209,16981.63632141959,573.7724597624983,500.0,True,445.5276716694308,0.0,15964.842434769804,330.37260220966994
2025-05-27,C2,6,2025-05-27 06:00:00,35192.29574651923,27424.48362035662,7767.812126162611,0.0,True,7307.761169292446,31.028275967666104,27173.6913838566,712.0108810544482
2025-05-27,C2,12,2025-05-27 12:00:00,24878.805039464776,23224.390699031817,1654.4143404329589,0.0,True,1806.359940502212,36.238078016387135,22814.7181731549,592.2256023616524
2025-05-27,C2,18,2025-05-27 18:00:00,18890.5685285336,17727.115459355817,1163.4530691777836,0.0,True,568.46374485062,0.0,15474.661762660258,176.59767281340976
2025-05-27,C3,6,2025-05-27 06:00:00,35192.29574651923,27424.48362035662,7767.812126162611,500.0,True,7307.761169292446,31.028275967666104,27173.6913838566,712.0108810544482
2025-05-27,C3,12,2025-05-27 12:00:00,24878.805039464776,23224.390699031817,1654.4143404329589,500.0,True,1806.359940502212,36.238078016387135,22814.7181731549,592.2256023616524
2025-05-27,C3,18,2025-05-27 18:00:00,18890.5685285336,17727.115459355817,1163.4530691777836,500.0,True,568.46374485062,0.0,15474.661762660258,176.59767281340976
2025-05-28,C2,6,2025-05-28 06:00:00,28443.77584229122,26895.836281144944,1547.939561146275,0.0,True,3302.495168577395,167.9712734728787,26310.78859345073,740.1699394792992
2025-05-28,C2,12,2025-05-28 12:00:00,25636.30191802226,24994.43040008572,641.8715179365427,0.0,True,827.8296862948639,882.2148685237598,23852.369675109505,268.4184548097105
2025-05-28,C2,18,2025-05-28 18:00:00,17591.00134771912,15912.020666573771,1678.9806811453473,0.0,True,662.8745682330352,0.0,15827.314359209182,273.2862607668982
2025-05-28,C3,6,2025-05-28 06:00:00,28443.77584229122,26895.836281144944,1547.939561146275,500.0,True,3302.495168577395,167.9712734728787,26310.78859345073,740.1699394792992
2025-05-28,C3,12,2025-05-28 12:00:00,25636.30191802226,24994.43040008572,641.8715179365427,500.0,True,827.8296862948639,882.2148685237598,23852.369675109505,268.4184548097105
2025-05-28,C3,18,2025-05-28 18:00:00,17591.00134771912,15912.020666573771,1678.9806811453473,500.0,True,662.8745682330352,0.0,15827.314359209182,273.2862607668982
2025-05-29,C2,6,2025-05-29 06:00:00,37206.59742465655,30418.974836839523,6787.622587817023,0.0,True,5353.998647145416,17.773245333517707,28462.02188831568,692.5603053160775
2025-05-29,C2,12,2025-05-29 12:00:00,25210.94143316788,23673.18126606495,1537.760167102933,0.0,True,491.5158112125744,518.260464844743,22829.24912353872,322.854475081743
2025-05-29,C2,18,2025-05-29 18:00:00,18365.120941529844,16863.966111348283,1501.15483018156,0.0,True,662.3486467533005,0.0,15342.772485411662,146.72120221524125
2025-05-29,C3,6,2025-05-29 06:00:00,37206.59742465655,30418.974836839523,6787.622587817023,500.0,True,5353.998647145416,17.773245333517707,28462.02188831568,692.5603053160775
2025-05-29,C3,12,2025-05-29 12:00:00,25210.94143316788,23673.18126606495,1537.760167102933,500.0,True,491.5158112125744,518.260464844743,22829.24912353872,322.854475081743
2025-05-29,C3,18,2025-05-29 18:00:00,18365.120941529844,16863.966111348283,1501.15483018156,500.0,True,662.3486467533005,0.0,15342.772485411662,146.72120221524125
2025-05-30,C2,6,2025-05-30 06:00:00,8349.049053108612,7883.2821035546685,465.766949553944,0.0,True,769.4558814361667,0.0,6830.585059701491,131.6671160378752
2025-05-30,C2,12,2025-05-30 12:00:00,8752.769056195903,8700.209803254096,52.559252941806335,0.0,True,467.9489937521063,41.00348991676924,6474.858428926418,131.6671160378752
2025-05-30,C2,18,2025-05-30 18:00:00,7599.454141850168,6687.38305090361,912.0710909465588,0.0,True,499.3799822323605,0.0,5506.457252785746,239.55433337517357
2025-05-30,C3,6,2025-05-30 06:00:00,8349.049053108612,7883.2821035546685,465.766949553944,500.0,False,769.4558814361667,0.0,6830.585059701491,131.6671160378752
2025-05-30,C3,12,2025-05-30 12:00:00,8809.082141599358,8700.209803254096,108.8723383452616,500.0,False,467.9489937521063,41.00348991676924,6474.858428926418,94.42540725384276
2025-05-30,C3,18,2025-05-30 18:00:00,6959.389393330979,6450.820384137027,508.5690091939523,500.0,True,352.70084109819675,0.0,5271.081235007754,146.16978663550776
2025-05-31,C2,6,2025-05-31 06:00:00,7948.173218360187,7873.449513324912,74.72370503527509,0.0,True,0.0,289.07701735142933,7744.747516764904,126.9131695313028
2025-05-31,C2,12,2025-05-31 12:00:00,7808.279103229185,7697.757582908543,110.5215203206426,0.0,True,0.0,693.7649249873839,7619.621564497934,85.46081102933931
2025-05-31,C2,18,2025-05-31 18:00:00,9289.79920145416,8086.126038046458,1203.6731634077014,0.0,True,476.6413325439476,0.0,7257.852712078649,320.6945217683911
2025-05-31,C3,6,2025-05-31 06:00:00,7948.173218360187,7873.449513324912,74.72370503527509,500.0,False,0.0,289.07701735142933,7744.747516764904,126.9131695313028
2025-05-31,C3,12,2025-05-31 12:00:00,7883.00280826446,7697.757582908543,185.24522535591768,500.0,False,0.0,693.7649249873839,7619.621564497934,167.57671431399075
2025-05-31,C3,18,2025-05-31 18:00:00,9289.79920145416,8086.126038046458,1203.6731634077014,500.0,True,476.6413325439476,0.0,7257.852712078649,320.6945217683911
2025-06-01,C2,6,2025-06-01 06:00:00,42200.51271676954,39414.75146392202,2785.7612528475147,0.0,True,1438.6011163306534,697.7243547029476,38210.44308840184,547.3425816250674
2025-06-01,C2,12,2025-06-01 12:00:00,32692.44913452328,32565.771505850043,126.67762867323472,0.0,True,0.0,727.1910055555559,31573.25661685805,142.12707626234203
2025-06-01,C2,18,2025-06-01 18:00:00,20520.96844577246,19136.936291078247,1384.032154694214,0.0,True,571.6552825711464,0.0,17590.484002179946,450.4629025645362
2025-06-01,C3,6,2025-06-01 06:00:00,42200.51271676954,39414.75146392202,2785.7612528475147,500.0,True,1438.6011163306534,697.7243547029476,38210.44308840184,547.3425816250674
2025-06-01,C3,12,2025-06-01 12:00:00,32692.44913452328,32565.771505850043,126.67762867323472,500.0,False,0.0,727.1910055555559,31573.25661685805,142.12707626234203
2025-06-01,C3,18,2025-06-01 18:00:00,20580.15152689598,19202.811133265597,1377.3403936303876,500.0,True,604.1405063613255,0.0,17656.353652708156,454.10617213330704
2025-06-02,C2,6,2025-06-02 06:00:00,38091.08879546829,34699.61285523301,3391.475940235272,0.0,True,0.0,8289.668871905875,34673.50493508214,737.3827615986852
2025-06-02,C2,12,2025-06-02 12:00:00,36809.80819425807,32062.626750603144,4747.181443654925,0.0,True,0.0,3445.7390174665643,31866.44582123065,737.3827615986852
2025-06-02,C2,18,2025-06-02 18:00:00,21834.887984318942,20774.218749123807,1060.6692351951388,0.0,True,437.0009006058051,0.0,17923.367573217856,233.31232254281144
2025-06-02,C3,6,2025-06-02 06:00:00,38091.08879546829,34699.61285523301,3391.475940235272,500.0,True,0.0,8289.668871905875,34673.50493508214,737.3827615986852
2025-06-02,C3,12,2025-06-02 12:00:00,36809.80819425807,32062.626750603144,4747.181443654925,500.0,True,0.0,3445.7390174665643,31866.44582123065,737.3827615986852
2025-06-02,C3,18,2025-06-02 18:00:00,21834.887984318942,20774.218749123807,1060.6692351951388,500.0,True,437.0009006058051,0.0,17923.367573217856,233.31232254281144
2025-06-03,C2,6,2025-06-03 06:00:00,42011.40777241438,39770.32951772587,2241.0782546885093,0.0,True,3948.552154760919,81.89559903573797,37519.56641170786,632.7674248857513
2025-06-03,C2,12,2025-06-03 12:00:00,31856.62654624744,31290.703054225654,565.9234920217823,0.0,True,1470.4387397192413,602.3644550568472,28946.00711662751,423.9993430607847
2025-06-03,C2,18,2025-06-03 18:00:00,19813.30891915787,18664.42346574018,1148.88545341769,0.0,True,488.13886412047646,277.51630598122165,18562.92468599168,229.43689057381687
2025-06-03,C3,6,2025-06-03 06:00:00,42011.40777241438,39770.32951772587,2241.0782546885093,500.0,True,3948.552154760919,81.89559903573797,37519.56641170786,632.7674248857513
2025-06-03,C3,12,2025-06-03 12:00:00,31856.62654624744,31290.703054225654,565.9234920217823,500.0,True,1470.4387397192413,602.3644550568472,28946.00711662751,423.9993430607847
2025-06-03,C3,18,2025-06-03 18:00:00,19813.30891915787,18664.42346574018,1148.88545341769,500.0,True,488.13886412047646,277.51630598122165,18562.92468599168,229.43689057381687
2025-06-04,C2,6,2025-06-04 06:00:00,41491.536026846894,36113.30393946599,5378.2320873809,0.0,True,0.0,14352.365896905574,35814.9971917382,1056.18175
2025-06-04,C2,12,2025-06-04 12:00:00,53136.12819322845,33314.65712671741,19821.47106651104,0.0,True,0.0,2619.502532860193,33006.813457699594,984.3899718665726
2025-06-04,C2,18,2025-06-04 18:00:00,19462.51722937833,18014.671776543164,1447.845452835165,0.0,True,464.6573161904488,205.8318568624718,17754.276773048008,177.95596103140144
2025-06-04,C3,6,2025-06-04 06:00:00,41491.536026846894,36113.30393946599,5378.2320873809,500.0,True,0.0,14352.365896905574,35814.9971917382,1056.18175
2025-06-04,C3,12,2025-06-04 12:00:00,53136.12819322845,33314.65712671741,19821.47106651104,500.0,True,0.0,2619.502532860193,33006.813457699594,984.3899718665726
2025-06-04,C3,18,2025-06-04 18:00:00,19462.51722937833,18014.671776543164,1447.845452835165,500.0,True,464.6573161904488,205.8318568624718,17754.276773048008,177.95596103140144
2025-06-05,C2,6,2025-06-05 06:00:00,40061.30019870215,36372.22898055655,3689.071218145597,0.0,True,3096.4185573337204,718.1914806215168,35487.54534250336,407.9226543835974
2025-06-05,C2,12,2025-06-05 12:00:00,36557.69064359167,35165.79409978929,1391.8965438023806,0.0,True,2767.864817710022,610.6397029330291,32256.66191037184,569.6292161262635
2025-06-05,C2,18,2025-06-05 18:00:00,21291.175462580504,18795.97293876993,2495.2025238105743,0.0,True,732.5465150153509,46.79159524203692,18627.46637158988,367.917415056775
2025-06-05,C3,6,2025-06-05 06:00:00,40061.30019870215,36372.22898055655,3689.071218145597,500.0,True,3096.4185573337204,718.1914806215168,35487.54534250336,407.9226543835974
2025-06-05,C3,12,2025-06-05 12:00:00,36557.69064359167,35165.79409978929,1391.8965438023806,500.0,True,2767.864817710022,610.6397029330291,32256.66191037184,569.6292161262635
2025-06-05,C3,18,2025-06-05 18:00:00,21291.175462580504,18795.97293876993,2495.2025238105743,500.0,True,732.5465150153509,46.79159524203692,18627.46637158988,367.917415056775
2025-06-06,C2,6,2025-06-06 06:00:00,11380.103358548658,11187.259310769976,192.84404777868255,0.0,True,212.65595888437596,153.55474821080458,10682.020478598964,86.82134057368671
2025-06-06,C2,12,2025-06-06 12:00:00,14967.989456954936,13957.007385329163,1010.9820716257728,0.0,True,2411.91961842221,121.59551347660896,12038.01720295258,641.7910345506705
2025-06-06,C2,18,2025-06-06 18:00:00,8571.017591010295,8011.226819883291,559.7907711270045,0.0,True,341.093796916458,706.9975140049901,7808.078515747278,300.01657303299794
2025-06-06,C3,6,2025-06-06 06:00:00,11380.103358548658,11187.259310769976,192.84404777868255,500.0,False,212.65595888437596,153.55474821080458,10682.020478598964,86.82134057368671
2025-06-06,C3,12,2025-06-06 12:00:00,14986.158558881105,14031.77741087702,954.3811480040822,500.0,True,2495.150013644399,121.59551347660896,12104.14791347637,641.7910345506705
2025-06-06,C3,18,2025-06-06 18:00:00,8571.017591010295,8011.226819883291,559.7907711270045,500.0,True,341.093796916458,706.9975140049901,7808.078515747278,300.01657303299794
2025-06-07,C2,6,2025-06-07 06:00:00,11191.167377342108,10834.472949393084,356.69442794902534,0.0,True,1640.2945119637934,720.3914109804424,10435.823218561123,624.6424292340121
2025-06-07,C2,12,2025-06-07 12:00:00,14650.617578048665,11418.422662406876,3232.1949156417886,0.0,True,2866.8496061648925,0.0,10749.972655302216,611.2357111665797
2025-06-07,C2,18,2025-06-07 18:00:00,12537.149533004562,10616.02790490292,1921.1216281016405,0.0,True,2239.434407194685,0.0,10288.707727004215,599.9860825795959
2025-06-07,C3,6,2025-06-07 06:00:00,11191.167377342108,10834.472949393084,356.69442794902534,500.0,False,1640.2945119637934,720.3914109804424,10435.823218561123,624.6424292340121
2025-06-07,C3,12,2025-06-07 12:00:00,14800.93323904069,11418.422662406876,3382.5105766338147,500.0,True,2866.8496061648925,0.0,10749.972655302216,611.2357111665797
2025-06-07,C3,18,2025-06-07 18:00:00,12537.149533004562,10616.02790490292,1921.1216281016405,500.0,True,2239.434407194685,0.0,10288.707727004215,599.9860825795959
2025-06-08,C2,6,2025-06-08 06:00:00,47897.78414806052,43972.125401322206,3925.658746738314,0.0,True,4438.501610333463,2045.0599063891448,42277.155566628746,1085.5359010930956
2025-06-08,C2,12,2025-06-08 12:00:00,44159.087270639866,42815.3851232782,1343.7021473616696,0.0,True,7150.323569762576,377.6216539109576,41328.12488525426,796.470227893994
2025-06-08,C2,18,2025-06-08 18:00:00,26167.576988143825,24021.212552284764,2146.364435859061,0.0,True,1365.895493065821,0.0,23725.278219857024,684.8556256702329
2025-06-08,C3,6,2025-06-08 06:00:00,47897.78414806052,43972.125401322206,3925.658746738314,500.0,True,4438.501610333463,2045.0599063891448,42277.155566628746,1085.5359010930956
2025-06-08,C3,12,2025-06-08 12:00:00,44159.087270639866,42815.3851232782,1343.7021473616696,500.0,True,7150.323569762576,377.6216539109576,41328.12488525426,796.470227893994
2025-06-08,C3,18,2025-06-08 18:00:00,26167.576988143825,24021.212552284764,2146.364435859061,500.0,True,1365.895493065821,0.0,23725.278219857024,684.8556256702329
2025-06-09,C2,6,2025-06-09 06:00:00,47705.39026246832,45585.551439829374,2119.8388226389434,0.0,True,0.0,4780.477618379812,44833.09142494325,702.5813439620772
2025-06-09,C2,12,2025-06-09 12:00:00,47354.82368275588,42463.457926685085,4891.365756070794,0.0,True,394.95260345006784,815.8783582882113,41274.74074917021,672.6832840682207
2025-06-09,C2,18,2025-06-09 18:00:00,23373.912576834013,22748.20646662369,625.706110210318,0.0,True,337.93026866364653,9.342450254653611,20908.065858555277,244.3632971234839
2025-06-09,C3,6,2025-06-09 06:00:00,47705.39026246832,45585.551439829374,2119.8388226389434,500.0,True,0.0,4780.477618379812,44833.09142494325,702.5813439620772
2025-06-09,C3,12,2025-06-09 12:00:00,47354.82368275588,42463.457926685085,4891.365756070794,500.0,True,394.95260345006784,815.8783582882113,41274.74074917021,672.6832840682207
2025-06-09,C3,18,2025-06-09 18:00:00,23373.912576834013,22748.20646662369,625.706110210318,500.0,True,337.93026866364653,9.342450254653611,20908.065858555277,244.3632971234839
2025-06-10,C2,6,2025-06-10 06:00:00,46836.57193622223,45661.212699813565,1175.3592364086653,0.0,True,794.5167472064148,1201.7281604213235,43798.90590604498,401.7579921187372
2025-06-10,C2,12,2025-06-10 12:00:00,47151.83766359943,42116.91387526793,5034.9237883315,0.0,True,3144.655523601069,511.87319719432753,41522.69637442188,868.785061111111
2025-06-10,C2,18,2025-06-10 18:00:00,28027.554665326286,24288.79626921077,3738.758396115518,0.0,True,1486.1210106992503,21.11959620114112,23781.65326698994,808.5641439528666
2025-06-10,C3,6,2025-06-10 06:00:00,46836.57193622223,45661.212699813565,1175.3592364086653,500.0,True,794.5167472064148,1201.7281604213235,43798.90590604498,401.7579921187372
2025-06-10,C3,12,2025-06-10 12:00:00,47151.83766359943,42116.91387526793,5034.9237883315,500.0,True,3144.655523601069,511.87319719432753,41522.69637442188,868.785061111111
2025-06-10,C3,18,2025-06-10 18:00:00,28027.554665326286,24288.79626921077,3738.758396115518,500.0,True,1486.1210106992503,21.11959620114112,23781.65326698994,808.5641439528666
2025-06-11,C2,6,2025-06-11 06:00:00,55716.50639423875,49863.04293022292,5853.463464015833,0.0,True,2495.4465841594224,734.1307645704135,49143.97716567997,829.7839067023721
2025-06-11,C2,12,2025-06-11 12:00:00,56837.99791359815,49277.24953063854,7560.748382959609,0.0,True,3755.650918267159,2.273736754432321e-13,47622.79032267756,881.1343756422057
2025-06-11,C2,18,2025-06-11 18:00:00,22950.625020231266,21951.524345725247,999.1006745060184,0.0,True,310.65180579657334,1385.811365516978,21866.437314085324,255.31574330929635
2025-06-11,C3,6,2025-06-11 06:00:00,55716.50639423875,49863.04293022292,5853.463464015833,500.0,True,2495.4465841594224,734.1307645704135,49143.97716567997,829.7839067023721
2025-06-11,C3,12,2025-06-11 12:00:00,56837.99791359815,49277.24953063854,7560.748382959609,500.0,True,3755.650918267159,2.273736754432321e-13,47622.79032267756,881.1343756422057
2025-06-11,C3,18,2025-06-11 18:00:00,22950.625020231266,21951.524345725247,999.1006745060184,500.0,True,310.65180579657334,1385.811365516978,21866.437314085324,255.31574330929635
2025-06-12,C2,6,2025-06-12 06:00:00,49810.29963448677,49126.99835316234,683.3012813244204,0.0,True,2556.3057577281124,14.54887099500263,45995.856801200265,684.1696599752131
2025-06-12,C2,12,2025-06-12 12:00:00,44570.34069650644,44109.9686750936,460.3720214128407,0.0,True,2324.246340724876,222.7191740792092,41303.5329451158,700.1820443833449
2025-06-12,C2,18,2025-06-12 18:00:00,26406.46283300712,25273.252170904583,1133.2106621025378,0.0,True,2138.6165083144456,0.0,24455.55932989221,590.0794416622384
2025-06-12,C3,6,2025-06-12 06:00:00,49810.29963448677,49126.99835316234,683.3012813244204,500.0,True,2556.3057577281124,14.54887099500263,45995.856801200265,684.1696599752131
2025-06-12,C3,12,2025-06-12 12:00:00,44570.34069650644,44109.9686750936,460.3720214128407,500.0,False,2324.246340724876,222.7191740792092,41303.5329451158,700.1820443833449
2025-06-12,C3,18,2025-06-12 18:00:00,26293.59056676364,25166.24616863616,1127.3443981274795,500.0,True,2086.3776866641706,0.0,24348.553327623795,537.8406200119634
2025-06-13,C2,6,2025-06-13 06:00:00,15541.933408101148,14071.718324689591,1470.2150834115564,0.0,True,502.6153547793816,1712.116650703887,13894.616236691923,278.588950948258
2025-06-13,C2,12,2025-06-13 12:00:00,21070.47979151273,17609.317062277914,3461.1627292348203,0.0,True,2906.30205800974,0.0,15961.380746885588,667.3698522787394
2025-06-13,C2,18,2025-06-13 18:00:00,13186.10935550783,12682.668881568576,503.4404739392521,0.0,True,245.1111735016686,0.0,10724.471888741477,228.59288191806985
2025-06-13,C3,6,2025-06-13 06:00:00,15541.933408101148,14071.718324689591,1470.2150834115564,500.0,True,502.6153547793816,1712.116650703887,13894.616236691923,278.588950948258
2025-06-13,C3,12,2025-06-13 12:00:00,21070.47979151273,17609.317062277914,3461.1627292348203,500.0,True,2906.30205800974,0.0,15961.380746885588,667.3698522787394
2025-06-13,C3,18,2025-06-13 18:00:00,13186.10935550783,12682.668881568576,503.4404739392521,500.0,True,245.1111735016686,0.0,10724.471888741477,228.59288191806985
2025-06-14,C2,6,2025-06-14 06:00:00,17795.677027222497,16887.95119638389,907.725830838608,0.0,True,462.9693363294866,1084.6688712816897,14510.605689005488,585.0904483298646
2025-06-14,C2,12,2025-06-14 12:00:00,17240.329833469055,16881.2046891582,359.12514431085583,0.0,True,0.3795566329981739,92.55154451591034,14247.71844479799,492.5389038139542
2025-06-14,C2,18,2025-06-14 18:00:00,15145.057194043433,13568.208307962528,1576.848886080903,0.0,True,1664.7328616673897,0.0,13238.38030034009,584.5433059570811
2025-06-14,C3,6,2025-06-14 06:00:00,17795.677027222497,16887.95119638389,907.725830838608,500.0,True,462.9693363294866,1084.6688712816897,14510.605689005488,585.0904483298646
2025-06-14,C3,12,2025-06-14 12:00:00,17240.329833469055,16881.2046891582,359.12514431085583,500.0,False,0.3795566329981739,92.55154451591034,14247.71844479799,492.5389038139542
2025-06-14,C3,18,2025-06-14 18:00:00,15146.470656706246,13568.208307962528,1578.2623487437177,500.0,True,1664.7328616673897,0.0,13238.38030034009,584.5433059570811
2025-06-15,C2,6,2025-06-15 06:00:00,57924.61727738648,48849.51731933896,9075.099958047524,0.0,True,6540.637868154898,0.0,44561.51948266197,758.1424065025748
2025-06-15,C2,12,2025-06-15 12:00:00,48113.66761677953,46479.50380237368,1634.1638144058525,0.0,True,7479.272038580874,0.0,44713.85758929141,857.1617777689434
2025-06-15,C2,18,2025-06-15 18:00:00,24911.599656830505,24185.23253042939,726.3671264011136,0.0,True,1319.311351026684,0.0,21037.1291657026,673.37189987869
2025-06-15,C3,6,2025-06-15 06:00:00,57924.61727738648,48849.51731933896,9075.099958047524,500.0,True,6540.637868154898,0.0,44561.51948266197,758.1424065025748
2025-06-15,C3,12,2025-06-15 12:00:00,48113.66761677953,46479.50380237368,1634.1638144058525,500.0,True,7479.272038580874,0.0,44713.85758929141,857.1617777689434
2025-06-15,C3,18,2025-06-15 18:00:00,24911.599656830505,24185.23253042939,726.3671264011136,500.0,True,1319.311351026684,0.0,21037.1291657026,673.37189987869
2025-06-16,C2,6,2025-06-16 06:00:00,51250.97040278195,47886.70160424379,3364.2687985381635,0.0,True,1859.0447817546403,62.38037578665581,44797.98888750305,517.3402292837997
2025-06-16,C2,12,2025-06-16 12:00:00,44777.16914914946,44249.86554925128,527.3035998981868,0.0,True,1023.7907185629804,42.23939166666696,40902.6788179633,608.418296986433
2025-06-16,C2,18,2025-06-16 18:00:00,27437.85628717827,25350.216343071137,2087.639944107133,0.0,True,1871.7649505006937,0.0,24954.990534088334,726.2552654385428
2025-06-16,C3,6,2025-06-16 06:00:00,51250.97040278195,47886.70160424379,3364.2687985381635,500.0,True,1859.0447817546403,62.38037578665581,44797.98888750305,517.3402292837997
2025-06-16,C3,12,2025-06-16 12:00:00,44777.16914914946,44249.86554925128,527.3035998981868,500.0,True,1023.7907185629804,42.23939166666696,40902.6788179633,608.418296986433
2025-06-16,C3,18,2025-06-16 18:00:00,27437.85628717827,25350.216343071137,2087.639944107133,500.0,True,1871.7649505006937,0.0,24954.990534088334,726.2552654385428
2025-06-17,C2,6,2025-06-17 06:00:00,58294.02634532751,49696.411385644045,8597.614959683466,0.0,True,6538.822143751577,0.0,47809.32105497397,807.3011249188392
2025-06-17,C2,12,2025-06-17 12:00:00,47862.57036986385,46349.76855391708,1512.8018159467756,0.0,True,7052.140090497766,0.0,45601.43582421159,906.381900541906
2025-06-17,C2,18,2025-06-17 18:00:00,23828.548730722647,23049.009799782893,779.5389309397542,0.0,True,306.563968070967,0.0,21172.95036884431,183.5499083146337
2025-06-17,C3,6,2025-06-17 06:00:00,58294.02634532751,49696.411385644045,8597.614959683466,500.0,True,6538.822143751577,0.0,47809.32105497397,807.3011249188392
2025-06-17,C3,12,2025-06-17 12:00:00,47862.57036986385,46349.76855391708,1512.8018159467756,500.0,True,7052.140090497766,0.0,45601.43582421159,906.381900541906
2025-06-17,C3,18,2025-06-17 18:00:00,23828.548730722647,23049.009799782893,779.5389309397542,500.0,True,306.563968070967,0.0,21172.95036884431,183.5499083146337
2025-06-18,C2,6,2025-06-18 06:00:00,59215.622626133445,52627.32689452155,6588.295731611892,0.0,True,5699.049558919029,0.0,50416.72232497792,765.8613698246141
2025-06-18,C2,12,2025-06-18 12:00:00,41405.6115290755,40222.98373805711,1182.627791018385,0.0,True,0.0,1331.348579785167,40207.39512040567,141.78379013149356
2025-06-18,C2,18,2025-06-18 18:00:00,22983.54027800474,22432.4542839834,551.085994021345,0.0,True,0.0,0.0,21087.128819677386,92.31849692461458
2025-06-18,C3,6,2025-06-18 06:00:00,59215.622626133445,52627.32689452155,6588.295731611892,500.0,True,5699.049558919029,0.0,50416.72232497792,765.8613698246141
2025-06-18,C3,12,2025-06-18 12:00:00,41405.6115290755,40222.98373805711,1182.627791018385,500.0,True,0.0,1331.348579785167,40207.39512040567,141.78379013149356
2025-06-18,C3,18,2025-06-18 18:00:00,22983.54027800474,22432.4542839834,551.085994021345,500.0,True,0.0,0.0,21087.128819677386,92.31849692461458
2025-06-19,C2,6,2025-06-19 06:00:00,41500.784233358325,41077.83994188122,422.94429147710616,0.0,True,782.2564810676834,455.07002527602447,38470.41599191271,193.52286894962697
2025-06-19,C2,12,2025-06-19 12:00:00,46257.765193730665,42169.39287499509,4088.372318735579,0.0,True,6046.105758589563,0.0,40152.06249871662,947.826144901724
2025-06-19,C2,18,2025-06-19 18:00:00,26613.72192108119,24608.734640804443,2004.9872802767457,0.0,True,2249.383437810291,0.0,24361.42073335706,623.5003309405735
2025-06-19,C3,6,2025-06-19 06:00:00,41500.784233358325,41077.83994188122,422.94429147710616,500.0,False,782.2564810676834,455.07002527602447,38470.41599191271,193.52286894962697
2025-06-19,C3,12,2025-06-19 12:00:00,46535.5936683296,41611.44452670642,4924.149141623173,500.0,True,5580.728476431523,0.0,39594.93608538112,1092.8611705027135
2025-06-19,C3,18,2025-06-19 18:00:00,26613.72192108119,24608.734640804443,2004.9872802767457,500.0,True,2249.383437810291,0.0,24361.42073335706,623.5003309405735
2025-06-20,C2,6,2025-06-20 06:00:00,16911.695904047894,15731.09589999206,1180.6000040558356,0.0,True,1968.9985058367208,0.0,15024.161034182764,232.8830379536868
2025-06-20,C2,12,2025-06-20 12:00:00,16631.336345731208,16126.522738541616,504.8136071895915,0.0,True,1479.126585778792,0.0,13839.059659566374,321.43279666961973
2025-06-20,C2,18,2025-06-20 18:00:00,11812.617547774847,11752.399943770926,60.21760400392122,0.0,True,116.35032182607596,96.33235846153764,10183.72031480894,116.35032182607596
2025-06-20,C3,6,2025-06-20 06:00:00,16911.695904047894,15731.09589999206,1180.6000040558356,500.0,True,1968.9985058367208,0.0,15024.161034182764,232.8830379536868
2025-06-20,C3,12,2025-06-20 12:00:00,16631.336345731208,16126.522738541616,504.8136071895915,500.0,True,1479.126585778792,0.0,13839.059659566374,321.43279666961973
2025-06-20,C3,18,2025-06-20 18:00:00,11812.617547774847,11752.399943770926,60.21760400392122,500.0,False,116.35032182607596,96.33235846153764,10183.72031480894,116.35032182607596
2025-06-21,C2,6,2025-06-21 06:00:00,14803.487475443791,14618.147268289542,185.3402071542514,0.0,True,1341.5888272018592,0.0,14047.295259634648,116.65895753902451
2025-06-21,C2,12,2025-06-21 12:00:00,14735.087259111184,14195.745032368057,539.342226743127,0.0,True,292.4167315777155,38.02643408291169,12865.648876373049,123.37820295919062
2025-06-21,C2,18,2025-06-21 18:00:00,12421.473038558452,12312.638864145996,108.83417441245548,0.0,True,364.04928210803575,0.0,10469.242237059874,234.9060542619268
2025-06-21,C3,6,2025-06-21 06:00:00,14803.487475443791,14618.147268289542,185.3402071542514,500.0,False,1341.5888272018592,0.0,14047.295259634648,116.65895753902451
2025-06-21,C3,12,2025-06-21 12:00:00,14213.658233741093,14195.74503236806,17.9132013730341,500.0,False,292.41673157772004,38.02643408291169,12865.648876373049,123.37820295919062
2025-06-21,C3,18,2025-06-21 18:00:00,12417.536763916649,12312.638864145996,104.89789977065084,500.0,False,364.04928210803575,0.0,10469.242237059874,234.9060542619268
2025-06-22,C2,6,2025-06-22 06:00:00,54683.19706446791,43092.239394102406,11590.957670365504,0.0,True,6326.432599994889,307.0202411034718,40748.69899723363,934.7666674814318
2025-06-22,C2,12,2025-06-22 12:00:00,41941.38387023104,41605.62097365392,335.7628965771146,0.0,True,6906.0875112340345,0.0,39031.429513372655,547.7013193453313
2025-06-22,C2,18,2025-06-22 18:00:00,23496.453745882423,23166.956446618868,329.49729926355576,0.0,True,1490.0326685520486,0.0,20331.62148039884,437.9480101236961
2025-06-22,C3,6,2025-06-22 06:00:00,54683.19706446791,43092.239394102406,11590.957670365504,500.0,True,6326.432599994889,307.0202411034718,40748.69899723363,934.7666674814318
2025-06-22,C3,12,2025-06-22 12:00:00,41941.38387023104,41605.62097365392,335.7628965771146,500.0,False,6906.0875112340345,0.0,39031.429513372655,547.7013193453313
2025-06-22,C3,18,2025-06-22 18:00:00,24272.144200070576,23988.024238451304,284.11996161927163,500.0,False,1892.1902031808704,0.0,21146.671215499355,714.5337236602631
2025-06-23,C2,6,2025-06-23 06:00:00,41019.74619121548,40531.85677288339,487.8894183320881,0.0,True,946.8712834657532,275.3920525119971,39697.43721532369,571.0799310938144
2025-06-23,C2,12,2025-06-23 12:00:00,41880.29790957288,41099.326847909215,780.9710616636658,0.0,True,4555.657544756292,7.131527029047902,40215.09403993837,753.1993099314053
2025-06-23,C2,18,2025-06-23 18:00:00,26293.95078646654,24921.35392196597,1372.5968645005703,0.0,True,1546.8574562117603,0.0,24082.288648280377,678.770056085229
2025-06-23,C3,6,2025-06-23 06:00:00,41019.74619121548,40531.85677288339,487.8894183320881,500.0,False,946.8712834657532,275.3920525119971,39697.43721532369,571.0799310938144
2025-06-23,C3,12,2025-06-23 12:00:00,40696.17663982597,40055.97380635858,640.2028334673887,500.0,True,3648.020842501696,7.131527029047902,39174.32312956761,758.3603334204138
2025-06-23,C3,18,2025-06-23 18:00:00,26293.95078646654,24921.35392196597,1372.5968645005703,500.0,True,1546.8574562117603,0.0,24082.288648280377,678.770056085229
2025-06-24,C2,6,2025-06-24 06:00:00,48826.377610786265,48554.73189838783,271.64571239843644,0.0,True,952.2617271181136,436.1761008872722,47241.27711349338,369.0065509433428
2025-06-24,C2,12,2025-06-24 12:00:00,43936.16489977812,43186.346392426574,749.8185073515415,0.0,True,1501.0169760735637,513.7811329904125,41298.87271631507,688.197783056855
2025-06-24,C2,18,2025-06-24 18:00:00,24492.740224591344,24155.0414090612,337.69881553014784,0.0,True,367.6053190314632,26.59751691421673,21552.625780539147,103.78783782904372
2025-06-24,C3,6,2025-06-24 06:00:00,48826.377610786265,48554.73189838783,271.64571239843644,500.0,False,952.2617271181136,436.1761008872722,47241.27711349338,369.0065509433428
2025-06-24,C3,12,2025-06-24 12:00:00,44029.61102795698,43441.67409833529,587.9369296216901,500.0,True,1666.3066637420384,513.7811329904125,41546.662682633054,688.197783056855
2025-06-24,C3,18,2025-06-24 18:00:00,24492.740224591344,24155.0414090612,337.69881553014784,500.0,False,367.6053190314632,26.59751691421673,21552.625780539147,103.78783782904372
2025-06-25,C2,6,2025-06-25 06:00:00,43161.717564833285,43090.24525871984,71.47230611344276,0.0,True,0.0,296.1312085726797,41641.71653800653,74.42884973413175
2025-06-25,C2,12,2025-06-25 12:00:00,41246.68168211456,40389.125993532725,857.5556885818296,0.0,True,1443.1807795926877,273.01173211588184,36596.326509719045,721.6535124062842
2025-06-25,C2,18,2025-06-25 18:00:00,24484.456158212088,23792.114582649,692.3415755630886,0.0,True,1278.095076081617,18.932693854318813,23301.804787317087,733.2396632765316
2025-06-25,C3,6,2025-06-25 06:00:00,43161.717564833285,43090.24525871984,71.47230611344276,500.0,False,0.0,296.1312085726797,41641.71653800653,74.42884973413175
2025-06-25,C3,12,2025-06-25 12:00:00,41216.57518164831,40389.125993532725,827.4491881155845,500.0,True,1443.1807795926877,273.01173211588184,36596.326509719045,721.6535124062842
2025-06-25,C3,18,2025-06-25 18:00:00,24484.456158212088,23792.114582649,692.3415755630886,500.0,True,1278.095076081617,18.932693854318813,23301.804787317087,733.2396632765316
2025-06-26,C2,6,2025-06-26 06:00:00,43887.82002550788,42579.11320222495,1308.706823282926,0.0,True,3095.020104644784,29.602750096548448,39149.09015236672,421.8116337228927
2025-06-26,C2,12,2025-06-26 12:00:00,40660.799074700815,39617.948687812175,1042.85038688864,0.0,True,5970.74740723645,0.0,38312.46595863592,960.3771472355036
2025-06-26,C2,18,2025-06-26 18:00:00,20803.440297417477,20195.79061686658,607.6496805508941,0.0,True,0.0,639.0489958595152,19841.11685241398,152.5655037844598
2025-06-26,C3,6,2025-06-26 06:00:00,43887.82002550788,42579.11320222495,1308.706823282926,500.0,True,3095.020104644784,29.602750096548448,39149.09015236672,421.8116337228927
2025-06-26,C3,12,2025-06-26 12:00:00,40660.799074700815,39617.948687812175,1042.85038688864,500.0,True,5970.74740723645,0.0,38312.46595863592,960.3771472355036
2025-06-26,C3,18,2025-06-26 18:00:00,20803.440297417477,20195.79061686658,607.6496805508941,500.0,True,0.0,639.0489958595152,19841.11685241398,152.5655037844598
2025-06-27,C2,6,2025-06-27 06:00:00,12841.99621526557,12841.99621526557,0.0,0.0,False,0.0,0.0,11949.674003733327,0.0
2025-06-27,C2,12,2025-06-27 12:00:00,12506.926042658,12356.549948218822,150.3760944391779,0.0,True,0.0,565.5495440180276,11783.450115056416,207.8599961615797
2025-06-27,C2,18,2025-06-27 18:00:00,9286.36202532574,9089.988802995673,196.3732223300667,0.0,True,0.0,927.748350796954,9067.966447573435,118.48737905459336
2025-06-27,C3,6,2025-06-27 06:00:00,12841.99621526557,12841.99621526557,0.0,500.0,False,0.0,0.0,11949.674003733327,0.0
2025-06-27,C3,12,2025-06-27 12:00:00,12506.926042658,12356.549948218822,150.3760944391779,500.0,False,0.0,565.5495440180276,11783.450115056416,207.8599961615797
2025-06-27,C3,18,2025-06-27 18:00:00,9286.36202532574,9089.988802995673,196.3732223300667,500.0,False,0.0,927.748350796954,9067.966447573435,118.48737905459336
2025-06-28,C2,6,2025-06-28 06:00:00,15650.823028247858,14706.859541008189,943.9634872396708,0.0,True,587.2082694635565,0.0,12943.803530513593,141.63850646634677
2025-06-28,C2,12,2025-06-28 12:00:00,15577.694020494111,15124.44380931725,453.25021117686265,0.0,True,2179.7561419606427,0.0,13855.414403823544,656.5911055196312
2025-06-28,C2,18,2025-06-28 18:00:00,10946.771274711731,10871.7251916683,75.04608304343128,0.0,True,23.90621286302371,56.66803030908386,9657.630499252977,61.92350266137248
2025-06-28,C3,6,2025-06-28 06:00:00,15650.823028247858,14706.859541008189,943.9634872396708,500.0,True,587.2082694635565,0.0,12943.803530513593,141.63850646634677
2025-06-28,C3,12,2025-06-28 12:00:00,15577.694020494111,15124.44380931725,453.25021117686265,500.0,False,2179.7561419606427,0.0,13855.414403823544,656.5911055196312
2025-06-28,C3,18,2025-06-28 18:00:00,10897.57620679979,10871.7251916683,25.85101513148948,500.0,False,23.90621286302371,56.66803030908386,9657.630499252977,42.71286899159281
2025-06-29,C2,6,2025-06-29 06:00:00,48325.994450573766,42068.24911450368,6257.745336070089,0.0,True,5852.597927173265,5.609769442129391,39017.93041885625,983.7902159153404
2025-06-29,C2,12,2025-06-29 12:00:00,39827.67826261193,39316.03919484872,511.639067763208,0.0,True,5613.154023309659,215.80757234875568,35564.750346312445,825.8673680027667
2025-06-29,C2,18,2025-06-29 18:00:00,23856.471927279654,23002.9996008446,853.4723264350578,0.0,True,1422.172845155666,0.0,22691.030822463967,723.0152746360718
2025-06-29,C3,6,2025-06-29 06:00:00,48325.994450573766,42068.24911450368,6257.745336070089,500.0,True,5852.597927173265,5.609769442129391,39017.93041885625,983.7902159153404
2025-06-29,C3,12,2025-06-29 12:00:00,39827.67826261193,39316.03919484872,511.639067763208,500.0,True,5613.154023309659,215.80757234875568,35564.750346312445,825.8673680027667
2025-06-29,C3,18,2025-06-29 18:00:00,23856.471927279654,23002.9996008446,853.4723264350578,500.0,True,1422.172845155666,0.0,22691.030822463967,723.0152746360718
2025-06-30,C2,6,2025-06-30 06:00:00,47414.03227076223,44879.84965622133,2534.182614540892,0.0,True,3370.126523068647,3557.218785525718,42600.84006561179,363.5970022969138
2025-06-30,C2,12,2025-06-30 12:00:00,45809.67375346031,41780.90396534463,4028.7697881156782,0.0,True,3450.108822183013,329.56461278617894,38787.30439910328,242.91965778357255
2025-06-30,C2,18,2025-06-30 18:00:00,26478.370176439937,24883.627478942,1594.7426974979353,0.0,True,3769.414436755354,0.0,24119.111833891264,839.8382258200038
2025-06-30,C3,6,2025-06-30 06:00:00,47414.03227076223,44879.84965622133,2534.182614540892,500.0,True,3370.126523068647,3557.218785525718,42600.84006561179,363.5970022969138
2025-06-30,C3,12,2025-06-30 12:00:00,45809.67375346031,41780.90396534463,4028.7697881156782,500.0,True,3450.108822183013,329.56461278617894,38787.30439910328,242.91965778357255
2025-06-30,C3,18,2025-06-30 18:00:00,26478.370176439937,24883.627478942,1594.7426974979353,500.0,True,3769.414436755354,0.0,24119.111833891264,839.8382258200038
2025-07-01,C2,6,2025-07-01 06:00:00,46649.71159348356,43273.7140166018,3375.9975768817603,0.0,True,3331.5742102546124,76.83489143614315,40093.05891459667,534.7091798376571
2025-07-01,C2,12,2025-07-01 12:00:00,41443.67914719183,39793.96542053168,1649.713726660142,0.0,True,3890.936605032237,6.851143800433761,37771.34844454852,865.1259777777781
2025-07-01,C2,18,2025-07-01 18:00:00,26741.12057311582,26048.18087163767,692.9397014781498,0.0,True,530.4397251912535,0.0,22706.05425370669,468.9074484814387
2025-07-01,C3,6,2025-07-01 06:00:00,46649.71159348356,43273.7140166018,3375.9975768817603,500.0,True,3331.5742102546124,76.83489143614315,40093.05891459667,534.7091798376571
2025-07-01,C3,12,2025-07-01 12:00:00,41443.67914719183,39793.96542053168,1649.713726660142,500.0,True,3890.936605032237,6.851143800433761,37771.34844454852,865.1259777777781
2025-07-01,C3,18,2025-07-01 18:00:00,26741.12057311582,26048.18087163767,692.9397014781498,500.0,True,530.4397251912535,0.0,22706.05425370669,468.9074484814387
2025-07-02,C2,6,2025-07-02 06:00:00,36913.740427186494,36913.740427186494,0.0,0.0,False,0.0,0.0,32509.86563143976,0.0
2025-07-02,C2,12,2025-07-02 12:00:00,43840.46711718896,40277.75933643186,3562.7077807570968,0.0,True,4799.061371584232,0.0,36952.15112726631,820.0579177903128
2025-07-02,C2,18,2025-07-02 18:00:00,26466.49352963116,26074.16882665337,392.3247029777849,0.0,True,493.8096296464933,0.0,22511.032251795124,287.2830100068488
2025-07-02,C3,6,2025-07-02 06:00:00,36913.740427186494,36913.740427186494,0.0,500.0,False,0.0,0.0,32509.86563143976,0.0
2025-07-02,C3,12,2025-07-02 12:00:00,43840.46711718896,40277.75933643186,3562.7077807570968,500.0,True,4799.061371584232,0.0,36952.15112726631,820.0579177903128
2025-07-02,C3,18,2025-07-02 18:00:00,26466.49352963116,26074.16882665337,392.3247029777849,500.0,False,493.8096296464933,0.0,22511.032251795124,287.2830100068488
2025-07-03,C2,6,2025-07-03 06:00:00,48476.892655176656,47778.25143169377,698.6412234828895,0.0,True,896.7886190961242,582.895353352086,46079.97892954744,522.3596297989794
2025-07-03,C2,12,2025-07-03 12:00:00,39950.72168953255,38943.37381038503,1007.3478791475208,0.0,True,0.0,3132.9926559646683,38943.37381038503,344.20157891734084
2025-07-03,C2,18,2025-07-03 18:00:00,29504.554703967617,26511.586745673365,2992.967958294252,0.0,True,1321.4130066046232,46.72065585222845,26302.182749617597,684.1447192746406
2025-07-03,C3,6,2025-07-03 06:00:00,48476.892655176656,47778.25143169377,698.6412234828895,500.0,True,896.7886190961242,582.895353352086,46079.97892954744,522.3596297989794
2025-07-03,C3,12,2025-07-03 12:00:00,39950.72168953255,38943.37381038503,1007.3478791475208,500.0,True,0.0,3132.9926559646683,38943.37381038503,344.20157891734084
2025-07-03,C3,18,2025-07-03 18:00:00,29504.554703967617,26511.586745673365,2992.967958294252,500.0,True,1321.4130066046232,46.72065585222845,26302.182749617597,684.1447192746406
2025-07-04,C2,6,2025-07-04 06:00:00,15686.045084809326,15686.045084809326,0.0,0.0,False,0.0,0.0,13175.680615328243,0.0
2025-07-04,C2,12,2025-07-04 12:00:00,13242.408352522309,13016.380920478732,226.02743204357648,0.0,True,0.0,920.221280465306,12832.443688505078,148.47814018431103
2025-07-04,C2,18,2025-07-04 18:00:00,20637.85081586481,14595.561735498934,6042.289080365877,0.0,True,1873.4585402562052,0.0,14154.10894591325,705.4677822091313
2025-07-04,C3,6,2025-07-04 06:00:00,15686.045084809326,15686.045084809326,0.0,500.0,False,0.0,0.0,13175.680615328243,0.0
2025-07-04,C3,12,2025-07-04 12:00:00,13242.408352522309,13016.380920478732,226.02743204357648,500.0,False,0.0,920.221280465306,12832.443688505078,148.47814018431103
2025-07-04,C3,18,2025-07-04 18:00:00,19872.320066826236,14993.693149200144,4878.6269176260885,500.0,True,2038.623502996073,0.0,14456.264377127894,821.8457773551444
2025-07-05,C2,6,2025-07-05 06:00:00,13438.830823507618,13364.513020806857,74.31780270076342,0.0,True,57.44986278862476,291.33888538554777,10806.845452446623,107.47854527616867
2025-07-05,C2,12,2025-07-05 12:00:00,16780.29833739772,16050.348139233618,729.9501981641006,0.0,True,3075.062662323753,0.0,14609.208829020456,564.8321813235281
2025-07-05,C2,18,2025-07-05 18:00:00,14440.751412012862,13415.50627342907,1025.245138583792,0.0,True,1180.2852794128105,0.0,10872.40839019978,386.9611956471338
2025-07-05,C3,6,2025-07-05 06:00:00,13438.830823507618,13364.513020806857,74.31780270076342,500.0,False,57.44986278862476,291.33888538554777,10806.845452446623,107.47854527616867
2025-07-05,C3,12,2025-07-05 12:00:00,16628.938677629263,16050.348139233618,578.5905383956451,500.0,True,3075.062662323753,0.0,14609.208829020456,564.8321813235281
2025-07-05,C3,18,2025-07-05 18:00:00,14440.751412012862,13415.50627342907,1025.245138583792,500.0,True,1180.2852794128105,0.0,10872.40839019978,386.9611956471338
2025-07-06,C2,6,2025-07-06 06:00:00,60346.073539856734,49250.202728369295,11095.87081148744,0.0,True,6309.976702772323,422.2404151940252,42468.9376605439,926.988762132836
2025-07-06,C2,12,2025-07-06 12:00:00,49069.72784718037,46932.018688232885,2137.709158947488,0.0,True,6766.777998551461,44.09644959564821,43866.27944113569,686.1278291542179
2025-07-06,C2,18,2025-07-06 18:00:00,29905.43793216205,27811.323857866777,2094.114074295277,0.0,True,4209.867036437849,0.0,27414.065093755635,874.045010483116
2025-07-06,C3,6,2025-07-06 06:00:00,60346.073539856734,49250.202728369295,11095.87081148744,500.0,True,6309.976702772323,422.2404151940252,42468.9376605439,926.988762132836
2025-07-06,C3,12,2025-07-06 12:00:00,49069.72784718037,46932.018688232885,2137.709158947488,500.0,True,6766.777998551461,44.09644959564821,43866.27944113569,686.1278291542179
2025-07-06,C3,18,2025-07-06 18:00:00,29905.43793216205,27811.323857866777,2094.114074295277,500.0,True,4209.867036437849,0.0,27414.065093755635,874.045010483116
2025-07-07,C2,6,2025-07-07 06:00:00,41932.14950831567,40234.42152106544,1697.727987250226,0.0,True,2421.263904032463,2.5060780186905163,38688.385346357645,151.33822223823324
2025-07-07,C2,12,2025-07-07 12:00:00,42484.67854446111,38250.31222938649,4234.3663150746215,0.0,True,2905.936975279761,101.0882543393692,37656.16286283273,765.0000369413051
2025-07-07,C2,18,2025-07-07 18:00:00,21579.683731652043,21544.67879281236,35.004938839687384,0.0,True,68.16498393944221,0.0,20885.638636060045,70.71756590575751
2025-07-07,C3,6,2025-07-07 06:00:00,41932.14950831567,40234.42152106544,1697.727987250226,500.0,True,2421.263904032463,2.5060780186905163,38688.385346357645,151.33822223823324
2025-07-07,C3,12,2025-07-07 12:00:00,42484.67854446111,38250.31222938649,4234.3663150746215,500.0,True,2905.936975279761,101.0882543393692,37656.16286283273,765.0000369413051
2025-07-07,C3,18,2025-07-07 18:00:00,21579.683731652043,21544.67879281236,35.004938839687384,500.0,False,68.16498393944221,0.0,20885.638636060045,70.71756590575751
2025-07-08,C2,6,2025-07-08 06:00:00,54809.67156810514,54685.43457823032,124.23698987482204,0.0,True,168.12007422466814,380.2088288305325,51115.79774937986,152.5920880882486
2025-07-08,C2,12,2025-07-08 12:00:00,58736.83130798846,54940.2848871216,3796.546420866864,0.0,True,2721.254532730625,113.95936493089994,49224.3123731232,863.3757018253822
2025-07-08,C2,18,2025-07-08 18:00:00,32738.59621969683,32701.123985003214,37.47223469361052,0.0,True,113.24963397396982,0.0,28980.76797225449,42.61056334058901
2025-07-08,C3,6,2025-07-08 06:00:00,54809.67156810514,54685.43457823032,124.23698987482204,500.0,False,168.12007422466814,380.2088288305325,51115.79774937986,152.5920880882486
2025-07-08,C3,12,2025-07-08 12:00:00,58721.40518070528,54940.2848871216,3781.120293583677,500.0,True,2721.254532730625,113.95936493089994,49224.3123731232,863.3757018253822
2025-07-08,C3,18,2025-07-08 18:00:00,32738.59621969683,32701.123985003214,37.47223469361052,500.0,False,113.24963397396982,0.0,28980.76797225449,42.61056334058901
2025-07-09,C2,6,2025-07-09 06:00:00,59451.93995008139,56784.98328420224,2666.956665879145,0.0,True,5681.867841524259,225.08070561882823,53671.82279943532,793.1751640118302
2025-07-09,C2,12,2025-07-09 12:00:00,56058.79070132376,54946.94821854831,1111.842482775457,0.0,True,7229.918516669149,223.2322522936136,52945.07246868631,818.5093445106969
2025-07-09,C2,18,2025-07-09 18:00:00,35597.78421360726,33741.95291166105,1855.8313019462075,0.0,True,4388.87435344156,0.0,33241.705606452015,798.1934178285893
2025-07-09,C3,6,2025-07-09 06:00:00,59451.93995008139,56784.98328420224,2666.956665879145,500.0,True,5681.867841524259,225.08070561882823,53671.82279943532,793.1751640118302
2025-07-09,C3,12,2025-07-09 12:00:00,56058.79070132376,54946.94821854831,1111.842482775457,500.0,True,7229.918516669149,223.2322522936136,52945.07246868631,818.5093445106969
2025-07-09,C3,18,2025-07-09 18:00:00,35597.78421360726,33741.95291166105,1855.8313019462075,500.0,True,4388.87435344156,0.0,33241.705606452015,798.1934178285893
2025-07-10,C2,6,2025-07-10 06:00:00,55339.90901390748,52354.571113704944,2985.3379002025395,0.0,True,1742.8670501253027,593.9768140055899,46502.5267006597,351.50442930545614
2025-07-10,C2,12,2025-07-10 12:00:00,48931.28334612792,48754.47947637077,176.80386975715373,0.0,True,691.6070118447626,133.46999837685576,44135.5514906413,469.9404090799986
2025-07-10,C2,18,2025-07-10 18:00:00,34951.1153425137,31826.663766516474,3124.451575997228,0.0,True,2220.3436822302465,0.0,31466.04457671,875.2623365989873
2025-07-10,C3,6,2025-07-10 06:00:00,55339.90901390748,52354.571113704944,2985.3379002025395,500.0,True,1742.8670501253027,593.9768140055899,46502.5267006597,351.50442930545614
2025-07-10,C3,12,2025-07-10 12:00:00,48931.28334612792,48754.47947637077,176.80386975715373,500.0,False,691.6070118447626,133.46999837685576,44135.5514906413,469.9404090799986
2025-07-10,C3,18,2025-07-10 18:00:00,34888.86845633687,31768.30423990676,3120.564216430117,500.0,True,2190.693971002426,0.0,31407.68505010028,875.2623365989873
2025-07-11,C2,6,2025-07-11 06:00:00,23112.358393934363,23045.880930862964,66.47746307139823,0.0,True,264.36068232873606,0.0,20723.404132405503,264.36068232873606
2025-07-11,C2,12,2025-07-11 12:00:00,22106.9303209228,22106.9303209228,0.0,0.0,False,0.0,1.1368683772161605e-13,20462.281868435297,1.1368683772161605e-13
2025-07-11,C2,18,2025-07-11 18:00:00,20403.16137263842,19817.636253386765,585.5251192516553,0.0,True,2223.573957129181,0.0,19417.034465622823,840.4251811162726
2025-07-11,C3,6,2025-07-11 06:00:00,23112.358393934363,23045.880930862964,66.47746307139823,500.0,False,264.36068232873606,0.0,20723.404132405503,264.36068232873606
2025-07-11,C3,12,2025-07-11 12:00:00,22106.9303209228,22106.9303209228,0.0,500.0,False,0.0,1.1368683772161605e-13,20462.281868435297,1.1368683772161605e-13
2025-07-11,C3,18,2025-07-11 18:00:00,20403.16137263842,19817.636253386765,585.5251192516553,500.0,True,2223.573957129181,0.0,19417.034465622823,840.4251811162726
2025-07-12,C2,6,2025-07-12 06:00:00,22195.87407514269,22051.701184821297,144.1728903213916,0.0,True,199.21026935837145,2.8120764373773,19550.25186682765,95.76961354601868
2025-07-12,C2,12,2025-07-12 12:00:00,23610.20278059729,23401.37893274584,208.82384785145769,0.0,True,1072.586967859264,0.0,19839.881314847364,326.95004275240376
2025-07-12,C2,18,2025-07-12 18:00:00,17609.42661538895,17526.42066972572,83.0059456632298,0.0,True,231.6270650125997,73.10055477840456,15391.25628592386,193.7090445190696
2025-07-12,C3,6,2025-07-12 06:00:00,22195.87407514269,22051.701184821297,144.1728903213916,500.0,False,199.21026935837145,2.8120764373773,19550.25186682765,95.76961354601868
2025-07-12,C3,12,2025-07-12 12:00:00,23609.968143048416,23401.37893274584,208.5892103025799,500.0,False,1072.586967859264,0.0,19839.881314847364,326.95004275240376
2025-07-12,C3,18,2025-07-12 18:00:00,17609.42661538895,17526.42066972572,83.0059456632298,500.0,False,231.6270650125997,73.10055477840456,15391.25628592386,193.7090445190696
2025-07-13,C2,6,2025-07-13 06:00:00,47935.24533684206,47590.87958793951,344.36574890255,0.0,True,0.0,2095.530449544654,46518.28559187708,235.4097182387809
2025-07-13,C2,12,2025-07-13 12:00:00,47544.3248028231,46388.25434239854,1156.070460424562,0.0,True,0.0,895.459051341491,44921.88675984842,275.29176114492054
2025-07-13,C2,18,2025-07-13 18:00:00,33083.24653183611,30886.00253815908,2197.2439936770243,0.0,True,1504.4718589442746,0.0,30390.909651581296,522.222277340138
2025-07-13,C3,6,2025-07-13 06:00:00,47935.24533684206,47590.87958793951,344.36574890255,500.0,False,0.0,2095.530449544654,46518.28559187708,235.4097182387809
2025-07-13,C3,12,2025-07-13 12:00:00,46645.40597830758,46388.25434239854,257.1516359090383,500.0,False,0.0,895.459051341491,44921.88675984842,275.29176114492054
2025-07-13,C3,18,2025-07-13 18:00:00,33198.55357469855,31244.05287704419,1954.500697654359,500.0,True,1652.4112614378614,0.0,30748.9599904664,670.1616798337245
2025-07-14,C2,6,2025-07-14 06:00:00,53543.61128776564,52567.08298795658,976.5282998090624,0.0,True,4053.529342633056,1635.2512715050757,50613.49308837515,1033.8629822444173
2025-07-14,C2,12,2025-07-14 12:00:00,51215.751870321634,50913.53147187383,302.22039844780375,0.0,True,3856.629522926622,177.32718744901763,46565.70006860172,344.7564576282507
2025-07-14,C2,18,2025-07-14 18:00:00,33325.268315928064,32461.955724678734,863.3125912493306,0.0,True,1675.1080754245388,36.33705120369871,31917.82695700125,802.1536220729408
2025-07-14,C3,6,2025-07-14 06:00:00,53543.61128776564,52567.08298795658,976.5282998090624,500.0,True,4053.529342633056,1635.2512715050757,50613.49308837515,1033.8629822444173
2025-07-14,C3,12,2025-07-14 12:00:00,51215.751870321634,50913.53147187383,302.22039844780375,500.0,False,3856.629522926622,177.32718744901763,46565.70006860172,344.7564576282507
2025-07-14,C3,18,2025-07-14 18:00:00,33456.075957360896,32588.54537594072,867.5305814201747,500.0,True,1726.6836427663009,36.33705120369871,32044.41660826324,802.1536220729408
2025-07-15,C2,6,2025-07-15 06:00:00,51762.720443346814,51301.740579893456,460.9798634533581,0.0,True,815.091725800942,784.2310337486542,49250.504085103166,330.1209971669101
2025-07-15,C2,12,2025-07-15 12:00:00,46069.67018763154,45522.43493370376,547.2352539277854,0.0,True,0.0,1951.5708226756865,44948.15567617341,268.5800786056602
2025-07-15,C2,18,2025-07-15 18:00:00,30366.63798113536,29982.22077400149,384.41720713386894,0.0,True,222.98731305544004,563.7870931789854,28599.64757838941,268.5800786056602
2025-07-15,C3,6,2025-07-15 06:00:00,51762.720443346814,51301.740579893456,460.9798634533581,500.0,False,815.091725800942,784.2310337486542,49250.504085103166,330.1209971669101
2025-07-15,C3,12,2025-07-15 12:00:00,46161.10628605187,45522.43493370376,638.6713523481158,500.0,True,0.0,1951.5708226756865,44948.15567617341,268.5800786056602
2025-07-15,C3,18,2025-07-15 18:00:00,30366.63798113536,29982.22077400149,384.41720713386894,500.0,False,222.98731305544004,563.7870931789854,28599.64757838941,268.5800786056602
2025-07-16,C2,6,2025-07-16 06:00:00,50560.27122141718,49000.14983359449,1560.1213878226845,0.0,True,2536.7784883883714,2584.693729806314,47815.27812860039,672.4422470658282
2025-07-16,C2,12,2025-07-16 12:00:00,53591.48762826478,48608.90379462005,4982.583833644734,0.0,True,2132.806884862437,0.0,44371.823271515605,775.7194234299136
2025-07-16,C2,18,2025-07-16 18:00:00,35218.48220173808,31069.334475987394,4149.147725750685,0.0,True,3389.580032252069,0.0,30571.46015268617,507.7136608606554
2025-07-16,C3,6,2025-07-16 06:00:00,50560.27122141718,49000.14983359449,1560.1213878226845,500.0,True,2536.7784883883714,2584.693729806314,47815.27812860039,672.4422470658282
2025-07-16,C3,12,2025-07-16 12:00:00,53591.48762826478,48608.90379462005,4982.583833644734,500.0,True,2132.806884862437,0.0,44371.823271515605,775.7194234299136
2025-07-16,C3,18,2025-07-16 18:00:00,35218.48220173808,31069.334475987394,4149.147725750685,500.0,True,3389.580032252069,0.0,30571.46015268617,507.7136608606554
2025-07-17,C2,6,2025-07-17 06:00:00,49277.934766225306,48658.81093917255,619.123827052761,0.0,True,1660.9476377750257,129.96640544347088,41786.258848160105,541.8345235741289
2025-07-17,C2,12,2025-07-17 12:00:00,47216.2326831623,46806.644408011394,409.5882751509053,0.0,True,950.163112162374,563.8403598726804,38792.57473581291,269.2713312066137
2025-07-17,C2,18,2025-07-17 18:00:00,26832.15328138802,26781.53448389244,50.61879749558284,0.0,True,3.2955472222215576,0.0,23790.364644210826,30.597553601635585
2025-07-17,C3,6,2025-07-17 06:00:00,49277.934766225306,48658.81093917255,619.123827052761,500.0,True,1660.9476377750257,129.96640544347088,41786.258848160105,541.8345235741289
2025-07-17,C3,12,2025-07-17 12:00:00,47216.2326831623,46806.644408011394,409.5882751509053,500.0,False,950.163112162374,563.8403598726804,38792.57473581291,269.2713312066137
2025-07-17,C3,18,2025-07-17 18:00:00,26895.471346744467,26777.254449207543,118.21689753692408,500.0,False,3.2955472222215576,0.0,23790.364644210826,39.97824767838938
2025-07-18,C2,6,2025-07-18 06:00:00,22719.29359628497,22453.295297291752,265.9982989932141,0.0,True,0.0,839.6962630613316,21853.003806211007,193.21414712425155
2025-07-18,C2,12,2025-07-18 12:00:00,22299.76835842757,22260.771805021795,38.9965534057701,0.0,True,7.922026180440866,1187.388490005026,21774.12721663484,119.81252785214748
2025-07-18,C2,18,2025-07-18 18:00:00,17548.988717950262,17518.466191683827,30.522526266435307,0.0,True,28.541604483575384,39.99696666701266,15749.049167117137,98.22950565145447
2025-07-18,C3,6,2025-07-18 06:00:00,22719.29359628497,22453.295297291752,265.9982989932141,500.0,False,0.0,839.6962630613316,21853.003806211007,193.21414712425155
2025-07-18,C3,12,2025-07-18 12:00:00,22335.008503803736,22260.7718050218,74.23669878193687,500.0,False,7.922026180440866,1187.388490005022,21774.12721663484,313.026674976399
2025-07-18,C3,18,2025-07-18 18:00:00,17511.215891961838,17501.18922816714,10.026663794698834,500.0,False,18.76132524846298,39.99696666701266,15731.947859860582,39.99696666701266
2025-07-19,C2,6,2025-07-19 06:00:00,27615.145051352323,22858.862630730862,4756.282420621457,0.0,True,3802.998333375908,2660.2472809919504,22167.37276258113,685.3675856041275
2025-07-19,C2,12,2025-07-19 12:00:00,27795.49598364444,24528.644941801853,3266.8510418425867,0.0,True,5477.638643891163,0.0,24017.94602214347,513.9585741916653
2025-07-19,C2,18,2025-07-19 18:00:00,19779.34700742361,19277.191013477597,502.1559939460203,0.0,True,1620.4431173028236,0.0,15412.659784071424,416.1294038572969
2025-07-19,C3,6,2025-07-19 06:00:00,27615.145051352323,22858.862630730862,4756.282420621457,500.0,True,3802.998333375908,2660.2472809919504,22167.37276258113,685.3675856041275
2025-07-19,C3,12,2025-07-19 12:00:00,27795.49598364444,24528.644941801853,3266.8510418425867,500.0,True,5477.638643891163,0.0,24017.94602214347,513.9585741916653
2025-07-19,C3,18,2025-07-19 18:00:00,19779.34700742361,19277.191013477597,502.1559939460203,500.0,True,1620.4431173028236,0.0,15412.659784071424,416.1294038572969
2025-07-20,C2,6,2025-07-20 06:00:00,54693.50579117602,52395.020205401255,2298.485585774768,0.0,True,1726.0858827342872,3059.3624505548432,51408.92942901912,776.4994804830417
2025-07-20,C2,12,2025-07-20 12:00:00,53147.27307770483,49847.72607310879,3299.547004596039,0.0,True,850.4086009388657,1163.501219681636,47630.80861693941,723.894832858343
2025-07-20,C2,18,2025-07-20 18:00:00,29250.805122103025,29227.41258414349,23.392537959531182,0.0,True,38.58587618554816,96.2849226894498,27315.48108051453,49.9692158318278
2025-07-20,C3,6,2025-07-20 06:00:00,54693.50579117602,52395.020205401255,2298.485585774768,500.0,True,1726.0858827342872,3059.3624505548432,51408.92942901912,776.4994804830417
2025-07-20,C3,12,2025-07-20 12:00:00,53147.27307770483,49847.72607310879,3299.547004596039,500.0,True,850.4086009388657,1163.501219681636,47630.80861693941,723.894832858343
2025-07-20,C3,18,2025-07-20 18:00:00,29250.805122103025,29227.41258414349,23.392537959531182,500.0,False,38.58587618554816,96.2849226894498,27315.48108051453,49.9692158318278
2025-07-21,C2,6,2025-07-21 06:00:00,58506.27374507106,55525.38028479672,2980.8934602743466,0.0,True,83.20931151368757,7712.246823706972,53771.29469275732,1017.532989960263
2025-07-21,C2,12,2025-07-21 12:00:00,65909.89078721416,54794.9798005257,11114.910986688454,0.0,True,1049.0012519798252,971.2008061679657,52410.57877209701,975.6568894967722
2025-07-21,C2,18,2025-07-21 18:00:00,32757.14638388725,32030.68902174604,726.4573621412128,0.0,True,1533.073816130066,0.0,31647.12006562535,791.6773908389807
2025-07-21,C3,6,2025-07-21 06:00:00,58506.27374507106,55525.38028479672,2980.8934602743466,500.0,True,83.20931151368757,7712.246823706972,53771.29469275732,1017.532989960263
2025-07-21,C3,12,2025-07-21 12:00:00,65909.89078721416,54794.9798005257,11114.910986688454,500.0,True,1049.0012519798252,971.2008061679657,52410.57877209701,975.6568894967722
2025-07-21,C3,18,2025-07-21 18:00:00,32757.14638388725,32030.68902174604,726.4573621412128,500.0,True,1533.073816130066,0.0,31647.12006562535,791.6773908389807
2025-07-22,C2,6,2025-07-22 06:00:00,79615.34108501437,61240.00747838792,18375.333606626453,0.0,True,13026.997104477688,0.0,55947.70680386274,979.3180227431002
2025-07-22,C2,12,2025-07-22 12:00:00,52848.0326260212,47553.41394584566,5294.618680175539,0.0,True,1676.8897931974298,0.0,41768.17404631726,979.3180227431002
2025-07-22,C2,18,2025-07-22 18:00:00,31297.384056971678,30557.04077881273,740.3432781589399,0.0,True,3096.680341085864,0.0,29697.63021984844,321.4657663689982
2025-07-22,C3,6,2025-07-22 06:00:00,79615.34108501437,61240.00747838792,18375.333606626453,500.0,True,13026.997104477688,0.0,55947.70680386274,979.3180227431002
2025-07-22,C3,12,2025-07-22 12:00:00,52848.0326260212,47553.41394584566,5294.618680175539,500.0,True,1676.8897931974298,0.0,41768.17404631726,979.3180227431002
2025-07-22,C3,18,2025-07-22 18:00:00,31297.384056971678,30557.04077881273,740.3432781589399,500.0,True,3096.680341085864,0.0,29697.63021984844,321.4657663689982
2025-07-23,C2,6,2025-07-23 06:00:00,51339.86146934949,46614.50721227382,4725.354257075669,0.0,True,0.0,11295.044035215826,46495.706826562855,995.3421619191456
2025-07-23,C2,12,2025-07-23 12:00:00,52554.88023045345,47210.48134719121,5344.398883262234,0.0,True,1864.990454350404,3518.5963691414927,46312.11090163115,546.3416091093751
2025-07-23,C2,18,2025-07-23 18:00:00,29952.28412696201,29625.62606436486,326.658062597151,0.0,True,0.0,0.0,24953.56308685124,171.41024779969814
2025-07-23,C3,6,2025-07-23 06:00:00,51339.86146934949,46614.50721227382,4725.354257075669,500.0,True,0.0,11295.044035215826,46495.706826562855,995.3421619191456
2025-07-23,C3,12,2025-07-23 12:00:00,52554.88023045345,47210.48134719121,5344.398883262234,500.0,True,1864.990454350404,3518.5963691414927,46312.11090163115,546.3416091093751
2025-07-23,C3,18,2025-07-23 18:00:00,29952.28412696201,29625.62606436486,326.658062597151,500.0,False,0.0,0.0,24953.56308685124,171.41024779969814
2025-07-24,C2,6,2025-07-24 06:00:00,55706.11319614171,52935.67051468846,2770.442681453249,0.0,True,0.0,7405.044150360663,52705.20414852928,873.3972333333334
2025-07-24,C2,12,2025-07-24 12:00:00,59122.33311256658,51451.66034733174,7670.672765234842,0.0,True,4.6641512381334,687.2607495816138,50775.22379403477,867.2771131467164
2025-07-24,C2,18,2025-07-24 18:00:00,28839.5246449071,28829.537621774736,9.987023132362085,0.0,True,0.0,87.15097103169137,26743.30485370701,50.77739596974629
2025-07-24,C3,6,2025-07-24 06:00:00,55716.25897631857,52945.63266963403,2770.626306684535,500.0,True,0.0,7402.111826109219,52715.16630347485,873.3972333333334
2025-07-24,C3,12,2025-07-24 12:00:00,59122.33311256658,51451.66034733174,7670.672765234842,500.0,True,4.6641512381334,687.2607495816138,50775.22379403477,867.2771131467164
2025-07-24,C3,18,2025-07-24 18:00:00,28839.5246449071,28829.537621774736,9.987023132362085,500.0,False,0.0,87.15097103169137,26743.30485370701,50.77739596974629
2025-07-25,C2,6,2025-07-25 06:00:00,19968.20682873985,19963.444221664908,4.7626070749465725,0.0,True,46.8690875208076,61.33190164239738,18439.800313111205,46.8690875208076
2025-07-25,C2,12,2025-07-25 12:00:00,20836.509049540527,20650.30009893639,186.2089506041375,0.0,True,1160.7925106144733,0.0,19403.537764172677,138.685000259616
2025-07-25,C2,18,2025-07-25 18:00:00,18457.9851409322,17970.314532813358,487.6706081188422,0.0,True,1422.278047627014,0.0,17331.273484638816,642.8122769789167
2025-07-25,C3,6,2025-07-25 06:00:00,19968.20682873985,19963.444221664908,4.7626070749465725,500.0,False,46.8690875208076,61.33190164239738,18439.800313111205,46.8690875208076
2025-07-25,C3,12,2025-07-25 12:00:00,20782.572411011944,20658.417830141145,124.15458087079968,500.0,False,1176.8085532400123,0.0,19409.86330020763,138.685000259616
2025-07-25,C3,18,2025-07-25 18:00:00,18191.38358340725,17748.282659812638,443.10092359461487,500.0,False,1320.8171876180036,0.0,17109.2416116381,642.8122769789167
2025-07-26,C2,6,2025-07-26 06:00:00,22363.06773417568,21057.969755602306,1305.0979785733798,0.0,True,1884.1116704786768,33.82339822030326,20261.829176019462,145.9413894339502
2025-07-26,C2,12,2025-07-26 12:00:00,21786.484732108496,21032.788880571505,753.6958515369915,0.0,True,0.0,22.61157632162258,18039.46074866886,145.9413894339502
2025-07-26,C2,18,2025-07-26 18:00:00,15981.15131037508,15960.836493074632,20.31481730044652,0.0,True,0.0,141.96852591819618,14189.48314135294,78.31753062907683
2025-07-26,C3,6,2025-07-26 06:00:00,22363.06773417568,21057.969755602306,1305.0979785733798,500.0,True,1884.1116704786768,33.82339822030326,20261.829176019462,145.9413894339502
2025-07-26,C3,12,2025-07-26 12:00:00,21786.484732108496,21032.788880571505,753.6958515369915,500.0,True,0.0,22.61157632162258,18039.46074866886,145.9413894339502
2025-07-26,C3,18,2025-07-26 18:00:00,15981.15131037508,15960.836493074632,20.31481730044652,500.0,False,0.0,141.96852591819618,14189.48314135294,78.31753062907683
2025-07-27,C2,6,2025-07-27 06:00:00,51150.896559401735,50054.33431985367,1096.5622395480675,0.0,True,2391.0014818639006,48.50175724359826,47037.17943357772,558.2160832738913
2025-07-27,C2,12,2025-07-27 12:00:00,46027.70191871136,44994.93978154197,1032.7621371693897,0.0,True,3027.3256772846,561.3019388161523,43242.58120727111,778.0415150455372
2025-07-27,C2,18,2025-07-27 18:00:00,30752.40173668321,30087.54961715787,664.8521195253415,0.0,True,1131.7456952452535,0.0,29107.568308105037,523.8394720061241
2025-07-27,C3,6,2025-07-27 06:00:00,51150.896559401735,50054.33431985367,1096.5622395480675,500.0,True,2391.0014818639006,48.50175724359826,47037.17943357772,558.2160832738913
2025-07-27,C3,12,2025-07-27 12:00:00,46027.70191871136,44994.93978154197,1032.7621371693897,500.0,True,3027.3256772846,561.3019388161523,43242.58120727111,778.0415150455372
2025-07-27,C3,18,2025-07-27 18:00:00,30752.40173668321,30087.54961715787,664.8521195253415,500.0,True,1131.7456952452535,0.0,29107.568308105037,523.8394720061241
2025-07-28,C2,6,2025-07-28 06:00:00,60902.62961806888,59126.43215156214,1776.1974665067391,0.0,True,2488.0343635032177,1377.597692901305,58179.77787206157,827.2935583333333
2025-07-28,C2,12,2025-07-28 12:00:00,55493.327755553466,53978.66582560525,1514.661929948219,0.0,True,2607.2644652388044,832.516072544467,53271.54035949512,713.5198500000001
2025-07-28,C2,18,2025-07-28 18:00:00,31246.303823263173,30699.09166534406,547.2121579191116,0.0,True,1210.388870517321,207.9117093251649,30462.557541287253,680.531053723571
2025-07-28,C3,6,2025-07-28 06:00:00,60902.62961806888,59126.43215156214,1776.1974665067391,500.0,True,2488.0343635032177,1377.597692901305,58179.77787206157,827.2935583333333
2025-07-28,C3,12,2025-07-28 12:00:00,55493.327755553466,53978.66582560525,1514.661929948219,500.0,True,2607.2644652388044,832.516072544467,53271.54035949512,713.5198500000001
2025-07-28,C3,18,2025-07-28 18:00:00,31246.303823263173,30699.09166534406,547.2121579191116,500.0,True,1210.388870517321,207.9117093251649,30462.557541287253,680.531053723571
2025-07-29,C2,6,2025-07-29 06:00:00,73380.14790265168,59784.15261443587,13595.995288215803,0.0,True,12521.885141922236,0.0,57203.82520271179,1014.7549738066384
2025-07-29,C2,12,2025-07-29 12:00:00,55894.88057373772,54779.98316454334,1114.897409194382,0.0,True,9346.593205271927,0.0,52651.994070066095,878.2483644254905
2025-07-29,C2,18,2025-07-29 18:00:00,30269.47986904489,28804.72039752409,1464.759471520807,0.0,True,959.4304510436936,0.0,25847.52544561367,536.4550675172669
2025-07-29,C3,6,2025-07-29 06:00:00,73380.14790265168,59784.15261443587,13595.995288215803,500.0,True,12521.885141922236,0.0,57203.82520271179,1014.7549738066384
2025-07-29,C3,12,2025-07-29 12:00:00,55894.88057373772,54779.98316454334,1114.897409194382,500.0,True,9346.593205271927,0.0,52651.994070066095,878.2483644254905
2025-07-29,C3,18,2025-07-29 18:00:00,30269.47986904489,28804.72039752409,1464.759471520807,500.0,True,959.4304510436936,0.0,25847.52544561367,536.4550675172669
2025-07-30,C2,6,2025-07-30 06:00:00,66730.50406816241,55696.4256856963,11034.078382466112,0.0,True,9670.03048640673,1.1368683772161605e-13,52721.63356584118,982.2820608416072
2025-07-30,C2,12,2025-07-30 12:00:00,49905.20948672207,49530.35139970443,374.85808701763744,0.0,True,3484.496027649536,0.0,44382.20455439857,95.11626266384768
2025-07-30,C2,18,2025-07-30 18:00:00,32631.695653832347,30961.56566493121,1670.1299889011316,0.0,True,1679.728248004335,0.0,30449.47059148388,664.9327237345284
2025-07-30,C3,6,2025-07-30 06:00:00,66730.50406816241,55696.4256856963,11034.078382466112,500.0,True,9670.03048640673,1.1368683772161605e-13,52721.63356584118,982.2820608416072
2025-07-30,C3,12,2025-07-30 12:00:00,49905.20948672207,49530.35139970443,374.85808701763744,500.0,False,3484.496027649536,0.0,44382.20455439857,95.11626266384768
2025-07-30,C3,18,2025-07-30 18:00:00,33192.01050720307,31497.934133107505,1694.0763740955665,500.0,True,1899.8845826961924,0.0,30977.77195157424,760.9073390567263
2025-07-31,C2,6,2025-07-31 06:00:00,62025.630453752274,53347.453591875215,8678.176861877058,0.0,True,11113.555233019384,0.0,51136.5163167167,1125.3175642671297
2025-07-31,C2,12,2025-07-31 12:00:00,54192.3836241082,52308.36514575884,1884.0184783493603,0.0,True,10494.706855107945,0.0,49890.830600063135,864.8742974085442
2025-07-31,C2,18,2025-07-31 18:00:00,29208.319938000703,28849.278360190277,359.0415778104325,0.0,True,44.25174283009005,0.0,23823.52281332549,192.16296043931607
2025-07-31,C3,6,2025-07-31 06:00:00,62025.630453752274,53347.453591875215,8678.176861877058,500.0,True,11113.555233019384,0.0,51136.5163167167,1125.3175642671297
2025-07-31,C3,12,2025-07-31 12:00:00,54192.3836241082,52308.36514575884,1884.0184783493603,500.0,True,10494.706855107945,0.0,49890.830600063135,864.8742974085442
2025-07-31,C3,18,2025-07-31 18:00:00,29208.319938000703,28849.278360190277,359.0415778104325,500.0,False,44.25174283009005,0.0,23823.52281332549,192.16296043931607
2025-08-01,C2,6,2025-08-01 06:00:00,19646.512661561974,19387.327798040184,259.18486352179025,0.0,True,513.632607841871,221.0036285789655,15678.41628836037,150.91255585486545
2025-08-01,C2,12,2025-08-01 12:00:00,15678.416288360366,14336.517427585535,1341.8988607748288,0.0,True,0.0,1609.91053697882,14256.04400137334,159.95771978091443
2025-08-01,C2,18,2025-08-01 18:00:00,15425.918127507275,15093.1585456899,332.7595818173777,0.0,True,513.6967189529837,0.0,11892.02535856584,148.15455938250477
2025-08-01,C3,6,2025-08-01 06:00:00,19646.512661561974,19387.327798040184,259.18486352179025,500.0,False,513.632607841871,221.0036285789655,15678.41628836037,150.91255585486545
2025-08-01,C3,12,2025-08-01 12:00:00,14847.682224596903,14336.517427585535,511.16479701136814,500.0,True,0.0,1609.91053697882,14256.04400137334,159.95771978091443
2025-08-01,C3,18,2025-08-01 18:00:00,15425.918127507275,15093.1585456899,332.7595818173777,500.0,False,513.6967189529837,0.0,11892.02535856584,148.15455938250477
2025-08-02,C2,6,2025-08-02 06:00:00,20559.44959239481,19647.45185006683,911.997742327978,0.0,True,0.0,3580.7728716983597,19198.207466562108,1146.893093754184
2025-08-02,C2,12,2025-08-02 12:00:00,20439.05611673861,19978.317931607417,460.7381851311948,0.0,True,0.0,1684.4682828871978,19638.213916694483,871.5584315578379
2025-08-02,C2,18,2025-08-02 18:00:00,20101.40683219821,17676.806353739175,2424.600478459033,0.0,True,1296.153760765461,81.69710272931854,17109.92246185111,640.76566072317
2025-08-02,C3,6,2025-08-02 06:00:00,20559.44959239481,19647.45185006683,911.997742327978,500.0,True,0.0,3580.7728716983597,19198.207466562108,1146.893093754184
2025-08-02,C3,12,2025-08-02 12:00:00,20439.05611673861,19978.317931607417,460.7381851311948,500.0,False,0.0,1684.4682828871978,19638.213916694483,871.5584315578379
2025-08-02,C3,18,2025-08-02 18:00:00,20085.500538637734,17676.806353739175,2408.6941848985625,500.0,True,1296.153760765461,81.69710272931854,17109.92246185111,640.76566072317
2025-08-03,C2,6,2025-08-03 06:00:00,45594.539667533216,40483.09516656158,5111.444500971636,0.0,True,3501.189982622358,0.0,34995.6525165086,726.3245543584562
2025-08-03,C2,12,2025-08-03 12:00:00,43633.10317526598,42477.83540899556,1155.2677662704154,0.0,True,7174.325201549233,0.0,40657.67389876607,341.43713743497784
2025-08-03,C2,18,2025-08-03 18:00:00,29761.21041869149,28604.380697402,1156.8297212894977,0.0,True,1492.64684107421,0.0,24857.382100599243,559.8364797994936
2025-08-03,C3,6,2025-08-03 06:00:00,45594.539667533216,40483.09516656158,5111.444500971636,500.0,True,3501.189982622358,0.0,34995.6525165086,726.3245543584562
2025-08-03,C3,12,2025-08-03 12:00:00,43633.10317526598,42477.83540899556,1155.2677662704154,500.0,True,7174.325201549233,0.0,40657.67389876607,341.43713743497784
2025-08-03,C3,18,2025-08-03 18:00:00,29761.21041869149,28604.380697402,1156.8297212894977,500.0,True,1492.64684107421,0.0,24857.382100599243,559.8364797994936
2025-08-04,C2,6,2025-08-04 06:00:00,47242.99158085755,47127.26598979561,115.7255910619424,0.0,True,185.52776942942396,706.1588965102677,45294.0231342734,135.210029818941
2025-08-04,C2,12,2025-08-04 12:00:00,45682.056141269255,45467.48976427141,214.56637699784187,0.0,True,0.0,313.1746487682234,43793.56583718129,128.6078716081621
2025-08-04,C2,18,2025-08-04 18:00:00,26843.410604119446,26124.679648288035,718.7309558314118,0.0,True,0.0,2086.7567958483605,25921.031785227107,179.70702630010294
2025-08-04,C3,6,2025-08-04 06:00:00,47242.99158085755,47127.26598979561,115.7255910619424,500.0,False,185.52776942942396,706.1588965102677,45294.0231342734,135.210029818941
2025-08-04,C3,12,2025-08-04 12:00:00,45686.77681334183,45605.45188903964,81.32492430219281,500.0,False,0.0,313.1746487682234,43793.56583718129,224.68620698975417
2025-08-04,C3,18,2025-08-04 18:00:00,26867.72821333039,26124.679648288035,743.0485650423543,500.0,True,0.0,2086.7567958483605,25921.031785227107,182.9137281240719
2025-08-05,C2,6,2025-08-05 06:00:00,45196.10184499848,45196.10184499848,0.0,0.0,False,0.0,93.00825512647816,41538.29581021897,54.45033546720515
2025-08-05,C2,12,2025-08-05 12:00:00,41642.97929463948,41459.63363397268,183.34566066680415,0.0,True,565.0218025692378,471.9764094460508,40668.43494416411,379.2409902699138
2025-08-05,C2,18,2025-08-05 18:00:00,29762.73696943672,29637.34343557557,125.39353386114816,0.0,True,0.0,60.72629468889238,26418.08153871532,96.06259081761004
2025-08-05,C3,6,2025-08-05 06:00:00,45196.10184499848,45196.10184499848,0.0,500.0,False,0.0,93.00825512647816,41538.29581021897,54.45033546720515
2025-08-05,C3,12,2025-08-05 12:00:00,41642.97929463948,41459.63363397268,183.34566066680415,500.0,False,565.0218025692378,471.9764094460508,40668.43494416411,379.2409902699138
2025-08-05,C3,18,2025-08-05 18:00:00,29650.89456675248,29637.34343557557,13.55113117691144,500.0,False,0.0,60.72629468889238,26418.08153871532,42.27278659850128
2025-08-06,C2,6,2025-08-06 06:00:00,52546.51254727482,45842.209174234886,6704.303373039933,0.0,True,868.3259488564385,12842.714290882925,45484.554222358616,1178.6310782294809
2025-08-06,C2,12,2025-08-06 12:00:00,50653.57035117716,48129.758792942725,2523.8115582344326,0.0,True,0.0,2934.2264051458114,47724.28254111574,942.3954027413124
2025-08-06,C2,18,2025-08-06 18:00:00,29989.753515268785,29903.81473511104,85.93878015774317,0.0,True,0.0,89.53366842434411,26634.39876823005,57.50911398252333
2025-08-06,C3,6,2025-08-06 06:00:00,52546.51254727482,45842.209174234886,6704.303373039933,500.0,True,868.3259488564385,12842.714290882925,45484.554222358616,1178.6310782294809
2025-08-06,C3,12,2025-08-06 12:00:00,50653.57035117716,48129.758792942725,2523.8115582344326,500.0,True,0.0,2934.2264051458114,47724.28254111574,942.3954027413124
2025-08-06,C3,18,2025-08-06 18:00:00,29989.753515268785,29903.81473511104,85.93878015774317,500.0,False,0.0,89.53366842434411,26634.39876823005,57.50911398252333
2025-08-07,C2,6,2025-08-07 06:00:00,46509.59093027212,44224.14024559936,2285.45068467276,0.0,True,855.4935791580326,6934.325668036248,39127.05096923087,988.3152090998612
2025-08-07,C2,12,2025-08-07 12:00:00,43184.50732919893,42861.48764221234,323.0196869865904,0.0,True,1123.6767062279864,3726.071518406314,37405.620499656485,562.6956811672277
2025-08-07,C2,18,2025-08-07 18:00:00,22106.605668490247,21616.959834416244,489.6458340740028,0.0,True,187.98085386611208,0.0,21446.609189182534,70.37770978048934
2025-08-07,C3,6,2025-08-07 06:00:00,46509.59093027212,44224.14024559936,2285.45068467276,500.0,True,855.4935791580326,6934.325668036248,39127.05096923087,988.3152090998612
2025-08-07,C3,12,2025-08-07 12:00:00,43184.50732919893,42861.48764221234,323.0196869865904,500.0,False,1123.6767062279864,3726.071518406314,37405.620499656485,562.6956811672277
2025-08-07,C3,18,2025-08-07 18:00:00,21708.897279226905,21546.98709221754,161.91018700936547,500.0,False,173.10288856655893,79.01284899564973,21378.595277693425,75.33793044825723
2025-08-08,C2,6,2025-08-08 06:00:00,16867.22115688945,15250.498945312796,1616.7222115766544,0.0,True,0.0,3796.8877303247095,15177.412886667576,771.7875300583349
2025-08-08,C2,12,2025-08-08 12:00:00,19114.96536453043,17911.521955519427,1203.4434090110044,0.0,True,0.0,0.0,16818.237130513677,771.7875300583349
2025-08-08,C2,18,2025-08-08 18:00:00,16387.273406564535,16387.273406564535,0.0,0.0,False,0.0,0.0,13423.750929050788,0.0
2025-08-08,C3,6,2025-08-08 06:00:00,16867.22115688945,15250.498945312796,1616.7222115766544,500.0,True,0.0,3796.8877303247095,15177.412886667576,771.7875300583349
2025-08-08,C3,12,2025-08-08 12:00:00,19114.96536453043,17911.521955519427,1203.4434090110044,500.0,True,0.0,0.0,16818.237130513677,771.7875300583349
2025-08-08,C3,18,2025-08-08 18:00:00,16387.273406564535,16387.273406564535,0.0,500.0,False,0.0,0.0,13423.750929050788,0.0
2025-08-09,C2,6,2025-08-09 06:00:00,17446.43005512874,17148.260855427485,298.1691997012568,0.0,True,214.60272541861875,563.588690847879,13785.013581726082,188.41390604667504
2025-08-09,C2,12,2025-08-09 12:00:00,17052.709337895794,16783.282591212483,269.42674668331165,0.0,True,368.4508910241133,109.2926270972052,14042.929083179471,188.41390604667504
2025-08-09,C2,18,2025-08-09 18:00:00,14655.31545967554,14616.283626274311,39.03183340122814,0.0,True,48.45759520487877,0.0,10496.997651145026,81.0624831132908
2025-08-09,C3,6,2025-08-09 06:00:00,17446.43005512874,17148.260855427485,298.1691997012568,500.0,False,214.60272541861875,563.588690847879,13785.013581726082,188.41390604667504
2025-08-09,C3,12,2025-08-09 12:00:00,16922.82350268506,16803.842546791333,118.9809558937268,500.0,False,386.22744209532107,65.93165929585578,14062.892635469889,148.38615222139765
2025-08-09,C3,18,2025-08-09 18:00:00,14604.974531568989,14594.30826050625,10.666271062738817,500.0,False,48.45759520487877,0.0,10496.997651145026,20.577819422011657
2025-08-10,C2,6,2025-08-10 06:00:00,45932.12093396283,44779.99727588336,1152.123658079472,0.0,True,1256.898623441541,1796.798864626833,39114.39229972999,821.0521515799843
2025-08-10,C2,12,2025-08-10 12:00:00,41736.258662417946,41526.680629645634,209.57803277231145,0.0,True,34.34719945182712,61.52447251579292,36647.875793583866,517.0458126938555
2025-08-10,C2,18,2025-08-10 18:00:00,27404.56325462377,27394.773801293813,9.789453329958633,0.0,True,15.24754012780727,0.0,22791.691903808023,14.779925568478347
2025-08-10,C3,6,2025-08-10 06:00:00,45932.12093396283,44779.99727588336,1152.123658079472,500.0,True,1256.898623441541,1796.798864626833,39114.39229972999,821.0521515799843
2025-08-10,C3,12,2025-08-10 12:00:00,41736.258662417946,41526.680629645634,209.57803277231145,500.0,False,34.34719945182712,61.52447251579292,36647.875793583866,517.0458126938555
2025-08-10,C3,18,2025-08-10 18:00:00,27414.69294238604,27362.52892500433,52.16401738170316,500.0,False,15.24754012780727,0.0,22791.691903808023,56.00592471284665
2025-08-11,C2,6,2025-08-11 06:00:00,46894.72764889551,44879.01847099399,2015.7091779015243,0.0,True,2843.600789555301,0.0,38742.59208810593,410.414440347702
2025-08-11,C2,12,2025-08-11 12:00:00,44706.21133269937,44496.3739656724,209.8373670269721,0.0,True,1718.6768969232498,0.0,36437.474183683065,123.4314451688249
2025-08-11,C2,18,2025-08-11 18:00:00,30486.895772990687,28365.006984510128,2121.888788480559,0.0,True,3665.120408134037,0.0,27996.20963339325,190.68928089721976
2025-08-11,C3,6,2025-08-11 06:00:00,46894.72764889551,44879.01847099399,2015.7091779015243,500.0,True,2843.600789555301,0.0,38742.59208810593,410.414440347702
2025-08-11,C3,12,2025-08-11 12:00:00,44706.21133269937,44496.3739656724,209.8373670269721,500.0,False,1718.6768969232498,0.0,36437.474183683065,123.4314451688249
2025-08-11,C3,18,2025-08-11 18:00:00,30571.89259646676,28517.222351545144,2054.6702449216173,500.0,True,3738.940909021741,0.0,28148.81875913921,153.68650944007595
2025-08-12,C2,6,2025-08-12 06:00:00,47509.41263572624,47423.83843553114,85.57420019510027,0.0,True,0.0,591.6201823069472,42482.732702546855,173.05331968504242
2025-08-12,C2,12,2025-08-12 12:00:00,39749.24003774933,38246.12087976375,1503.1191579855804,0.0,True,0.0,3838.185387163408,38171.56454454643,284.0243959211109
2025-08-12,C2,18,2025-08-12 18:00:00,30353.86236380549,27043.44202910145,3310.4203347040348,0.0,True,845.7168161107011,0.0,26642.34532108403,195.24252552319035
2025-08-12,C3,6,2025-08-12 06:00:00,47509.41263572624,47423.83843553114,85.57420019510027,500.0,False,0.0,591.6201823069472,42482.732702546855,173.05331968504242
2025-08-12,C3,12,2025-08-12 12:00:00,39881.55305701982,38246.12087976375,1635.4321772560652,500.0,True,0.0,3838.185387163408,38171.56454454643,284.0243959211109
2025-08-12,C3,18,2025-08-12 18:00:00,30353.86236380549,27043.44202910145,3310.4203347040348,500.0,True,845.7168161107011,0.0,26642.34532108403,195.24252552319035
2025-08-13,C2,6,2025-08-13 06:00:00,40669.25929185275,38991.4017156255,1677.857576227252,0.0,True,0.0,4295.475884651814,38310.00234868948,180.11229876388177
2025-08-13,C2,12,2025-08-13 12:00:00,37693.91072310622,37157.53183818698,536.3788849192424,0.0,True,0.0,4008.246807941492,37024.00148684274,171.60078145046293
2025-08-13,C2,18,2025-08-13 18:00:00,26898.363277204306,25842.17391485564,1056.1893623486685,0.0,True,0.0,64.42275798855769,25732.475535490372,224.14349911501347
2025-08-13,C3,6,2025-08-13 06:00:00,40669.25929185275,38991.4017156255,1677.857576227252,500.0,True,0.0,4295.475884651814,38310.00234868948,180.11229876388177
2025-08-13,C3,12,2025-08-13 12:00:00,37693.91072310622,37157.53183818698,536.3788849192424,500.0,True,0.0,4008.246807941492,37024.00148684274,171.60078145046293
2025-08-13,C3,18,2025-08-13 18:00:00,26898.363277204306,25842.17391485564,1056.1893623486685,500.0,True,0.0,64.42275798855769,25732.475535490372,224.14349911501347
2025-08-14,C2,6,2025-08-14 06:00:00,46761.77153295168,44583.765859782725,2178.0056731689547,0.0,True,1260.740132360039,1112.5459009398946,43996.45584146081,355.513148472698
2025-08-14,C2,12,2025-08-14 12:00:00,43387.11902192542,43239.65207399038,147.4669479350414,0.0,True,0.0,369.3735850498552,40977.999641336646,177.35045844352396
2025-08-14,C2,18,2025-08-14 18:00:00,27271.032613094678,26964.64618043552,306.3864326591538,0.0,True,0.0,0.0,25305.74080672153,70.74943129460837
2025-08-14,C3,6,2025-08-14 06:00:00,46761.77153295168,44583.765859782725,2178.0056731689547,500.0,True,1260.740132360039,1112.5459009398946,43996.45584146081,355.513148472698
2025-08-14,C3,12,2025-08-14 12:00:00,43387.11902192542,43239.65207399038,147.4669479350414,500.0,False,0.0,369.3735850498552,40977.999641336646,177.35045844352396
2025-08-14,C3,18,2025-08-14 18:00:00,27498.57919377187,27437.813610189634,60.76558358223701,500.0,False,120.4308667330223,0.0,25589.24028935719,114.76545672943132
2025-08-15,C2,6,2025-08-15 06:00:00,15037.04073197775,14550.01287555132,487.0278564264281,0.0,True,124.09402072538352,1268.953309876188,14405.816400600175,136.10678141726802
2025-08-15,C2,12,2025-08-15 12:00:00,17742.43916946355,17404.824528230085,337.6146412334638,0.0,True,73.23010195690784,332.70286300248847,14795.013552469807,91.37100496164057
2025-08-15,C2,18,2025-08-15 18:00:00,11330.86141040396,11311.785619585067,19.0757908188898,0.0,True,63.534920806325374,87.8452224390528,10966.186217610904,39.28726250577449
2025-08-15,C3,6,2025-08-15 06:00:00,15037.04073197775,14550.01287555132,487.0278564264281,500.0,False,124.09402072538352,1268.953309876188,14405.816400600175,136.10678141726802
2025-08-15,C3,12,2025-08-15 12:00:00,17522.61059046317,17404.824528230085,117.78606223308452,500.0,False,73.23010195690784,332.70286300248847,14795.013552469807,85.25442368349673
2025-08-15,C3,18,2025-08-15 18:00:00,11321.886407511684,11311.785619585067,10.10078792661443,500.0,False,63.534920806325374,87.8452224390528,10966.186217610904,50.726829703505416
2025-08-16,C2,6,2025-08-16 06:00:00,18949.40649194252,18307.35061616762,642.0558757749022,0.0,True,278.963128236663,1766.9079174147062,15703.134165032714,214.98118193982648
2025-08-16,C2,12,2025-08-16 12:00:00,16893.688083750727,16541.214681793088,352.473401957639,0.0,True,0.0,2868.954083334068,15077.356652380258,147.69302048855974
2025-08-16,C2,18,2025-08-16 18:00:00,12554.207057770653,12554.207057770653,0.0,0.0,False,0.0,0.0,11093.839654072744,0.0
2025-08-16,C3,6,2025-08-16 06:00:00,18949.40649194252,18307.35061616762,642.0558757749022,500.0,True,278.963128236663,1766.9079174147062,15703.134165032714,214.98118193982648
2025-08-16,C3,12,2025-08-16 12:00:00,16893.688083750727,16541.214681793088,352.473401957639,500.0,False,0.0,2868.954083334068,15077.356652380258,147.69302048855974
2025-08-16,C3,18,2025-08-16 18:00:00,12566.832516947114,12566.832516947114,0.0,500.0,False,0.0,0.0,11093.839654072744,0.0
2025-08-17,C2,6,2025-08-17 06:00:00,36686.408826201565,35337.87865846765,1348.5301677339155,0.0,True,0.0,4011.235167591439,35203.25553923153,744.5227692527377
2025-08-17,C2,12,2025-08-17 12:00:00,38375.94356491302,36393.60257733061,1982.3409875824077,0.0,True,23.12038884542824,2984.982554925914,34013.53041047016,575.0547722195043
2025-08-17,C2,18,2025-08-17 18:00:00,25658.723437031756,25589.202313366,69.52112366575602,0.0,True,181.9931172572377,0.0,22789.070320459003,59.46693250082444
2025-08-17,C3,6,2025-08-17 06:00:00,36686.408826201565,35337.87865846765,1348.5301677339155,500.0,True,0.0,4011.235167591439,35203.25553923153,744.5227692527377
2025-08-17,C3,12,2025-08-17 12:00:00,38375.94356491302,36393.60257733061,1982.3409875824077,500.0,True,23.12038884542824,2984.982554925914,34013.53041047016,575.0547722195043
2025-08-17,C3,18,2025-08-17 18:00:00,25658.723437031756,25589.202313366,69.52112366575602,500.0,False,181.9931172572377,0.0,22789.070320459003,59.46693250082444
2025-08-18,C2,6,2025-08-18 06:00:00,39604.734141910936,38293.303177075744,1311.4309648351918,0.0,True,368.8573398292037,2820.544445495394,37604.43288751733,405.0058777566571
2025-08-18,C2,12,2025-08-18 12:00:00,44335.62738526732,42975.84942855886,1359.777956708458,0.0,True,201.7249894085005,0.0,37765.8308932217,405.0058777566571
2025-08-18,C2,18,2025-08-18 18:00:00,23196.67357295245,23071.364499505016,125.30907344743537,0.0,True,67.8420603434464,6.522022435553595,22635.157400798405,58.92362094053362
2025-08-18,C3,6,2025-08-18 06:00:00,39604.734141910936,38293.303177075744,1311.4309648351918,500.0,True,368.8573398292037,2820.544445495394,37604.43288751733,405.0058777566571
2025-08-18,C3,12,2025-08-18 12:00:00,44335.62738526732,42975.84942855886,1359.777956708458,500.0,True,201.7249894085005,0.0,37765.8308932217,405.0058777566571
2025-08-18,C3,18,2025-08-18 18:00:00,23196.67357295245,23071.364499505016,125.30907344743537,500.0,False,67.8420603434464,6.522022435553595,22635.157400798405,58.92362094053362
2025-08-19,C2,6,2025-08-19 06:00:00,43440.34834713188,43273.76225363636,166.5860934955199,0.0,True,0.0,1184.4911573069871,42644.2166182861,144.98255457472203
2025-08-19,C2,12,2025-08-19 12:00:00,52763.73740761886,48829.46047033885,3934.2769372800094,0.0,True,5892.599116410042,54.12001666666697,47962.39615810774,907.9792175953326
2025-08-19,C2,18,2025-08-19 18:00:00,28313.67425014884,28313.67425014884,0.0,0.0,False,0.0,0.0,26507.80526416527,0.0
2025-08-19,C3,6,2025-08-19 06:00:00,43440.34834713188,43273.76225363636,166.5860934955199,500.0,False,0.0,1184.4911573069871,42644.2166182861,144.98255457472203
2025-08-19,C3,12,2025-08-19 12:00:00,50552.99369915069,48904.00697517428,1648.9867239764062,500.0,True,5953.073282740398,54.12001666666697,48036.94266294317,888.9328833333333
2025-08-19,C3,18,2025-08-19 18:00:00,28313.67425014884,28313.67425014884,0.0,500.0,False,0.0,0.0,26507.80526416527,0.0
2025-08-20,C2,6,2025-08-20 06:00:00,54074.08337140403,50127.6797470677,3946.40362433633,0.0,True,1331.7980386521192,6259.535408137073,47816.53555961029,797.3349081244414
2025-08-20,C2,12,2025-08-20 12:00:00,45930.221536972414,45191.54952028399,738.6720166884261,0.0,True,0.0,1794.7863224692646,42800.9171610436,673.1176058878907
2025-08-20,C2,18,2025-08-20 18:00:00,26282.48150376925,25763.59760310831,518.8839006609378,0.0,True,95.79869540570633,1397.2656153199828,25538.234846711814,142.7975254939313
2025-08-20,C3,6,2025-08-20 06:00:00,54074.08337140403,50127.6797470677,3946.40362433633,500.0,True,1331.7980386521192,6259.535408137073,47816.53555961029,797.3349081244414
2025-08-20,C3,12,2025-08-20 12:00:00,45930.221536972414,45191.54952028399,738.6720166884261,500.0,True,0.0,1794.7863224692646,42800.9171610436,673.1176058878907
2025-08-20,C3,18,2025-08-20 18:00:00,26282.48150376925,25763.59760310831,518.8839006609378,500.0,True,95.79869540570633,1397.2656153199828,25538.234846711814,142.7975254939313
2025-08-21,C2,6,2025-08-21 06:00:00,42166.10937416994,41527.987461475794,638.1219126941505,0.0,True,833.0513540118153,206.7599081395572,37287.51004986095,156.59754078256992
2025-08-21,C2,12,2025-08-21 12:00:00,37550.592548977584,37246.45851594898,304.1340330286039,0.0,True,1470.3535400720225,96.08022748348152,35640.60325044467,379.2359077824466
2025-08-21,C2,18,2025-08-21 18:00:00,22280.76069368861,22230.13112570298,50.629567985630274,0.0,True,65.25882167287273,113.99903137562887,21903.57072898639,53.34115924221112
2025-08-21,C3,6,2025-08-21 06:00:00,42166.10937416994,41527.987461475794,638.1219126941505,500.0,True,833.0513540118153,206.7599081395572,37287.51004986095,156.59754078256992
2025-08-21,C3,12,2025-08-21 12:00:00,37550.592548977584,37246.45851594898,304.1340330286039,500.0,False,1470.3535400720225,96.08022748348152,35640.60325044467,379.2359077824466
2025-08-21,C3,18,2025-08-21 18:00:00,22366.028723005405,22257.744909923415,108.28381308198732,500.0,False,65.25882167287273,113.99903137562887,21903.57072898639,76.18080344352109
2025-08-22,C2,6,2025-08-22 06:00:00,17823.982506817614,17616.035522558443,207.9469842591716,0.0,True,427.1486825106175,125.878140974414,14279.145551348323,102.29020188083962
2025-08-22,C2,12,2025-08-22 12:00:00,18136.33390671149,18048.55951219102,87.77439452047474,0.0,True,219.7724172728923,0.0,14088.54977907053,102.29020188083962
2025-08-22,C2,18,2025-08-22 18:00:00,13041.774141325885,12976.525097695718,65.24904363016685,0.0,True,44.129536005095474,0.0,10378.97804133346,141.86461413212032
2025-08-22,C3,6,2025-08-22 06:00:00,17823.982506817614,17616.035522558443,207.9469842591716,500.0,False,427.1486825106175,125.878140974414,14279.145551348323,102.29020188083962
2025-08-22,C3,12,2025-08-22 12:00:00,18238.10723022751,18127.971441516805,110.13578871070422,500.0,False,219.7724172728923,0.0,14088.54977907053,141.86461413212032
2025-08-22,C3,18,2025-08-22 18:00:00,12951.179674936837,12945.750117384534,5.429557552301048,500.0,False,44.129536005095474,0.0,10378.97804133346,32.648283913540126
2025-08-23,C2,6,2025-08-23 06:00:00,17507.633543292926,17507.633543292926,0.0,0.0,False,0.0,0.0,16634.631477870258,0.0
2025-08-23,C2,12,2025-08-23 12:00:00,16701.632630942502,16493.948687981043,207.68394296145925,0.0,True,0.0,789.6837120517839,16395.65217978722,158.837705984482
2025-08-23,C2,18,2025-08-23 18:00:00,16228.104170590974,15925.463207415474,302.6409631754996,0.0,True,124.96767265213975,0.0,13596.855053687284,158.837705984482
2025-08-23,C3,6,2025-08-23 06:00:00,17507.633543292926,17507.633543292926,0.0,500.0,False,0.0,0.0,16634.631477870258,0.0
2025-08-23,C3,12,2025-08-23 12:00:00,16701.632630942502,16493.948687981043,207.68394296145925,500.0,False,0.0,789.6837120517839,16395.65217978722,158.837705984482
2025-08-23,C3,18,2025-08-23 18:00:00,15989.30656423478,15949.704680769855,39.60188346492214,500.0,False,136.04645029227584,0.0,13621.082678569615,61.25323202118
2025-08-24,C2,6,2025-08-24 06:00:00,42088.20231856162,41309.928896316334,778.2734222452855,0.0,True,604.3636509349242,1356.2027023470575,35140.74226800219,796.9607518559824
2025-08-24,C2,12,2025-08-24 12:00:00,50341.82210845641,43900.27940626067,6441.542702195737,0.0,True,2623.596243716396,0.0,37363.860086351866,814.0841246244295
2025-08-24,C2,18,2025-08-24 18:00:00,23061.11897602568,22817.34826670872,243.7707093169629,0.0,True,137.36279101244384,50.221101830602265,22061.74160205109,81.72228730020015
2025-08-24,C3,6,2025-08-24 06:00:00,42088.20231856162,41309.928896316334,778.2734222452855,500.0,True,604.3636509349242,1356.2027023470575,35140.74226800219,796.9607518559824
2025-08-24,C3,12,2025-08-24 12:00:00,50341.82210845641,43900.27940626067,6441.542702195737,500.0,True,2623.596243716396,0.0,37363.860086351866,814.0841246244295
2025-08-24,C3,18,2025-08-24 18:00:00,23061.11897602568,22817.34826670872,243.7707093169629,500.0,False,137.36279101244384,50.221101830602265,22061.74160205109,81.72228730020015
2025-08-25,C2,6,2025-08-25 06:00:00,57492.22429851844,51937.77774686729,5554.446551651148,0.0,True,61.55542843218018,15348.157163276246,48808.94811249629,1163.2237389500533
2025-08-25,C2,12,2025-08-25 12:00:00,48563.15771678063,48232.41649927938,330.7412175012505,0.0,True,92.49999301880077,10922.183451389446,45265.70125133673,696.7912963072137
2025-08-25,C2,18,2025-08-25 18:00:00,23044.008866291657,22809.404469161665,234.60439712999505,0.0,True,3.6889746034570408,140.7654394788243,22726.88620429107,53.259756164299006
2025-08-25,C3,6,2025-08-25 06:00:00,57492.22429851844,51937.77774686729,5554.446551651148,500.0,True,61.55542843218018,15348.157163276246,48808.94811249629,1163.2237389500533
2025-08-25,C3,12,2025-08-25 12:00:00,48563.15771678063,48232.41649927938,330.7412175012505,500.0,False,92.49999301880077,10922.183451389446,45265.70125133673,696.7912963072137
2025-08-25,C3,18,2025-08-25 18:00:00,23000.6892952352,22782.62020335853,218.0690918766668,500.0,False,3.6889746034570408,177.45217733777724,22700.10193848794,57.84108697482861
2025-08-26,C2,6,2025-08-26 06:00:00,48187.00129256586,46572.22895834546,1614.7723342203972,0.0,True,5609.683506001828,0.0,42222.64140781986,776.2675805065186
2025-08-26,C2,12,2025-08-26 12:00:00,46091.37537020855,45663.36193643077,428.0134337777709,0.0,True,3984.614719100906,0.0,40787.11183219879,524.8963821442231
2025-08-26,C2,18,2025-08-26 18:00:00,24757.7280162078,24480.799026739533,276.9289894682697,0.0,True,183.08376303775947,0.0,23146.4692460531,133.76110698851917
2025-08-26,C3,6,2025-08-26 06:00:00,48184.76338823227,46570.91162210487,1613.8517661274018,500.0,True,5609.683506001828,0.0,42221.32407157926,768.01876246898
2025-08-26,C3,12,2025-08-26 12:00:00,46090.05803396795,45662.04460019017,428.0134337777781,500.0,False,3984.6147191009054,0.0,40785.7944959582,524.8963821442231
2025-08-26,C3,18,2025-08-26 18:00:00,24285.75695416864,24143.02122973655,142.73572443208832,500.0,False,174.95915070567946,0.0,23129.486177983257,76.78740263275404
2025-08-27,C2,6,2025-08-27 06:00:00,50387.27871709361,49945.23334544803,442.0453716455813,0.0,True,1385.769637748181,39.96847222222209,45244.27739166148,594.8868525404142
2025-08-27,C2,12,2025-08-27 12:00:00,44534.582126160174,43873.13163575279,661.4504904073838,0.0,True,0.0,46.44946112284481,40642.22771657657,594.8868525404142
2025-08-27,C2,18,2025-08-27 18:00:00,27952.63661629864,27932.73319906881,19.903417229827028,0.0,True,7.1232084858851294,69.79514378573958,25565.72166522571,32.0017087513678
2025-08-27,C3,6,2025-08-27 06:00:00,50387.14927519993,49945.10390355433,442.0453716456032,500.0,False,1385.769637748181,39.96847222222209,45244.15075132573,594.8868525404142
2025-08-27,C3,12,2025-08-27 12:00:00,43302.73963234861,43289.15379172667,13.585840621941315,500.0,False,0.0,312.95031917142194,40568.3137035968,266.5008580485772
2025-08-27,C3,18,2025-08-27 18:00:00,27936.56433342073,27932.73319906881,3.831134351916262,500.0,False,7.1232084858851294,69.79514378573958,25565.72166522571,32.0017087513678
2025-08-28,C2,6,2025-08-28 06:00:00,59678.83144711115,49051.95667821587,10626.87476889528,0.0,True,6531.747996419552,0.0,40114.22664914352,1002.6222507427908
2025-08-28,C2,12,2025-08-28 12:00:00,45703.30219809674,44844.731999011405,858.570199085334,0.0,True,6568.6227587922185,0.0,40359.655440053335,430.4001927660772
2025-08-28,C2,18,2025-08-28 18:00:00,25857.466377281915,25629.537476600897,227.9289006810177,0.0,True,712.4814843208082,0.0,22855.59914733569,89.80936985461472
2025-08-28,C3,6,2025-08-28 06:00:00,59678.83144711115,49051.95667821587,10626.87476889528,500.0,True,6531.747996419552,0.0,40114.22664914352,1002.6222507427908
2025-08-28,C3,12,2025-08-28 12:00:00,45703.30219809674,44844.731999011405,858.570199085334,500.0,True,6568.6227587922185,0.0,40359.655440053335,430.4001927660772
2025-08-28,C3,18,2025-08-28 18:00:00,25857.466377281915,25629.537476600897,227.9289006810177,500.0,False,712.4814843208082,0.0,22855.59914733569,89.80936985461472
2025-08-29,C2,6,2025-08-29 06:00:00,19319.38782677257,18710.33151054563,609.0563162269391,0.0,True,145.45521397323336,1852.988489489103,16375.378006294672,212.93432007698425
2025-08-29,C2,12,2025-08-29 12:00:00,19527.926107578707,19373.20881823686,154.71728934184648,0.0,True,0.0,726.2770808834579,16570.580314172268,212.93432007698425
2025-08-29,C2,18,2025-08-29 18:00:00,13528.512716908384,13522.148568465513,6.364148442869919,0.0,True,13.097375943894804,22.856676433704138,11356.763864054526,13.097375943894804
2025-08-29,C3,6,2025-08-29 06:00:00,19319.38782677257,18710.33151054563,609.0563162269391,500.0,True,145.45521397323336,1852.988489489103,16375.378006294672,212.93432007698425
2025-08-29,C3,12,2025-08-29 12:00:00,19527.926107578707,19373.20881823686,154.71728934184648,500.0,False,0.0,726.2770808834579,16570.580314172268,212.93432007698425
2025-08-29,C3,18,2025-08-29 18:00:00,13519.603591826995,13507.480951654308,12.12264017268717,500.0,False,13.097375943894804,38.15528299388484,11350.602957103429,37.3364205605277
2025-08-30,C2,6,2025-08-30 06:00:00,19919.26394825277,19908.877053112174,10.386895140596607,0.0,True,0.0,184.40520997599148,15687.090916387617,77.36059082787006
2025-08-30,C2,12,2025-08-30 12:00:00,18613.04265271543,18597.175183706822,15.86746900860453,0.0,True,0.0,1.923132219138552,15741.070484727396,77.36059082787006
2025-08-30,C2,18,2025-08-30 18:00:00,14427.632711757527,14231.303186845282,196.3295249122457,0.0,True,233.6991249353905,0.0,11789.026996941426,183.1809454040804
2025-08-30,C3,6,2025-08-30 06:00:00,19919.26394825277,19908.877053112174,10.386895140596607,500.0,False,0.0,184.40520997599148,15687.090916387617,77.36059082787006
2025-08-30,C3,12,2025-08-30 12:00:00,18597.522693698826,18597.175183706822,0.3475099919960485,500.0,False,0.0,1.923132219138552,15741.070484727396,1.923132219138552
2025-08-30,C3,18,2025-08-30 18:00:00,14427.28520176553,14231.303186845282,195.98201492024785,500.0,False,233.6991249353905,0.0,11789.026996941426,183.1809454040804
2025-08-31,C2,6,2025-08-31 06:00:00,41343.56639427759,38988.19726674816,2355.369127529426,0.0,True,1443.424544369435,202.59959615340404,37623.74702727468,395.1038441744485
2025-08-31,C2,12,2025-08-31 12:00:00,44275.58688916115,44112.75141284753,162.83547631362308,0.0,True,82.38285247839076,0.0,36021.73827499665,100.70298836844267
2025-08-31,C2,18,2025-08-31 18:00:00,24344.441233190984,24283.67774136578,60.763491825204255,0.0,True,125.8514401026041,0.0,21838.342893518315,35.21905912315219
2025-08-31,C3,6,2025-08-31 06:00:00,41343.56639427759,38988.19726674816,2355.369127529426,500.0,True,1443.424544369435,202.59959615340404,37623.74702727468,395.1038441744485
2025-08-31,C3,12,2025-08-31 12:00:00,44275.58688916115,44112.75141284753,162.83547631362308,500.0,False,82.38285247839076,0.0,36021.73827499665,100.70298836844267
2025-08-31,C3,18,2025-08-31 18:00:00,24328.869674508533,24261.756010409696,67.11366409883703,500.0,False,112.04669380984284,0.0,21804.318191796807,51.54218054447836
2025-09-01,C2,6,2025-09-01 06:00:00,38835.949393913696,37949.49392869767,886.4554652160296,0.0,True,26.05325557369304,3045.226757996149,35505.06205515065,331.0737168879048
2025-09-01,C2,12,2025-09-01 12:00:00,42829.34647514328,39776.48703226425,3052.859442879024,0.0,True,2769.1407535220837,941.068916229862,34569.778993163374,843.5498869532655
2025-09-01,C2,18,2025-09-01 18:00:00,19376.988830322247,19239.113543012663,137.87528730958363,0.0,True,0.0,120.24067820838025,19032.546353204,67.3647908651634
2025-09-01,C3,6,2025-09-01 06:00:00,38835.949393913696,37949.49392869767,886.4554652160296,500.0,True,26.05325557369304,3045.226757996149,35505.06205515065,331.0737168879048
2025-09-01,C3,12,2025-09-01 12:00:00,42829.34647514328,39776.48703226425,3052.859442879024,500.0,True,2769.1407535220837,941.068916229862,34569.778993163374,843.5498869532655
2025-09-01,C3,18,2025-09-01 18:00:00,19376.988830322247,19239.113543012663,137.87528730958363,500.0,False,0.0,120.24067820838025,19032.546353204,67.3647908651634
2025-09-02,C2,6,2025-09-02 06:00:00,43436.54025684328,39025.36895600049,4411.171300842791,0.0,True,4741.967179106101,0.0,35726.80707521996,639.3891956688627
2025-09-02,C2,12,2025-09-02 12:00:00,32640.5327455034,30543.29935891321,2097.233386590193,0.0,True,445.32412416893374,907.5965119557818,30334.82299383324,639.3891956688627
2025-09-02,C2,18,2025-09-02 18:00:00,20959.43717297377,20930.78919166876,28.6479813050064,0.0,True,13.521386916373444,47.32211338182685,18960.862751553148,37.09239514448063
2025-09-02,C3,6,2025-09-02 06:00:00,43436.54025684329,39025.36895600049,4411.171300842798,500.0,True,4741.967179106106,0.0,35726.807075219964,639.3891956688627
2025-09-02,C3,12,2025-09-02 12:00:00,32640.5327455034,30543.29935891321,2097.233386590193,500.0,True,445.32412416893374,907.5965119557818,30334.82299383324,639.3891956688627
2025-09-02,C3,18,2025-09-02 18:00:00,20959.43717297377,20930.78919166876,28.6479813050064,500.0,False,13.521386916373444,47.32211338182685,18960.862751553148,37.09239514448063
2025-09-03,C2,6,2025-09-03 06:00:00,36915.05326991077,35777.924107543,1137.1291623677607,0.0,True,181.0478273875705,3771.2814305631055,35699.130960685776,684.9684659592125
2025-09-03,C2,12,2025-09-03 12:00:00,36165.40593702611,35739.03940466951,426.366532356602,0.0,True,0.0,379.51927462252297,34595.78528394617,211.6757315667612
2025-09-03,C2,18,2025-09-03 18:00:00,21355.085038260822,20817.192314502885,537.892723757941,0.0,True,0.0,1561.7299605302774,20784.781438343405,196.3135919741181
2025-09-03,C3,6,2025-09-03 06:00:00,36915.05326991077,35777.924107543,1137.1291623677607,500.0,True,181.0478273875705,3771.2814305631055,35699.130960685776,684.9684659592125
2025-09-03,C3,12,2025-09-03 12:00:00,36165.40593702611,35739.03940466951,426.366532356602,500.0,False,0.0,379.51927462252297,34595.78528394617,211.6757315667612
2025-09-03,C3,18,2025-09-03 18:00:00,20736.20769829834,20338.552452601944,397.6552456963982,500.0,False,0.0,2283.2731815885904,20306.141576442464,122.23310435597524
2025-09-04,C2,6,2025-09-04 06:00:00,36638.70313137632,34881.36130516984,1757.3418262064806,0.0,True,159.93024198582626,5406.762988558565,34493.100556685386,802.0384584242117
2025-09-04,C2,12,2025-09-04 12:00:00,34144.42685674752,33494.1748235334,650.2520332141212,0.0,True,0.0,5187.049802242606,33494.17482353339,333.42888200250366
2025-09-04,C2,18,2025-09-04 18:00:00,19539.66691747961,19393.98180095086,145.68511652875168,0.0,True,0.0,2587.7732921426496,19393.981800950853,82.21048852521199
2025-09-04,C3,6,2025-09-04 06:00:00,36638.70313137632,34881.36130516984,1757.3418262064806,500.0,True,159.93024198582626,5406.762988558565,34493.100556685386,802.0384584242117
2025-09-04,C3,12,2025-09-04 12:00:00,34144.42685674752,33494.1748235334,650.2520332141212,500.0,True,0.0,5187.049802242606,33494.17482353339,333.42888200250366
2025-09-04,C3,18,2025-09-04 18:00:00,19539.66691747961,19393.98180095086,145.68511652875168,500.0,False,0.0,2587.7732921426496,19393.981800950853,82.21048852521199
2025-09-05,C2,6,2025-09-05 06:00:00,12680.348316975727,11872.689348500357,807.6589684753726,0.0,True,0.0,2281.360401183523,11686.819433689374,281.2558499476294
2025-09-05,C2,12,2025-09-05 12:00:00,12104.773316856725,11856.756274354031,248.0170425026936,0.0,True,0.0,1987.2313531483965,11856.248723992714,268.7576785643276
2025-09-05,C2,18,2025-09-05 18:00:00,8718.659202110775,8612.293958438506,106.36524367226956,0.0,True,0.0,505.1071390035175,8600.109898134715,268.7576785643276
2025-09-05,C3,6,2025-09-05 06:00:00,12680.348316975727,11872.689348500357,807.6589684753726,500.0,True,0.0,2281.360401183523,11686.819433689374,281.2558499476294
2025-09-05,C3,12,2025-09-05 12:00:00,12104.773316856725,11856.756274354031,248.0170425026936,500.0,False,0.0,1987.2313531483965,11856.248723992714,268.7576785643276
2025-09-05,C3,18,2025-09-05 18:00:00,8639.294814494362,8606.45452233397,32.84029216039198,500.0,False,0.0,515.5198282056106,8594.270462030183,142.88869375477236
2025-09-06,C2,6,2025-09-06 06:00:00,12297.038011396093,12220.465458313658,76.57255308243475,0.0,True,265.8043721731117,180.43229765797437,11827.310187048828,148.59144561635765
2025-09-06,C2,12,2025-09-06 12:00:00,11654.450197452476,11398.585440858804,255.86475659367352,0.0,True,0.0,1066.4076011737482,11302.717439383548,140.13748488063862
2025-09-06,C2,18,2025-09-06 18:00:00,8390.239369520676,8348.19189807701,42.04747144366593,0.0,True,0.0,123.36649062175076,8348.19189807701,109.16337164195056
2025-09-06,C3,6,2025-09-06 06:00:00,12297.038011396093,12220.465458313658,76.57255308243475,500.0,False,265.8043721731117,180.43229765797437,11827.310187048828,148.59144561635765
2025-09-06,C3,12,2025-09-06 12:00:00,11680.98234897889,11398.585440858804,282.39690812008666,500.0,False,0.0,1066.4076011737482,11302.717439383548,140.13748488063862
2025-09-06,C3,18,2025-09-06 18:00:00,8413.365098254975,8381.291256751094,32.07384150388134,500.0,False,0.0,65.92725648017353,8381.291256751094,52.12567018948295
2025-09-07,C2,6,2025-09-07 06:00:00,38653.84265836642,34006.93011063362,4646.912547732798,0.0,True,3784.927546191034,8.763006988890538,31819.65893213985,974.3216158642116
2025-09-07,C2,12,2025-09-07 12:00:00,29220.782609142843,28677.15805165292,543.6245574899258,0.0,True,21.700660216177766,1046.2892953476508,28437.56197326814,593.9245588831716
2025-09-07,C2,18,2025-09-07 18:00:00,18556.596699421123,18348.17405174368,208.42264767744564,0.0,True,0.9035258563214938,344.8213526478288,18140.855434767,211.87411063890767
2025-09-07,C3,6,2025-09-07 06:00:00,38653.84265836642,34006.93011063362,4646.912547732798,500.0,True,3784.927546191034,8.763006988890538,31819.65893213985,974.3216158642116
2025-09-07,C3,12,2025-09-07 12:00:00,29220.782609142843,28677.15805165292,543.6245574899258,500.0,True,21.700660216177766,1046.2892953476508,28437.56197326814,593.9245588831716
2025-09-07,C3,18,2025-09-07 18:00:00,18556.596699421123,18348.17405174368,208.42264767744564,500.0,False,0.9035258563214938,344.8213526478288,18140.855434767,211.87411063890767
2025-09-08,C2,6,2025-09-08 06:00:00,28017.695393096725,27198.115108410973,819.5802846857514,0.0,True,726.5201616979764,431.7177790306556,25668.886580823542,163.80661041057465
2025-09-08,C2,12,2025-09-08 12:00:00,28127.201769623083,26437.067246291204,1690.1345233318789,0.0,True,2397.485912175584,673.8198267781346,25948.31928881132,585.576885172503
2025-09-08,C2,18,2025-09-08 18:00:00,13756.12623224841,13640.145999145174,115.98023310323696,0.0,True,0.0,66.74951606799277,12929.551889626804,60.87858564661792
2025-09-08,C3,6,2025-09-08 06:00:00,28017.695393096725,27198.115108410977,819.5802846857478,500.0,True,726.5201616979764,431.7177790306556,25668.886580823542,163.80661041057465
2025-09-08,C3,12,2025-09-08 12:00:00,28127.201769623083,26437.067246291204,1690.1345233318789,500.0,True,2397.485912175584,673.8198267781346,25948.31928881132,585.576885172503
2025-09-08,C3,18,2025-09-08 18:00:00,13756.12623224841,13640.145999145174,115.98023310323696,500.0,False,0.0,66.74951606799277,12929.551889626804,60.87858564661792
2025-09-09,C2,6,2025-09-09 06:00:00,24798.961805266543,24325.944911682964,473.0168935835827,0.0,True,1177.6824538559586,18.551144411615155,23776.19677615334,310.48967186694995
2025-09-09,C2,12,2025-09-09 12:00:00,23891.29342119925,23327.15119263138,564.1422285678746,0.0,True,381.46351797070434,67.96980616601775,22721.78612922337,124.157033861346
2025-09-09,C2,18,2025-09-09 18:00:00,14217.96803848219,14161.437350315731,56.53068816645828,0.0,True,0.0,75.42176855017266,14051.22447711218,41.08221306756764
2025-09-09,C3,6,2025-09-09 06:00:00,24798.961805266543,24325.944911682964,473.0168935835827,500.0,False,1177.6824538559586,18.551144411615155,23776.19677615334,310.48967186694995
2025-09-09,C3,12,2025-09-09 12:00:00,23562.02012317513,23327.15119263138,234.86893054375105,500.0,False,381.46351797070434,67.96980616601775,22721.78612922337,186.33263800560397
2025-09-09,C3,18,2025-09-09 18:00:00,14172.268269517092,14170.289124257471,1.9791452596182355,500.0,False,0.0,75.42176855017266,14051.22447711218,41.08221306756764
2025-09-10,C2,6,2025-09-10 06:00:00,29481.40360738425,28678.27761136881,803.1259960154421,0.0,True,187.06079315304385,3324.527419459254,27355.31478350852,649.4742403148065
2025-09-10,C2,12,2025-09-10 12:00:00,28809.93733838156,26322.25833325209,2487.679005129463,0.0,True,984.124334596071,266.5595596580051,25848.450950179904,768.9739771797837
2025-09-10,C2,18,2025-09-10 18:00:00,14490.128613099028,14398.701070621411,91.42754247761512,0.0,True,0.0,304.0033602145945,14356.72969189662,60.00493487068741
2025-09-10,C3,6,2025-09-10 06:00:00,29481.40360738425,28678.27761136881,803.1259960154421,500.0,True,187.06079315304385,3324.527419459254,27355.31478350852,649.4742403148065
2025-09-10,C3,12,2025-09-10 12:00:00,28809.93733838156,26322.25833325209,2487.679005129463,500.0,True,984.124334596071,266.5595596580051,25848.450950179904,768.9739771797837
2025-09-10,C3,18,2025-09-10 18:00:00,14490.128613099028,14398.701070621411,91.42754247761512,500.0,False,0.0,304.0033602145945,14356.72969189662,60.00493487068741
2025-09-11,C2,6,2025-09-11 06:00:00,27378.12019090779,26095.04662062917,1283.073570278615,0.0,True,543.2877162789958,5137.778040153082,25128.68322334413,659.7227577515876
2025-09-11,C2,12,2025-09-11 12:00:00,25537.147048888204,25331.28844850104,205.8586003871642,0.0,True,0.0,2974.4762837515677,24481.902608108805,533.2699974170483
2025-09-11,C2,18,2025-09-11 18:00:00,14463.691476839287,14446.48899514626,17.20248169302795,0.0,True,67.90028423841613,0.0,13341.875059165925,40.77408098016713
2025-09-11,C3,6,2025-09-11 06:00:00,27378.12019090779,26095.04662062917,1283.073570278615,500.0,True,543.2877162789958,5137.778040153082,25128.68322334413,659.7227577515876
2025-09-11,C3,12,2025-09-11 12:00:00,25537.147048888204,25331.28844850104,205.8586003871642,500.0,False,0.0,2974.4762837515677,24481.902608108805,533.2699974170483
2025-09-11,C3,18,2025-09-11 18:00:00,14467.79199969544,14446.179622245078,21.612377450363056,500.0,False,67.7409450845314,0.0,13341.570442538485,30.815632919079007
2025-09-12,C2,6,2025-09-12 06:00:00,7807.667811772223,7694.762850542939,112.9049612292838,0.0,True,123.32310062510103,327.086139149191,7598.627990416032,123.32310062510103
2025-09-12,C2,12,2025-09-12 12:00:00,8360.411405179644,8323.879009820634,36.53239535901048,0.0,True,0.0,99.46796694207956,7545.949180574263,82.36436934154051
2025-09-12,C2,18,2025-09-12 18:00:00,6112.260537853859,6111.623323720634,0.6372141332249157,0.0,True,9.433221809376562,0.0,5441.717442335657,9.433221809376562
2025-09-12,C3,6,2025-09-12 06:00:00,7807.667811772223,7694.762850542939,112.9049612292838,500.0,False,123.32310062510103,327.086139149191,7598.627990416032,123.32310062510103
2025-09-12,C3,12,2025-09-12 12:00:00,8352.596676566594,8323.879009820634,28.71766674596074,500.0,False,0.0,99.46796694207956,7545.949180574263,54.06840657268981
2025-09-12,C3,18,2025-09-12 18:00:00,6112.260537853859,6111.623323720634,0.6372141332249157,500.0,False,9.433221809376562,0.0,5441.717442335657,9.433221809376562
2025-09-13,C2,6,2025-09-13 06:00:00,8699.732151884751,8237.659954432795,462.0721974519565,0.0,True,444.9884899658607,440.51680573457486,6971.697926929642,189.63614602775368
2025-09-13,C2,12,2025-09-13 12:00:00,7199.26896530095,7080.195351835473,119.07361346547714,0.0,True,212.59852427917733,624.4070581309278,6813.480185029132,170.4972933881569
2025-09-13,C2,18,2025-09-13 18:00:00,5909.125290132579,5836.33611895436,72.78917117821857,0.0,True,361.59414017928384,0.0,4989.229771481798,226.3944224270134
2025-09-13,C3,6,2025-09-13 06:00:00,8699.732151884751,8237.659954432795,462.0721974519565,500.0,False,444.9884899658607,440.51680573457486,6971.697926929642,189.63614602775368
2025-09-13,C3,12,2025-09-13 12:00:00,7299.868802927695,7080.195351835473,219.6734510922224,500.0,False,212.59852427917733,624.4070581309278,6813.480185029132,226.3944224270134
2025-09-13,C3,18,2025-09-13 18:00:00,5932.798777301231,5752.880816302757,179.91796099847397,500.0,False,311.1321489458688,0.0,4906.6335842309445,108.754194349199
2025-09-14,C2,6,2025-09-14 06:00:00,30133.752630085823,29055.08694444142,1078.6656856444024,0.0,True,0.0,2929.5997438157337,27934.11511723461,615.4360150211521
2025-09-14,C2,12,2025-09-14 12:00:00,26062.03518175286,25245.087900947965,816.9472808048959,0.0,True,0.0,355.128520167444,24860.668077152168,615.4360150211521
2025-09-14,C2,18,2025-09-14 18:00:00,15889.3970579279,15327.894028633738,561.503029294161,0.0,True,238.76126767687003,0.0,14092.985683209316,95.22708087424644
2025-09-14,C3,6,2025-09-14 06:00:00,30133.752630085823,29055.08694444142,1078.6656856444024,500.0,True,0.0,2929.5997438157337,27934.11511723461,615.4360150211521
2025-09-14,C3,12,2025-09-14 12:00:00,26062.03518175286,25245.087900947965,816.9472808048959,500.0,True,0.0,355.128520167444,24860.668077152168,615.4360150211521
2025-09-14,C3,18,2025-09-14 18:00:00,15889.3970579279,15327.894028633738,561.503029294161,500.0,True,238.76126767687003,0.0,14092.985683209316,95.22708087424644
2025-09-15,C2,6,2025-09-15 06:00:00,28148.00938674069,27624.811403096654,523.1979836440405,0.0,True,449.33671852545,484.2044193160889,26348.376935188076,243.68484686465035
2025-09-15,C2,12,2025-09-15 12:00:00,27021.134281025355,26838.39807055769,182.73621046766493,0.0,True,0.0,0.0,26040.233930510512,228.38074804637813
2025-09-15,C2,18,2025-09-15 18:00:00,16920.16275549235,16920.16275549235,0.0,0.0,False,0.0,0.0,16020.69183293358,0.0
2025-09-15,C3,6,2025-09-15 06:00:00,28148.00938674069,27624.811403096654,523.1979836440405,500.0,True,449.33671852545,484.2044193160889,26348.376935188076,243.68484686465035
2025-09-15,C3,12,2025-09-15 12:00:00,27021.134281025355,26838.39807055769,182.73621046766493,500.0,False,0.0,0.0,26040.233930510512,228.38074804637813
2025-09-15,C3,18,2025-09-15 18:00:00,16936.894784626613,16920.16275549235,16.73202913426212,500.0,False,0.0,0.0,16020.69183293358,49.74069914924792
2025-09-16,C2,6,2025-09-16 06:00:00,32865.24137646805,32511.401489446773,353.83988702128045,0.0,True,186.8917847126777,2479.938837758906,30269.78587868487,574.5318457882382
2025-09-16,C2,12,2025-09-16 12:00:00,29676.25177832014,28988.162783000404,688.0889953197366,0.0,True,0.0,4166.004672182178,27925.699188758943,306.53784822028365
2025-09-16,C2,18,2025-09-16 18:00:00,17279.40922438699,17279.40922438699,0.0,0.0,False,0.0,0.0,15669.741002667182,0.0
2025-09-16,C3,6,2025-09-16 06:00:00,32865.24137646805,32511.401489446773,353.83988702128045,500.0,False,186.8917847126777,2479.938837758906,30269.78587868487,574.5318457882382
2025-09-16,C3,12,2025-09-16 12:00:00,30392.11917163325,29538.38409762818,853.7350740050751,500.0,True,0.0,2712.0569008312755,28475.92050338672,361.74940297382807
2025-09-16,C3,18,2025-09-16 18:00:00,17279.40922438699,17279.40922438699,0.0,500.0,False,0.0,0.0,15669.741002667182,0.0
2025-09-17,C2,6,2025-09-17 06:00:00,32653.800604214077,31359.49565431465,1294.3049498994187,0.0,True,610.4842476598618,2524.140137851413,29992.984716918658,553.0716109939528
2025-09-17,C2,12,2025-09-17 12:00:00,29108.583488716064,28807.702379041,300.8811096750651,0.0,True,5.0042665769747146,482.6035909448765,27984.75963108537,553.0716109939528
2025-09-17,C2,18,2025-09-17 18:00:00,14383.863276112184,14312.799073665885,71.06420244630135,0.0,True,0.0,215.0679822094904,14273.883304223304,78.97074082933727
2025-09-17,C3,6,2025-09-17 06:00:00,32653.800604214077,31359.49565431465,1294.3049498994187,500.0,True,610.4842476598618,2524.140137851413,29992.984716918658,553.0716109939528
2025-09-17,C3,12,2025-09-17 12:00:00,29108.583488716064,28807.702379041,300.8811096750651,500.0,False,5.0042665769747146,482.6035909448765,27984.75963108537,553.0716109939528
2025-09-17,C3,18,2025-09-17 18:00:00,14381.233550271209,14308.764784792558,72.46876547865031,500.0,False,0.0,215.0679822094904,14273.883304223304,78.97074082933727
2025-09-18,C2,6,2025-09-18 06:00:00,33057.234131952806,29128.861513677315,3928.372618275491,0.0,True,5346.449438603338,537.206733725272,28089.873332766063,543.6105360218143
2025-09-18,C2,12,2025-09-18 12:00:00,25990.7923991854,25384.884636899063,605.907762286337,0.0,True,0.0,0.0,24291.000211572413,482.9271812042752
2025-09-18,C2,18,2025-09-18 18:00:00,16035.653712840283,15987.894465613264,47.75924722701893,0.0,True,107.6881553080284,39.22871886271287,15076.239564075526,54.76535343929868
2025-09-18,C3,6,2025-09-18 06:00:00,33057.234131952806,29128.861513677315,3928.372618275491,500.0,True,5346.449438603338,537.206733725272,28089.873332766063,543.6105360218143
2025-09-18,C3,12,2025-09-18 12:00:00,25990.7923991854,25384.884636899063,605.907762286337,500.0,True,0.0,0.0,24291.000211572413,482.9271812042752
2025-09-18,C3,18,2025-09-18 18:00:00,16035.653712840283,15987.894465613264,47.75924722701893,500.0,False,107.6881553080284,39.22871886271287,15076.239564075526,54.76535343929868
2025-09-19,C2,6,2025-09-19 06:00:00,9834.077144517829,9611.649330069418,222.42781444841057,0.0,True,425.462925386468,0.0,8301.358908262515,130.98425262595248
2025-09-19,C2,12,2025-09-19 12:00:00,8967.810365680643,8827.28259775476,140.52776792588338,0.0,True,0.0,210.11107955951863,7752.908941092195,90.83159635488096
2025-09-19,C2,18,2025-09-19 18:00:00,6388.469652073052,6388.469652073052,0.0,0.0,False,0.0,0.0,5303.779705586366,0.0
2025-09-19,C3,6,2025-09-19 06:00:00,9834.077144517829,9611.649330069418,222.42781444841057,500.0,False,425.462925386468,0.0,8301.358908262515,130.98425262595248
2025-09-19,C3,12,2025-09-19 12:00:00,8893.734753630602,8827.28259775476,66.45215587584244,500.0,False,0.0,210.11107955951863,7752.908941092195,63.38664101273372
2025-09-19,C3,18,2025-09-19 18:00:00,6388.469652073052,6388.469652073052,0.0,500.0,False,0.0,0.0,5303.779705586366,0.0
2025-09-20,C2,6,2025-09-20 06:00:00,9155.1421482925,8841.557183427327,313.5849648651729,0.0,True,250.08228238655985,425.3474559281543,8462.341539935613,309.27755647780884
2025-09-20,C2,12,2025-09-20 12:00:00,8664.74609864341,8516.663166262186,148.08293238122496,0.0,True,0.0,233.13536961281417,8355.58574805133,240.29981753990103
2025-09-20,C2,18,2025-09-20 18:00:00,6508.531021508749,6485.506640363028,23.02438114572124,0.0,True,0.0,25.18776770703994,5973.395286870268,68.97773893790782
2025-09-20,C3,6,2025-09-20 06:00:00,9155.1421482925,8841.557183427327,313.5849648651729,500.0,False,250.08228238655985,425.3474559281543,8462.341539935613,309.27755647780884
2025-09-20,C3,12,2025-09-20 12:00:00,8567.50030104784,8516.663166262186,50.83713478565369,500.0,False,0.0,233.13536961281417,8355.58574805133,68.97773893790782
2025-09-20,C3,18,2025-09-20 18:00:00,6537.951186176352,6535.170640304193,2.780545872159564,500.0,False,0.0,24.13928102788543,5973.722938957504,16.59237220522016
2025-09-21,C2,6,2025-09-21 06:00:00,33334.12032566228,32164.666968328376,1169.4533573338997,0.0,True,3414.674343889136,0.0,30310.15513809826,655.801029501489
2025-09-21,C2,12,2025-09-21 12:00:00,28390.22124597845,27382.091660277427,1008.1295857010192,0.0,True,47.22695934424394,694.3546371093202,26667.88374876344,366.8295912325084
2025-09-21,C2,18,2025-09-21 18:00:00,15065.790113276382,14977.521017157753,88.26909611863084,0.0,True,222.4898296056466,334.05264380207564,14474.41093225901,181.65254245001563
2025-09-21,C3,6,2025-09-21 06:00:00,33334.12032566228,32164.666968328376,1169.4533573338997,500.0,True,3414.674343889136,0.0,30310.15513809826,655.801029501489
2025-09-21,C3,12,2025-09-21 12:00:00,28390.22124597845,27382.091660277427,1008.1295857010192,500.0,True,47.22695934424394,694.3546371093202,26667.88374876344,366.8295912325084
2025-09-21,C3,18,2025-09-21 18:00:00,15065.790113276382,14977.521017157753,88.26909611863084,500.0,False,222.4898296056466,334.05264380207564,14474.41093225901,181.65254245001563
2025-09-22,C2,6,2025-09-22 06:00:00,34516.48041415118,32100.5079626878,2415.972451463378,0.0,True,389.96198555341743,7578.596247974829,31985.110350748604,820.9566669929793
2025-09-22,C2,12,2025-09-22 12:00:00,29575.657446794172,29188.423131520016,387.2343152741596,0.0,True,0.0,4363.844433328501,28898.84435742852,564.7639679002091
2025-09-22,C2,18,2025-09-22 18:00:00,16682.14543724627,16657.338139651194,24.807297595074488,0.0,True,18.740364123862264,0.0,15683.702046275066,46.63719220139069
2025-09-22,C3,6,2025-09-22 06:00:00,34516.48041415118,32100.5079626878,2415.972451463378,500.0,True,389.96198555341743,7578.596247974829,31985.110350748604,820.9566669929793
2025-09-22,C3,12,2025-09-22 12:00:00,29575.657446794172,29188.423131520016,387.2343152741596,500.0,False,0.0,4363.844433328501,28898.84435742852,564.7639679002091
2025-09-22,C3,18,2025-09-22 18:00:00,16590.893791038077,16405.78870249107,185.10508854700677,500.0,False,0.0,0.0,15645.890550600554,70.89328166735686
2025-09-23,C2,6,2025-09-23 06:00:00,35616.49250122697,35179.39903553394,437.0934656930258,0.0,True,976.9003596829988,86.26626830285284,32671.512598932844,213.775031418346
2025-09-23,C2,12,2025-09-23 12:00:00,32250.51883336353,31764.608928753685,485.9099046098454,0.0,True,1880.5571320248189,0.0,30912.45982050926,446.00334207303706
2025-09-23,C2,18,2025-09-23 18:00:00,16391.788657836074,16305.00879702232,86.77986081375275,0.0,True,553.1749432443422,0.0,15258.86036068439,76.7961371762292
2025-09-23,C3,6,2025-09-23 06:00:00,35616.49250122697,35179.39903553394,437.0934656930258,500.0,False,976.9003596829988,86.26626830285284,32671.512598932844,213.775031418346
2025-09-23,C3,12,2025-09-23 12:00:00,31850.716823699644,31142.97965970732,707.7371639923222,500.0,True,1150.358397007124,0.0,30340.841610518284,128.28012965072622
2025-09-23,C3,18,2025-09-23 18:00:00,16427.417891733545,16326.632010710731,100.78588102281174,500.0,False,564.0883173016335,0.0,15280.483574372804,113.0128637720511
2025-09-24,C2,6,2025-09-24 06:00:00,32282.40848978736,31277.983608494866,1004.4248812924924,0.0,True,1166.6277175245468,218.1915957528098,29137.240359215477,357.6939689496452
2025-09-24,C2,12,2025-09-24 12:00:00,33074.1326983928,29355.20792566238,3718.924772730421,0.0,True,3340.120376692496,31.237675172206764,28872.90276097558,449.64055069477513
2025-09-24,C2,18,2025-09-24 18:00:00,16695.123863249002,16390.417182910744,304.7066803382586,0.0,True,353.4888246521514,216.3550375654621,15714.67417157888,336.73606598242714
2025-09-24,C3,6,2025-09-24 06:00:00,32282.40848978736,31277.983608494866,1004.4248812924924,500.0,True,1166.6277175245468,218.1915957528098,29137.240359215477,357.6939689496452
2025-09-24,C3,12,2025-09-24 12:00:00,33074.1326983928,29355.20792566238,3718.924772730421,500.0,True,3340.120376692496,31.237675172206764,28872.90276097558,449.64055069477513
2025-09-24,C3,18,2025-09-24 18:00:00,16695.123863249002,16390.417182910744,304.7066803382586,500.0,False,353.4888246521514,216.3550375654621,15714.67417157888,336.73606598242714
2025-09-25,C2,6,2025-09-25 06:00:00,35646.36302898136,33742.823017005816,1903.5400119755432,0.0,True,898.6666728020292,103.38223891320376,31524.97087627839,440.29092555115074
2025-09-25,C2,12,2025-09-25 12:00:00,28648.8256087163,28633.20510691321,15.620501803085062,0.0,True,0.0,169.04824967334923,28079.864942278567,107.21059290379378
2025-09-25,C2,18,2025-09-25 18:00:00,17800.37299131278,16730.776287881054,1069.5967034317257,0.0,True,767.4250942145135,9.940109089102409,16148.371289321452,275.8092047532512
2025-09-25,C3,6,2025-09-25 06:00:00,35646.36302898136,33742.823017005816,1903.5400119755432,500.0,True,898.6666728020292,103.38223891320376,31524.97087627839,440.29092555115074
2025-09-25,C3,12,2025-09-25 12:00:00,28648.8256087163,28633.20510691321,15.620501803085062,500.0,False,0.0,169.04824967334923,28079.864942278567,107.21059290379378
2025-09-25,C3,18,2025-09-25 18:00:00,17787.114646634727,16774.1561652844,1012.958481350328,500.0,True,789.3125673613373,9.940109089102409,16191.751166724798,297.6966779000751
2025-09-26,C2,6,2025-09-26 06:00:00,10700.743748820514,9523.77299522881,1176.970753591704,0.0,True,1083.1539732801284,520.8979216990394,9072.910244853054,436.2144158128229
2025-09-26,C2,12,2025-09-26 12:00:00,8856.27822141825,7991.248423347138,865.029798071112,0.0,True,0.0,1085.5854688616405,7624.184576848909,436.2144158128229
2025-09-26,C2,18,2025-09-26 18:00:00,5354.941662413561,5344.911258446703,10.030403966858104,0.0,True,48.03465521880895,0.0,4937.336695851514,36.76649819065881
2025-09-26,C3,6,2025-09-26 06:00:00,10700.743748820514,9523.77299522881,1176.970753591704,500.0,True,1083.1539732801284,520.8979216990394,9072.910244853054,436.2144158128229
2025-09-26,C3,12,2025-09-26 12:00:00,8856.27822141825,7991.248423347138,865.029798071112,500.0,True,0.0,1085.5854688616405,7624.184576848909,436.2144158128229
2025-09-26,C3,18,2025-09-26 18:00:00,5354.941662413561,5344.911258446703,10.030403966858104,500.0,False,48.03465521880895,0.0,4937.336695851514,36.76649819065881
2025-09-27,C2,6,2025-09-27 06:00:00,11055.13956536622,10500.743879147389,554.3956862188315,0.0,True,1010.517725862584,0.0,9484.30790061061,169.14816704569554
2025-09-27,C2,12,2025-09-27 12:00:00,9717.279194393315,9650.39991454526,66.8792798480572,0.0,True,503.8366895996281,15.074418549906682,9027.49921692988,91.3459604732879
2025-09-27,C2,18,2025-09-27 18:00:00,6353.238590707155,6312.50318249753,40.73540820962444,0.0,True,136.0824514208913,7.759777281495474,5874.2147747180425,134.45526716343386
2025-09-27,C3,6,2025-09-27 06:00:00,11055.13956536622,10500.743879147389,554.3956862188315,500.0,True,1010.517725862584,0.0,9484.30790061061,169.14816704569554
2025-09-27,C3,12,2025-09-27 12:00:00,9717.279194393315,9650.39991454526,66.8792798480572,500.0,False,503.8366895996281,15.074418549906682,9027.49921692988,91.3459604732879
2025-09-27,C3,18,2025-09-27 18:00:00,6319.378578498796,6286.141618231732,33.236960267064205,500.0,False,120.8467546916338,7.759777281495474,5847.853210452244,119.21957043417638
2025-09-28,C2,6,2025-09-28 06:00:00,40310.95958994562,35404.06978687425,4906.889803071368,0.0,True,3793.312595347396,347.0651080724927,34706.859100280555,711.1527203630038
2025-09-28,C2,12,2025-09-28 12:00:00,29927.96297043265,28015.897260123347,1912.0657103093072,0.0,True,471.04588716905647,616.601928510391,27424.595802739652,683.8358918658658
2025-09-28,C2,18,2025-09-28 18:00:00,17196.55566388527,16694.160021141575,502.3956427436933,0.0,True,912.6207199159622,0.0,16169.172806209794,429.5136265130561
2025-09-28,C3,6,2025-09-28 06:00:00,40310.95958994562,35404.06978687425,4906.889803071368,500.0,True,3793.312595347396,347.0651080724927,34706.859100280555,711.1527203630038
2025-09-28,C3,12,2025-09-28 12:00:00,29927.96297043265,28015.897260123347,1912.0657103093072,500.0,True,471.04588716905647,616.601928510391,27424.595802739652,683.8358918658658
2025-09-28,C3,18,2025-09-28 18:00:00,17196.55566388527,16694.160021141575,502.3956427436933,500.0,True,912.6207199159622,0.0,16169.172806209794,429.5136265130561
2025-09-29,C2,6,2025-09-29 06:00:00,32208.721542992847,32083.95245637709,124.76908661575726,0.0,True,0.0,1147.5074415946929,31670.308939744984,426.4996372440154
2025-09-29,C2,12,2025-09-29 12:00:00,31906.71124267596,30827.558222785017,1079.1530198909422,0.0,True,1667.1842597647965,93.23015504513704,29875.43199080915,522.461769922449
2025-09-29,C2,18,2025-09-29 18:00:00,17982.320892577,16827.847952108696,1154.4729404683058,0.0,True,714.2453532804944,0.0,16444.963441872187,299.51578736340235
2025-09-29,C3,6,2025-09-29 06:00:00,32208.721542992847,32083.95245637709,124.76908661575726,500.0,False,0.0,1147.5074415946929,31670.308939744984,426.4996372440154
2025-09-29,C3,12,2025-09-29 12:00:00,32027.66277343301,31174.917034216414,852.7457392165925,500.0,True,1995.8633589905016,93.23015504513704,30200.52848785329,585.2934752321502
2025-09-29,C3,18,2025-09-29 18:00:00,17982.320892577,16827.847952108696,1154.4729404683058,500.0,True,714.2453532804944,0.0,16444.963441872187,299.51578736340235
2025-09-30,C2,6,2025-09-30 06:00:00,40036.12956249648,36170.1265191748,3866.003043321689,0.0,True,1782.13627918601,331.87414889215347,34924.89303831354,708.6702558169883
2025-09-30,C2,12,2025-09-30 12:00:00,34645.510351864395,33886.24795751345,759.2623943509461,0.0,True,1190.6323619907512,178.6307707945398,32820.13841765457,503.362662605274
2025-09-30,C2,18,2025-09-30 18:00:00,16465.490493956117,16430.119289284732,35.37120467138448,0.0,True,50.869414783073466,146.42369854895355,15148.34301777442,59.446576506864176
2025-09-30,C3,6,2025-09-30 06:00:00,40036.12956249648,36170.1265191748,3866.003043321689,500.0,True,1782.13627918601,331.87414889215347,34924.89303831354,708.6702558169883
2025-09-30,C3,12,2025-09-30 12:00:00,34645.510351864395,33886.24795751345,759.2623943509461,500.0,True,1190.6323619907512,178.6307707945398,32820.13841765457,503.362662605274
2025-09-30,C3,18,2025-09-30 18:00:00,16465.490493956117,16430.119289284732,35.37120467138448,500.0,False,50.869414783073466,146.42369854895355,15148.34301777442,59.446576506864176
2025-10-01,C2,6,2025-10-01 06:00:00,30280.284664208808,28615.60300382884,1664.681660379967,0.0,True,1709.2539003472884,439.63957105524025,26522.621067869957,194.5277561971008
2025-10-01,C2,12,2025-10-01 12:00:00,27451.81785673955,26753.593272664708,698.2245840748437,0.0,True,1991.2356906907503,1401.0567902455753,26192.78853003681,436.98293224747545
2025-10-01,C2,18,2025-10-01 18:00:00,15922.668025119636,15382.821740027885,539.8462850917513,0.0,True,796.8843530986662,19.14576361633317,14670.708089991844,297.1024019298751
2025-10-01,C3,6,2025-10-01 06:00:00,30280.284664208808,28615.60300382884,1664.681660379967,500.0,True,1709.2539003472884,439.63957105524025,26522.621067869957,194.5277561971008
2025-10-01,C3,12,2025-10-01 12:00:00,27451.81785673955,26753.593272664708,698.2245840748437,500.0,True,1991.2356906907503,1401.0567902455753,26192.78853003681,436.98293224747545
2025-10-01,C3,18,2025-10-01 18:00:00,15922.668025119636,15382.821740027885,539.8462850917513,500.0,True,796.8843530986662,19.14576361633317,14670.708089991844,297.1024019298751
2025-10-02,C2,6,2025-10-02 06:00:00,32820.33611826531,30105.81190041312,2714.524217852188,0.0,True,0.0,8581.397474691898,29790.69580390444,1073.99110350766
2025-10-02,C2,12,2025-10-02 12:00:00,27178.396888468797,26747.985562290894,430.4113261778948,0.0,True,0.0,8278.195967894844,26291.6120207743,480.6907786495219
2025-10-02,C2,18,2025-10-02 18:00:00,15619.605156177462,15454.298092607974,165.30706356948758,0.0,True,671.4455196020945,83.31679564097988,14543.60184309111,187.00678681048907
2025-10-02,C3,6,2025-10-02 06:00:00,32820.33611826531,30105.81190041312,2714.524217852188,500.0,True,0.0,8581.397474691898,29790.69580390444,1073.99110350766
2025-10-02,C3,12,2025-10-02 12:00:00,27178.396888468797,26747.985562290894,430.4113261778948,500.0,False,0.0,8278.195967894844,26291.6120207743,480.6907786495219
2025-10-02,C3,18,2025-10-02 18:00:00,15645.536031742482,15464.466236568867,181.0697951736147,500.0,False,676.8555456520508,83.31679564097988,14553.769987052,192.41681286044536
2025-10-03,C2,6,2025-10-03 06:00:00,8251.694403402615,7821.060500086198,430.6339033164168,0.0,True,577.5288455033856,0.0,7281.053669503833,157.5765741188264
2025-10-03,C2,12,2025-10-03 12:00:00,8367.146472031114,8092.223796546098,274.92267548501604,0.0,True,887.8118004262857,0.0,7555.753003802696,133.81439795433567
2025-10-03,C2,18,2025-10-03 18:00:00,5948.988003264181,5753.429071435538,195.55893182864293,0.0,True,437.97290723149735,20.668647742418106,5347.773532664924,142.32619216558743
2025-10-03,C3,6,2025-10-03 06:00:00,8251.694403402615,7821.060500086198,430.6339033164168,500.0,False,577.5288455033856,0.0,7281.053669503833,157.5765741188264
2025-10-03,C3,12,2025-10-03 12:00:00,8410.49111717101,8092.223796546098,318.2673206249119,500.0,False,887.8118004262857,0.0,7555.753003802696,138.86767315292758
2025-10-03,C3,18,2025-10-03 18:00:00,5341.189357003157,5334.629313309177,6.560043693980333,500.0,False,181.4890333307944,20.668647742418106,4930.452345442904,69.0861654683128
2025-10-04,C2,6,2025-10-04 06:00:00,8955.085269118463,8605.534287969742,349.5509811487209,0.0,True,348.7164950582264,1.6231461839278865,7963.327843796742,213.36432629282217
2025-10-04,C2,12,2025-10-04 12:00:00,8235.286244668398,8038.14360820648,197.1426364619174,0.0,True,0.0,312.9157797649365,7362.1285359378035,213.36432629282217
2025-10-04,C2,18,2025-10-04 18:00:00,6673.862906374927,6368.057323272822,305.8055831021047,0.0,True,613.4185640200963,0.0,5599.562836543873,450.26431513079984
2025-10-04,C3,6,2025-10-04 06:00:00,8955.085269118463,8605.534287969742,349.5509811487209,500.0,False,348.7164950582264,1.6231461839278865,7963.327843796742,213.36432629282217
2025-10-04,C3,12,2025-10-04 12:00:00,8114.373125259537,8038.14360820648,76.22951705305695,500.0,False,0.0,312.9157797649365,7362.1285359378035,100.14706939634384
2025-10-04,C3,18,2025-10-04 18:00:00,6665.885295799849,6368.057323272822,297.8279725270268,500.0,False,613.4185640200963,0.0,5599.562836543873,450.26431513079984
2025-10-05,C2,6,2025-10-05 06:00:00,31079.359858778906,28778.752757959894,2300.607100819012,0.0,True,0.0,9638.297987426922,28687.005678531616,868.67685947132
2025-10-05,C2,12,2025-10-05 12:00:00,29098.571377066117,27301.524248253136,1797.0471288129777,0.0,True,1257.7754005301665,994.663540359858,26555.52813930691,759.497038579823
2025-10-05,C2,18,2025-10-05 18:00:00,14865.62630679889,14825.245373995363,40.38093280352405,0.0,True,60.00119402679388,63.7297291412541,14409.359132540154,54.93479246094546
2025-10-05,C3,6,2025-10-05 06:00:00,31079.359858778906,28778.752757959897,2300.6071008190083,500.0,True,0.0,9638.297987426922,28687.005678531616,868.67685947132
2025-10-05,C3,12,2025-10-05 12:00:00,29098.571377066117,27301.524248253136,1797.0471288129777,500.0,True,1257.7754005301665,994.663540359858,26555.52813930691,759.497038579823
2025-10-05,C3,18,2025-10-05 18:00:00,14865.62630679889,14825.245373995363,40.38093280352405,500.0,False,60.00119402679388,63.7297291412541,14409.359132540154,54.93479246094546
2025-10-06,C2,6,2025-10-06 06:00:00,38130.23789496612,34221.69936054291,3908.5385344232127,0.0,True,7425.789466917047,4.454029535106656,33011.88706992773,878.0996841973066
2025-10-06,C2,12,2025-10-06 12:00:00,29930.219108133035,29272.021593447083,658.1975146859513,0.0,True,4037.2294104341145,13.347985857236836,28101.340102103208,657.9223324604804
2025-10-06,C2,18,2025-10-06 18:00:00,14821.044602116168,14746.816048479868,74.2285536362997,0.0,True,240.6013899826545,0.0,14055.551121740536,58.79997062273242
2025-10-06,C3,6,2025-10-06 06:00:00,38130.23789496612,34221.69936054291,3908.5385344232127,500.0,True,7425.789466917047,4.454029535106656,33011.88706992773,878.0996841973066
2025-10-06,C3,12,2025-10-06 12:00:00,29930.219108133035,29272.021593447083,658.1975146859513,500.0,True,4037.2294104341145,13.347985857236836,28101.340102103208,657.9223324604804
2025-10-06,C3,18,2025-10-06 18:00:00,14821.044602116168,14746.816048479868,74.2285536362997,500.0,False,240.6013899826545,0.0,14055.551121740536,58.79997062273242
2025-10-07,C2,6,2025-10-07 06:00:00,33297.31966201997,30851.852179754555,2445.4674822654124,0.0,True,2129.781681831191,3.0502511811644126,29467.61786251453,500.02770330417377
2025-10-07,C2,12,2025-10-07 12:00:00,30785.39190426621,29190.635132270934,1594.7567719952676,0.0,True,3162.1686442603354,0.0,28174.78723603732,842.868667847831
2025-10-07,C2,18,2025-10-07 18:00:00,15397.547334628058,15341.03892037315,56.50841425490762,0.0,True,1124.5833716158486,0.0,14445.456451108446,75.85744225670555
2025-10-07,C3,6,2025-10-07 06:00:00,33297.31966201997,30851.852179754555,2445.4674822654124,500.0,True,2129.781681831191,3.0502511811644126,29467.61786251453,500.02770330417377
2025-10-07,C3,12,2025-10-07 12:00:00,30785.39190426621,29190.635132270934,1594.7567719952676,500.0,True,3162.1686442603354,0.0,28174.78723603732,842.868667847831
2025-10-07,C3,18,2025-10-07 18:00:00,15397.547334628058,15341.03892037315,56.50841425490762,500.0,False,1124.5833716158486,0.0,14445.456451108446,75.85744225670555
2025-10-08,C2,6,2025-10-08 06:00:00,26124.53250121675,24699.98424868977,1424.54825252698,0.0,True,794.7184160707651,702.564046612759,24615.739970691528,399.51987390663845
2025-10-08,C2,12,2025-10-08 12:00:00,25453.80731347517,24219.12740094048,1234.6799125346915,0.0,True,997.2015589646288,69.50563330270154,22937.73691336956,376.8427860200362
2025-10-08,C2,18,2025-10-08 18:00:00,14988.779596380591,13812.331545073688,1176.4480513069047,0.0,True,782.7848559651745,0.0,13705.839716676908,400.7278606443473
2025-10-08,C3,6,2025-10-08 06:00:00,26124.53250121675,24699.98424868977,1424.54825252698,500.0,True,794.7184160707651,702.564046612759,24615.739970691528,399.51987390663845
2025-10-08,C3,12,2025-10-08 12:00:00,25453.80731347517,24219.12740094048,1234.6799125346915,500.0,True,997.2015589646288,69.50563330270154,22937.73691336956,376.8427860200362
2025-10-08,C3,18,2025-10-08 18:00:00,14988.779596380591,13812.331545073688,1176.4480513069047,500.0,True,782.7848559651745,0.0,13705.839716676908,400.7278606443473
2025-10-09,C2,6,2025-10-09 06:00:00,30420.81547739588,27607.72417413472,2813.0913032611643,0.0,True,0.0,10545.265345957368,26409.0443743446,1043.200693870776
2025-10-09,C2,12,2025-10-09 12:00:00,27792.67078485772,24805.6175863307,2987.053198527017,0.0,True,691.7748546918306,4159.387838356819,24125.434150239733,777.7191165919471
2025-10-09,C2,18,2025-10-09 18:00:00,13535.515062841549,13477.18731911815,58.32774372339736,0.0,True,208.64746460415853,0.0,11634.688354094433,73.21302311511818
2025-10-09,C3,6,2025-10-09 06:00:00,30420.81547739588,27607.72417413472,2813.0913032611643,500.0,True,0.0,10545.265345957368,26409.0443743446,1043.200693870776
2025-10-09,C3,12,2025-10-09 12:00:00,27792.67078485772,24805.6175863307,2987.053198527017,500.0,True,691.7748546918306,4159.387838356819,24125.434150239733,777.7191165919471
2025-10-09,C3,18,2025-10-09 18:00:00,13535.515062841549,13477.18731911815,58.32774372339736,500.0,False,208.64746460415853,0.0,11634.688354094433,73.21302311511818
2025-10-10,C2,6,2025-10-10 06:00:00,7297.018172413561,7095.523395212979,201.49477720058167,0.0,True,205.2269385611924,332.57710374661286,6895.275976894353,105.11262867960158
2025-10-10,C2,12,2025-10-10 12:00:00,6718.296981790648,6516.634702203141,201.6622795875064,0.0,True,0.0,938.5237079410208,6501.519435962127,123.4443008065519
2025-10-10,C2,18,2025-10-10 18:00:00,5597.127519499553,4977.228540895042,619.8989786045113,0.0,True,449.8997358996383,28.893336945494127,4543.603793889388,466.2442750450088
2025-10-10,C3,6,2025-10-10 06:00:00,7297.018172413561,7095.523395212979,201.49477720058167,500.0,False,205.2269385611924,332.57710374661286,6895.275976894353,105.11262867960158
2025-10-10,C3,12,2025-10-10 12:00:00,6798.048056601972,6516.634702203141,281.41335439883096,500.0,False,0.0,938.5237079410208,6501.519435962127,192.9813698894444
2025-10-10,C3,18,2025-10-10 18:00:00,5618.33615040329,5039.851356006422,578.484794396868,500.0,True,489.3521488722208,28.893336945494127,4606.226609000768,426.7918620724264
2025-10-11,C2,6,2025-10-11 06:00:00,7793.499302863181,7414.743539817613,378.7557630455676,0.0,True,891.8432096119171,0.0,6987.35229061112,202.9725613048312
2025-10-11,C2,12,2025-10-11 12:00:00,6675.9632691095385,5923.584867161193,752.3784019483455,0.0,True,0.0,640.0226017009461,5921.845815156987,131.2454804347576
2025-10-11,C2,18,2025-10-11 18:00:00,5967.571072672552,5298.828685744902,668.7423869276499,0.0,True,723.4839517275313,199.39704766879447,5022.396311843973,446.5579559235836
2025-10-11,C3,6,2025-10-11 06:00:00,7793.499302863181,7414.743539817613,378.7557630455676,500.0,False,891.8432096119171,0.0,6987.35229061112,202.9725613048312
2025-10-11,C3,12,2025-10-11 12:00:00,6133.26115085457,5923.584867161193,209.67628369337672,500.0,False,0.0,640.0226017009461,5921.845815156987,127.7597947382606
2025-10-11,C3,18,2025-10-11 18:00:00,5575.768229317276,5298.828685744902,276.9395435723736,500.0,False,723.4839517275313,199.39704766879447,5022.396311843973,446.5579559235836
2025-10-12,C2,6,2025-10-12 06:00:00,28542.50909263475,28215.44338768052,327.0657049542315,0.0,True,444.0206443339389,149.60283316994446,26842.32423307012,110.18773981550304
2025-10-12,C2,12,2025-10-12 12:00:00,23317.77576752936,22990.16661666087,327.60915086849127,0.0,True,419.5526992032095,173.3963969004343,22842.648811089013,419.5526992032095
2025-10-12,C2,18,2025-10-12 18:00:00,13803.08211509411,12977.964851586748,825.1172635073635,0.0,True,644.7014211867904,0.0,12515.594923477438,388.8920471272271
2025-10-12,C3,6,2025-10-12 06:00:00,28542.50909263475,28215.44338768052,327.0657049542315,500.0,False,444.0206443339389,149.60283316994446,26842.32423307012,110.18773981550304
2025-10-12,C3,12,2025-10-12 12:00:00,22804.745393132223,22758.284633832784,46.460759299439815,500.0,False,157.22575406416058,173.3963969004343,22611.158398351057,157.22575406416058
2025-10-12,C3,18,2025-10-12 18:00:00,13803.08211509411,12977.964851586748,825.1172635073635,500.0,True,644.7014211867904,0.0,12515.594923477438,388.8920471272271
2025-10-13,C2,6,2025-10-13 06:00:00,36159.059786272745,30456.210613838968,5702.849172433776,0.0,True,1612.92914489652,7190.667113501678,29965.35555297832,1001.86068840327
2025-10-13,C2,12,2025-10-13 12:00:00,27739.893959725447,26217.27305096457,1522.6209087608768,0.0,True,0.0,3351.993190300072,26044.22981726049,810.1227939767864
2025-10-13,C2,18,2025-10-13 18:00:00,15792.87548207428,15109.24209651966,683.63338555462,0.0,True,750.4605980898817,50.98233459047526,14498.817623613302,665.5960281103498
2025-10-13,C3,6,2025-10-13 06:00:00,36159.059786272745,30456.210613838968,5702.849172433776,500.0,True,1612.92914489652,7190.667113501678,29965.35555297832,1001.86068840327
2025-10-13,C3,12,2025-10-13 12:00:00,27739.893959725447,26217.27305096457,1522.6209087608768,500.0,True,0.0,3351.993190300072,26044.22981726049,810.1227939767864
2025-10-13,C3,18,2025-10-13 18:00:00,15792.87548207428,15109.24209651966,683.63338555462,500.0,True,750.4605980898817,50.98233459047526,14498.817623613302,665.5960281103498
2025-10-14,C2,6,2025-10-14 06:00:00,36136.31452294623,30989.166938100698,5147.147584845534,0.0,True,1341.15445180304,7146.13859431342,30869.036095345386,922.5099002270642
2025-10-14,C2,12,2025-10-14 12:00:00,36619.337628645,28373.37300066101,8245.96462798399,0.0,True,220.9167075741501,578.3066599557152,28132.759593920597,758.3133827080228
2025-10-14,C2,18,2025-10-14 18:00:00,15750.490956936088,13594.105381555974,2156.3855753801145,0.0,True,1011.8461144147832,9.501086512615188,13454.42811915877,591.8337168080938
2025-10-14,C3,6,2025-10-14 06:00:00,36136.31452294623,30989.166938100698,5147.147584845534,500.0,True,1341.15445180304,7146.13859431342,30869.036095345386,922.5099002270642
2025-10-14,C3,12,2025-10-14 12:00:00,36619.337628645,28373.37300066101,8245.96462798399,500.0,True,220.9167075741501,578.3066599557152,28132.759593920597,758.3133827080228
2025-10-14,C3,18,2025-10-14 18:00:00,15750.490956936088,13594.105381555974,2156.3855753801145,500.0,True,1011.8461144147832,9.501086512615188,13454.42811915877,591.8337168080938
2025-10-15,C2,6,2025-10-15 06:00:00,34562.2109083908,32507.1686252826,2055.0422831082037,0.0,True,1133.308760808466,4426.339763537528,31875.95696157607,770.2795218889806
2025-10-15,C2,12,2025-10-15 12:00:00,34680.819630210266,29278.40274062384,5402.416889586424,0.0,True,64.54887663170877,496.7964518387792,28543.12466867901,628.3639694825458
2025-10-15,C2,18,2025-10-15 18:00:00,14172.701914019335,13122.986721417694,1049.7151926016431,0.0,True,704.147759292003,79.5962901838476,12801.883521642772,342.75836083198783
2025-10-15,C3,6,2025-10-15 06:00:00,34562.2109083908,32507.1686252826,2055.0422831082037,500.0,True,1133.308760808466,4426.339763537528,31875.95696157607,770.2795218889806
2025-10-15,C3,12,2025-10-15 12:00:00,34680.819630210266,29278.40274062384,5402.416889586424,500.0,True,64.54887663170877,496.7964518387792,28543.12466867901,628.3639694825458
2025-10-15,C3,18,2025-10-15 18:00:00,14172.701914019335,13122.986721417694,1049.7151926016431,500.0,True,704.147759292003,79.5962901838476,12801.883521642772,342.75836083198783
2025-10-16,C2,6,2025-10-16 06:00:00,36589.1601482468,33145.10258767593,3444.0575605708727,0.0,True,2082.116327542736,222.6343223880361,32560.01729614617,638.8860535122408
2025-10-16,C2,12,2025-10-16 12:00:00,28772.893960405745,27911.271615229027,861.6223451767182,0.0,True,1896.1939701680144,3.3820923567388945,27305.597225381916,584.5661538509453
2025-10-16,C2,18,2025-10-16 18:00:00,15487.18089900109,14530.733700191762,956.4471988093284,0.0,True,957.1854533503788,20.844162025793707,13907.000655625414,181.1335808293831
2025-10-16,C3,6,2025-10-16 06:00:00,36589.1601482468,33145.10258767593,3444.0575605708727,500.0,True,2082.116327542736,222.6343223880361,32560.01729614617,638.8860535122408
2025-10-16,C3,12,2025-10-16 12:00:00,28772.893960405745,27911.271615229027,861.6223451767182,500.0,True,1896.1939701680144,3.3820923567388945,27305.597225381916,584.5661538509453
2025-10-16,C3,18,2025-10-16 18:00:00,15487.18089900109,14530.733700191762,956.4471988093284,500.0,True,957.1854533503788,20.844162025793707,13907.000655625414,181.1335808293831
2025-10-17,C2,6,2025-10-17 06:00:00,9209.95028322796,8443.314884275658,766.6353989523013,0.0,True,1420.5810197700807,16.54037623078125,7551.281032960461,288.62260796504626
2025-10-17,C2,12,2025-10-17 12:00:00,8372.643092563369,8311.881763051515,60.761329511853546,0.0,True,1488.6205186556897,11.050409803365142,7346.324411828496,126.64359851378332
2025-10-17,C2,18,2025-10-17 18:00:00,6533.878086391972,5315.410450709112,1218.4676356828595,0.0,True,865.3199708381206,16.54037623078125,5197.206797256121,436.889330328176
2025-10-17,C3,6,2025-10-17 06:00:00,9209.95028322796,8443.314884275658,766.6353989523013,500.0,True,1420.5810197700807,16.54037623078125,7551.281032960461,288.62260796504626
2025-10-17,C3,12,2025-10-17 12:00:00,8372.643092563369,8311.881763051515,60.761329511853546,500.0,False,1488.6205186556897,11.050409803365142,7346.324411828496,126.64359851378332
2025-10-17,C3,18,2025-10-17 18:00:00,6559.899947106662,5315.410450709112,1244.4894963975494,500.0,True,865.3199708381206,16.54037623078125,5197.206797256121,436.889330328176
2025-10-18,C2,6,2025-10-18 06:00:00,8978.062681734065,8194.816503698785,783.2461780352805,0.0,True,643.1265548152198,608.2372475736137,7788.876345355043,341.6804072889603
2025-10-18,C2,12,2025-10-18 12:00:00,7450.344072052142,7359.045913628283,91.2981584238587,0.0,True,0.0,735.1588552221382,7149.769614959234,117.6623783825944
2025-10-18,C2,18,2025-10-18 18:00:00,4620.693809709429,4487.412113645549,133.2816960638802,0.0,True,301.51824724842623,9.186249896895788,4188.293321740453,278.8526292778275
2025-10-18,C3,6,2025-10-18 06:00:00,8978.062681734065,8194.816503698785,783.2461780352805,500.0,True,643.1265548152198,608.2372475736137,7788.876345355043,341.6804072889603
2025-10-18,C3,12,2025-10-18 12:00:00,7450.344072052142,7359.045913628283,91.2981584238587,500.0,False,0.0,735.1588552221382,7149.769614959234,117.6623783825944
2025-10-18,C3,18,2025-10-18 18:00:00,4628.035412372461,4487.412113645549,140.62329872691225,500.0,False,301.51824724842623,9.186249896895788,4188.293321740453,278.8526292778275
2025-10-19,C2,6,2025-10-19 06:00:00,33185.05112910534,32501.24126505948,683.8098640458629,0.0,True,2443.7606600114345,201.68231313863996,31377.914889145828,535.5753727536568
2025-10-19,C2,12,2025-10-19 12:00:00,28280.36053425854,28139.89524082922,140.465293429319,0.0,True,975.8627104211782,185.84521855224037,27702.01008863924,207.91418311304528
2025-10-19,C2,18,2025-10-19 18:00:00,16133.57461823444,14610.527713124797,1523.0469051096445,0.0,True,1186.8713666259064,8.963169929375454,14331.00255586703,461.8994185055516
2025-10-19,C3,6,2025-10-19 06:00:00,33185.05112910534,32501.24126505948,683.8098640458629,500.0,True,2443.7606600114345,201.68231313863996,31377.914889145828,535.5753727536568
2025-10-19,C3,12,2025-10-19 12:00:00,28280.36053425854,28139.89524082922,140.465293429319,500.0,False,975.8627104211782,185.84521855224037,27702.01008863924,207.91418311304528
2025-10-19,C3,18,2025-10-19 18:00:00,16143.532341960285,14610.527713124797,1533.004628835488,500.0,True,1186.8713666259064,8.963169929375454,14331.00255586703,461.8994185055516
2025-10-20,C2,6,2025-10-20 06:00:00,36487.13208592051,36225.63307283786,261.49901308264816,0.0,True,573.8585066692085,248.94616070479407,35442.268758299906,149.14866319600787
2025-10-20,C2,12,2025-10-20 12:00:00,29594.277192629423,29326.09809021033,268.1791024190934,0.0,True,1238.2265105871609,98.11847523897222,28599.20676129264,339.3488452601978
2025-10-20,C2,18,2025-10-20 18:00:00,14923.982667770642,14576.586571844482,347.39609592616034,0.0,True,657.3600639295846,185.15326135073792,13805.211813921343,241.114746035155
2025-10-20,C3,6,2025-10-20 06:00:00,36487.13208592051,36225.63307283786,261.49901308264816,500.0,False,573.8585066692085,248.94616070479407,35442.268758299906,149.14866319600787
2025-10-20,C3,12,2025-10-20 12:00:00,28958.10235131227,28748.12678785159,209.9755634606809,500.0,False,747.5045272878937,98.11847523897222,28025.36582780749,152.9331394860368
2025-10-20,C3,18,2025-10-20 18:00:00,14985.410205969463,14511.624220814569,473.7859851548983,500.0,False,623.2402860835712,185.15326135073792,13740.249462891426,206.99496818914167
2025-10-21,C2,6,2025-10-21 06:00:00,40407.725400953095,37726.760718321326,2680.9646826317694,0.0,True,1148.7524944601669,2242.9221454001263,37270.60812096507,771.7634757854903
2025-10-21,C2,12,2025-10-21 12:00:00,31599.247540100823,30447.6633729028,1151.5841671980234,0.0,True,0.0,1490.1440408799904,30440.96981191919,251.9710493500977
2025-10-21,C2,18,2025-10-21 18:00:00,15779.729614963157,14845.83506144761,933.8945535155452,0.0,True,591.0687194949256,0.0,14424.650005484831,402.13669357996014
2025-10-21,C3,6,2025-10-21 06:00:00,40407.725400953095,37726.760718321326,2680.9646826317694,500.0,True,1148.7524944601669,2242.9221454001263,37270.60812096507,771.7634757854903
2025-10-21,C3,12,2025-10-21 12:00:00,31599.247540100823,30447.6633729028,1151.5841671980234,500.0,True,0.0,1490.1440408799904,30440.96981191919,251.9710493500977
2025-10-21,C3,18,2025-10-21 18:00:00,15779.729614963157,14845.83506144761,933.8945535155452,500.0,True,591.0687194949256,0.0,14424.650005484831,402.13669357996014
2025-10-22,C2,6,2025-10-22 06:00:00,36655.62583867156,35116.70789028305,1538.9179483885164,0.0,True,2952.992916964299,0.0,33842.367294050506,774.6194757773343
2025-10-22,C2,12,2025-10-22 12:00:00,39272.49422723782,31757.855188645684,7514.639038592133,0.0,True,5131.169128988491,0.0,31440.50483269877,869.3985779135544
2025-10-22,C2,18,2025-10-22 18:00:00,15129.685125731818,14546.037498055175,583.6476276766407,0.0,True,950.4606095902294,0.0,14281.627520345904,356.4034079923816
2025-10-22,C3,6,2025-10-22 06:00:00,36655.62583867156,35116.70789028305,1538.9179483885164,500.0,True,2952.992916964299,0.0,33842.367294050506,774.6194757773343
2025-10-22,C3,12,2025-10-22 12:00:00,39272.49422723782,31757.855188645684,7514.639038592133,500.0,True,5131.169128988491,0.0,31440.50483269877,869.3985779135544
2025-10-22,C3,18,2025-10-22 18:00:00,15129.685125731818,14546.037498055175,583.6476276766407,500.0,True,950.4606095902294,0.0,14281.627520345904,356.4034079923816
2025-10-23,C2,6,2025-10-23 06:00:00,39385.356380049634,34710.150697066725,4675.205682982909,0.0,True,0.0,14929.532501279971,34531.44327245776,1110.5947953913803
2025-10-23,C2,12,2025-10-23 12:00:00,36466.86515757152,28409.47890487413,8057.38625269739,0.0,True,141.0839286693897,1497.3212592530356,28232.727839966217,904.7132664023608
2025-10-23,C2,18,2025-10-23 18:00:00,15183.70736205136,13607.96890548494,1575.7384565664197,0.0,True,818.6924323892028,0.0,13198.51600070161,501.8831655944121
2025-10-23,C3,6,2025-10-23 06:00:00,39385.356380049634,34710.150697066725,4675.205682982909,500.0,True,0.0,14929.532501279971,34531.44327245776,1110.5947953913803
2025-10-23,C3,12,2025-10-23 12:00:00,36466.86515757152,28409.47890487413,8057.38625269739,500.0,True,141.0839286693897,1497.3212592530356,28232.727839966217,904.7132664023608
2025-10-23,C3,18,2025-10-23 18:00:00,15183.70736205136,13607.96890548494,1575.7384565664197,500.0,True,818.6924323892028,0.0,13198.51600070161,501.8831655944121
2025-10-24,C2,6,2025-10-24 06:00:00,9338.039911298716,8708.243391872087,629.796519426629,0.0,True,920.7484812546032,37.0679115608682,7987.042925854847,219.5384096770151
2025-10-24,C2,12,2025-10-24 12:00:00,8890.292829345799,8697.42267683427,192.87015251152843,0.0,True,1312.4140985693286,0.0,8068.16888641855,287.32598500701613
2025-10-24,C2,18,2025-10-24 18:00:00,5527.09423549251,5252.937171855825,274.15706363668505,0.0,True,409.3236166112309,0.0,4830.313739536227,225.2615705222484
2025-10-24,C3,6,2025-10-24 06:00:00,9338.039911298716,8708.243391872087,629.796519426629,500.0,True,920.7484812546032,37.0679115608682,7987.042925854847,219.5384096770151
2025-10-24,C3,12,2025-10-24 12:00:00,8890.292829345799,8697.42267683427,192.87015251152843,500.0,False,1312.4140985693286,0.0,8068.16888641855,287.32598500701613
2025-10-24,C3,18,2025-10-24 18:00:00,5531.826632701698,5247.456520189629,284.3701125120688,500.0,False,405.93107457087416,0.0,4824.833087870031,225.2615705222484
2025-10-25,C2,6,2025-10-25 06:00:00,7543.076941756563,7132.861525254282,410.2154165022812,0.0,True,411.4544891599479,94.88121546511024,6848.987013966495,218.3402231989847
2025-10-25,C2,12,2025-10-25 12:00:00,7077.267809041192,7037.775703647745,39.49210539344677,0.0,True,281.64267516708367,74.83076699253161,6541.695866083012,130.74496363629385
2025-10-25,C2,18,2025-10-25 18:00:00,5172.6111545897065,4706.024956487381,466.5861981023254,0.0,True,372.3327724669509,0.0,4243.371111897094,346.5886700658553
2025-10-25,C3,6,2025-10-25 06:00:00,7543.076941756563,7132.861525254282,410.2154165022812,500.0,False,411.4544891599479,94.88121546511024,6848.987013966495,218.3402231989847
2025-10-25,C3,12,2025-10-25 12:00:00,7402.965734672012,7247.723935942752,155.24179872926015,500.0,False,561.9314510669547,74.83076699253161,6733.26860292236,248.6216627502335
2025-10-25,C3,18,2025-10-25 18:00:00,5167.991392817414,4706.024956487381,461.9664363300326,500.0,False,372.3327724669509,0.0,4243.371111897094,346.5886700658553
2025-10-26,C2,6,2025-10-26 06:00:00,35422.99320415548,33876.642908614296,1546.3502955411825,0.0,True,72.43823118670207,4520.579436326114,33533.993979505976,690.9758921958062
2025-10-26,C2,12,2025-10-26 12:00:00,36080.482930327285,30518.49235241064,5561.990577916647,0.0,True,2824.6838381645666,118.4832204452249,29580.364411214174,691.5748778365447
2025-10-26,C2,18,2025-10-26 18:00:00,16019.738379979126,14836.459535770764,1183.278844208362,0.0,True,828.9359049955942,122.88767549448164,14535.1091174362,313.8017855888785
2025-10-26,C3,6,2025-10-26 06:00:00,35422.99320415548,33876.642908614296,1546.3502955411825,500.0,True,72.43823118670207,4520.579436326114,33533.993979505976,690.9758921958062
2025-10-26,C3,12,2025-10-26 12:00:00,36080.482930327285,30518.49235241064,5561.990577916647,500.0,True,2824.6838381645666,118.4832204452249,29580.364411214174,691.5748778365447
2025-10-26,C3,18,2025-10-26 18:00:00,16019.738379979126,14836.459535770764,1183.278844208362,500.0,True,828.9359049955942,122.88767549448164,14535.1091174362,313.8017855888785
2025-10-27,C2,6,2025-10-27 06:00:00,42118.622624597774,38574.47798150502,3544.144643092753,0.0,True,4105.003656520394,118.49947383499516,35493.072542944865,879.8494277664905
2025-10-27,C2,12,2025-10-27 12:00:00,30154.180109616533,29787.0859417586,367.0941678579329,0.0,True,2518.9441608222955,40.31649821633198,28915.164419793837,509.742069324272
2025-10-27,C2,18,2025-10-27 18:00:00,15868.478842957356,14345.999446680193,1522.4793962771637,0.0,True,894.6021195318249,0.0,14133.522428515704,324.09046506758165
2025-10-27,C3,6,2025-10-27 06:00:00,42118.622624597774,38574.47798150502,3544.144643092753,500.0,True,4105.003656520394,118.49947383499516,35493.072542944865,879.8494277664905
2025-10-27,C3,12,2025-10-27 12:00:00,30154.180109616533,29787.0859417586,367.0941678579329,500.0,False,2518.9441608222955,40.31649821633198,28915.164419793837,509.742069324272
2025-10-27,C3,18,2025-10-27 18:00:00,16100.46474367466,14344.741465967158,1755.7232777075023,500.0,True,893.9430595642875,0.0,14132.264447802663,324.09046506758165
2025-10-28,C2,6,2025-10-28 06:00:00,42530.49585948858,37386.17882322857,5144.317036260014,0.0,True,7502.783562638157,13.264256551679296,36572.15779123554,672.9927931252416
2025-10-28,C2,12,2025-10-28 12:00:00,33285.68723130901,32129.777546515805,1155.9096847932087,0.0,True,5660.544191738515,65.77772190348617,31148.547866425288,700.7592816947913
2025-10-28,C2,18,2025-10-28 18:00:00,14481.033388360336,13659.644517122031,821.3888712383032,0.0,True,493.1276079831521,0.0,12995.62599277706,299.3873806467246
2025-10-28,C3,6,2025-10-28 06:00:00,42530.49585948858,37386.17882322857,5144.317036260014,500.0,True,7502.783562638157,13.264256551679296,36572.15779123554,672.9927931252416
2025-10-28,C3,12,2025-10-28 12:00:00,33285.68723130901,32129.777546515805,1155.9096847932087,500.0,True,5660.544191738515,65.77772190348617,31148.547866425288,700.7592816947913
2025-10-28,C3,18,2025-10-28 18:00:00,14481.033388360336,13659.644517122031,821.3888712383032,500.0,True,493.1276079831521,0.0,12995.62599277706,299.3873806467246
2025-10-29,C2,6,2025-10-29 06:00:00,45716.52682593711,42670.28365457972,3046.2431713573897,0.0,True,1756.307078513139,2119.317841856297,41994.962514061495,755.3844239135044
2025-10-29,C2,12,2025-10-29 12:00:00,34759.88977922828,32458.505662008687,2301.384117219593,0.0,True,857.1304001888697,931.1770815927688,31476.54873244524,740.8520253642057
2025-10-29,C2,18,2025-10-29 18:00:00,15580.43919836594,13900.476443383424,1679.9627549825182,0.0,True,898.7596342593546,0.0,13698.448271719852,653.6206294402082
2025-10-29,C3,6,2025-10-29 06:00:00,45716.52682593711,42670.28365457972,3046.2431713573897,500.0,True,1756.307078513139,2119.317841856297,41994.962514061495,755.3844239135044
2025-10-29,C3,12,2025-10-29 12:00:00,34759.88977922828,32458.505662008687,2301.384117219593,500.0,True,857.1304001888697,931.1770815927688,31476.54873244524,740.8520253642057
2025-10-29,C3,18,2025-10-29 18:00:00,15580.43919836594,13900.476443383424,1679.9627549825182,500.0,True,898.7596342593546,0.0,13698.448271719852,653.6206294402082
2025-10-30,C2,6,2025-10-30 06:00:00,34423.81433171791,34412.517482873074,11.296848844838678,0.0,True,112.46508141375956,0.0,32042.40271328677,44.88349406030079
2025-10-30,C2,12,2025-10-30 12:00:00,33098.79992208099,30068.10159264329,3030.698329437695,0.0,True,2224.2267232385684,0.0,29598.828571472997,637.8254662502569
2025-10-30,C2,18,2025-10-30 18:00:00,16765.240003719555,14909.27217311412,1855.9678306054336,0.0,True,1185.7596103558117,0.0,14699.816406119766,633.0921278430797
2025-10-30,C3,6,2025-10-30 06:00:00,34423.81433171791,34412.517482873074,11.296848844838678,500.0,False,112.46508141375956,0.0,32042.40271328677,44.88349406030079
2025-10-30,C3,12,2025-10-30 12:00:00,32979.40599978996,29947.468445591698,3031.9375541982627,500.0,True,2123.937288104018,0.0,29478.1954244214,637.8254662502569
2025-10-30,C3,18,2025-10-30 18:00:00,16765.240003719555,14909.27217311412,1855.9678306054336,500.0,True,1185.7596103558117,0.0,14699.816406119766,633.0921278430797
2025-10-31,C2,6,2025-10-31 06:00:00,9913.304908431935,9022.233721504152,891.0711869277857,0.0,True,377.4673029891056,1847.626782660044,8731.42150806902,264.20662231287514
2025-10-31,C2,12,2025-10-31 12:00:00,9892.876715501696,9333.298152091253,559.5785634104432,0.0,True,0.0,883.3602547959089,8654.208093180023,248.00485420316616
2025-10-31,C2,18,2025-10-31 18:00:00,6029.526503914911,5338.213823727298,691.3126801876124,0.0,True,542.6699517589407,1.3907843900771013,4888.790350688695,248.22474929731365
2025-10-31,C3,6,2025-10-31 06:00:00,9913.304908431935,9022.233721504152,891.0711869277857,500.0,True,377.4673029891056,1847.626782660044,8731.42150806902,264.20662231287514
2025-10-31,C3,12,2025-10-31 12:00:00,9892.876715501696,9333.298152091253,559.5785634104432,500.0,True,0.0,883.3602547959089,8654.208093180023,248.00485420316616
2025-10-31,C3,18,2025-10-31 18:00:00,6029.526503914911,5338.213823727298,691.3126801876124,500.0,True,542.6699517589407,1.3907843900771013,4888.790350688695,248.22474929731365
2025-11-01,C2,6,2025-11-01 06:00:00,8685.915011114914,8306.435701098153,379.4793100167608,0.0,True,622.0689149109598,178.27900644925265,7845.965913111389,205.90246264992015
2025-11-01,C2,12,2025-11-01 12:00:00,11189.890317730356,9327.129187241157,1862.7611304892,0.0,True,2635.093067557152,0.0,8991.930533258621,682.2484407919989
2025-11-01,C2,18,2025-11-01 18:00:00,5712.277317106757,5050.10865439605,662.1686627107074,0.0,True,615.8749415608786,0.0,4701.7615760535855,422.7246798499324
2025-11-01,C3,6,2025-11-01 06:00:00,8685.915011114914,8306.435701098153,379.4793100167608,500.0,False,622.0689149109598,178.27900644925265,7845.965913111389,205.90246264992015
2025-11-01,C3,12,2025-11-01 12:00:00,11107.584908101748,9327.129187241151,1780.4557208605947,500.0,True,2635.093067557151,0.0,8991.93053325862,682.2484407919989
2025-11-01,C3,18,2025-11-01 18:00:00,5712.277317106757,5050.10865439605,662.1686627107074,500.0,True,615.8749415608786,0.0,4701.7615760535855,422.7246798499324
2025-11-02,C2,6,2025-11-02 06:00:00,49477.31331703706,43365.25983486746,6112.053482169598,0.0,True,6561.933920491455,70.67125882167102,42201.94306746498,750.1110698741433
2025-11-02,C2,12,2025-11-02 12:00:00,31950.330918701973,31318.630534139556,631.7003845624204,0.0,True,1530.0594741811997,431.2623435304199,31137.466242944694,358.4345393874421
2025-11-02,C2,18,2025-11-02 18:00:00,17057.96067839926,14755.222018385068,2302.7386600141926,0.0,True,892.2522220729903,30.90619194804981,14464.522608409525,679.7269730446941
2025-11-02,C3,6,2025-11-02 06:00:00,49477.31331703706,43365.25983486746,6112.053482169598,500.0,True,6561.933920491455,70.67125882167102,42201.94306746498,750.1110698741433
2025-11-02,C3,12,2025-11-02 12:00:00,31950.330918701973,31318.630534139556,631.7003845624204,500.0,True,1530.0594741811997,431.2623435304199,31137.466242944694,358.4345393874421
2025-11-02,C3,18,2025-11-02 18:00:00,17057.96067839926,14755.222018385068,2302.7386600141926,500.0,True,892.2522220729903,30.90619194804981,14464.522608409525,679.7269730446941
2025-11-03,C2,6,2025-11-03 06:00:00,42093.53520661434,40758.02490661073,1335.5103000036106,0.0,True,0.0,3580.3660006094706,40702.269706600986,239.6600426023599
2025-11-03,C2,12,2025-11-03 12:00:00,33014.44397005613,31702.85402250261,1311.5899475535152,0.0,True,0.0,1869.58037240065,31702.8540225026,160.08051629292015
2025-11-03,C2,18,2025-11-03 18:00:00,17411.6348250694,15217.617274823286,2194.0175502461134,0.0,True,555.0582826850685,0.0,14776.362390099415,528.2699695848091
2025-11-03,C3,6,2025-11-03 06:00:00,42093.53520661434,40758.02490661073,1335.5103000036106,500.0,True,0.0,3580.3660006094706,40702.269706600986,239.6600426023599
2025-11-03,C3,12,2025-11-03 12:00:00,33014.44397005613,31702.85402250261,1311.5899475535152,500.0,True,0.0,1869.58037240065,31702.8540225026,160.08051629292015
2025-11-03,C3,18,2025-11-03 18:00:00,17411.6348250694,15217.617274823286,2194.0175502461134,500.0,True,555.0582826850685,0.0,14776.362390099415,528.2699695848091
2025-11-04,C2,6,2025-11-04 06:00:00,42765.60630101954,40753.72195393206,2011.8843470874851,0.0,True,1698.6483684555535,317.8446299948761,38229.42639827544,518.5309508619978
2025-11-04,C2,12,2025-11-04 12:00:00,31738.62517186244,30995.31076184147,743.314410020972,0.0,True,1209.8027084084356,4.8504511354639135,30349.303501080627,630.8847737380643
2025-11-04,C2,18,2025-11-04 18:00:00,16856.97548979877,15100.664789786648,1756.3107000121215,0.0,True,819.6450479424293,60.66495872205872,14659.102963253865,358.1736131248231
2025-11-04,C3,6,2025-11-04 06:00:00,42765.60630101954,40753.72195393206,2011.8843470874851,500.0,True,1698.6483684555535,317.8446299948761,38229.42639827544,518.5309508619978
2025-11-04,C3,12,2025-11-04 12:00:00,31738.62517186244,30995.31076184147,743.314410020972,500.0,True,1209.8027084084356,4.8504511354639135,30349.303501080627,630.8847737380643
2025-11-04,C3,18,2025-11-04 18:00:00,16856.97548979877,15100.664789786648,1756.3107000121215,500.0,True,819.6450479424293,60.66495872205872,14659.102963253865,358.1736131248231
2025-11-05,C2,6,2025-11-05 06:00:00,43857.91150754807,41500.203392300806,2357.7081152472674,0.0,True,566.5688081487292,5793.094630593867,40854.8646055024,495.12965430860544
2025-11-05,C2,12,2025-11-05 12:00:00,40697.963157769824,33113.25144585896,7584.711711910866,0.0,True,137.82517643503775,1028.333084483543,32431.10346022353,430.6849829575604
2025-11-05,C2,18,2025-11-05 18:00:00,17096.242445162643,15681.33798800032,1414.9044571623217,0.0,True,1004.7033300419866,0.0,15268.977665006416,642.2193745462874
2025-11-05,C3,6,2025-11-05 06:00:00,43857.91150754807,41500.203392300806,2357.7081152472674,500.0,True,566.5688081487292,5793.094630593867,40854.8646055024,495.12965430860544
2025-11-05,C3,12,2025-11-05 12:00:00,40697.963157769824,33113.25144585896,7584.711711910866,500.0,True,137.82517643503775,1028.333084483543,32431.10346022353,430.6849829575604
2025-11-05,C3,18,2025-11-05 18:00:00,17096.242445162643,15681.33798800032,1414.9044571623217,500.0,True,1004.7033300419866,0.0,15268.977665006416,642.2193745462874
2025-11-06,C2,6,2025-11-06 06:00:00,48620.4368718574,44406.08714537204,4214.349726485358,0.0,True,2176.506494670751,846.2248627205028,43536.6258238232,746.3729465322253
2025-11-06,C2,12,2025-11-06 12:00:00,34240.699984421066,32684.28464235302,1556.415342068045,0.0,True,1374.3490821424125,385.0888439231395,31723.233056316203,641.0663700026862
2025-11-06,C2,18,2025-11-06 18:00:00,17255.713628735368,14972.224377984305,2283.489250751063,0.0,True,848.0089070648563,36.14403150034718,14831.316332501065,617.7716363755857
2025-11-06,C3,6,2025-11-06 06:00:00,48620.4368718574,44406.08714537204,4214.349726485358,500.0,True,2176.506494670751,846.2248627205028,43536.6258238232,746.3729465322253
2025-11-06,C3,12,2025-11-06 12:00:00,34240.699984421066,32684.28464235302,1556.415342068045,500.0,True,1374.3490821424125,385.0888439231395,31723.233056316203,641.0663700026862
2025-11-06,C3,18,2025-11-06 18:00:00,17255.713628735368,14972.224377984305,2283.489250751063,500.0,True,848.0089070648563,36.14403150034718,14831.316332501065,617.7716363755857
2025-11-07,C2,6,2025-11-07 06:00:00,9761.162170990396,9076.495740673006,684.6664303173911,0.0,True,898.1007393680777,0.0,8019.970408741042,273.3945127989622
2025-11-07,C2,12,2025-11-07 12:00:00,7824.294834885401,7655.355187741256,168.93964714414506,0.0,True,266.5697532225556,0.0,7416.075662043307,77.21847999013994
2025-11-07,C2,18,2025-11-07 18:00:00,6294.059046901829,5504.585868299095,789.4731786027342,0.0,True,539.045939438707,0.0,4893.028515096188,323.7822459116896
2025-11-07,C3,6,2025-11-07 06:00:00,9761.162170990396,9076.495740673006,684.6664303173911,500.0,True,898.1007393680777,0.0,8019.970408741042,273.3945127989622
2025-11-07,C3,12,2025-11-07 12:00:00,7824.294834885401,7655.355187741256,168.93964714414506,500.0,False,266.5697532225556,0.0,7416.075662043307,77.21847999013994
2025-11-07,C3,18,2025-11-07 18:00:00,6372.228493068517,5532.129970803391,840.0985222651261,500.0,True,556.0045051968019,0.0,4920.483585130256,340.7408116697844
2025-11-08,C2,6,2025-11-08 06:00:00,8277.30862563298,8269.168268813299,8.140356819681983,0.0,True,0.0,109.47798689063586,8053.369105809078,46.41656680998756
2025-11-08,C2,12,2025-11-08 12:00:00,10796.055812954752,9595.910727210798,1200.145085743956,0.0,True,1999.520853108088,0.0,9116.80479838922,671.2696688217131
2025-11-08,C2,18,2025-11-08 18:00:00,6385.178812803435,5353.564199438273,1031.614613365162,0.0,True,701.3618834551135,13.464786204403993,5039.186288223581,489.9345225164825
2025-11-08,C3,6,2025-11-08 06:00:00,8277.30862563298,8269.168268813299,8.140356819681983,500.0,False,0.0,109.47798689063586,8053.369105809078,46.41656680998756
2025-11-08,C3,12,2025-11-08 12:00:00,10663.849852677387,9595.910727210798,1067.9391254665898,500.0,True,1999.520853108088,0.0,9116.80479838922,671.2696688217131
2025-11-08,C3,18,2025-11-08 18:00:00,6385.178812803435,5353.564199438273,1031.614613365162,500.0,True,701.3618834551135,13.464786204403993,5039.186288223581,489.9345225164825
2025-11-09,C2,6,2025-11-09 06:00:00,44987.03780329782,43339.23716890161,1647.8006343962115,0.0,True,1440.8750178508706,185.57697191603097,41168.450097255925,666.5554756950492
2025-11-09,C2,12,2025-11-09 12:00:00,39429.11932455971,35259.24438282753,4169.8749417321815,0.0,True,2616.678550103873,206.76109578353044,34109.64975433255,765.9852304343842
2025-11-09,C2,18,2025-11-09 18:00:00,15321.009423032196,14192.036419503807,1128.97300352839,0.0,True,717.2689067769209,0.0,13961.279927603427,295.62349201672004
2025-11-09,C3,6,2025-11-09 06:00:00,44987.03780329782,43339.23716890161,1647.8006343962115,500.0,True,1440.8750178508706,185.57697191603097,41168.450097255925,666.5554756950492
2025-11-09,C3,12,2025-11-09 12:00:00,39429.11932455971,35259.24438282753,4169.8749417321815,500.0,True,2616.678550103873,206.76109578353044,34109.64975433255,765.9852304343842
2025-11-09,C3,18,2025-11-09 18:00:00,15321.009423032196,14192.036419503807,1128.97300352839,500.0,True,717.2689067769209,0.0,13961.279927603427,295.62349201672004
2025-11-10,C2,6,2025-11-10 06:00:00,58929.07719354648,50592.177764444576,8336.899429101904,0.0,True,4139.640462066834,319.62902537904824,48034.49067731803,834.910412713075
2025-11-10,C2,12,2025-11-10 12:00:00,34735.60994670089,34320.97230158325,414.6376451176402,0.0,True,686.3759465316685,472.9832236680255,34188.63535605711,544.3763849141966
2025-11-10,C2,18,2025-11-10 18:00:00,15957.522617639872,14689.291358651868,1268.231258988004,0.0,True,629.3512678600863,0.0,14126.096678462956,348.5709068647998
2025-11-10,C3,6,2025-11-10 06:00:00,58929.07719354648,50592.177764444576,8336.899429101904,500.0,True,4139.640462066834,319.62902537904824,48034.49067731803,834.910412713075
2025-11-10,C3,12,2025-11-10 12:00:00,34735.60994670089,34320.97230158325,414.6376451176402,500.0,False,686.3759465316685,472.9832236680255,34188.63535605711,544.3763849141966
2025-11-10,C3,18,2025-11-10 18:00:00,16557.666607859446,14898.173073250076,1659.4935346093698,500.0,True,739.3034797817643,0.0,14334.97839306116,458.5231187864778
2025-11-11,C2,6,2025-11-11 06:00:00,45344.89211776303,44897.102717481815,447.78940028121,0.0,True,865.4095028637057,802.1998597794252,44085.53789448549,199.60794265769184
2025-11-11,C2,12,2025-11-11 12:00:00,32631.25418812452,31913.01417065328,718.2400174712348,0.0,True,1117.1157466446723,33.72445921284293,31751.429710925546,650.936219840627
2025-11-11,C2,18,2025-11-11 18:00:00,16832.639075080973,15258.522165413424,1574.1169096675494,0.0,True,772.0509765258281,101.30054463789804,14936.840613307242,383.1175733709298
2025-11-11,C3,6,2025-11-11 06:00:00,45344.89211776303,44897.102717481815,447.78940028121,500.0,False,865.4095028637057,802.1998597794252,44085.53789448549,199.60794265769184
2025-11-11,C3,12,2025-11-11 12:00:00,31295.887049599674,31090.335941445497,205.5511081541772,500.0,False,459.594641198176,33.72445921284293,30951.45954603299,353.9072530314156
2025-11-11,C3,18,2025-11-11 18:00:00,16958.987154033173,15258.522165413424,1700.4649886197494,500.0,True,772.0509765258281,101.30054463789804,14936.840613307242,383.1175733709298
2025-11-12,C2,6,2025-11-12 06:00:00,47705.97061191017,44597.34046036092,3108.6301515492523,0.0,True,1425.213825707503,2183.8266872316512,43969.201394592885,777.6133788108232
2025-11-12,C2,12,2025-11-12 12:00:00,32969.10019041138,32488.62115222288,480.47903818849954,0.0,True,0.0,1538.5293923992472,32450.15093503803,278.01917957445767
2025-11-12,C2,18,2025-11-12 18:00:00,15754.622852997374,14423.787875001086,1330.8349779962882,0.0,True,533.3012335135811,497.6121829166575,14282.745181817836,511.7783713088048
2025-11-12,C3,6,2025-11-12 06:00:00,47705.97061191017,44597.34046036092,3108.6301515492523,500.0,True,1425.213825707503,2183.8266872316512,43969.201394592885,777.6133788108232
2025-11-12,C3,12,2025-11-12 12:00:00,32969.10019041138,32488.62115222288,480.47903818849954,500.0,False,0.0,1538.5293923992472,32450.15093503803,278.01917957445767
2025-11-12,C3,18,2025-11-12 18:00:00,15608.541902220662,14137.4185573797,1471.123344840964,500.0,True,382.8813797361948,497.6121829166575,13996.375864196449,348.062350098262
2025-11-13,C2,6,2025-11-13 06:00:00,43151.81002439932,42257.42758019456,894.3824442047553,0.0,True,2975.639216608061,0.0593509770237687,40322.67646143616,757.1393735927579
2025-11-13,C2,12,2025-11-13 12:00:00,36320.85522722208,33627.01679404102,2693.83843318106,0.0,True,4051.2294750252495,0.0,32974.22638597971,737.6569965498371
2025-11-13,C2,18,2025-11-13 18:00:00,16859.764854798163,14157.12255812764,2702.642296670523,0.0,True,1085.6490961943489,0.0,14081.550164055345,685.8756795480102
2025-11-13,C3,6,2025-11-13 06:00:00,43151.81002439932,42257.42758019456,894.3824442047553,500.0,True,2975.639216608061,0.0593509770237687,40322.67646143616,757.1393735927579
2025-11-13,C3,12,2025-11-13 12:00:00,36320.85522722208,33627.01679404102,2693.83843318106,500.0,True,4051.2294750252495,0.0,32974.22638597971,737.6569965498371
2025-11-13,C3,18,2025-11-13 18:00:00,16859.764854798163,14157.12255812764,2702.642296670523,500.0,True,1085.6490961943489,0.0,14081.550164055345,685.8756795480102
2025-11-14,C2,6,2025-11-14 06:00:00,9231.496386603814,8623.210257552828,608.2861290509863,0.0,True,517.5441107914778,774.6404641510928,8256.828591652862,244.5060174761441
2025-11-14,C2,12,2025-11-14 12:00:00,16186.771267676617,10454.013581381229,5732.75768629539,0.0,True,3100.043766231888,0.0,10295.022282159509,912.193551666012
2025-11-14,C2,18,2025-11-14 18:00:00,6371.015324699991,5237.712358180173,1133.3029665198171,0.0,True,636.4225489762399,0.0,4831.13203909897,320.2461918405332
2025-11-14,C3,6,2025-11-14 06:00:00,9231.496386603814,8623.210257552828,608.2861290509863,500.0,True,517.5441107914778,774.6404641510928,8256.828591652862,244.5060174761441
2025-11-14,C3,12,2025-11-14 12:00:00,16186.771267676617,10454.013581381229,5732.75768629539,500.0,True,3100.043766231888,0.0,10295.022282159509,912.193551666012
2025-11-14,C3,18,2025-11-14 18:00:00,6371.015324699991,5237.712358180173,1133.3029665198171,500.0,True,636.4225489762399,0.0,4831.13203909897,320.2461918405332
2025-11-15,C2,6,2025-11-15 06:00:00,9114.56963075963,8996.000476816009,118.56915394362112,0.0,True,42.933748630494335,863.999108707017,8329.220046654307,380.1131006931242
2025-11-15,C2,12,2025-11-15 12:00:00,8737.124382329646,8468.51372620523,268.610656124416,0.0,True,328.34178295296374,55.12375067074947,8349.589649861533,354.0757277478898
2025-11-15,C2,18,2025-11-15 18:00:00,5717.831764978677,5221.7038826475455,496.1278823311313,0.0,True,460.1962085268633,41.2701686013703,4848.530641876971,266.9929891996227
2025-11-15,C3,6,2025-11-15 06:00:00,9114.56963075963,8996.000476816009,118.56915394362112,500.0,False,42.933748630494335,863.999108707017,8329.220046654307,380.1131006931242
2025-11-15,C3,12,2025-11-15 12:00:00,8811.076907709816,8629.684495939613,181.39241177020267,500.0,False,663.9522631732599,55.12375067074947,8510.620374757476,317.4424509875688
2025-11-15,C3,18,2025-11-15 18:00:00,5718.240026516245,5221.7038826475455,496.5361438686996,500.0,False,460.1962085268633,41.2701686013703,4848.530641876971,266.9929891996227
2025-11-16,C2,6,2025-11-16 06:00:00,51979.73967310719,47536.136732771694,4443.602940335491,0.0,True,2600.6746858368733,564.9669927541863,46836.65962284901,813.432378413026
2025-11-16,C2,12,2025-11-16 12:00:00,34890.57156689741,33938.14428621539,952.4272806820154,0.0,True,1324.7093250051175,363.7999410288356,33655.59658398932,629.400305454577
2025-11-16,C2,18,2025-11-16 18:00:00,16305.205133412148,14636.661260771,1668.543872641147,0.0,True,668.5621163664522,0.0,14397.372739100068,482.2229838076988
2025-11-16,C3,6,2025-11-16 06:00:00,51979.73967310719,47536.136732771694,4443.602940335491,500.0,True,2600.6746858368733,564.9669927541863,46836.65962284901,813.432378413026
2025-11-16,C3,12,2025-11-16 12:00:00,34890.57156689741,33938.14428621539,952.4272806820154,500.0,True,1324.7093250051175,363.7999410288356,33655.59658398932,629.400305454577
2025-11-16,C3,18,2025-11-16 18:00:00,16305.205133412148,14636.661260771,1668.543872641147,500.0,True,668.5621163664522,0.0,14397.372739100068,482.2229838076988
2025-11-17,C2,6,2025-11-17 06:00:00,62603.47971136039,47301.2116127091,15302.268098651291,0.0,True,7729.494984003622,0.0,44159.86008795324,981.9273884159168
2025-11-17,C2,12,2025-11-17 12:00:00,33924.707546794474,33756.30306804115,168.40447875332757,0.0,True,4521.052773533791,0.0,32743.60420990025,120.65684166666664
2025-11-17,C2,18,2025-11-17 18:00:00,15416.043424197644,14371.660181658895,1044.3832425387463,0.0,True,528.5302880449597,0.0,14225.29224930198,290.721299028416
2025-11-17,C3,6,2025-11-17 06:00:00,62603.47971136039,47301.2116127091,15302.268098651291,500.0,True,7729.494984003622,0.0,44159.86008795324,981.9273884159168
2025-11-17,C3,12,2025-11-17 12:00:00,33924.707546794474,33756.30306804115,168.40447875332757,500.0,False,4521.052773533791,0.0,32743.60420990025,120.65684166666664
2025-11-17,C3,18,2025-11-17 18:00:00,15348.073464054438,14298.037553282067,1050.0359107723689,500.0,True,489.5362845085977,0.0,14151.669620925157,251.727295492054
2025-11-18,C2,6,2025-11-18 06:00:00,48627.59256922941,45119.07299546551,3508.519573763901,0.0,True,1584.8071259295916,851.5707632114901,43716.50574998438,754.0886513980809
2025-11-18,C2,12,2025-11-18 12:00:00,45923.7586732984,37473.417889066695,8450.340784231703,0.0,True,2950.809238468866,19.62836355414117,37070.48341969258,682.2736650116857
2025-11-18,C2,18,2025-11-18 18:00:00,17323.978429447037,15901.527095396208,1422.4513340508292,0.0,True,1376.091584832151,0.0,15670.20574421368,332.0627488357626
2025-11-18,C3,6,2025-11-18 06:00:00,48627.59256922941,45119.07299546551,3508.519573763901,500.0,True,1584.8071259295916,851.5707632114901,43716.50574998438,754.0886513980809
2025-11-18,C3,12,2025-11-18 12:00:00,45923.7586732984,37473.417889066695,8450.340784231703,500.0,True,2950.809238468866,19.62836355414117,37070.48341969258,682.2736650116857
2025-11-18,C3,18,2025-11-18 18:00:00,17323.978429447037,15901.527095396208,1422.4513340508292,500.0,True,1376.091584832151,0.0,15670.20574421368,332.0627488357626
2025-11-19,C2,6,2025-11-19 06:00:00,68955.28461142778,53363.841809250895,15591.442802176884,0.0,True,8269.52046709881,0.0,52137.83362742455,932.9491325928468
2025-11-19,C2,12,2025-11-19 12:00:00,34955.205126805056,33795.08392461622,1160.121202188835,0.0,True,1314.6188085859012,205.01495948162983,33637.77890000469,623.9187227728922
2025-11-19,C2,18,2025-11-19 18:00:00,15423.837962338694,14745.47379409579,678.3641682429043,0.0,True,343.17177677656093,0.0,14195.112100679948,165.43824026660172
2025-11-19,C3,6,2025-11-19 06:00:00,68955.28461142778,53363.841809250895,15591.442802176884,500.0,True,8269.52046709881,0.0,52137.83362742455,932.9491325928468
2025-11-19,C3,12,2025-11-19 12:00:00,34955.205126805056,33795.08392461622,1160.121202188835,500.0,True,1314.6188085859012,205.01495948162983,33637.77890000469,623.9187227728922
2025-11-19,C3,18,2025-11-19 18:00:00,15423.837962338694,14745.47379409579,678.3641682429043,500.0,True,343.17177677656093,0.0,14195.112100679948,165.43824026660172
2025-11-20,C2,6,2025-11-20 06:00:00,47915.19955542196,45224.72724979753,2690.472305624433,0.0,True,1606.8267755825225,149.46951217450214,43289.96005983701,647.2207330004948
2025-11-20,C2,12,2025-11-20 12:00:00,39207.13147210151,36442.90846880621,2764.223003295301,0.0,True,2150.5654839687586,38.02731739795627,34929.54422310428,728.2621030941282
2025-11-20,C2,18,2025-11-20 18:00:00,14698.11112953489,13786.510696639749,911.600432895142,0.0,True,636.1506639764384,0.5539073287034171,13446.01001721327,391.65426741916616
2025-11-20,C3,6,2025-11-20 06:00:00,47915.19955542196,45224.72724979753,2690.472305624433,500.0,True,1606.8267755825225,149.46951217450214,43289.96005983701,647.2207330004948
2025-11-20,C3,12,2025-11-20 12:00:00,39207.13147210151,36442.90846880621,2764.223003295301,500.0,True,2150.5654839687586,38.02731739795627,34929.54422310428,728.2621030941282
2025-11-20,C3,18,2025-11-20 18:00:00,14698.11112953489,13786.510696639749,911.600432895142,500.0,True,636.1506639764384,0.5539073287034171,13446.01001721327,391.65426741916616
2025-11-21,C2,6,2025-11-21 06:00:00,11812.643175514244,10713.220296394078,1099.4228791201658,0.0,True,2151.9487300264136,0.0,9577.644615507044,477.854277039508
2025-11-21,C2,12,2025-11-21 12:00:00,9395.040104641284,9263.110711401348,131.92939323993778,0.0,True,209.04284469128805,0.0,8388.375226923063,375.1504846982969
2025-11-21,C2,18,2025-11-21 18:00:00,5580.67935418696,4793.490153686974,787.1892004999863,0.0,True,469.7761810743917,0.5551675511044323,4482.424981324164,386.65364688549073
2025-11-21,C3,6,2025-11-21 06:00:00,11812.643175514244,10713.220296394078,1099.4228791201658,500.0,True,2151.9487300264136,0.0,9577.644615507044,477.854277039508
2025-11-21,C3,12,2025-11-21 12:00:00,9395.040104641284,9263.110711401348,131.92939323993778,500.0,False,209.04284469128805,0.0,8388.375226923063,375.1504846982969
2025-11-21,C3,18,2025-11-21 18:00:00,5503.903009443374,4795.246886984815,708.6561224585585,500.0,True,470.8533037929553,0.5551675511044323,4484.181714622005,377.2007932284601
2025-11-22,C2,6,2025-11-22 06:00:00,10313.444442502052,9910.863199979614,402.5812425224376,0.0,True,0.0,2681.006987239281,9683.728177561848,605.7495168689354
2025-11-22,C2,12,2025-11-22 12:00:00,11143.429814622878,9882.302170018422,1261.1276446044558,0.0,True,838.7384219348269,616.6541187229293,9494.297951266291,364.1140156992042
2025-11-22,C2,18,2025-11-22 18:00:00,6539.495632679954,5319.152168303296,1220.3434643766575,0.0,True,726.8109438426995,0.0,5246.879929582409,373.5393797597858
2025-11-22,C3,6,2025-11-22 06:00:00,10313.444442502052,9910.863199979614,402.5812425224376,500.0,False,0.0,2681.006987239281,9683.728177561848,605.7495168689354
2025-11-22,C3,12,2025-11-22 12:00:00,11721.72445371871,10506.00501320176,1215.719440516952,500.0,True,1601.0667414937234,591.2495745366496,10111.976887768482,708.9061132651234
2025-11-22,C3,18,2025-11-22 18:00:00,6539.495632679954,5319.152168303296,1220.3434643766575,500.0,True,726.8109438426995,0.0,5246.879929582409,373.5393797597858
2025-11-23,C2,6,2025-11-23 06:00:00,59887.603014420565,51227.9116966581,8659.691317762466,0.0,True,5081.036948632198,375.6901663540753,48486.58337649258,826.9422900871067
2025-11-23,C2,12,2025-11-23 12:00:00,32466.58115037641,32231.55319651398,235.02795386242724,0.0,True,372.4869946200796,594.7937422525017,32065.58076227951,372.4869946200796
2025-11-23,C2,18,2025-11-23 18:00:00,15420.372699583391,14427.068985678585,993.3037139048084,0.0,True,445.4819325703952,117.38977873079352,14230.646053609677,431.5730337719024
2025-11-23,C3,6,2025-11-23 06:00:00,59887.603014420565,51227.9116966581,8659.691317762466,500.0,True,5081.036948632198,375.6901663540753,48486.58337649258,826.9422900871067
2025-11-23,C3,12,2025-11-23 12:00:00,32466.58115037641,32231.55319651398,235.02795386242724,500.0,False,372.4869946200796,594.7937422525017,32065.58076227951,372.4869946200796
2025-11-23,C3,18,2025-11-23 18:00:00,15455.530179631096,14427.068985678585,1028.461193952513,500.0,True,445.4819325703952,117.38977873079352,14230.646053609677,431.5730337719024
2025-11-24,C2,6,2025-11-24 06:00:00,45540.50142730556,43173.79133558171,2366.710091723849,0.0,True,2221.351991739047,803.5430574921656,42262.64755247565,862.2653186572716
2025-11-24,C2,12,2025-11-24 12:00:00,34518.1960661663,33362.74610007442,1155.449966091881,0.0,True,2060.443397659897,1.2931529584360533,32781.5812002187,391.6588919038011
2025-11-24,C2,18,2025-11-24 18:00:00,14249.98079060612,13709.94356988824,540.0372207178789,0.0,True,458.8568692180088,0.0,12986.196333221156,87.15061187417268
2025-11-24,C3,6,2025-11-24 06:00:00,45540.50142730556,43173.79133558171,2366.710091723849,500.0,True,2221.351991739047,803.5430574921656,42262.64755247565,862.2653186572716
2025-11-24,C3,12,2025-11-24 12:00:00,34518.1960661663,33362.74610007442,1155.449966091881,500.0,True,2060.443397659897,1.2931529584360533,32781.5812002187,391.6588919038011
2025-11-24,C3,18,2025-11-24 18:00:00,14249.98079060612,13709.94356988824,540.0372207178789,500.0,True,458.8568692180088,0.0,12986.196333221156,87.15061187417268
2025-11-25,C2,6,2025-11-25 06:00:00,49307.44733613617,49103.11554891582,204.3317872203479,0.0,True,295.4929113799286,1006.5793768193786,48651.33354052912,155.1394019270508
2025-11-25,C2,12,2025-11-25 12:00:00,37470.87652746404,36660.06761183359,810.8089156304486,0.0,True,25.99343736021785,961.5293053655976,35442.13787556286,222.19435639725907
2025-11-25,C2,18,2025-11-25 18:00:00,15203.79959344681,14569.493183786968,634.3064096598428,0.0,True,381.75371291032,0.0,14120.487345044094,314.1026997686875
2025-11-25,C3,6,2025-11-25 06:00:00,49307.44733613617,49103.11554891582,204.3317872203479,500.0,False,295.4929113799286,1006.5793768193786,48651.33354052912,155.1394019270508
2025-11-25,C3,12,2025-11-25 12:00:00,37729.74974994182,37360.883831055566,368.8659188862512,500.0,False,585.0200755653515,961.5293053655976,36019.35109651662,547.7812482816822
2025-11-25,C3,18,2025-11-25 18:00:00,15199.638744025717,14569.493183786968,630.1455602387468,500.0,True,381.75371291032,0.0,14120.487345044094,314.1026997686875
2025-11-26,C2,6,2025-11-26 06:00:00,58076.91183008895,52360.599644421374,5716.312185667579,0.0,True,4032.8580280582223,651.9993324994277,52024.68993844176,792.6194228727489
2025-11-26,C2,12,2025-11-26 12:00:00,37841.18315655519,37349.79356001705,491.389596538138,0.0,True,1003.3533184629448,892.2197185486355,36053.76509520874,298.15232309751855
2025-11-26,C2,18,2025-11-26 18:00:00,14576.57284268706,14199.422372904355,377.1504697827058,0.0,True,285.8236578127789,93.44857112939884,13543.862921083934,276.5085306772384
2025-11-26,C3,6,2025-11-26 06:00:00,58076.91183008895,52360.599644421374,5716.312185667579,500.0,True,4032.8580280582223,651.9993324994277,52024.68993844176,792.6194228727489
2025-11-26,C3,12,2025-11-26 12:00:00,37841.18315655519,37349.79356001705,491.389596538138,500.0,False,1003.3533184629448,892.2197185486355,36053.76509520874,298.15232309751855
2025-11-26,C3,18,2025-11-26 18:00:00,14602.085396641784,14189.38049547426,412.7049011675245,500.0,False,280.49689395598574,93.44857112939872,13533.833717836187,261.47811237044976
2025-11-27,C2,6,2025-11-27 06:00:00,55289.32888066873,50453.87208659216,4835.456794076563,0.0,True,3921.0743033228127,200.60603731431,49568.895335087225,649.2603253825894
2025-11-27,C2,12,2025-11-27 12:00:00,36020.31479644931,35521.33098251789,498.98381393142336,0.0,True,844.5506608652333,235.08850370088817,34924.04496597193,204.73866635809784
2025-11-27,C2,18,2025-11-27 18:00:00,14463.342448500436,13747.24780271537,716.094645785066,0.0,True,358.2347160588091,8.375312900205472,13459.703382391122,230.8517141538258
2025-11-27,C3,6,2025-11-27 06:00:00,55289.32888066873,50453.87208659216,4835.456794076563,500.0,True,3921.0743033228127,200.60603731431,49568.895335087225,649.2603253825894
2025-11-27,C3,12,2025-11-27 12:00:00,36020.31479644931,35521.33098251789,498.98381393142336,500.0,False,844.5506608652333,235.08850370088817,34924.04496597193,204.73866635809784
2025-11-27,C3,18,2025-11-27 18:00:00,14463.56858649923,13750.039179318985,713.5294071802473,500.0,True,359.7131602756534,8.375312900205472,13462.494758994735,230.8517141538258
2025-11-28,C2,6,2025-11-28 06:00:00,12457.02742670171,11206.833874089312,1250.193552612398,0.0,True,1996.9198639845413,0.0,9614.17403350931,375.4052669462464
2025-11-28,C2,12,2025-11-28 12:00:00,8888.48722138922,8356.788882482258,531.698338906961,0.0,True,319.0678136881272,17.731881590551097,7763.963031091308,175.81944198615162
2025-11-28,C2,18,2025-11-28 18:00:00,5025.299619078849,4677.7319831939685,347.5676358848805,0.0,True,357.6672414997772,25.049633711492103,4525.9283126913615,212.96544752081235
2025-11-28,C3,6,2025-11-28 06:00:00,12457.02742670171,11206.833874089312,1250.193552612398,500.0,True,1996.9198639845413,0.0,9614.17403350931,375.4052669462464
2025-11-28,C3,12,2025-11-28 12:00:00,8888.48722138922,8356.788882482258,531.698338906961,500.0,True,319.0678136881272,17.731881590551097,7763.963031091308,175.81944198615162
2025-11-28,C3,18,2025-11-28 18:00:00,5025.299619078849,4677.7319831939685,347.5676358848805,500.0,False,357.6672414997772,25.049633711492103,4525.9283126913615,212.96544752081235
2025-11-29,C2,6,2025-11-29 06:00:00,11881.82704186457,10498.471196226195,1383.3558456383726,0.0,True,0.0,5070.159138913792,10498.471196226195,796.8918820858199
2025-11-29,C2,12,2025-11-29 12:00:00,13053.919140005924,10240.175822755242,2813.7433172506826,0.0,True,0.0,1546.5843563721412,10187.666720202848,342.1588993846058
2025-11-29,C2,18,2025-11-29 18:00:00,5253.0672152960105,4754.002110909077,499.06510438693385,0.0,True,397.5594119312776,16.025485363650205,4628.345106051394,477.0845515138321
2025-11-29,C3,6,2025-11-29 06:00:00,11881.82704186457,10498.471196226195,1383.3558456383726,500.0,True,0.0,5070.159138913792,10498.471196226195,796.8918820858199
2025-11-29,C3,12,2025-11-29 12:00:00,13053.919140005924,10240.175822755242,2813.7433172506826,500.0,True,0.0,1546.5843563721412,10187.666720202848,342.1588993846058
2025-11-29,C3,18,2025-11-29 18:00:00,5253.0672152960105,4754.002110909077,499.06510438693385,500.0,False,397.5594119312776,16.025485363650205,4628.345106051394,477.0845515138321
2025-11-30,C2,6,2025-11-30 06:00:00,58638.12997307928,53836.14142709399,4801.988545985296,0.0,True,3759.731804620797,0.0,50767.67518351748,760.1280263812009
2025-11-30,C2,12,2025-11-30 12:00:00,37047.5549187802,36501.10614696107,546.4487718191231,0.0,True,2314.520889215932,158.15524294400657,36129.16291168279,764.5358454084437
2025-11-30,C2,18,2025-11-30 18:00:00,13747.431426775987,13182.85753821524,564.5738885607461,0.0,True,345.28920115693046,0.0,12672.287609886109,232.00662971475705
2025-11-30,C3,6,2025-11-30 06:00:00,58638.12997307928,53836.14142709399,4801.988545985296,500.0,True,3759.731804620797,0.0,50767.67518351748,760.1280263812009
2025-11-30,C3,12,2025-11-30 12:00:00,37047.5549187802,36501.10614696107,546.4487718191231,500.0,True,2314.520889215932,158.15524294400657,36129.16291168279,764.5358454084437
2025-11-30,C3,18,2025-11-30 18:00:00,13747.431426775987,13182.85753821524,564.5738885607461,500.0,True,345.28920115693046,0.0,12672.287609886109,232.00662971475705
2025-12-01,C2,6,2025-12-01 06:00:00,54890.743587342135,54732.57276396296,158.17082337917236,0.0,True,613.7980586006871,78.38642247667065,51911.246428784056,122.68093629818212
2025-12-01,C2,12,2025-12-01 12:00:00,37488.90032405649,36946.59695484428,542.3033692122117,0.0,True,0.0,328.91403865399127,36519.07321174404,122.68093629818212
2025-12-01,C2,18,2025-12-01 18:00:00,14790.097622233789,13836.572976191548,953.5246460422404,0.0,True,474.8822260389984,0.0,13672.828872094766,227.109452321515
2025-12-01,C3,6,2025-12-01 06:00:00,54890.743587342135,54732.57276396296,158.17082337917236,500.0,False,613.7980586006871,78.38642247667065,51911.246428784056,122.68093629818212
2025-12-01,C3,12,2025-12-01 12:00:00,36742.36737117819,36575.48332147283,166.88404970536067,500.0,False,0.0,511.5435911694301,36418.380806724,140.76180197312442
2025-12-01,C3,18,2025-12-01 18:00:00,14790.097622233789,13836.572976191548,953.5246460422404,500.0,True,474.8822260389984,0.0,13672.828872094766,227.109452321515
2025-12-02,C2,6,2025-12-02 06:00:00,55959.76070695101,55831.3639517866,128.39675516440911,0.0,True,325.12683292091515,237.60241175679164,54664.7777849964,51.25851423814561
2025-12-02,C2,12,2025-12-02 12:00:00,40229.7304864746,40000.97771385784,228.75277261675365,0.0,True,113.51512078198893,647.932981818774,38845.08675700972,123.72512041462652
2025-12-02,C2,18,2025-12-02 18:00:00,15765.07472537509,14689.271030249747,1075.8036951253434,0.0,True,591.3536719142633,0.0,14158.279240899385,289.66209269203824
2025-12-02,C3,6,2025-12-02 06:00:00,55959.76070695101,55831.3639517866,128.39675516440911,500.0,False,325.12683292091515,237.60241175679164,54664.7777849964,51.25851423814561
2025-12-02,C3,12,2025-12-02 12:00:00,39909.65445986001,39704.28918600812,205.36527385188677,500.0,False,0.0,731.4908887575369,38661.94924115093,179.77764477220103
2025-12-02,C3,18,2025-12-02 18:00:00,15680.66479676716,14689.271030249747,991.3937665174126,500.0,True,591.3536719142633,0.0,14158.279240899385,289.66209269203824
2025-12-03,C2,6,2025-12-03 06:00:00,72203.01359969031,56193.27324864581,16009.7403510445,0.0,True,7323.269498332509,16.828618350729585,55234.1646400176,886.1710886102134
2025-12-03,C2,12,2025-12-03 12:00:00,43151.6378760152,40592.51641772151,2559.121458293688,0.0,True,5016.926885264418,27.471112201774645,40188.171547963415,748.5278214726143
2025-12-03,C2,18,2025-12-03 18:00:00,15358.01589262425,13978.86547184262,1379.1504207816306,0.0,True,508.0647783757182,96.07984560395528,13612.01427612865,274.1623562368807
2025-12-03,C3,6,2025-12-03 06:00:00,72203.01359969031,56193.27324864581,16009.7403510445,500.0,True,7323.269498332509,16.828618350729585,55234.1646400176,886.1710886102134
2025-12-03,C3,12,2025-12-03 12:00:00,43151.6378760152,40592.51641772151,2559.121458293688,500.0,True,5016.926885264418,27.471112201774645,40188.171547963415,748.5278214726143
2025-12-03,C3,18,2025-12-03 18:00:00,15358.01589262425,13978.86547184262,1379.1504207816306,500.0,True,508.0647783757182,96.07984560395528,13612.01427612865,274.1623562368807
2025-12-04,C2,6,2025-12-04 06:00:00,59866.848963616205,55864.04484123916,4002.8041223770415,0.0,True,1835.0760459483836,2799.9608432523755,53908.819517831645,771.0267914966872
2025-12-04,C2,12,2025-12-04 12:00:00,38923.66137754703,37226.93531764223,1696.726059904795,0.0,True,0.0,1962.6293624178288,37180.85396402353,546.4636581189939
2025-12-04,C2,18,2025-12-04 18:00:00,15420.128596034136,13640.187175010244,1779.941421023892,0.0,True,362.2812562117583,0.0,13313.158774422694,218.11675799768653
2025-12-04,C3,6,2025-12-04 06:00:00,59866.848963616205,55864.04484123916,4002.8041223770415,500.0,True,1835.0760459483836,2799.9608432523755,53908.819517831645,771.0267914966872
2025-12-04,C3,12,2025-12-04 12:00:00,38923.66137754703,37226.93531764223,1696.726059904795,500.0,True,0.0,1962.6293624178288,37180.85396402353,546.4636581189939
2025-12-04,C3,18,2025-12-04 18:00:00,15420.128596034136,13640.187175010244,1779.941421023892,500.0,True,362.2812562117583,0.0,13313.158774422694,218.11675799768653
2025-12-05,C2,6,2025-12-05 06:00:00,14162.754727045776,13570.95737735304,591.797349692737,0.0,True,1927.3126769004864,0.0,11513.813191310644,411.4759340651899
2025-12-05,C2,12,2025-12-05 12:00:00,10719.79801671609,10358.973633527856,360.8243831882337,0.0,True,882.155707388036,0.0,10205.122076064465,388.70780721181
2025-12-05,C2,18,2025-12-05 18:00:00,5958.977492055893,5185.281322309924,773.6961697459692,0.0,True,826.2882987868902,0.0,4857.58068751475,478.3328764564358
2025-12-05,C3,6,2025-12-05 06:00:00,14162.754727045776,13570.95737735304,591.797349692737,500.0,True,1927.3126769004864,0.0,11513.813191310644,411.4759340651899
2025-12-05,C3,12,2025-12-05 12:00:00,10719.79801671609,10358.973633527856,360.8243831882337,500.0,False,882.155707388036,0.0,10205.122076064465,388.70780721181
2025-12-05,C3,18,2025-12-05 18:00:00,5958.854166743442,5185.281322309924,773.5728444335182,500.0,True,826.2882987868902,0.0,4857.58068751475,478.3328764564358
2025-12-06,C2,6,2025-12-06 06:00:00,14370.237268183144,13826.481425226935,543.7558429562068,0.0,True,655.6232177311014,1235.1755801885074,11633.102279439308,476.8646956860503
2025-12-06,C2,12,2025-12-06 12:00:00,15226.43513634496,11683.83162895447,3542.603507390492,0.0,True,1067.4728860856812,417.3964461107023,11550.39822231025,707.5063101065883
2025-12-06,C2,18,2025-12-06 18:00:00,6558.822745648173,5534.674887090928,1024.147858557245,0.0,True,581.6433171796367,0.0,4819.667863731238,389.5437437242109
2025-12-06,C3,6,2025-12-06 06:00:00,14370.237268183144,13826.481425226935,543.7558429562068,500.0,True,655.6232177311014,1235.1755801885074,11633.102279439308,476.8646956860503
2025-12-06,C3,12,2025-12-06 12:00:00,15226.43513634496,11683.83162895447,3542.603507390492,500.0,True,1067.4728860856812,417.3964461107023,11550.39822231025,707.5063101065883
2025-12-06,C3,18,2025-12-06 18:00:00,6558.822745648173,5534.674887090928,1024.147858557245,500.0,True,581.6433171796367,0.0,4819.667863731238,389.5437437242109
2025-12-07,C2,6,2025-12-07 06:00:00,55626.32515787526,55053.77425488244,572.5509029928216,0.0,True,28.590417901067557,1626.8456624271669,54621.39131978518,232.44541665150257
2025-12-07,C2,12,2025-12-07 12:00:00,50209.89825037908,44160.03065544939,6049.8675949296885,0.0,True,2311.215276435071,504.5989555846086,43584.83403897187,702.3351052543089
2025-12-07,C2,18,2025-12-07 18:00:00,15129.999714076384,14121.492298186638,1008.507415889746,0.0,True,520.2325042445829,0.0,13850.369872857264,274.8781918952848
2025-12-07,C3,6,2025-12-07 06:00:00,55626.32515787526,55053.77425488244,572.5509029928216,500.0,True,28.590417901067557,1626.8456624271669,54621.39131978518,232.44541665150257
2025-12-07,C3,12,2025-12-07 12:00:00,50209.89825037908,44160.03065544939,6049.8675949296885,500.0,True,2311.215276435071,504.5989555846086,43584.83403897187,702.3351052543089
2025-12-07,C3,18,2025-12-07 18:00:00,15129.999714076384,14121.492298186638,1008.507415889746,500.0,True,520.2325042445829,0.0,13850.369872857264,274.8781918952848
2025-12-08,C2,6,2025-12-08 06:00:00,65877.86081199524,65527.9373335899,349.9234784053406,0.0,True,1605.6470555493922,29.26471469965577,63139.68901313936,422.5138894567191
2025-12-08,C2,12,2025-12-08 12:00:00,41669.18617625455,41013.31387026834,655.8723059862023,0.0,True,660.1400963308847,56.6970147339789,40792.536463743534,615.5934700388734
2025-12-08,C2,18,2025-12-08 18:00:00,15544.065934694963,14497.15562791947,1046.910306775495,0.0,True,383.2167018017143,0.0,13749.427219455203,268.68926305915204
2025-12-08,C3,6,2025-12-08 06:00:00,65877.86081199524,65527.9373335899,349.9234784053406,500.0,False,1605.6470555493922,29.26471469965577,63139.68901313936,422.5138894567191
2025-12-08,C3,12,2025-12-08 12:00:00,40076.29296872353,40013.010337059946,63.28263166358374,500.0,False,7.630568579577016,192.95129916515407,39967.41468328029,74.85431541991204
2025-12-08,C3,18,2025-12-08 18:00:00,15544.065934694963,14497.15562791947,1046.910306775495,500.0,True,383.2167018017143,0.0,13749.427219455203,268.68926305915204
2025-12-09,C2,6,2025-12-09 06:00:00,61752.02503097534,61733.59304330848,18.43198766685964,0.0,True,0.0,59.66191429585479,59687.34986190213,30.26327118348536
2025-12-09,C2,12,2025-12-09 12:00:00,42945.07026033946,42262.824111925525,682.2461484139349,0.0,True,783.8617532007449,760.9979991425828,40363.426177287096,494.1639153851144
2025-12-09,C2,18,2025-12-09 18:00:00,14674.202578346218,13796.482695641387,877.7198827048287,0.0,True,399.5569933194887,0.0,13695.62063333182,113.10008271039658
2025-12-09,C3,6,2025-12-09 06:00:00,61752.02503097534,61733.59304330848,18.43198766685964,500.0,False,0.0,59.66191429585479,59687.34986190213,30.26327118348536
2025-12-09,C3,12,2025-12-09 12:00:00,42958.173024904696,42262.824111925525,695.3489129791706,500.0,True,783.8617532007449,760.9979991425828,40363.426177287096,494.1639153851144
2025-12-09,C3,18,2025-12-09 18:00:00,14674.202578346218,13796.482695641387,877.7198827048287,500.0,True,399.5569933194887,0.0,13695.62063333182,113.10008271039658
2025-12-10,C2,6,2025-12-10 06:00:00,70692.12527532426,65440.169807429,5251.955467895255,0.0,True,4212.735080873792,49.53138948142248,62143.6402751994,849.2059765710036
2025-12-10,C2,12,2025-12-10 12:00:00,41388.2195657356,41302.02098879232,86.19857694327948,0.0,True,184.36781526035588,58.13564789905513,40617.7552098768,98.52292163412278
2025-12-10,C2,18,2025-12-10 18:00:00,14322.18840333298,13573.085670326036,749.1027330069446,0.0,True,445.73207912493297,46.74566682680347,13179.953930551656,337.00888174324143
2025-12-10,C3,6,2025-12-10 06:00:00,70692.12527532426,65440.169807429,5251.955467895255,500.0,True,4212.735080873792,49.53138948142248,62143.6402751994,849.2059765710036
2025-12-10,C3,12,2025-12-10 12:00:00,41388.2195657356,41302.02098879232,86.19857694327948,500.0,False,184.36781526035588,58.13564789905513,40617.7552098768,98.52292163412278
2025-12-10,C3,18,2025-12-10 18:00:00,14307.312301866508,13505.67979377875,801.6325080877577,500.0,True,414.17945236498,46.74566682680347,13114.237697167366,305.45625498328843
2025-12-11,C2,6,2025-12-11 06:00:00,60376.57784037074,58573.32785028007,1803.2499900906696,0.0,True,330.7685398432468,4194.9910518549295,58002.10654161983,285.6318596491021
2025-12-11,C2,12,2025-12-11 12:00:00,42919.09185521843,39107.05525913355,3812.03659608488,0.0,True,38.91673930360184,1899.543417964992,38888.4152224428,230.1854804020395
2025-12-11,C2,18,2025-12-11 18:00:00,13868.980436711148,13385.38327064938,483.5971660617688,0.0,True,232.62705397408,2.164360224133702,13243.956025110549,92.0726380431289
2025-12-11,C3,6,2025-12-11 06:00:00,60376.57784037074,58573.32785028007,1803.2499900906696,500.0,True,330.7685398432468,4194.9910518549295,58002.10654161983,285.6318596491021
2025-12-11,C3,12,2025-12-11 12:00:00,42919.09185521843,39107.05525913355,3812.03659608488,500.0,True,38.91673930360184,1899.543417964992,38888.4152224428,230.1854804020395
2025-12-11,C3,18,2025-12-11 18:00:00,13868.980436711148,13385.38327064938,483.5971660617688,500.0,False,232.62705397408,2.164360224133702,13243.956025110549,92.0726380431289
2025-12-12,C2,6,2025-12-12 06:00:00,25540.22093068736,19957.990133448493,5582.230797238863,0.0,True,4684.932925583076,115.32386054300048,18681.740136908084,836.0705333481136
2025-12-12,C2,12,2025-12-12 12:00:00,15088.393556155946,12903.144123533775,2185.2494326221718,0.0,True,2958.3116135616488,48.17461424564544,12657.117398896093,859.2067296501425
2025-12-12,C2,18,2025-12-12 18:00:00,4996.462567342255,4798.355710917508,198.1068564247471,0.0,True,417.7926320453552,33.79652740006645,4689.731588240536,162.5032953306291
2025-12-12,C3,6,2025-12-12 06:00:00,25540.22093068736,19957.990133448493,5582.230797238863,500.0,True,4684.932925583076,115.32386054300048,18681.740136908084,836.0705333481136
2025-12-12,C3,12,2025-12-12 12:00:00,15088.393556155946,12903.144123533775,2185.2494326221718,500.0,True,2958.3116135616488,48.17461424564544,12657.117398896093,859.2067296501425
2025-12-12,C3,18,2025-12-12 18:00:00,4996.462567342255,4798.355710917508,198.1068564247471,500.0,False,417.7926320453552,33.79652740006645,4689.731588240536,162.5032953306291
2025-12-13,C2,6,2025-12-13 06:00:00,19974.888612400275,18647.183132768125,1327.70547963215,0.0,True,2411.6118462783325,20.265285641788974,17017.684000790763,968.8209654051489
2025-12-13,C2,12,2025-12-13 12:00:00,12839.428264544786,12593.99198904331,245.4362755014754,0.0,True,1823.6428201909464,0.0,12235.990075065149,494.36676627887977
2025-12-13,C2,18,2025-12-13 18:00:00,5491.582307676399,5280.868253309284,210.71405436711484,0.0,True,156.3522380588365,0.0,4796.131467906049,143.61455032526774
2025-12-13,C3,6,2025-12-13 06:00:00,19974.888612400275,18647.183132768125,1327.70547963215,500.0,True,2411.6118462783325,20.265285641788974,17017.684000790763,968.8209654051489
2025-12-13,C3,12,2025-12-13 12:00:00,12839.428264544786,12593.99198904331,245.4362755014754,500.0,False,1823.6428201909464,0.0,12235.990075065149,494.36676627887977
2025-12-13,C3,18,2025-12-13 18:00:00,5503.42794957656,5280.868253309284,222.55969626727529,500.0,False,156.3522380588365,0.0,4796.131467906049,143.61455032526774
2025-12-14,C2,6,2025-12-14 06:00:00,66137.76066419441,62146.80923403626,3990.951430158151,0.0,True,3245.7220886053087,128.93881702976773,59555.72198444241,840.5068388932807
2025-12-14,C2,12,2025-12-14 12:00:00,43929.51524031811,42230.066929074645,1699.4483112434682,0.0,True,1885.692770644783,120.34931939550074,41777.32964338752,477.054997210685
2025-12-14,C2,18,2025-12-14 18:00:00,14230.141254248969,13572.64778180208,657.4934724468894,0.0,True,292.15817121572445,33.57151429089379,13428.421732230772,176.609210732704
2025-12-14,C3,6,2025-12-14 06:00:00,66137.76066419441,62146.80923403626,3990.951430158151,500.0,True,3245.7220886053087,128.93881702976773,59555.72198444241,840.5068388932807
2025-12-14,C3,12,2025-12-14 12:00:00,43929.51524031811,42230.066929074645,1699.4483112434682,500.0,True,1885.692770644783,120.34931939550074,41777.32964338752,477.054997210685
2025-12-14,C3,18,2025-12-14 18:00:00,14230.141254248969,13572.64778180208,657.4934724468894,500.0,True,292.15817121572445,33.57151429089379,13428.421732230772,176.609210732704
2025-12-15,C2,6,2025-12-15 06:00:00,80182.35377502788,67835.65348282718,12346.700292200694,0.0,True,7164.849792540622,0.0,63434.39375607888,1024.8969891128022
2025-12-15,C2,12,2025-12-15 12:00:00,41568.65941780734,40925.66979159133,642.989626216011,0.0,True,3286.527690091041,0.0,40444.28994152493,467.7612858794079
2025-12-15,C2,18,2025-12-15 18:00:00,13986.233409619495,13519.42798970441,466.8054199150847,0.0,True,250.99212139634503,0.0,13302.341131454148,190.3733149218145
2025-12-15,C3,6,2025-12-15 06:00:00,80182.35377502788,67835.65348282718,12346.700292200694,500.0,True,7164.849792540622,0.0,63434.39375607888,1024.8969891128022
2025-12-15,C3,12,2025-12-15 12:00:00,41568.65941780734,40925.66979159133,642.989626216011,500.0,True,3286.527690091041,0.0,40444.28994152493,467.7612858794079
2025-12-15,C3,18,2025-12-15 18:00:00,13986.233409619495,13519.42798970441,466.8054199150847,500.0,False,250.99212139634503,0.0,13302.341131454148,190.3733149218145
2025-12-16,C2,6,2025-12-16 06:00:00,66656.61397768327,66069.90782099408,586.7061566891934,0.0,True,842.5115048556208,1150.7575965667502,63236.825398098335,531.6783441081328
2025-12-16,C2,12,2025-12-16 12:00:00,44931.354845151815,43127.5513933902,1803.803451761618,0.0,True,1904.410317798623,958.449924425528,42836.74000949285,648.1534609050881
2025-12-16,C2,18,2025-12-16 18:00:00,14526.52189153922,13916.15764214815,610.3642493910702,0.0,True,259.9551741463593,46.60674689905852,13754.409864718156,167.8119417335747
2025-12-16,C3,6,2025-12-16 06:00:00,66656.61397768327,66069.90782099408,586.7061566891934,500.0,True,842.5115048556208,1150.7575965667502,63236.825398098335,531.6783441081328
2025-12-16,C3,12,2025-12-16 12:00:00,44931.354845151815,43127.5513933902,1803.803451761618,500.0,True,1904.410317798623,958.449924425528,42836.74000949285,648.1534609050881
2025-12-16,C3,18,2025-12-16 18:00:00,14526.52189153922,13916.15764214815,610.3642493910702,500.0,True,259.9551741463593,46.60674689905852,13754.409864718156,167.8119417335747
2025-12-17,C2,6,2025-12-17 06:00:00,61567.848313745024,61375.47448137814,192.3738323668804,0.0,True,1.805002448736445,914.1783481525986,59582.488005986255,179.3489266850206
2025-12-17,C2,12,2025-12-17 12:00:00,43492.66524912874,41914.04640333311,1578.6188457956305,0.0,True,1136.3147426146777,41.60372749010776,41440.707420047656,510.7966827646042
2025-12-17,C2,18,2025-12-17 18:00:00,13479.66200084657,13208.078685092554,271.58331575401644,0.0,True,385.9947867310344,0.0,13066.559393423357,92.06185298231252
2025-12-17,C3,6,2025-12-17 06:00:00,61567.848313745024,61375.47448137814,192.3738323668804,500.0,False,1.805002448736445,914.1783481525986,59582.488005986255,179.3489266850206
2025-12-17,C3,12,2025-12-17 12:00:00,43590.40836243509,42258.56051466285,1331.8478477722383,500.0,True,1361.9740806180455,41.60372749010776,41785.22153137739,510.7966827646042
2025-12-17,C3,18,2025-12-17 18:00:00,13479.66200084657,13208.078685092554,271.58331575401644,500.0,False,385.9947867310344,0.0,13066.559393423357,92.06185298231252
2025-12-18,C2,6,2025-12-18 06:00:00,71714.17490500571,64888.22749067561,6825.947414330105,0.0,True,4116.478071174609,0.0,61002.921915084415,889.0689547590034
2025-12-18,C2,12,2025-12-18 12:00:00,39563.43674704591,39180.35314496236,383.0836020835559,0.0,True,2366.0364156942405,102.0135025364516,38557.33091107896,258.68304619536934
2025-12-18,C2,18,2025-12-18 18:00:00,12961.49605156876,12712.809341596683,248.68670997207664,0.0,True,148.07802206858565,59.35227595795664,12522.151534833789,119.2953450748891
2025-12-18,C3,6,2025-12-18 06:00:00,71714.17490500571,64888.22749067561,6825.947414330105,500.0,True,4116.478071174609,0.0,61002.921915084415,889.0689547590034
2025-12-18,C3,12,2025-12-18 12:00:00,39563.43674704591,39180.35314496236,383.0836020835559,500.0,False,2366.0364156942405,102.0135025364516,38557.33091107896,258.68304619536934
2025-12-18,C3,18,2025-12-18 18:00:00,13029.185478907082,12863.77445537363,165.41102353345195,500.0,False,223.732693334188,59.35227595795652,12673.116648610734,194.9500163404914
2025-12-19,C2,6,2025-12-19 06:00:00,25686.09434478963,21249.70928434247,4436.385060447163,0.0,True,5956.613593774897,114.40360755840965,19048.944260988887,744.6757480610167
2025-12-19,C2,12,2025-12-19 12:00:00,12678.84627156241,12319.917195097169,358.92907646524327,0.0,True,591.5318107790034,172.76613552263098,11772.762978808052,689.750618291009
2025-12-19,C2,18,2025-12-19 18:00:00,4900.756027028891,4735.112678087623,165.6433489412684,0.0,True,222.4377335524157,10.004870115582662,4505.097988377692,222.4377335524157
2025-12-19,C3,6,2025-12-19 06:00:00,25686.09434478963,21249.70928434247,4436.385060447163,500.0,True,5956.613593774897,114.40360755840965,19048.944260988887,744.6757480610167
2025-12-19,C3,12,2025-12-19 12:00:00,12678.84627156241,12319.917195097169,358.92907646524327,500.0,False,591.5318107790034,172.76613552263098,11772.762978808052,689.750618291009
2025-12-19,C3,18,2025-12-19 18:00:00,4866.831871770146,4735.112678087623,131.71919368252293,500.0,False,222.4377335524157,10.004870115582662,4505.097988377692,222.4377335524157
2025-12-20,C2,6,2025-12-20 06:00:00,13343.192955913635,13314.842035838215,28.35092007541789,0.0,True,0.0,288.5447218740911,12539.889129859086,83.45380404563718
2025-12-20,C2,12,2025-12-20 12:00:00,12176.07842359454,11483.497817018808,692.5806065757315,0.0,True,1036.6222953920196,62.509443881734114,10884.851864666383,524.7240962251675
2025-12-20,C2,18,2025-12-20 18:00:00,5149.356925213597,4745.589959892043,403.7669653215535,0.0,True,262.0456832760033,29.54651369190856,4443.027772826952,238.11300718555745
2025-12-20,C3,6,2025-12-20 06:00:00,13343.192955913635,13314.842035838215,28.35092007541789,500.0,False,0.0,288.5447218740911,12539.889129859086,83.45380404563718
2025-12-20,C3,12,2025-12-20 12:00:00,11798.75363289989,11481.413702916068,317.3399299838238,500.0,False,1034.2081550230691,62.509443881734114,10882.791757982535,524.7240962251675
2025-12-20,C3,18,2025-12-20 18:00:00,5178.545582970059,4745.589959892046,432.9556230780127,500.0,False,262.04568327600487,29.54651369190856,4443.027772826956,238.11300718555907
2025-12-21,C2,6,2025-12-21 06:00:00,61433.97441667723,60711.3839884645,722.5904282127303,0.0,True,1067.752743198204,0.0,58754.73526689502,318.92719702620786
2025-12-21,C2,12,2025-12-21 12:00:00,45973.91942254258,42189.42751490141,3784.491907641168,0.0,True,2593.249835871285,0.0,41545.55375493363,751.7872731332179
2025-12-21,C2,18,2025-12-21 18:00:00,13628.338868797178,13399.258243741911,229.08062505526505,0.0,True,329.4344276311696,0.0,13019.763601010263,119.66410823996192
2025-12-21,C3,6,2025-12-21 06:00:00,61433.97441667723,60711.3839884645,722.5904282127303,500.0,True,1067.752743198204,0.0,58754.73526689502,318.92719702620786
2025-12-21,C3,12,2025-12-21 12:00:00,45973.91942254258,42189.42751490141,3784.491907641168,500.0,True,2593.249835871285,0.0,41545.55375493363,751.7872731332179
2025-12-21,C3,18,2025-12-21 18:00:00,13628.338868797178,13399.258243741911,229.08062505526505,500.0,False,329.4344276311696,0.0,13019.763601010263,119.66410823996192
2025-12-22,C2,6,2025-12-22 06:00:00,71557.42261509298,65946.43719913859,5610.98541595439,0.0,True,5532.243141113724,58.51738353128837,64565.72656384049,865.1369282587378
2025-12-22,C2,12,2025-12-22 12:00:00,46879.97807002187,43620.01394228016,3259.9641277417104,0.0,True,4835.877866430354,44.34579614298343,42885.45899545385,746.2367521153458
2025-12-22,C2,18,2025-12-22 18:00:00,13521.137260912006,13114.467295466451,406.6699654455533,0.0,True,218.7604683787486,125.91863130429294,12966.482110435089,206.4911640125983
2025-12-22,C3,6,2025-12-22 06:00:00,71557.42261509298,65946.43719913859,5610.98541595439,500.0,True,5532.243141113724,58.51738353128837,64565.72656384049,865.1369282587378
2025-12-22,C3,12,2025-12-22 12:00:00,46879.97807002187,43620.01394228016,3259.9641277417104,500.0,True,4835.877866430354,44.34579614298343,42885.45899545385,746.2367521153458
2025-12-22,C3,18,2025-12-22 18:00:00,13521.137260912006,13114.467295466451,406.6699654455533,500.0,False,218.7604683787486,125.91863130429294,12966.482110435089,206.4911640125983
2025-12-23,C2,6,2025-12-23 06:00:00,60626.51652936834,60072.44252238135,554.0740069869935,0.0,True,877.8027713598254,356.5254712649963,58460.69376367705,240.5145494420161
2025-12-23,C2,12,2025-12-23 12:00:00,40918.81162799616,39816.72625943717,1102.0853685589827,0.0,True,1407.5526916685744,263.930480045065,39124.12951711843,573.0511290221903
2025-12-23,C2,18,2025-12-23 18:00:00,13939.723288518106,13499.545259756367,440.17802876173846,0.0,True,409.4765455784537,0.0,13379.391906190993,227.31020253109176
2025-12-23,C3,6,2025-12-23 06:00:00,60626.51652936834,60072.44252238135,554.0740069869935,500.0,True,877.8027713598254,356.5254712649963,58460.69376367705,240.5145494420161
2025-12-23,C3,12,2025-12-23 12:00:00,40918.81162799616,39816.72625943717,1102.0853685589827,500.0,True,1407.5526916685744,263.930480045065,39124.12951711843,573.0511290221903
2025-12-23,C3,18,2025-12-23 18:00:00,13939.723288518106,13499.545259756367,440.17802876173846,500.0,False,409.4765455784537,0.0,13379.391906190993,227.31020253109176
2025-12-24,C2,6,2025-12-24 06:00:00,57781.55394485023,57689.91719257834,91.63675227189378,0.0,True,531.4275775095286,20.281649744086963,56063.30809098713,341.01104589204215
2025-12-24,C2,12,2025-12-24 12:00:00,38818.49073801606,38533.84158438932,284.6491536267422,0.0,True,574.6855502164113,84.4047622270665,38003.51302007465,205.75888817953975
2025-12-24,C2,18,2025-12-24 18:00:00,13645.967423497426,13224.70253610228,421.2648873951475,0.0,True,436.8140969066903,10.919753027598745,12995.08954704794,176.67262109569816
2025-12-24,C3,6,2025-12-24 06:00:00,57781.55394485023,57689.91719257834,91.63675227189378,500.0,False,531.4275775095286,20.281649744086963,56063.30809098713,341.01104589204215
2025-12-24,C3,12,2025-12-24 12:00:00,38757.5633619326,38394.899595058814,362.66376687378215,500.0,False,443.29665129609737,84.4047622270665,37861.87829413122,103.16820537123442
2025-12-24,C3,18,2025-12-24 18:00:00,13530.048936532412,13005.62463547259,524.424301059822,500.0,True,330.7256725926602,10.919753027598745,12776.011646418254,97.11254940420054
2025-12-25,C2,6,2025-12-25 06:00:00,57565.3130286515,57021.78136668911,543.5316619623918,0.0,True,1004.6554681156924,117.89471069455476,54761.16275150551,678.9122586675602
2025-12-25,C2,12,2025-12-25 12:00:00,47413.63251482141,40236.06391032855,7177.568604492859,0.0,True,2967.922174508925,174.66180775799705,39556.32800757616,630.3960963556398
2025-12-25,C2,18,2025-12-25 18:00:00,13703.851997402491,13167.466430385432,536.3855670170615,0.0,True,259.060983033081,102.65323550072526,12943.01644135806,107.63274535041842
2025-12-25,C3,6,2025-12-25 06:00:00,57565.3130286515,57021.78136668911,543.5316619623918,500.0,True,1004.6554681156924,117.89471069455476,54761.16275150551,678.9122586675602
2025-12-25,C3,12,2025-12-25 12:00:00,47413.63251482141,40236.06391032855,7177.568604492859,500.0,True,2967.922174508925,174.66180775799705,39556.32800757616,630.3960963556398
2025-12-25,C3,18,2025-12-25 18:00:00,13703.851997402491,13167.466430385432,536.3855670170615,500.0,True,259.060983033081,102.65323550072526,12943.01644135806,107.63274535041842
2025-12-26,C2,6,2025-12-26 06:00:00,13756.492786305102,13118.271302641164,638.2214836639378,0.0,True,1176.9976755832045,140.05902603386994,12196.946301838294,622.4391229661516
2025-12-26,C2,12,2025-12-26 12:00:00,13504.704524011424,11698.172886803704,1806.5316372077195,0.0,True,2249.73379594306,46.308640968725626,11422.134290317865,542.4077762061961
2025-12-26,C2,18,2025-12-26 18:00:00,4940.300087341007,4792.826763312779,147.4733240282285,0.0,True,376.27119880512,3.431134032086277,4692.3197792883175,271.86959781929005
2025-12-26,C3,6,2025-12-26 06:00:00,13756.492786305102,13118.271302641164,638.2214836639378,500.0,True,1176.9976755832045,140.05902603386994,12196.946301838294,622.4391229661516
2025-12-26,C3,12,2025-12-26 12:00:00,13504.704524011424,11698.172886803704,1806.5316372077195,500.0,True,2249.73379594306,46.308640968725626,11422.134290317865,542.4077762061961
2025-12-26,C3,18,2025-12-26 18:00:00,4940.300087341007,4792.826763312779,147.4733240282285,500.0,False,376.27119880512,3.431134032086277,4692.3197792883175,271.86959781929005
2025-12-27,C2,6,2025-12-27 06:00:00,16709.17963352381,16151.46855392744,557.7110795963708,0.0,True,1227.037790874218,0.0,14568.882090014858,540.4952475088021
2025-12-27,C2,12,2025-12-27 12:00:00,13544.54842535258,12104.111322460203,1440.437102892376,0.0,True,1156.829894583321,0.0,11554.768344681075,444.9577848161107
2025-12-27,C2,18,2025-12-27 18:00:00,5140.104675823601,4877.6343657073,262.4703101163004,0.0,True,304.0666550169748,24.472208132759818,4715.56345899185,287.3770571169319
2025-12-27,C3,6,2025-12-27 06:00:00,16709.17963352381,16151.46855392744,557.7110795963708,500.0,True,1227.037790874218,0.0,14568.882090014858,540.4952475088021
2025-12-27,C3,12,2025-12-27 12:00:00,13544.54842535258,12104.111322460203,1440.437102892376,500.0,True,1156.829894583321,0.0,11554.768344681075,444.9577848161107
2025-12-27,C3,18,2025-12-27 18:00:00,5140.104675823601,4877.6343657073,262.4703101163004,500.0,False,304.0666550169748,24.472208132759818,4715.56345899185,287.3770571169319
2025-12-28,C2,6,2025-12-28 06:00:00,63728.44804841648,62296.02229168669,1432.4257567297973,0.0,True,1922.9280270514464,38.28006371531672,58974.96127384022,877.6324377003301
2025-12-28,C2,12,2025-12-28 12:00:00,40354.05675173427,39281.904475708376,1072.1522760258958,0.0,True,961.9373473277556,241.40610092522763,38217.293198991625,628.0114551532662
2025-12-28,C2,18,2025-12-28 18:00:00,13751.149073840805,13106.916464081076,644.232609759727,0.0,True,194.2210434479358,24.472208132759533,12848.942917376036,88.32128948467516
2025-12-28,C3,6,2025-12-28 06:00:00,63728.44804841648,62296.02229168669,1432.4257567297973,500.0,True,1922.9280270514464,38.28006371531672,58974.96127384022,877.6324377003301
2025-12-28,C3,12,2025-12-28 12:00:00,40354.05675173427,39281.904475708376,1072.1522760258958,500.0,True,961.9373473277556,241.40610092522763,38217.293198991625,628.0114551532662
2025-12-28,C3,18,2025-12-28 18:00:00,13751.149073840805,13106.916464081076,644.232609759727,500.0,True,194.2210434479358,24.472208132759533,12848.942917376036,88.32128948467516
2025-12-29,C2,6,2025-12-29 06:00:00,69966.01360747058,63717.41191394794,6248.601693522636,0.0,True,5349.42551715353,99.94950178456418,62213.17265773363,802.6266302663421
2025-12-29,C2,12,2025-12-29 12:00:00,42860.9024159574,41552.12653900374,1308.7758769536597,0.0,True,1453.7262983032929,38.12015828867652,40252.62780771004,224.9124765224947
2025-12-29,C2,18,2025-12-29 18:00:00,13609.374827775368,13419.758241289715,189.61658648565208,0.0,True,161.55862222301835,71.09892432897891,13164.641558408146,101.20506526485178
2025-12-29,C3,6,2025-12-29 06:00:00,69966.01360747058,63717.41191394794,6248.601693522636,500.0,True,5349.42551715353,99.94950178456418,62213.17265773363,802.6266302663421
2025-12-29,C3,12,2025-12-29 12:00:00,42860.9024159574,41552.12653900374,1308.7758769536597,500.0,True,1453.7262983032929,38.12015828867652,40252.62780771004,224.9124765224947
2025-12-29,C3,18,2025-12-29 18:00:00,13609.374827775368,13419.758241289715,189.61658648565208,500.0,False,161.55862222301835,71.09892432897891,13164.641558408146,101.20506526485178
2025-12-30,C2,6,2025-12-30 06:00:00,65535.5947578162,61651.19635555309,3884.398402263112,0.0,True,3392.560703458328,658.2974942829928,60852.201468127896,836.7119959489601
2025-12-30,C2,12,2025-12-30 12:00:00,39695.64674175269,38232.43571910482,1463.211022647869,0.0,True,0.0,589.337627574249,37793.42390396679,836.7119959489601
2025-12-30,C2,18,2025-12-30 18:00:00,13687.140021931318,13133.94523163864,553.1947902926768,0.0,True,242.20938109504303,95.77384250608829,12991.82317531209,148.9104654107951
2025-12-30,C3,6,2025-12-30 06:00:00,65535.5947578162,61651.19635555309,3884.398402263112,500.0,True,3392.560703458328,658.2974942829928,60852.201468127896,836.7119959489601
2025-12-30,C3,12,2025-12-30 12:00:00,39695.64674175269,38232.43571910482,1463.211022647869,500.0,True,0.0,589.337627574249,37793.42390396679,836.7119959489601
2025-12-30,C3,18,2025-12-30 18:00:00,13687.140021931318,13133.94523163864,553.1947902926768,500.0,True,242.20938109504303,95.77384250608829,12991.82317531209,148.9104654107951
2025-12-31,C2,6,2025-12-31 06:00:00,63609.77018354878,63288.26181747117,321.5083660776145,0.0,True,749.636256832308,166.35346765708255,59741.10992263575,587.2481958716967
2025-12-31,C2,12,2025-12-31 12:00:00,41117.69191992077,39567.03634477341,1550.655575147357,0.0,True,1073.4694739447818,183.73721629405557,38538.68430922751,763.6609529166439
2025-12-31,C2,18,2025-12-31 18:00:00,13746.200814043095,13050.838709702226,695.3621043408693,0.0,True,258.46040914826364,125.21939104217311,12963.22078948392,174.33613792009197
2025-12-31,C3,6,2025-12-31 06:00:00,63609.77018354878,63288.26181747117,321.5083660776145,500.0,False,749.636256832308,166.35346765708255,59741.10992263575,587.2481958716967
2025-12-31,C3,12,2025-12-31 12:00:00,41096.32202423158,39567.03634477341,1529.2856794581676,500.0,True,1073.4694739447818,183.73721629405557,38538.68430922751,763.6609529166439
2025-12-31,C3,18,2025-12-31 18:00:00,13746.200814043095,13050.838709702226,695.3621043408693,500.0,True,258.46040914826364,125.21939104217311,12963.22078948392,174.33613792009197
