policy,date,original_plan_cost_yuan,final_non_emergency_cost_yuan,adjustment_net_cost_yuan,emergency_cost_yuan,total_cost_yuan,emergency_purchase_kwh,remaining_energy_kwh,charge_kwh,discharge_kwh,soc_min_kwh,soc_max_kwh,terminal_soc_kwh
C0,2025-02-01,19022.20684559195,19022.20684559195,0.0,588.787334650155,19610.994180242105,389.95699141356477,8096.332371347119,16844.35176188624,16075.114779080459,1209.7760767452207,10514.268906509358,1209.7760767452207
C0,2025-02-02,71626.8178088702,71626.8178088702,0.0,305.73264073624534,71932.55044960644,105.19140907736033,17652.842474310884,18600.1602251792,15042.716676005053,1209.7760767452207,9233.575774647266,1235.7906394008876
C0,2025-02-03,75213.04971048655,75213.04971048655,0.0,595.9298627982945,75808.97957328484,147.22291556925626,19047.23276100209,17774.87533826243,14429.860599453366,1200.0,9123.87258002491,1200.0
C0,2025-02-04,73368.82058912075,73368.82058912075,0.0,258.9586779846833,73627.77926710543,106.81934963583727,15058.875845291312,19176.210668111165,15495.002964717074,1200.0,9126.536899382858,1241.919640503298
C0,2025-02-05,67664.29454591915,67664.29454591915,0.0,3242.8223278378214,70907.11687375698,751.9373507896556,9345.669352210405,21276.175182771476,17194.146780307416,1218.0423765033252,8997.872462048552,1285.869771322719
C0,2025-02-06,72092.95054231542,72092.95054231542,0.0,295.4135741070063,72388.36411642242,53.269476423614684,14515.664585629853,18897.171653769554,15382.699922860826,1200.0,9237.646380253063,1201.4354565366248
C0,2025-02-07,25020.60098535916,25020.60098535916,0.0,461.1440360032736,25481.745021362436,85.94614406919646,20747.017618571124,17958.04087995791,14516.032815515355,1201.4354565366248,9259.413914619356,1234.7468979261296
C0,2025-02-08,18025.736737532316,18025.736737532316,0.0,10304.006955650286,28329.7436931826,3404.1816459874294,10531.282102405212,18380.138407525414,14890.917799905474,1200.0,9382.479126984128,1231.407242581807
C0,2025-02-09,66509.2181027571,66509.2181027571,0.0,8290.811603216396,74800.0297059735,1881.8992487595506,11719.985275734467,19556.961779702197,15869.405559882403,1200.0,9344.342681102296,1200.0
C0,2025-02-10,63012.29345842857,63012.29345842857,0.0,1039.8505954334269,64052.14405386199,365.7701116032427,13512.490295586722,19424.196806308148,15733.599413109603,1200.0,9609.22487300326,1200.0
C0,2025-02-11,58473.25974073756,58473.25974073756,0.0,8232.297257253447,66705.556997991,1729.5779006213331,7252.77678819798,22111.373655310832,17910.21266080178,1200.0,10467.262953634106,1200.0
C0,2025-02-12,58847.57453100308,58847.57453100308,0.0,2905.5017990784527,61753.07633008154,632.6746623477009,6785.546154156171,21590.014261840377,17487.91155209071,1199.9999999999998,10204.253479851004,1200.0
C0,2025-02-13,54330.27262970443,54330.27262970443,0.0,7609.131035866704,61939.40366557113,1780.142007951005,7677.199516572575,20859.70083137737,16896.357673415667,1200.0,9831.635836091771,1200.0
C0,2025-02-14,15642.912835649488,15642.912835649488,0.0,6133.262908966672,21776.175744616157,2268.569137319357,7058.014678601121,20078.282679062064,16263.408970040271,1200.0,10305.923482042565,1200.0
C0,2025-02-15,18534.634923831756,18534.634923831756,0.0,4411.800619143998,22946.435542975752,1426.5037110607882,10630.75584310246,17090.53149422932,13843.33051032575,1200.0,9471.742560550096,1200.0
C0,2025-02-16,66198.74702187898,66198.74702187898,0.0,3996.203972818394,70194.95099469737,886.7660193599452,16061.765424161315,19496.155487420037,15791.885944810232,1200.0,9189.307397387976,1200.0
C0,2025-02-17,60012.6081513653,60012.6081513653,0.0,4159.53606805096,64172.14421941625,915.3443276557311,13375.287146991857,18840.308210755702,15243.775847163595,1200.0,9824.157751971614,1218.748670609467
C0,2025-02-18,51676.01592347754,51676.01592347754,0.0,11672.544657246453,63348.56058072399,2890.1836378322223,4680.5553631453695,21013.02211088743,17029.227438227066,1200.0,10159.853139015826,1209.1047501558517
C0,2025-02-19,50370.4387783839,50370.4387783839,0.0,9965.864566470444,60336.30334485434,2629.7292567402806,1239.8477469677664,23439.267907636102,18994.00128032551,1200.0,10207.937926318691,1200.0
C0,2025-02-20,54570.5308252491,54570.5308252491,0.0,5982.981980171287,60553.51280542039,1251.4962717602975,7363.114016637412,20741.93212011839,16800.965017295894,1200.0,10145.279424841843,1200.0
C0,2025-02-21,14703.51495975098,14703.51495975098,0.0,5646.722203098159,20350.23716284914,2249.74279182859,8723.871946594942,19568.088887871087,15850.151999175581,1200.0,10266.656800801034,1200.0
C0,2025-02-22,18535.9763867086,18535.9763867086,0.0,3460.3414451266694,21996.317831835273,1172.675888938494,12178.691841228023,17354.623264387756,14057.244844154082,1200.0,9261.1251249996,1200.0
C0,2025-02-23,51160.0091076908,51160.0091076908,0.0,9262.270531454227,60422.279639145025,2289.24346762762,3713.1314636619873,21133.313068933985,17117.98358583652,1200.0,10252.722167222206,1200.0
C0,2025-02-24,50251.56085612669,50251.56085612669,0.0,4026.5797111926054,54278.1405673193,1099.5645313135792,4195.5924022823765,21516.484434429916,17424.954115396864,1200.0,10145.87751765522,1203.7758627681965
C0,2025-02-25,55413.559732140035,55413.559732140035,0.0,2711.5167603144037,58125.076492454435,640.4620057435516,13874.12342129282,16511.1471617016,13377.427477469673,1200.0,9063.301833176303,1200.0
C0,2025-02-26,46651.13680385418,46651.13680385418,0.0,12526.01805944602,59177.154863300195,2977.7232431488087,1652.4638310594235,22560.654428326463,18265.33037319685,1200.0,10146.200782583606,1209.7774597195391
C0,2025-02-27,47046.27213191164,47046.27213191164,0.0,11814.500138732543,58860.77227064418,2610.642081239301,5032.165280426917,21187.734622628464,17154.881970258815,1200.0,10052.496632315098,1217.7586531309207
C0,2025-02-28,13953.388700604195,13953.388700604195,0.0,3409.385796005695,17362.77449660989,1267.5167104185496,9061.961456947407,18088.76417362419,14664.485023003188,1200.0,10366.268236809688,1203.7741616113656
C0,2025-03-01,18679.41332163656,18679.41332163656,0.0,1260.0689682949976,19939.48228993156,278.53202657491755,18580.123302678552,16341.11285184085,13205.779021983353,1203.7741616113656,9356.32687037037,1237.6879260644064
C0,2025-03-02,61677.80541137737,61677.80541137737,0.0,2761.2288950128236,64439.03430639019,532.1223071014293,15219.725224798874,21387.2040783237,17357.55443690016,1200.0,9050.926669382674,1200.0
C0,2025-03-03,59025.21913818932,59025.21913818932,0.0,5030.927123467503,64056.146261656824,1090.8765842261278,11172.38736741237,18518.954866708355,15000.353442033764,1200.0,8753.76561081626,1200.0
C0,2025-03-04,49217.21933899336,49217.21933899336,0.0,5530.219530097563,54747.438869090925,1491.777290991752,3432.1619727916004,22025.417346619695,17840.588050761955,1200.0,10371.626619936362,1200.0
C0,2025-03-05,54304.436376077094,54304.436376077094,0.0,1820.0588016118227,56124.495177688914,324.31083788222753,13218.789181450418,17113.14210304656,13861.645103467714,1200.0,9174.378116583925,1200.0
C0,2025-03-06,47803.388102392964,47803.388102392964,0.0,3353.536229048347,51156.92433144131,903.9785215945776,5292.658409866312,21597.72084118715,17494.15388136159,1200.0,10074.42005570858,1200.0
C0,2025-03-07,14348.319576044005,14348.319576044005,0.0,102.16086739520074,14450.480443439206,61.59573034206443,10906.372266226075,17278.805833140148,13973.62084745673,1200.0,10481.013840200285,1224.6798637630989
C0,2025-03-08,15909.55284437067,15909.55284437067,0.0,2911.9291896260947,18821.482033996763,1268.2327063985128,16418.610288611027,16411.46795860293,13315.500923855161,1200.0,9320.209559910654,1200.0
C0,2025-03-09,47501.134985514334,47501.134985514334,0.0,5093.586080404594,52594.72106591893,1309.2496774056526,9707.785911159883,20971.907518712535,16987.24509015715,1200.0,10491.314541919388,1200.0
C0,2025-03-10,48173.34873574601,48173.34873574601,0.0,11434.174794467346,59607.52353021336,2551.288150676539,4173.933617482752,21660.92409762566,17510.976701906562,1200.0,10013.07472229788,1238.1909079669126
C0,2025-03-11,39914.267819940476,39914.267819940476,0.0,25602.080970231986,65516.34879017246,7432.677899870382,2118.802358507569,20649.73552224278,16722.229584535362,1200.0,10196.353537953462,1242.6977840572397
C0,2025-03-12,47246.16045559674,47246.16045559674,0.0,3320.9077282319167,50567.06818382866,970.1381053149555,9640.020808614487,21444.98226111603,17408.863637155504,1200.0,10499.405811087554,1200.0
C0,2025-03-13,44436.23669655159,44436.23669655159,0.0,10888.015217450858,55324.25191400245,2746.0378601926423,798.6226708608896,20102.286292679884,16282.851897070701,1200.0,10567.363422194963,1200.0
C0,2025-03-14,11711.841271811,11711.841271811,0.0,5622.647650894569,17334.48892270557,2382.283897322923,13679.069599071583,18639.004108902955,15086.299391654444,1200.0,10358.809850657355,1212.5488183966118
C0,2025-03-15,12255.480101575353,12255.480101575353,0.0,5744.068546931903,17999.548648507254,1955.3276371433137,8453.632689405145,17689.561435294738,14339.838699145692,1200.0,10431.315531760049,1200.0
C0,2025-03-16,44428.88919521214,44428.88919521214,0.0,5004.883296096706,49433.772491308846,1559.0998887746837,4007.8279517817955,21458.139303132975,17381.09283553771,1200.0,10194.641972031672,1200.0
C0,2025-03-17,39777.10372563275,39777.10372563275,0.0,6814.221762143041,46591.325487775786,1644.7766598390526,6161.606439318113,19695.563980851668,15953.406824489859,1200.0,10306.464101243371,1200.0
C0,2025-03-18,45982.71043537443,45982.71043537443,0.0,1313.4727323063942,47296.18316768082,483.8526132905921,9073.202227183361,19054.495786155916,15434.141586786296,1200.0,10290.768000515083,1200.0
C0,2025-03-19,37525.551397216725,37525.551397216725,0.0,16016.179570297729,53541.73096751446,5110.429763023816,2097.8012608481536,21797.311533853586,17645.78900900155,1200.0,10483.828772679415,1211.1481482442769
C0,2025-03-20,44029.38011054735,44029.38011054735,0.0,9481.914438503685,53511.29454905103,2375.397889466179,6669.649876082546,20611.87039267903,16705.64835148986,1200.0,10563.144739699495,1200.0
C0,2025-03-21,11785.953329854387,11785.953329854387,0.0,2842.621869379862,14628.575199234248,1153.3948719983443,16128.612257286251,17557.478918399334,14221.557923903454,1200.0,10471.976897340151,1200.0
C0,2025-03-22,12497.114269531763,12497.114269531763,0.0,735.141223465247,13232.25549299701,447.5229231172997,13025.063868608413,17546.78674115326,14212.89726033414,1200.0,10402.069554057383,1200.0
C0,2025-03-23,43023.17398876994,43023.17398876994,0.0,4918.220030252655,47941.39401902259,1171.191955956047,8835.336923333674,19840.677973640253,16026.656728446427,1200.0,10237.36574414695,1249.2138113357507
C0,2025-03-24,41457.10268816259,41457.10268816259,0.0,1770.4231147960306,43227.52580295862,660.7215391008331,6358.004548808071,21541.9430514135,17493.266301847107,1200.0,10196.763084878718,1200.0
C0,2025-03-25,45355.38026623317,45355.38026623317,0.0,2329.341094874095,47684.72136110727,766.3307644765405,9908.922038905208,19074.53951240914,15450.3770050514,1200.0,10339.889360349276,1200.0
C0,2025-03-26,39069.59058428467,39069.59058428467,0.0,7816.306127176253,46885.89671146092,1918.4140044222015,6086.373007835397,20336.221631346267,16472.339521390488,1200.0,10535.439319142994,1200.0
C0,2025-03-27,40855.014597667985,40855.014597667985,0.0,2651.747992526461,43506.76259019445,982.9193208969916,5514.265757519684,20154.423265031783,16324.773103079686,1199.9999999999998,10151.027812760884,1200.344157328956
C0,2025-03-28,11904.840615540183,11904.840615540183,0.0,2810.1523121867763,14714.992927726958,1471.6309496496847,18289.25777261134,17477.860396915385,14157.376663097535,1200.0,10584.588551084367,1200.0
C0,2025-03-29,11044.341012655545,11044.341012655545,0.0,4923.226499727949,15967.567512383494,1867.803852999657,19799.104308061378,15374.179080923497,12453.05031783135,1200.0,10256.859872548328,1200.0385974629835
C0,2025-03-30,38767.66367247842,38767.66367247842,0.0,1734.4051448810458,40502.06881735946,633.7977617713872,6145.69112790824,20161.378231299354,16330.751105069165,1200.0,10431.844987377606,1200.0
C0,2025-03-31,36504.77800730375,36504.77800730375,0.0,13568.529948565245,50073.30795586899,4043.8125977816494,3200.274494982325,20465.945540829263,16505.775048395328,1200.0,10365.473408603124,1279.60093297375
C0,2025-04-01,42860.987960575345,42860.987960575345,0.0,5357.413763419647,48218.40172399499,1540.8642127302078,7794.60516364626,18847.832235717746,15311.249000027627,1200.0,10433.668024274271,1230.1510562001374
C0,2025-04-02,40860.85657808462,40860.85657808462,0.0,5698.785815727099,46559.642393811715,1653.711788082371,4151.768940016111,18267.658418829094,14796.180539791674,1200.0,10263.585009532557,1230.8430333778024
C0,2025-04-03,42173.89391865736,42173.89391865736,0.0,2857.5235865554464,45031.417505212805,780.7884203208466,9720.66661394199,20126.067655464452,16329.873530966226,1200.0,10253.984870264032,1200.0
C0,2025-04-04,10984.313807075196,10984.313807075196,0.0,1546.9035887543564,12531.217395829552,690.3202771400582,19904.6863566422,14716.748810898132,11901.9518922336,1200.0,10423.829382355883,1220.682938437659
C0,2025-04-05,10901.42182922861,10901.42182922861,0.0,10732.595197899764,21634.01702712837,4422.64501138844,17463.65861218851,14423.110799353064,11690.67127137646,1200.0,10321.523581933236,1211.8479118815742
C0,2025-04-06,38956.54423240206,38956.54423240206,0.0,4591.559141412803,43548.10337381487,1157.257683338843,8148.466880849291,18858.81233043712,15284.971785651991,1200.0,10398.740186650954,1201.4770252172111
C0,2025-04-07,34420.3669503085,34420.3669503085,0.0,14429.753893588486,48850.120843896984,4418.494839357404,4906.990470964566,20593.232260880766,16681.84745400891,1200.0,10304.083268134342,1200.0
C0,2025-04-08,41390.66147419883,41390.66147419883,0.0,2292.6637396094934,43683.325213808326,520.3928316785363,11371.504223301148,19603.492328894812,15878.8287864048,1200.0,10258.354056848942,1200.0
C0,2025-04-09,39502.52616299798,39502.52616299798,0.0,6302.5368134524515,45805.062976450434,2055.7601907711382,4273.900031322073,20368.40974876679,16498.4118965011,1200.0,10333.97739499492,1200.0
C0,2025-04-10,37496.1410591881,37496.1410591881,0.0,5103.732077979635,42599.873137167735,1510.662600645059,4713.081926320801,20088.62487112998,16246.669354765107,1199.9999999999998,10401.679165522226,1227.9075453890705
C0,2025-04-11,10397.478510803096,10397.478510803096,0.0,6151.951129911442,16549.429640714538,2489.3258678185125,21508.315627083382,15968.455325722263,12959.565604685195,1200.0,10356.20952173552,1200.0
C0,2025-04-12,10800.095516198111,10800.095516198111,0.0,747.095577254218,11547.19109345233,421.1065923760403,17365.80301511516,16255.425043847346,13166.894285516351,1200.0,10439.847902758307,1200.0
C0,2025-04-13,37192.3123686114,37192.3123686114,0.0,9635.969231010433,46828.281599621834,2716.9903539751845,7148.051571380451,20026.821685649087,16218.024775561566,1200.0,10361.796709659428,1204.111988682438
C0,2025-04-14,38653.89321820137,38653.89321820137,0.0,2838.134648536387,41492.02786673776,844.0728157611838,9140.550040169757,18510.95548395508,14997.574731817818,1200.0,10275.183416463076,1200.0
C0,2025-04-15,32645.33405228042,32645.33405228042,0.0,11406.341086728764,44051.67513900919,3175.527960952398,4794.62293460394,20819.146527238325,16835.340819511413,1199.9999999999998,10454.701051816462,1231.2976306129292
C0,2025-04-16,36740.060122563234,36740.060122563234,0.0,7512.738916284478,44252.79903884771,2096.3693813624236,4335.82037165169,18908.34737476085,15343.929241107917,1200.0,10385.83980469121,1200.0
C0,2025-04-17,33811.65791900937,33811.65791900937,0.0,12464.33722723374,46275.99514624311,4025.4282507961234,3138.902315976862,19399.242764409337,15713.386639171566,1200.0,10458.413682029242,1200.0
C0,2025-04-18,10511.891001661073,10511.891001661073,0.0,4603.863615856006,15115.754617517077,2211.1965423572988,20424.762183035567,14718.727799473614,11874.898198823488,1200.0,10381.269922285734,1252.523687500151
C0,2025-04-19,9817.323183095721,9817.323183095721,0.0,6686.38326716946,16503.70645026518,2971.850219695481,19583.507774533697,15145.534417351048,12315.154196804488,1200.0,10396.049305819126,1200.0
C0,2025-04-20,33035.24545536869,33035.24545536869,0.0,12133.360962101413,45168.60641747011,3941.9819137535274,3330.139929160228,19333.928409902263,15660.482012020828,1200.0,10415.599085807067,1200.0
C0,2025-04-21,35770.12050600787,35770.12050600787,0.0,2592.168846310394,38362.289352318265,808.127203915064,9818.255169809485,18817.240513802728,15232.775171294963,1200.0,10387.303158229435,1210.2107165391571
C0,2025-04-22,32133.38436594331,32133.38436594331,0.0,18288.340648116642,50421.72501405996,5964.493803338745,3943.8706483059814,19419.517491603132,15738.99881308378,1200.0,10396.299897289537,1200.0
C0,2025-04-23,32351.268654817137,32351.268654817137,0.0,18365.65344908076,50716.9221038979,5961.026051110863,4769.547948221525,19696.039324874615,15953.791853148432,1200.0,10205.919783969572,1200.0
C0,2025-04-24,31153.16652885385,31153.16652885385,0.0,7320.944018782354,38474.1105476362,2520.2226052086103,3907.2717332842763,20240.63616544698,16394.91529401206,1200.0,10711.51970959511,1200.0
C0,2025-04-25,9634.659432451786,9634.659432451786,0.0,2225.4173171707953,11860.076749622584,874.7592681600246,22276.09444304279,15914.370898422258,12890.640427722034,1200.0,10496.435890628743,1200.0
C0,2025-04-26,9638.195461143538,9638.195461143538,0.0,6086.9013700668165,15725.096831210354,2674.9883073688893,25880.478804593946,16662.622004237666,13491.457772106849,1200.0,10510.665871655616,1205.851168139625
C0,2025-04-27,29290.561944102126,29290.561944102126,0.0,16226.842333756127,45517.40427785825,3900.5545920425534,1374.7225280561106,18994.003308427553,15390.408731151985,1200.0,10658.896876595603,1200.0
C0,2025-04-28,39025.19302392314,39025.19302392314,0.0,4958.639293612115,43983.83231753525,1047.0231664626428,6143.616195290517,18752.258413024167,15189.32931454958,1200.0,10278.660746344302,1200.0
C0,2025-04-29,31674.474048450695,31674.474048450695,0.0,9789.391714275554,41463.86576272625,2121.1561959488668,5102.754434161798,18553.428961324462,15014.156714315239,1200.0,10280.108249264636,1215.6897159528544
C0,2025-04-30,30228.95577165312,30228.95577165312,0.0,13620.674385219023,43849.63015687214,4708.065714543835,4215.441175094132,17802.923890961763,14434.489096036603,1200.0,10558.994707128875,1200.0
C0,2025-05-01,32490.308920482068,32490.308920482068,0.0,22297.87738072582,54788.18630120788,5001.650813865149,3348.6235663443663,18367.009306032236,14877.277537886112,1200.0,10244.636128235505,1200.0
C0,2025-05-02,11271.756319019818,11271.756319019818,0.0,11616.242177218528,22887.998496238346,3736.7495471973675,14542.123424763962,16225.013895106922,13142.261255036607,1200.0,10381.850575794966,1200.0
C0,2025-05-03,10518.830797490546,10518.830797490546,0.0,11400.068549651956,21918.899347142502,3055.9333113571142,18822.410739368606,14843.323326687483,12023.091894616866,1200.0,10353.169865854088,1200.0
C0,2025-05-04,35668.80949232675,35668.80949232675,0.0,13863.458722006397,49532.26821433315,3152.0609369257545,6116.696340484106,16035.44285328012,12988.708711156894,1199.9999999999995,9250.83586719438,1200.0
C0,2025-05-05,38147.17038853864,38147.17038853864,0.0,14411.797265274412,52558.967653813044,3688.873091410955,6184.607927160394,17260.915381643103,13981.341459130912,1200.0,9220.523819230651,1200.0
C0,2025-05-06,32698.76365395032,32698.76365395032,0.0,30421.775150300116,63120.538804250435,7390.496760754121,3242.77784093956,17092.877632058677,13845.230881967527,1200.0,9396.0792490303,1200.0
C0,2025-05-07,34037.89145968967,34037.89145968967,0.0,26569.092267597203,60606.983727286875,6846.928274017434,2845.2549487106376,18774.09010412906,15200.208199787203,1199.9999999999998,10250.91077779571,1207.5608717303717
C0,2025-05-08,41334.785062235125,41334.785062235125,0.0,6791.7990790715085,48126.58414130663,1663.2660311693394,9649.49607898499,17780.22270236027,14408.785173469152,1200.0,9067.730155168849,1200.0
C0,2025-05-09,13358.279320754715,13358.279320754715,0.0,2320.3788763232637,15678.658197077979,725.584617505975,20626.35888767248,12965.039111256683,10498.554624251126,1200.0,9467.96592396032,1203.4745065186514
C0,2025-05-10,11852.51609083221,11852.51609083221,0.0,4335.607163908482,16188.123254740693,1782.1429150425918,15406.180878051517,15159.507016841924,12266.410017712533,1200.0,10549.236032369794,1217.6863575513487
C0,2025-05-11,36782.47725277909,36782.47725277909,0.0,8422.603426190391,45205.08067896948,2163.51189754096,3044.63530617468,19623.54948929666,15910.992808126506,1200.0,10287.4313980768,1200.0
C0,2025-05-12,34593.88131819005,34593.88131819005,0.0,15395.416202036482,49989.29752022653,4607.5746270110585,4145.0635927955755,15516.016466362324,12519.619153306356,1200.0,9459.977702464455,1253.72687160792
C0,2025-05-13,40187.06442139262,40187.06442139262,0.0,4950.9150566208855,45137.979478013505,1170.6603890733868,10556.631125428132,16735.040763251414,13595.44686458884,1209.211486768816,8968.908419485648,1209.211486768816
C0,2025-05-14,39978.85749993729,39978.85749993729,0.0,2133.8883121566555,42112.74581209394,769.3759830229889,9393.838922931856,16963.25487362239,13701.501830069217,1200.0,9790.376182677708,1252.2499507298364
C0,2025-05-15,37656.984064479424,37656.984064479424,0.0,5842.587544463989,43499.57160894341,2526.28671098256,4546.516405674257,17743.526701358103,14394.978089411203,1227.003882606348,9325.391791851313,1227.003882606348
C0,2025-05-16,13552.203663609465,13552.203663609465,0.0,2109.5588171065924,15661.762480716057,918.4132776877657,26204.046603569368,13003.23670370456,10556.925224346405,1200.0,9307.681405331772,1200.0
C0,2025-05-17,13601.121957534759,13601.121957534759,0.0,3950.009257324984,17551.131214859743,1191.1283581007647,19221.03981288613,12880.330471604679,10433.067681999792,1200.0,9357.200272071052,1200.0
C0,2025-05-18,39616.85158379693,39616.85158379693,0.0,997.5680400776366,40614.419623874564,405.4053624728234,8750.12215835444,18457.930029304,14861.2471494403,1200.0,10437.586260195922,1299.6401936621603
C0,2025-05-19,36607.222283665,36607.222283665,0.0,1469.0810470990423,38076.30333076404,414.11884445377746,9437.939376321989,17949.74818578372,14628.972204780763,1200.0,9329.488386596462,1200.0
C0,2025-05-20,34785.1666615117,34785.1666615117,0.0,16268.671801026867,51053.838462538566,4844.949169957401,3705.80104402924,17117.9820954675,13865.565497328667,1200.0,9621.623062514482,1200.0
C0,2025-05-21,35235.569950345925,35235.569950345925,0.0,12276.07181224518,47511.641762591105,3649.874053356166,4188.883949740334,15590.690082471057,12611.908226449586,1200.0,9078.400578713885,1218.389711502186
C0,2025-05-22,35927.56200891891,35927.56200891891,0.0,10327.975492044177,46255.53750096309,3156.97311127206,6493.957065692077,16205.425577393531,13104.014433512202,1200.0,9324.624490669854,1243.256693920582
C0,2025-05-23,11074.130412724166,11074.130412724166,0.0,3914.8949490816035,14989.025361805769,1345.3016843807684,19914.137516295345,14864.662034935609,12036.38015028765,1200.0,10494.402287324509,1247.6968028207996
C0,2025-05-24,11967.486504222337,11967.486504222337,0.0,1887.1497393640282,13854.636243586365,996.5626798805309,22809.747882522686,13167.562800550528,10667.313635712444,1200.0,10439.255902976982,1245.9326169691149
C0,2025-05-25,36632.2685947835,36632.2685947835,0.0,6710.967643496498,43343.23623827999,1433.436403759374,9889.468460827527,16916.081167255947,13719.292115933991,1200.0,8704.478464281752,1226.747760906141
C0,2025-05-26,36708.226004870616,36708.226004870616,0.0,15099.227230263294,51807.45323513391,4602.677170621443,6809.1710941797155,17333.450546674867,13985.731810371086,1200.0,9528.32578758699,1287.151241390093
C0,2025-05-27,32978.20615950065,32978.20615950065,0.0,9527.145345387436,42505.35150488809,3085.10842230918,3108.7628549631872,18916.312180798446,15352.683147222924,1200.0,10206.82180875631,1253.2953738610051
C0,2025-05-28,36580.65117310815,36580.65117310815,0.0,2079.227027633475,38659.87820074163,444.44465783774604,4722.0807103325715,18433.68748638396,14885.90127744294,1253.2953738610051,9838.60040412416,1303.7238033366375
C0,2025-05-29,36023.43553216256,36023.43553216256,0.0,12398.522121305596,48421.95765346816,3327.627811968086,4975.154643561756,17671.876797741104,14407.571629173266,1199.9999999999998,9653.142774967517,1200.0
C0,2025-05-30,11732.654970130272,11732.654970130272,0.0,1408.543501772884,13141.198471903157,514.2767372375965,19020.059486565755,15645.888903271181,12638.115018590572,1200.0,10403.025345596225,1238.9499922878751
C0,2025-05-31,13434.345442742735,13434.345442742735,0.0,1354.7324279386164,14789.07787068135,587.8568876216995,21707.909987858064,17196.783637206325,13964.44973919621,1200.0,9522.277334751525,1200.0
C0,2025-06-01,51136.02428666051,51136.02428666051,0.0,24762.33353965574,75898.35782631625,5840.864077200898,6163.548840143707,16726.78207583249,13548.693481424318,1200.0,9106.43245330998,1200.0
C0,2025-06-02,52054.70100067424,52054.70100067424,0.0,25147.102403001623,77201.80340367586,5732.237795729397,10791.626231049819,16745.35517102506,13563.737688530302,1200.0,8618.173338960407,1200.0
C0,2025-06-03,47551.319903310694,47551.319903310694,0.0,28361.26071513557,75912.58061844626,6126.164485295324,5304.734423696214,16055.130263400952,13004.65551335477,1199.9999999999995,8406.671782932637,1200.0
C0,2025-06-04,55781.70705503278,55781.70705503278,0.0,22150.913439273107,77932.62049430588,5259.212193696067,14396.942990494916,16196.534805113708,13119.193192142102,1200.0,8753.380267517095,1200.0
C0,2025-06-05,46056.83678608328,46056.83678608328,0.0,39034.82021724559,85091.65700332887,8976.9755125194,2307.289956367142,18821.144640171526,15245.127158538937,1199.9999999999995,9520.938468976436,1200.0
C0,2025-06-06,17139.06647424565,17139.06647424565,0.0,20871.26171657944,38010.32819082509,6160.195487088112,6809.082870118712,12123.580495107855,9820.100201037363,1200.0,9028.417109936574,1200.0
C0,2025-06-07,16931.60631411098,16931.60631411098,0.0,18504.72510739372,35436.3314215047,5022.404980960241,8006.500892200181,12825.415155471022,10388.586275931522,1200.0,9447.77931975192,1200.0
C0,2025-06-08,52555.15370532723,52555.15370532723,0.0,10321.023902047244,62876.17760737448,2860.5753369417334,12157.81409983087,15696.924727028616,12578.488811553883,1200.0,9265.759561721545,1351.1335748214435
C0,2025-06-09,62524.928757701935,62524.928757701935,0.0,1490.5019338239256,64015.43069152586,447.5294822432047,14359.661200971781,17978.21199617985,14698.371934244977,1200.0,9587.910216461883,1200.0
C0,2025-06-10,58524.021778976385,58524.021778976385,0.0,4841.120094438143,63365.141873414526,1168.4395505821815,10615.299979648182,19168.931576811738,15518.042775002414,1200.0,9413.03670762695,1209.7686691278811
C0,2025-06-11,61921.0435077023,61921.0435077023,0.0,10930.207824475146,72851.25133217745,2403.882958764089,10147.618000881335,18923.245093363865,15300.287887724095,1200.0,8817.639266602804,1240.369377906365
C0,2025-06-12,57926.31829763954,57926.31829763954,0.0,5206.941318966585,63133.25961660613,1311.6212853020127,7599.054943711977,19818.409514218256,16011.759593384371,1200.0,8703.773670930126,1286.093948053497
C0,2025-06-13,21181.346929851687,21181.346929851687,0.0,861.9688703929601,22043.315800244643,536.018313963969,9828.958043479186,13050.556083791427,10392.620283365926,1286.093948053497,9648.681595177191,1484.2385530591932
C0,2025-06-14,20909.236696157055,20909.236696157055,0.0,541.0213774557167,21450.25807361277,201.80487546956923,11400.602216741752,14688.180435550943,12096.973005125537,1200.0,9475.29873754814,1262.5198282488868
C0,2025-06-15,51334.391132323304,51334.391132323304,0.0,14973.02926838931,66307.42040071261,3810.602104187606,4092.4274154144337,20575.189887602486,16408.57414123501,1200.0,10358.793773757334,1548.4416812744496
C0,2025-06-16,57598.37905944828,57598.37905944828,0.0,8534.996420557656,66133.37548000593,1950.1624363381607,7624.900406649543,19163.04558199576,15826.530542676155,1200.0,9109.478611727567,1210.148768763793
C0,2025-06-17,55940.67322655771,55940.67322655771,0.0,10614.983995275563,66555.65722183327,3179.2877900296703,4738.706795205828,22062.132941312073,17874.19552302453,1200.0,8924.149962416313,1205.851168139625
C0,2025-06-18,59118.18131077974,59118.18131077974,0.0,3444.383295226975,62562.564606006716,848.7551759109499,10825.8269009749,17887.668191430825,14480.290890367465,1200.0,8934.254651495648,1215.5404400190712
C0,2025-06-19,52284.8655496915,52284.8655496915,0.0,9771.718461562277,62056.58401125378,2472.626942289471,6989.9763527467185,16412.163656407072,13307.838957706892,1200.0,8522.238524907196,1200.0
C0,2025-06-20,19503.84573661102,19503.84573661102,0.0,143.15813113987963,19647.0038677509,79.45070041021518,11664.031895008193,14219.629192704553,10751.524198376368,1200.0,10152.19469946037,2051.5282752381377
C0,2025-06-21,19354.451577399697,19354.451577399697,0.0,1109.776688436572,20464.228265836267,577.6308516074573,16891.530132642685,12998.866736250044,11229.490345135437,1200.0,9585.469589220376,1273.2968432682435
C0,2025-06-22,46061.286883548906,46061.286883548906,0.0,12058.931457733068,58120.21834128197,3314.9484060420505,1369.1734436128215,21438.773176166233,17406.931284440183,1218.1503918261517,10784.47283749456,1227.1579413287564
C0,2025-06-23,53476.506161631965,53476.506161631965,0.0,5666.8221543154295,59143.328315947394,1600.266841189117,8698.942643165223,18332.779790391287,14837.199469095915,1227.1579413287564,8874.293295646532,1240.8825647965675
C0,2025-06-24,61172.596469929704,61172.596469929704,0.0,3696.7158071077074,64869.31227703741,1172.4900374612812,6392.30172860319,20829.125333465865,16685.436049056745,1200.0,9412.300207665294,1447.7219770750162
C0,2025-06-25,56158.76191282801,56158.76191282801,0.0,14006.421657112429,70165.18356994045,3339.0469983422645,12006.692286670483,16482.679755988924,13519.671953199862,1260.2760316874226,9018.328499818008,1260.2760316874237
C0,2025-06-26,51053.573966794145,51053.573966794145,0.0,8431.1544873919,59484.72845418604,2346.2739905988005,6455.072935778159,18668.630113465166,15175.838820425466,1200.0,9252.726877474111,1200.0
C0,2025-06-27,18978.331716016914,18978.331716016914,0.0,781.0714187690483,19759.403134785964,568.9825067622904,15799.652189007302,12374.665417609094,9354.848886613127,1200.0,9949.219638721815,1942.922335166932
C0,2025-06-28,18853.288584439517,18853.288584439517,0.0,513.5965072095246,19366.88509164904,242.96731613360265,13219.654290585766,12071.519890054526,10430.3119233376,1200.0,9197.677822710542,1218.0547658408934
C0,2025-06-29,46426.57073236488,46426.57073236488,0.0,26365.275915273873,72791.84664763875,6748.7540778434,2538.368680803126,19143.861198990864,15519.649804572613,1200.0,10800.0,1203.4745065186517
C0,2025-06-30,53697.519081469465,53697.519081469465,0.0,1610.966932366949,55308.48601383641,465.7688846768641,6328.438607460234,20675.137971914995,16749.98881311793,1200.0,10750.971932697445,1200.0
C0,2025-07-01,52080.382610431334,52080.382610431334,0.0,62290.56764522688,114370.95025565822,14912.345378508573,2934.0457017733374,18967.427640494207,15363.616388800307,1199.9999999999995,9213.893454704288,1200.0
C0,2025-07-02,48705.19609673769,48705.19609673769,0.0,51794.5505682304,100499.74666496809,13327.421077520929,1204.457273508601,17341.720286993168,14046.793432464463,1200.0,9445.573596986183,1200.0
C0,2025-07-03,63277.01421904346,63277.01421904346,0.0,41615.98517373347,104892.99939277694,8066.284114635014,9329.546375180918,17083.88168900856,13837.944168096936,1200.0,9073.121323403066,1200.0
C0,2025-07-04,21422.16015541213,21422.16015541213,0.0,39524.01547338033,60946.17562879246,11524.02668310253,17655.28137354859,10870.876571620294,8805.410023012439,1200.0,9225.688763759295,1200.0
C0,2025-07-05,18566.290483886256,18566.290483886256,0.0,41916.01605231156,60482.306536197815,12430.780460635067,15370.960419542276,14305.704404214972,11587.620567414126,1199.9999999999998,10433.912402559074,1200.0
C0,2025-07-06,52146.89356499693,52146.89356499693,0.0,79921.20905283705,132068.10261783397,18551.677699931624,3823.8596248841127,18492.663379175294,14979.05733713199,1200.0,10075.015007511867,1200.0
C0,2025-07-07,51294.76089672589,51294.76089672589,0.0,35465.999272944384,86760.76016967028,9174.079012401982,1264.8972147910158,18658.80374368964,15113.631032388606,1200.0,10344.236477071723,1200.0
C0,2025-07-08,69933.6643161063,69933.6643161063,0.0,366.4857972198189,70300.1501133261,123.90108484140032,12384.115605875517,16875.46873196631,13473.57123053662,1200.0,8838.303380688332,1417.2871581734369
C0,2025-07-09,64911.85090989675,64911.85090989675,0.0,1001.5681011469574,65913.4190110437,139.78861379649183,9581.768987579748,18995.689374578844,15129.185057017396,1263.3477690275756,10335.602364911316,1703.2019763861774
C0,2025-07-10,63076.49272340635,63076.49272340635,0.0,4878.598927219479,67955.09165062582,1316.9720559169489,7611.479978515638,18636.99902777181,15494.104774672716,1200.0,9690.761499949696,1260.8291295222318
C0,2025-07-11,30891.199518315818,30891.199518315818,0.0,349.46312899480256,31240.662647310623,159.98663002847948,15346.524980808828,12598.409106762869,9693.387789975568,1260.8291295222318,9691.184596500229,1828.966447858187
C0,2025-07-12,28819.089700549466,28819.089700549466,0.0,4225.430530521608,33044.520231071074,1520.1866579896155,16872.62653451659,12597.248049106041,10743.844710726193,1228.8844579134068,9703.769266100042,1228.8844579134068
C0,2025-07-13,65664.65214934443,65664.65214934443,0.0,174.81362990011172,65839.46577924455,66.5011669784551,14918.871210514617,17993.309428807137,14355.007653676754,1228.8844579134068,9826.647776008927,1472.8544397545502
C0,2025-07-14,64629.95559789258,64629.95559789258,0.0,3878.033590446573,68507.98918833915,783.926349318856,13648.337928538162,17688.907694766305,14573.584228539801,1200.0,9522.046964304547,1200.0
C0,2025-07-15,67716.57146408435,67716.57146408435,0.0,581.4337050953869,68298.00516917973,143.14595199743036,14698.817420643469,18676.434784650926,15108.391449760597,1200.0,9317.96569286564,1221.6896953407252
C0,2025-07-16,63100.34735344556,63100.34735344556,0.0,6882.522046151703,69982.86939959726,1840.9573291512363,10053.301885842307,18306.316158846188,14672.89438492989,1200.0,10635.545461397012,1394.1582550468445
C0,2025-07-17,57601.58251660927,57601.58251660927,0.0,13520.682042262262,71122.26455887154,3465.7629545964796,5195.713640825169,20640.185001403042,16893.29228067863,1200.0,10680.413870760822,1200.0
C0,2025-07-18,31949.96854309218,31949.96854309218,0.0,4.61481820319898,31954.583361295383,1.8862939722865235,19989.682635050474,11630.382950551393,8954.14322622224,1200.0,9455.018041154355,1718.2966263604346
C0,2025-07-19,26085.123762327454,26085.123762327454,0.0,1200.5365289064348,27285.660291233886,417.75457277334215,16580.68993593351,15666.129956203986,13156.032228249618,1200.0,10800.0,1200.0
C0,2025-07-20,69993.97745860205,69993.97745860205,0.0,4765.1240879888865,74759.10154659094,1017.7227971009037,20951.782813892423,17050.124758634545,13541.13144310826,1200.0,9395.523745734054,1499.4106793174712
C0,2025-07-21,76834.55899362049,76834.55899362049,0.0,150.544009246725,76985.10300286722,41.50498453130883,23965.817745468576,16471.820932088016,13004.249139194691,1475.545132222124,9441.007564829632,1874.8838079803595
C0,2025-07-22,58414.98930959975,58414.98930959975,0.0,2921.0959044308825,61336.08521403063,982.59981453417,1178.694417097703,20963.492262277035,17544.222360849508,1248.4464430857922,10585.355991421076,1248.4464430857922
C0,2025-07-23,69505.70155594333,69505.70155594333,0.0,270.6354959214312,69776.33705186477,105.81045219837301,15607.384405542063,18168.96979147984,14685.734246389577,1200.0,9994.438312767594,1283.036759429234
C0,2025-07-24,75204.88012942494,75204.88012942494,0.0,355.3549203422441,75560.23504976719,103.17597330729309,23029.173238156534,17122.835732226424,13702.090767966632,1283.036759429234,9382.404468068216,1469.043620692313
C0,2025-07-25,27528.14187982188,27528.14187982188,0.0,310.132896310223,27838.274776132104,148.09730281429194,18128.25179235973,13309.995448234815,10704.081645275317,1214.1032653876534,9692.985150091949,1554.6154737977376
C0,2025-07-26,27411.019603771158,27411.019603771158,0.0,709.1421444034804,28120.16174817464,300.7268255523713,16534.62613770675,16619.585272129694,13753.083239331616,1200.0,9664.92470720221,1231.0386194571097
C0,2025-07-27,63150.16945477862,63150.16945477862,0.0,15966.20419436209,79116.3736491407,3740.2414344405743,11510.19033640921,17979.6014260792,14475.069930887823,1209.1959717598452,9316.935290332663,1329.268868608587
C0,2025-07-28,74917.28195140931,74917.28195140931,0.0,5917.049492421366,80834.33144383068,1158.6974039145741,19791.65627396496,18390.873686201627,15012.949667571045,1200.0,9372.534608171396,1200.0
C0,2025-07-29,59880.81242998906,59880.81242998906,0.0,8200.95602257792,68081.76845256698,2437.207444571499,3666.5429219601688,22001.462986038237,17644.6111962596,1204.629527620124,10800.0,1396.1931360348597
C0,2025-07-30,61601.52294193067,61601.52294193067,0.0,21016.339481696275,82617.86242362694,5035.906222809066,8690.244748194564,17976.26465468586,14364.541914643623,1200.0,9492.873721107757,1614.2291978703322
C0,2025-07-31,56351.804859903765,56351.804859903765,0.0,22122.99159521855,78474.79645512231,5025.049500718333,2379.5602400154203,19786.160121405115,16399.595976421442,1200.0,9763.671682537408,1200.0
C0,2025-08-01,23866.047397240025,23866.047397240025,0.0,1568.3659004115711,25434.413297651594,445.9842158679896,18946.963502334525,15627.891764395115,12631.982867337767,1200.0,10800.0,1229.5660686914164
C0,2025-08-02,30464.481534427283,30464.481534427283,0.0,483.95050611196524,30948.43204053925,184.54232605437346,30593.737221334442,13137.830850264647,10668.252450536636,1200.0,9506.437246161391,1200.0
C0,2025-08-03,46106.1261069294,46106.1261069294,0.0,20753.110025453414,66859.23613238281,5047.289866637549,1802.563001921533,20022.44255262626,16206.177951783768,1200.0,10800.0,1213.333906492782
C0,2025-08-04,64214.1399698526,64214.1399698526,0.0,1847.6069726117773,66061.74694246438,560.9346339344222,19380.016361525864,16702.400953122284,13273.944295887024,1213.333906492782,9424.20176430284,1496.6677688728134
C0,2025-08-05,60894.894664250794,60894.894664250794,0.0,733.0081361168908,61627.90280036769,230.13992417316413,14876.045428326499,16995.7654116392,13650.07901606486,1496.6677688728134,9426.623226144604,1626.1021770538052
C0,2025-08-06,68897.51635656765,68897.51635656765,0.0,3485.3671652859275,72382.88352185357,698.7962910961346,20804.476378932668,16786.22844807285,13659.561250769493,1200.0,9344.515906295315,1556.4175016866025
C0,2025-08-07,56868.39645286453,56868.39645286453,0.0,7816.762295145507,64685.158748010035,2023.9659285541925,17459.006014527655,18544.814333498005,15342.075361651323,1199.9999999999998,10781.19841766458,1200.0
C0,2025-08-08,26824.62897662073,26824.62897662073,0.0,279.4333348107916,27104.06231143152,97.01909043158784,29751.186832309973,12775.82314116835,10004.933510587678,1200.0,9714.219758193389,1581.6480375096537
C0,2025-08-09,21730.129117050983,21730.129117050983,0.0,2728.72716265423,24458.856279705215,779.2036480367043,18761.019058641752,16654.97518980347,13800.575857465494,1200.0,10800.0,1237.152533371119
C0,2025-08-10,54107.06229306829,54107.06229306829,0.0,4264.66571395519,58371.72800702348,904.0928775256798,4970.161370854692,17720.70793148993,14387.210704540865,1200.0,10800.0,1200.0
C0,2025-08-11,51583.09558357326,51583.09558357326,0.0,5640.732783481078,57223.82836705434,1279.965322582014,6182.306171391848,19999.26349975711,16139.6380207655,1200.0,10800.0,1266.4060155975126
C0,2025-08-12,61541.65308404064,61541.65308404064,0.0,5292.523051939184,66834.17613597983,1004.3736803541353,15699.256608787024,16195.034211083206,13093.354166814608,1266.4060155975126,9548.787000997365,1293.7655091117217
C0,2025-08-13,59737.81977351664,59737.81977351664,0.0,11484.39272302931,71222.21249654595,2942.620014978843,16302.636780754194,16457.817270922085,13415.220947647435,1200.0,9213.3322566453,1200.0
C0,2025-08-14,61940.80688994255,61940.80688994255,0.0,5346.944463008301,67287.75135295086,1005.2010041150359,16656.113582273145,17605.004078350612,14260.053303463998,1200.0,9287.377862194036,1200.0
C0,2025-08-15,23346.453208952484,23346.453208952484,0.0,1314.196864311341,24660.650073263827,511.33613527285644,22592.361175890062,13966.750991807408,11313.068303363996,1200.0,10800.0,1200.0
C0,2025-08-16,24320.034263002635,24320.034263002635,0.0,1814.430510139773,26134.46477314241,726.2744933256845,23914.2568094618,16117.60083621712,13031.925516105428,1200.0,10643.3028039097,1225.923512478262
C0,2025-08-17,52863.46952190581,52863.46952190581,0.0,6612.548561953379,59476.01808385919,1234.472011993349,9268.717267473043,19727.77335730845,16002.82758065028,1200.0,10298.328178620362,1200.0
C0,2025-08-18,55911.559901598615,55911.559901598615,0.0,1245.34148679781,57156.90138839642,333.2979999604111,8151.193993658724,19751.09180412484,15772.219469706839,1200.0,10790.468652077812,1451.2943240381007
C0,2025-08-19,62333.81509041819,62333.81509041819,0.0,520.2688925575218,62854.08398297571,168.7781735318957,17674.70723232887,16473.67711521617,13384.962039280324,1360.3815088181068,9382.404468068216,1405.4236840878518
C0,2025-08-20,67300.74627965769,67300.74627965769,0.0,6697.332777876004,73998.07905753369,1226.8346845223443,20622.564291462637,18562.069764215725,15168.897114859532,1200.0,9378.503232329333,1256.956344260302
C0,2025-08-21,53188.45686716319,53188.45686716319,0.0,2583.351797419316,55771.80866458251,584.3588067926163,5225.348557663893,19402.341574801252,15764.00772981032,1200.0,10731.740404815406,1203.499617347737
C0,2025-08-22,22417.696736490147,22417.696736490147,0.0,2851.0033636145895,25268.700100104736,789.6998239607848,17080.20761154608,14619.322975282488,11754.588962708222,1200.0,10800.0,1300.235892092841
C0,2025-08-23,26743.062081972257,26743.062081972257,0.0,3303.50614373237,30046.56822570463,1207.7004612746723,24588.114047360385,12371.7086602084,10111.296317652364,1200.0,9456.26681050365,1200.0
C0,2025-08-24,50347.66766668472,50347.66766668472,0.0,9189.24754313226,59536.91520981698,2693.0820925895305,2330.72386304394,19807.68779769124,16016.361495391026,1200.0,10795.401203562924,1230.9618008209836
C0,2025-08-25,71654.52074293197,71654.52074293197,0.0,638.6456466574476,72293.16638958942,162.43499375813408,24120.590758051552,18191.42284658872,14520.431874899703,1200.0,10696.780790235804,1469.429168417829
C0,2025-08-26,53687.85210070294,53687.85210070294,0.0,3638.805513580066,57326.65761428301,1249.2122118027912,4253.638175424426,19714.775247085752,15740.752591564655,1301.47043563911,10749.23827100837,1723.001789056509
C0,2025-08-27,61950.21798923192,61950.21798923192,0.0,11943.152803500829,73893.37079273275,3164.366158558129,17934.50822447257,18400.655896008575,15216.089078578703,1376.8264525989998,9358.785514702697,1376.8264525989998
C0,2025-08-28,49404.08662006208,49404.08662006208,0.0,24970.985860165707,74375.07248022778,6607.231936232877,300.6972807363993,21225.157860373918,17313.224417390615,1200.0,10569.621939257591,1242.552507612624
C0,2025-08-29,26047.17510668308,26047.17510668308,0.0,15.417496103277513,26062.592602786357,8.183384343565558,20792.10727629483,14999.978646877444,12045.559011624951,1242.552507612624,10695.714970092078,1358.5788324412656
C0,2025-08-30,24414.297017362693,24414.297017362693,0.0,1300.054044450791,25714.351061813482,432.42201615927013,22672.416767568284,15994.605203496354,13097.751924346256,1200.0,10384.967947280642,1200.665821869923
C0,2025-08-31,51018.57012496358,51018.57012496358,0.0,10469.367472983058,61487.93759794664,2710.8633570236234,2217.111418396748,19947.64461082654,16112.822031893702,1200.0,10766.787218618556,1250.4103806208052
C0,2025-09-01,51343.701232262516,51343.701232262516,0.0,0.0,51343.701232262516,0.0,22518.731412261262,16802.949721120913,11759.454642895646,1270.1906809697805,10800.0,3307.004415301132
C0,2025-09-02,45541.696527011045,45541.696527011045,0.0,81.83148310248059,45623.52801011352,28.242099431399687,13146.032046697985,15932.246933199309,13418.317233240026,1418.371507964609,10466.559102755657,2736.7852849138158
C0,2025-09-03,52046.971370797946,52046.971370797946,0.0,614.2155223198687,52661.18689311781,211.80389332981306,22146.148166774896,15858.257249615926,13430.454816481515,1499.7557768097895,9418.641630895854,2086.4892356998007
C0,2025-09-04,50837.19575424982,50837.19575424982,0.0,3130.035390470471,53967.231144720296,753.1231377929523,20959.664324309215,17334.49804238986,13794.582668274115,1200.0,9203.116427223184,2360.2233979905445
C0,2025-09-05,19106.348607536795,19106.348607536795,0.0,0.0,19106.348607536795,0.0,30343.711862147993,12911.813446457603,11096.691797709103,1443.7865017294546,10418.600492771768,1651.197946792272
C0,2025-09-06,18378.72149024118,18378.72149024118,0.0,669.9364999248801,19048.65799016606,236.23763633590636,28113.33637443721,14365.75016357694,11543.223697834914,1200.0,10787.75852685555,1754.568985306065
C0,2025-09-07,41585.30221495851,41585.30221495851,0.0,4706.251197590825,46291.553412549336,1196.0446930404958,6782.660211296414,19137.597132457453,15410.904873381953,1200.0,10800.0,1855.178767426712
C0,2025-09-08,37165.20657194308,37165.20657194308,0.0,25504.68669179281,62669.89326373589,6296.646833894264,4194.7191280443,21133.06049738228,17707.43989356369,1200.0,10799.153729688098,1200.0
C0,2025-09-09,34690.32474481204,34690.32474481204,0.0,25362.931061076022,60053.25580588806,6763.99171068752,4282.842883574024,20721.528871789804,16784.438386149748,1200.0,10587.492550339428,1200.0
C0,2025-09-10,41123.81498564428,41123.81498564428,0.0,18785.66033661388,59909.475322258164,4765.400099773077,4532.033055499034,20325.170338554122,16463.387974228837,1199.9999999999998,10430.746924049254,1200.0
C0,2025-09-11,37480.28706972821,37480.28706972821,0.0,16700.294721890376,54180.581791618584,4468.28308933899,6477.6041956029585,20725.387135125766,16784.420936607865,1200.0,10676.47247838896,1203.491825382231
C0,2025-09-12,13384.515160141953,13384.515160141953,0.0,5551.055975532632,18935.571135674585,2342.3955301172496,18230.508130250088,16928.915493490986,13712.421549727707,1199.9999999999998,10633.622536125027,1203.491825382231
C0,2025-09-13,12366.982531184436,12366.982531184436,0.0,10296.036298190973,22663.018829375407,3534.0343776825302,21676.502508244244,16496.43504654952,13365.255030549115,1200.0,10800.0,1200.0
C0,2025-09-14,42220.05682873788,42220.05682873788,0.0,12539.515906727342,54759.57273546522,3153.174410084969,5781.640138745667,17776.83956881184,14399.2400507376,1199.9999999999995,10610.089596935291,1200.0
C0,2025-09-15,39729.00416820861,39729.00416820861,0.0,18054.90599044142,57783.91015865003,4667.877158008868,6356.242992104278,20431.90690830571,16513.306354140273,1200.0,10032.998980143338,1240.5980462081625
C0,2025-09-16,43976.72511243885,43976.72511243885,0.0,8225.005481378743,52201.73059381759,2075.556414189433,6742.696014200559,19785.85748982204,16063.082808343193,1199.9999999999998,10429.21954019912,1200.0
C0,2025-09-17,43656.392734000154,43656.392734000154,0.0,10370.963579423165,54027.35631342332,2783.8233134697034,6812.060206121436,19279.99646701722,15616.79713828395,1200.0,10187.30763361603,1200.0
C0,2025-09-18,37148.51545510553,37148.51545510553,0.0,25536.91011414527,62685.4255692508,7032.152491685545,2131.3632510841903,20851.221677136436,16889.489558480513,1199.9999999999998,10348.833484198696,1200.0
C0,2025-09-19,13874.178472779487,13874.178472779487,0.0,5063.579777487199,18937.758250266685,1882.4315255501674,14209.581759604609,17015.26161099793,13782.361904908325,1200.0,10800.0,1200.0
C0,2025-09-20,14308.609408089022,14308.609408089022,0.0,7398.937159981287,21707.54656807031,2231.6574230736774,16255.560373467815,15772.348119195089,12775.60197654802,1200.0,9878.78797063854,1200.0
C0,2025-09-21,41444.75412938805,41444.75412938805,0.0,9586.219537607652,51030.9736669957,2174.3242172822565,4270.237873526154,19922.88218404601,16115.81907921708,1200.0,10271.09553728831,1224.1283220668831
C0,2025-09-22,47579.7942636588,47579.7942636588,0.0,3560.0970009256866,51139.89126458448,1144.8803238308699,9273.12492435604,19571.288978725217,15874.459562627617,1199.9999999999998,10307.29163465124,1200.0
C0,2025-09-23,44937.09734746748,44937.09734746748,0.0,4237.953731478828,49175.051078946315,1051.2110621355605,4050.713867988793,20367.46125501441,16480.916931207103,1200.0,10800.0,1218.585205949516
C0,2025-09-24,41242.515735374815,41242.515735374815,0.0,24165.27269122277,65407.78842659758,7125.898747479196,4995.79119225936,18884.505250704482,15313.175938425193,1200.0,9859.298879543376,1200.0
C0,2025-09-25,43975.17193529473,43975.17193529473,0.0,15481.427665945712,59456.59960124044,4161.193926223464,7634.611947833185,20432.857934462038,16550.614926914255,1200.0,9887.443447881877,1200.0
C0,2025-09-26,14066.144131570289,14066.144131570289,0.0,1613.75478617335,15679.898917743638,839.3047845167281,12549.55486655939,17280.121834282658,13996.898685768956,1200.0,10800.0,1200.0
C0,2025-09-27,15106.891581313395,15106.891581313395,0.0,15569.64338783198,30676.534969145378,5515.412975697423,18203.371083931735,15383.585311194556,12460.704102067592,1200.0,10037.866367654738,1200.0
C0,2025-09-28,43915.63709204428,43915.63709204428,0.0,18083.087209885998,61998.72430193028,4628.778484677709,5653.791826669995,19805.354809802164,16042.337395939752,1200.0,10192.883187435018,1200.0
C0,2025-09-29,46491.022926420344,46491.022926420344,0.0,3415.098612993397,49906.12153941374,990.441858245648,5035.554681074155,20782.928692717385,16834.172241101085,1200.0,10490.893207593945,1200.0
C0,2025-09-30,46217.42811307812,46217.42811307812,0.0,16979.64752232019,63197.07563539831,4762.30314592354,5137.624331430278,22419.876205083106,18160.099726117314,1200.0,10148.207031509271,1200.0
C0,2025-10-01,37490.87597524999,37490.87597524999,0.0,1544.9097283776596,39035.785703627655,366.5676834695381,7709.654906374135,22107.52315557357,17819.65970511145,1200.0,10800.0,1297.148945447938
C0,2025-10-02,45906.28138274626,45906.28138274626,0.0,2303.914855747709,48210.19623849397,847.2298791308948,18089.454991470007,17762.08885384321,13967.68844540268,1296.33623670649,10146.814436126144,1763.3750856816243
C0,2025-10-03,12519.827058529294,12519.827058529294,0.0,1230.3257857398835,13750.152844269178,637.4770681977584,20533.00427662039,16893.90765055776,14104.411152414887,1200.0,10451.513187415489,1296.3240240559626
C0,2025-10-04,13940.774802831926,13940.774802831926,0.0,1353.0135867328204,15293.788389564746,516.7758358484768,17491.77921662753,16600.640513850023,13418.093821191638,1325.143698905288,10800.0,1327.9073518636062
C0,2025-10-05,44821.725125875026,44821.725125875026,0.0,1771.3198115531873,46593.04493742821,615.9150881265783,14996.42435753493,17437.993467722186,14181.693962840978,1200.0,9849.30224608175,1264.663736323595
C0,2025-10-06,39639.40308425123,39639.40308425123,0.0,13398.972587685295,53038.37567193653,4659.097874037532,4037.810678413727,20126.729819521046,16357.088745669522,1200.0,10226.113384577448,1204.1775231486265
C0,2025-10-07,40740.00407871657,40740.00407871657,0.0,4812.9569444000745,45552.961023116644,1132.5709459208551,3798.183289945856,19304.509570261318,15626.642333661757,1200.0,10054.81011171412,1215.300210092968
C0,2025-10-08,37212.82952605497,37212.82952605497,0.0,15376.597357654306,52589.426883709275,3758.268760281087,2591.6689543462876,19596.84415058436,15887.213951057001,1200.0,9655.838559099358,1200.0
C0,2025-10-09,43126.04002334144,43126.04002334144,0.0,9821.75715620091,52947.79717954235,2307.808031558029,12603.54334198576,19138.752835005493,15502.389796354453,1200.0,10425.516002013264,1200.0
C0,2025-10-10,13522.853679257416,13522.853679257416,0.0,3646.8794900468965,17169.733169304312,1305.5990631428167,22095.539253263192,16623.76097796776,13465.246392153887,1200.0,9917.080909704458,1200.0
C0,2025-10-11,12975.391020123656,12975.391020123656,0.0,5179.28852835974,18154.679548483397,1427.911741586134,16743.31525563589,18026.88025901415,14601.773009801464,1200.0,9865.44383093252,1200.0
C0,2025-10-12,39491.70624395159,39491.70624395159,0.0,18207.036602383527,57698.74284633512,4271.513045221573,6892.933576683773,19727.264703284563,15979.084409660498,1200.0,9761.971004430708,1200.0
C0,2025-10-13,44229.65969444561,44229.65969444561,0.0,9188.415132902424,53418.074827348035,1932.974396018604,11159.76981613355,18259.677683977614,14771.416291419193,1200.0,9665.733655976412,1221.025147336304
C0,2025-10-14,45333.30436446944,45333.30436446944,0.0,13098.696471589536,58432.00083605897,2743.9300149657315,10145.109956635142,19615.685470199223,15907.627863464042,1200.0,9732.820826999015,1200.0
C0,2025-10-15,46046.886273708355,46046.886273708355,0.0,7714.380322798941,53761.266596507296,1689.4083163898372,8035.659476166132,21757.57447285636,17623.63532301365,1200.0,9968.30029653434,1200.0
C0,2025-10-16,42981.182137367425,42981.182137367425,0.0,15247.248088282746,58228.430225650176,3504.3931091622735,4536.669480589507,21122.519848081218,17109.241076945786,1200.0,10618.216900302408,1200.0
C0,2025-10-17,12844.878396847365,12844.878396847365,0.0,12045.295169841665,24890.17356668903,4526.823783113155,17217.89031038506,17690.17373278388,14329.040723554943,1200.0,10035.882073471112,1200.0
C0,2025-10-18,13883.48195177874,13883.48195177874,0.0,3170.297034245883,17053.778986024623,1284.946188866218,15919.033984952703,18067.54657860595,14634.71272867082,1200.0,10101.982336038393,1200.0
C0,2025-10-19,42869.067386434755,42869.067386434755,0.0,12085.09885958193,54954.166246016684,3722.771835899595,947.4223725492411,21715.911560295834,17589.88836383963,1200.0,10251.37606530741,1200.0
C0,2025-10-20,49335.6932879387,49335.6932879387,0.0,2650.2083695495817,51985.901657488284,824.3045486185767,8460.7415048602,19238.111213189473,15582.870082683487,1200.0,10500.36335796485,1200.0
C0,2025-10-21,50389.15213437647,50389.15213437647,0.0,8451.151907132467,58840.304041508934,1799.8374895284044,8488.225723404443,19059.57944312216,15438.25934892895,1200.0,9625.935201322074,1200.0
C0,2025-10-22,44941.33428844686,44941.33428844686,0.0,12842.481237665173,57783.815526112034,3289.687323523204,2007.2537215726295,18952.183385091033,15351.26854192374,1200.0,9502.200014140706,1200.0
C0,2025-10-23,53270.5767190131,53270.5767190131,0.0,9224.40800326466,62494.98472227776,2086.8631751913454,17792.046166742835,18592.761404208995,15060.136737409286,1200.0,9480.510087284843,1200.0
C0,2025-10-24,14250.671271243273,14250.671271243273,0.0,8528.824522575473,22779.495793818747,3189.4947243204174,15781.52730117766,15771.477785178877,12774.89700599489,1200.0,9895.461296993892,1200.0
C0,2025-10-25,14160.842248194193,14160.842248194193,0.0,6265.341131161216,20426.18337935541,1798.2632669145883,13721.381676869578,16445.417871401525,13320.788475835234,1200.0,9801.003135344969,1200.0
C0,2025-10-26,48657.36552733729,48657.36552733729,0.0,7912.162918049658,56569.52844538695,1852.0904667268187,7854.954038733628,18224.89551560524,14762.165367640244,1200.0,9376.298595364373,1200.0
C0,2025-10-27,45233.40959474118,45233.40959474118,0.0,10407.461670114259,55640.871264855436,2475.575095961558,5299.31452459033,19706.44861886618,15939.895624108829,1200.0,9637.710828080912,1224.808619080858
C0,2025-10-28,44248.19659956897,44248.19659956897,0.0,20459.80104736835,64707.997646937314,5217.595556051645,2774.2785697425866,19903.188393412634,16143.910355837004,1200.0,10063.727223492851,1200.0
C0,2025-10-29,54106.51925938553,54106.51925938553,0.0,9157.190264384393,63263.709523769925,1882.946607280543,10440.903998048014,19569.23154228786,15851.07754925317,1199.9999999999998,9694.108057524742,1200.0
C0,2025-10-30,45382.981700401906,45382.981700401906,0.0,19153.7839712331,64536.765671635,4784.45587052331,4913.965675533648,20440.93624674492,16557.158359863388,1200.0,9667.70826343408,1200.0
C0,2025-10-31,16264.067983775412,16264.067983775412,0.0,1296.980157427093,17561.048141202504,522.2421777752185,11216.404517177083,16683.192204329433,13513.385685506846,1200.0,10108.820070424988,1200.0
C0,2025-11-01,14265.574584534435,14265.574584534435,0.0,5307.872827171888,19573.447411706322,2007.5911009923432,10986.40984652244,17952.187669779807,14541.272012521644,1200.0,10094.945980420543,1200.0
C0,2025-11-02,50462.55930839538,50462.55930839538,0.0,15752.755825489787,66215.31513388517,3429.3655965935923,6414.587078546115,18019.59957534347,14583.089597294342,1200.0,9553.029183976185,1214.2067319265211
C0,2025-11-03,56041.2742494074,56041.2742494074,0.0,1514.0025864188535,57555.276835826255,407.2450555142451,10780.684064239698,18436.65233120878,14946.474447012983,1200.0,9666.680352562496,1200.0
C0,2025-11-04,50099.32492634471,50099.32492634471,0.0,7831.217648405828,57930.542574750536,1538.736819496582,5975.686536743122,18465.319247984364,14956.908590867333,1200.0,9654.00620222833,1200.0
C0,2025-11-05,56209.11036198586,56209.11036198586,0.0,2749.605845583625,58958.71620756949,595.2322195767891,10689.370605469392,19895.75896084049,16078.876431077146,1200.0,9845.411385641954,1240.764808004056
C0,2025-11-06,55248.07123098738,55248.07123098738,0.0,14964.710976005186,70212.78220699256,2938.3419286188314,10082.385541535097,17650.88467441488,14318.229283422188,1200.0,9298.878199370323,1217.4173667305693
C0,2025-11-07,15025.287151683728,15025.287151683728,0.0,4157.926323753303,19183.21347543703,1428.7402501979882,11042.823180206367,18365.26298753597,14891.538649961647,1199.9999999999998,9953.926349958863,1200.0
C0,2025-11-08,15778.486386847446,15778.486386847446,0.0,2827.7727239029937,18606.259110750438,744.9525575124148,11343.233018332703,17379.765216373336,14077.609825262403,1200.0,9590.484007605051,1200.0
C0,2025-11-09,53486.813797699724,53486.813797699724,0.0,6436.337218401701,59923.15101610143,1432.4144212845713,4918.975125463257,19868.81109156775,16093.736984169882,1200.0,9461.003812753135,1200.0
C0,2025-11-10,56513.98122628541,56513.98122628541,0.0,9738.911331730886,66252.89255801629,2046.1023784067868,6247.4709717037995,20907.32765796606,16920.55465377981,1200.0,9754.168053907872,1215.9786101918814
C0,2025-11-11,57084.46705098822,57084.46705098822,0.0,1200.623968068625,58285.09101905685,312.56415589622526,8563.043395219025,19442.04650546622,15762.438418600334,1200.0,9798.287452875924,1200.0
C0,2025-11-12,57805.70754314272,57805.70754314272,0.0,6247.66726325473,64053.37480639745,1187.4987903732053,11613.981656143374,18745.731493695024,15184.04250989297,1200.0,9512.04317796192,1200.0
C0,2025-11-13,52096.55501658633,52096.55501658633,0.0,22695.47337837969,74792.02839496602,5155.492887694464,4897.227226665519,18389.78088197513,14845.582272013036,1200.0,9412.396700648174,1255.7113804297992
C0,2025-11-14,15937.731348062982,15937.731348062982,0.0,3646.264751751587,19583.99609981457,1359.122325586151,7858.813173526223,17736.493830017967,14416.700244701375,1200.0,9995.002917813415,1200.0
C0,2025-11-15,16462.42466329429,16462.42466329429,0.0,2757.786673311585,19220.211336605873,917.8281152382381,8013.234637791595,18569.77010755898,15033.52662076632,1200.0,9618.867760601255,1208.8746292849517
C0,2025-11-16,57501.27983899495,57501.27983899495,0.0,13944.395095018883,71445.67493401383,2996.5488493026087,8797.301621198765,19802.063580452308,16047.658666522826,1200.0,9652.63209685616,1200.0
C0,2025-11-17,50419.035662444854,50419.035662444854,0.0,13118.632177489757,63537.667839934606,3970.3552300419497,1215.4705626546947,21840.256075384998,17686.847650228083,1200.0,10775.36296584012,1204.177523148626
C0,2025-11-18,55360.3085870484,55360.3085870484,0.0,8002.785353853978,63363.09394090238,1755.2950371026961,3177.686405738677,20391.003104341224,16520.47228535016,1200.0,9523.721986975035,1200.0
C0,2025-11-19,56790.868244444944,56790.868244444944,0.0,16805.448595018104,73596.31683946305,3544.8317703774555,5563.090034221472,18422.256885980165,14922.028077643934,1200.0,9661.486653212609,1200.0
C0,2025-11-20,55230.14268651889,55230.14268651889,0.0,15747.39700568797,70977.53969220686,3339.824934327707,5655.799724761508,19904.121166464574,16122.338144836303,1200.0,9990.705814330036,1200.0
C0,2025-11-21,15896.452710975784,15896.452710975784,0.0,6554.770684623457,22451.223395599238,2724.4478128462156,7498.969047776285,18080.605163156903,14630.553680439973,1200.0,10261.795378436474,1216.3738907968018
C0,2025-11-22,18509.162474736728,18509.162474736728,0.0,3022.3603564365208,21531.52283117325,979.6167544580328,12511.41859671966,18529.67135882763,15023.770302367499,1200.0,9858.03708483906,1200.0
C0,2025-11-23,57138.25930603009,57138.25930603009,0.0,12861.038128590993,69999.29743462108,2676.6052710033373,5973.0685244505585,19098.640745598128,15469.899003934484,1200.0,9796.39860769097,1200.0
C0,2025-11-24,54053.396398213816,54053.396398213816,0.0,10817.28370891686,64870.680107130676,2460.331748154385,3182.8409734284282,22305.195285826172,18067.2081815192,1199.9999999999998,9829.421747927385,1200.0
C0,2025-11-25,63180.98482539903,63180.98482539903,0.0,2807.3122755143254,65988.29710091335,732.063172678429,10728.68415894427,19419.817563812172,15730.052226687862,1200.0,9643.136289388864,1200.0
C0,2025-11-26,60953.25221812031,60953.25221812031,0.0,8316.622809172391,69269.8750272927,1626.8418143187141,8400.572111633734,22549.82781904556,18265.360533426898,1200.0,10142.850744586798,1200.0
C0,2025-11-27,58207.247615499036,58207.247615499036,0.0,8521.250871063477,66728.49848656252,1703.7028655211627,5339.516914384349,21056.85463147869,17056.052251497735,1200.0,10008.354922439028,1200.0
C0,2025-11-28,15374.38314957436,15374.38314957436,0.0,5569.0457805424485,20943.42893011681,1894.4463931232133,4643.565788182322,19511.26258730057,15799.90312176513,1200.0,10184.081000344117,1204.6884154981497
C0,2025-11-29,20446.624850244538,20446.624850244538,0.0,1113.0010648793966,21559.625915123932,470.83531348772533,10378.651727247803,19568.80326945486,15854.950222206771,1199.9999999999998,9980.853293246237,1200.0
C0,2025-11-30,59784.531261759694,59784.531261759694,0.0,18485.643156488506,78270.17441824819,3827.7026714144868,4980.24148572397,21325.991195948693,17274.05286871844,1200.0,10097.312117537213,1200.0
C0,2025-12-01,66889.97307945156,66889.97307945156,0.0,20241.359295186317,87131.33237463787,4773.809807001674,3555.7979111148993,23283.14018573936,18859.343550448884,1200.0,9984.769972204598,1200.0
C0,2025-12-02,69841.46023548608,69841.46023548608,0.0,26402.616826260386,96244.07706174646,5587.849161178677,5029.920817921816,23560.478681597648,19083.987732094094,1200.0,10123.999009493413,1200.0
C0,2025-12-03,61457.49620223369,61457.49620223369,0.0,52065.160777019206,113522.65697925289,11826.431493754244,2845.8971214981284,21762.638787074644,17627.73741753046,1200.0,9979.752903254774,1200.0
C0,2025-12-04,68234.46899834745,68234.46899834745,0.0,35373.39138504834,103607.86038339579,7420.1994304863365,7138.278230858658,20013.263050822712,16210.743071166395,1200.0,9626.627803178577,1200.0
C0,2025-12-05,19658.107592960063,19658.107592960063,0.0,16047.13767387928,35705.245266839345,5338.663728051853,3545.9434376540594,19940.36677842255,16151.69709052227,1200.0,10013.456793331758,1200.0
C0,2025-12-06,20770.366593421415,20770.366593421415,0.0,15293.285263087535,36063.65185650895,4924.509230896059,3125.6117659008696,20960.403180166206,16977.92657593463,1200.0,10100.337909969136,1200.0
C0,2025-12-07,70568.92629508731,70568.92629508731,0.0,18601.056935835146,89169.98323092246,4354.118333014069,5449.271496564353,20961.100973845434,16978.4917888148,1200.0,9897.856519160998,1200.0
C0,2025-12-08,78518.80041035592,78518.80041035592,0.0,1453.0045297450615,79971.80494010099,339.0317153122819,10350.616170650028,21044.47611710561,16988.152117368627,1200.0,10143.405295024431,1264.303930541017
C0,2025-12-09,76586.40291488473,76586.40291488473,0.0,2100.402511796755,78686.80542668149,439.1520631512738,9724.026120700526,22220.523990737092,18014.100152708837,1200.0,10110.887393302992,1247.1086858612464
C0,2025-12-10,72392.66030499978,72392.66030499978,0.0,7363.080968871787,79755.74127387156,1205.5198189459543,4261.802040851101,22797.90497977572,18508.700850893463,1200.0,10472.949135761346,1200.0
C0,2025-12-11,75890.18900680137,75890.18900680137,0.0,709.5897282777726,76599.77873507915,176.72586363839991,11392.851872738811,21235.695990788292,17199.473036254516,1200.0,10146.4470026489,1201.6007958711143
C0,2025-12-12,24940.889960958466,24940.889960958466,0.0,3041.551654286188,27982.441615244654,1011.4413443799137,6555.888012448306,16755.023043707835,13530.70399614976,1200.0,10355.595133590876,1247.0059839306582
C0,2025-12-13,25401.065746668064,25401.065746668064,0.0,3744.205798420521,29145.271545088584,1158.7522652129585,7607.599087598267,18281.959856949674,14850.69286966683,1200.0,10146.795715444305,1200.0
C0,2025-12-14,71685.80838301343,71685.80838301343,0.0,15847.128309970369,87532.93669298379,2859.5819298392144,4380.2069370843055,23961.6735730599,19402.842948336795,1200.0,10291.933491789432,1206.7918287130226
C0,2025-12-15,71006.2305488997,71006.2305488997,0.0,15555.333706732561,86561.56425563224,3769.882386388501,3477.4780081885933,22919.34623889896,18570.783099349886,1200.0,10143.16161853906,1200.0
C0,2025-12-16,79396.70583695648,79396.70583695648,0.0,961.9199530846233,80358.62579004109,272.99423669399914,8257.257095212242,20542.57269505443,16639.48388299409,1200.0,10141.457974175004,1200.0
C0,2025-12-17,77938.78372614873,77938.78372614873,0.0,2733.918740738644,80672.70246688738,584.2686432571637,10336.991014449597,21140.82037298775,17124.06450212008,1200.0,10306.034199509437,1200.0
C0,2025-12-18,72262.99809057436,72262.99809057436,0.0,8004.433139155419,80267.43122972977,1884.0856601928713,6415.3805058946145,21927.07287837302,17754.21210128712,1200.0,10349.811328990569,1207.4632557722564
C0,2025-12-19,25545.494664779555,25545.494664779555,0.0,4670.778534218191,30216.273198997744,1711.014217375872,8950.988823271373,18671.944741235227,15130.992170595568,1200.0,10404.119876444516,1200.0
C0,2025-12-20,23877.366084865826,23877.366084865826,0.0,984.6469147983541,24862.01299966418,419.1648073930367,4830.435943566538,20004.327154117156,16174.294718878466,1200.0,10343.40820927873,1232.4558621738092
C0,2025-12-21,73738.06426214636,73738.06426214636,0.0,3123.110844969365,76861.17510711573,682.9727297340517,3386.4068727966933,20607.282150387247,16721.108817770102,1200.0,10277.466456992834,1200.0
C0,2025-12-22,75828.51527475397,75828.51527475397,0.0,7187.804718392174,83016.31999314614,1827.3878029068376,6434.871496380409,20144.641496059005,16304.576867764994,1200.0,10389.5063104437,1213.9808267142175
C0,2025-12-23,74061.07460221116,74061.07460221116,0.0,2627.3638540692364,76688.4384562804,554.4612930910622,6622.251299161326,22632.431984954237,18326.14592529148,1200.0,10536.399557976698,1220.7852517380477
C0,2025-12-24,72123.63637402796,72123.63637402796,0.0,3097.315495055704,75220.95186908367,680.7958767940411,4303.4825828195235,22622.759813610013,18343.142175588353,1200.0,10530.41944748337,1200.0
C0,2025-12-25,70017.2226323966,70017.2226323966,0.0,13647.51837201145,83664.74100440806,2934.642361996179,4285.828973661812,22329.067024434204,18086.544289791706,1200.0,10070.00993284583,1200.0
C0,2025-12-26,22457.540175176524,22457.540175176524,0.0,3739.9607223851553,26197.50089756168,1569.5516037483696,2738.1291062723394,20130.06627713097,16040.538284567956,1200.0,10343.40820927873,1494.2393332312529
C0,2025-12-27,23859.63366176053,23859.63366176053,0.0,3083.1709671116137,26942.80462887214,1250.6328836758116,6885.884009554329,19341.714913140044,15931.604479551565,1200.0,10107.529886181754,1200.0
C0,2025-12-28,73896.05288684978,73896.05288684978,0.0,4048.5490247824605,77944.60191163224,1046.7908587900179,7019.695922021725,20215.16055377996,16355.763337476148,1200.0,10208.167890822617,1220.574123428467
C0,2025-12-29,72193.85614726592,72193.85614726592,0.0,4235.662296381284,76429.5184436472,1025.9898576509167,5521.592797560289,22816.14729437395,18499.596019528522,1200.0,10380.345307652768,1200.0
C0,2025-12-30,74367.00370162989,74367.00370162989,0.0,4109.982195364152,78476.98589699404,1067.9257136825443,10012.828549228963,21192.42398502225,17109.268719835247,1200.0,10389.698205991996,1262.8830089253022
C0,2025-12-31,76174.7043506368,76174.7043506368,0.0,4424.335806957983,80599.04015759479,973.0007171022521,8499.757427723798,22446.85794229488,18238.54964129162,1200.0,10448.26191620423,1200.0
C1,2025-02-01,19022.20684559195,19022.20684559195,0.0,2915.796961939968,21938.003807531917,1545.8738195762533,9252.249199509808,16844.35176188624,16075.114779080459,1209.7760767452207,10491.491294009358,1209.7760767452207
C1,2025-02-02,71626.8178088702,71626.8178088702,0.0,566.992072128575,72193.80988099877,153.80233686456467,17712.855965406197,18540.146734083886,14994.105748217848,1209.7760767452207,9233.575774647266,1235.7906394008876
C1,2025-02-03,75213.04971048655,75213.04971048655,0.0,819.8052619670891,76032.85497245363,189.2456307258744,19094.06149987989,17749.580476572013,14409.37176148413,1200.0,9101.107204503536,1200.0
C1,2025-02-04,73368.82058912075,73368.82058912075,0.0,963.4714601063489,74332.2920492271,254.17776928204205,15206.234264937524,19176.210668111158,15495.002964717074,1200.0,9109.269570510656,1241.919640503298
C1,2025-02-05,67664.29454591915,67664.29454591915,0.0,3030.8975787690556,70695.19212468821,548.6069309009931,9177.435748885611,21091.455095593228,17044.523509693034,1218.0423765033252,8941.217192109767,1285.869771322719
C1,2025-02-06,72092.95054231542,72092.95054231542,0.0,1140.8077075368815,73233.7582498523,212.68469626252772,14689.038811837025,18823.703199199772,15323.1904746593,1200.0,9171.52477114026,1201.4354565366248
C1,2025-02-07,25020.60098535916,25020.60098535916,0.0,461.1440360032736,25481.745021362436,85.94614406919646,20747.017618571124,17958.04087995791,14516.032815515355,1201.4354565366248,9259.413914619356,1234.7468979261296
C1,2025-02-08,18025.736737532316,18025.736737532316,0.0,4775.518006972157,22801.254744504473,1369.7357125954977,8472.371661983298,18508.89897084111,14995.213856191189,1200.0,9382.479126984128,1231.407242581807
C1,2025-02-09,66509.2181027571,66509.2181027571,0.0,3260.131764951375,69769.34986770847,741.6888554545206,10528.354434982813,19827.595713631785,16088.619046365367,1200.0,9082.12270668232,1200.0
C1,2025-02-10,63012.29345842857,63012.29345842857,0.0,8040.019660352388,71052.31311878096,1943.3621482248964,15183.866088642226,18930.598088235256,15333.78445147056,1200.0,9613.138448003258,1200.0
C1,2025-02-11,58473.25974073756,58473.25974073756,0.0,9760.838315005496,68234.09805574306,1917.1533904946893,7526.554390556209,21657.67832644306,17542.719444418883,1200.0,10256.652539709306,1200.0
C1,2025-02-12,58847.57453100308,58847.57453100308,0.0,5700.32525665036,64547.89978765344,1187.6375438121574,7371.680999193096,21425.951295669467,17355.02054949227,1199.9999999999998,10012.069335051596,1200.0
C1,2025-02-13,54330.27262970443,54330.27262970443,0.0,6978.563235400497,61308.83586510493,1735.227724053987,7542.0760832513615,21334.48582834681,17280.933520960913,1200.0,9890.360122480311,1200.0
C1,2025-02-14,15642.912835649488,15642.912835649488,0.0,1828.8082715933663,17471.721107242854,638.577911254111,5347.194412723428,20503.698678074943,16607.995929240704,1200.0,10343.081645682658,1200.0
C1,2025-02-15,18534.634923831756,18534.634923831756,0.0,5785.190519394997,24319.82544322675,2027.1223178943555,11231.737910436024,17088.61854422932,13841.781020825749,1200.0,9470.020905550096,1200.0
C1,2025-02-16,66198.74702187898,66198.74702187898,0.0,10839.153703189177,77037.90072506815,2189.1479177951283,17590.753474589175,18303.491529563842,14825.828138946714,1200.0,9032.67212340799,1200.0
C1,2025-02-17,60012.6081513653,60012.6081513653,0.0,5583.877167896449,65596.48531926174,1234.7437802072702,13688.246987343324,18874.20090654556,15271.228930753381,1200.0,9824.157751971614,1218.748670609467
C1,2025-02-18,51676.01592347754,51676.01592347754,0.0,10122.063183639457,61798.079107117,2341.658458871671,4158.947868231393,20871.350089589683,16914.473100975898,1200.0,10053.075823709632,1209.1047501558517
C1,2025-02-19,50370.4387783839,50370.4387783839,0.0,9346.66048834163,59717.09926672553,2778.118136721975,1339.7790382471203,23694.307848174874,19200.583632161914,1200.0,10348.300478833178,1200.0
C1,2025-02-20,54570.5308252491,54570.5308252491,0.0,6002.551382288927,60573.08220753803,1251.0420175263134,7367.440505694862,20716.770313321354,16780.583953790294,1200.0,10320.005856203905,1200.0
C1,2025-02-21,14703.51495975098,14703.51495975098,0.0,2495.407692841133,17198.92265259211,986.1700534311968,7434.746558954647,19702.576515465298,15959.086977526891,1200.0,10326.36716015169,1200.0
C1,2025-02-22,18535.9763867086,18535.9763867086,0.0,3987.0402335241142,22523.016620232716,1388.541147986475,12394.999966526004,17352.292389387756,14055.356835404082,1200.0,9259.0273374996,1200.0
C1,2025-02-23,51160.0091076908,51160.0091076908,0.0,10225.813249729117,61385.822357419915,2503.2389327084634,3927.1077968932195,21133.413762879314,17118.06514793224,1200.0,10252.885892222204,1200.0
C1,2025-02-24,50251.56085612669,50251.56085612669,0.0,2585.9551725838,52837.516028710495,559.3786676145153,3648.747872926307,21551.530043150997,17453.341058460934,1200.0,9980.091123903238,1203.7758627681965
C1,2025-02-25,55413.559732140035,55413.559732140035,0.0,2686.5052761231173,58100.065008263155,589.6125032358401,13839.511355851908,16425.686966613186,13308.204719448058,1200.0,8986.38765759673,1200.0
C1,2025-02-26,46651.13680385418,46651.13680385418,0.0,9230.780669971233,55881.91747382541,2469.4221067261815,1026.7531843029792,23178.599219557193,18765.865654093745,1200.0,10346.455968271945,1209.7774597195391
C1,2025-02-27,47046.27213191164,47046.27213191164,0.0,8436.811370272137,55483.08350218377,1849.017080129199,4211.276649653873,21499.648462959878,17407.53218092726,1200.0,10495.867360003776,1217.7586531309207
C1,2025-02-28,13953.388700604195,13953.388700604195,0.0,3340.1654045888927,17293.55410519309,1083.756264635505,8888.114887674881,18036.58587620048,14622.220602089987,1200.0,10333.983252889528,1203.7741616113656
C1,2025-03-01,18679.41332163656,18679.41332163656,0.0,1626.2848167183088,20305.69813835487,380.86567881712756,18682.45695492076,16341.112851840851,13205.779021983353,1203.7741616113656,9356.32687037037,1237.6879260644064
C1,2025-03-02,61677.80541137737,61677.80541137737,0.0,6587.206712610519,68265.0121239879,1289.3696947729172,16135.942636215852,20550.519742821107,16679.840125143062,1200.0,9016.480894382674,1200.0
C1,2025-03-03,59025.21913818932,59025.21913818932,0.0,4103.390943946521,63128.61008213584,1067.822453143131,11103.124889403953,18762.156692631615,15197.346921031603,1200.0,8896.44318492658,1200.0
C1,2025-03-04,49217.21933899336,49217.21933899336,0.0,5440.0267873934445,54657.2461263868,1571.4736832850588,3476.687495771394,22210.527185111845,17990.527019940593,1200.0,10309.672855428042,1200.0
C1,2025-03-05,54304.436376077094,54304.436376077094,0.0,5234.061959323209,59538.4983354003,1093.397547655783,14049.478860671214,16788.9159480611,13599.021917929493,1200.0,9166.162329831428,1200.0
C1,2025-03-06,47803.388102392964,47803.388102392964,0.0,6403.914033336871,54207.302135729835,1736.0518370523275,6166.9432578000615,21375.55488078712,17314.199453437563,1200.0,10066.749180708575,1200.0
C1,2025-03-07,14348.319576044005,14348.319576044005,0.0,1724.2259108987748,16072.54548694278,621.4656856618496,11485.1907039331,17179.076978470508,13892.84047517433,1200.0,10410.794390332923,1224.6798637630989
C1,2025-03-08,15909.55284437067,15909.55284437067,0.0,3210.1368872186004,19119.68973158927,1376.6143360858805,16533.50470602576,16377.190128458898,13287.735881438493,1200.0,9319.280642410657,1200.0
C1,2025-03-09,47501.134985514334,47501.134985514334,0.0,7459.39562079782,54960.53060631215,1841.2288152413016,10284.212238616927,20737.974941757806,16797.759702823816,1200.0,10492.886481919386,1200.0
C1,2025-03-10,48173.34873574601,48173.34873574601,0.0,13220.438553378657,61393.78728912467,3302.161666016954,4912.234925209685,21727.093611380827,17564.57400804825,1200.0,10013.07472229788,1238.1909079669126
C1,2025-03-11,39914.267819940476,39914.267819940476,0.0,24876.91387528705,64791.181695227526,7665.817560171658,2259.2788461521786,21137.43643096204,17117.26732059796,1200.0,10174.66233795346,1242.6977840572397
C1,2025-03-12,47246.16045559674,47246.16045559674,0.0,4821.747161515897,52067.90761711264,1279.1785606632104,9976.369184148902,21301.25636539939,17292.44566162502,1200.0,10414.287383674606,1200.0
C1,2025-03-13,44436.23669655159,44436.23669655159,0.0,8172.940963747577,52609.177660299174,2198.2573203394745,201.02199383259108,20364.497540970122,16495.243008185796,1200.0,10567.363422194963,1200.0
C1,2025-03-14,11711.841271811,11711.841271811,0.0,2604.818385590568,14316.659657401568,1312.727334878225,12540.730060375132,19001.019773385753,15379.532079885506,1200.0,10727.195491142664,1212.5488183966118
C1,2025-03-15,12255.480101575353,12255.480101575353,0.0,3578.7415334539783,15834.221635029331,1190.0520191065818,7670.400978064635,17784.067189525154,14416.388360072327,1200.0,10483.360150981993,1200.0
C1,2025-03-16,44428.88919521214,44428.88919521214,0.0,3985.8495580251906,48414.73875323733,1201.8038656765984,3647.0506970437177,21476.46157492241,17395.93387568715,1200.0,10194.641972031672,1200.0
C1,2025-03-17,39777.10372563275,39777.10372563275,0.0,13876.06111781065,53653.164843443396,3789.3541219879985,8287.263109674243,19795.147095550674,16034.06914739605,1200.0,10389.303113589734,1200.0
C1,2025-03-18,45982.71043537443,45982.71043537443,0.0,1983.9808410253645,47966.69127639979,624.2358604096127,9238.586598706223,18922.910920872535,15327.557845906753,1200.0,10189.66515280165,1200.0
C1,2025-03-19,37525.551397216725,37525.551397216725,0.0,15128.455111524654,52654.00650874138,5715.681082119259,2590.545454924304,22389.45429711292,18125.424647241613,1200.0,10386.705595746942,1211.1481482442769
C1,2025-03-20,44029.38011054735,44029.38011054735,0.0,15222.583897989578,59251.964008536925,3971.071869608839,8247.583543381606,20705.240460276927,16781.27810624416,1200.0,10438.880141307243,1200.0
C1,2025-03-21,11785.953329854387,11785.953329854387,0.0,3103.9992699608138,14889.9525998152,1272.2194925643835,16253.035109704822,17528.014540228123,14197.69177758478,1200.0,10473.977255364844,1200.0
C1,2025-03-22,12497.114269531763,12497.114269531763,0.0,1007.9095760940571,13505.02384562582,596.9655439748885,13174.506489466,17546.78674115326,14212.89726033414,1200.0,10398.574760554968,1200.0
C1,2025-03-23,43023.17398876994,43023.17398876994,0.0,4986.565665946831,48009.73965471677,1179.0178865727025,8809.538803622212,20017.64665957771,16170.00136405577,1200.0,10231.03263612226,1249.2138113357507
C1,2025-03-24,41457.10268816259,41457.10268816259,0.0,2884.487431207902,44341.590119370485,852.3818179432545,6596.840052761709,21293.65239293343,17292.15086847825,1200.0,10517.197520835483,1200.0
C1,2025-03-25,45355.38026623317,45355.38026623317,0.0,8496.462225795673,53851.842492028845,2398.9174098403664,11587.259380636066,18833.746373635313,15255.334562644603,1200.0,10139.056996023475,1200.0
C1,2025-03-26,39069.59058428467,39069.59058428467,0.0,6824.874674517567,45894.465258802236,1874.0140041195557,6049.159888535163,20298.395941859835,16441.700712906466,1200.0,10501.396198605187,1200.0
C1,2025-03-27,40855.014597667985,40855.014597667985,0.0,5797.122874730432,46652.13747239842,1901.8298937299214,6471.858688657002,19950.831905535077,16159.864101887351,1199.9999999999998,10102.008716465818,1200.344157328956
C1,2025-03-28,11904.840615540183,11904.840615540183,0.0,847.4192756313453,12752.259891171529,433.8878327085736,17251.97819065249,17475.42073911396,14155.40054027837,1200.0,10574.321237192911,1200.0
C1,2025-03-29,11044.341012655545,11044.341012655545,0.0,2444.429771296111,13488.770783951655,930.3484979251358,18760.360056219582,15907.278537593338,12884.860877733923,1200.0,10736.649383551186,1200.0385974629835
C1,2025-03-30,38767.66367247842,38767.66367247842,0.0,6406.445294818071,45174.10896729649,1948.7909379930886,7477.776160164107,20071.42109427741,16257.885824081388,1200.0,10413.808027196294,1200.0
C1,2025-03-31,36504.77800730375,36504.77800730375,0.0,11304.528051055011,47809.30605835876,3942.701643569878,3149.2635144640753,20202.2614687581,16292.190950017686,1200.0,10263.369984171442,1279.60093297375
C1,2025-04-01,42860.987960575345,42860.987960575345,0.0,4432.968799210683,47293.95675978602,1261.612207814987,7510.673974499502,18872.459521146895,15331.197101225236,1200.0,10433.668024274271,1230.1510562001374
C1,2025-04-02,40860.85657808462,40860.85657808462,0.0,4505.892378269058,45366.74895635367,1268.7930446063513,3764.9894864528906,18277.45162981434,14804.11304068972,1200.0,10259.310432679791,1230.8430333778024
C1,2025-04-03,42173.89391865736,42173.89391865736,0.0,3991.969109137955,46165.86302779531,1183.076564062918,10116.377091941524,20160.686948846207,16357.915158605449,1200.0,10189.976456979331,1200.0
C1,2025-04-04,10984.313807075196,10984.313807075196,0.0,1495.2157271859528,12479.529534261148,668.4303642563784,19883.62429255557,14712.391711966275,11898.422642098792,1200.0,10416.588071399095,1220.682938437659
C1,2025-04-05,10901.42182922861,10901.42182922861,0.0,6333.296065462246,17234.717894690857,2732.7950331783063,15772.26510623471,14431.234629582861,11697.251573862592,1200.0,10298.821689433234,1211.8479118815742
C1,2025-04-06,38956.54423240206,38956.54423240206,0.0,7299.681807010609,46256.22603941267,2186.6302282551055,9129.94484503513,19110.889071123464,15489.153945607932,1200.0,10641.532322670322,1201.4770252172111
C1,2025-04-07,34420.3669503085,34420.3669503085,0.0,5496.923904036088,39917.29085434458,2240.479634049023,2626.84480100462,21130.7610222048,17117.245750681373,1200.0,10709.688065890386,1200.0
C1,2025-04-08,41390.66147419883,41390.66147419883,0.0,2397.8147433648173,43788.47621756365,577.7789774347735,11420.168985832082,19649.394345870125,15916.009420154805,1200.0,10299.665872126729,1200.0
C1,2025-04-09,39502.52616299798,39502.52616299798,0.0,4698.370449712273,44200.896612710254,1512.1801841462761,3713.271859438116,20458.13693434099,16571.090916816207,1200.0,10359.417867669792,1200.0
C1,2025-04-10,37496.1410591881,37496.1410591881,0.0,6689.008940374032,44185.149999562134,1715.6285031396756,4973.620624697148,19796.136471752558,16009.753751269409,1199.9999999999998,10211.157163489755,1227.9075453890705
C1,2025-04-11,10397.478510803096,10397.478510803096,0.0,4409.289453465629,14806.767964268724,1663.5236903566004,20677.685033493897,15993.868042183167,12980.149905018527,1200.0,10379.080966550331,1200.0
C1,2025-04-12,10800.095516198111,10800.095516198111,0.0,1243.5835894186969,12043.679105616808,611.5954001358391,17556.291822874962,16255.425043847348,13166.894285516351,1200.0,10432.698825597814,1200.0
C1,2025-04-13,37192.3123686114,37192.3123686114,0.0,9471.251347264788,46663.56371587619,2647.1384882262123,7106.904278551105,19875.74498607208,16095.652648904183,1200.0,10304.241500122387,1204.111988682438
C1,2025-04-14,38653.89321820137,38653.89321820137,0.0,7871.643347710404,46525.536565911774,2090.831008713744,10432.502606322403,18273.09036184933,14804.903982912152,1200.0,10061.104806567888,1200.0
C1,2025-04-15,32645.33405228042,32645.33405228042,0.0,3951.8205371960235,36597.15458947644,942.4912548397216,2503.7124532364523,21123.745344368905,17082.065861387164,1199.9999999999998,10614.381570720096,1231.2976306129292
C1,2025-04-16,36740.060122563234,36740.060122563234,0.0,6952.832231458821,43692.89235402205,2583.1812444625257,4764.708684637576,19213.20816483565,15590.866481068513,1200.0,10691.77364016053,1200.0
C1,2025-04-17,33811.65791900937,33811.65791900937,0.0,8711.355278087383,42523.01319709675,2428.718100654817,1580.880775338729,19195.6185038663,15548.450988131703,1200.0,10391.9124048965,1200.0
C1,2025-04-18,10511.891001661073,10511.891001661073,0.0,2746.972160230451,13258.863161891524,1296.3611223577993,19511.736206143065,14709.204414699947,11867.184257156821,1200.0,10372.698875989436,1252.523687500151
C1,2025-04-19,9817.323183095721,9817.323183095721,0.0,1575.5311995442678,11392.85438263999,826.5865314552892,17352.636567612786,15596.10030514427,12680.112565916992,1200.0,10800.0,1200.0
C1,2025-04-20,33035.24545536869,33035.24545536869,0.0,8405.594138363678,41440.83959373237,3248.3159910418353,2567.509998991495,19696.896870202538,15954.486464864054,1200.0,10545.455903588714,1200.0
C1,2025-04-21,35770.12050600787,35770.12050600787,0.0,3878.2413975905033,39648.36190359837,1016.84395883875,10029.986087336956,18801.37650009858,15219.925320194607,1200.0,10326.270254844732,1210.2107165391571
C1,2025-04-22,32133.38436594331,32133.38436594331,0.0,8208.40975136419,40341.7941173075,3192.8776242992562,1104.9648849263344,19773.67319865661,16025.864935797104,1200.0,10800.0,1200.0
C1,2025-04-23,32351.268654817137,32351.268654817137,0.0,8266.484140490718,40617.75279530785,3299.9596785087183,2012.5920872590732,20200.72084256051,16362.583882474004,1200.0,10508.945749387678,1200.0
C1,2025-04-24,31153.16652885385,31153.16652885385,0.0,7469.975055622814,38623.14158447666,2968.772484582179,4358.584675040667,20226.093731852994,16383.135922800917,1200.0,10800.0,1200.0
C1,2025-04-25,9634.659432451786,9634.659432451786,0.0,2980.064191778336,12614.723624230124,1112.6761493724232,22540.352470558217,15775.733286301038,12778.34396190384,1200.0,10371.662039719642,1200.0
C1,2025-04-26,9638.195461143538,9638.195461143538,0.0,2727.522746492207,12365.718207635744,1113.4441541615379,24309.99362041123,16709.680062002735,13529.574798896554,1200.0,10505.895479680306,1205.851168139625
C1,2025-04-27,29290.561944102126,29290.561944102126,0.0,13690.18094147996,42980.74288558209,3523.6517008580904,1004.7681172716522,18957.432358953876,15360.786262078305,1200.0,10800.0,1200.0
C1,2025-04-28,39025.19302392314,39025.19302392314,0.0,3920.511696445171,42945.70472036831,1069.2089826873328,6147.638590331982,18847.85536662011,15266.7628469623,1200.0,10420.45109356488,1200.0
C1,2025-04-29,31674.474048450695,31674.474048450695,0.0,6695.075528639063,38369.549577089754,2002.1558117713557,4872.864990835735,19137.05558842211,15486.894282264335,1200.0,10740.876763927216,1215.6897159528544
C1,2025-04-30,30228.95577165312,30228.95577165312,0.0,9206.106976294275,39435.06274794739,2776.722760746993,2312.111764142885,17655.48419177431,14315.062939694766,1200.0,10443.08352370664,1200.0
C1,2025-05-01,32490.308920482068,32490.308920482068,0.0,25122.980786038675,57613.28970652074,6561.038617929624,4976.40430865888,18007.0464731373,14585.707643241218,1200.0,10255.879057895629,1200.0
C1,2025-05-02,11271.756319019818,11271.756319019818,0.0,9997.286338161339,21269.04265718116,2834.8051112498856,13658.247530696506,16129.916306264677,13065.232208074387,1200.0,10298.75902023941,1200.0
C1,2025-05-03,10518.830797490546,10518.830797490546,0.0,11137.055533713557,21655.886331204103,2974.2532357120767,18738.259400243118,14856.3299765846,12033.627281033532,1200.0,10364.875850761497,1200.0
C1,2025-05-04,35668.80949232675,35668.80949232675,0.0,20090.3406577816,55759.15015010835,4715.418395161545,7724.581080919447,15801.088736440386,12798.88187651671,1199.9999999999995,9043.989585555257,1200.0
C1,2025-05-05,38147.17038853864,38147.17038853864,0.0,16539.0310212028,54686.201409741436,3479.705891317602,6059.681731700539,16817.54167304578,13622.208755167088,1200.0,9203.61666010574,1200.0
C1,2025-05-06,32698.76365395032,32698.76365395032,0.0,22693.99311327952,55392.75676722984,5327.209201521985,1073.4789274436516,17650.83212818386,14297.174023828926,1200.0,9831.989421857796,1200.0
C1,2025-05-07,34037.89145968967,34037.89145968967,0.0,21094.200927431102,55132.09238712078,5364.365842266421,1380.0189281844991,18682.898466103412,15126.342972986427,1199.9999999999998,10184.488420128771,1207.5608717303717
C1,2025-05-08,41334.785062235125,41334.785062235125,0.0,9340.104255338627,50674.889317573754,2571.0572178115226,10540.625983310621,17867.913661921062,14479.81485071339,1200.0,9170.734208836817,1200.0
C1,2025-05-09,13358.279320754715,13358.279320754715,0.0,2030.6235488848647,15388.90286963958,852.282757791776,20665.775360652657,13197.559543671008,10643.793389359826,1200.0,9800.52934836395,1251.3664900152105
C1,2025-05-10,11835.990483006888,11835.990483006888,0.0,1995.4714112084864,13831.461894215374,891.1805505437957,14471.33558149977,15390.469817120631,12496.592671085185,1200.0,10747.309343133938,1217.6863575513487
C1,2025-05-11,36782.47725277909,36782.47725277909,0.0,7893.247139232279,44675.72439201137,2617.07233795203,3426.741050394656,19999.62683767085,16215.6154603096,1200.0,10625.901011613572,1200.0
C1,2025-05-12,34593.88131819005,34593.88131819005,0.0,11132.126869688429,45726.00818787848,4251.393022062358,3578.506322661097,16623.256809445444,13416.483831203688,1200.0,10709.89964548424,1253.72687160792
C1,2025-05-13,40187.06442139262,40187.06442139262,0.0,469.0944826053183,40656.15890399794,197.62070347524866,9394.374375199319,17730.920050781282,14402.109087488034,1209.211486768816,9688.910999630272,1209.211486768816
C1,2025-05-14,39978.85749993729,39978.85749993729,0.0,2654.598504205407,42633.456004142696,844.2507252701447,9569.738030512124,16631.27532361197,13470.54664539191,1200.0,9653.614906792382,1210.0852275841328
C1,2025-05-15,37676.46290163105,37676.46290163105,0.0,7540.463975029657,45216.926876660706,3002.8375125181906,5058.991230816797,17554.4528929007,14203.88005372957,1210.0852275841328,8981.291612722262,1227.003882606348
C1,2025-05-16,13552.203663609465,13552.203663609465,0.0,3009.6613992319794,16561.865062841443,1108.4766737545738,26422.629110730704,12853.136118996541,10435.34375073291,1200.0,9181.178164591034,1200.0
C1,2025-05-17,13601.121957534759,13601.121957534759,0.0,4047.831458514677,17648.953416049437,1250.2151688791514,19278.182583541064,12890.562261728135,10441.355431999793,1200.0,9366.408883182165,1200.0
C1,2025-05-18,39616.85158379693,39616.85158379693,0.0,1158.0575091107426,40774.90909290767,476.493095208404,8812.985370875998,18501.216977798762,14896.309577721056,1200.0,10491.488425655703,1299.6401936621603
C1,2025-05-19,36607.222283665,36607.222283665,0.0,1036.798454252971,37644.02073791798,253.93417944213104,9250.673545562486,18092.280637088203,14744.423490337387,1200.0,9663.328444363828,1200.0
C1,2025-05-20,34785.1666615117,34785.1666615117,0.0,12844.444266210432,47629.610927722126,4653.998498528418,3433.7378214436762,17544.890259449607,14211.36111015418,1200.0,10064.662516328428,1200.0
C1,2025-05-21,35235.569950345925,35235.569950345925,0.0,7136.690746508603,42372.26069685453,2586.6977647241047,2889.3706593878264,16834.569038894442,13619.450181152526,1200.0,10157.981584233285,1218.389711502186
C1,2025-05-22,35927.56200891891,35927.56200891891,0.0,6348.199059850712,42275.76106876962,1617.576176086061,4933.669313206728,16315.377247390099,13193.075286209421,1200.0,9237.737150111718,1243.256693920582
C1,2025-05-23,11074.130412724166,11074.130412724166,0.0,1222.8706595810218,12297.001072305187,576.7829182697225,19079.997878452305,15210.035044051378,12316.132287671424,1200.0,10800.0,1247.6968028207996
C1,2025-05-24,11967.486504222337,11967.486504222337,0.0,1567.3011214177043,13534.787625640041,545.7331771850993,22391.363216792037,12996.80050073586,10528.996172862562,1200.0,10242.773549270782,1245.9326169691149
C1,2025-05-25,36632.2685947835,36632.2685947835,0.0,4213.491639440108,40845.760234223606,830.9144369922674,9206.747898112164,17338.179040667834,14061.19139339762,1200.0,8989.06461934855,1226.747760906141
C1,2025-05-26,36708.226004870616,36708.226004870616,0.0,12354.939287289915,49063.16529216053,4137.313264955721,6419.53638865668,16934.87580908179,13662.886272920696,1200.0,9607.244493570555,1287.151241390093
C1,2025-05-27,32978.20615950065,32978.20615950065,0.0,9792.61775577959,42770.82391528024,3689.6342659933694,3686.494292505488,19057.335371018904,15466.911931301493,1200.0,10225.479964749207,1253.2953738610051
C1,2025-05-28,36580.65117310815,36580.65117310815,0.0,95.15743796006156,36675.80861106821,42.73448967421206,4242.099275709563,18845.64152038125,15219.584044980751,1253.2953738610051,10405.483969983565,1303.7238033366375
C1,2025-05-29,36023.43553216256,36023.43553216256,0.0,11333.843993518409,47357.27952568098,3155.8131544853763,4745.426581257358,17976.684191539458,14654.46561814993,1199.9999999999998,9651.932356603193,1200.0
C1,2025-05-30,11732.654970130272,11732.654970130272,0.0,778.7538899789996,12511.408860109272,331.75656068446654,18817.358225871347,15752.105135593694,12724.150166771806,1200.0,10623.314615578724,1238.9499922878751
C1,2025-05-31,13434.345442742735,13434.345442742735,0.0,2157.4459398981808,15591.791382640917,734.5008691772539,21888.951940395786,17015.741684668606,13817.805757640655,1200.0,9460.705318208316,1200.0
C1,2025-06-01,51136.02428666051,51136.02428666051,0.0,35743.76678105979,86879.7910677203,8114.701644988036,8527.531441045354,16252.334533124551,13164.39097183089,1200.0,8945.544216105307,1200.0
C1,2025-06-02,52054.70100067424,52054.70100067424,0.0,30135.546518168714,82190.24751884295,6907.013059285068,11954.923152945124,16805.767495553293,13612.671671398168,1200.0,8622.264160503615,1200.0
C1,2025-06-03,47551.319903310694,47551.319903310694,0.0,27553.03829618332,75104.358199494,6011.361174379233,5144.095956325258,16296.367928952872,13200.058022451823,1199.9999999999995,8424.882411358562,1200.0
C1,2025-06-04,55781.70705503278,55781.70705503278,0.0,25658.70878360833,81440.41583864111,6110.617111128996,15247.029851942933,16203.471941876396,13124.81227291988,1200.0,8759.623690603516,1200.0
C1,2025-06-05,46056.83678608328,46056.83678608328,0.0,33204.43802109723,79261.27480718051,8241.97756513592,1465.2583812942325,19384.479522747446,15701.428413425427,1199.9999999999995,9520.938468976436,1200.0
C1,2025-06-06,17139.06647424565,17139.06647424565,0.0,24866.903057215906,42005.96953146155,7630.110744423486,8297.615071685914,12025.596578098246,9740.733228259583,1200.0,8940.23158462793,1200.0
C1,2025-06-07,16931.60631411098,16931.60631411098,0.0,24706.743030080335,41638.349344191316,7908.643227195274,10856.66262802781,13015.291526036326,10542.386136089423,1200.0,9714.11393308696,1200.0
C1,2025-06-08,52555.15370532723,52555.15370532723,0.0,1401.2748135345812,53956.428518861816,434.3910379491883,9597.746130290638,16404.444435936064,13152.124849913642,1200.0,10260.961221495456,1350.527936882851
C1,2025-06-09,62525.239180792014,62525.239180792014,0.0,1286.6397780868645,63811.87895887888,409.50783970634706,14312.72090154356,18025.825226650948,14736.393576781835,1200.0,9607.408537449535,1200.0
C1,2025-06-10,58524.021778976385,58524.021778976385,0.0,5549.407668231355,64073.42944720774,1561.7970124980882,10983.285419142752,19302.46853692404,15626.20771269338,1200.0,9568.61399372721,1209.7686691278811
C1,2025-06-11,61921.0435077023,61921.0435077023,0.0,13599.918469925587,75520.96197762789,3353.6330853709496,10980.956999540058,19535.935240459326,15796.56690687142,1200.0,8873.170913027378,1240.369377906365
C1,2025-06-12,57926.31829763954,57926.31829763954,0.0,2498.984079276178,60425.302376915715,632.5368036436906,6919.198100581768,19822.474574596603,16015.052292290831,1200.0,8668.168269937396,1286.093948053497
C1,2025-06-13,21181.346929851687,21181.346929851687,0.0,3203.1247392185965,24384.47166907028,1773.7526944644997,11003.293454103907,13113.955053667238,10392.620283365924,1286.093948053497,9705.740668065424,1541.2976259474258
C1,2025-06-14,20886.96996355315,20886.96996355315,0.0,1762.0101864085057,22648.98014996166,613.2540985336553,11812.051439805839,14688.180435550943,12148.326170724948,1200.0,9385.83222078888,1262.5198282488868
C1,2025-06-15,51334.391132323304,51334.391132323304,0.0,13384.509489153144,64718.90062147645,4029.4785698916157,4347.489241603554,20568.687860450704,16438.257474568345,1200.0,10319.960467839235,1509.6083753563528
C1,2025-06-16,57618.300545384256,57618.300545384256,0.0,9441.013369636556,67059.31391502082,2260.3948984797444,8044.821863791619,18628.883199679953,15358.909037674066,1200.0,9109.478611727567,1210.148768763793
C1,2025-06-17,55940.67322655771,55940.67322655771,0.0,12930.52478913277,68871.19801569048,3695.2807189395335,5359.659076932615,21509.7152949072,17426.737229436585,1200.0,8870.750714237298,1205.851168139625
C1,2025-06-18,59118.18131077974,59118.18131077974,0.0,7509.7969482642075,66627.97825904396,1901.7278401944477,12132.733718413074,16551.172648511478,13397.729500602794,1205.851168139625,8946.081409707764,1215.5404400190712
C1,2025-06-19,52284.8655496915,52284.8655496915,0.0,5346.2914022153045,57631.1569519068,1876.958770587229,6166.969109386782,17608.685086184385,14277.021315826512,1200.0,10234.52397801612,1200.0
C1,2025-06-20,19503.84573661102,19503.84573661102,0.0,185.03738340831882,19688.883120019338,98.28553390175519,11995.290962287003,13907.204958917284,10751.524198376363,1200.0,9532.46436585243,1770.3464648296017
C1,2025-06-21,19465.799574321478,19465.799574321478,0.0,451.1563484800966,19916.95592280157,234.92055748474067,16548.81983851997,13311.290970037306,11229.490345135437,1200.0,9756.56649520803,1273.2968432682435
C1,2025-06-22,46061.286883548906,46061.286883548906,0.0,11555.62926394943,57616.916147498334,3240.2614989681088,1198.4966091380627,21943.983320381063,17816.151501254197,1218.1503918261512,10800.0,1227.1579413287568
C1,2025-06-23,53476.506161631965,53476.506161631965,0.0,2453.5168947379407,55930.02305636991,675.9949558633336,7738.450273638665,18408.319508407065,14876.518702910917,1227.1579413287568,8898.591004288506,1265.1802734385408
C1,2025-06-24,61160.19462246684,61160.19462246684,0.0,4221.6857563269805,65381.88037879382,1266.9956783795435,6404.780188451495,20884.15506048918,16685.436049056745,1200.0,9412.300207665294,1521.5464400379774
C1,2025-06-25,56122.279929023214,56122.279929023214,0.0,2472.354114323651,58594.634043346865,694.097488587124,9241.148473288878,16845.169948242292,13843.595022896725,1300.4271457930106,9085.204318175418,1300.4271457930113
C1,2025-06-26,51033.36903392923,51033.36903392923,0.0,2140.1639678169317,53173.53300174616,638.3618261618627,4725.965741221906,18735.570554560614,15266.196580407808,1200.0,9300.350696669218,1200.0
C1,2025-06-27,18978.331716016914,18978.331716016914,0.0,898.5110398044554,19876.84275582137,377.52001053602197,16141.775868303728,11841.0792420864,9354.848886613127,1200.0,9445.106151160147,1462.694777196506
C1,2025-06-28,19045.605490057827,19045.605490057827,0.0,502.01554790011556,19547.621037957942,236.5088865676771,13172.698111726184,12130.696741075839,10003.235699645305,1200.0,9152.752470272271,1265.6155112255344
C1,2025-06-29,46400.248502058115,46400.248502058115,0.0,22880.169627703763,69280.41812976188,6731.977619471021,2310.501415948441,20202.02017098498,16419.563242734028,1200.0,10800.0,1203.4745065186517
C1,2025-06-30,53697.519081469465,53697.519081469465,0.0,5887.27254182529,59584.791623294754,1768.8677163549212,7661.197823675342,20519.030684877944,16623.54191061792,1200.0,10800.0,1200.0
C1,2025-07-01,52080.382610431334,52080.382610431334,0.0,57649.301337728866,109729.6839481602,13929.599812130693,1919.0991331897274,19136.906599471742,15500.894345572111,1199.9999999999995,9350.841756221878,1200.0
C1,2025-07-02,48705.19609673769,48705.19609673769,0.0,52478.60480801623,101183.80090475392,12999.542430503532,926.1354235086008,17080.895039533192,13835.524982021885,1200.0,9338.698979486184,1200.0
C1,2025-07-03,63277.01421904346,63277.01421904346,0.0,40171.808535989854,103448.82275503332,7789.6138040959595,8990.437571676843,17412.505336192884,14104.129322316236,1200.0,9026.410901180843,1200.0
C1,2025-07-04,21422.16015541213,21422.16015541213,0.0,32355.862248712994,53778.02240412513,9139.570087008777,15278.514058689405,10830.406670385726,8772.629403012439,1200.0,9189.265852648185,1200.0
C1,2025-07-05,18566.290483886256,18566.290483886256,0.0,38157.253727682786,56723.54421156904,11190.374623943802,14153.620491187641,14184.304886653792,11489.286958189576,1199.9999999999998,10324.652836754016,1200.0
C1,2025-07-06,52146.89356499693,52146.89356499693,0.0,73952.77383816386,126099.6674031608,18751.668851533937,3818.5067915507793,19573.421194626077,15854.471167647123,1200.0,10292.879491417572,1200.0
C1,2025-07-07,51294.76089672589,51294.76089672589,0.0,40854.83478725914,92149.59568398503,9943.687332079462,2022.6768561999215,18721.05994510319,15164.058555533587,1200.0,10414.58911389948,1200.0
C1,2025-07-08,69933.6643161063,69933.6643161063,0.0,3855.8531138635235,73789.51742996981,1098.0499626128972,13357.629365385845,16876.10385022748,13473.57123053662,1200.0,8861.95655312805,1417.8587646084916
C1,2025-07-09,64911.54714207311,64911.54714207311,0.0,406.2244421776104,65317.77158425072,55.78573521895121,9327.696770199791,19249.479177613677,15213.47362576694,1263.3477690275756,10553.991216514682,1838.5304402753093
C1,2025-07-10,62999.415644973495,62999.415644973495,0.0,8998.666018418815,71998.08166339231,2379.3607046171196,8858.774455939612,17513.44549566446,14705.822031165979,1260.8291295222318,9690.761499949696,1260.8291295222318
C1,2025-07-11,30891.199518315818,30891.199518315818,0.0,1172.7607541764346,32063.960272492255,298.63560698732624,15485.173957767678,12598.409106762865,9693.387789975568,1260.8291295222318,9691.184596500229,1828.966447858187
C1,2025-07-12,28819.089700549466,28819.089700549466,0.0,1812.4683164351463,30631.55801698461,862.857949929415,16183.935284892608,12762.31405733649,10877.548177392859,1228.8844579134068,9706.08343548469,1228.8844579134068
C1,2025-07-13,65664.65214934443,65664.65214934443,0.0,3025.664411019547,68690.31656036398,723.3093786442416,15698.250132865973,17870.738718121567,14355.007653676754,1228.8844579134068,9716.33413639191,1362.540800137532
C1,2025-07-14,64692.67503055039,64692.67503055039,0.0,2495.0912601701616,67187.76629072055,473.8111410062706,13297.037567435264,18028.242367506155,14749.16303780376,1200.0,9530.318232076876,1200.0
C1,2025-07-15,67716.57146408435,67716.57146408435,0.0,3354.9088207178484,71071.4802848022,923.3497324144828,15484.00552735959,18650.20148834004,15087.142479748778,1200.0,9319.833119682782,1221.6896953407252
C1,2025-07-16,63100.34735344556,63100.34735344556,0.0,5944.998959246665,69045.34631269223,1800.4158723321555,10012.760429023243,18306.31615884617,14672.89438492989,1200.0,10635.545461397012,1394.1582550468445
C1,2025-07-17,57601.58251660927,57601.58251660927,0.0,8085.172233078657,65686.75474968793,2239.1608851575675,3948.200753352092,20750.241938424915,16982.438399666346,1200.0,10800.0,1200.0
C1,2025-07-18,31949.96854309218,31949.96854309218,0.0,1872.0445749320193,33822.0131180242,507.9614587953986,20495.757799873587,11630.382950551395,8954.14322622224,1200.0,9455.018041154355,1718.2966263604346
C1,2025-07-19,26085.123762327454,26085.123762327454,0.0,1534.0138573466977,27619.13761967415,496.86203953513973,16669.3635222142,15615.781958736128,13115.250350300656,1200.0,10800.0,1200.0
C1,2025-07-20,69993.97745860205,69993.97745860205,0.0,3805.5275505041263,73799.50500910619,925.3191668752526,20857.1542618156,17061.834873640688,13550.616636263232,1200.0,9395.523745734054,1499.4106793174712
C1,2025-07-21,76834.55899362049,76834.55899362049,0.0,177.0810691054715,77011.64006272597,49.64691788425132,23973.006037159448,16476.840098730474,13008.314664175083,1475.545132222124,9441.007564829632,1874.8838079803595
C1,2025-07-22,58414.98930959975,58414.98930959975,0.0,7879.033255109764,66294.0225647095,2480.8744211490075,2908.5038614360797,19744.88785320577,16557.152789501783,1248.4464430857922,10590.161681481108,1248.4464430857922
C1,2025-07-23,69505.70155594333,69505.70155594333,0.0,719.343275340065,70225.0448312834,210.77761743442196,15703.838603174796,18170.793616742685,14679.045104049103,1200.0,10003.512135882456,1292.110582544095
C1,2025-07-24,75200.56438968462,75200.56438968462,0.0,657.8085014132097,75858.37289109782,155.28202102905024,23109.302990106975,17128.393148116702,13744.202290016128,1292.110582544095,9349.689385429332,1436.3285380534298
C1,2025-07-25,27542.033358212004,27542.033358212004,0.0,310.132896310223,27852.166254522224,148.09730281429194,18051.69215697354,13386.555083621004,10674.638070900322,1214.1032653876546,9761.888821939518,1623.5191456453072
C1,2025-07-26,27381.247016202542,27381.247016202542,0.0,683.0251037531423,28064.272119955684,317.8327655340238,16551.732077688404,16619.58527212969,13815.096543994428,1200.0,9706.083435484692,1231.0386194571097
C1,2025-07-27,63150.16945477862,63150.16945477862,0.0,7473.5022964784275,70623.67175125705,2175.1059704506833,9890.362693004241,18240.20357927977,14680.979904673311,1209.1959717598452,9431.96623783266,1335.0219467274449
C1,2025-07-28,74914.55754764259,74914.55754764259,0.0,2569.1610970087922,77483.71864465138,559.0520950786292,19183.63764872414,18433.729233829094,15052.840431456265,1200.0,9372.534608171396,1200.0
C1,2025-07-29,59880.81242998906,59880.81242998906,0.0,10224.868208404492,70105.68063839355,2956.9473812280053,4323.526830865819,21279.126289990105,17059.51847246061,1204.629527620124,10800.0,1396.1931360348597
C1,2025-07-30,61601.52294193067,61601.52294193067,0.0,15558.694455124954,77160.21739705562,4930.989015614014,8319.666576326754,19038.160272903413,15160.776568188441,1396.1931360348597,10792.025019471776,1685.230083660768
C1,2025-07-31,56312.69914980786,56312.69914980786,0.0,17601.21832765098,73913.91747745883,4987.012676375422,2154.3639604235036,20692.32001277313,17197.486285640927,1200.0,10300.584920237668,1200.0
C1,2025-08-01,23866.047397240025,23866.047397240025,0.0,1968.0237916038448,25834.071188843867,561.6986508849463,19063.432854929142,15623.918513986362,12628.764534506676,1200.0,10800.0,1229.5660686914164
C1,2025-08-02,30464.481534427283,30464.481534427283,0.0,1379.8056774734232,31844.287211900708,552.3274752095223,30961.522370489594,13137.830850264647,10668.252450536636,1200.0,9520.697671161395,1200.0
C1,2025-08-03,46106.1261069294,46106.1261069294,0.0,18683.205518734332,64789.331625663726,4087.9920337946537,842.775961657625,20025.017328526334,16208.263520262828,1200.0,10800.0,1213.333906492782
C1,2025-08-04,64214.1399698526,64214.1399698526,0.0,6340.868790075526,70555.00875992813,1544.7336306173659,20395.161648644626,16671.054662686467,13273.944295887024,1213.333906492782,9395.990102910602,1468.4561074805758
C1,2025-08-05,60909.23267692017,60909.23267692017,0.0,334.50779273966816,61243.74046965984,78.76031984509402,14647.14002291128,17098.68170797936,13650.07901606486,1468.4561074805758,9491.036231458513,1690.515182367714
C1,2025-08-06,68861.54527160013,68861.54527160013,0.0,2639.4980060983044,71501.04327769842,685.987331195907,20791.667419032437,16714.658442168507,13659.561250769493,1200.0,9344.515906295315,1556.4175016866025
C1,2025-08-07,56868.39645286453,56868.39645286453,0.0,5662.400249677953,62530.79670254248,1496.5201234309843,16848.58416645984,18981.53034899592,15695.815334204639,1199.9999999999998,10800.0,1200.0
C1,2025-08-08,26824.62897662073,26824.62897662073,0.0,147.7258782184575,26972.35485483919,27.295714787154765,29681.46345666554,12775.82314116835,10004.933510587678,1200.0,9714.219758193389,1581.6480375096537
C1,2025-08-09,21730.129117050983,21730.129117050983,0.0,2723.929329255948,24454.05844630693,778.3854636236275,18760.008954428075,16655.985294017148,13801.394041878573,1200.0,10800.0,1237.152533371119
C1,2025-08-10,54107.06229306829,54107.06229306829,0.0,4497.820960462403,58604.883253530694,1063.3575142688212,5125.4626895513775,17741.567500155474,14404.106955159947,1200.0,10584.150029054856,1200.0
C1,2025-08-11,51583.09558357326,51583.09558357326,0.0,4157.57761118774,55740.673194761,862.4165404934625,5775.766781330083,19941.319331195064,16092.703244230239,1200.0,10800.0,1266.4060155975126
C1,2025-08-12,61541.65308404064,61541.65308404064,0.0,3521.4174026643727,65063.070486705015,681.9297977178949,15307.392762199777,16560.402442404295,13389.30243418469,1266.4060155975126,9647.411483897957,1293.7655091117217
C1,2025-08-13,59737.81977351664,59737.81977351664,0.0,2081.298814650506,61819.11858816715,516.85553422113,13844.392129928388,16628.765534438367,13553.689041095622,1200.0,9295.9773366453,1200.0
C1,2025-08-14,61940.80688994255,61940.80688994255,0.0,5726.213905808954,67667.02079575151,1187.3324625220814,16852.124510567122,17531.954236840444,14200.88293184076,1200.0,9228.908349694038,1200.0
C1,2025-08-15,23346.453208952484,23346.453208952484,0.0,1729.012756792801,25075.465965745287,666.0009071526472,22747.02594776986,13966.750991807405,11313.068303363998,1200.0,10800.0,1200.0
C1,2025-08-16,24320.034263002635,24320.034263002635,0.0,1812.7000562731064,26132.73431927574,726.2744933256845,23914.2568094618,16117.600836217116,13031.925516105428,1200.0,10580.429352862478,1225.923512478262
C1,2025-08-17,52863.46952190581,52863.46952190581,0.0,4510.522350328394,57373.991872234204,926.8182163453004,8890.435898849199,20099.497425602207,16303.924075968223,1200.0,10701.541409419982,1200.0
C1,2025-08-18,55911.559901598615,55911.559901598615,0.0,1565.7278411984653,57477.28774279708,389.85953230123295,8208.243709744982,19748.52241599094,15770.138265318374,1200.0,10729.304377152126,1451.2943240381007
C1,2025-08-19,62333.81509041819,62333.81509041819,0.0,2164.0643272654615,64497.87941768365,606.2140776368074,18103.916901945788,16516.9730862056,13420.031775781757,1360.3815088181068,9382.404468068216,1405.4236840878518
C1,2025-08-20,67300.74627965769,67300.74627965769,0.0,6163.634702015601,73464.38098167328,1360.2309356480375,20751.40484871663,18586.047100382577,15188.318757154682,1256.9563442603016,9390.651193401432,1256.956344260302
C1,2025-08-21,53188.45686716319,53188.45686716319,0.0,6873.433640434797,60061.890507597986,2161.424678185864,6803.550017729607,19396.364792314584,15759.166535996119,1200.0,10800.0,1203.499617347737
C1,2025-08-22,22417.696736490147,22417.696736490147,0.0,2798.4035545752286,25216.100291065377,764.0596072334544,17041.10302695787,14690.188069287171,11811.989688852018,1200.0,10800.0,1300.235892092841
C1,2025-08-23,26743.062081972257,26743.062081972257,0.0,333.1522044574038,27076.214286429662,148.83038985760996,23525.84898079469,12389.57705572751,10125.769718022842,1200.0,9491.036231458513,1200.0
C1,2025-08-24,50347.66766668472,50347.66766668472,0.0,15475.036119548313,65822.70378623303,4689.48099043018,4350.934166339818,19682.364611084835,15914.849714239836,1200.0,10800.0,1230.9618008209836
C1,2025-08-25,71654.52074293197,71654.52074293197,0.0,638.6456466574476,72293.16638958942,162.43499375813408,24128.838166232857,18183.175438407416,14520.431874899705,1200.0,10689.358122872629,1462.0065010546514
C1,2025-08-26,53691.78858862788,53691.78858862788,0.0,2897.7871521317857,56589.57574075967,1411.7913718413004,4433.835835285401,19705.404155444598,15740.752591564653,1301.47043563911,10733.381621168151,1707.1451392162917
C1,2025-08-27,61958.50220784844,61958.50220784844,0.0,353.16216421885565,62311.664372067295,120.13563713167355,14812.759785193737,18675.320748586393,15395.617513481679,1408.6921312977358,9390.651193401432,1408.6921312977363
C1,2025-08-28,49386.84728788606,49386.84728788606,0.0,22566.82766596985,71953.67495385591,6700.04655447991,392.57545488171223,21194.68020387555,17317.2166264558,1200.0,10800.0,1242.552507612624
C1,2025-08-29,26047.17510668308,26047.17510668308,0.0,15.417496103277513,26062.592602786357,8.183384343565558,20787.110521241793,15004.975401930482,12045.55901162495,1242.552507612624,10700.212049639813,1363.0759119889997
C1,2025-08-30,24412.335942839472,24412.335942839472,0.0,1385.9628568202743,25798.298799659748,445.6165123685721,22688.22885105713,15978.592311438651,13088.828853372475,1200.0,10398.877160243605,1200.665821869923
C1,2025-08-31,51018.57012496358,51018.57012496358,0.0,9800.835311644241,60819.40543660783,2332.076517022173,1862.8279413733567,19818.67954252101,16008.360326566224,1211.70512686885,10670.86337698162,1250.4103806208052
C1,2025-09-01,51343.701232262516,51343.701232262516,0.0,1092.7042767250005,52436.40550898752,408.2586500000002,22926.99006226126,16802.949721120916,11759.454642895646,1270.1906809697805,10800.0,3307.004415301132
C1,2025-09-02,45541.696527011045,45541.696527011045,0.0,1857.6931852254654,47399.38971223651,917.8099731731256,13828.246526506631,16139.600327132388,13418.31723324003,1573.700500872354,10760.884446509825,2923.4033394535845
C1,2025-09-03,51954.10836067841,51954.10836067841,0.0,840.3214726845574,52794.42983336297,298.1229475495632,22176.617693005686,15900.963490754271,13585.26777871669,1499.7557768097895,9529.628522588306,2139.528504780548
C1,2025-09-04,50813.06288681809,50813.06288681809,0.0,2826.477770828572,53639.540657646656,781.1712805943465,20955.596765750943,17307.681222548694,13794.582668274112,1200.0,9232.020558446888,2389.1275292142486
C1,2025-09-05,19096.174642387363,19096.174642387363,0.0,0.0,19096.174642387363,0.0,30478.618480711182,12776.906827894414,11122.705515810438,1443.7865017294546,10297.184536064897,1529.7819900854015
C1,2025-09-06,18421.217075088585,18421.217075088585,0.0,789.8799790616195,19211.097054150207,273.73416000132886,28216.93937687794,14397.0537796994,11505.727174169491,1241.6628040726916,10736.17862873158,1702.9890871820976
C1,2025-09-07,41608.713757607,41608.713757607,0.0,9238.518129681359,50847.231887288355,3665.6363269147987,9150.530985518435,19730.281075911324,15844.556959268019,1214.3285786582103,10800.0,1855.178767426712
C1,2025-09-08,37165.20657194308,37165.20657194308,0.0,23524.764629883186,60689.971201826265,6002.4783219259425,3822.1760097322226,21545.558425507315,18041.563215344966,1200.0,10800.0,1200.0
C1,2025-09-09,34690.32474481204,34690.32474481204,0.0,16891.623630821097,51581.94837563313,4144.884633919738,1561.0535096210376,21261.962014869987,17222.18923204469,1200.0,10800.0,1200.0
C1,2025-09-10,41123.81498564428,41123.81498564428,0.0,24867.953763693804,65991.7687493381,6482.724582404285,6252.267785562597,20309.853246804912,16450.981129911983,1199.9999999999998,10500.32023557941,1200.0
C1,2025-09-11,37480.28706972821,37480.28706972821,0.0,21498.745721267507,58979.03279099571,5819.159620277211,7951.825983660922,20076.201571337642,16258.580629939484,1200.0,10380.702084052416,1203.491825382231
C1,2025-09-12,13384.515160141953,13384.515160141953,0.0,4968.403488587801,18352.918648729756,2133.785821321438,18014.56175939615,16967.529504323204,13743.698898501805,1199.9999999999998,10668.375145874024,1203.491825382231
C1,2025-09-13,12366.982531184436,12366.982531184436,0.0,10578.199397057586,22945.181928242022,3692.5003787210076,21834.96850928274,16496.43504654951,13365.255030549115,1200.0,10800.0,1200.0
C1,2025-09-14,42220.05682873788,42220.05682873788,0.0,19812.458698046466,62032.515526784344,5267.259995216167,7924.5337468591215,17625.218395220887,14276.426900128916,1199.9999999999995,10427.51966688276,1200.0
C1,2025-09-15,39729.00416820861,39729.00416820861,0.0,11873.136837401891,51602.1410056105,3215.1980701658663,4897.154842335562,20465.63881317792,16540.629197086768,1200.0,10032.998980143338,1240.5980462081625
C1,2025-09-16,43976.72511243885,43976.72511243885,0.0,8648.528428489593,52625.25354092845,2176.644646677466,6867.496301222811,19661.057202799784,15961.994575855164,1199.9999999999998,10316.899281879088,1200.0
C1,2025-09-17,43656.392734000154,43656.392734000154,0.0,11599.142327322634,55255.53506132279,2915.7040759571146,6982.281339075396,19078.205043509046,15453.346085242327,1200.0,10113.47900296601,1200.0
C1,2025-09-18,37148.51545510553,37148.51545510553,0.0,20592.093026878254,57740.60848198379,5961.172275300748,1030.555700243211,21008.20764795845,17016.648194846348,1199.9999999999998,10346.365131143142,1200.0
C1,2025-09-19,13874.178472779487,13874.178472779487,0.0,5073.290608239069,18947.469081018557,1795.1956645948592,14135.664377433784,16945.164354237506,13725.58312693238,1200.0,10800.0,1200.0
C1,2025-09-20,14308.609408089022,14308.609408089022,0.0,9730.174160080387,24038.78356816941,3053.2419801918277,17086.651038650376,15722.315971487671,12735.07593690501,1200.0,9867.988542243476,1200.0
C1,2025-09-21,41444.75412938805,41444.75412938805,0.0,10334.344211969043,51779.09834135709,2405.0799616084446,4481.253556160129,20026.777245583908,16199.974079062771,1200.0,10275.539699788313,1224.1283220668831
C1,2025-09-22,47579.7942636588,47579.7942636588,0.0,6885.151655801861,54464.94591946065,1701.546493001849,9938.42152936671,18999.54984272685,15411.350862468942,1199.9999999999998,9771.392017582732,1200.0
C1,2025-09-23,44937.09734746748,44937.09734746748,0.0,7569.471848401583,52506.56919586907,1601.0468077568667,4711.149882071712,19785.35457890072,16009.41052355502,1200.0,10285.94224541768,1218.585205949516
C1,2025-09-24,41242.515735374815,41242.515735374815,0.0,15328.978312776619,56571.494048151435,4950.269167936917,2721.422563933688,19404.18445482761,15734.11609376493,1200.0,10165.20409137405,1200.0
C1,2025-09-25,43975.17193529473,43975.17193529473,0.0,11946.284489015905,55921.456424310636,3066.2533924167146,6638.397432353888,19913.24731168597,16129.730322465637,1200.0,9847.362373615351,1200.0
C1,2025-09-26,14066.144131570289,14066.144131570289,0.0,2316.0902778050627,16382.23440937535,1114.1229645572273,12828.718111380404,17257.25307227992,13978.374988546735,1200.0,10800.0,1200.0
C1,2025-09-27,15106.891581313395,15106.891581313395,0.0,8320.160395341149,23427.051976654544,2694.0337331479195,15362.274233303542,15487.362195819245,12544.763378613592,1200.0,10040.182040154736,1200.0
C1,2025-09-28,43915.63709204428,43915.63709204428,0.0,13113.367025477968,57029.00411752224,3354.1422346427353,4374.444503835087,19830.149929801828,16062.421443139483,1200.0,10328.112377822932,1200.0
C1,2025-09-29,46491.022926420344,46491.022926420344,0.0,8874.599879089175,55365.62280550952,2616.077571196902,6719.029215350514,20478.5138436379,16587.5962133467,1200.0,9980.427413158037,1200.0
C1,2025-09-30,46217.42811307812,46217.42811307812,0.0,13266.575686376847,59484.003799454964,3616.502252786363,3884.750127697306,22983.419945060974,18616.570155499387,1200.0,10049.904512472873,1200.0
C1,2025-10-01,37490.87597524999,37490.87597524999,0.0,1628.537829058385,39119.41380430838,384.34747592119817,7731.605267425568,22085.572794522137,17801.87991265979,1200.0,10800.0,1297.148945447938
C1,2025-10-02,45906.28138274626,45906.28138274626,0.0,2592.802255166017,48499.08363791228,871.8298660716949,18201.37571818278,17666.05303465126,13958.973365982707,1200.0,9940.515820400402,1686.62626998662
C1,2025-10-03,12545.989877035103,12545.989877035103,0.0,1624.2648169419326,14170.254693977035,819.2076274928853,20665.16492289832,17028.754025458304,14104.4111524149,1200.0,10496.126109130955,1340.9369457714329
C1,2025-10-04,13925.115667309796,13925.115667309796,0.0,2795.7273221806063,16720.842989490404,1165.605435217676,18114.18959067228,16690.119155172044,13530.723150206397,1200.0,10800.0,1327.9073518636062
C1,2025-10-05,44821.725125875026,44821.725125875026,0.0,4738.010544554475,49559.7356704295,1613.8225196741598,15989.087158973409,17465.596784085894,14204.052649095584,1200.0,9865.985681081753,1264.663736323595
C1,2025-10-06,39639.40308425123,39639.40308425123,0.0,9881.518190782024,49520.92127503325,3738.441598943983,3115.8091564718725,20133.810066091268,16362.823745391403,1200.0,10535.671586349605,1204.1775231486265
C1,2025-10-07,40740.00407871657,40740.00407871657,0.0,5434.493794159721,46174.497872876294,1762.4038663289548,3902.1195490002024,19795.50111166023,15591.737213706921,1204.1775231486265,10647.77884272113,1695.9760639684905
C1,2025-10-08,36985.09598817439,36985.09598817439,0.0,16856.68014584384,53841.776134018226,4448.8068388199235,3290.1216475518063,19021.10400183378,15853.472699057,1200.0,9643.73310909936,1200.0
C1,2025-10-09,43126.04002334144,43126.04002334144,0.0,12705.795929722022,55831.83595306346,2933.271910329128,13252.182060606445,19016.779993691864,15403.591794890412,1200.0,10100.169184534776,1200.0
C1,2025-10-10,13522.853679257416,13522.853679257416,0.0,4848.255726811946,18371.10940606936,1726.66730505357,22516.607495173943,16623.76097796776,13465.246392153887,1200.0,9917.080909704458,1200.0
C1,2025-10-11,12975.391020123656,12975.391020123656,0.0,5599.00675871594,18574.397778839597,1558.8878500723295,16876.88840369364,18013.21162969017,14590.701420049038,1200.0,9865.44383093252,1200.0
C1,2025-10-12,39491.70624395159,39491.70624395159,0.0,19013.674587466063,58505.38083141765,4296.801149886353,7035.737236772025,19108.76178000313,15478.097041802534,1200.0,9813.82124193071,1200.0
C1,2025-10-13,44229.65969444561,44229.65969444561,0.0,13464.935732728576,57694.59542717419,3197.705053596527,12380.575453697713,18490.861999839508,14958.67558726733,1200.0,9600.55430187761,1221.025147336304
C1,2025-10-14,45333.30436446944,45333.30436446944,0.0,14373.687593706487,59706.991958175924,3135.315011007944,10568.505142060327,19447.21078923622,15771.163371884008,1200.0,9636.221860487884,1200.0
C1,2025-10-15,46046.886273708355,46046.886273708355,0.0,10157.656118725028,56204.54239243338,2239.6955052044777,8615.23558344434,21603.422270416515,17498.772039037372,1200.0,9830.390948414635,1200.0
C1,2025-10-16,42981.182137367425,42981.182137367425,0.0,20479.43627330534,63460.61841067277,4952.095136488683,6068.005183521393,20682.342608052404,16752.69751252245,1200.0,9594.876812393575,1200.0
C1,2025-10-17,12844.878396847365,12844.878396847365,0.0,2722.3282516082804,15567.206648455645,911.4422873566918,13448.592791312412,18500.258066026956,14985.209033481835,1200.0,10681.334642028856,1200.0
C1,2025-10-18,13883.48195177874,13883.48195177874,0.0,5431.206973366896,19314.688925145634,2056.670049572877,16704.004180984,17997.829024265735,14578.241509655243,1200.0,10101.98233603839,1200.0
C1,2025-10-19,42869.067386434755,42869.067386434755,0.0,15064.903243937428,57933.97063037218,3761.018246758026,1036.4478603595876,21448.653260548897,17373.40914104461,1200.0,10251.37606530741,1200.0
C1,2025-10-20,49335.6932879387,49335.6932879387,0.0,4860.323491857737,54196.016779796446,1101.3754514918323,8813.71604482324,18838.61838640107,15259.280892984869,1200.0,9992.36205058807,1200.0
C1,2025-10-21,50389.15213437647,50389.15213437647,0.0,9453.956296007564,59843.10843038403,2094.1555637478946,8790.185567061264,19019.359603978308,15405.68127922243,1200.0,9608.266176322071,1200.0
C1,2025-10-22,44941.33428844686,44941.33428844686,0.0,19565.36467924013,64506.69896768699,5005.204574522954,3738.653742918419,18868.589856953953,15283.5577841327,1200.0,9408.87839141606,1200.0
C1,2025-10-23,53270.5767190131,53270.5767190131,0.0,12955.177599841054,66225.75431885416,3258.8944731989836,18925.872861032723,18793.838265881364,15223.008995363902,1200.0,9556.196072284842,1200.0
C1,2025-10-24,14250.671271243273,14250.671271243273,0.0,3883.7065562661405,18134.377827509412,1216.3678685059053,13764.967453353154,16000.07247996832,12960.058708774339,1200.0,9988.62950549208,1200.0
C1,2025-10-25,14160.842248194193,14160.842248194193,0.0,6037.177899099156,20198.020147293348,1753.8703376918518,13682.705243367349,16415.331051819907,13296.418151974125,1200.0,9801.003135344969,1200.0
C1,2025-10-26,48657.36552733729,48657.36552733729,0.0,12309.178261709361,60966.54378904666,3525.564811943471,9514.526042928603,18298.065731508803,14821.43324252213,1200.0,9442.15178967758,1200.0
C1,2025-10-27,45233.40959474118,45233.40959474118,0.0,7265.052276225457,52498.46187096664,2296.956488826387,4954.8988190040145,20579.064926503805,16646.71483329531,1200.0,10800.0,1224.808619080858
C1,2025-10-28,44248.19659956897,44248.19659956897,0.0,13638.072656023647,57886.26925559261,4830.683385773812,2249.879901028171,20626.80154307903,16730.037007066785,1200.0,10125.728830992852,1200.0
C1,2025-10-29,54106.51925938553,54106.51925938553,0.0,9519.78466838152,63626.303927767054,2088.9116052117297,10630.564197596861,19655.046270615956,15920.587479198926,1199.9999999999998,9737.06645407908,1200.0
C1,2025-10-30,45382.981700401906,45382.981700401906,0.0,12818.7701923755,58201.75189277741,3256.906123192892,3411.9310983733994,20306.64587742825,16448.383160716883,1200.0,9696.665698434084,1200.0
C1,2025-10-31,16264.067983775412,16264.067983775412,0.0,2114.13025508335,18378.19823885876,779.4366047673338,11479.773399450407,16650.69507127045,13487.063007729068,1200.0,10108.820070424988,1200.0
C1,2025-11-01,14265.574584534435,14265.574584534435,0.0,5558.681850916717,19824.256435451152,2344.0156541267643,11324.692588580045,17942.407728078848,14533.350259743867,1200.0,10094.945980420543,1200.0
C1,2025-11-02,50462.55930839538,50462.55930839538,0.0,17455.55204354489,67918.11135194027,3924.426084230341,6850.040573134127,18333.32059138944,14837.203620291577,1200.0,9446.83721864919,1214.2067319265211
C1,2025-11-03,56041.2742494074,56041.2742494074,0.0,3232.8943086232484,59274.16855803065,744.9170985598977,11184.559538533389,18088.213219377005,14664.238766429246,1200.0,9664.922205309133,1200.0
C1,2025-11-04,50099.32492634471,50099.32492634471,0.0,5797.1288133249745,55896.45373966968,1125.8130955301426,5517.049676987813,18705.91469950472,15151.790906598822,1200.0,9751.285866252456,1200.0
C1,2025-11-05,56209.11036198586,56209.11036198586,0.0,8882.367777672265,65091.478139658124,2117.942428362937,12249.304306255028,19699.845845053696,15920.186807289843,1200.0,9761.147666468354,1240.764808004056
C1,2025-11-06,55248.07123098738,55248.07123098738,0.0,12853.81723613503,68101.88846712241,2554.0211633417907,9662.364585617308,17838.780414629346,14470.424832995905,1200.0,9431.700731870324,1217.4173667305693
C1,2025-11-07,15025.287151683728,15025.287151683728,0.0,3253.9653742158685,18279.252525899596,1067.9383488607748,10654.968491903044,18507.646076831294,15006.868952290859,1199.9999999999998,9955.492897458866,1200.0
C1,2025-11-08,15778.486386847446,15778.486386847446,0.0,2093.959049326856,17872.4454361743,520.3888285128871,11091.611237218594,17522.17601697638,14192.962573750869,1200.0,9591.52383010505,1200.0
C1,2025-11-09,53486.813797699724,53486.813797699724,0.0,7739.121901201303,61225.935698901034,1976.7767863226095,5456.075056517554,19907.034428324278,16124.697886942668,1200.0,9550.705050899673,1200.0
C1,2025-11-10,56513.98122628541,56513.98122628541,0.0,8889.007641806744,65402.98886809215,1803.0152773023922,5972.184092157042,21076.800176083783,17057.827393455173,1200.0,9714.166727114762,1215.9786101918814
C1,2025-11-11,57084.46705098822,57084.46705098822,0.0,3128.6147290197077,60213.081780007924,688.7066369165577,8975.642477312203,19250.16965771439,15607.018171921347,1200.0,9797.616545375924,1200.0
C1,2025-11-12,57805.70754314272,57805.70754314272,0.0,8827.318370283188,66633.02591342591,1877.780163692544,12267.019045973046,18941.752459430125,15342.819492138402,1200.0,9537.188375461928,1200.0
C1,2025-11-13,52096.55501658633,52096.55501658633,0.0,11310.988903390693,63407.54391997702,2759.832309377651,2258.8285188230857,19667.349984741537,15880.413245253823,1200.0,9852.36732488084,1255.7113804297992
C1,2025-11-14,15937.731348062982,15937.731348062982,0.0,5516.520262726306,21454.251610789288,2493.193360017095,8986.443729245233,17770.39108639657,14444.157022368043,1200.0,9995.002917813415,1200.0
C1,2025-11-15,16462.42466329429,16462.42466329429,0.0,4115.116621892623,20577.54128518691,1376.4856651974676,8498.141669013166,18431.61494302032,14921.62093749,1200.0,9587.887549997638,1208.8746292849517
C1,2025-11-16,57501.27983899495,57501.27983899495,0.0,9808.233254030234,67309.51309302519,2163.8149491491836,7870.732923725949,20295.93093476491,16447.691223516038,1200.0,9723.12858245898,1200.0
C1,2025-11-17,50419.035662444854,50419.035662444854,0.0,12769.11680702871,63188.15246947356,4226.690986507189,1363.4805818628906,22410.391534632618,18148.65737221866,1200.0,10800.0,1204.177523148626
C1,2025-11-18,55360.3085870484,55360.3085870484,0.0,15678.905592938001,71039.2141799864,3749.624910318592,5197.596137873638,20256.372267925093,16411.421307853092,1200.0,9246.405005874736,1200.0
C1,2025-11-19,56790.868244444944,56790.868244444944,0.0,15224.714398577193,72015.58264302214,3509.0658457064815,5489.840617122088,18619.53842507705,15081.82612431241,1200.0,9715.238585954505,1200.0
C1,2025-11-20,55230.14268651889,55230.14268651889,0.0,9194.870418763616,64425.01310528251,2176.415859628385,4321.876565857282,20801.563714911437,16849.266609078262,1200.0,10019.124198418456,1200.0
C1,2025-11-21,15896.452710975784,15896.452710975784,0.0,2328.0643320090016,18224.517042984786,941.2404287760852,5726.810977504551,18022.450880007447,14583.448711088911,1200.0,10275.777511832324,1216.3738907968018
C1,2025-11-22,18509.162474736728,18509.162474736728,0.0,3291.521227629467,21800.683702366197,1181.6421706116078,12694.646202403832,18628.607203403444,15103.908336473913,1200.0,9858.259597339062,1200.0
C1,2025-11-23,57138.25930603009,57138.25930603009,0.0,12833.323803271425,69971.58310930151,3136.5146496607736,6160.775564280963,20531.284634161464,16630.34055367079,1200.0,9819.916854598823,1200.0
C1,2025-11-24,54053.396398213816,54053.396398213816,0.0,7065.312474803157,61118.70887301697,1680.0481863730383,2377.6065482127997,22436.51561969078,18173.57765194953,1199.9999999999998,10444.730922398485,1200.0
C1,2025-11-25,63180.98482539903,63180.98482539903,0.0,3762.581517368106,66943.56634276712,917.0296003380452,10946.068367616577,19249.197663745384,15591.850107633765,1200.0,9617.563437291408,1200.0
C1,2025-11-26,60953.25221812031,60953.25221812031,0.0,8563.721547173545,69516.97376529385,1707.8650658169017,8504.64912479922,22428.492231322954,18167.078707371595,1200.0,10196.8754570868,1200.0
C1,2025-11-27,58207.247615499036,58207.247615499036,0.0,7797.283228068866,66004.5308435679,1545.0071154986194,5207.196237180785,20918.038458747236,16943.611151585264,1200.0,10061.145774939028,1200.0
C1,2025-11-28,15374.38314957436,15374.38314957436,0.0,3262.295558812076,18636.678708386436,812.4106090955796,3539.7272038061496,19626.01416808234,15892.851902198361,1200.0,10285.876698047708,1204.6884154981497
C1,2025-11-29,20446.624850244538,20446.624850244538,0.0,3543.021133300609,23989.645983545146,1353.349321555293,11261.31681988807,19568.008087493276,15854.306124817884,1199.9999999999998,9980.787865746235,1200.0
C1,2025-11-30,59784.531261759694,59784.531261759694,0.0,10123.680886472126,69908.21214823182,2281.8179956061977,3161.454261787621,22762.320396622687,18437.479521264373,1200.0,10143.274113870872,1200.0
C1,2025-12-01,66889.97307945156,66889.97307945156,0.0,25916.693080130703,92806.66615958227,5692.9803539026025,4534.359020841311,22970.558276131553,18606.152203666556,1200.0,9984.986864704597,1200.0
C1,2025-12-02,69841.46023548608,69841.46023548608,0.0,29575.19189407133,99416.6521295574,6172.565113073629,5603.680928408024,23618.14100480157,19130.69421388927,1200.0,10124.170501993412,1200.0
C1,2025-12-03,61457.49620223369,61457.49620223369,0.0,49007.1707438174,110464.66694605109,11945.80080609411,2904.8545378270283,22080.59613450074,17885.2828689456,1200.0,10200.0,1200.0
C1,2025-12-04,68234.46899834745,68234.46899834745,0.0,37442.7649260881,105677.23392443555,7866.430589442557,7624.306961578151,19803.80214680549,16041.079738912444,1200.0,9477.418780973425,1200.0
C1,2025-12-05,19658.107592960063,19658.107592960063,0.0,14609.614951999405,34267.72254495947,4925.968411496965,3133.2404377102816,19940.407217311444,16151.72984602227,1200.0,10013.49318833176,1200.0
C1,2025-12-06,20770.366593421415,20770.366593421415,0.0,18492.048252173234,39262.41484559465,5856.611896649772,4076.039302509892,20863.95649145405,16899.804758077782,1200.0,10088.57340412333,1200.0
C1,2025-12-07,70568.92629508731,70568.92629508731,0.0,25231.39412237348,95800.3204174608,5578.266188274065,6655.1320928237965,21057.349705427285,17056.453261396102,1200.0,9897.856519160998,1200.0
C1,2025-12-08,78518.80041035592,78518.80041035592,0.0,756.8579644083417,79275.65837476427,195.71116166776542,10206.167502677421,21050.413560937657,16992.96144687259,1200.0,10143.405295024431,1264.303930541017
C1,2025-12-09,76586.40291488473,76586.40291488473,0.0,1854.054515436837,78440.45743032158,414.8854188885044,9699.750581271088,22220.57080740376,18014.138074208837,1200.0,10110.929528302991,1247.1086858612464
C1,2025-12-10,72392.66030499978,72392.66030499978,0.0,7559.926799466295,79952.58710446607,1649.1196244735222,4564.518460243519,23539.396485750218,19109.308970732804,1200.0,10472.949135761346,1200.0
C1,2025-12-11,75890.18900680137,75890.18900680137,0.0,3069.3515043801262,78959.54051118149,738.0984226749588,11954.224431775368,21235.695990788296,17199.473036254516,1200.0,10146.4470026489,1201.6007958711143
C1,2025-12-12,24940.889960958466,24940.889960958466,0.0,914.6299939207902,25855.519954879255,392.1572938585555,5902.079033094034,16936.733195460012,13677.889219069022,1200.0,10362.76588983748,1247.0059839306582
C1,2025-12-13,25401.065746668064,25401.065746668064,0.0,124.86557691538871,25525.931323583452,45.439546383125155,6420.5129778291475,18670.24086189321,15165.200483671088,1200.0,10431.7297176286,1200.0
C1,2025-12-14,71685.80838301343,71685.80838301343,0.0,9888.64609117335,81574.45447418677,1972.0870211463773,3405.9429528852643,24418.352917829405,19772.753217600097,1200.0,10327.189432394593,1206.7918287130226
C1,2025-12-15,71006.2305488997,71006.2305488997,0.0,14870.115174235063,85876.34572313476,3834.367278848226,3455.558316437568,23374.10720842922,18939.139484669395,1200.0,10800.0,1200.0
C1,2025-12-16,79396.70583695648,79396.70583695648,0.0,1489.254734895278,80885.96057185174,398.9508405533776,8383.213699071624,20542.572695054427,16639.48388299409,1200.0,10141.457974175004,1200.0
C1,2025-12-17,77938.78372614873,77938.78372614873,0.0,3396.400928722243,81335.18465487097,760.4433490523486,10506.750190220064,21174.58632048624,17151.41491959385,1200.0,10297.908363619072,1200.0
C1,2025-12-18,72262.99809057436,72262.99809057436,0.0,7055.524959249429,79318.5230498238,1776.1830100399768,6270.9768665129495,22119.183347998165,17909.82158168349,1200.0,10609.791856724358,1207.4632557722564
C1,2025-12-19,25545.494664779555,25545.494664779555,0.0,3551.191861882291,29096.686526661844,1477.8956445384183,8717.870250433933,18671.94474123522,15130.992170595558,1200.0,10404.119876444516,1200.0
C1,2025-12-20,23877.366084865826,23877.366084865826,0.0,1028.149581702703,24905.515666568528,384.5682470701673,4800.253646831765,19981.09418786402,16155.476016213426,1200.0,10343.40820927873,1232.4558621738092
C1,2025-12-21,73738.06426214636,73738.06426214636,0.0,7053.987601042574,80792.05186318894,1770.6607853364533,4504.202263446735,20448.822492241754,16592.75649467225,1200.0,10277.466456992834,1200.0
C1,2025-12-22,75828.51527475397,75828.51527475397,0.0,5642.348852534855,81470.86412728882,1490.415885536638,6097.899579010209,20144.641496059005,16304.576867764994,1200.0,10389.5063104437,1213.9808267142175
C1,2025-12-23,74061.07460221116,74061.07460221116,0.0,1877.6257553319206,75938.70035754309,408.2467538709466,6474.528362310328,22640.37091985361,18332.576462559973,1200.0,10536.399557976698,1220.7852517380477
C1,2025-12-24,72123.63637402796,72123.63637402796,0.0,3082.168120090434,75205.8044941184,586.0173144415687,4208.524259606844,22623.70592340058,18343.908524518716,1200.0,10491.323940098078,1200.0
C1,2025-12-25,70017.2226323966,70017.2226323966,0.0,12862.011521940902,82879.23415433751,2664.313014329749,4105.492736082978,21855.419076604743,17702.88945204984,1200.0,10070.00993284583,1200.0
C1,2025-12-26,22457.540175176524,22457.540175176524,0.0,3775.26631005746,26232.806485233985,1619.0500893985745,2799.0736278593245,20069.823982726855,15991.742026100621,1200.0,10343.40820927873,1494.2393332312529
C1,2025-12-27,23859.63366176053,23859.63366176053,0.0,2340.5384164044294,26200.17207816496,930.3534846543429,6561.598653563784,19362.79889718782,15948.682506630263,1200.0,10107.529886181754,1200.0
C1,2025-12-28,73896.05288684978,73896.05288684978,0.0,3438.6122820918963,77334.66516894168,864.8422297901825,6837.747293021889,20215.16055377996,16355.763337476148,1200.0,10208.167890822617,1220.574123428467
C1,2025-12-29,72193.85614726592,72193.85614726592,0.0,4535.494951826034,76729.35109909195,1101.3580924905255,5604.6933145605735,22775.45107247567,18466.632079790917,1200.0,10380.345307652768,1200.0
C1,2025-12-30,74367.00370162989,74367.00370162989,0.0,6814.434349428422,81181.43805105831,1754.3252183255918,10699.228053872013,21192.423985022248,17109.268719835247,1200.0,10389.698205991996,1262.8830089253022
C1,2025-12-31,76174.7043506368,76174.7043506368,0.0,3590.613306678936,79765.31765731575,898.7637435808051,8416.275295216577,22495.516673798953,18277.963213809922,1200.0,10448.267177870894,1200.0
C2,2025-02-01,19022.20684559195,23510.91781561157,4488.710970019619,271.3170217014514,23782.23483731302,101.3746573883679,12946.58791049122,15270.737279386689,14800.487048255825,1209.7760767452207,10454.918947865017,1209.7760767452207
C2,2025-02-02,71626.8178088702,71352.11931359435,-274.6984952758428,210.70566939398503,71562.82498298834,92.8220290175799,15790.320351480372,18175.680783628788,14698.888328349216,1209.7760767452207,9233.575774647266,1235.7906394008876
C2,2025-02-03,75213.04971048655,78496.1815396292,3283.131829142655,298.3273783296079,78794.50891795881,96.06891387726432,19327.21385862625,15902.467539015615,12837.76579508306,1200.0,9101.107204503536,1283.8272077559886
C2,2025-02-04,73328.47175978753,81257.28205503899,7928.810295251457,868.4320094229819,82125.71406446196,230.6909409900942,21138.101618430457,17746.502059996434,14412.383479124535,1200.0,9109.269570510656,1241.919640503298
C2,2025-02-05,67664.29454591915,69181.58392711885,1517.2893811996973,739.4211095587934,69921.00503667764,138.58934994918735,9960.646537832587,20803.893448207768,16811.59857531081,1214.411762420873,8941.217192109767,1285.869771322719
C2,2025-02-06,72092.95054231542,71399.2504844174,-693.700057898019,166.40582717391285,71565.65631159132,36.08068405721198,12992.734291988605,18938.49448797573,15416.171418567827,1201.4354565366243,9579.475461513424,1201.4354565366248
C2,2025-02-07,25020.60098535916,26985.905494223567,1965.3045088644074,78.65116416546125,27064.55665838903,14.65868309858564,21877.36752162443,16539.84679651359,13367.295607925455,1201.4354565366248,9259.413914619356,1234.7468979261296
C2,2025-02-08,18025.736737532316,18112.531146147434,86.79440861511574,3642.5371824527006,21755.068328600133,1145.7547031096606,7646.579637777553,18619.706129459,15084.967654671678,1200.0,9382.479126984128,1231.4072425818072
C2,2025-02-09,66509.2181027571,66729.47973141525,220.26162865815505,2534.405216739078,69263.88494815433,666.5788825333627,9744.026298428586,20002.245545590886,16226.768509808246,1200.0,9040.583540267458,1203.685444937772
C2,2025-02-10,63010.50069421328,66309.28543614902,3298.784741935737,1099.1419535307894,67408.42738967981,398.99913941745467,14935.373949054121,18198.16995510691,14743.834564080596,1200.0,9460.630461554474,1200.0
C2,2025-02-11,58473.25974073756,58771.61145355369,298.3517128161314,7369.519620696742,66141.13107425043,1589.278551785217,6093.206779469888,21476.683054561232,17396.1132741946,1200.0,10256.652539709305,1200.0
C2,2025-02-12,58847.57453100308,59885.239419001504,1037.6648879984198,3047.0457886742824,62932.285207675784,737.9274496233219,7043.996919554356,21416.260709599857,17347.171174775885,1200.0,10012.069335051596,1200.0
C2,2025-02-13,54330.27262970443,55978.267984408245,1647.9953547038147,2935.119364216395,58913.38734862464,803.7801931569718,6524.986830599074,21302.23159971812,17254.80759577168,1200.0,9887.867686628751,1200.0
C2,2025-02-14,15642.912835649488,22917.278993797743,7274.366158148256,1466.5095552785976,24383.78854907634,509.89985212493343,12707.04647760943,17918.6049089939,14498.140834556352,1217.6990463652298,9360.348975920117,1217.6990463652298
C2,2025-02-15,18527.704763899415,18919.693261773173,391.9884978737583,4378.71423405175,23298.407495824922,1695.5854798712367,10682.709669591111,17143.644361812043,13902.281074796461,1200.0,9470.020905550096,1200.0
C2,2025-02-16,66198.74702187898,65952.28400187689,-246.4630200020892,8814.862103605883,74767.14610548277,1906.433742801187,14217.288859064633,18232.34481234446,14768.199297999014,1200.0,9032.67212340799,1200.0
C2,2025-02-17,60012.6081513653,59976.24877747113,-36.35937389416242,3231.1573012776057,63207.40607874874,868.5620098277227,10576.461824501424,18634.6303893526,15079.488679041891,1200.0,9824.157751971614,1216.1799292596809
C2,2025-02-18,51677.29899265682,57453.808358425056,5776.509365768235,5297.649637260714,62751.45799568576,1211.2365717376183,7074.952885062731,19867.111019577264,15765.683052398537,1216.1799292596809,10053.075823709632,1579.154233103069
C2,2025-02-19,50190.594729671546,55263.4717198376,5072.876990166052,4775.698531520374,60039.17025135797,1102.939429269691,4496.178798431595,22452.32302589109,18527.62046076454,1200.0,10243.577083870769,1200.0
C2,2025-02-20,54570.5308252491,55894.18171895277,1323.6508937036742,4685.108601610785,60579.29032056356,1055.9685165736757,7643.603205066077,20338.81309242827,16458.724506040548,1200.0,10178.574092963405,1217.4601098070573
C2,2025-02-21,14696.73655712144,15270.799876748479,574.0633196270385,1700.6403128391537,16971.440189587633,718.060127145817,7692.927809332182,19530.514478561843,15835.430826461446,1200.0,10298.132051726783,1200.0
C2,2025-02-22,18535.9763867086,17811.324060769548,-724.6523259390559,2854.1058404404585,20665.429901210005,1103.5991304058844,9542.998443143646,18269.98327089015,14798.686449421017,1200.0,10211.174571594274,1200.0
C2,2025-02-23,51160.0091076908,52630.84557146703,1470.8364637762274,6716.9642685004155,59347.80983996744,1643.3510348702387,3455.047734529421,21048.41561289499,17049.216646444936,1200.0,10252.885892222204,1200.0
C2,2025-02-24,50251.56085612669,52683.61965426203,2432.058798135334,1371.8061695065037,54055.42582376853,297.6457048876431,5757.453097186206,21230.451942052816,17193.267796571407,1200.0,9980.091123903238,1203.7758627681965
C2,2025-02-25,55413.559732140035,55792.931958094094,379.3722259540574,1908.4933399365605,57701.425298030656,485.4313886755434,13545.137654622084,16357.830855555108,13253.241269491016,1200.0,8986.38765759673,1200.0
C2,2025-02-26,46651.13680385418,51804.42743292544,5153.290629071266,2630.6031884796016,54435.03062140504,539.5669066131076,3940.7310502060677,22160.119225981827,17940.8968592977,1200.0,10190.31802327796,1209.7774597195391
C2,2025-02-27,47046.27213191164,50682.83968150711,3636.567549595472,6278.866281216438,56961.70596272355,1277.2928168834792,6719.097681611051,20362.676281114116,16478.0224181568,1200.0,10092.044295649634,1227.2723147702468
C2,2025-02-28,13949.895072635532,15578.442451915802,1628.54737928027,997.0195085302124,16575.461960446013,418.6676922384935,10159.58401182918,17408.843330490436,14122.31143554025,1200.0,10333.983252889528,1203.7741616113656
C2,2025-03-01,18679.41332163656,18633.059387235095,-46.35393440146609,679.4685352987046,19312.527922533798,210.57693202892855,16367.635529181734,16380.85601946148,13234.6561258513,1203.7741616113656,9389.953320820634,1241.3711059585862
C2,2025-03-02,61676.092622231175,64114.607378361696,2438.514756130519,2730.1905875603234,66844.79796592201,547.7024866173506,16827.01102980691,19755.822023633566,16039.449834505915,1200.0,9016.480894382674,1200.0
C2,2025-03-03,59025.21913818932,59332.11748917701,306.8983509876926,1751.0658873517762,61083.18337652879,487.4966977608541,10301.535745296316,18552.707456487726,15027.693039755051,1200.0,8868.223337194087,1200.0
C2,2025-03-04,49217.21933899336,53031.10944830247,3813.8901093091126,3813.2257764914757,56844.33522479395,1069.0428028014474,6227.391396378417,20877.158861742468,16910.498678011398,1200.0,10275.55581365034,1200.0
C2,2025-03-05,54304.436376077094,54173.66194015929,-130.7744359177998,3245.7319071182324,57419.393847277526,749.6474688716581,13177.346254384316,17125.070057130044,13871.306746275335,1200.0,9579.73151353021,1200.0
C2,2025-03-06,47803.388102392964,51331.18434050994,3527.79623811698,2450.125799679246,53781.31014018919,707.6102186879726,7734.123608849402,21060.881944425793,17059.314374984893,1199.9999999999998,10066.749180708575,1200.0
C2,2025-03-07,14348.319576044005,16971.771144865157,2623.4515688211504,1863.3257256488141,18835.09687051397,630.3976429466597,14066.797783464035,15617.896830001288,12643.432542128448,1200.0,10358.76261510259,1207.8487668584396
C2,2025-03-08,15915.514792918675,16409.42214640753,493.90735348885704,2992.0981423647986,19401.52028877233,1310.3858022659301,16793.07774905054,16125.173430641467,13068.454368992183,1200.0,9319.280642410657,1200.0
C2,2025-03-09,47501.134985514334,48100.02602618447,598.8910406701385,3874.38970489645,51974.41573108092,1161.9213026310465,7153.984830715583,20558.053592551852,16652.023409967,1200.0,10408.934967886522,1200.0
C2,2025-03-10,48173.34873574601,51888.857119128246,3715.508383382235,4681.433290332121,56570.290409460365,1292.836954708855,5674.9851235806,21140.52235181001,17095.052116912557,1200.0,10013.07472229788,1231.9677645039485
C2,2025-03-11,39917.464392897054,46340.69184564009,6423.227452743034,6408.544555372891,52749.23640101298,1765.6805042016326,3252.3709030020204,20833.68509501604,16798.744095280173,1200.0,10174.66233795346,1317.0131330404154
C2,2025-03-12,47211.86805067151,47936.762501011515,724.8944503400045,3258.5443966488715,51195.30689766038,1024.9124954615697,8978.864447003647,20873.570508878245,17012.90393192775,1200.0,10333.418929176063,1200.0
C2,2025-03-13,44436.23669655159,47826.31293596715,3390.076239415556,4139.431984665746,51965.7449206329,1194.5675292397707,2298.3835782846545,20243.850240798925,16397.518695047125,1200.0,10567.363422194963,1200.0
C2,2025-03-14,11711.841271811,13411.893008871988,1700.0517370609882,1912.2712353780557,15324.164244250043,856.0348285378948,14352.866882478098,18239.417106202276,14762.63391946689,1200.0,10279.649044395275,1212.5488183966118
C2,2025-03-15,12255.480101575353,12909.469403731084,653.9893021557313,2515.3147138016902,15424.784117532774,964.2221859816104,8042.034140242199,17540.29034365283,14218.929114915742,1200.0,10407.275688589065,1200.0
C2,2025-03-16,44428.88919521214,45648.85387288961,1219.9646776774732,2049.8746637199206,47698.72853660953,716.8465832129773,3906.370287881594,21261.749078214678,17222.016753353884,1200.0,10194.641972031672,1200.0
C2,2025-03-17,39777.10372563275,41971.93814623586,2194.8344206031097,4697.0522203932705,46668.99036662913,1441.696492728095,4611.372914584625,19456.180899694857,15754.217004898883,1200.0,10327.11307709162,1205.8772487266149
C2,2025-03-18,45979.976208661275,45138.55606417974,-841.4201444815335,1367.4114077814504,46505.967471961194,494.4424717859565,5205.803709242155,19627.83685564093,15903.837376923115,1200.0,10369.303600653544,1200.0
C2,2025-03-19,37525.551397216725,42659.72916939319,5134.177772176459,3677.836664204089,46337.56583359728,1477.4572817932715,3980.2609658001747,21966.901794505564,17783.157120129657,1200.0,10379.062970704415,1211.1481482442769
C2,2025-03-20,44029.38011054735,44126.963915729924,97.58380518257863,11093.358985614237,55220.32290134417,3025.2496921896422,4661.648166222104,20589.625803576753,16687.63023431702,1200.0,10426.817412818187,1200.0
C2,2025-03-21,11785.953329854387,11899.579153807188,113.62582395280246,2414.3243247756745,14313.903478582863,1071.227669996242,15909.510513775034,17530.828073742236,14199.970739731207,1200.0,10473.977255364844,1200.0
C2,2025-03-22,12497.114269531763,12610.624998264797,113.51072873303433,1007.9095760940564,13618.534574358853,596.9655439748884,13030.521049981178,17399.94643498154,14093.956612335043,1200.0,10398.574760554966,1200.0
C2,2025-03-23,43023.17398876994,42711.418631256456,-311.75535751347894,3566.1666029597473,46277.5852342162,960.7359266495466,6536.814552891975,20456.375738989536,16526.133314208786,1200.0,10235.580376281974,1248.367815969712
C2,2025-03-24,41457.50265597175,42315.62865083812,858.1259948663742,2976.1203558475245,45291.74900668565,869.3855152228282,6525.307210887271,20963.72469210836,17024.148034980513,1200.0,10245.84600617471,1200.0
C2,2025-03-25,45355.38026623317,44855.911080456295,-499.4691857768804,4071.3759362350356,48927.287016691334,1172.9200236338806,5961.348299858669,19299.87504581045,15632.898787106464,1200.0,10139.056996023475,1200.0
C2,2025-03-26,39069.59058428467,40158.67356798789,1089.0829837032218,3500.049518564268,43658.723086552156,1045.7354392816092,5624.448120221346,20260.185536779947,16410.750284791757,1200.0,10433.461191820368,1200.0
C2,2025-03-27,40855.014597667985,41485.82996234225,630.8153646742658,4197.689981828528,45683.51994417078,1336.0055850072004,5808.592851642608,19669.099554715252,15931.660897723294,1200.0,10102.008716465818,1200.3441573289556
C2,2025-03-28,11904.840615540183,12464.646810732036,559.8061951918529,764.4782920642687,13229.125102796304,406.3161356869801,17600.7871504807,17049.694335436892,13810.562153299943,1200.0,10470.29216083635,1200.0
C2,2025-03-29,11044.341012655545,11811.736260078464,767.3952474229187,1387.1729460578954,13198.909206136359,664.5025045024476,19162.009689164843,15524.592567389813,12574.885241869064,1200.0,10351.686509626306,1200.0385974629835
C2,2025-03-30,38767.66367247842,38677.77508456463,-89.8885879137888,4609.185940182532,43286.96102474716,1479.1372019073665,4711.443018823885,20310.617767768206,16451.63512960893,1200.0,10415.528600843929,1200.0
C2,2025-03-31,36504.77800730375,40271.60159944708,3766.8235921433334,3722.4651102295866,43994.06670967667,1103.499601076885,4700.055651972206,19656.49971643318,15858.272180670392,1200.0,10263.369984171442,1270.5473218227623
C2,2025-04-01,42865.400087076254,43642.18508350225,776.7849964259926,2538.27742270741,46180.46250620966,915.638654035539,5314.675308836951,19233.119858122645,15615.183724139704,1230.1510562001374,10433.668024274271,1230.1510562001374
C2,2025-04-02,40860.85657808462,46086.69212265081,5225.8355445661955,2058.203502263008,48144.89562491382,758.5683059630898,8485.219983002624,18113.88048718664,14671.620415161287,1200.0,10259.310432679791,1230.8430333778024
C2,2025-04-03,42173.89391865736,42220.91254911126,47.01863045389737,1535.326765193257,43756.23931430451,586.7565440646042,7686.555250966831,20334.697942021652,16498.864063077555,1200.0,10201.921456355178,1200.0
C2,2025-04-04,10984.313807075196,11456.570408894875,472.25660181968044,1080.719572805835,12537.289981700711,547.8532794028101,20169.936140371523,14489.814793875985,11718.135338445658,1200.0,10416.588071399095,1220.682938437659
C2,2025-04-05,10901.42182922861,11883.650879262601,982.2290500339913,5079.926028167661,16963.576907430263,2331.153452605267,16298.223880201831,14124.269478536715,11448.609801515213,1200.0,10298.821689433234,1211.8479118815742
C2,2025-04-06,38956.54423240206,41764.37408358627,2807.829851184204,1233.9701045666466,42998.344188152914,512.7645026842115,7466.5483744935145,18542.749768576174,15028.961110544627,1201.4770252172111,10485.559666180408,1201.4770252172111
C2,2025-04-07,34420.3669503085,38299.74294013164,3879.3759898231415,2034.646109212847,40334.389049344485,829.1472490157091,5597.235316767039,20451.368019327474,16566.93741835074,1200.0,10361.98866593868,1200.0
C2,2025-04-08,41390.66147419883,41265.533013790155,-125.12846040867618,1202.2761011584453,42467.8091149486,390.08582766181144,8272.842162294519,19542.701526405446,15829.588236388417,1200.0,10299.665872126723,1200.0
C2,2025-04-09,39502.52616299798,43363.56956084396,3861.0433978459787,1561.1042802323857,44924.67384107634,446.2198390411171,6691.666625637774,20309.0446216706,16450.32614355319,1200.0,10343.128170111138,1200.0
C2,2025-04-10,37496.1410591881,39442.82642924394,1946.6853700558397,4657.146823840743,44099.97325308468,1273.729690756157,6673.9415500088635,19616.15957597155,15862.348425728322,1200.0,10286.138565868188,1229.7120342318133
C2,2025-04-11,10396.769175622354,11192.066616668622,795.297441046268,2913.5327905244985,14105.599407193122,1230.461477091781,20901.116989520335,15749.097298674442,12783.509642734927,1200.0,10379.080966550331,1200.0
C2,2025-04-12,10800.095516198111,11308.808470328895,508.71295413078496,1313.2208331779518,12622.029303506848,663.162364627275,17828.95454197683,15811.3518745481,12807.19501838396,1200.0,10376.00063182661,1200.0
C2,2025-04-13,37192.3123686114,40420.10257214631,3227.790203534908,4018.8791476633965,44438.98171980971,1118.3425172198884,7475.755700735792,19460.317359532506,15759.15627140713,1200.0,10288.47668958899,1204.111988682438
C2,2025-04-14,38653.89321820137,38302.946367896555,-350.9468503048171,5474.893616451988,43777.83998434854,1657.7923752246795,7115.401047438517,19337.32470557769,15666.933801332118,1200.0,10090.390448290276,1200.0
C2,2025-04-15,32645.33405228042,36077.28869848109,3431.954646200671,2660.8078489865607,38738.09654746765,758.3331684649297,5878.872714894406,20516.05855406171,16588.428958705237,1200.0,10433.552281074148,1232.8649667608415
C2,2025-04-16,36739.30867195454,39244.70473213546,2505.3960601809217,1721.5709277867159,40966.275659922176,695.1393295313316,4510.872671656574,18956.666896213763,15384.478656017909,1200.0,10445.441518990425,1200.0
C2,2025-04-17,33811.65791900937,36696.09168500268,2884.433765993308,3790.7358501682866,40486.82753517096,1151.4654132749943,3486.685507162888,19116.741420161652,15484.560550330943,1200.0,10388.81006493742,1200.0
C2,2025-04-18,10511.891001661073,11000.44885773832,488.5578560772476,2369.3098703932264,13369.758728131546,1186.8326233843768,19823.861288730503,14398.481510908689,11598.364117896126,1200.0,10372.698875989436,1271.5621177110147
C2,2025-04-19,9811.06828608848,10992.77823982115,1181.7099537326687,1402.6889793668608,12395.46721918801,742.2687495087658,18595.70185334644,14837.821328019625,12083.041181635805,1200.0,10537.437022839042,1200.0
C2,2025-04-20,33035.24545536869,37210.01452624407,4174.769070875374,1259.794225339423,38469.80875158349,506.6117262897693,5004.7723230509655,19304.413047748858,15636.574568676577,1200.0,10452.70129846587,1200.0
C2,2025-04-21,35770.12050600787,35626.07882347084,-144.04168253703395,2749.246319626054,38375.32514309689,800.4521149922399,6744.473879665939,18641.365698755126,15090.316571106414,1200.0,10369.008902021103,1210.2107165391571
C2,2025-04-22,32133.38436594331,35291.83694019926,3158.4525742559454,4705.941714141016,39997.778654340276,1703.0614189198795,3078.726887543978,19161.053776702705,15529.643204014435,1200.0,10384.772841405982,1200.0
C2,2025-04-23,32351.268654817137,37471.98625599617,5120.7176011790325,1526.3461299712387,38998.33238596741,590.4826128175994,5111.155969506218,19825.41154086056,16058.583348097045,1200.0,10417.21525264899,1200.0
C2,2025-04-24,31153.16652885385,35320.35581367095,4167.189284817102,1303.4992433333955,36623.855057004344,530.4506882921086,6402.372678163867,19703.13725367748,15959.541175478755,1200.0,10442.438977664711,1200.0
C2,2025-04-25,9634.659432451786,10203.58384210256,568.9244096507728,1901.854850530243,12105.438692632802,833.1732505515222,22448.343657125126,15461.761960787955,12524.027188238242,1200.0,10374.577216141755,1200.0
C2,2025-04-26,9638.195461143538,10295.716872295978,657.5214111524414,1277.3272580671076,11573.044130363087,722.7904864956978,24559.056787062345,16536.97765254717,13389.685847237548,1200.0,10505.214944139694,1205.851168139625
C2,2025-04-27,29290.561944102126,35468.76246242223,6178.2005183201045,5722.323297557761,41191.08575997999,1612.5717551845567,5944.266461687589,17876.612625326856,14485.32227784041,1200.0,10393.28448459138,1200.0
C2,2025-04-28,39025.19302392314,42601.470668552654,3576.277644629516,502.47493696790553,43103.94560552056,193.21752034928676,7812.532676942536,17935.345002394697,14527.629451939712,1200.0,10302.64727093682,1200.0
C2,2025-04-29,31674.474048450695,36182.79100368869,4508.316955237995,1423.6295796671502,37606.42058335584,360.92488650428834,7272.061311560704,18394.24687222056,14885.219222141086,1200.0,10384.82444507726,1215.689715952854
C2,2025-04-30,30228.95577165312,33720.25638129614,3491.3006096430167,3170.368426139097,36890.62480743523,1228.0975754496312,4373.862658837292,17523.459130486048,14208.122640051271,1200.0,10443.083523706644,1200.0
C2,2025-05-01,32490.308920482068,36981.03775543172,4490.728834949651,14185.886393029643,51166.92414846136,3418.338920309813,6230.821563896901,17442.019680855225,14128.035941492742,1200.0,10231.617714716987,1200.0
C2,2025-05-02,11271.756319019818,12035.272200948477,763.5158819286592,7874.28920267619,19909.561403624666,2418.4985612063924,13847.290734994263,15993.308170708628,12954.579618273987,1200.0,10298.75902023941,1200.0
C2,2025-05-03,10518.830797490546,11332.678202690306,813.8474051997586,8371.452523959735,19704.13072665004,2352.1850715493674,18689.830801139375,14857.595256746372,12034.652157964567,1200.0,10366.01460290709,1200.0
C2,2025-05-04,35668.80949232675,35639.54022491297,-29.269267413780767,15767.697108993802,51407.23733390677,4070.7112757602495,6665.11953649418,16718.995336753585,13542.3862227704,1199.9999999999998,9870.105525837134,1200.0
C2,2025-05-05,38147.17038853864,39708.4745697009,1561.3041811622634,12382.604766094875,52091.079335795774,2792.27921724272,6502.683213094741,16550.732784304873,13406.093555286949,1200.0,9203.61666010574,1200.0
C2,2025-05-06,32698.76365395032,37600.531567285456,4901.767913335137,12431.26491197015,50031.7964792556,2973.4631885257068,4045.405527043775,17338.623716764232,14044.285210579028,1200.0,9663.344769428832,1200.0
C2,2025-05-07,34037.89145968967,38370.2070629079,4332.315603218228,12430.812866042343,50801.01992895024,2743.0017487588684,3396.1961520004575,18070.86042450248,14630.59215928967,1200.0,10173.398076903022,1207.560871730372
C2,2025-05-08,41334.785062235125,43942.88578778795,2608.1007255528257,3252.618719898215,47195.504507686164,885.7206796086995,9906.044379351799,17656.875219207264,14308.873712115217,1200.0,9170.734208836817,1200.0
C2,2025-05-09,13358.279320754715,14408.570115359635,1050.2907946049193,1444.621096793063,15853.191212152698,729.3985933231017,21312.343907403814,12674.250465859574,10006.515617975854,1200.0,9800.52934836395,1488.47473263378
C2,2025-05-10,11754.432141002013,13237.841238809426,1483.4090978074144,1718.9313035057712,14956.772542315199,819.5875613691151,15818.821904753802,14524.68406213612,12008.703627904444,1200.0,10546.378279895764,1217.6863575513487
C2,2025-05-11,36782.47725277909,40156.72029257037,3374.243039791279,2789.31101611817,42946.03130868854,1011.9261061557501,4354.146456962535,19396.469784071065,15727.058246893772,1200.0,10093.877978984508,1200.0
C2,2025-05-12,34593.88131819005,42363.367267316455,7769.485949126408,1012.4761425292344,43375.843409845686,357.8036303866413,8535.031990776939,15748.981680068222,12708.320976408133,1200.0,10003.65474436844,1253.72687160792
C2,2025-05-13,40187.06442139262,41642.67888399351,1455.614462600888,212.081891657012,41854.76077565052,97.29876180592954,7391.753012998622,18235.200587811232,14810.576322482288,1209.211486768816,9029.052099393544,1209.211486768816
C2,2025-05-14,39978.85749993729,41331.16529619253,1352.3077962552386,1966.4596382724546,43297.624934464984,654.8463375063272,8846.242815629917,15874.729043950892,12743.701656258461,1200.0,9605.723920928662,1336.7991193707744
C2,2025-05-15,37617.924885042376,40975.70442275099,3357.7795377086168,1634.6103807847705,42610.31480353576,531.1161782500815,6625.884993002201,16640.980539628654,13578.009950187194,1227.003882606348,8854.084409665867,1227.003882606348
C2,2025-05-16,13552.203663609465,13737.069666603706,184.86600299423918,1408.9454674551966,15146.015134058902,748.9668111904153,25677.77097609147,12997.968806624956,10552.658227711929,1200.0,9618.4328982611,1200.0
C2,2025-05-17,13601.121957534759,14361.17363036602,760.0516728312614,1830.4071729124335,16191.580803278453,868.4678316939073,19030.953217293725,12685.62834115494,10275.358956335502,1200.0,9366.408883182165,1200.0
C2,2025-05-18,39616.85158379693,42712.95074182902,3096.099158032093,934.0769944826916,43647.02773631171,382.8759044217104,10559.829786805081,17389.327812975243,13995.679354214004,1200.0,9902.865219499705,1299.6401936621598
C2,2025-05-19,36607.222283665,39310.316280940846,2703.09399727584,1701.5196537560564,41011.8359346969,363.8712082588881,11136.415702279326,17091.78959801233,13934.025748685932,1200.0,9059.24706941648,1200.0
C2,2025-05-20,34785.1666615117,42190.07683045524,7404.910168943547,1124.1934152780623,43314.27024573331,381.25254184788264,7391.665344612981,17082.841064959517,13837.10126261721,1200.0,9579.234866576342,1200.0
C2,2025-05-21,35235.569950345925,39240.814749564925,4005.2447992189977,804.7209380974075,40045.535687662334,341.95417657382984,5050.867505512455,15839.476301958535,12828.562397584696,1200.0,9411.09890442108,1201.5704522241251
C2,2025-05-22,35935.48948645864,38029.16284614113,2093.6733596824924,2299.404838277996,40328.567684419126,689.9020048656079,6075.44268955755,16120.609881478133,13020.176386470474,1200.0,9237.737150111718,1243.256693920582
C2,2025-05-23,11074.130412724166,13273.51802883991,2199.387616115744,689.5214731917346,13963.039502031645,376.68370129232005,21240.2253608957,14295.07159650419,11595.484378475163,1200.0,10451.370847746466,1224.9495991352874
C2,2025-05-24,11975.852420244453,13001.85084120194,1025.9984209574868,593.5394308057054,13595.390272007644,333.0655511637083,23074.650756858377,12592.09830419085,10180.71491034414,1200.0,10242.773549270782,1245.9326169691149
C2,2025-05-25,36632.2685947835,37009.392231076505,377.1236362930116,1577.983825893899,38587.3760569704,453.833825356798,8747.714578587536,17578.589553084676,14255.923908455266,1200.0,9901.099673846647,1226.747760906141
C2,2025-05-26,36708.226004870616,45684.085958134514,8975.859953263898,1261.5030533879146,46945.589011522425,447.68487958381166,12111.87276859331,15437.507652359114,12450.018065975326,1200.0,9442.299877568816,1287.151241390093
C2,2025-05-27,32978.20615950065,37465.82883616944,4487.622676668794,2059.2236604830923,39525.05249665254,595.1047216188185,6443.8736093616,18477.796106405243,15045.416225722642,1200.0,10146.853749413178,1200.0385974629835
C2,2025-05-28,36605.847545764016,39856.85769184182,3251.010146077806,763.4722779910813,40620.3299698329,264.95845796956195,7222.597678986271,17557.763565897974,14152.702145545063,1200.0385974629835,9893.357732190028,1276.8012006099796
C2,2025-05-29,36036.03531023864,40102.2160265614,4066.180716322757,4806.989101932135,44909.20512849353,1254.2629963154352,6508.706126898928,16770.29271869372,13653.058182690893,1199.9999999999998,9580.752064896416,1200.0
C2,2025-05-30,11732.654970130272,12743.084228643458,1010.4292585131859,1011.4568810358879,13754.541109679347,415.30822590236414,19929.44416206619,14915.773936982509,12081.776888955832,1200.0,10335.269558464888,1200.0
C2,2025-05-31,13447.458606812987,14028.420772784744,580.9621659717582,1102.445530158595,15130.86630294334,541.777088940417,21517.58180361611,16856.50768597947,13653.77122564337,1200.0,9460.705318208316,1200.0
C2,2025-06-01,51136.02428666051,53569.54993458142,2433.5256479209093,31453.059995755666,85022.60993033709,7426.467823855785,8944.236989552337,15590.574508994472,12628.365352285524,1200.0,8944.27083266927,1200.0
C2,2025-06-02,52054.70100067424,50849.36853383081,-1205.3324668434316,26161.71066969851,77011.07920352933,6203.323172312645,5965.677662125282,17202.707506940635,13934.193080621915,1200.0,8754.007743118207,1200.0
C2,2025-06-03,47551.319903310694,50934.80898269478,3383.4890793840905,24641.370491987465,75576.17947468224,5451.37798266547,6936.357745719791,15896.564487646816,12876.217234993921,1200.0,8370.754698650337,1200.0
C2,2025-06-04,55781.70705503278,53937.77389201501,-1843.9331630177724,23811.519681432183,77749.2935734472,6053.646929543713,7700.666937439745,18109.881112037107,14669.003700750056,1200.0,8724.078786717882,1200.0
C2,2025-06-05,46056.83678608328,52416.71603293362,6359.87924685034,24970.507639779353,77387.22367271298,6181.410282248872,4037.7173907729657,17195.059451506673,13927.998155720405,1199.9999999999998,9520.938468976436,1200.0
C2,2025-06-06,17139.06647424565,19222.926629834503,2083.8601555888536,23085.75124325512,42308.67787308962,6849.679377411128,9819.996216173342,11793.277360825981,9552.55466226905,1200.0,8940.23158462793,1200.0
C2,2025-06-07,16931.60631411098,22078.578704996344,5146.972390885366,10343.812370393587,32422.391075389933,3868.2981963786615,11336.89353525218,12810.37387384991,10376.402837818425,1200.0,9613.647665445676,1200.0
C2,2025-06-08,52555.15370532723,62058.209745592205,9503.056040264966,1062.3313044077875,63120.54104999999,271.3536580348304,14311.465511988104,15769.986906272787,11819.399551670496,1200.0,8974.271630041501,2260.322047122735
C2,2025-06-09,62060.629996388874,62305.47743250944,244.8474361205696,1355.5017524933708,63660.97918500281,435.1495058159727,13706.124152287208,16680.79151103604,14465.730966349656,1200.0,9241.918948387583,1200.0
C2,2025-06-10,58524.021778976385,66086.21435460681,7562.192575630418,2081.4569632643943,68167.6713178712,604.4508549560835,14021.839372914948,17656.6419561668,13519.421783738917,1200.0,9396.313379161666,2069.3980008402145
C2,2025-06-11,61503.97071256409,69732.37625962037,8228.405547056287,1152.8521034371424,70885.22836305753,243.13830870120344,13300.441618547495,17347.76327289639,14797.814011686542,1240.3693779063651,8769.11939188177,1240.3693779063651
C2,2025-06-12,57926.31829763954,65092.39980161227,7166.08150397273,2916.7469534741494,68009.14675508642,733.4328486549772,11958.024390183287,18214.332342798356,14136.927726550828,1200.0,8559.426247372237,1925.571012479523
C2,2025-06-13,20937.139403778627,23454.467464160407,2517.328060381783,177.68841659212245,23632.155880752533,104.60474096463358,12615.424422636495,11906.750535677249,9968.194104164668,1474.6296411172898,9476.326218837336,1565.875267739417
C2,2025-06-14,20877.378784620247,24058.855056735338,3181.4762721150937,1231.86450599,25290.71956272534,414.918655836199,13965.238641250022,13025.062361721077,10823.32040853555,1200.0,9385.83222078888,1262.5198282488868
C2,2025-06-15,51334.391132323304,64118.2216725899,12783.830540266594,1113.709473739463,65231.93114632936,285.8508321647761,11396.215267613083,17930.67801343257,14286.365938556153,1220.417178956024,9311.699168043931,1526.390108609142
C2,2025-06-16,57609.691516225575,64366.87047570871,6757.178959483133,2642.096685370824,67008.96716107953,602.8605644217259,10473.759114639342,17633.51617378349,13838.146602625427,1501.4250533486747,9109.478611727567,2020.836217652696
C2,2025-06-17,55506.71107411886,66466.06670116703,10959.35562704818,2448.943574234189,68915.01027540122,528.6708761733858,11582.551140341277,20062.50684065033,16984.11708548853,1201.032919389756,8793.809209884832,1205.851168139625
C2,2025-06-18,59118.18131077974,64513.666105918506,5395.48479513876,173.23428307547357,64686.90038899398,86.63787521587425,14626.948627054702,15977.744911952923,12786.21281558175,1205.851168139625,9134.815739582698,1378.918460473091
C2,2025-06-19,52172.0407932961,62799.12025660518,10627.079463309079,1061.9426673862756,63861.062923991456,345.7727211116062,11658.97933005563,16138.758580819393,12357.290456019595,1299.818699045191,8563.98935520256,2173.478454299885
C2,2025-06-20,19139.76875221404,20259.228757800458,1119.4600055864162,186.08822434949752,20445.316982149954,98.84853467388416,13658.289137382137,13240.339247782835,11140.416047489967,1200.0,9444.77120072512,1711.543724537808
C2,2025-06-21,19489.085459477028,20216.172882120227,727.0874226431994,451.15634848009677,20667.329230600324,234.92055748474073,17274.519904635294,13012.237598509979,10934.33464793569,1200.0,9519.74154656814,1273.2968432682435
C2,2025-06-22,46061.286883548906,54645.920411763494,8584.633528214588,3344.256005511492,57990.17641727498,1166.5154249614382,5422.2338493155585,20485.334324525338,16658.070876773643,1201.130094481442,10784.47283749456,1201.130094481442
C2,2025-06-23,53489.47670531087,61014.91307604612,7525.436370735244,1455.6464486710117,62470.55952471713,410.3042700357633,12472.570323663305,18074.505227682796,13632.668900275437,1201.130094481442,8693.150959583785,2320.7749102010293
C2,2025-06-24,60630.82516018985,63912.10813769028,3281.2829775004266,1329.3194866220415,65241.427624312324,281.3651722530876,7820.833469924544,19554.606089374567,16612.781529263368,1243.442391091434,9412.300207665294,1461.274247012176
C2,2025-06-25,56152.064637012394,60248.15408438348,4096.089447371088,1574.8465784711989,61823.000662854676,409.0663850319618,10504.253667162991,16817.733511659844,12921.509285222697,1461.274247012176,9036.06236926245,2240.0018683697026
C2,2025-06-26,50560.416161143665,57705.63708526665,7145.220924122985,1205.208760547613,58910.84584581426,374.0397264383962,11021.057980282398,17435.085928039614,15058.421283244821,1200.0,9420.269797024144,1200.0
C2,2025-06-27,18978.331716016914,18606.884865740045,-371.4468502768705,904.2126318968368,19511.09749763688,379.5224231598546,14743.002455595848,11891.58563661184,9497.877350621837,1200.0,9445.106151160147,1349.2300167041717
C2,2025-06-28,19090.77240726701,20994.11838535791,1903.3459780908988,367.59365290867373,21361.71203826658,185.1101255184783,15774.255664378037,11605.009592290964,9457.345069353107,1200.0,9152.752470272271,1285.5774615959324
C2,2025-06-29,46389.312209237614,56315.35387005951,9926.041660821893,3929.776918861943,60245.13078892145,1113.7971559597645,4780.102308941724,18655.972693708627,14983.554634220023,1365.5432576895691,10800.0,1427.5588479114429
C2,2025-06-30,53599.400486585866,61734.88112039978,8135.480633813917,871.4608820397926,62606.342002439575,229.99252529086317,10612.02795243729,17899.522795586723,14446.667418528534,1224.5471777268958,9246.96622810558,1485.2766766855698
C2,2025-07-01,51918.179823037965,59605.67813126492,7687.498308226951,42392.39423389345,101998.07236515837,10155.48954670074,3927.6137747938064,19067.74651499657,15701.623686164232,1199.9999999999995,9444.074152513673,1200.0
C2,2025-07-02,48705.19609673769,53372.77974652407,4667.583649786386,45835.01512293436,99207.79486945843,10923.658092253565,3074.38839762407,16786.4793625779,13597.048283688095,1200.0,9073.724870226417,1200.0
C2,2025-07-03,63277.01421904346,67124.57231921729,3847.5581001738183,25853.724459944566,92978.29677916186,5563.262560260161,7938.543687338018,17025.899533342286,13790.978622007251,1200.0,9145.97556526384,1200.0
C2,2025-07-04,21422.16015541213,24633.287663729923,3211.127508317793,25247.204799717685,49880.49246344761,7994.542027120021,15933.147934035893,10956.27521707365,8874.582925829656,1200.0,9359.878108440333,1200.0
C2,2025-07-05,18566.290483886256,21321.72990206124,2755.4394181749876,36548.76318265734,57870.49308471858,10737.439107807963,15488.770203993785,12862.70606535864,10418.791912940498,1199.9999999999998,9135.213897588375,1200.0
C2,2025-07-06,52146.89356499693,68796.97582416142,16650.082259164486,40189.812748682154,108986.78857284356,9457.381050696182,7642.592648019302,18409.60246191272,14911.7779941493,1200.0,9299.727126056,1200.0
C2,2025-07-07,51294.76089672589,54648.8072286621,3354.0463319362143,32093.500728448624,86742.30795711072,7546.599881306517,2591.9461523560008,18761.82422031467,15197.077618454883,1200.0,10410.115285687893,1200.0
C2,2025-07-08,69933.6643161063,73540.42707097373,3606.7627548674427,191.92284741616905,73732.3499183899,85.12655134436568,14996.62110151636,16740.812479081826,13363.985219908638,1200.0,8861.95655312805,1417.8587646084916
C2,2025-07-09,64911.54714207311,80617.27047246417,15705.72333039105,399.5638616457877,81016.83433410995,85.04557111989371,19746.743070417753,17531.11891573613,13268.0358331637,1263.3477690275756,9253.4959645486,2453.603751922445
C2,2025-07-10,62649.10089492121,69227.9194592633,6578.818564342084,2174.7307685433143,71402.65022780662,713.5379117230831,11239.61494521936,16321.523853340621,14193.606869346246,1372.300920655394,9282.504037877916,1372.3009206553947
C2,2025-07-11,30844.0281401634,34683.673909147845,3839.6457689844447,349.46312899480256,35033.137038142646,159.98663002847948,17899.635587945108,11937.07431836705,9211.954867669352,1372.3009206553947,9438.380948447524,1880.1623986642385
C2,2025-07-12,28795.73820346781,29784.329744523333,988.5915410555235,79.01792695379707,29863.347671477128,50.66083959045217,16836.85797411886,12579.17694095025,10775.28346884545,1228.8844579134063,9706.08343548469,1228.8844579134063
C2,2025-07-13,65664.65214934443,68730.52384299361,3065.8716936491815,3613.944888215172,72344.46873120879,871.9659845123406,16064.561611667981,17454.47651905322,13364.746282293132,1228.8844579134063,9341.6981572304,2088.195233624489
C2,2025-07-14,64271.527841793024,71914.59412738807,7643.066285595047,504.5562645312889,72419.15039191936,88.48893195415107,17427.635032829494,16335.208009438276,14020.980915568129,1211.0147581543497,9162.902025134234,1211.01475815435
C2,2025-07-15,67710.26096227427,68770.16503876004,1059.9040764857598,2817.8505418198893,71588.01558057993,795.2365163728778,15580.559506989744,17877.439033727955,14457.131777834738,1200.0,9184.90245586851,1237.230135359796
C2,2025-07-16,63090.95528131417,70540.47603762841,7449.520756314238,588.4089304191382,71128.88496804754,217.4302640784037,11665.27087734816,18077.239540956914,13484.33265102516,1200.0,10197.523354073166,2524.15388774862
C2,2025-07-17,56976.6458375853,58750.21848680249,1773.5726492171882,2441.7378548026877,61191.956341605175,681.6472995412641,3409.622250105284,19779.450216882848,17213.093174648857,1200.0,10800.0,1200.0
C2,2025-07-18,31949.96854309218,31648.026378871175,-301.9421642210093,1736.4668432146345,33384.49322208581,479.39001665644764,19475.559936354308,11630.382950551388,8954.143226222237,1200.0,9455.018041154355,1718.2966263604346
C2,2025-07-19,26085.123762327454,30861.246058610148,4776.122296282695,1029.765498766776,31891.01155737692,396.31566772310373,20494.60209575998,13713.471979632892,11574.37926722703,1200.0,9131.40503470492,1200.0
C2,2025-07-20,69993.97745860205,72405.95680308937,2411.9793444873153,1796.106848993118,74202.06365208249,379.3887440036647,20978.602556723985,16442.99330405436,13049.354964898306,1200.0,9387.981667225346,1499.4106793174717
C2,2025-07-21,76834.55899362049,80674.95129215965,3840.3922985391423,78.72035737672932,80753.67164953637,22.28649737556087,24079.05716638929,15970.826042502147,12469.049505771345,1475.5451322221245,8994.547097088123,2018.6546667123496
C2,2025-07-22,58332.99199650294,67933.26262095489,9600.270624451947,1271.9375938497258,69205.20021480462,489.02084452276074,9416.95495148139,19067.70721663802,15939.626312364666,1468.895259059164,10447.917373626246,1468.8952590591643
C2,2025-07-23,69381.59022603673,67031.16546867865,-2350.4247573580724,8193.185139731788,75224.35060841044,1991.0322572208584,9949.448554519988,19065.160874319765,15675.494667962448,1200.0,9743.385272206746,1210.3237482109037
C2,2025-07-24,75241.52397355414,74424.49894586057,-817.025027693572,657.8085014132097,75082.30744727378,155.28202102905024,20235.93334054359,17263.23755143764,13798.780506103822,1210.3237482109037,9344.506995164738,1415.259204389421
C2,2025-07-25,27550.979818672415,30878.8169310274,3327.8371123549828,310.132896310223,31188.94982733762,148.09730281429194,19534.845721555466,12834.580511059541,9500.88372854119,1214.1032653876548,9265.111706634205,2409.844188186129
C2,2025-07-26,27044.49305088977,27220.86222948222,176.3691785924495,340.2930817770184,27561.155311259237,166.76189677753703,16500.62513300872,16172.676319761595,14160.79283086301,1200.0,9706.083435484692,1231.0386194571097
C2,2025-07-27,63150.16945477862,69576.80719325918,6426.637738480563,4601.677901242367,74178.48509450155,1192.2283470955579,12865.09572757829,18131.64682620543,13811.317455191918,1209.1959717598452,9334.26516006576,2203.6124794954244
C2,2025-07-28,74450.29386776424,82711.01204456785,8260.718176803617,1117.6702872152441,83828.6823317831,219.63647658663956,23446.000332229978,16410.688127616715,13696.592133308768,1200.0,9011.267596228465,1754.7960906740598
C2,2025-07-29,59571.47531584319,76883.50240653356,17312.02709069036,1014.8814724253301,77898.38387895888,227.99665828779095,16381.397676686665,18091.898269733963,15131.724071752462,1204.629527620124,9661.562508979994,1224.4777870430032
C2,2025-07-30,61701.02394432474,75117.01414422065,13415.990199895921,1451.9719066889356,76568.98605090959,520.8797805901954,14381.93075553086,17065.644751719974,12520.403372855708,1224.4777870430032,9275.374751817237,2671.998760417973
C2,2025-07-31,55759.883023627364,70612.49058271106,14852.607559083703,6609.206203734867,77221.69678644594,1289.8599017340832,11752.015849776284,17953.04746839609,15866.767333777007,1200.0,9530.13407651813,1200.0
C2,2025-08-01,23866.047397240025,24315.552986583192,449.5055893431687,903.9434946468278,25219.49648123002,364.84302078660323,17972.26233633669,15426.924226980569,12471.581314782334,1200.0,10800.0,1226.9192323021418
C2,2025-08-02,30465.846453163722,32819.447717041134,2353.6012638774164,1757.0206120500557,34576.46832909119,707.2094027712681,30991.262457791156,11708.241769325134,9507.903142225285,1200.0,9092.203423252118,1200.0
C2,2025-08-03,46106.1261069294,53766.14831482253,7660.022207893136,14657.645330369634,68423.79364519216,2870.7312557278897,5011.331457797715,18194.64326726098,14725.66053063789,1199.9999999999998,9222.423902689992,1213.333906492782
C2,2025-08-04,64214.1399698526,63553.44516679492,-660.6948030576821,6563.443918090402,70116.88908488532,1625.3219010523753,18518.802491161463,16732.445180158335,13565.281111771754,1200.0,9395.990102910602,1200.0
C2,2025-08-05,61057.545923399,61414.61874553041,357.0728221314128,334.5077927396678,61749.12653827008,78.7603198450939,15072.910649607915,17396.96627184667,13650.07901606486,1200.0,9491.036231458513,1690.515182367714
C2,2025-08-06,68861.54527160013,68225.19762357189,-636.3476480282346,445.9932392455563,68671.19086281744,112.59991006076784,17339.92653689021,16520.1661835907,13576.987361374162,1355.9579114022654,9325.430784977556,1473.1232349613892
C2,2025-08-07,56914.282338911595,56283.20688023622,-631.0754586753767,4758.600190241009,61041.807070477225,1262.9865741502747,11025.27844852035,19001.85797287924,15637.315869497437,1199.9999999999995,10800.0,1200.0
C2,2025-08-08,26824.62897662073,26824.62897662073,0.0,147.7258782184575,26972.35485483919,27.295714787154765,29681.46345666554,12775.82314116835,10004.933510587678,1200.0,9714.219758193389,1581.6480375096537
C2,2025-08-09,21730.129117050983,21963.775341697827,233.64622464684234,2477.5876337150953,24441.36297541292,691.4685927858548,19010.552897604273,16571.345798913728,13732.8360508448,1200.0,10800.0,1237.152533371119
C2,2025-08-10,54107.06229306829,54793.87641790298,686.8141248346897,3097.5596307429573,57891.43604864593,677.5996108141676,4678.416394478592,17698.495821148997,14369.218895164697,1200.0,10545.986474108378,1200.0
C2,2025-08-11,51583.09558357326,60404.57902266713,8821.483439093869,589.9290461679976,60994.50806883512,230.2649757505696,10626.018629359458,18476.107736689515,13944.623970111106,1200.0,10720.08772894016,2334.470329563762
C2,2025-08-12,60950.024477373416,61857.35024514098,907.3257677675725,1674.8905435104675,63532.24078865145,521.4221779343,13292.018483702697,16798.327172213056,13533.031874568183,1612.8756533834346,10800.0,2416.2627017019754
C2,2025-08-13,59110.06258099048,58834.257131219834,-275.8054497706477,337.703776817422,59171.960908037254,132.56454541514142,11310.998947563545,16756.0852670053,13615.01623926989,1633.46733835575,10501.973754761118,2368.9436205957536
C2,2025-08-14,61320.69342973587,62652.08060405282,1331.387174316953,2581.515022511959,65233.595626564784,431.61951145272457,17294.174735284152,16080.643252276748,14077.370292880345,1200.0,9324.294160271944,1200.0
C2,2025-08-15,23346.453208952484,23443.65908564724,97.20587669475341,1402.3807043204804,24846.03978996772,617.114870712874,22484.40869977572,13865.761874147085,11231.267118059142,1200.0,10800.0,1200.0
C2,2025-08-16,24320.034263002635,23676.64604185112,-643.3882211515142,962.4048401791342,24639.050882030253,454.38253097476746,21046.290252445237,16149.61999183944,13057.861032159508,1200.0,10594.195735408388,1225.923512478262
C2,2025-08-17,52863.46952190581,52202.911527484575,-660.5579944212333,3464.4757244792636,55667.38725196384,752.272054178588,4851.39370454283,20387.37605610053,16537.105766671866,1200.0,10790.782345614112,1200.0
C2,2025-08-18,55911.559901598615,56026.50582721386,114.94592561524803,1012.1581172301294,57038.66394444399,305.41525817305245,7926.744799441627,19709.811191630353,15738.782173586302,1200.0,10677.959632674494,1451.2943240381007
C2,2025-08-19,62333.81509041819,68879.90685508681,6546.091764668622,844.3378303996374,69724.24468548645,168.6389792064943,23363.226866896144,16473.67711521617,13384.962039280324,1360.3815088181068,9382.404468068216,1405.4236840878518
C2,2025-08-20,67300.74627965769,67494.92025444144,194.17397478375727,4137.387824365543,71632.30807880698,918.2193485053414,16050.712489763446,18100.51815153238,14846.30101842029,1200.0,9286.1575396402,1200.0
C2,2025-08-21,53220.92186576459,54409.84259653128,1188.9207307666939,2951.193507165988,57361.03610369727,797.0370560805472,6526.091022800369,19358.210314625885,15677.000699234004,1200.0,10737.576515216871,1203.499617347737
C2,2025-08-22,22417.696736490147,22576.17102620555,158.4742897154017,2681.6644956523596,25257.83552185791,699.2439711474601,17182.861748653733,14562.986027344,11708.956034878049,1200.0,10773.322347076775,1300.235892092841
C2,2025-08-23,26743.062081972257,26913.39767666802,170.33559469576176,270.20255132653097,27183.600227994553,130.20072039005515,23440.662810687856,12422.11537256022,10152.125754657336,1200.0,9478.05952985862,1200.0
C2,2025-08-24,50347.66766668472,52909.92768868403,2562.2600219993083,5582.203644531694,58492.13133321573,1559.0272731782977,3893.424064775573,19699.464198512225,15895.782876119192,1200.0,10782.480344911974,1267.5368051952323
C2,2025-08-25,71632.22860287702,66423.59461826712,-5208.633984609898,522.5343381597794,66946.1289564269,125.82851521785331,9934.880159082948,18335.653906903375,14831.615649083884,1200.0,10547.239093368818,1290.052377981739
C2,2025-08-26,53777.58561744233,58263.65970878748,4486.074091345151,445.8335380591447,58709.49324684663,87.23730795913357,9490.67483642348,18427.599126288755,14892.50217568275,1249.9758082366366,10086.071053204265,1327.666951994123
C2,2025-08-27,62151.13124132734,62138.53836318259,-12.592878144748909,331.3831785208438,62469.921541703436,110.69733317876862,14683.684715434056,19107.57326234737,15404.211681128121,1327.666951994123,9390.651193401432,1408.6921312977363
C2,2025-08-28,49386.84728788606,57796.693041712424,8409.845753826361,7201.572653496551,64998.265695208975,1853.39980029364,3090.8120703007576,20504.24274559278,16757.96228524676,1200.0,10257.139108504643,1242.552507612624
C2,2025-08-29,26047.17510668308,25948.93032705064,-98.24477963244121,15.417496103277513,25964.347823153916,8.183384343565558,20230.12044551453,14843.627460151425,11887.006421707823,1242.552507612624,10716.615806453365,1394.032308740212
C2,2025-08-30,24398.839345814144,24875.34798795278,476.5086421386365,843.961600089543,25719.30958804232,343.32393213938695,22842.662484118802,15830.218225745291,12996.506601036945,1200.0,10336.514699375142,1200.665821869923
C2,2025-08-31,51018.57012496358,52947.37725480239,1928.8071298388104,4077.3475721965674,57024.724826998965,923.7976480633386,1976.9254837530834,19704.582000141283,15915.941317238648,1211.70512686885,10579.326874227854,1250.4103806208052
C2,2025-09-01,51343.701232262516,53144.02442660111,1800.3231943385879,0.0,53144.02442660111,0.0,22001.915730495755,17582.050242769837,12445.352782247714,1270.1906809697805,10800.0,3246.0858410606625
C2,2025-09-02,45569.810587975786,47441.44101924959,1871.630431273811,202.43577306975507,47643.87679231935,54.19198554573335,15109.936675574512,16078.187675069086,13314.61181199521,1200.0,10637.191678785155,2922.4416241837343
C2,2025-09-03,51954.58691981384,51114.290785171666,-840.2961346421702,135.1589873614139,51249.44977253308,42.89356292291539,18620.686845735483,15900.963490754271,13584.402234973826,1499.7557768097895,9529.628522588306,2139.528504780548
C2,2025-09-04,50813.06288681809,48610.01793205438,-2203.0449547637,2308.9795439594327,50918.997476013814,608.1996217740368,14200.249083981349,19119.7179912562,15019.891233640505,1200.0,10800.0,2658.5066595327885
C2,2025-09-05,19001.601637431242,18192.734408858047,-808.8672285731982,21.5722464169298,18214.306655274973,21.348091456635128,28054.693864608733,13339.228339787744,11631.40093807498,1443.7865017294546,10788.430345331008,1740.0333452584782
C2,2025-09-06,18347.62910077801,18266.332725243807,-81.29637553420304,125.18691197361636,18391.51963721742,51.94477675253791,27384.804628773698,14180.014305083958,11571.277089576231,1290.5683473219372,10800.0,1645.071675860449
C2,2025-09-07,41635.001827079104,43813.92528115197,2178.9234540728653,1417.032948119825,45230.95822927179,580.5103433370168,8088.318111248274,19747.328206215356,15891.020251274982,1645.071675860449,10800.0,1760.9778933709565
C2,2025-09-08,37210.62899003271,39589.08390074987,2378.4549107171647,15570.11024772099,55159.194148470866,4017.7830930904615,2958.371968831096,21470.91590512197,17896.32198718266,1200.0,10617.529540881513,1200.0
C2,2025-09-09,34690.32474481204,35055.588913313404,365.26416850136343,15922.709175596849,50978.29808891025,3878.062608909666,1607.0761180429063,21226.15736217836,17193.187463364473,1200.0,10800.0,1200.0
C2,2025-09-10,41123.81498564428,41578.499550997774,454.6845653534869,18887.530661561937,60466.03021255971,4842.180109139744,3589.837314457194,20266.79625286697,16416.104964822243,1200.0,10500.320235579407,1200.0
C2,2025-09-11,37480.28706972821,37117.24641706791,-363.04065266030295,19941.97512858244,57059.22154565034,5475.688723541405,3687.7608955963665,20076.20157133764,16258.580629939484,1200.0,10380.702084052416,1203.491825382231
C2,2025-09-12,13384.515160141953,13473.867298614427,89.35213847247398,4604.043002958185,18077.91030157261,2010.4627206963369,17924.52701426345,16967.529504323196,13743.698898501805,1199.9999999999998,10668.375145874024,1203.491825382231
C2,2025-09-13,12366.982531184436,13023.128655862223,656.1461246777865,8738.46020750538,21761.588863367604,3168.4942611958945,21701.568412885124,16309.251658238769,13213.636486017409,1200.0,10743.93112085176,1200.0
C2,2025-09-14,42220.05682873788,41817.94952912859,-402.1072996092852,15127.80241930279,56945.75194843138,3725.8831466961924,4934.663090397572,18901.27326389245,15310.031343752878,1200.0,10427.519666882765,1200.0
C2,2025-09-15,39729.00416820861,40214.82900477281,485.8248365641989,9571.781279882118,49786.610284654926,2352.597250792641,4483.890741487786,20465.63881317792,16540.629197086768,1200.0,10032.998980143338,1240.5980462081625
C2,2025-09-16,43976.72511243885,42537.082258405215,-1439.6428540336392,9109.750895279976,51646.83315368519,2289.3104093636935,2614.8007775879137,19910.54311048429,16164.078161079617,1199.9999999999998,10457.888048507122,1200.0
C2,2025-09-17,43656.392734000154,43902.21810661965,245.8253726194942,10427.809112500103,54330.02721911975,2753.9135502195513,5977.350484008448,19067.89184467953,15444.992394190422,1200.0,10110.68235130873,1200.0
C2,2025-09-18,37148.51545510553,40355.64243093053,3207.1269758249973,11410.206665304462,51765.84909623499,2737.961920828634,1593.8068825056614,21009.673940191962,17017.835891555493,1199.9999999999998,10346.365131143142,1200.0
C2,2025-09-19,13874.178472779487,14039.186989681182,165.00851690169384,4302.651504460095,18341.838494141277,1544.1297977637334,13925.553297874267,16945.164354237506,13725.583126932379,1200.0,10800.0,1200.0
C2,2025-09-20,14308.609408089022,14497.499990822078,188.89058273305588,8612.689053838581,23110.18904466066,2747.2877292655594,16866.983297864168,15791.293710425582,12790.947905444718,1200.0,9930.068507287597,1200.0
C2,2025-09-21,41444.75412938805,43146.60153152295,1701.8474021349061,9454.424142513019,52601.02567403597,2312.6387389209167,5725.20903695632,19997.901003762217,16186.502679992822,1199.9999999999998,10223.065300516928,1213.1079256161947
C2,2025-09-22,47585.06452336364,45490.877030381744,-2094.1874929818946,7986.131720947628,53477.00875132937,2249.8340346265904,2938.2425224342924,20031.077630979173,16236.970014147706,1199.9999999999998,10663.907470976714,1200.0
C2,2025-09-23,44937.09734746748,46971.37655379744,2034.279206329951,7075.8079470120765,54047.18450080951,1558.396998696928,6534.600321427013,19475.899783747624,15772.329169222614,1200.0,10043.92324042468,1203.4996173477368
C2,2025-09-24,41249.62439995928,45733.88858930593,4484.264189346652,6499.89797659832,52233.78656590425,1963.8289169528568,4113.527970212567,18834.457238069765,15259.06001844947,1200.0,9888.033934089271,1200.0
C2,2025-09-25,43975.17193529473,46533.10584998047,2557.9339146857424,4941.614171517457,51474.72002149793,1652.130881100712,6699.058618671146,19782.409885363722,16023.752007144618,1200.0,9864.337890482577,1200.0
C2,2025-09-26,14066.144131570289,13998.187697711453,-67.95643385883463,2147.0235104371345,16145.211208148588,1115.5909339333784,12072.332250319045,17094.70645409699,13846.712227818565,1200.0,10800.0,1200.0
C2,2025-09-27,15106.891581313395,16261.847834687473,1154.956253374078,6223.349388725996,22485.19722341347,2178.542275696758,15925.027783400237,15328.305196105768,12415.927208845673,1200.0,10023.25348823334,1200.0
C2,2025-09-28,43915.63709204428,47820.72475880642,3905.087666762147,6754.588847059417,54575.31360586584,1916.8785955971107,5358.769264018664,18825.754007686985,15248.860746226457,1200.0,9978.75662027465,1200.0
C2,2025-09-29,46491.022926420344,48908.19817188104,2417.1752454606985,5666.566514790141,54574.76468667118,1555.397398297563,7229.165497672694,20279.735637460737,16426.5858663432,1200.0,9980.427413158037,1200.0
C2,2025-09-30,46217.42811307812,49324.222341250075,3106.7942281719556,5313.065311568823,54637.2876528189,1310.791555981752,4159.7640092773845,22603.40399556508,18308.757236407717,1200.0,9984.194610297209,1200.0
C2,2025-10-01,37490.87597524999,40572.918874040704,3082.0428987907135,56.17162719058092,40629.09050123129,11.75295841553286,7970.5050756385535,21218.659288022245,17099.679972394875,1200.0,10162.16506208854,1297.148945447938
C2,2025-10-02,45906.28138274626,43803.999657976274,-2102.281724769985,2691.2122139120715,46495.21187188834,915.801631383789,8356.50208800218,18063.2662547292,14051.217591085076,1200.0,10019.499698328946,1941.6245846096951
C2,2025-10-03,12459.063784894703,13596.119245464637,1137.0554605699347,1736.502915511884,15332.622160976522,915.4116937412465,21797.791024825492,16252.959119719075,13627.771232491732,1343.228872302047,10211.144027019063,1427.3197562549426
C2,2025-10-04,13894.795300830083,14713.876655941403,819.0813551113199,2759.381065741286,17473.25772168269,1153.8599976867918,17974.58304735901,16594.13825463481,13073.58487659382,1200.0,10800.0,1835.838766988692
C2,2025-10-05,44576.67206476431,44043.40782949401,-533.2642352702964,2859.8742481328186,46903.28207762683,931.9479346448434,8816.368688152927,17667.96962818,14825.112926424385,1200.0,9865.98568108175,1264.663736323595
C2,2025-10-06,39639.40308425123,46191.83267260723,6552.429588355995,2071.3058263670355,48263.13849897426,730.8870560133234,7436.5935332001645,18942.74730361792,15401.822678621753,1200.0,10281.110799513935,1200.0
C2,2025-10-07,40742.03973468828,45445.17573596936,4703.136001281081,624.0565390752747,46069.23227504463,210.70120921388465,7104.830408412135,19009.888361242258,14996.218813795376,1200.0,10105.731731955952,1646.4341764565006
C2,2025-10-08,37008.56783354674,40047.65935310684,3039.0915195601106,5686.50999842229,45734.16935152913,1439.3841088656698,2870.3871192853308,18997.2906977916,15789.596224022043,1200.0,9643.73310909936,1200.0
C2,2025-10-09,43126.04002334144,41308.58711881592,-1817.4529045255185,13883.856763992386,55192.44388280831,3215.0594885830565,5608.744147260205,19125.495846329544,15491.651635526932,1200.0,9984.13849590161,1200.0
C2,2025-10-10,13522.853679257416,14128.9005542916,606.0468750341843,3451.7902941414113,17580.690848433012,1413.609331848194,21996.790623350797,16275.97645778182,13183.540930803278,1200.0,9960.91692411844,1200.0
C2,2025-10-11,12975.391020123656,14308.444257147807,1333.0532370241503,1978.337442266249,16286.781699414056,855.5532696734351,16977.0250863004,17754.797889395344,14381.386290410228,1200.0,10031.50407928776,1200.0
C2,2025-10-12,39491.70624395159,40991.28334641521,1499.5771024636258,14990.965813100389,55982.2491595156,3655.7358808501704,7132.290705904856,19127.899422901057,15493.598532549857,1200.0,9813.82124193071,1200.0
C2,2025-10-13,44229.65969444561,45859.638930128196,1629.9792356825856,5968.970115919379,51828.609046047575,1560.4239785030063,7346.354803600728,18509.084061222686,14830.268926330264,1200.0,9682.5158316276,1380.0990702890126
C2,2025-10-14,45257.443778101326,48240.846383875316,2983.402605773991,4456.189260138319,52697.03564401364,1209.2156153547066,8203.322486831757,19126.727451408122,15654.738398900688,1200.0,9636.221860487884,1200.0
C2,2025-10-15,46046.886273708355,48493.322283668815,2446.4360099604596,5572.338460412061,54065.66074408087,1434.0151773616567,8711.138054503797,21367.858860496126,17307.96567700186,1200.0,9830.390948414635,1200.0
C2,2025-10-16,42981.182137367425,48364.68358228062,5383.5014449131895,8842.68615886848,57207.369741149094,2291.1154386860826,7603.14471513715,20410.200783233035,16532.26263441876,1200.0,9589.02965365761,1200.0
C2,2025-10-17,12844.878396847365,15685.789486350293,2840.911089502929,720.0390225748441,16405.828508925137,337.712109426732,16070.81651453677,16850.215210588347,13648.67432057656,1200.0,10077.223803554498,1200.0
C2,2025-10-18,13883.48195177874,14735.627739144114,852.145787365374,3599.6787819552806,18335.306521099395,1442.9936667394365,16381.215482372692,17500.505059596813,14175.409098273421,1200.0,10101.98233603839,1200.0
C2,2025-10-19,42869.067386434755,46568.277694982,3699.2103085472518,6502.74244353404,53071.02013851605,1761.0240585268443,2647.523068645794,21389.238613880592,17325.28327724328,1200.0,10251.37606530741,1200.0
C2,2025-10-20,49335.6932879387,51407.19691839791,2071.5036304592036,2964.3166513585625,54371.51356975647,847.1713228507197,9794.373952483307,18758.451465982864,15194.345687446119,1200.0,9954.451186314722,1200.0
C2,2025-10-21,50389.15213437647,52529.89352583468,2140.741391458213,2448.0270395307984,54977.92056536548,638.1300995681603,7647.471937960667,18865.234943364874,15193.04226768413,1200.0,9745.665456016945,1297.5533738237984
C2,2025-10-22,44894.84468618794,53828.776555851415,8933.93186966347,4606.78041618373,58435.55697203514,1190.5678449424997,7729.412940731575,18131.13664101078,14774.01871566015,1200.0,9401.98349661785,1200.0
C2,2025-10-23,53270.5767190131,51436.68735779535,-1833.8893612177453,8344.409042284537,59781.09640007989,2263.6519989655562,8325.427716935827,19091.140773777006,15463.824026759374,1200.0,9591.261716700985,1200.0
C2,2025-10-24,14250.671271243273,16264.240430614605,2013.569159371332,1891.6975360910153,18155.93796670562,690.8008119338202,15484.234179395342,15355.965524519987,12438.332074861188,1200.0,9891.69180583794,1200.0
C2,2025-10-25,14160.842248194193,15200.667206100501,1039.82495790631,4002.2585568721574,19202.92576297266,1294.7073094846728,14343.460010498755,16128.552848953586,13064.127807652407,1200.0,9801.003135344969,1200.0
C2,2025-10-26,48657.36552733729,51212.56367006654,2555.198142729252,8715.185284502262,59927.74895456881,2063.490233669338,7734.266378338037,18771.19972942819,15204.671780836836,1200.0,9436.145316708036,1200.0
C2,2025-10-27,45233.40959474118,50642.14624352134,5408.736648780157,1607.5433718942686,52249.689615415606,469.9226662943568,8330.41816524309,19383.688553075484,15699.95857219799,1200.0,9651.81550509868,1200.921284214609
C2,2025-10-28,44260.40162098701,53101.08496375716,8840.683342770148,3244.5450298530814,56345.629993610244,777.4606558470346,7563.616239447642,19731.30040120748,15983.18248077121,1200.0,9963.840045141878,1200.0
C2,2025-10-29,54106.51925938553,57971.204036597155,3864.6847772116203,2690.3582254231246,60661.56226202028,735.5304971114945,10849.1770366315,18399.848013500017,14903.876890935016,1200.0,9667.355839160004,1200.0
C2,2025-10-30,45382.981700401906,49732.190043491195,4349.208343089291,6510.301705241778,56242.49174873297,1718.9486206000024,5205.47170081149,19954.95446751128,16162.687762825335,1200.0,9602.479660592136,1200.9170620653358
C2,2025-10-31,16263.730305107543,17082.80336511758,819.0730600100351,1136.8091917308034,18219.612556848384,445.3198217221574,11289.836783829787,15975.292813177843,12940.812534532857,1200.0,10108.820070424988,1200.0
C2,2025-11-01,14265.574584534435,17092.820603466487,2827.246018932051,3578.8530914474904,20671.673694913974,1381.9692645423627,13941.558965670112,17391.839883182765,14087.39030537804,1200.0,10086.969100167342,1200.0
C2,2025-11-02,50462.55930839538,57970.672889727255,7508.113581331876,5180.005841943674,63150.67873167093,1237.1051345268127,10654.149296564608,17499.293701766663,14161.641839697128,1200.0,9446.83721864919,1214.2067319265211
C2,2025-11-03,56041.2742494074,56139.8484846776,98.57423527019942,2798.829636649065,58938.678121326666,689.021197654846,9151.305395055748,17661.474671157677,14318.580542371588,1200.0,9870.92532218258,1200.0
C2,2025-11-04,50099.32492634471,54083.32082964601,3983.9959033012983,1207.6238786201986,55290.94470826621,324.4394601381437,7536.80212167304,17756.04823221869,14378.743671668843,1200.0,9731.772889289068,1204.0615515869956
C2,2025-11-05,56207.17841728098,57984.20560466846,1777.027187387481,3563.255551868232,61547.461156536694,742.5330869417836,9313.293500356946,18879.963236298467,14779.190620741061,1200.0,9761.147666468354,1774.7055523211056
C2,2025-11-06,54993.97476344183,60572.85350101949,5578.878737577661,4392.532588666861,64965.38608968635,956.3579849627899,11278.275732044054,16351.132449219665,13745.976650899409,1200.0,9431.700731870324,1217.4173667305693
C2,2025-11-07,15025.287151683728,16335.165665661843,1309.878513978116,2198.258768506633,18533.424434168475,792.8800510607219,11573.46107065433,17697.669062310055,14350.787570528657,1200.0,9955.492897458866,1200.0
C2,2025-11-08,15778.486386847446,17883.841078811496,2105.3546919640494,760.2542851178745,18644.09536392937,268.28369880265507,13619.43691669916,17035.266233650073,13798.565649256561,1200.0,9591.52383010505,1200.0
C2,2025-11-09,53486.813797699724,59381.76976020885,5894.955962509127,3430.513173434131,62812.282933642986,903.0069738556639,8601.695067340524,18628.896547797092,15089.406203715645,1200.0,9416.536564503149,1200.0
C2,2025-11-10,56513.98122628541,63113.75342628489,6599.7721999994865,1572.3814693212619,64686.134895606156,386.9380340513593,9408.101323856783,19970.177582003074,16161.463092249798,1200.0,9714.166727114762,1215.9786101918814
C2,2025-11-11,57084.46705098822,59196.802475225544,2112.335424237325,3299.5878175907987,62496.390292816344,722.6117872882046,10133.872061510707,18278.096456999134,14819.638879341992,1200.0,9797.616545375924,1200.0
C2,2025-11-12,57805.70754314272,59993.92265676917,2188.21511362645,1955.4621569452297,61949.3848137144,481.7719712827545,10463.717080502453,18476.016904759515,14965.57369285521,1200.0,9571.81429662563,1200.0
C2,2025-11-13,52096.55501658633,58645.10759232898,6548.552575742658,4168.469884700654,62813.57747702964,954.3578397713372,6219.0018351068875,18308.56820360207,14713.320621113306,1200.0,9455.362058253288,1329.5773597826349
C2,2025-11-14,15910.335277054119,19159.343758713778,3249.0084816596604,673.4124690075198,19832.7562277213,232.0026485720111,10598.689040852523,16966.956891374306,13859.85470581756,1200.0,9995.002917813415,1200.0
C2,2025-11-15,16462.42466329429,17144.096600969493,681.6719376752056,3020.5185525322404,20164.615153501734,1149.6892372074194,8561.581102338865,18278.511434456133,14797.60709555301,1200.0,9587.887549997638,1208.8746292849517
C2,2025-11-16,57501.27983899495,63321.438363853136,5820.158524858185,2269.601165220426,65591.03952907356,733.0399146583783,9772.032691004355,18574.31125046235,15053.179279230959,1200.0,9599.331040359388,1200.0
C2,2025-11-17,50419.035662444854,58945.789008764244,8526.753346319396,1031.400142724306,59977.18915148855,365.46600325537906,5746.475519948313,20956.349551294898,16970.883365715104,1200.0,10775.36296584012,1204.177523148626
C2,2025-11-18,55360.3085870484,62308.2037322952,6947.895145246804,4152.811132070918,66461.01486436612,855.388745627731,7169.224081591412,19434.02979976713,15432.707721324216,1200.0,9246.405005874736,1547.3513192454775
C2,2025-11-19,56616.96775461325,67223.95103206381,10606.983277450561,2072.7157717519444,69296.66680381575,572.3272369131105,10801.105052017914,17053.031701307696,14125.571865380167,1200.0,9715.238585954505,1200.0
C2,2025-11-20,55230.14268651889,60927.46378643823,5697.321099919339,4331.448471047815,65258.912257486045,939.8151548658025,7094.059089638617,19023.833021358314,15265.559620117327,1200.0,9966.55952529429,1359.7168079810083
C2,2025-11-21,15837.07178012471,17534.095350263924,1697.0235701392157,1424.9379133202317,18959.03326358416,693.742773672528,7657.641857326691,16984.862367734,13886.747143330327,1200.0,10247.13748787295,1216.3738907968018
C2,2025-11-22,18509.162474736728,19809.360661789156,1300.198187052428,2159.1474409518187,21968.508102740976,763.8675419700069,11819.710283760456,18018.491866635824,14609.714913692136,1200.0,9858.259597339062,1200.0
C2,2025-11-23,57138.25930603009,64058.47303385834,6920.213727828245,1271.362352726385,65329.835386584724,413.14237961857674,8542.942281504247,19613.5823636611,15887.001714565495,1200.0,9819.916854598823,1200.0
C2,2025-11-24,54053.396398213816,57853.264129800875,3799.867731587058,3968.4148310899263,61821.6789608908,1033.9206161138359,4122.850485605981,21362.2497712741,17303.42231473202,1200.0,9825.233656685445,1200.0
C2,2025-11-25,63180.98482539903,63995.81385236032,814.8290269612941,1888.4511016668282,65884.26495402715,593.2589021823992,10323.123077943166,19081.104229603923,15455.694425979178,1200.0,9617.563437291408,1200.0
C2,2025-11-26,60953.25221812031,67237.46952662569,6284.217308505388,1440.9721917169916,68678.44171834268,364.0962260125687,10949.42370108151,20958.4511115704,16976.34540037203,1200.0,10143.59365813144,1200.0
C2,2025-11-27,58207.247615499036,63925.71425370856,5718.466638209524,1972.9602194246172,65898.67447313319,466.2306038403209,8233.353273416604,19893.71724544198,16113.910968808003,1200.0,10062.788490735522,1200.0
C2,2025-11-28,15374.38314957436,16899.571300154403,1525.1881505800409,1453.4163889483702,18352.98768910277,473.5838485617022,4713.4198246728165,18617.542778178016,15080.209650324194,1200.0,10146.70959819958,1200.0
C2,2025-11-29,20448.298093642323,20387.391645419364,-60.90644822295957,863.2020246239366,21250.5936700433,412.4326231541226,7987.8831035260355,19177.266963483406,15533.586240421559,1200.0,10156.04249454793,1200.0
C2,2025-11-30,59784.531261759694,65054.26633467716,5269.735072917464,3681.8500565716554,68736.11639124881,926.3854429677532,5581.7670183311875,22011.24473688068,17829.108236873348,1200.0,10099.583901812231,1200.0
C2,2025-12-01,66889.97307945156,67642.90527637041,752.9321969188504,25085.887657891843,92728.79293426225,5529.9500119399745,4566.488914672786,22737.485349474664,18417.36313307448,1200.0,9903.038963632263,1200.0
C2,2025-12-02,69841.46023548608,71092.62477416,1251.1645386739117,26503.12921048828,97595.75398464827,5678.640773318223,5211.417829191138,23434.16295507024,18981.671993606888,1200.0,10124.170501993412,1200.0
C2,2025-12-03,61457.49620223369,74360.56862649113,12903.072424257442,15638.466826166614,89999.03545265774,3801.4997471484417,4423.816009424024,21462.97467862494,17385.009489686203,1200.0,9855.18558635097,1200.0
C2,2025-12-04,68234.46899834745,70927.28334448427,2692.8143461368154,26234.416658283324,97161.7000027676,5808.243192517465,5889.00416229351,20520.240781488825,16621.395033005945,1200.0,9650.13965020824,1200.0
C2,2025-12-05,19658.107592960063,22925.704318261363,3267.5967253013005,10523.41476546564,33449.119083727004,3604.180288959488,5572.326840721769,19115.297830843716,15483.391242983413,1200.0,10013.49318833176,1200.0
C2,2025-12-06,20770.366593421415,23130.780519556047,2360.4139261346318,12213.684041493227,35344.46456104927,4218.668235661417,4270.220075734043,20819.210719632883,16863.560682902636,1200.0,10088.57340412333,1200.0
C2,2025-12-07,70568.92629508731,74193.22339777213,3624.2971026848295,18743.892079265173,92937.11547703731,4299.326910392954,6972.1651089892375,21027.71078868387,17032.445738833936,1200.0,9897.856519160998,1200.0
C2,2025-12-08,78518.80041035592,80510.02477864258,1991.2243682866472,708.309537279526,81218.3343159221,188.46269021924712,11675.896296238936,20693.552549597174,16703.904027686796,1200.0,10143.405295024431,1264.303930541017
C2,2025-12-09,76586.40291488473,77966.41215868073,1380.0092437959877,763.0014964274463,78729.41365510818,183.58042992403776,9928.23677504562,22100.32316765152,17916.737486009522,1247.1086858612464,10110.929528302991,1247.1086858612464
C2,2025-12-10,72392.66030499978,79788.51624858101,7395.855943581238,1091.6700728243313,80880.18632140534,238.18105941665345,8187.048441412078,21266.928614625507,17268.609995121788,1200.0,10410.7154410938,1200.0
C2,2025-12-11,75890.18900680137,75791.79398089366,-98.39502590770729,1386.0450087419686,77177.83898963564,337.21439497127704,9201.316656870084,21060.29590985037,17057.398970694798,1200.0,10146.4470026489,1201.6007958711143
C2,2025-12-12,24940.889960958466,30997.85223129537,6056.9622703369005,225.54723283254597,31223.399464127913,100.75270983204642,12334.467943048705,14856.38670144427,11992.808558916271,1201.6007958711143,10107.529886181752,1247.0059839306582
C2,2025-12-13,25401.065746668064,27818.16490921545,2417.0991625473857,100.13382429539078,27918.29873351084,42.6948583722852,8917.364690626475,17784.551051331946,14447.791737116471,1200.0,10146.795715444305,1200.0
C2,2025-12-14,71685.80838301343,78244.8710261389,6559.06264312549,1825.1692571513072,80070.04028329022,316.52634845399535,6224.360724972987,24056.79573685799,19486.004546854972,1200.0,10281.754429775212,1200.0
C2,2025-12-15,71009.58646693155,82038.49718104576,11028.910714114212,574.2216821823033,82612.71886322807,178.89745572462138,8208.336923634613,22410.44305864656,18152.45887750372,1200.0,10070.185816682311,1200.0
C2,2025-12-16,79396.70583695648,82198.08782985473,2801.381992898257,570.5872370228516,82768.67506687758,136.49057857618297,9495.1805606395,20365.299881753115,16472.158317664765,1200.0,10114.715409585577,1226.3717628391746
C2,2025-12-17,77925.12315299804,79578.46512517745,1653.3419721794032,2075.023370024975,81653.48849520241,487.85296858423044,10858.967463861662,20851.779575443627,16913.676042664592,1200.0,10033.754055919895,1200.0
C2,2025-12-18,72262.99809057436,77559.54097243231,5296.542881857947,2941.047173128816,80500.58814556112,766.2818444758149,9007.464225987766,21562.24064090946,17458.697988941633,1200.0,10346.485739152531,1207.4632557722564
C2,2025-12-19,25545.494664779555,29838.275029949753,4292.780365170199,1403.1717661005137,31241.446796050266,505.18968851706774,13135.95082666273,17546.04714567064,14219.015118188252,1200.0,10404.119876444516,1200.0
C2,2025-12-20,23877.366084865826,25015.62734914289,1138.261264277065,998.9050222790942,26014.532371421985,376.04400776701465,6061.359632932175,19671.257647099254,15904.50841819397,1200.0,10343.408209278732,1232.4558621738092
C2,2025-12-21,73738.06426214636,78279.44493044398,4541.3806682976065,1227.6669303044823,79507.11186074845,360.35483651534963,6441.458370634834,20061.85622739169,16279.313820143696,1200.0,10164.621025248827,1200.0
C2,2025-12-22,75828.51527475397,85077.53666562882,9249.02139087486,656.3795896752949,85733.91625530412,273.087055001854,12203.05417496573,19539.86836099209,15827.293372403592,1200.0,10383.08654136028,1200.0
C2,2025-12-23,74068.16754163084,76191.65907640583,2123.491534774999,1676.5610097361196,77868.22008614196,352.3815543961284,7432.871976214575,22272.317246419218,18021.870243035322,1220.7852517380477,10448.75075345608,1220.7852517380477
C2,2025-12-24,72123.63637402796,73841.22586680364,1717.5894927756626,2444.3274706890884,76285.55333749272,513.3988560015326,5253.489965140275,22458.59342402922,18210.167400027916,1200.0,10361.917985110536,1200.0
C2,2025-12-25,70017.2226323966,75998.31416417815,5981.091531781553,3703.377645331152,79701.69180950931,837.4116708474089,6201.335095257194,21940.674856848636,17771.946634047395,1200.0,10062.297876756027,1200.0
C2,2025-12-26,22457.540175176524,24872.31120735072,2414.771032174198,894.9075456571677,25767.21875300789,376.0197705700501,4220.045915131077,20026.542807151214,15635.408092316244,1200.0,10343.40820927873,1851.212868306935
C2,2025-12-27,23721.448196195055,26286.72095851799,2565.272762322936,796.5055984930375,27083.22655701103,300.5705293548652,8657.725002781588,17943.768188863614,15120.543814455774,1200.0,10107.529886181754,1200.0
C2,2025-12-28,73896.05288684978,77177.40494199828,3281.352055148506,2220.774028826437,79398.17897082472,560.860785238452,9282.812803313345,20034.28518194895,16209.254286293035,1200.0,10161.843793805314,1220.574123428467
C2,2025-12-29,72193.85614726592,80439.66136937958,8245.805222113668,631.7276401576984,81071.38900953728,221.20801750502113,10718.694692263269,22105.15719282561,17923.694037274363,1200.0,10374.266118180502,1200.0
C2,2025-12-30,74367.00370162989,76981.65996798649,2614.656266356601,1932.9447285017377,78914.60469648823,346.58693426521694,10710.568642177503,20911.07282277995,16779.814706833276,1200.0,10363.59656929955,1375.7269773538617
C2,2025-12-31,76117.66799370553,78835.54253206126,2717.8745383557275,1118.5877921818346,79954.1303242431,293.4765177839492,9713.673099698864,22192.739057194718,18134.272915946196,1200.0,10439.996709156065,1200.0
C3,2025-02-01,19022.20684559195,23207.353530674434,4185.146685082485,240.7843941220152,23448.13792479645,80.87608230986086,12623.021599783744,15341.430336842059,14857.748424794674,1209.7760767452207,10454.918947865017,1209.7760767452207
C3,2025-02-02,71626.8178088702,71003.42568390736,-623.3921249628361,322.71394401648155,71326.13962792384,110.61241571111492,15594.140867333928,18421.042059396652,14885.613558486644,1209.7760767452207,9233.575774647266,1249.1433096614926
C3,2025-02-03,75206.62410883114,77515.51728361454,2308.8931747834,819.8052619670904,78335.32254558163,189.24563072587497,19530.668025359897,15960.739724480927,12972.428155524894,1200.0,9101.107204503536,1200.0
C3,2025-02-04,73368.82058912075,81593.26754855274,8224.446959432002,868.2871911071095,82461.55473965986,230.6258394770025,21640.959915470285,17826.821298524897,14401.997575352201,1200.0,9109.269570510656,1241.919640503298
C3,2025-02-05,67664.29454591915,69256.83345583674,1592.5389099175825,1860.6320241037783,71117.46547994051,327.0362593752366,10402.916846913367,20791.863042518304,16801.853946702347,1218.0423765033252,8941.217192109767,1285.869771322719
C3,2025-02-06,72092.95054231542,71399.2504844174,-693.700057898019,166.40582717391285,71565.65631159132,36.08068405721198,12992.734291988605,18938.49448797573,15416.171418567827,1201.4354565366243,9579.475461513424,1201.4354565366248
C3,2025-02-07,25020.60098535916,25020.60098535916,0.0,461.1440360032736,25481.745021362436,85.94614406919646,20747.017618571124,17958.04087995791,14516.032815515355,1201.4354565366248,9259.413914619356,1234.7468979261296
C3,2025-02-08,18025.736737532316,18025.736737532316,0.0,4775.518006972157,22801.254744504473,1369.7357125954977,8472.371661983298,18508.89897084111,14995.213856191189,1200.0,9382.479126984128,1231.407242581807
C3,2025-02-09,66509.2181027571,66729.47973141525,220.26162865815505,2534.405216739078,69263.88494815433,666.5788825333627,9744.026298428586,20002.245545590886,16226.768509808246,1200.0,9040.583540267458,1203.685444937772
C3,2025-02-10,63010.50069421328,66309.28543614902,3298.784741935737,1099.1419535307894,67408.42738967981,398.99913941745467,14935.373949054121,18198.16995510691,14743.834564080596,1200.0,9460.630461554474,1200.0
C3,2025-02-11,58473.25974073756,58771.61145355369,298.3517128161314,7369.519620696742,66141.13107425043,1589.278551785217,6093.206779469888,21476.683054561232,17396.1132741946,1200.0,10256.652539709305,1200.0
C3,2025-02-12,58847.57453100308,59859.23819202002,1011.6636610169363,2896.512844525871,62755.75103654589,703.4376628404132,7466.762536764715,21418.316435648783,17348.836312875515,1200.0,10012.069335051596,1200.0
C3,2025-02-13,54330.27262970443,55737.63105747303,1407.3584277686023,3912.4132903781674,59650.0443478512,948.7744338356083,6633.632957674058,21269.865376642472,17228.590955080403,1200.0,9887.867686628751,1200.0
C3,2025-02-14,15642.912835649488,22850.76880351448,7207.85596786499,1466.5095552785976,24317.278358793075,509.89985212493343,12612.180994392676,17918.6049089939,14498.140834556352,1217.6990463652298,9360.348975920117,1217.6990463652298
C3,2025-02-15,18527.704763899415,18527.704763899415,0.0,5756.6341161317105,24284.338880031126,2011.4835428323152,11212.430780729801,17088.260066863066,13857.419795887788,1200.0,9470.020905550096,1200.0
C3,2025-02-16,66198.74702187898,65952.28400187689,-246.4630200020892,8814.862103605883,74767.14610548277,1906.433742801187,14217.288859064633,18232.34481234446,14768.199297999014,1200.0,9032.67212340799,1200.0
C3,2025-02-17,60012.6081513653,59390.35300345747,-622.2551479078221,3231.1573012776057,62621.51030473508,868.5620098277227,9242.84786631485,18634.6303893526,15079.488679041891,1200.0,9824.157751971614,1216.1799292596809
C3,2025-02-18,51677.29899265682,57634.36110839384,5957.0621157370215,5633.109210355005,63267.47031874884,1299.8311390116694,7310.338504767605,20007.596809741197,15879.476542431321,1216.1799292596809,10053.075823709632,1579.154233103069
C3,2025-02-19,50190.594729671546,55263.4717198376,5072.876990166052,4775.698531520374,60039.17025135797,1102.939429269691,4496.178798431595,22452.32302589109,18527.62046076454,1200.0,10243.577083870769,1200.0
C3,2025-02-20,54570.5308252491,55252.48172441189,681.9508991627876,4870.770087448212,60123.2518118601,1076.4327225581133,7617.822508450768,20495.959496028827,16586.013092956997,1200.0,10320.005856203905,1217.4601098070573
C3,2025-02-21,14696.73655712144,14696.73655712144,0.0,2495.407692841133,17192.144249962574,986.1700534311968,7434.746558954647,19683.176393457456,15959.086977526891,1200.0,10326.36716015169,1200.0
C3,2025-02-22,18535.9763867086,17906.435552014802,-629.5408346937998,3315.151126745196,21221.58667876,1224.5583581582764,9994.048416639374,18263.597465778912,14793.513947280915,1200.0,10216.94685100605,1200.0
C3,2025-02-23,51160.0091076908,52630.84557146703,1470.8364637762274,6716.9642685004155,59347.80983996744,1643.3510348702387,3455.047734529421,21048.41561289499,17049.216646444936,1200.0,10252.885892222204,1200.0
C3,2025-02-24,50251.56085612669,52554.14803983267,2302.5871837059744,1371.8061695065037,53925.95420933917,297.6457048876431,5670.029111842836,21230.451942052816,17193.267796571407,1200.0,9980.091123903238,1203.7758627681965
C3,2025-02-25,55413.559732140035,55413.559732140035,0.0,2686.5052761231173,58100.065008263155,589.6125032358401,13839.511355851908,16425.686966613186,13308.204719448058,1200.0,8986.38765759673,1200.0
C3,2025-02-26,46651.13680385418,51804.42743292544,5153.290629071266,2630.6031884796016,54435.03062140504,539.5669066131076,3940.7310502060677,22160.119225981827,17940.8968592977,1200.0,10190.31802327796,1209.7774597195391
C3,2025-02-27,47046.27213191164,50462.18916844367,3415.917036532035,6585.957630702439,57048.14679914611,1317.0964266572782,6541.052897873593,20491.640732001473,16591.045918850952,1200.0,10092.044295649634,1217.7586531309207
C3,2025-02-28,13953.388700604195,14924.531227502124,971.142526897929,2141.889306972123,17066.420534474248,735.8108989826965,9555.256269830084,17441.721099979502,14140.380133350998,1200.0,10333.983252889528,1203.7741616113656
C3,2025-03-01,18679.41332163656,18131.07658876464,-548.3367328719182,1626.28481671831,19757.361405482952,380.8656788171281,14956.412270044806,16366.353472240617,13226.223924507161,1203.7741616113656,9356.32687037037,1237.6879260644062
C3,2025-03-02,61677.80541137737,63672.53508752499,1994.7296761476239,3501.732749797351,67174.26783732235,671.9147187705468,16690.451368792477,19892.381684647997,16146.748298022841,1200.0,9016.480894382674,1200.0
C3,2025-03-03,59025.21913818932,59332.11748917701,306.8983509876926,1751.0658873517762,61083.18337652879,487.4966977608541,10301.535745296316,18552.707456487726,15027.693039755051,1200.0,8868.223337194087,1200.0
C3,2025-03-04,49217.21933899336,53031.10944830247,3813.8901093091126,3813.2257764914757,56844.33522479395,1069.0428028014474,6227.391396378417,20877.158861742468,16910.498678011398,1200.0,10275.55581365034,1200.0
C3,2025-03-05,54304.436376077094,55039.92217061886,735.4857945417723,3758.628357158648,58798.55052777751,859.8656184635273,14217.967219589762,16717.654675534635,13541.300287183052,1200.0,9166.162329831428,1200.0
C3,2025-03-06,47803.388102392964,51331.18434050994,3527.79623811698,2450.125799679246,53781.31014018919,707.6102186879726,7734.123608849402,21060.881944425793,17059.314374984893,1199.9999999999998,10066.749180708575,1200.0
C3,2025-03-07,14348.319576044005,16775.39970024824,2427.0801242042326,1668.2339061511993,18443.63360639944,579.7864190041945,13596.62051472267,15710.61951238929,12718.537914862734,1200.0,10410.794390332923,1207.8487668584396
C3,2025-03-08,15915.514792918675,15915.514792918675,0.0,3210.1368872186004,19125.651680137275,1376.6143360858805,16533.50470602576,16395.891347241854,13287.735881438493,1200.0,9319.280642410657,1200.0
C3,2025-03-09,47501.134985514334,47723.004408010485,221.8694224961525,4887.734002411159,52610.73841042164,1280.9023229185793,7195.080778097057,20551.585952991463,16646.784621923085,1200.0,10408.934967886522,1200.0
C3,2025-03-10,48173.34873574601,51888.857119128246,3715.508383382235,4681.433290332121,56570.290409460365,1292.836954708855,5674.9851235806,21140.52235181001,17095.052116912557,1200.0,10013.07472229788,1231.9677645039485
C3,2025-03-11,39917.464392897054,47263.93048571237,7346.466092815315,6393.933575114685,53657.86406082706,1734.732981695463,3978.727675428611,20493.85155592139,16523.478928613506,1200.0,10174.66233795346,1317.0131330404154
C3,2025-03-12,47211.86805067151,47936.762501011515,724.8944503400045,3258.5443966488715,51195.30689766038,1024.9124954615697,8978.864447003647,20873.570508878245,17012.90393192775,1200.0,10333.418929176063,1200.0
C3,2025-03-13,44436.23669655159,47826.31293596715,3390.076239415556,4139.431984665746,51965.7449206329,1194.5675292397707,2298.3835782846545,20243.850240798925,16397.518695047125,1200.0,10567.363422194963,1200.0
C3,2025-03-14,11711.841271811,13081.983576203043,1370.1423043920436,1914.470211515446,14996.453787718488,856.6006999062402,13867.24779718646,18239.417106202276,14762.633919466889,1200.0,10279.649044395275,1212.5488183966118
C3,2025-03-15,12255.480101575353,12255.480101575353,0.0,3578.7415334539783,15834.221635029331,1190.0520191065818,7670.400978064635,17784.067189525154,14416.388360072327,1200.0,10483.360150981993,1200.0
C3,2025-03-16,44428.88919521214,45986.23844816507,1557.3492529529349,2829.156752357253,48815.395200522325,903.7093154225174,4729.360899117935,21111.331085716327,17100.178179430222,1200.0,10194.641972031672,1200.0
C3,2025-03-17,39777.10372563275,41971.93814623586,2194.8344206031097,4697.0522203932705,46668.99036662913,1441.696492728095,4611.372914584625,19456.180899694857,15754.217004898883,1200.0,10327.11307709162,1205.8772487266149
C3,2025-03-18,45979.976208661275,45138.55606417974,-841.4201444815335,1367.4114077814504,46505.967471961194,494.4424717859565,5205.803709242155,19627.83685564093,15903.837376923115,1200.0,10369.303600653544,1200.0
C3,2025-03-19,37525.551397216725,42372.0791320646,4846.527734847871,3547.827286793539,45919.90641885814,1449.0136960986235,3254.6805877769434,21948.236678483823,17768.038376152042,1200.0,10395.913589145614,1211.1481482442769
C3,2025-03-20,44029.38011054735,43998.17688437435,-31.203226173001518,11411.846722845657,55410.023607220006,3094.706757102778,4727.920101550097,20529.390024806475,16638.839253513095,1200.0,10426.817412818187,1200.0
C3,2025-03-21,11785.953329854387,11785.953329854387,0.0,3103.9992699608138,14889.9525998152,1272.2194925643835,16253.035109704822,17528.014540228123,14197.69177758478,1200.0,10473.977255364844,1200.0
C3,2025-03-22,12497.114269531763,12497.114269531763,0.0,1007.9095760940571,13505.02384562582,596.9655439748885,13174.506489466,17546.78674115326,14212.89726033414,1200.0,10398.574760554968,1200.0
C3,2025-03-23,43023.17398876994,42619.44551398574,-403.7284747842014,3516.196504676263,46135.642018662,951.2982219835219,6250.235596448065,20457.52617173389,16527.06516473171,1200.0,10231.03263612226,1248.367815969712
C3,2025-03-24,41457.50265597175,42205.73377678866,748.2311208169035,3146.8197635372585,45352.55354032591,912.0772064547167,7061.429510906231,21089.47881694261,17126.008876096257,1200.0,10220.7157513546,1200.0
C3,2025-03-25,45355.38026623317,44855.911080456295,-499.4691857768804,4071.3759362350356,48927.287016691334,1172.9200236338806,5961.348299858669,19299.87504581045,15632.898787106464,1200.0,10139.056996023475,1200.0
C3,2025-03-26,39069.59058428467,40159.17294313571,1089.5823588510405,4278.839355042779,44438.01229817849,1163.2285159797436,6141.050503535302,20180.448144670438,16346.162997183055,1200.0,10415.80185052627,1200.0
C3,2025-03-27,40855.014597667985,41485.82996234225,630.8153646742658,4197.689981828528,45683.51994417078,1336.0055850072004,5808.592851642608,19669.099554715252,15931.660897723294,1200.0,10102.008716465818,1200.3441573289556
C3,2025-03-28,11904.840615540183,11904.840615540183,0.0,847.4192756313453,12752.259891171529,433.8878327085736,17251.97819065249,17475.42073911396,14155.40054027837,1200.0,10574.321237192911,1200.0
C3,2025-03-29,11044.341012655545,11044.341012655545,0.0,2444.429771296111,13488.770783951655,930.3484979251358,18760.360056219582,15907.278537593338,12884.860877733923,1200.0,10736.649383551186,1200.0385974629835
C3,2025-03-30,38767.66367247842,39361.492611973124,593.8289394947082,5800.069779895521,45161.56239186865,1840.565378834762,7700.643294765185,19942.626145258528,16153.561915376087,1200.0,10413.808027196294,1200.0
C3,2025-03-31,36504.77800730375,40271.60159944708,3766.8235921433334,3722.4651102295866,43994.06670967667,1103.499601076885,4700.055651972206,19656.49971643318,15858.272180670392,1200.0,10263.369984171442,1270.5473218227623
C3,2025-04-01,42865.400087076254,44224.90149940131,1359.501412325058,2524.55372198398,46749.455221385295,909.0227321151451,5848.9489095131685,19229.447925459754,15612.209458682762,1230.1510562001374,10433.668024274271,1230.1510562001374
C3,2025-04-02,40860.85657808462,46086.69212265081,5225.8355445661955,2058.203502263008,48144.89562491382,758.5683059630898,8485.219983002624,18113.88048718664,14671.620415161287,1200.0,10259.310432679791,1230.8430333778024
C3,2025-04-03,42173.89391865736,42220.91254911126,47.01863045389737,1535.326765193257,43756.23931430451,586.7565440646042,7686.555250966831,20334.697942021652,16498.864063077555,1200.0,10201.921456355178,1200.0
C3,2025-04-04,10984.313807075196,10984.313807075196,0.0,1495.2157271859528,12479.529534261148,668.4303642563784,19883.62429255557,14712.391711966275,11898.422642098792,1200.0,10416.588071399095,1220.682938437659
C3,2025-04-05,10901.42182922861,11624.824383521045,723.4025542924345,5421.66125720173,17046.485640722774,2437.9024640550715,16089.30645605316,14223.791114208741,11529.222326409556,1200.0,10298.821689433234,1211.8479118815742
C3,2025-04-06,38956.54423240206,41764.37408358627,2807.829851184204,1233.9701045666466,42998.344188152914,512.7645026842115,7466.5483744935145,18542.749768576174,15028.961110544627,1201.4770252172111,10485.559666180408,1201.4770252172111
C3,2025-04-07,34420.3669503085,39160.69933809271,4740.332387784213,1788.1558338510804,40948.85517194379,755.7737146243177,6252.037843475552,20384.02527750304,16512.389797472948,1200.0,10332.915526897694,1200.0
C3,2025-04-08,41390.66147419883,41265.533013790155,-125.12846040867618,1202.2761011584453,42467.8091149486,390.08582766181144,8272.842162294519,19542.701526405446,15829.588236388417,1200.0,10299.665872126723,1200.0
C3,2025-04-09,39502.52616299798,42860.73243964856,3358.206276650575,1336.206265262976,44196.93870491153,400.7813068723303,6232.124453397894,20289.921441818584,16434.836367873057,1200.0,10325.917308244318,1200.0
C3,2025-04-10,37496.1410591881,39442.82642924394,1946.6853700558397,4657.146823840743,44099.97325308468,1273.729690756157,6673.9415500088635,19616.15957597155,15862.348425728322,1200.0,10286.138565868188,1229.7120342318133
C3,2025-04-11,10396.769175622354,10948.936769372871,552.1675937505161,3562.129992731896,14511.066762104767,1439.01251478646,20843.124651701364,15780.698192134261,12809.106366437381,1200.0,10379.080966550331,1200.0
C3,2025-04-12,10800.095516198111,11326.118559723049,526.023043524938,1173.4785162739872,12499.597075997035,579.5967276927855,18006.82203531773,15874.349867627216,12858.223392778042,1200.0,10432.698825597814,1200.0
C3,2025-04-13,37192.3123686114,40448.89321637213,3256.5808477607306,4018.8791476633965,44467.772364035525,1118.3425172198884,8080.827361939243,19460.317359532506,15759.15627140713,1200.0,10288.47668958899,1204.111988682438
C3,2025-04-14,38653.89321820137,38302.946367896555,-350.9468503048171,5474.893616451988,43777.83998434854,1657.7923752246795,7115.401047438517,19337.32470557769,15666.933801332118,1200.0,10090.390448290276,1200.0
C3,2025-04-15,32645.33405228042,36077.28869848109,3431.954646200671,2660.8078489865607,38738.09654746765,758.3331684649297,5878.872714894406,20516.05855406171,16588.428958705237,1200.0,10433.552281074148,1232.8649667608415
C3,2025-04-16,36739.30867195454,39244.70473213546,2505.3960601809217,1721.5709277867159,40966.275659922176,695.1393295313316,4510.872671656574,18956.666896213763,15384.478656017909,1200.0,10445.441518990425,1200.0
C3,2025-04-17,33811.65791900937,37371.44494378709,3559.7870247777223,4087.970402865321,41459.415346652415,1247.532112804065,4809.243725345962,19132.59500466619,15497.401953779616,1200.0,10403.078290991498,1200.0
C3,2025-04-18,10511.891001661073,10900.964555804474,389.073554143401,2369.3098703932264,13270.2744261977,1186.8326233843768,19698.002802922718,14478.296428604162,11663.014201229458,1200.0,10372.698875989436,1271.5621177110147
C3,2025-04-19,9811.06828608848,10932.58374731369,1121.5154612252086,1402.6889793668608,12335.27272668055,742.2687495087658,18517.614834349155,14915.90834701691,12146.291667023606,1200.0,10537.437022839042,1200.0
C3,2025-04-20,33035.24545536869,37210.01452624407,4174.769070875374,1259.794225339423,38469.80875158349,506.6117262897693,5004.7723230509655,19304.413047748858,15636.574568676577,1200.0,10452.70129846587,1200.0
C3,2025-04-21,35770.12050600787,35626.07882347084,-144.04168253703395,2749.246319626054,38375.32514309689,800.4521149922399,6744.473879665939,18641.365698755126,15090.316571106414,1200.0,10369.008902021103,1210.2107165391571
C3,2025-04-22,32133.38436594331,35291.83694019926,3158.4525742559454,4705.941714141016,39997.778654340276,1703.0614189198795,3078.726887543978,19161.053776702705,15529.643204014435,1200.0,10384.772841405982,1200.0
C3,2025-04-23,32351.268654817137,37471.98625599617,5120.7176011790325,1526.3461299712387,38998.33238596741,590.4826128175994,5111.155969506218,19825.41154086056,16058.583348097045,1200.0,10417.21525264899,1200.0
C3,2025-04-24,31153.16652885385,35001.8617390933,3848.6952102394525,1480.576590558699,36482.438329652,613.9263669610466,6115.569571713311,19706.669703997297,15962.402460237803,1200.0,10445.618182952545,1200.0
C3,2025-04-25,9634.659432451786,10305.663901424012,671.0044689722254,1965.3722336589167,12271.03613508293,857.9855828259009,22886.53088769542,15458.522875874492,12521.40352945834,1200.0,10371.662039719642,1200.0
C3,2025-04-26,9638.195461143538,10098.955326315148,460.759865171612,1498.2635366719471,11597.218862987096,801.8812823437751,24390.861919283492,16629.740905276827,13464.824081948569,1200.0,10505.895479680306,1205.851168139625
C3,2025-04-27,29290.561944102126,35468.76246242223,6178.2005183201045,5722.323297557761,41191.08575997999,1612.5717551845567,5944.266461687589,17876.612625326856,14485.32227784041,1200.0,10393.28448459138,1200.0
C3,2025-04-28,39025.19302392314,42601.470668552654,3576.277644629516,502.47493696790553,43103.94560552056,193.21752034928676,7812.532676942536,17935.345002394697,14527.629451939712,1200.0,10302.64727093682,1200.0
C3,2025-04-29,31674.474048450695,36182.79100368869,4508.316955237995,1423.6295796671502,37606.42058335584,360.92488650428834,7272.061311560704,18394.24687222056,14885.219222141086,1200.0,10384.82444507726,1215.689715952854
C3,2025-04-30,30228.95577165312,33720.25638129614,3491.3006096430167,3170.368426139097,36890.62480743523,1228.0975754496312,4373.862658837292,17523.459130486048,14208.122640051271,1200.0,10443.083523706644,1200.0
C3,2025-05-01,32490.308920482068,36981.03775543172,4490.728834949651,14185.886393029643,51166.92414846136,3418.338920309813,6230.821563896901,17442.019680855225,14128.035941492742,1200.0,10231.617714716987,1200.0
C3,2025-05-02,11271.756319019818,11943.881803052653,672.1254840328355,7756.868058051888,19700.74986110454,2366.4831880768334,13658.247530696506,16129.916306264677,13065.232208074387,1200.0,10298.75902023941,1200.0
C3,2025-05-03,10518.830797490546,11350.444465390327,831.6136678997804,8365.009974047623,19715.454439437948,2350.9197913875955,18738.259400243118,14856.3299765846,12033.627281033532,1200.0,10364.875850761497,1200.0
C3,2025-05-04,35668.80949232675,37006.20367826812,1337.394185941369,15726.55175996338,52732.7554382315,3876.1389766668794,7764.9083786702295,15801.088736440386,12798.88187651671,1200.0,9043.989585555257,1200.0
C3,2025-05-05,38147.17038853864,39360.34482744759,1213.1744389089504,12593.468459610061,51953.813287057645,2857.938159641968,6066.295889110457,16804.8977033879,13611.967139744202,1200.0,9203.61666010574,1200.0
C3,2025-05-06,32698.76365395032,36932.423942309,4233.66028835868,12508.887433507105,49441.311375816105,3005.0248732384357,3247.6429828715195,17589.77318742503,14247.716281814277,1200.0,9831.989421857796,1200.0
C3,2025-05-07,34037.89145968967,38370.2070629079,4332.315603218228,12430.812866042343,50801.01992895024,2743.0017487588684,3396.1961520004575,18070.86042450248,14630.59215928967,1200.0,10173.398076903022,1207.560871730372
C3,2025-05-08,41334.785062235125,44720.96033893744,3386.1752767023168,3384.6856401155387,48105.64597905298,922.8697935488055,11247.946281914416,17656.875219207264,14308.873712115217,1200.0,9170.734208836817,1200.0
C3,2025-05-09,13358.279320754715,14393.35564931824,1035.0763285635246,1444.621096793063,15837.976746111302,729.3985933231017,21260.112911453853,12674.250465859574,10006.515617975854,1200.0,9834.496147379992,1488.47473263378
C3,2025-05-10,11754.432141002013,13739.24486854052,1984.8127275385068,1595.3806796997537,15334.625548240272,769.313790806916,16194.101579224474,14245.110608846806,11782.249130740098,1200.0,10294.762171935376,1217.6863575513487
C3,2025-05-11,36782.47725277909,40156.72029257037,3374.243039791279,2789.31101611817,42946.03130868854,1011.9261061557501,4354.146456962535,19396.469784071065,15727.058246893772,1200.0,10093.877978984508,1200.0
C3,2025-05-12,34593.88131819005,42363.367267316455,7769.485949126408,1012.4761425292344,43375.843409845686,357.8036303866413,8535.031990776939,15748.981680068222,12708.320976408133,1200.0,10003.65474436844,1253.72687160792
C3,2025-05-13,40187.06442139262,41642.67888399351,1455.614462600888,212.081891657012,41854.76077565052,97.29876180592954,7391.753012998622,18235.200587811232,14810.576322482288,1209.211486768816,9029.052099393544,1209.211486768816
C3,2025-05-14,39978.85749993729,41331.16529619253,1352.3077962552386,1966.4596382724546,43297.624934464984,654.8463375063272,8846.242815629917,15874.729043950892,12743.701656258461,1200.0,9605.723920928662,1336.7991193707744
C3,2025-05-15,37617.924885042376,40975.70442275099,3357.7795377086168,1634.6103807847705,42610.31480353576,531.1161782500815,6625.884993002201,16640.980539628654,13578.009950187194,1227.003882606348,8854.084409665867,1227.003882606348
C3,2025-05-16,13552.203663609465,13464.06905762419,-88.13460598527539,1330.3570115554203,14794.42606917961,691.5398135614438,25314.038889003095,13586.699713352771,11029.530262161454,1200.0,10386.223473488217,1200.0
C3,2025-05-17,13601.121957534759,14339.290908047275,738.1689505125154,1788.2399283016593,16127.530836348933,855.4766531189887,19097.029572851163,12817.871087769487,10382.475581093287,1200.0,9366.408883182165,1200.0
C3,2025-05-18,39616.85158379693,43029.06656955019,3412.21498575326,1130.5389424579741,44159.605512008166,441.91251701382953,10443.933248084844,16729.081951055326,13460.880206058873,1200.0,9311.738971148696,1299.6401936621598
C3,2025-05-19,36607.222283665,39327.0480689984,2719.8257853334,1701.5196537560564,41028.56772275446,363.8712082588881,11380.689354765718,17091.789598012332,13934.025748685932,1200.0,9059.24706941648,1200.0
C3,2025-05-20,34785.1666615117,42567.62139828088,7782.454736769179,1299.602734908677,43867.22413318955,415.98681994982576,7442.8135566868095,16723.601572712032,13546.117273896747,1200.0,9391.890625420856,1200.0
C3,2025-05-21,35235.569950345925,39240.814749564925,4005.2447992189977,804.7209380974075,40045.535687662334,341.95417657382984,5050.867505512455,15839.476301958535,12828.562397584696,1200.0,9411.09890442108,1201.5704522241251
C3,2025-05-22,35935.48948645864,36954.40778020292,1018.918293744279,3300.1687713241686,40254.57655152708,1144.428078892453,4997.470632794548,16292.239164894983,13159.196106038125,1200.0,9237.737150111718,1243.256693920582
C3,2025-05-23,11074.130412724166,13273.518028839913,2199.387616115748,689.5214731917346,13963.039502031648,376.68370129232005,21240.2253608957,14295.071596504198,11595.48437847517,1200.0,10451.370847746466,1224.9495991352874
C3,2025-05-24,11975.852420244453,12814.90250902126,839.050088776807,860.027680076142,13674.930189097402,424.60888829164924,22946.41495757707,12651.38757934154,10228.7392232162,1200.0,10242.773549270782,1245.9326169691149
C3,2025-05-25,36632.2685947835,38107.25047268748,1474.981877903986,1448.656793552309,39555.90726623979,380.2579325698797,9555.558732914882,17268.581541630978,14004.817419177767,1200.0,8989.06461934855,1226.747760906141
C3,2025-05-26,36708.226004870616,45684.085958134514,8975.859953263898,1261.5030533879146,46945.589011522425,447.68487958381166,12111.87276859331,15437.507652359114,12450.018065975326,1200.0,9442.299877568816,1287.151241390093
C3,2025-05-27,32978.20615950065,37465.82883616944,4487.622676668794,2059.2236604830923,39525.05249665254,595.1047216188185,6443.8736093616,18477.796106405243,15045.416225722642,1200.0,10146.853749413178,1200.0385974629835
C3,2025-05-28,36605.847545764016,39856.85769184182,3251.010146077806,763.4722779910813,40620.3299698329,264.95845796956195,7222.597678986271,17557.763565897974,14152.702145545063,1200.0385974629835,9893.357732190028,1276.8012006099796
C3,2025-05-29,36036.03531023864,40102.2160265614,4066.180716322757,4806.989101932135,44909.20512849353,1254.2629963154352,6508.706126898928,16770.29271869372,13653.058182690893,1199.9999999999998,9580.752064896416,1200.0
C3,2025-05-30,11732.654970130272,12171.361935351804,438.70696522153236,791.9142100119192,12963.276145363725,339.1214833273042,19275.85925947137,15418.524731383686,12489.005032420788,1200.0,10623.314615578724,1200.0
C3,2025-05-31,13447.458606812987,14228.270430086992,780.8118232740051,1102.445530158595,15330.715960245587,541.777088940417,22211.346728603494,16856.50768597947,13653.77122564337,1200.0,9460.705318208316,1200.0
C3,2025-06-01,51136.02428666051,53722.608470843305,2586.584184182792,30887.76249296793,84610.37096381123,7261.404557093474,9072.081309959165,15550.469294438695,12595.880128495346,1200.0,8908.176139569072,1200.0
C3,2025-06-02,52054.70100067424,50849.36853383081,-1205.3324668434316,26161.71066969851,77011.07920352933,6203.323172312645,5965.677662125282,17202.707506940635,13934.193080621915,1200.0,8754.007743118207,1200.0
C3,2025-06-03,47551.319903310694,50934.80898269478,3383.4890793840905,24641.370491987465,75576.17947468224,5451.37798266547,6936.357745719791,15896.564487646816,12876.217234993921,1200.0,8370.754698650337,1200.0
C3,2025-06-04,55781.70705503278,53937.77389201501,-1843.9331630177724,23811.519681432183,77749.2935734472,6053.646929543713,7700.666937439745,18109.881112037107,14669.003700750056,1200.0,8724.078786717882,1200.0
C3,2025-06-05,46056.83678608328,52416.71603293362,6359.87924685034,24970.507639779353,77387.22367271298,6181.410282248872,4037.7173907729657,17195.059451506673,13927.998155720405,1199.9999999999998,9520.938468976436,1200.0
C3,2025-06-06,17139.06647424565,19094.64256869666,1955.576094451009,23145.911812412975,42240.554381109636,6884.625975818248,9679.157526048162,12037.275912773943,9750.193489346897,1200.0,8940.23158462793,1200.0
C3,2025-06-07,16931.60631411098,22176.17908456416,5244.57277045318,10343.812370393587,32519.991454957744,3868.2981963786615,11961.535964486193,12810.37387384991,10376.402837818425,1200.0,9613.647665445676,1200.0
C3,2025-06-08,52555.15370532723,62058.209745592205,9503.056040264966,1062.3313044077875,63120.54104999999,271.3536580348304,14311.465511988104,15769.986906272787,11819.399551670496,1200.0,8974.271630041501,2260.322047122735
C3,2025-06-09,62060.629996388874,62305.47743250944,244.8474361205696,1355.5017524933708,63660.97918500281,435.1495058159727,13706.124152287208,16680.79151103604,14465.730966349656,1200.0,9241.918948387583,1200.0
C3,2025-06-10,58524.021778976385,66086.21435460681,7562.192575630418,2081.4569632643943,68167.6713178712,604.4508549560835,14021.839372914948,17656.6419561668,13519.421783738917,1200.0,9396.313379161666,2069.3980008402145
C3,2025-06-11,61503.97071256409,69732.37625962037,8228.405547056287,1152.8521034371424,70885.22836305753,243.13830870120344,13300.441618547495,17347.76327289639,14797.814011686542,1240.3693779063651,8769.11939188177,1240.3693779063651
C3,2025-06-12,57926.31829763954,63971.02525135841,6044.706953718873,2813.378058140175,66784.4033094986,704.3516224344073,11196.883207316772,18296.581703398606,14178.74737091461,1200.0,8617.46938253921,1953.1291655044336
C3,2025-06-13,20926.918360403215,23444.246420785,2517.328060381783,177.68841659212245,23621.93483737712,104.60474096463358,12615.424422636495,11906.750535677249,9992.996441887088,1474.6296411172898,9476.326218837336,1565.875267739417
C3,2025-06-14,20877.378784620247,23914.926210814712,3037.5474261944682,1239.7824714491567,25154.70868226387,421.0447412978289,12986.560157124113,13025.062361721077,10823.32040853555,1200.0,9385.83222078888,1262.5198282488868
C3,2025-06-15,51334.391132323304,64118.2216725899,12783.830540266594,1113.709473739463,65231.93114632936,285.8508321647761,11396.215267613083,17930.67801343257,14286.365938556153,1220.417178956024,9311.699168043931,1526.390108609142
C3,2025-06-16,57609.691516225575,64366.87047570871,6757.178959483133,2642.096685370824,67008.96716107953,602.8605644217259,10473.759114639342,17633.51617378349,13838.146602625427,1501.4250533486747,9109.478611727567,2020.836217652696
C3,2025-06-17,55506.71107411886,66466.06670116703,10959.35562704818,2448.943574234189,68915.01027540122,528.6708761733858,11582.551140341277,20062.50684065033,16984.11708548853,1201.032919389756,8793.809209884832,1205.851168139625
C3,2025-06-18,59118.18131077974,64513.666105918506,5395.48479513876,173.23428307547357,64686.90038899398,86.63787521587425,14626.948627054702,15977.744911952923,12786.21281558175,1205.851168139625,9134.815739582698,1378.918460473091
C3,2025-06-19,52172.0407932961,62371.8979465897,10199.857153293595,1186.7576971656458,63558.655643755344,395.73870581111396,11698.638057873122,16138.758580819393,12357.290456019595,1299.818699045191,8563.98935520256,2173.478454299885
C3,2025-06-20,19139.76875221404,20074.04127484281,934.2725226287683,186.08822434949752,20260.129499192306,98.84853467388416,13558.056656956274,13383.98162040762,11203.843903053428,1200.0,9444.77120072512,1770.3464648296017
C3,2025-06-21,19465.799574321478,19465.799574321478,0.0,451.1563484800966,19916.95592280157,234.92055748474067,16548.81983851997,13311.290970037306,11229.490345135437,1200.0,9756.56649520803,1273.2968432682435
C3,2025-06-22,46061.286883548906,54822.80971557785,8761.522832028948,3251.624063853232,58074.433779431085,1140.6731383819815,5413.773765662203,20517.60957815491,16685.230917246896,1200.0,10784.47283749456,1200.0
C3,2025-06-23,53490.0398690608,59930.90792448453,6440.868055423735,938.9890798738716,60869.897004358405,281.6054907780249,11373.525541648944,18075.760888217734,13632.668900275437,1200.0,8693.150959583785,2320.7749102010293
C3,2025-06-24,60630.82516018985,62425.503700194524,1794.6785400046695,1269.2584543447476,63694.76215453927,284.96647126774815,6588.876331533688,20255.11884366312,17133.202609818392,1270.1330958432957,9412.300207665294,1513.4900808107348
C3,2025-06-25,56126.26055824823,60240.69492518143,4114.434366933201,1574.8465784711987,61815.541503652625,409.06638503196166,10557.768601708245,16759.715918550333,12921.509285222697,1513.4900808107348,9036.06236926245,2240.0018683697026
C3,2025-06-26,50560.416161143665,57705.63708526665,7145.220924122985,1205.208760547613,58910.84584581426,374.0397264383962,11021.057980282398,17435.085928039614,15058.421283244821,1200.0,9420.269797024144,1200.0
C3,2025-06-27,18978.331716016914,18978.331716016914,0.0,898.5110398044554,19876.84275582137,377.52001053602197,16141.775868303728,11841.0792420864,9354.848886613127,1200.0,9445.106151160147,1462.694777196506
C3,2025-06-28,19045.605490057827,19582.43655771448,536.8310676566562,347.9511972633482,19930.38775497783,179.6862802484726,13800.26474261557,11619.217963470443,9588.937889784942,1200.0,9152.752470272271,1265.6155112255344
C3,2025-06-29,46400.248502058115,56326.29016288001,9926.041660821893,3929.776918861943,60256.06708174195,1113.7971559597645,4780.102308941724,18678.152638564625,14983.554634220023,1363.6527879900536,10800.0,1427.5588479114429
C3,2025-06-30,53599.400486585866,61734.88112039978,8135.480633813917,871.4608820397926,62606.342002439575,229.99252529086317,10612.02795243729,17899.522795586723,14446.667418528534,1224.5471777268958,9246.96622810558,1485.2766766855698
C3,2025-07-01,51918.179823037965,59605.67813126492,7687.498308226951,42392.39423389345,101998.07236515837,10155.48954670074,3927.6137747938064,19067.74651499657,15701.623686164232,1199.9999999999995,9444.074152513673,1200.0
C3,2025-07-02,48705.19609673769,53631.39945042939,4926.203353691695,45577.931740066306,99209.3311904957,10479.583243080097,3273.619529579811,16720.99018737311,13544.002051772217,1199.9999999999998,9070.563530668796,1200.0
C3,2025-07-03,63277.01421904346,67124.57231921729,3847.5581001738183,25853.724459944566,92978.29677916186,5563.262560260161,7938.543687338018,17025.899533342286,13790.978622007251,1200.0,9145.97556526384,1200.0
C3,2025-07-04,21422.16015541213,24961.549206587028,3539.389051174895,26137.957503522273,51099.5067101093,8117.957363300259,16315.405599135882,10725.77108533877,8687.874579124405,1200.0,9152.424389878945,1200.0
C3,2025-07-05,18566.290483886256,21270.23184505752,2703.9413611712644,36720.42337266975,57990.65521772727,10794.888970596585,15488.770203993785,12862.70606535864,10418.791912940498,1199.9999999999998,9135.213897588375,1200.0
C3,2025-07-06,52146.89356499693,68796.97582416142,16650.082259164486,40189.812748682154,108986.78857284356,9457.381050696182,7642.592648019302,18409.60246191272,14911.7779941493,1200.0,9299.727126056,1200.0
C3,2025-07-07,51294.76089672589,54483.01717223102,3188.256275505128,32835.97138491908,87318.98855715009,7716.797594429998,2591.9461523560008,18766.795140549766,15201.104063845314,1200.0,10414.58911389948,1200.0
C3,2025-07-08,69933.6643161063,73153.4754504904,3219.8111343841115,191.92284741616905,73345.39829790658,85.12655134436568,14952.00112191704,16876.10385022748,13473.57123053662,1200.0,8861.95655312805,1417.8587646084916
C3,2025-07-09,64911.54714207311,80617.27047246417,15705.72333039105,399.5638616457877,81016.83433410995,85.04557111989371,19746.743070417753,17531.11891573613,13268.0358331637,1263.3477690275756,9253.4959645486,2453.603751922445
C3,2025-07-10,62649.10089492121,68668.43015459638,6019.329259675166,2532.994094736721,71201.4242493331,834.6679059144279,10613.024786094102,16351.17356456844,14193.606869346246,1398.9856607604322,9309.188777982954,1398.985660760433
C3,2025-07-11,30832.227555094727,34410.75106010896,3578.5235050142355,349.46312899480256,34760.21418910376,159.98663002847948,17586.523888538188,12164.00890755075,9419.788151002685,1398.985660760433,9438.380948447524,1880.1623986642385
C3,2025-07-12,28795.73820346781,28795.73820346781,0.0,1812.4683164351463,30608.206519902953,862.857949929415,16183.935284892608,12762.31405733649,10923.624533118305,1228.8844579134068,9706.08343548469,1228.8844579134068
C3,2025-07-13,65664.65214934443,69326.04856312438,3661.396413779938,3025.664411019547,72351.71297414391,723.3093786442416,16811.364057141378,17271.835281406817,13216.806879799546,1228.8844579134068,9314.848724043268,2088.195233624489
C3,2025-07-14,64271.527841793024,72157.84710530289,7886.319263509871,925.760815169974,73083.60792047287,218.21303372221448,17315.29103063022,16241.19370004097,13944.829324956312,1211.0147581543497,9105.595839198942,1211.01475815435
C3,2025-07-15,67710.26096227427,67071.58960992613,-638.6713523481429,3354.9088207178484,70426.49843064399,923.3497324144828,13454.174891761366,18784.329356469865,15155.249155127567,1200.0,9319.833119682782,1277.7454510577093
C3,2025-07-16,63066.47593951285,70515.99669582708,7449.520756314238,588.4089304191382,71104.40562624623,217.4302640784037,11665.27087734816,18032.22252351479,13484.33265102516,1200.0,10197.523354073166,2524.15388774862
C3,2025-07-17,56976.6458375853,58701.414337790935,1724.768500205631,3926.687942933507,62628.10228072444,971.1473947065278,4184.226965045028,19683.208634307983,17135.137492763224,1200.0,10800.0,1200.0
C3,2025-07-18,31949.96854309218,31949.96854309218,0.0,1872.0445749320193,33822.0131180242,507.9614587953986,20495.757799873587,11630.382950551395,8954.14322622224,1200.0,9455.018041154355,1718.2966263604346
C3,2025-07-19,26085.123762327454,30861.246058610148,4776.122296282695,1029.765498766776,31891.01155737692,396.31566772310373,20494.60209575998,13713.471979632892,11574.37926722703,1200.0,9131.40503470492,1200.0
C3,2025-07-20,69993.97745860205,72446.9268435538,2452.9493849517467,1796.106848993118,74243.03369254692,379.3887440036647,21074.345110454786,16411.7376674853,13024.037899277368,1200.0,9359.851594313192,1499.4106793174722
C3,2025-07-21,76834.55899362049,80674.95129215965,3840.3922985391423,78.72035737672932,80753.67164953637,22.28649737556087,24079.05716638929,15970.826042502147,12469.049505771345,1475.545132222125,8994.547097088123,2018.6546667123496
C3,2025-07-22,58332.99199650294,67933.26262095489,9600.270624451947,1271.9375938497258,69205.20021480462,489.02084452276074,9416.95495148139,19067.70721663802,15939.626312364666,1468.895259059164,10447.917373626246,1468.8952590591643
C3,2025-07-23,69381.59022603673,68814.24932151016,-567.3409045265701,7543.937511495297,76358.18683300546,1910.1020138904848,11310.521625841675,18954.005586354237,15370.661102942702,1200.0,9739.195430169291,1448.98795017498
C3,2025-07-24,75113.66024446503,74340.90798880295,-772.7522556620921,820.6073316932823,75161.51532049623,220.499642123035,20381.40824044951,16998.055104810886,13779.818105806215,1297.4191797093176,9344.506995164738,1436.328538053428
C3,2025-07-25,27542.033358212004,27542.033358212004,0.0,310.132896310223,27852.166254522228,148.09730281429194,18051.69215697354,13386.555083621004,10674.63807090032,1214.1032653876546,9761.888821939518,1623.5191456453072
C3,2025-07-26,27381.247016202542,27581.92390422441,200.6768880218687,683.0251037531423,28264.949007977553,317.8327655340238,16795.265732795982,16542.364688828653,13752.547871520588,1200.0,9706.083435484692,1231.0386194571097
C3,2025-07-27,63150.16945477862,69576.80719325918,6426.637738480563,4601.677901242367,74178.48509450155,1192.2283470955579,12865.09572757829,18131.64682620543,13811.317455191918,1209.1959717598452,9334.26516006576,2203.6124794954244
C3,2025-07-28,74450.29386776424,82711.01204456785,8260.718176803617,1117.6702872152441,83828.6823317831,219.63647658663956,23446.000332229978,16410.688127616715,13696.592133308768,1200.0,9011.267596228465,1754.7960906740598
C3,2025-07-29,59571.47531584319,76883.50240653356,17312.02709069036,1014.8814724253301,77898.38387895888,227.99665828779095,16381.397676686665,18091.898269733963,15131.724071752462,1204.629527620124,9661.562508979994,1224.4777870430032
C3,2025-07-30,61701.02394432474,76035.32312659283,14334.299182268089,1680.5233271117872,77715.84645370461,650.7335355373522,15026.012480192128,16783.742998998205,12392.715602527274,1224.4777870430032,9030.756602159616,2560.1624833333026
C3,2025-07-31,55821.231434734815,72727.12852132546,16905.897086590645,4839.75621570967,77566.88473703513,984.2325260332134,13403.455016828537,17601.91088985794,15481.694055784901,1200.0,9492.604079104054,1200.0
C3,2025-08-01,23866.047397240025,23310.099723866773,-555.947673373251,1887.6405911854217,25197.740315052193,517.509535086696,17391.04800364859,15703.553536295656,12690.114358312481,1200.0,10800.0,1233.0711178744434
C3,2025-08-02,30462.674053118117,32361.856340117516,1899.1822869994019,1894.9441631890134,34256.80050330653,816.087889639321,29165.29927256195,11702.705072310062,9508.955114658149,1200.0,9092.203423252118,1200.0
C3,2025-08-03,46106.1261069294,53766.14831482253,7660.022207893136,14657.645330369634,68423.79364519216,2870.7312557278897,5011.331457797715,18194.64326726098,14725.66053063789,1199.9999999999998,9222.423902689992,1213.333906492782
C3,2025-08-04,64214.1399698526,63471.09140481026,-743.0485650423451,6563.443918090402,70034.53532290066,1625.3219010523753,18587.223488723645,16899.37114289777,13700.491141590695,1200.0,9395.990102910602,1200.0
C3,2025-08-05,61057.545923399,61057.545923399,0.0,334.50779273966816,61392.05371613867,78.76031984509402,14638.100912003776,17396.96627184667,13650.07901606486,1200.0,9491.036231458513,1690.515182367714
C3,2025-08-06,68861.54527160013,68159.8847720319,-701.6604995682213,445.9932392455563,68605.87801127745,112.59991006076784,17268.927630738945,16454.094811914983,13539.945154402398,1355.9579114022654,9265.96655046941,1454.8170081996504
C3,2025-08-07,56924.36703583212,56332.75976045859,-591.6072753735266,4134.148693265171,60466.90845372376,1180.921765034863,10447.386251329905,19024.893923570242,15619.522003715621,1200.0,10800.0,1222.197090839956
C3,2025-08-08,26814.804100273148,26814.804100273148,0.0,147.72587821845693,26962.529978491606,27.295714787154537,29681.46345666554,12775.82314116835,10024.91089234364,1200.0,9714.219758193389,1581.6480375096537
C3,2025-08-09,21730.129117050983,21730.129117050983,0.0,2723.929329255948,24454.05844630693,778.3854636236275,18760.008954428075,16655.985294017148,13801.394041878573,1200.0,10800.0,1237.152533371119
C3,2025-08-10,54107.06229306829,54739.841364793414,632.7790717251276,4087.7792153110645,58827.620580104485,941.9800447312326,4482.888257810957,17643.12918972142,14324.371923708362,1200.0,10563.945191061584,1200.0
C3,2025-08-11,51583.09558357326,60209.963901796815,8626.868318223555,589.9290461679976,60799.892947964814,230.2649757505696,10446.726682324395,18654.47355615013,14132.04508318037,1200.0,10800.0,2286.753885890256
C3,2025-08-12,60976.0458446567,61900.708701810916,924.6628571542193,1674.8905435104673,63575.599245321384,521.4221779342998,13367.018714967706,16851.345442961396,13533.031874568183,1612.8756533834346,10800.0,2416.2627017019754
C3,2025-08-13,59110.06258099048,58834.257131219834,-275.8054497706477,337.703776817422,59171.960908037254,132.56454541514142,11310.998947563545,16756.0852670053,13615.01623926989,1633.46733835575,10501.973754761118,2368.9436205957536
C3,2025-08-14,61320.69342973587,62254.916130021236,934.2227002853663,3354.966952234123,65609.88308225536,539.4019425810939,16439.425696680166,15974.659018301298,13991.52306336023,1200.0,9228.908349694038,1200.0
C3,2025-08-15,23346.453208952484,23346.453208952484,0.0,1729.012756792801,25075.465965745287,666.0009071526472,22747.02594776986,13966.750991807405,11313.068303363998,1200.0,10800.0,1200.0
C3,2025-08-16,24320.034263002635,24052.364863232233,-267.6693997704008,962.4048401791342,25014.769703411366,454.38253097476746,22155.336366306987,16112.77816056372,13028.019148826175,1200.0,10580.429352862478,1225.923512478262
C3,2025-08-17,52863.46952190581,51903.399936183385,-960.0695857224215,4365.363693109098,56268.76362929249,895.9177064051559,4850.462923737319,20312.13239620723,16476.158402158293,1200.0,10790.782345614112,1200.0
C3,2025-08-18,55911.559901598615,56367.93737039911,456.3774688004914,723.4479491454128,57091.38531954452,271.1571545735607,8057.214369916605,19579.341621155374,15632.635325685185,1200.0,10677.9596326745,1451.8126527229776
C3,2025-08-19,62333.52626615656,68988.62206175936,6655.095795602799,844.3378303996374,69832.959892159,168.6389792064943,23573.5213040772,16473.101194455197,13384.962039280324,1360.8998375029837,9382.404468068216,1405.4236840878518
C3,2025-08-20,67300.74627965769,67494.92025444144,194.17397478375727,4137.387824365543,71632.30807880698,918.2193485053414,16050.712489763446,18100.51815153238,14846.30101842029,1200.0,9286.1575396402,1200.0
C3,2025-08-21,53220.92186576459,54465.25676557611,1244.3348998115216,4417.841891152976,58883.09865672908,1325.767387424976,6651.654983460968,19157.171668638948,15514.159395984587,1200.0,10647.96591617584,1203.499617347737
C3,2025-08-22,22417.696736490147,22417.696736490147,0.0,2798.4035545752286,25216.100291065377,764.0596072334544,17041.10302695787,14690.188069287171,11811.989688852018,1200.0,10800.0,1300.235892092841
C3,2025-08-23,26743.062081972257,26743.062081972257,0.0,333.1522044574038,27076.214286429662,148.83038985760996,23525.84898079469,12389.57705572751,10125.769718022842,1200.0,9491.036231458513,1200.0
C3,2025-08-24,50347.66766668472,53289.504812571606,2941.8371458868796,4347.92264351054,57637.42745608214,1374.4969593746875,3973.2366870581723,19669.872678060226,15904.731248489898,1200.0,10782.480344911974,1230.9618008209836
C3,2025-08-25,71654.52074293197,66216.90482084108,-5437.61592209089,329.9576486349473,66546.86246947602,125.53234295631685,8806.006920804864,18373.857073059695,14711.786649769872,1200.0,10620.963202392431,1421.0035557193044
C3,2025-08-26,53713.53381730406,58749.85370398262,5036.319886678558,0.0,58749.85370398262,0.0,9056.858230589287,18229.901022306123,14644.820891419151,1380.926985974202,10218.421066207977,1555.8912631068742
C3,2025-08-27,62032.57357427119,62032.57357427119,0.0,331.3831785208438,62363.95675279204,110.69733317876862,14792.507343832782,18854.194748338243,15404.376964782201,1408.6921312977358,9390.651193401432,1408.6921312977363
C3,2025-08-28,49386.84728788606,58533.945076263306,9147.097788377241,6346.782139718576,64880.72721598188,1721.2350679665233,3415.6312016101365,20288.08918007411,16582.877897176633,1200.0,10178.85204577923,1242.552507612624
C3,2025-08-29,26047.17510668308,25590.399142246803,-456.7759644362778,15.417496103277513,25605.81663835008,8.183384343565558,19104.297810496184,14874.867166297534,11940.171340762261,1242.552507612624,10741.696961373733,1363.0759119889997
C3,2025-08-30,24412.335942839472,24412.335942839472,0.0,1385.9628568202743,25798.298799659748,445.6165123685721,22688.22885105713,15978.592311438651,13088.828853372475,1200.0,10398.877160243605,1200.665821869923
C3,2025-08-31,51018.57012496358,52745.338272327135,1726.7681473635532,3759.0836637343264,56504.421936061466,828.5053081058988,1585.0605350124802,19845.61446879654,16020.274107181122,1207.3300599276245,10594.665481219812,1261.4142802522306
C3,2025-09-01,51338.44625886076,53377.67587784502,2039.2296189842643,0.0,53377.67587784502,0.0,22130.186085910987,17569.823687623808,12351.415130298672,1270.1906809697805,10800.0,3350.461009892933
C3,2025-09-02,45520.99670245381,47344.75460674163,1823.7579042878183,202.43577306975507,47547.19037981139,54.19198554573335,14988.359252000217,15962.215265255452,13311.061693089243,1200.0,10637.191678785155,2926.38620074592
C3,2025-09-03,51952.62405907073,50912.742057613366,-1039.8820014573616,542.9523112081599,51455.69436882153,192.26840682282239,17636.118214239166,16745.374825618517,13587.952353879806,1499.7557768097895,10372.213142293062,2899.49870615836
C3,2025-09-04,50461.54159248318,48226.73315746442,-2234.808435018768,2308.9795439594327,50535.71270142385,608.1996217740368,14011.112453410855,18447.68112550506,15083.305186662295,1200.0,10800.0,2743.183733932587
C3,2025-09-05,18971.94095181048,18112.19373691,-859.7472149004792,16.653225064532013,18128.846961974534,5.062539919298377,27780.35329712228,13498.799582817292,11741.281532655144,1443.7865017294546,10800.0,1846.2349888513231
C3,2025-09-06,18310.458525520513,18310.458525520513,0.0,789.8799790616195,19100.33850458213,273.73416000132886,28216.93937687794,14045.439336626152,11505.727174169491,1241.6628040726916,10736.17862873158,1702.9890871820976
C3,2025-09-07,41608.713757607,44046.396411783404,2437.6826541764044,1417.032948119825,45463.42935990323,580.5103433370168,8363.247731674935,19432.207628681892,15581.416806796002,1702.9890871820976,10800.0,1879.2906121113551
C3,2025-09-08,37153.46117376042,39982.90895296067,2829.4477792002576,14050.813236936194,54033.72218989687,3689.881246253207,2949.982290784453,21386.899318025327,17934.749998500738,1200.0,10617.529540881513,1200.0
C3,2025-09-09,34690.32474481204,34690.32474481204,0.0,16891.623630821097,51581.94837563313,4144.884633919738,1561.0535096210376,21261.962014869987,17222.18923204469,1200.0,10800.0,1200.0
C3,2025-09-10,41123.81498564428,41686.715644965305,562.9006593210173,17834.466931029,59521.1825759943,4543.259043187228,3589.837314457194,20285.225288416445,16431.032483617317,1199.9999999999998,10500.320235579407,1200.0
C3,2025-09-11,37480.28706972821,36890.7934952806,-589.4935744476064,21311.756089914066,58202.54958519467,6128.661884048075,3666.5802100570754,20094.098183677837,16276.219528779047,1200.0,10395.686589937875,1200.0
C3,2025-09-12,13385.751554402857,13385.751554402857,0.0,4967.395878725941,18353.147433128797,2133.1887191810765,18014.56175939615,16967.529504323204,13740.556255657797,1199.9999999999998,10668.375145874024,1203.491825382231
C3,2025-09-13,12366.982531184436,12366.982531184436,0.0,10578.199397057586,22945.181928242022,3692.5003787210076,21834.96850928274,16496.43504654951,13365.255030549115,1200.0,10800.0,1200.0
C3,2025-09-14,42220.05682873788,41817.94952912859,-402.1072996092852,15127.80241930279,56945.75194843138,3725.8831466961924,4934.663090397572,18901.27326389245,15310.031343752878,1200.0,10427.519666882765,1200.0
C3,2025-09-15,39729.00416820861,40026.62605861934,297.6218904107267,10265.216713303947,50291.842771923286,2768.2685512790727,4415.357622658128,20465.63881317792,16540.629197086768,1200.0,10032.998980143338,1240.5980462081625
C3,2025-09-16,43976.72511243885,43122.990038433774,-853.7350740050765,8932.864417628176,52055.854456061956,2243.797348546507,4218.868017805216,19680.65764730165,15977.870935901676,1199.9999999999998,10332.323762041093,1200.0
C3,2025-09-17,43656.392734000154,43624.4488976798,-31.94383632035494,9748.125746631516,53372.57464431132,2615.4311997304335,4775.652446203356,19039.784656423857,15422.225571703328,1200.0,10113.47900296601,1200.0
C3,2025-09-18,37148.51545510553,40165.90130380372,3017.385848698191,11863.985855806446,52029.887159610174,2801.173604442004,1593.8068825056614,20982.054188444883,16995.463892640357,1199.9999999999998,10346.365131143142,1200.0
C3,2025-09-19,13874.178472779487,13874.178472779487,0.0,5073.290608239069,18947.469081018557,1795.1956645948592,14135.664377433784,16945.164354237506,13725.58312693238,1200.0,10800.0,1200.0
C3,2025-09-20,14308.609408089022,14308.609408089022,0.0,9730.174160080387,24038.78356816941,3053.2419801918277,17086.651038650376,15722.315971487671,12735.07593690501,1200.0,9867.988542243476,1200.0
C3,2025-09-21,41444.75412938805,42895.235566181414,1450.4814367933675,10349.28396730936,53244.51953349078,2414.6749789624514,5952.187410883924,19914.564221051176,16107.03194168754,1200.0,10223.065300516928,1226.4056415154585
C3,2025-09-22,47578.70518623961,45675.03451091873,-1903.6706753208807,7812.772140133922,53487.806651052655,2246.5324858882877,3222.010944021254,19379.979044681284,15721.54810355575,1199.9999999999998,10200.722603732333,1200.0
C3,2025-09-23,44937.09734746748,46202.63740816918,1265.5400607016948,8630.584083417805,54833.221491586984,1828.3428089125648,6143.609027116503,19395.082670046442,15673.943361582711,1200.0,10031.797269249912,1240.08177906101
C3,2025-09-24,41232.386072423054,45126.460582472646,3894.0745100495938,8057.816698070973,53184.27728054362,2178.0453883100026,4177.299183390219,18811.771340823234,15273.608387221728,1200.0,9888.033934089271,1200.0
C3,2025-09-25,43975.17193529473,46598.812333356036,2623.640398061305,4941.614171517468,51540.4265048735,1652.1308811007136,6833.290783361144,19755.388313577518,16001.864533997792,1200.0,9840.018475874993,1200.0
C3,2025-09-26,14066.144131570289,13940.277191410461,-125.86694015982698,2300.538856286288,16240.81604769675,1159.897850486763,12072.332250319045,17053.91786209053,13813.67346829333,1200.0,10800.0,1200.0
C3,2025-09-27,15106.891581313395,16059.442163772519,952.5505824591241,6994.170064589642,23053.61222836216,2297.738001910648,15989.59131252246,15418.440697958149,12488.9369653461,1200.0,10040.182040154736,1200.0
C3,2025-09-28,43915.63709204428,47820.72475880642,3905.087666762147,6754.588847059417,54575.31360586584,1916.8785955971107,5358.769264018664,18825.754007686985,15248.860746226457,1200.0,9978.75662027465,1200.0
C3,2025-09-29,46491.022926420344,49577.848680051575,3086.8257536312326,2744.5522015192614,52322.40088157084,895.3983047051541,7765.511692771349,20178.234729734802,16344.370131085192,1200.0,9980.427413158037,1200.0
C3,2025-09-30,46217.42811307812,49381.50087859696,3164.0727655188402,5100.533196416139,54482.0340750131,1228.6684159722572,4246.774229701725,22527.40312867109,18247.196534223578,1200.0,9984.194610297209,1200.0
C3,2025-10-01,37490.87597524999,40572.918874040704,3082.0428987907135,56.17162719058092,40629.09050123129,11.75295841553286,7970.5050756385535,21218.659288022245,17099.679972394875,1200.0,10162.16506208854,1297.148945447938
C3,2025-10-02,45906.28138274626,43156.61266003999,-2749.6687227062703,2629.0781896819335,45785.69084972193,889.6912260827208,9555.118083285499,18101.42945684291,14311.62826795795,1200.0,10013.48855827344,1686.62626998662
C3,2025-10-03,12545.989877035103,12545.989877035103,0.0,1624.2648169419326,14170.254693977035,819.2076274928853,20665.16492289832,17028.754025458304,14104.4111524149,1200.0,10496.126109130955,1340.9369457714329
C3,2025-10-04,13925.115667309796,13925.115667309796,0.0,2795.7273221806063,16720.842989490404,1165.605435217676,18114.18959067228,16690.119155172044,13530.723150206397,1200.0,10800.0,1327.9073518636062
C3,2025-10-05,44821.725125875026,44203.08707926289,-618.6380466121303,2768.7442543468715,46971.83133360976,888.9302998641768,8763.00523433229,18306.4134153891,14885.114120451179,1200.0,9865.98568108175,1264.663736323595
C3,2025-10-06,39639.40308425123,45977.703046220144,6338.299961968912,2068.3762902498693,48046.07933647001,730.4165377115701,7199.77080653476,19064.42235152751,15496.61969659476,1200.0,10281.110799513935,1204.1775231486265
C3,2025-10-07,40740.00407871657,45091.43471512873,4351.430636412159,624.0565390752747,45715.491254204004,210.70120921388465,6855.994139274879,19005.246668854892,15072.86015063269,1204.1775231486265,10105.731731955952,1561.2771355261516
C3,2025-10-08,37048.913347160844,40088.004866720956,3039.0915195601106,5686.50999842229,45774.51486514325,1439.3841088656698,2870.3871192853308,19091.90963215865,15789.596224022043,1200.0,9643.73310909936,1200.0
C3,2025-10-09,43126.04002334144,41513.870346149415,-1612.1696771920208,13726.924086396642,55240.79443254606,3053.679846085123,5866.496424859147,19023.94797541333,15409.3978600848,1200.0,9984.13849590161,1200.0
C3,2025-10-10,13522.853679257416,14280.625970965515,757.7722917080996,3644.3477004011015,17924.973671366617,1483.250544600335,22791.338094548188,16320.137041648024,13219.311003734902,1200.0,9917.080909704458,1200.0
C3,2025-10-11,12975.391020123656,12975.391020123656,0.0,5599.00675871594,18574.397778839597,1558.8878500723295,16876.88840369364,18013.21162969017,14590.701420049038,1200.0,9865.44383093252,1200.0
C3,2025-10-12,39491.70624395159,40708.11969664191,1216.4134526903247,14990.965813100389,55699.085509742305,3655.7358808501704,7035.737236772025,19127.899422901057,15493.598532549857,1200.0,9813.82124193071,1200.0
C3,2025-10-13,44229.65969444561,45859.638930128196,1629.9792356825856,5968.970115919379,51828.609046047575,1560.4239785030063,7346.354803600728,18509.084061222686,14830.268926330264,1200.0,9682.5158316276,1380.0990702890126
C3,2025-10-14,45257.443778101326,48240.846383875316,2983.402605773991,4456.189260138319,52697.03564401364,1209.2156153547066,8203.322486831757,19126.727451408122,15654.738398900688,1200.0,9636.221860487884,1200.0
C3,2025-10-15,46046.886273708355,48493.322283668815,2446.4360099604596,5572.338460412061,54065.66074408087,1434.0151773616567,8711.138054503797,21367.858860496126,17307.96567700186,1200.0,9830.390948414635,1200.0
C3,2025-10-16,42981.182137367425,48364.68358228062,5383.5014449131895,8842.68615886848,57207.369741149094,2291.1154386860826,7603.14471513715,20410.200783233035,16532.26263441876,1200.0,9589.02965365761,1200.0
C3,2025-10-17,12844.878396847365,15268.668756014067,2423.790359166702,703.9322509732687,15972.601006987335,332.8497588149572,15347.703500214648,16961.079384384637,13738.474301351554,1200.0,10077.63970011618,1200.0
C3,2025-10-18,13883.48195177874,14327.588270755863,444.10631897712324,4218.603741020383,18546.192011776246,1657.3594385350273,16402.972130083894,17664.201377443987,14308.003115729634,1200.0,10101.98233603839,1200.0
C3,2025-10-19,42869.067386434755,46569.24589618515,3700.1785097503953,7854.296432516078,54423.54232870123,2097.0763889598115,3005.463642136317,21389.238613880592,17325.28327724328,1200.0,10251.37606530741,1200.0
C3,2025-10-20,49335.6932879387,49335.6932879387,0.0,4860.323491857737,54196.016779796446,1101.3754514918323,8813.71604482324,18838.61838640107,15259.280892984869,1200.0,9992.36205058807,1200.0
C3,2025-10-21,50389.15213437647,52529.89352583468,2140.741391458213,2448.0270395307984,54977.92056536548,638.1300995681603,7647.471937960667,18865.234943364874,15193.04226768413,1200.0,9745.665456016945,1297.5533738237984
C3,2025-10-22,44894.84468618794,53828.776555851415,8933.93186966347,4606.78041618373,58435.55697203514,1190.5678449424997,7729.412940731575,18131.13664101078,14774.01871566015,1200.0,9401.98349661785,1200.0
C3,2025-10-23,53270.5767190131,51436.68735779535,-1833.8893612177453,8344.409042284537,59781.09640007989,2263.6519989655562,8325.427716935827,19091.140773777006,15463.824026759374,1200.0,9591.261716700985,1200.0
C3,2025-10-24,14250.671271243273,15193.027383280054,942.3561120367808,3088.661655719229,18281.689038999284,986.5043574163576,14512.778836454208,15505.36550893219,12559.346062235076,1200.0,9895.461296993892,1200.0
C3,2025-10-25,14160.842248194193,14160.842248194193,0.0,6037.177899099156,20198.020147293348,1753.8703376918518,13682.705243367349,16415.331051819907,13296.418151974125,1200.0,9801.003135344969,1200.0
C3,2025-10-26,48657.36552733729,51212.56367006654,2555.198142729252,8715.185284502262,59927.74895456881,2063.490233669338,7734.266378338037,18771.19972942819,15204.671780836836,1200.0,9436.145316708036,1200.0
C3,2025-10-27,45233.40959474118,50558.832044303526,5325.422449562347,1403.8394987461297,51962.671543049655,433.68821419684605,8326.89459816383,19448.439998477195,15752.407242973377,1200.0,9664.76607589521,1200.921284214609
C3,2025-10-28,44260.40162098701,53101.08496375716,8840.683342770148,3244.5450298530814,56345.629993610244,777.4606558470346,7563.616239447642,19731.30040120748,15983.18248077121,1200.0,9963.840045141878,1200.0
C3,2025-10-29,54106.51925938553,57971.204036597155,3864.6847772116203,2690.3582254231246,60661.56226202028,735.5304971114945,10849.1770366315,18399.848013500017,14903.876890935016,1200.0,9667.355839160004,1200.0
C3,2025-10-30,45382.981700401906,49583.72570331528,4200.744002913375,6612.517389180705,56196.243092495984,1738.145856760943,5105.182265676941,19954.95446751128,16162.687762825335,1200.0,9602.479660592136,1200.9170620653358
C3,2025-10-31,16263.730305107543,17082.80336511758,819.0730600100351,1136.8091917308034,18219.612556848384,445.3198217221574,11289.836783829787,15975.292813177843,12940.812534532857,1200.0,10108.820070424988,1200.0
C3,2025-11-01,14265.574584534435,16830.880109610134,2565.305525075699,4433.228420411035,21264.108530021167,1660.1161667538927,13941.558965670112,17391.83988318276,14087.39030537804,1200.0,10086.969100167342,1200.0
C3,2025-11-02,50462.55930839538,57970.672889727255,7508.113581331876,5180.005841943674,63150.67873167093,1237.1051345268127,10654.149296564608,17499.293701766663,14161.641839697128,1200.0,9446.83721864919,1214.2067319265211
C3,2025-11-03,56041.2742494074,56139.8484846776,98.57423527019942,2798.829636649065,58938.678121326666,689.021197654846,9151.305395055748,17661.474671157677,14318.580542371588,1200.0,9870.92532218258,1200.0
C3,2025-11-04,50099.32492634471,54083.32082964601,3983.9959033012983,1207.6238786201986,55290.94470826621,324.4394601381437,7536.80212167304,17756.04823221869,14378.743671668843,1200.0,9731.772889289068,1204.0615515869956
C3,2025-11-05,56207.17841728098,57984.20560466846,1777.027187387481,3563.255551868232,61547.461156536694,742.5330869417836,9313.293500356946,18879.963236298467,14779.190620741061,1200.0,9761.147666468354,1774.7055523211056
C3,2025-11-06,54993.97476344183,60572.85350101949,5578.878737577661,4392.532588666861,64965.38608968635,956.3579849627899,11278.275732044054,16351.132449219665,13745.976650899409,1200.0,9431.700731870324,1217.4173667305693
C3,2025-11-07,15025.287151683728,16627.54835764308,1602.2612059593557,2235.987244663022,18863.535602306103,813.8863692853731,11865.43797959726,17630.72000701616,14296.558835740603,1200.0,9936.650046616538,1200.0
C3,2025-11-08,15778.486386847446,17883.841078811496,2105.3546919640494,760.2542851178745,18644.09536392937,268.28369880265507,13619.43691669916,17035.266233650073,13798.565649256561,1200.0,9591.52383010505,1200.0
C3,2025-11-09,53486.813797699724,59381.76976020885,5894.955962509127,3430.513173434131,62812.282933642986,903.0069738556639,8601.695067340524,18628.896547797092,15089.406203715645,1200.0,9416.536564503149,1200.0
C3,2025-11-10,56513.98122628541,63124.50924170051,6610.5280154151005,708.1578245463232,63832.66706624683,231.8389988112836,9100.70330326426,19779.750462383854,16007.21712535823,1200.0,9571.418937772298,1215.9786101918814
C3,2025-11-11,57084.46705098822,58396.67114865806,1312.2040976698454,2313.731801285553,60710.402949943615,533.8054650447887,9590.83584233003,18727.305947179302,15183.498566387927,1200.0,9797.616545375924,1200.0
C3,2025-11-12,57805.70754314272,59641.32737032734,1835.6198271846174,1959.6063071030733,61600.93367743041,470.5802962014368,10496.429765570307,18746.86381378413,15184.959689165149,1200.0,9738.947467489392,1200.0
C3,2025-11-13,52096.55501658633,58645.10759232898,6548.552575742658,4168.469884700654,62813.57747702964,954.3578397713372,6219.0018351068875,18308.56820360207,14713.320621113306,1200.0,9455.362058253288,1329.5773597826349
C3,2025-11-14,15910.335277054119,19159.343758713778,3249.0084816596604,673.4124690075198,19832.7562277213,232.0026485720111,10598.689040852523,16966.956891374306,13859.85470581756,1200.0,9995.002917813415,1200.0
C3,2025-11-15,16462.42466329429,16462.42466329429,0.0,4115.116621892623,20577.54128518691,1376.4856651974676,8498.141669013166,18431.61494302032,14921.62093749,1200.0,9587.887549997638,1208.8746292849517
C3,2025-11-16,57501.27983899495,63321.438363853136,5820.158524858185,2269.601165220426,65591.03952907356,733.0399146583783,9772.032691004355,18574.31125046235,15053.179279230959,1200.0,9599.331040359388,1200.0
C3,2025-11-17,50419.035662444854,59413.56348672333,8994.527824278479,1031.2438700824925,60444.807356805824,365.4306514531365,5952.988339784882,20939.77311954798,16957.456456000098,1200.0,10775.36296584012,1204.177523148626
C3,2025-11-18,55360.3085870484,62308.2037322952,6947.895145246804,4152.811132070918,66461.01486436612,855.388745627731,7169.224081591412,19434.02979976713,15432.707721324216,1200.0,9246.405005874736,1547.3513192454775
C3,2025-11-19,56616.96775461325,67223.95103206381,10606.983277450561,2072.7157717519444,69296.66680381575,572.3272369131105,10801.105052017914,17053.031701307696,14125.571865380167,1200.0,9715.238585954505,1200.0
C3,2025-11-20,55230.14268651889,60927.46378643823,5697.321099919339,4331.448471047815,65258.912257486045,939.8151548658025,7094.059089638617,19023.833021358314,15265.559620117327,1200.0,9966.55952529429,1359.7168079810083
C3,2025-11-21,15837.07178012471,17770.211429510688,1933.1396493859781,1469.8256269052963,19240.037056415986,704.0831822385414,8121.92004808323,16983.532586599977,13885.670020611768,1200.0,10245.940684852329,1216.3738907968018
C3,2025-11-22,18509.162474736728,20669.411759703176,2160.2492849664477,2240.1395542938417,22909.551313997017,792.6391630506544,14158.193219628498,18018.491866635824,14609.714913692136,1200.0,9858.259597339062,1200.0
C3,2025-11-23,57138.25930603009,64244.11037300085,7105.851066970754,1328.8449292355583,65572.9553022364,432.55561045585154,9037.58649795127,19613.582363661102,15887.001714565495,1200.0,9819.916854598823,1200.0
C3,2025-11-24,54053.396398213816,57853.264129800875,3799.867731587058,3968.4148310899263,61821.6789608908,1033.9206161138359,4122.850485605981,21362.2497712741,17303.42231473202,1200.0,9825.233656685445,1200.0
C3,2025-11-25,63180.98482539903,63898.81943545071,717.8346100516796,1888.4511016668282,65787.27053711754,593.2589021823992,11012.280515810442,19205.886435118067,15556.768012445636,1200.0,9617.563437291408,1200.0
C3,2025-11-26,60953.25221812031,66384.85864594659,5431.6064278262875,1949.8892161451315,68334.74786209172,453.8877197772052,10812.833616610338,21474.2651666281,17394.154784968763,1200.0,10149.512284638988,1200.0
C3,2025-11-27,58207.247615499036,63911.62506145276,5704.377445953726,2191.44303692794,66103.0680983807,516.110769784367,8408.251445191665,20144.65579129538,16317.171190949257,1200.0,10061.145774939028,1200.0
C3,2025-11-28,15374.38314957436,16380.324461420461,1005.9413118461015,3286.272068313949,19666.596529734412,830.2926625012457,4769.998256572165,18589.789184684083,15057.729239594108,1200.0,10146.70959819958,1200.0
C3,2025-11-29,20448.298093642323,19696.790438388027,-751.5076552542945,1116.8651945117806,20813.65563289981,470.442400633513,7305.120650380738,19767.94480338199,16012.035290739414,1200.0,10156.04249454793,1200.0
C3,2025-11-30,59784.531261759694,65054.26633467716,5269.735072917464,3681.8500565716554,68736.11639124881,926.3854429677532,5581.7670183311875,22011.24473688068,17829.108236873348,1200.0,10099.583901812231,1200.0
C3,2025-12-01,66889.97307945156,67745.85024936125,855.8771699096869,24883.099837756326,92628.95008711757,5478.493543084842,4837.886987750303,22743.544846196008,18422.271325418766,1200.0,9903.038963632263,1200.0
C3,2025-12-02,69841.46023548608,71064.94266608577,1223.4824305996958,26898.952619845408,97963.89528593118,5759.31634160903,5821.110430520204,23411.169417104076,18963.047227854302,1200.0,10124.170501993412,1200.0
C3,2025-12-03,61457.49620223369,74360.56862649113,12903.072424257442,15638.466826166614,89999.03545265774,3801.4997471484417,4423.816009424024,21462.97467862494,17385.009489686203,1200.0,9855.18558635097,1200.0
C3,2025-12-04,68234.46899834745,70927.28334448427,2692.8143461368154,26234.416658283324,97161.7000027676,5808.243192517465,5889.00416229351,20520.240781488825,16621.395033005945,1200.0,9650.13965020824,1200.0
C3,2025-12-05,19658.107592960063,22373.669779099982,2715.56218613992,11046.153959987425,33419.823739087406,3828.78534501216,4923.4541554253765,19115.297830843712,15483.391242983413,1200.0,10013.49318833176,1200.0
C3,2025-12-06,20770.366593421415,23130.780519556047,2360.4139261346318,12213.684041493227,35344.46456104927,4218.668235661417,4270.220075734043,20819.210719632883,16863.560682902636,1200.0,10088.57340412333,1200.0
C3,2025-12-07,70568.92629508731,74193.22339777213,3624.2971026848295,18743.892079265173,92937.11547703731,4299.326910392954,6972.1651089892375,21027.71078868387,17032.445738833936,1200.0,9897.856519160998,1200.0
C3,2025-12-08,78518.80041035592,79305.90650012494,787.1060897690177,708.309537279526,80014.21603740448,188.46269021924712,10649.939325185309,20693.552549597174,16703.904027686796,1200.0,10143.405295024431,1264.303930541017
C3,2025-12-09,76586.40291488473,77966.41215868073,1380.0092437959877,763.0014964274463,78729.41365510818,183.58042992403776,9928.23677504562,22100.32316765152,17916.737486009522,1247.1086858612464,10110.929528302991,1247.1086858612464
C3,2025-12-10,72392.66030499978,79652.74831199527,7260.08800699549,1026.554204954065,80679.30251694933,226.120869597636,8117.258151568633,21305.882474822978,17300.16262188174,1200.0,10445.773915271526,1200.0
C3,2025-12-11,75890.18900680137,75279.81555914364,-610.3734476577275,1681.58207008279,76961.39762922644,372.9527989894428,8824.383181664542,21259.029127027774,17207.761243583227,1200.0,10146.4470026489,1213.3914992325258
C3,2025-12-12,24936.26407500634,30760.558117929762,5824.294042923423,394.12646310881195,31154.684581038575,189.3622492283331,12264.901757635735,14992.980464048474,12114.061139650948,1200.0,10107.529886181752,1247.0059839306582
C3,2025-12-13,25401.065746668064,27807.802102931597,2406.736356263531,160.95549877663007,27968.757601708225,56.0498018837076,8946.495744014377,18017.47270374537,14636.458275571345,1200.0,10146.795715444305,1200.0
C3,2025-12-14,71685.80838301343,78244.8710261389,6559.06264312549,1825.1692571513072,80070.04028329022,316.52634845399535,6224.360724972987,24056.79573685799,19486.004546854972,1200.0,10281.754429775212,1200.0
C3,2025-12-15,71009.58646693155,81499.51198878877,10489.925521857213,574.2216821823033,82073.73367097107,178.89745572462138,7912.689333305993,22645.47184250065,18342.832192425532,1200.0,10143.16161853906,1200.0
C3,2025-12-16,79396.70583695648,82198.08782985473,2801.381992898257,570.5872370228516,82768.67506687758,136.49057857618297,9495.1805606395,20365.299881753115,16472.158317664765,1200.0,10114.715409585577,1226.3717628391746
C3,2025-12-17,77925.12315299804,79898.26809398054,1973.1449409825018,2786.1376961124674,82684.405790093,602.5786373742452,11716.800195826409,20895.050866215464,16948.725788189782,1200.0,10072.69821761455,1200.0
C3,2025-12-18,72262.99809057436,78051.60044261151,5788.602352037154,2365.0474732794232,80416.64791589094,661.6192588589956,9372.253447588755,21596.22407914458,17486.224573912084,1200.0,10350.576314572678,1207.4632557722564
C3,2025-12-19,25545.494664779555,30126.036397190674,4580.5417324111195,1184.4161960885253,31310.4525932792,415.7764441395304,13650.133410171959,17871.037510075017,14482.257313355796,1200.0,10404.119876444516,1200.0
C3,2025-12-20,23877.366084865826,23877.366084865826,0.0,1028.149581702703,24905.515666568528,384.5682470701673,4800.253646831765,19981.09418786402,16155.476016213426,1200.0,10343.40820927873,1232.4558621738092
C3,2025-12-21,73738.06426214636,78054.07229873935,4316.008036592985,2072.491484377854,80126.5637831172,510.6242644509575,6496.08988195028,20013.101297808484,16239.822327181299,1200.0,10164.621025248827,1200.0
C3,2025-12-22,75828.51527475397,84648.90910296356,8820.393828209599,1721.6323559675488,86370.54145893111,400.950485498028,12178.76564594611,19578.37200814305,15850.832693256198,1200.0,10389.5063104437,1208.4984814885238
C3,2025-12-23,74063.855978689,75739.888663903,1676.032685213993,1797.39822175176,77537.28688565474,368.6706544312513,7268.3242159045485,22467.754994443327,18190.81752434902,1202.3920876698398,10485.22586012448,1217.4585049886098
C3,2025-12-24,72125.35001824246,72758.93816562073,633.5881473782632,2221.801715865057,74980.73988148577,468.9969651952195,4419.686460288576,22583.314780451317,18308.19762665532,1200.0,10479.794012126124,1200.0
C3,2025-12-25,70017.2226323966,75998.31416417815,5981.091531781553,3703.377645331152,79701.69180950931,837.4116708474089,6201.335095257194,21940.674856848636,17771.946634047395,1200.0,10062.297876756027,1200.0
C3,2025-12-26,22457.540175176524,24311.409581968157,1853.8694067916333,1007.1524546547593,25318.562036622916,397.1283571234289,4143.281977510811,20026.542807151214,15956.684273884355,1200.0,10343.40820927873,1494.2393332312529
C3,2025-12-27,23859.63366176053,25946.910140994118,2087.2764792335897,1017.8302881270832,26964.7404291212,340.2459474792231,8369.346151472864,18476.07868271108,15230.439132904103,1200.0,10107.529886181754,1200.0
C3,2025-12-28,73896.05288684978,77177.40494199828,3281.352055148506,2220.774028826437,79398.17897082472,560.860785238452,9282.812803313345,20034.28518194895,16209.254286293035,1200.0,10161.843793805314,1220.574123428467
C3,2025-12-29,72193.85614726592,80138.55453832561,7944.698391059693,634.2382029244263,80772.79274125003,222.32880445445335,10607.28344502593,22221.32738383997,18017.791891996,1200.0,10380.345307652768,1200.0
C3,2025-12-30,74367.00370162989,76981.65996798649,2614.656266356601,1932.9447285017377,78914.60469648823,346.58693426521694,10710.568642177503,20911.07282277995,16779.814706833276,1200.0,10363.59656929955,1375.7269773538617
C3,2025-12-31,76117.66799370553,77981.29551002795,1863.6275163224102,1318.3979709410646,79299.69348096901,345.6719563209772,9041.353215399722,22192.739057194718,18134.272915946196,1200.0,10439.996709156065,1200.0
