date,slot,policy,price_yuan_per_kwh,load_actual_kwh,pv_actual_kwh,load_forecast_kwh,pv_forecast_kwh,grid_purchase_kwh,emergency_purchase_kwh,charge_kwh,discharge_kwh,remaining_energy_kwh,soc_start_kwh,soc_end_kwh,plan_cost_yuan,emergency_cost_yuan,balance_error_kwh
2025-01-01,1,q4_warmup,0.4527,588.2882666666667,0.0,588.2882666666667,0.0,588.2882666666667,0.0,-0.0,0.0,0.0,6000.0,6000.0,266.31809832,0.0,0.0
2025-01-01,2,q4_warmup,0.4733,601.5881166666667,0.0,601.5881166666667,0.0,601.5881166666667,0.0,-0.0,0.0,0.0,6000.0,6000.0,284.7316556183333,0.0,0.0
2025-01-01,3,q4_warmup,0.4843,621.0933333333334,0.0,621.0933333333334,0.0,621.0933333333334,0.0,0.0,-0.0,0.0,6000.0,6000.0,300.79550133333333,0.0,0.0
2025-01-01,4,q4_warmup,0.4541,585.1051833333333,0.0,585.1051833333333,0.0,585.1051833333333,0.0,0.0,-0.0,0.0,6000.0,6000.0,265.69626375166666,0.0,0.0
2025-01-01,5,q4_warmup,0.4266,583.7604166666666,0.0,583.7604166666666,0.0,1417.09375,0.0,833.3333333333333,0.0,1.1368683772161605e-13,6000.0,6750.0,604.5321937499999,0.0,0.0
2025-01-01,6,q4_warmup,0.4311,631.1683333333334,0.0,631.1683333333334,0.0,1464.5016666666668,0.0,833.3333333333333,0.0,1.1368683772161605e-13,6750.0,7500.0,631.3466685000001,0.0,0.0
2025-01-01,7,q4_warmup,0.4544,650.0534166666666,0.0,650.0534166666666,0.0,650.0534166666666,0.0,-0.0,0.0,0.0,7500.0,7500.0,295.38427253333333,0.0,0.0
2025-01-01,8,q4_warmup,0.4483,652.8062666666666,0.0,652.8062666666666,0.0,1486.1396,0.0,833.3333333333333,0.0,1.1368683772161605e-13,7500.0,8250.0,666.2363826799999,0.0,0.0
2025-01-01,9,q4_warmup,0.4251,636.2133333333334,0.0,636.2133333333334,0.0,1469.5466666666666,0.0,833.3333333333333,0.0,-0.0,8250.0,9000.0,624.7042879999999,0.0,0.0
2025-01-01,10,q4_warmup,0.444,588.8356,0.0,588.8356,0.0,1422.1689333333334,0.0,833.3333333333333,0.0,1.1368683772161605e-13,9000.0,9750.0,631.4430064000001,0.0,0.0
2025-01-01,11,q4_warmup,0.478,615.7768833333333,0.0,615.7768833333333,0.0,615.7768833333333,0.0,0.0,0.0,-0.0,9750.0,9750.0,294.34135023333334,0.0,0.0
2025-01-01,12,q4_warmup,0.4941,677.455,0.0,677.455,0.0,677.455,0.0,0.0,0.0,-0.0,9750.0,9750.0,334.7305155,0.0,0.0
2025-01-01,13,q4_warmup,0.484,635.1118333333333,0.0,635.1118333333333,0.0,635.1118333333333,0.0,0.0,0.0,-0.0,9750.0,9750.0,307.3941273333333,0.0,0.0
2025-01-01,14,q4_warmup,0.4751,640.8249166666667,0.0,640.8249166666667,0.0,640.8249166666667,0.0,0.0,0.0,-0.0,9750.0,9750.0,304.45591790833333,0.0,0.0
2025-01-01,15,q4_warmup,0.488,705.77,0.0,705.77,0.0,705.77,0.0,0.0,0.0,-0.0,9750.0,9750.0,344.41576,0.0,0.0
2025-01-01,16,q4_warmup,0.5215,684.9959166666666,0.0,684.9959166666666,0.0,684.9959166666666,0.0,0.0,0.0,-0.0,9750.0,9750.0,357.2253705416666,0.0,0.0
2025-01-01,17,q4_warmup,0.5498,666.1490833333334,0.0,666.1490833333334,0.0,666.1490833333334,0.0,0.0,0.0,-0.0,9750.0,9750.0,366.24876601666665,0.0,0.0
2025-01-01,18,q4_warmup,0.5471,683.6983333333333,0.0,683.6983333333333,0.0,683.6983333333333,0.0,0.0,0.0,-0.0,9750.0,9750.0,374.05135816666666,0.0,0.0
2025-01-01,19,q4_warmup,0.5067,681.0096166666666,0.0,681.0096166666666,0.0,681.0096166666666,0.0,0.0,0.0,-0.0,9750.0,9750.0,345.067572765,0.0,0.0
2025-01-01,20,q4_warmup,0.4769,688.9604333333333,0.0,688.9604333333333,0.0,688.9604333333333,0.0,0.0,0.0,-0.0,9750.0,9750.0,328.56523065666664,0.0,0.0
2025-01-01,21,q4_warmup,0.4669,696.5300000000001,0.0,696.5300000000001,0.0,696.5300000000001,0.0,-0.0,0.0,0.0,9750.0,9750.0,325.209857,0.0,0.0
2025-01-01,22,q4_warmup,0.4501,658.8951833333333,0.0,658.8951833333333,0.0,992.2285166666668,0.0,333.3333333333333,0.0,5.684341886080803e-14,9750.0,10050.0,446.60205535166665,0.0,0.0
2025-01-01,23,q4_warmup,0.4608,651.7916,0.0,651.7916,0.0,651.7916,0.0,0.0,0.0,-0.0,10050.0,10050.0,300.34556928,0.0,0.0
2025-01-01,24,q4_warmup,0.4927,683.2183333333334,0.0,683.2183333333334,0.0,683.2183333333334,0.0,0.0,0.0,-0.0,10050.0,10050.0,336.6216728333334,0.0,0.0
2025-01-01,25,q4_warmup,0.4976,687.3103833333333,0.0,687.3103833333333,0.0,687.3103833333333,0.0,0.0,0.0,-0.0,10050.0,10050.0,342.0056467466667,0.0,0.0
2025-01-01,26,q4_warmup,0.4889,694.8344666666667,0.0,694.8344666666667,0.0,694.8344666666667,0.0,0.0,0.0,-0.0,10050.0,10050.0,339.70457075333337,0.0,0.0
2025-01-01,27,q4_warmup,0.4885,710.04,0.0,710.04,0.0,710.04,0.0,0.0,0.0,-0.0,10050.0,10050.0,346.85454,0.0,0.0
2025-01-01,28,q4_warmup,0.5042,702.8703666666667,0.0,702.8703666666667,0.0,702.8703666666667,0.0,0.0,0.0,-0.0,10050.0,10050.0,354.38723887333333,0.0,0.0
2025-01-01,29,q4_warmup,0.5178,710.3095,0.0,710.3095,0.0,710.3095,0.0,0.0,0.0,-0.0,10050.0,10050.0,367.7982591,0.0,0.0
2025-01-01,30,q4_warmup,0.5042,723.65,0.0,723.65,0.0,723.65,0.0,0.0,0.0,-0.0,10050.0,10050.0,364.86433,0.0,0.0
2025-01-01,31,q4_warmup,0.4639,701.3701333333333,0.00035,701.3701333333333,0.00035,701.3697833333333,0.0,0.0,0.0,-2.5829653086534288e-14,10050.0,10050.0,325.3654424883333,0.0,2.5829653086534288e-14
2025-01-01,32,q4_warmup,0.4899,717.0205500000001,0.0,717.0205500000001,0.0,717.0205500000001,0.0,-0.0,0.0,0.0,10050.0,10050.0,351.268367445,0.0,0.0
2025-01-01,33,q4_warmup,0.5194,742.765,0.0,742.765,0.0,742.765,0.0,-0.0,0.0,0.0,10050.0,10050.0,385.792141,0.0,0.0
2025-01-01,34,q4_warmup,0.4459,691.4395,0.0049833333333333,691.4395,0.0049833333333333,1524.76785,0.0,833.3333333333333,0.0,1.1368683772161605e-13,10050.0,10800.0,679.893984315,0.0,-1.1368683772161605e-13
2025-01-01,35,q4_warmup,0.6726,749.6888833333334,0.0,749.6888833333334,0.0,749.6888833333334,0.0,0.0,-0.0,-0.0,10800.0,10800.0,504.24074293,0.0,0.0
2025-01-01,36,q4_warmup,1.0693,894.8966666666666,0.0,894.8966666666666,0.0,894.8966666666666,0.0,0.0,-0.0,-0.0,10800.0,10800.0,956.9130056666664,0.0,0.0
2025-01-01,37,q4_warmup,1.0696,906.8165166666666,0.0694833333333333,906.8165166666666,0.0694833333333333,906.7470333333332,0.0,0.0,-0.0,-0.0,10800.0,10800.0,969.8566268533334,0.0,0.0
2025-01-01,38,q4_warmup,0.9974,886.1488333333333,0.0,886.1488333333333,0.0,886.1488333333333,0.0,0.0,-0.0,-0.0,10800.0,10800.0,883.8448463666666,0.0,0.0
2025-01-01,39,q4_warmup,1.0451,899.9699999999999,0.0,899.9699999999999,0.0,899.9699999999999,0.0,0.0,-0.0,-0.0,10800.0,10800.0,940.5586469999998,0.0,0.0
2025-01-01,40,q4_warmup,1.0684,907.9001166666668,0.9677,907.9001166666668,0.9677,906.9324166666668,0.0,0.0,-0.0,-3.61932706027801e-14,10800.0,10800.0,968.9665939666668,0.0,3.61932706027801e-14
2025-01-01,41,q4_warmup,1.0267,907.4001666666668,0.0,907.4001666666668,0.0,907.4001666666668,0.0,0.0,-0.0,-0.0,10800.0,10800.0,931.6277511166668,0.0,0.0
2025-01-01,42,q4_warmup,0.9814,905.605,0.5125000000000001,905.605,0.5125000000000001,905.0925,0.0,0.0,-0.0,-4.54081217071689e-14,10800.0,10800.0,888.2577795,0.0,4.54081217071689e-14
2025-01-01,43,q4_warmup,1.0187,908.2136333333332,29.299216666666663,908.2136333333332,29.299216666666663,878.9144166666665,0.0,0.0,-0.0,-0.0,10800.0,10800.0,895.3501162583332,0.0,0.0
2025-01-01,44,q4_warmup,1.0362,918.3340333333334,70.24933333333333,918.3340333333334,70.24933333333333,848.0847000000001,0.0,0.0,-0.0,1.4210854715202004e-14,10800.0,10800.0,878.7853661400002,0.0,-1.4210854715202004e-14
2025-01-01,45,q4_warmup,0.967,912.6666666666666,112.85,912.6666666666666,112.85,799.8166666666666,0.0,0.0,-0.0,-2.8421709430404014e-14,10800.0,10800.0,773.4227166666666,0.0,2.8421709430404014e-14
2025-01-01,46,q4_warmup,0.893,888.2369166666667,158.46853333333334,888.2369166666667,158.46853333333334,729.7683833333334,0.0,0.0,-0.0,2.8421709430404014e-14,10800.0,10800.0,651.6831663166668,0.0,-2.8421709430404014e-14
2025-01-01,47,q4_warmup,1.136,1014.0193833333332,209.26175,1014.0193833333332,209.26175,804.7576333333332,0.0,0.0,-0.0,-0.0,10800.0,10800.0,914.2046714666664,0.0,0.0
2025-01-01,48,q4_warmup,1.5209,1219.3333333333333,265.38125,1219.3333333333333,265.38125,120.61874999999986,-0.0,0.0,833.3333333333334,0.0,10800.0,9874.074074074077,183.44905687499977,-0.0,0.0
2025-01-01,49,q4_warmup,1.5206,1244.9157833333334,322.9202,1244.9157833333334,322.9202,88.66224999999997,1.1368683772161605e-13,0.0,833.3333333333334,0.0,9874.074074074077,8948.14814814815,134.81981734999997,8.643610271974466e-13,0.0
2025-01-01,50,q4_warmup,1.4132,1204.2818333333332,370.85435,1204.2818333333332,370.85435,0.0941499999997859,1.1368683772161605e-13,0.0,833.3333333333334,0.0,8948.14814814815,8022.222222222223,0.1330527799996974,8.033111953409388e-13,0.0
2025-01-01,51,q4_warmup,1.3895,1202.6883333333333,415.01875,1202.6883333333333,415.01875,0.0,0.0,0.0,787.6695833333333,0.0,8022.222222222223,7147.033796296298,0.0,0.0,0.0
2025-01-01,52,q4_warmup,1.361,1226.9500666666663,471.0524333333333,1226.9500666666663,471.0524333333333,0.0,0.0,0.0,755.897633333333,0.0,7147.033796296298,6307.147537037039,0.0,0.0,0.0
2025-01-01,53,q4_warmup,1.3028,1212.5855,520.35525,1212.5855,520.35525,0.0,0.0,0.0,692.23025,0.0,6307.147537037039,5538.002814814817,0.0,0.0,0.0
2025-01-01,54,q4_warmup,1.2562,1179.5483333333334,558.49375,1179.5483333333334,558.49375,0.0,0.0,0.0,621.0545833333334,0.0,5538.002814814817,4847.9421666666685,0.0,0.0,0.0
2025-01-01,55,q4_warmup,1.2749,1203.6460333333332,600.2996166666667,1203.6460333333332,600.2996166666667,0.0,0.0,0.0,603.3464166666665,0.0,4847.9421666666685,4177.557259259262,0.0,0.0,0.0
2025-01-01,56,q4_warmup,1.2735,1204.9252166666668,645.9392,1204.9252166666668,645.9392,0.0,0.0,0.0,558.9860166666667,0.0,4177.557259259262,3556.4616851851874,0.0,0.0,0.0
2025-01-01,57,q4_warmup,1.2135,1183.2216666666666,691.6374999999999,1183.2216666666666,691.6374999999999,355.11234065318376,0.0,0.0,136.47182601348288,0.0,3556.4616851851874,3404.8263229479844,430.9288253826385,0.0,-2.273736754432321e-13
2025-01-01,58,q4_warmup,1.1586,1216.1920166666666,733.9133666666667,1216.1920166666666,733.9133666666667,482.27865,0.0,0.0,-0.0,0.0,3404.8263229479844,3404.8263229479844,558.7680438900001,0.0,0.0
2025-01-01,59,q4_warmup,1.2464,1218.8626,770.79175,1218.8626,770.79175,0.0,0.0,0.0,448.07085,0.0,3404.8263229479844,2906.9698229479845,0.0,0.0,0.0
2025-01-01,60,q4_warmup,1.3947,1183.243333333333,806.1062499999999,1183.243333333333,806.1062499999999,0.0,0.0,0.0,377.1370833333332,0.0,2906.9698229479845,2487.928619244281,0.0,0.0,0.0
2025-01-01,61,q4_warmup,1.3761,1187.5869,846.7837333333333,1187.5869,846.7837333333333,0.0,0.0,0.0,340.8031666666667,0.0,2487.928619244281,2109.258434059096,0.0,0.0,0.0
2025-01-01,62,q4_warmup,1.3294,1182.7184,889.7921333333334,1182.7184,889.7921333333334,0.0,0.0,0.0,292.9262666666666,0.0,2109.258434059096,1783.784804429466,0.0,0.0,0.0
2025-01-01,63,q4_warmup,1.3646,1164.361666666667,915.7875,1164.361666666667,915.7875,0.0,0.0,0.0,248.574166666667,0.0,1783.784804429466,1507.5912859109471,0.0,0.0,2.273736754432321e-13
2025-01-01,64,q4_warmup,1.4099,1183.1617,906.3296333333332,1183.1617,906.3296333333332,0.0,0.0,0.0,276.83206666666695,0.0,1507.5912859109471,1200.0001007257615,0.0,0.0,0.0
2025-01-01,65,q4_warmup,1.1773,1198.998833333333,899.3687666666666,1198.998833333333,899.3687666666666,299.6300666666665,0.0,0.0,0.0,0.0,1200.0001007257615,1200.0001007257615,352.7544774866665,0.0,0.0
2025-01-01,66,q4_warmup,0.806,1189.1966666666667,895.35,1189.1966666666667,895.35,1127.18,0.0,833.3333333333333,0.0,1.1368683772161605e-13,1200.0001007257615,1950.0001007257613,908.50708,0.0,1.1368683772161605e-13
2025-01-01,67,q4_warmup,0.7483,1173.8245,863.8287,1173.8245,863.8287,1143.3291333333332,0.0,833.3333333333333,0.0,-0.0,1950.0001007257613,2700.000100725761,855.5531904733332,0.0,0.0
2025-01-01,68,q4_warmup,0.7981,1178.1945833333332,855.2501833333334,1178.1945833333332,855.2501833333334,1156.2777333333331,0.0,833.3333333333333,0.0,1.1368683772161605e-13,2700.000100725761,3450.000100725761,922.8252589733332,0.0,-1.1368683772161605e-13
2025-01-01,69,q4_warmup,0.7929,1188.195,882.4625,1188.195,882.4625,1139.065833333333,0.0,833.3333333333334,0.0,-0.0,3450.000100725761,4200.0001007257615,903.16529925,0.0,-1.1368683772161605e-13
2025-01-01,70,q4_warmup,0.7713,1161.839883333333,905.7907333333332,1161.839883333333,905.7907333333332,1089.3824833333333,0.0,833.3333333333333,0.0,1.1368683772161605e-13,4200.0001007257615,4950.0001007257615,840.240709395,0.0,1.1368683772161605e-13
2025-01-01,71,q4_warmup,0.726,1108.0822833333334,909.2501833333334,1108.0822833333334,909.2501833333334,1032.165433333333,0.0,833.3333333333333,0.0,1.1368683772161605e-13,4950.0001007257615,5700.0001007257615,749.3521046,0.0,-1.1368683772161605e-13
2025-01-01,72,q4_warmup,0.7133,1078.5483333333334,888.61875,1078.5483333333334,888.61875,1023.2629166666668,0.0,833.3333333333333,0.0,1.1368683772161605e-13,5700.0001007257615,6450.0001007257615,729.8934384583334,0.0,-1.1368683772161605e-13
2025-01-01,73,q4_warmup,0.8026,1113.5309166666666,854.4422166666667,1113.5309166666666,854.4422166666667,1092.4220333333333,0.0,833.3333333333333,0.0,1.1368683772161605e-13,6450.0001007257615,7200.0001007257615,876.7779239533332,0.0,1.1368683772161605e-13
2025-01-01,74,q4_warmup,0.8183,1097.5452333333333,853.0815833333332,1097.5452333333333,853.0815833333332,1077.7969833333334,0.0,833.3333333333334,0.0,-0.0,7200.0001007257615,7950.0001007257615,881.9612714616668,0.0,1.1368683772161605e-13
2025-01-01,75,q4_warmup,0.7305,1047.3283333333334,883.7624999999999,1047.3283333333334,883.7624999999999,996.8991666666668,0.0,833.3333333333333,0.0,1.1368683772161605e-13,7950.0001007257615,8700.000100725762,728.2348412500002,0.0,1.1368683772161605e-13
2025-01-01,76,q4_warmup,0.712,1091.3220333333334,899.9666000000001,1091.3220333333334,899.9666000000001,1024.6887666666669,0.0,833.3333333333333,0.0,1.1368683772161605e-13,8700.000100725762,9450.000100725762,729.5784018666666,0.0,1.1368683772161605e-13
2025-01-01,77,q4_warmup,0.903,1124.61315,896.2748,1124.61315,896.2748,1061.6716833333332,0.0,833.3333333333334,0.0,-0.0,9450.000100725762,10200.000100725762,958.68953005,0.0,-1.1368683772161605e-13
2025-01-01,78,q4_warmup,1.1525,1113.7266666666667,876.96875,1113.7266666666667,876.96875,236.7579166666667,0.0,0.0,0.0,-0.0,10200.000100725762,10200.000100725762,272.86349895833337,0.0,0.0
2025-01-01,79,q4_warmup,1.1607,1131.8271333333334,849.6027333333333,1131.8271333333334,849.6027333333333,282.2244000000002,0.0,0.0,-0.0,0.0,10200.000100725762,10200.000100725762,327.5778610800002,0.0,0.0
2025-01-01,80,q4_warmup,1.1437,1152.6694166666666,838.2422333333334,1152.6694166666666,838.2422333333334,314.42718333333323,0.0,0.0,-0.0,0.0,10200.000100725762,10200.000100725762,359.6103695783332,0.0,0.0
2025-01-01,81,q4_warmup,1.1537,1139.13,840.6437500000001,1139.13,840.6437500000001,298.48625000000004,0.0,0.0,-0.0,0.0,10200.000100725762,10200.000100725762,344.36358662500004,0.0,0.0
2025-01-01,82,q4_warmup,1.0571,1091.087533333333,828.9307333333333,1091.087533333333,828.9307333333333,262.15679999999986,0.0,0.0,0.0,-0.0,10200.000100725762,10200.000100725762,277.12595327999986,0.0,0.0
2025-01-01,83,q4_warmup,1.1423,1089.9788333333331,794.9587333333334,1089.9788333333331,794.9587333333334,295.02009999999973,0.0,-0.0,0.0,-0.0,10200.000100725762,10200.000100725762,337.00146022999974,0.0,0.0
2025-01-01,84,q4_warmup,1.3627,1128.995,746.4375,1128.995,746.4375,0.0,0.0,0.0,382.5574999999999,0.0,10200.000100725762,9774.936211836874,0.0,0.0,0.0
2025-01-01,85,q4_warmup,1.363,1122.80195,701.56515,1122.80195,701.56515,0.0,0.0,0.0,421.2368,0.0,9774.936211836874,9306.895322947985,0.0,0.0,0.0
2025-01-01,86,q4_warmup,1.3215,1103.896883333333,676.7386,1103.896883333333,676.7386,0.0,0.0,0.0,427.1582833333331,0.0,9306.895322947985,8832.27500813317,0.0,0.0,0.0
2025-01-01,87,q4_warmup,1.3884,1091.496666666667,655.7375000000001,1091.496666666667,655.7375000000001,0.0,0.0,0.0,435.7591666666668,0.0,8832.27500813317,8348.098156281318,0.0,0.0,0.0
2025-01-01,88,q4_warmup,1.4736,1066.4271166666667,608.0204833333333,1066.4271166666667,608.0204833333333,0.0,0.0,0.0,458.4066333333334,0.0,8348.098156281318,7838.757452577614,0.0,0.0,0.0
2025-01-01,89,q4_warmup,1.2203,1032.764233333333,571.8360666666666,1032.764233333333,571.8360666666666,0.0,0.0,0.0,460.92816666666647,0.0,7838.757452577614,7326.615045170206,0.0,0.0,0.0
2025-01-01,90,q4_warmup,0.8295,1025.7816666666663,554.55625,1025.7816666666663,554.55625,1304.5587499999997,0.0,833.3333333333343,0.0,-9.094947017729282e-13,7326.615045170206,8076.615045170207,1082.1314831249997,0.0,1.1368683772161605e-13
2025-01-01,91,q4_warmup,0.8782,1076.5969666666667,523.18625,1076.5969666666667,523.18625,1386.7440500000002,0.0,833.3333333333333,0.0,2.273736754432321e-13,8076.615045170207,8826.615045170207,1217.8386247100002,0.0,0.0
2025-01-01,92,q4_warmup,0.974,1103.8142833333334,476.73755,1103.8142833333334,476.73755,1153.060016477548,0.0,525.9832831442147,0.0,0.0,8826.615045170207,9300.0,1123.0804560491315,0.0,0.0
2025-01-01,93,q4_warmup,0.9257,1082.2683333333332,417.5,1082.2683333333332,417.5,1498.1016666666665,0.0,833.3333333333333,0.0,-0.0,9300.0,10050.0,1386.792712833333,0.0,0.0
2025-01-01,94,q4_warmup,0.9368,1062.5086,348.2825,1062.5086,348.2825,1547.5594333333331,0.0,833.3333333333334,0.0,1.1368683772161605e-13,10050.0,10800.0,1449.7536771466666,0.0,0.0
2025-01-01,95,q4_warmup,0.9885,1059.0188333333333,293.6927,1059.0188333333333,293.6927,765.3261333333332,0.0,0.0,-0.0,-5.684341886080803e-14,10800.0,10800.0,756.5248828,0.0,5.684341886080803e-14
2025-01-01,96,q4_warmup,1.0236,1067.375,254.3,1067.375,254.3,813.075,0.0,0.0,3.4532376957940865e-14,9.137579581874889e-14,10800.0,10800.0,832.2635700000001,0.0,-9.137579581874889e-14
2025-01-01,97,q4_warmup,1.0256,1074.162,208.20041666666668,1074.162,208.20041666666668,865.9615833333334,0.0,0.0,0.0,-0.0,10800.0,10800.0,888.1301998666668,0.0,0.0
2025-01-01,98,q4_warmup,1.0518,1066.5764333333334,161.37031666666667,1066.5764333333334,161.37031666666667,905.2061166666668,0.0,0.0,0.0,-0.0,10800.0,10800.0,952.09579351,0.0,0.0
2025-01-01,99,q4_warmup,1.0918,1048.6916666666666,117.76875,1048.6916666666666,117.76875,930.9229166666668,0.0,0.0,-2.8776980798284056e-14,1.3855583347321956e-14,10800.0,10800.0,1016.3816404166668,0.0,-1.3855583347321956e-14
2025-01-01,100,q4_warmup,1.0866,1039.4858833333333,73.40638333333334,1039.4858833333333,73.40638333333334,966.0795,0.0,0.0,-7.37410132956029e-14,-7.37410132956029e-14,10800.0,10800.0,1049.7419847,0.0,7.37410132956029e-14
2025-01-01,101,q4_warmup,1.1196,1049.9906166666667,30.1475,1049.9906166666667,30.1475,1019.8431166666668,0.0,0.0,0.0,-3.5527136788005016e-14,10800.0,10800.0,1141.81635342,0.0,3.5527136788005016e-14
2025-01-01,102,q4_warmup,1.1821,1064.8433333333337,0.4937499999999999,1064.8433333333337,0.4937499999999999,1064.3495833333336,0.0,0.0,-0.0,-9.103828801926285e-14,10800.0,10800.0,1258.1676424583336,0.0,9.103828801926285e-14
2025-01-01,103,q4_warmup,1.1719,1054.1972166666667,0.0,1054.1972166666667,0.0,1054.1972166666667,0.0,0.0,-0.0,-0.0,10800.0,10800.0,1235.4137182116667,0.0,0.0
2025-01-01,104,q4_warmup,1.1271,1028.2455666666667,0.9929666666666668,1028.2455666666667,0.9929666666666668,1027.2526,0.0,0.0,-0.0,-2.220446049250313e-14,10800.0,10800.0,1157.81640546,0.0,2.220446049250313e-14
2025-01-01,105,q4_warmup,1.1001,1031.9983333333332,0.0,1031.9983333333332,0.0,1031.9983333333332,0.0,0.0,-0.0,-0.0,10800.0,10800.0,1135.3013665,0.0,0.0
2025-01-01,106,q4_warmup,1.1206,1077.417783333333,0.0,1077.417783333333,0.0,1077.417783333333,0.0,0.0,0.0,-0.0,10800.0,10800.0,1207.354368003333,0.0,0.0
2025-01-01,107,q4_warmup,1.2125,960.6718166666666,0.0712833333333333,960.6718166666666,0.0712833333333333,960.6005333333331,0.0,0.0,-3.403988028949367e-14,-3.403988028949367e-14,10800.0,10800.0,1164.7281466666666,0.0,3.403988028949367e-14
2025-01-01,108,q4_warmup,1.3246,754.9083333333333,0.0,754.9083333333333,0.0,754.9083333333333,0.0,0.0,0.0,-0.0,10800.0,10800.0,999.9515783333331,0.0,0.0
2025-01-01,109,q4_warmup,1.3543,748.4221333333334,0.0,748.4221333333334,0.0,748.4221333333334,0.0,0.0,1.84172677109018e-13,1.84172677109018e-13,10800.0,10800.0,1013.5880951733334,0.0,4.32009983342141e-14
2025-01-01,110,q4_warmup,1.2951,774.0034333333333,0.0051166666666666,774.0034333333333,0.0051166666666666,773.9983166666666,0.0,0.0,1.84172677109018e-13,1.4214813354174181e-13,10800.0,10800.0,1002.405219915,0.0,8.522554190149024e-14
2025-01-01,111,q4_warmup,1.2214,744.8683333333333,0.0,744.8683333333333,0.0,744.8683333333333,0.0,0.0,0.0,-0.0,10800.0,10800.0,909.7821823333334,0.0,0.0
2025-01-01,112,q4_warmup,1.2363,745.0775,0.0,745.0775,0.0,745.0775,0.0,0.0,0.0,-0.0,10800.0,10800.0,921.13931325,0.0,0.0
2025-01-01,113,q4_warmup,1.3339,751.8126000000001,0.0003666666666666,751.8126000000001,0.0003666666666666,751.8122333333334,0.0,0.0,1.1368683772161605e-13,1.2986980197846054e-13,10800.0,10800.0,1002.8423380433336,0.0,-1.6182964256844512e-14
2025-01-01,114,q4_warmup,1.4613,747.695,0.0,747.695,0.0,0.0,0.0,0.0,747.6950000000002,0.0,10800.0,9969.227777777778,0.0,0.0,1.1368683772161605e-13
2025-01-01,115,q4_warmup,1.5521,745.2882166666667,0.0,745.2882166666667,0.0,0.0,0.0,0.0,745.2882166666667,0.0,9969.227777777778,9141.12975925926,0.0,0.0,0.0
2025-01-01,116,q4_warmup,1.5622,739.9705833333334,0.0,739.9705833333334,0.0,0.0,0.0,0.0,739.9705833333334,0.0,9141.12975925926,8318.940222222223,0.0,0.0,0.0
2025-01-01,117,q4_warmup,1.5218,731.1983333333333,0.0,731.1983333333333,0.0,0.0,0.0,0.0,731.1983333333333,0.0,8318.940222222223,7506.497629629631,0.0,0.0,0.0
2025-01-01,118,q4_warmup,1.5047,724.66275,0.0,724.66275,0.0,0.0,0.0,0.0,724.66275,0.0,7506.497629629631,6701.316796296298,0.0,0.0,0.0
2025-01-01,119,q4_warmup,1.4843,716.7724166666667,0.0,716.7724166666667,0.0,0.0,0.0,0.0,716.7724166666663,0.0,6701.316796296298,5904.903000000002,0.0,0.0,-3.410605131648481e-13
2025-01-01,120,q4_warmup,1.4695,719.3316666666666,0.0,719.3316666666666,0.0,0.0,0.0,0.0,719.3316666666666,0.0,5904.903000000002,5105.645592592595,0.0,0.0,0.0
2025-01-01,121,q4_warmup,1.4993,747.2124,0.0,747.2124,0.0,0.0,0.0,0.0,747.2124,0.0,5105.645592592595,4275.409592592595,0.0,0.0,0.0
2025-01-01,122,q4_warmup,1.4946,758.6176666666667,0.0,758.6176666666667,0.0,0.0,0.0,0.0,758.6176666666667,0.0,4275.409592592595,3432.5010740740763,0.0,0.0,0.0
2025-01-01,123,q4_warmup,1.5029,749.9666666666667,0.0,749.9666666666667,0.0,0.0,0.0,0.0,749.9666666666667,0.0,3432.5010740740763,2599.20477777778,0.0,0.0,0.0
2025-01-01,124,q4_warmup,1.5993,755.8489166666667,0.0,755.8489166666667,0.0,0.0,0.0,0.0,755.8489166666667,0.0,2599.20477777778,1759.37264814815,0.0,0.0,0.0
2025-01-01,125,q4_warmup,1.3716,754.8193333333334,0.0,754.8193333333334,0.0,251.38394999999832,0.0,0.0,503.43538333333504,0.0,1759.37264814815,1200.0,344.7982258199977,0.0,0.0
2025-01-01,126,q4_warmup,0.9601,747.2516666666667,0.0,747.2516666666667,0.0,747.2516666666667,0.0,0.0,0.0,0.0,1200.0,1200.0,717.4363251666666,0.0,0.0
2025-01-01,127,q4_warmup,0.9485,758.0383666666667,0.0,758.0383666666667,0.0,758.0383666666667,0.0,0.0,0.0,0.0,1200.0,1200.0,718.9993907833333,0.0,0.0
2025-01-01,128,q4_warmup,1.0064,765.94735,0.0,765.94735,0.0,765.94735,0.0,0.0,0.0,0.0,1200.0,1200.0,770.84941304,0.0,0.0
2025-01-01,129,q4_warmup,0.9622,770.15,0.0,770.15,0.0,770.15,0.0,0.0,0.0,0.0,1200.0,1200.0,741.03833,0.0,0.0
2025-01-01,130,q4_warmup,0.947,775.6191333333333,0.0,775.6191333333333,0.0,775.6191333333333,0.0,0.0,0.0,0.0,1200.0,1200.0,734.5113192666665,0.0,0.0
2025-01-01,131,q4_warmup,0.7428,688.6640833333332,0.0,688.6640833333332,0.0,688.6640833333332,0.0,0.0,0.0,0.0,1200.0,1200.0,511.5396811,0.0,0.0
2025-01-01,132,q4_warmup,0.4482,560.5,0.0,560.5,0.0,560.5,0.0,0.0,0.0,0.0,1200.0,1200.0,251.2161,0.0,0.0
2025-01-01,133,q4_warmup,0.4243,550.9598,0.0,550.9598,0.0,550.9598,0.0,0.0,0.0,0.0,1200.0,1200.0,233.77224314,0.0,0.0
2025-01-01,134,q4_warmup,0.4595,578.4886666666666,0.0,578.4886666666666,0.0,578.4886666666666,0.0,0.0,0.0,0.0,1200.0,1200.0,265.8155423333333,0.0,0.0
2025-01-01,135,q4_warmup,0.4384,586.895,0.0,586.895,0.0,586.895,0.0,0.0,0.0,0.0,1200.0,1200.0,257.294768,0.0,0.0
2025-01-01,136,q4_warmup,0.4506,593.5879833333333,0.0,593.5879833333333,0.0,593.5879833333333,0.0,0.0,0.0,0.0,1200.0,1200.0,267.47074529,0.0,0.0
2025-01-01,137,q4_warmup,0.4362,564.3446666666667,0.0,564.3446666666667,0.0,564.3446666666667,0.0,0.0,0.0,0.0,1200.0,1200.0,246.16714360000003,0.0,0.0
2025-01-01,138,q4_warmup,0.4111,548.3316666666666,0.0,548.3316666666666,0.0,548.3316666666666,0.0,0.0,0.0,0.0,1200.0,1200.0,225.41914816666664,0.0,0.0
2025-01-01,139,q4_warmup,0.459,629.0425333333334,0.0,629.0425333333334,0.0,629.0425333333334,0.0,0.0,0.0,0.0,1200.0,1200.0,288.7305228,0.0,0.0
2025-01-01,140,q4_warmup,0.4759,647.27,0.0,647.27,0.0,647.27,0.0,0.0,0.0,0.0,1200.0,1200.0,308.035793,0.0,0.0
2025-01-01,141,q4_warmup,0.4314,587.5233333333333,0.0,587.5233333333333,0.0,587.5233333333333,0.0,0.0,0.0,0.0,1200.0,1200.0,253.457566,0.0,0.0
2025-01-01,142,q4_warmup,0.4038,592.2651500000001,0.0,592.2651500000001,0.0,592.2651500000001,0.0,0.0,0.0,0.0,1200.0,1200.0,239.15666757,0.0,0.0
2025-01-01,143,q4_warmup,0.4179,616.1856833333333,0.0,616.1856833333333,0.0,616.1856833333333,0.0,0.0,0.0,0.0,1200.0,1200.0,257.503997065,0.0,0.0
2025-01-01,144,q4_warmup,0.4284,616.1166666666667,0.0,616.1166666666667,0.0,616.1166666666667,0.0,0.0,0.0,0.0,1200.0,1200.0,263.94438,0.0,0.0
2025-01-02,1,q4_warmup,0.3809,603.7584833333334,0.0,588.2882666666667,0.0,1421.6216,15.470216666666715,833.3333333333333,0.0,0.0,1200.0,1950.0,541.49566744,29.46302764166676,-1.1368683772161605e-13
2025-01-02,2,q4_warmup,0.3964,603.7935166666667,0.0,601.5881166666667,0.0,1434.92145,2.2053999999999405,833.3333333333333,0.0,0.0,1950.0,2700.0,568.8028627799999,4.371102799999882,1.1368683772161605e-13
2025-01-02,3,q4_warmup,0.4654,618.0383333333333,0.0,621.0933333333334,0.0,621.0933333333334,0.0,3.055000000000064,0.0,0.0,2700.0,2702.7495,289.05683733333336,0.0,0.0
2025-01-02,4,q4_warmup,0.4542,625.0871,0.0,585.1051833333333,0.0,1251.77185,36.92691666666667,663.6116666666668,0.0,0.0,2702.7495,3300.0,568.55477427,83.86102775,1.1368683772161605e-13
2025-01-02,5,q4_warmup,0.4299,614.1506333333333,0.0,583.7604166666666,0.0,1417.09375,30.39021666666656,833.3333333333333,0.0,0.0,3300.0,4050.0,609.208603125,65.32377072499978,1.1368683772161605e-13
2025-01-02,6,q4_warmup,0.4477,607.3566666666667,0.0,631.1683333333334,0.0,1464.5016666666668,0.0,833.3333333333333,0.0,23.81166666666684,4050.0,4800.0,655.6573961666667,0.0,0.0
2025-01-02,7,q4_warmup,0.4859,634.8829999999999,0.0,650.0534166666666,0.0,650.0534166666666,0.0,15.17041666666671,0.0,0.0,4800.0,4813.653375,315.8609551583333,0.0,0.0
2025-01-02,8,q4_warmup,0.4752,642.5204333333334,0.0,652.8062666666666,0.0,652.8062666666666,0.0,10.285833333333244,0.0,0.0,4813.653375,4822.910625,310.21353792,0.0,0.0
2025-01-02,9,q4_warmup,0.4348,630.63,0.0,636.2133333333334,0.0,1469.5466666666666,0.0,807.8770833333339,0.0,31.03958333333276,4822.910625,5550.0,638.9588906666667,0.0,0.0
2025-01-02,10,q4_warmup,0.4513,651.2308166666667,0.0,588.8356,0.0,1422.1689333333334,62.39521666666656,833.3333333333333,0.0,0.0,5550.0,6300.0,641.8248396133333,140.79480640833307,0.0
2025-01-02,11,q4_warmup,0.4853,661.3733,0.0,615.7768833333333,0.0,615.7768833333333,45.59641666666664,0.0,-0.0,0.0,6300.0,6300.0,298.8365214816667,110.6397050416666,0.0
2025-01-02,12,q4_warmup,0.4864,647.795,0.0,677.455,0.0,677.455,0.0,29.66000000000008,0.0,0.0,6300.0,6326.694,329.514112,0.0,0.0
2025-01-02,13,q4_warmup,0.4444,644.2316833333333,0.0,635.1118333333333,0.0,1468.4451666666666,0.0,824.2134833333333,0.0,0.0,6326.694,7068.486135,652.5770320666667,0.0,0.0
2025-01-02,14,q4_warmup,0.4217,655.2810166666667,0.0,640.8249166666667,0.0,1474.15825,0.0,818.8772333333333,0.0,0.0,7068.486135,7805.475645,621.652534025,0.0,0.0
2025-01-02,15,q4_warmup,0.4443,675.9966666666667,0.0,705.77,0.0,1539.1033333333337,0.0,827.2492833333329,0.0,35.85738333333393,7805.475645,8550.0,683.823611,0.0,0.0
2025-01-02,16,q4_warmup,0.4757,694.1636666666667,0.0,684.9959166666666,0.0,684.9959166666666,9.16775000000007,0.0,-0.0,0.0,8550.0,8550.0,325.85255755833333,21.805493375000164,0.0
2025-01-02,17,q4_warmup,0.4517,677.9054333333333,0.0,666.1490833333334,0.0,1499.4824166666667,11.756349999999884,833.3333333333333,0.0,0.0,8550.0,9300.0,677.3162076083333,26.551716474999736,0.0
2025-01-02,18,q4_warmup,0.4249,653.24,0.0,683.6983333333333,0.0,1517.0316666666668,0.0,833.3333333333333,0.0,30.458333333333485,9300.0,10050.0,644.5867551666666,0.0,0.0
2025-01-02,19,q4_warmup,0.5053,678.0538333333333,0.0,681.0096166666666,0.0,681.0096166666666,0.0,0.0,0.0,2.955783333333329,10050.0,10050.0,344.11415930166663,0.0,0.0
2025-01-02,20,q4_warmup,0.5471,690.0798666666666,0.0,688.9604333333333,0.0,688.9604333333333,1.1194333333332906,0.0,-0.0,0.0,10050.0,10050.0,376.93025307666665,3.0622098833332165,0.0
2025-01-02,21,q4_warmup,0.5103,676.8533333333334,0.0,696.5300000000001,0.0,696.5300000000001,0.0,0.0,0.0,19.676666666666733,10050.0,10050.0,355.43925900000005,0.0,0.0
2025-01-02,22,q4_warmup,0.5009,689.7840166666666,0.0,658.8951833333333,0.0,658.8951833333333,30.88883333333331,0.0,-0.0,0.0,10050.0,10050.0,330.0405973316667,77.36108308333328,0.0
2025-01-02,23,q4_warmup,0.5244,713.8835166666667,0.0,651.7916,0.0,651.7916,62.09191666666664,0.0,-0.0,0.0,10050.0,10050.0,341.79951504,162.8050054999999,0.0
2025-01-02,24,q4_warmup,0.548,721.8299999999999,0.0,683.2183333333334,0.0,683.2183333333334,38.611666666666565,0.0,-0.0,0.0,10050.0,10050.0,374.4036466666667,105.7959666666664,0.0
2025-01-02,25,q4_warmup,0.5374,704.1930833333332,0.0,687.3103833333333,0.0,687.3103833333333,16.882699999999886,0.0,-0.0,0.0,10050.0,10050.0,369.3606000033333,45.36381489999969,0.0
2025-01-02,26,q4_warmup,0.4983,700.3314999999999,0.0,694.8344666666667,0.0,694.8344666666667,5.497033333333206,0.0,-0.0,0.0,10050.0,10050.0,346.23601474000003,13.695858549999686,0.0
2025-01-02,27,q4_warmup,0.4835,712.3166666666666,0.0,710.04,0.0,710.04,2.2766666666666424,0.0,-0.0,0.0,10050.0,10050.0,343.30434,5.503841666666608,0.0
2025-01-02,28,q4_warmup,0.539,703.1725333333334,0.0,702.8703666666667,0.0,702.8703666666667,0.3021666666667215,0.0,-0.0,0.0,10050.0,10050.0,378.8471276333333,0.8143391666668146,0.0
2025-01-02,29,q4_warmup,0.5404,678.2314166666666,0.0,710.3095,0.0,710.3095,0.0,0.0,0.0,32.078083333333325,10050.0,10050.0,383.8512538,0.0,0.0
2025-01-02,30,q4_warmup,0.4883,671.8249999999999,0.0,723.65,0.0,723.65,0.0,0.0,0.0,51.825000000000045,10050.0,10050.0,353.358295,0.0,0.0
2025-01-02,31,q4_warmup,0.5077,710.4925499999999,0.0003666666666666,701.3701333333333,0.00035,701.3697833333333,9.122399999999956,0.0,-0.0,0.0,10050.0,10050.0,356.08543899833336,23.157212399999885,0.0
2025-01-02,32,q4_warmup,0.5513,721.7514333333334,0.0,717.0205500000001,0.0,717.0205500000001,4.730883333333281,0.0,0.0,0.0,10050.0,10050.0,395.29342921500006,13.040679908333187,0.0
2025-01-02,33,q4_warmup,0.528,691.5216666666666,0.0,742.765,0.0,742.765,0.0,51.24333333333334,0.0,0.0,10050.0,10096.119,392.17992,0.0,0.0
2025-01-02,34,q4_warmup,0.4409,688.3891,0.0051166666666666,691.4395,0.0049833333333333,1524.76785,0.0,782.0899999999993,0.0,54.29386666666733,10096.119,10800.0,672.270145065,0.0,0.0
2025-01-02,35,q4_warmup,0.6417,773.6214333333334,0.0,749.6888833333334,0.0,749.6888833333334,23.932549999999992,0.0,-0.0,0.0,10800.0,10800.0,481.07535643500006,76.78758667499999,0.0
2025-01-02,36,q4_warmup,1.0168,901.9316666666668,0.0,894.8966666666666,0.0,894.8966666666666,7.035000000000196,0.0,-0.0,0.0,10800.0,10800.0,909.9309306666664,35.76594000000099,0.0
2025-01-02,37,q4_warmup,1.0773,956.46685,0.0713166666666666,906.8165166666666,0.0694833333333333,231.74733189524565,49.64820143808765,0.0,675.0,0.0,10800.0,10050.0,249.6614006507481,267.43003704625914,0.0
2025-01-02,38,q4_warmup,1.0353,949.2315166666668,0.0,886.1488333333333,0.0,886.1488333333333,63.082683333333534,0.0,0.0,0.0,10050.0,10050.0,917.42988715,326.5475102750011,0.0
2025-01-02,39,q4_warmup,1.0552,922.9433333333332,0.0,899.9699999999999,0.0,899.9699999999999,22.973333333333244,0.0,0.0,0.0,10050.0,10050.0,949.6483439999998,121.20730666666618,0.0
2025-01-02,40,q4_warmup,1.0765,910.2624333333332,0.9932666666666666,907.9001166666668,0.9677,906.9324166666668,2.3367499999998853,0.0,-0.0,0.0,10050.0,10050.0,976.3127465416668,12.577556874999384,0.0
2025-01-02,41,q4_warmup,1.0611,913.9334166666666,0.0,907.4001666666668,0.0,907.4001666666668,6.533249999999953,0.0,0.0,0.0,10050.0,10050.0,962.84231685,34.66215787499974,0.0
2025-01-02,42,q4_warmup,1.0284,923.48,1.10625,905.605,0.5125000000000001,905.0925,17.281250000000046,0.0,0.0,0.0,10050.0,10050.0,930.797127,88.86018750000022,0.0
2025-01-02,43,q4_warmup,1.0303,929.2227833333332,32.09305,908.2136333333332,29.299216666666663,878.9144166666666,18.21531666666653,0.0,0.0,0.0,10050.0,10050.0,905.5455234916666,93.83620380833264,0.0
2025-01-02,44,q4_warmup,1.0451,944.9938833333334,74.27036666666667,918.3340333333334,70.24933333333333,848.0847000000001,22.63881666666664,0.0,0.0,0.0,10050.0,10050.0,886.33331997,118.29913649166652,0.0
2025-01-02,45,q4_warmup,0.9954,927.7766666666666,116.89375,912.6666666666666,112.85,799.8166666666666,11.06625000000004,-0.0,0.0,0.0,10050.0,10050.0,796.1375099999999,55.07672625000019,0.0
2025-01-02,46,q4_warmup,0.8699,846.9908999999999,162.76158333333333,888.2369166666667,158.46853333333334,1563.101348071713,0.0,833.3333333333333,0.0,45.53869807171304,10050.0,10800.0,1359.741862687583,0.0,1.1368683772161605e-13
2025-01-02,47,q4_warmup,1.0474,956.2591166666666,209.64165,1014.0193833333332,209.26175,804.7576333333333,0.0,0.0,-0.0,58.14016666666666,10800.0,10800.0,842.9031451533334,0.0,2.8421709430404014e-14
2025-01-02,48,q4_warmup,1.4142,1200.9583333333333,256.05625000000003,1219.3333333333333,265.38125,120.61874999999998,0.0,0.0,824.2833333333333,0.0,10800.0,9884.12962962963,170.57903624999994,0.0,0.0
2025-01-02,49,q4_warmup,1.4538,1253.2699833333334,303.3820666666667,1244.9157833333334,322.9202,88.66224999999997,27.892333333333227,0.0,833.3333333333334,0.0,9884.12962962963,8958.203703703704,128.89717904999995,202.74937099999923,-2.273736754432321e-13
2025-01-02,50,q4_warmup,1.3917,1208.9710833333334,355.49646666666666,1204.2818333333332,370.85435,0.0941499999997859,20.047133333333363,0.0,833.3333333333334,0.0,8958.203703703704,8032.277777777778,0.131028554999702,139.4979773000002,-2.273736754432321e-13
2025-01-02,51,q4_warmup,1.3851,1192.77,411.95625,1202.6883333333333,415.01875,0.0,0.0,0.0,780.81375,0.0,8032.277777777778,7164.706944444445,0.0,0.0,0.0
2025-01-02,52,q4_warmup,1.3569,1225.2615666666668,466.2322,1226.9500666666663,471.0524333333333,0.0,0.0,0.0,759.0293666666669,0.0,7164.706944444445,6321.340981481482,0.0,0.0,0.0
2025-01-02,53,q4_warmup,1.3276,1238.3733166666666,507.9592666666667,1212.5855,520.35525,0.0,0.0,0.0,730.4140499999999,0.0,6321.340981481482,5509.769814814816,0.0,0.0,0.0
2025-01-02,54,q4_warmup,1.3123,1215.875,544.5437499999999,1179.5483333333334,558.49375,0.0,0.0,0.0,671.3312500000001,0.0,5509.769814814816,4763.846203703704,0.0,0.0,0.0
2025-01-02,55,q4_warmup,1.295,1201.27615,591.1414166666667,1203.6460333333332,600.2996166666667,0.0,0.0,0.0,610.1347333333332,0.0,4763.846203703704,4085.918722222223,0.0,0.0,0.0
2025-01-02,56,q4_warmup,1.2685,1185.6470833333333,621.1148333333333,1204.9252166666668,645.9392,0.0,0.0,0.0,564.53225,0.0,4085.918722222223,3458.660666666668,0.0,0.0,0.0
2025-01-02,57,q4_warmup,1.2318,1170.52,640.7062500000001,1183.2216666666666,691.6374999999999,355.11224999999854,126.25050000000036,0.0,48.45100000000102,0.0,3458.660666666668,3404.826222222222,437.4272695499982,777.5768295000022,0.0
2025-01-02,58,q4_warmup,1.2119,1174.6586166666666,682.7234666666667,1216.1920166666666,733.9133666666667,482.27865,9.656499999999935,0.0,-0.0,0.0,3404.826222222222,3404.826222222222,584.473495935,58.51356174999962,0.0
2025-01-02,59,q4_warmup,1.3227,1188.16985,713.9437166666667,1218.8626,770.79175,0.0,26.1552833333335,0.0,448.07084999999984,0.0,3404.826222222222,2906.969722222222,0.0,172.97796632500112,0.0
2025-01-02,60,q4_warmup,1.4694,1191.85,726.0187500000001,1183.243333333333,806.1062499999999,0.0,0.0,0.0,465.83124999999984,0.0,2906.969722222222,2389.3794444444447,0.0,0.0,0.0
2025-01-02,61,q4_warmup,1.425,1175.57585,748.6046833333334,1187.5869,846.7837333333333,0.0,0.0,0.0,426.9711666666666,0.0,2389.3794444444447,1914.9670370370372,0.0,0.0,0.0
2025-01-02,62,q4_warmup,1.3505,1171.4651,794.4014999999999,1182.7184,889.7921333333334,0.0,258.99949999999944,0.0,118.06410000000048,0.0,1914.9670370370372,1783.7847037037036,0.0,1748.8941237499964,0.0
2025-01-02,63,q4_warmup,1.382,1185.9233333333334,836.5749999999999,1164.361666666667,915.7875,0.0,100.7741666666669,0.0,248.57416666666657,0.0,1783.7847037037036,1507.5911851851852,0.0,696.3494916666682,0.0
2025-01-02,64,q4_warmup,1.4486,1193.1336,836.6437500000001,1183.1617,906.3296333333332,0.0,79.65778333333316,0.0,276.83206666666666,0.0,1507.5911851851852,1200.0,0.0,576.9613246833321,0.0
2025-01-02,65,q4_warmup,1.1762,1184.027466666667,846.2285833333334,1198.998833333333,899.3687666666666,299.6300666666667,38.16881666666677,0.0,-0.0,0.0,1200.0,1200.0,352.42488441333336,224.47081081666727,0.0
2025-01-02,66,q4_warmup,0.7285,1164.7416666666666,879.59375,1189.1966666666667,895.35,1127.18,0.0,833.3333333333334,0.0,8.698750000000132,1200.0,1950.0,821.1506300000001,0.0,0.0
2025-01-02,67,q4_warmup,0.6748,1150.8726,898.2831666666666,1173.8245,863.8287,1143.3291333333332,0.0,833.3333333333334,0.0,57.406366666666486,1950.0,2700.0,771.5184991733332,0.0,0.0
2025-01-02,68,q4_warmup,0.7698,1153.1421,894.8198333333333,1178.1945833333332,855.2501833333334,1156.2777333333331,0.0,833.3333333333334,0.0,64.62213333333307,2700.0,3450.0,890.1025991199999,0.0,-1.1368683772161605e-13
2025-01-02,69,q4_warmup,0.802,1175.575,888.3312500000001,1188.195,882.4625,1139.065833333333,0.0,833.3333333333333,0.0,18.488750000000092,3450.0,4200.0,913.5307983333332,0.0,-1.1368683772161605e-13
2025-01-02,70,q4_warmup,0.7991,1204.039533333333,902.1055166666666,1161.839883333333,905.7907333333332,1089.3824833333333,45.884866666666426,833.3333333333333,0.0,0.0,4200.0,4950.0,870.5255424316667,183.3329847666657,-2.273736754432321e-13
2025-01-02,71,q4_warmup,0.77,1176.912283333333,904.8863666666666,1108.0822833333334,909.2501833333334,1032.165433333333,73.19381666666641,833.3333333333333,0.0,0.0,4950.0,5700.0,794.7673836666667,281.79619416666566,0.0
2025-01-02,72,q4_warmup,0.7251,1104.6466666666668,888.0500000000001,1078.5483333333334,888.61875,1023.2629166666668,26.667083333333157,833.3333333333333,0.0,0.0,5700.0,6450.0,741.9679408750001,96.68151062499932,0.0
2025-01-02,73,q4_warmup,0.6934,1064.25525,874.8249166666666,1113.5309166666666,854.4422166666667,1092.4220333333333,0.0,833.3333333333333,0.0,69.65836666666667,6450.0,7200.0,757.4854379133333,0.0,-1.1368683772161605e-13
2025-01-02,74,q4_warmup,0.736,1063.2235833333334,869.8719833333333,1097.5452333333333,853.0815833333332,1077.7969833333334,0.0,833.3333333333333,0.0,51.11205000000007,7200.0,7950.0,793.2585797333334,0.0,-1.1368683772161605e-13
2025-01-02,75,q4_warmup,0.7799,1086.18,870.475,1047.3283333333334,883.7624999999999,996.8991666666668,52.13916666666648,833.3333333333333,0.0,0.0,7950.0,8700.0,777.4816600833335,203.316680416666,0.0
2025-01-02,76,q4_warmup,0.7126,1112.9026333333334,873.7157000000001,1091.3220333333334,899.9666000000001,1024.6887666666669,47.83149999999989,833.3333333333333,0.0,0.0,8700.0,9450.0,730.1932151266667,170.42363449999962,0.0
2025-01-02,77,q4_warmup,0.8149,1123.3765,884.69285,1124.61315,896.2748,1061.6716833333332,10.345300000000066,833.3333333333333,0.0,0.0,9450.0,10200.0,865.1562547483333,42.15192485000026,0.0
2025-01-02,78,q4_warmup,1.0546,1129.381666666667,898.88125,1113.7266666666667,876.96875,236.7579166666667,0.0,0.0,0.0,6.257499999999823,10200.0,10200.0,249.6848989166667,0.0,1.1368683772161605e-13
2025-01-02,79,q4_warmup,1.1073,1153.9178166666668,902.25435,1131.8271333333334,849.6027333333333,282.2244000000002,0.0,0.0,0.0,30.560933333333423,10200.0,10200.0,312.5070781200002,0.0,0.0
2025-01-02,80,q4_warmup,1.1179,1141.849516666667,889.5512666666667,1152.6694166666666,838.2422333333334,314.42718333333323,0.0,0.0,0.0,62.128933333333066,10200.0,10200.0,351.4981482483332,0.0,1.1368683772161605e-13
2025-01-02,81,q4_warmup,1.1386,1103.6916666666666,861.36875,1139.13,840.6437500000001,298.4862499999998,0.0,0.0,0.0,56.16333333333319,10200.0,10200.0,339.8564442499998,0.0,0.0
2025-01-02,82,q4_warmup,1.085,1109.1362666666666,826.7602499999999,1091.087533333333,828.9307333333333,262.1568000000001,20.219216666666625,0.0,-0.0,0.0,10200.0,10200.0,284.4401280000001,109.68925041666644,0.0
2025-01-02,83,q4_warmup,1.1688,1124.2132333333334,812.2506666666667,1089.9788333333331,794.9587333333334,295.0201,16.942466666666746,0.0,-0.0,0.0,10200.0,10200.0,344.81949288,99.01177520000049,0.0
2025-01-02,84,q4_warmup,1.3731,1128.121666666667,798.5749999999999,1128.995,746.4375,0.0,0.0,0.0,329.54666666666697,0.0,10200.0,9833.837037037036,0.0,0.0,0.0
2025-01-02,85,q4_warmup,1.443,1130.9200666666668,740.0843166666667,1122.80195,701.56515,0.0,0.0,0.0,390.8357500000001,0.0,9833.837037037036,9399.575092592591,0.0,0.0,0.0
2025-01-02,86,q4_warmup,1.3961,1108.5780166666666,683.8292499999999,1103.896883333333,676.7386,0.0,0.0,0.0,424.7487666666667,0.0,9399.575092592591,8927.632018518518,0.0,0.0,0.0
2025-01-02,87,q4_warmup,1.3955,1086.621666666667,649.63125,1091.496666666667,655.7375000000001,0.0,0.0,0.0,436.9904166666669,0.0,8927.632018518518,8442.08711111111,0.0,0.0,0.0
2025-01-02,88,q4_warmup,1.5287,1116.5649,612.0712,1066.4271166666667,608.0204833333333,0.0,0.0,0.0,504.4937000000001,0.0,8442.08711111111,7881.538555555554,0.0,0.0,0.0
2025-01-02,89,q4_warmup,1.3188,1124.2048166666666,568.6041666666666,1032.764233333333,571.8360666666666,0.0,0.0,0.0,555.60065,0.0,7881.538555555554,7264.204499999998,0.0,0.0,0.0
2025-01-02,90,q4_warmup,0.9014,1103.5233333333333,523.3625000000001,1025.7816666666663,554.55625,1304.55875,108.9354166666667,833.3333333333334,0.0,0.0,7264.204499999998,8014.204499999998,1175.92925725,490.9719229166668,-1.1368683772161605e-13
2025-01-02,91,q4_warmup,0.9117,1114.42305,479.6929666666667,1076.5969666666667,523.18625,1386.7440500000002,81.3193666666665,833.3333333333334,0.0,0.0,8014.204499999998,8764.204499999998,1264.294550385,370.6943329499992,1.1368683772161605e-13
2025-01-02,92,q4_warmup,0.9858,1085.0556666666666,436.3165833333333,1103.8142833333334,476.73755,627.0767333333333,21.662350000000004,0.0,0.0,0.0,8764.204499999998,8764.204499999998,618.17224372,106.77372315000002,0.0
2025-01-02,93,q4_warmup,0.9466,1036.7983333333334,393.33125,1082.2683333333332,417.5,1498.1016666666665,0.0,833.3333333333334,0.0,21.30124999999964,8764.204499999998,9514.204499999998,1418.1030376666663,0.0,0.0
2025-01-02,94,q4_warmup,0.9835,1067.7117166666667,353.22523333333334,1062.5086,348.2825,714.2260999999999,0.2603833333334933,0.0,0.0,0.0,9514.204499999998,9514.204499999998,702.44136935,1.2804350416674533,0.0
2025-01-02,95,q4_warmup,0.9801,1079.0997,317.45385,1059.0188333333333,293.6927,1291.3095283950606,65.66465493827491,595.3283333333355,0.0,0.0,9514.204499999998,10050.0,1265.6124687799988,321.7896415250162,-1.1368683772161605e-13
2025-01-02,96,q4_warmup,0.9453,1048.3733333333332,277.1,1067.375,254.3,1646.4083333333333,0.0,833.3333333333333,0.0,41.80166666666685,10050.0,10800.0,1556.3497975,0.0,-1.1368683772161605e-13
2025-01-02,97,q4_warmup,1.0223,1051.2218333333333,221.0176,1074.162,208.20041666666668,865.9615833333334,0.0,0.0,-0.0,35.75735000000006,10800.0,10800.0,885.2725266416667,0.0,2.8421709430404014e-14
2025-01-02,98,q4_warmup,1.0698,1052.0362,168.58335,1066.5764333333334,161.37031666666667,905.2061166666668,0.0,0.0,-0.0,21.75326666666672,10800.0,10800.0,968.38950361,0.0,-1.1368683772161605e-13
2025-01-02,99,q4_warmup,1.0489,1039.88,126.2875,1048.6916666666666,117.76875,930.9229166666668,0.0,0.0,0.0,17.330416666666537,10800.0,10800.0,976.4450472916666,0.0,-8.526512829121202e-14
2025-01-02,100,q4_warmup,1.0608,1046.0812833333332,82.42743333333333,1039.4858833333333,73.40638333333334,966.0795,0.0,0.0,0.0,2.4256500000000614,10800.0,10800.0,1024.8171335999998,0.0,7.105427357601003e-14
2025-01-02,101,q4_warmup,1.0696,1055.9239666666667,35.64405,1049.9906166666667,30.1475,1019.8431166666668,0.4368000000000549,0.0,-0.0,0.0,10800.0,10800.0,1090.8241975866667,2.336006400000294,0.0
2025-01-02,102,q4_warmup,1.0691,1052.9583333333333,1.1125,1064.8433333333337,0.4937499999999999,1064.3495833333334,0.0,0.0,-0.0,12.503750000000128,10800.0,10800.0,1137.8961395416666,0.0,-4.618527782440651e-14
2025-01-02,103,q4_warmup,1.1027,1035.95475,0.0,1054.1972166666667,0.0,1054.1972166666667,0.0,0.0,-0.0,18.242466666666587,10800.0,10800.0,1162.4632708183333,0.0,0.0
2025-01-02,104,q4_warmup,1.1447,1022.8493,1.120766666666667,1028.2455666666667,0.9929666666666668,1027.2526,0.0,0.0,-0.0,5.524066666666725,10800.0,10800.0,1175.89605122,0.0,1.7763568394002505e-15
2025-01-02,105,q4_warmup,1.132,1030.871666666667,0.0,1031.9983333333332,0.0,1031.9983333333332,0.0,0.0,-0.0,1.126666666666324,10800.0,10800.0,1168.222113333333,0.0,0.0
2025-01-02,106,q4_warmup,1.0495,1045.9988666666666,0.0,1077.417783333333,0.0,1077.417783333333,0.0,0.0,-0.0,31.418916666666743,10800.0,10800.0,1130.7499636083337,0.0,0.0
2025-01-02,107,q4_warmup,1.1389,958.23075,0.0804666666666666,960.6718166666666,0.0712833333333333,960.6005333333331,0.0,0.0,-0.0,2.450249999999983,10800.0,10800.0,1094.027947413333,0.0,-4.440892098500626e-16
2025-01-02,108,q4_warmup,1.3264,804.215,0.0,754.9083333333333,0.0,754.9083333333333,49.30666666666673,0.0,-0.0,0.0,10800.0,10800.0,1001.3104133333331,327.00181333333376,0.0
2025-01-02,109,q4_warmup,1.2974,743.7868,0.0,748.4221333333334,0.0,748.4221333333334,0.0,0.0,0.0,4.635333333333392,10800.0,10800.0,971.0028757866668,0.0,0.0
2025-01-02,110,q4_warmup,1.2746,747.9326666666666,0.0057833333333333,774.0034333333333,0.0051166666666666,773.9983166666666,0.0,0.0,-0.0,26.07143333333334,10800.0,10800.0,986.5382544233332,0.0,-4.973799150320701e-14
2025-01-02,111,q4_warmup,1.302,755.225,0.0,744.8683333333333,0.0,744.8683333333333,10.356666666666683,0.0,-0.0,0.0,10800.0,10800.0,969.81857,67.42190000000011,0.0
2025-01-02,112,q4_warmup,1.2218,738.8777833333334,0.0,745.0775,0.0,745.0775,0.0,0.0,-0.0,6.199716666666632,10800.0,10800.0,910.3356895,0.0,0.0
2025-01-02,113,q4_warmup,1.3207,741.03175,0.0004166666666666,751.8126000000001,0.0003666666666666,751.8122333333334,0.0,0.0,-0.0,10.780900000000116,10800.0,10800.0,992.9184165633336,0.0,-2.8421709430404014e-14
2025-01-02,114,q4_warmup,1.5402,753.7816666666666,0.0,747.695,0.0,0.0,0.0,0.0,753.7816666666666,0.0,10800.0,9962.464814814815,0.0,0.0,0.0
2025-01-02,115,q4_warmup,1.5188,727.5680166666666,0.0,745.2882166666667,0.0,0.0,0.0,0.0,727.5680166666666,0.0,9962.464814814815,9154.055907407408,0.0,0.0,0.0
2025-01-02,116,q4_warmup,1.5062,712.1621166666667,0.0,739.9705833333334,0.0,0.0,0.0,0.0,712.1621166666667,0.0,9154.055907407408,8362.764666666668,0.0,0.0,0.0
2025-01-02,117,q4_warmup,1.5684,727.6233333333333,0.0,731.1983333333333,0.0,0.0,0.0,0.0,727.6233333333333,0.0,8362.764666666668,7554.294296296297,0.0,0.0,0.0
2025-01-02,118,q4_warmup,1.5131,743.2633166666666,0.0,724.66275,0.0,0.0,0.0,0.0,743.2633166666666,0.0,7554.294296296297,6728.446166666668,0.0,0.0,0.0
2025-01-02,119,q4_warmup,1.474,747.32795,0.0,716.7724166666667,0.0,0.0,0.0,0.0,747.32795,0.0,6728.446166666668,5898.081777777778,0.0,0.0,0.0
2025-01-02,120,q4_warmup,1.5042,751.5433333333334,0.0,719.3316666666666,0.0,0.0,0.0,0.0,751.5433333333334,0.0,5898.081777777778,5063.03362962963,0.0,0.0,0.0
2025-01-02,121,q4_warmup,1.5144,770.4769166666666,0.0,747.2124,0.0,0.0,0.0,0.0,770.4769166666666,0.0,5063.03362962963,4206.948166666667,0.0,0.0,0.0
2025-01-02,122,q4_warmup,1.5101,760.1001,0.0,758.6176666666667,0.0,0.0,0.0,0.0,760.1001,0.0,4206.948166666667,3362.3925000000004,0.0,0.0,0.0
2025-01-02,123,q4_warmup,1.5457,720.5766666666667,0.0,749.9666666666667,0.0,0.0,0.0,0.0,720.5766666666667,0.0,3362.3925000000004,2561.7517592592594,0.0,0.0,0.0
2025-01-02,124,q4_warmup,1.6098,704.1293000000001,0.0,755.8489166666667,0.0,0.0,0.0,0.0,704.1293000000001,0.0,2561.7517592592594,1779.3858703703704,0.0,0.0,0.0
2025-01-02,125,q4_warmup,1.3601,733.0050833333333,0.0,754.8193333333334,0.0,251.38394999999832,0.0,0.0,481.621133333335,0.0,1779.3858703703704,1244.251277777776,341.9073103949977,0.0,0.0
2025-01-02,126,q4_warmup,0.9518,774.7116666666667,0.0,747.2516666666667,0.0,747.2516666666667,0.0,0.0,27.46000000000004,0.0,1244.251277777776,1213.740166666665,711.2341363333334,0.0,0.0
2025-01-02,127,q4_warmup,0.9182,772.2666666666668,0.0,758.0383666666667,0.0,758.0383666666667,1.8621500000017035,0.0,12.3661499999984,0.0,1213.740166666665,1200.0,696.0308282733333,8.54913065000782,0.0
2025-01-02,128,q4_warmup,0.9978,756.4289666666667,0.0,765.94735,0.0,765.94735,0.0,-0.0,0.0,9.518383333333304,1200.0,1200.0,764.26226583,0.0,0.0
2025-01-02,129,q4_warmup,1.0226,764.8116666666666,0.0,770.15,0.0,770.15,0.0,0.0,0.0,5.338333333333367,1200.0,1200.0,787.55539,0.0,0.0
2025-01-02,130,q4_warmup,1.0437,792.1586333333333,0.0,775.6191333333333,0.0,775.6191333333333,16.53950000000009,0.0,-0.0,0.0,1200.0,1200.0,809.51368946,86.31138075000048,0.0
2025-01-02,131,q4_warmup,0.8145,731.3947166666667,0.0,688.6640833333332,0.0,688.6640833333332,42.73063333333346,0.0,-0.0,0.0,1200.0,1200.0,560.9168958749999,174.0205042500005,0.0
2025-01-02,132,q4_warmup,0.4539,615.9116666666666,0.0,560.5,0.0,560.5,55.41166666666663,0.0,-0.0,0.0,1200.0,1200.0,254.41095,125.75677749999994,0.0
2025-01-02,133,q4_warmup,0.3707,591.5881,0.0,550.9598,0.0,1091.3009522633745,40.6283000000002,540.3411522633744,0.0,0.0,1200.0,1686.307037037037,404.5452630040328,75.30455405000036,1.1368683772161605e-13
2025-01-02,134,q4_warmup,0.3724,594.7760999999999,0.0,578.4886666666666,0.0,578.4886666666666,16.287433333333297,0.0,-0.0,0.0,1686.307037037037,1686.307037037037,215.42917946666665,30.3272008666666,0.0
2025-01-02,135,q4_warmup,0.3623,587.8716666666667,0.0,586.895,0.0,1420.2283333333337,0.9766666666665742,833.3333333333333,0.0,0.0,1686.307037037037,2436.307037037037,514.5487251666667,1.7692316666664991,0.0
2025-01-02,136,q4_warmup,0.4398,596.2832333333333,0.0,593.5879833333333,0.0,593.5879833333333,2.6952499999999877,0.0,-0.0,0.0,2436.307037037037,2436.307037037037,261.05999507,5.926854749999973,0.0
2025-01-02,137,q4_warmup,0.4911,579.7073333333334,0.0,564.3446666666667,0.0,0.0,0.0,0.0,579.7073333333334,0.0,2436.307037037037,1792.1877777777777,0.0,0.0,0.0
2025-01-02,138,q4_warmup,0.473,553.9350000000001,0.0,548.3316666666666,0.0,0.0,20.96600000000024,0.0,532.9689999999999,0.0,1792.1877777777777,1200.0,0.0,49.58459000000055,1.1368683772161605e-13
2025-01-02,139,q4_warmup,0.4541,579.7343833333333,0.0,629.0425333333334,0.0,629.0425333333334,0.0,-0.0,0.0,49.30815000000007,1200.0,1200.0,285.64821438666667,0.0,0.0
2025-01-02,140,q4_warmup,0.4446,606.82325,0.0,647.27,0.0,647.27,0.0,-0.0,0.0,40.44674999999996,1200.0,1200.0,287.776242,0.0,-7.105427357601002e-15
2025-01-02,141,q4_warmup,0.4413,616.8266666666667,0.0,587.5233333333333,0.0,587.5233333333333,29.3033333333334,0.0,-0.0,0.0,1200.0,1200.0,259.274047,64.65780500000015,0.0
2025-01-02,142,q4_warmup,0.4391,628.2881666666666,0.0,592.2651500000001,0.0,592.2651500000001,36.023016666666535,0.0,-0.0,0.0,1200.0,1200.0,260.063627365,79.08853309166638,0.0
2025-01-02,143,q4_warmup,0.4199,571.3670000000001,0.0,616.1856833333333,0.0,616.1856833333333,0.0,-0.0,0.0,44.81868333333318,1200.0,1200.0,258.7363684316666,0.0,0.0
2025-01-02,144,q4_warmup,0.4054,486.52,0.0,616.1166666666667,0.0,616.1166666666667,0.0,-0.0,0.0,129.5966666666667,1200.0,1200.0,249.77369666666667,0.0,0.0
2025-01-03,1,q4_warmup,0.4323,492.3918166666666,0.0,603.7584833333334,0.0,603.7584833333334,0.0,-0.0,0.0,111.3666666666668,1200.0,1200.0,261.00479234500006,0.0,0.0
2025-01-03,2,q4_warmup,0.4274,493.43503333333337,0.0,603.7935166666667,0.0,603.7935166666667,0.0,0.0,0.0,110.35848333333335,1200.0,1200.0,258.0613490233334,0.0,0.0
2025-01-03,3,q4_warmup,0.3899,459.41833333333335,0.0,618.0383333333333,0.0,618.0383333333333,0.0,0.0,0.0,158.61999999999995,1200.0,1200.0,240.97314616666668,0.0,0.0
2025-01-03,4,q4_warmup,0.3911,454.1775666666667,0.0,625.0871,0.0,625.0871,0.0,0.0,0.0,170.9095333333333,1200.0,1200.0,244.47156481,0.0,0.0
2025-01-03,5,q4_warmup,0.389,439.95568333333335,0.0,614.1506333333333,0.0,1280.8173000000002,0.0,833.3333333333334,0.0,7.528283333333434,1200.0,1950.0,498.23792970000005,0.0,0.0
2025-01-03,6,q4_warmup,0.3604,430.6266666666667,0.0,607.3566666666667,0.0,1440.69,0.0,666.6666666666687,0.0,343.3966666666646,1950.0,2550.000000000002,519.224676,0.0,0.0
2025-01-03,7,q4_warmup,0.33,483.7801833333333,0.0,634.8829999999999,0.0,1468.2163333333333,0.0,833.3333333333334,0.0,151.10281666666663,2550.000000000002,3300.000000000002,484.51139,0.0,0.0
2025-01-03,8,q4_warmup,0.3201,521.8418333333333,0.0,642.5204333333334,0.0,1475.8537666666666,0.0,833.3333333333334,0.0,120.67859999999996,3300.000000000002,4050.000000000002,472.42079071,0.0,0.0
2025-01-03,9,q4_warmup,0.3449,509.47,0.0,630.63,0.0,1463.9633333333334,0.0,833.3333333333334,0.0,121.15999999999995,4050.000000000002,4800.000000000002,504.92095366666666,0.0,0.0
2025-01-03,10,q4_warmup,0.3981,487.25686666666667,0.0,651.2308166666667,0.0,651.2308166666667,0.0,163.97395,0.0,0.0,4800.000000000002,4947.5765550000015,259.254988115,0.0,0.0
2025-01-03,11,q4_warmup,0.4209,490.1092166666666,0.0,661.3733,0.0,661.3733,0.0,171.26408333333336,0.0,0.0,4947.5765550000015,5101.714230000001,278.37202197,0.0,0.0
2025-01-03,12,q4_warmup,0.3978,507.8683333333333,0.0,647.795,0.0,647.795,0.0,139.92666666666668,0.0,0.0,5101.714230000001,5227.648230000002,257.692851,0.0,0.0
2025-01-03,13,q4_warmup,0.3609,500.10395,0.0,644.2316833333333,0.0,1477.565016666667,0.0,358.1686333333336,0.0,619.2924333333332,5227.648230000002,5550.000000000002,533.253214515,0.0,0.0
2025-01-03,14,q4_warmup,0.3095,476.75458333333336,0.0,655.2810166666667,0.0,1488.61435,0.0,833.3333333333334,0.0,178.52643333333333,5550.000000000002,6300.000000000002,460.726141325,0.0,0.0
2025-01-03,15,q4_warmup,0.297,466.6833333333333,0.0,675.9966666666667,0.0,1509.33,0.0,833.3333333333334,0.0,209.3133333333332,6300.000000000002,7050.000000000002,448.27100999999993,0.0,0.0
2025-01-03,16,q4_warmup,0.3844,492.21538333333336,0.0,694.1636666666667,0.0,1527.497,0.0,833.3333333333334,0.0,201.94828333333328,7050.000000000002,7800.000000000002,587.1698468000001,0.0,0.0
2025-01-03,17,q4_warmup,0.4193,526.83435,0.0,677.9054333333333,0.0,677.9054333333333,0.0,151.07108333333338,0.0,0.0,7800.000000000002,7935.9639750000015,284.2457481966667,0.0,0.0
2025-01-03,18,q4_warmup,0.3772,549.0,0.0,653.24,0.0,1486.5733333333333,0.0,682.2622500000003,0.0,255.31108333333293,7935.9639750000015,8550.000000000002,560.7354613333333,0.0,0.0
2025-01-03,19,q4_warmup,0.3799,557.7891666666667,0.0,678.0538333333333,0.0,1511.3871666666666,0.0,833.3333333333334,0.0,120.2646666666666,8550.000000000002,9300.000000000002,574.1759846166667,0.0,0.0
2025-01-03,20,q4_warmup,0.4092,565.0962833333333,0.0,690.0798666666666,0.0,690.0798666666666,0.0,0.0,0.0,124.98358333333329,9300.000000000002,9300.000000000002,282.38068144,0.0,0.0
2025-01-03,21,q4_warmup,0.4294,571.1033333333334,0.0,676.8533333333334,0.0,676.8533333333334,0.0,0.0,0.0,105.75,9300.000000000002,9300.000000000002,290.6408213333333,0.0,0.0
2025-01-03,22,q4_warmup,0.4309,562.64675,0.0,689.7840166666666,0.0,689.7840166666666,0.0,0.0,0.0,127.13726666666662,9300.000000000002,9300.000000000002,297.22793278166665,0.0,0.0
2025-01-03,23,q4_warmup,0.4294,534.0349333333334,0.0,713.8835166666667,0.0,713.8835166666667,0.0,0.0,0.0,179.8485833333333,9300.000000000002,9300.000000000002,306.54158205666664,0.0,0.0
2025-01-03,24,q4_warmup,0.4312,525.8566666666667,0.0,721.8299999999999,0.0,721.8299999999999,0.0,0.0,0.0,195.97333333333324,9300.000000000002,9300.000000000002,311.253096,0.0,0.0
2025-01-03,25,q4_warmup,0.4266,578.3907166666667,0.0,704.1930833333332,0.0,704.1930833333332,0.0,125.80236666666656,0.0,0.0,9300.000000000002,9413.222130000002,300.40876934999994,0.0,0.0
2025-01-03,26,q4_warmup,0.4067,561.9044333333333,0.0,700.3314999999999,0.0,700.3314999999999,0.0,138.42706666666663,0.0,0.0,9413.222130000002,9537.806490000004,284.82482105,0.0,0.0
2025-01-03,27,q4_warmup,0.3821,490.93,0.0,712.3166666666666,0.0,1545.65,0.0,569.103899999997,0.0,485.61610000000303,9537.806490000004,10050.0,590.5928650000001,0.0,0.0
2025-01-03,28,q4_warmup,0.3764,512.4968166666666,0.0,703.1725333333334,0.0,1536.5058666666669,0.0,833.3333333333334,0.0,190.67571666666677,10050.0,10800.0,578.3408082133334,0.0,0.0
2025-01-03,29,q4_warmup,0.391,557.1438333333333,0.0,678.2314166666666,0.0,678.2314166666666,0.0,0.0,-0.0,121.08758333333331,10800.0,10800.0,265.18848391666666,0.0,0.0
2025-01-03,30,q4_warmup,0.4065,556.9250000000001,0.0,671.8249999999999,0.0,671.8249999999999,0.0,0.0,-0.0,114.89999999999986,10800.0,10800.0,273.0968625,0.0,0.0
2025-01-03,31,q4_warmup,0.4053,521.7394,0.0003166666666666,710.4925499999999,0.0003666666666666,710.4921833333333,0.0,0.0,-0.0,188.7530999999999,10800.0,10800.0,287.962481905,0.0,0.0
2025-01-03,32,q4_warmup,0.432,537.3937833333333,0.0,721.7514333333334,0.0,721.7514333333334,0.0,0.0,-0.0,184.35765000000004,10800.0,10800.0,311.7966192,0.0,0.0
2025-01-03,33,q4_warmup,0.4612,601.3083333333333,0.0,691.5216666666666,0.0,691.5216666666666,0.0,0.0,-0.0,90.21333333333337,10800.0,10800.0,318.92979266666663,0.0,0.0
2025-01-03,34,q4_warmup,0.4479,622.2831833333333,0.0045166666666666,688.3891,0.0051166666666666,688.3839833333333,0.0,0.0,-0.0,66.1053166666666,10800.0,10800.0,308.327186135,0.0,-2.8421709430404014e-14
2025-01-03,35,q4_warmup,0.5953,583.8953,0.0,773.6214333333334,0.0,773.6214333333334,0.0,0.0,-0.0,189.7261333333333,10800.0,10800.0,460.5368392633334,0.0,0.0
2025-01-03,36,q4_warmup,0.8394,542.7966666666667,0.0,901.9316666666668,0.0,901.9316666666668,0.0,0.0,-0.0,359.135,10800.0,10800.0,757.081441,0.0,0.0
2025-01-03,37,q4_warmup,0.8855,570.2083333333334,0.0628666666666666,956.46685,0.0713166666666666,956.3955333333332,0.0,0.0,-0.0,386.2500666666665,10800.0,10800.0,846.8882447666665,0.0,0.0
2025-01-03,38,q4_warmup,0.8344,586.61005,0.0,949.2315166666668,0.0,949.2315166666668,0.0,0.0,-0.0,362.6214666666667,10800.0,10800.0,792.0387775066667,0.0,0.0
2025-01-03,39,q4_warmup,0.801,560.9833333333333,0.0,922.9433333333332,0.0,922.9433333333332,0.0,0.0,-0.0,361.9599999999999,10800.0,10800.0,739.27761,0.0,0.0
2025-01-03,40,q4_warmup,0.8053,545.6809999999999,0.8755833333333333,910.2624333333332,0.9932666666666666,909.2691666666668,0.0,0.0,-0.0,364.4637500000001,10800.0,10800.0,732.2344599166668,0.0,0.0
2025-01-03,41,q4_warmup,0.8421,577.0283166666667,0.0,913.9334166666666,0.0,913.9334166666666,0.0,0.0,-0.0,336.90509999999995,10800.0,10800.0,769.623330175,0.0,0.0
2025-01-03,42,q4_warmup,0.8647,631.2016666666667,1.69375,923.48,1.10625,922.37375,0.0,0.0,-0.0,292.8658333333333,10800.0,10800.0,797.576581625,0.0,0.0
2025-01-03,43,q4_warmup,0.8348,649.1770333333333,31.512733333333333,929.2227833333332,32.09305,897.1297333333333,0.0,0.0,-0.0,279.4654333333334,10800.0,10800.0,748.9239013866667,0.0,0.0
2025-01-03,44,q4_warmup,0.8811,650.8262166666667,73.67421666666667,944.9938833333334,74.27036666666667,870.7235166666668,0.0,0.0,-0.0,293.57151666666675,10800.0,10800.0,767.1944905350001,0.0,0.0
2025-01-03,45,q4_warmup,0.9268,652.3216666666666,117.24375,927.7766666666666,116.89375,810.8829166666667,0.0,0.0,-0.0,275.80500000000006,10800.0,10800.0,751.5262871666666,0.0,0.0
2025-01-03,46,q4_warmup,0.7983,649.5451166666667,162.0594,846.9908999999999,162.76158333333333,684.2293166666666,0.0,0.0,-0.0,196.74359999999996,10800.0,10800.0,546.2202634949999,0.0,-2.8421709430404014e-14
2025-01-03,47,q4_warmup,0.9003,653.0534666666666,206.98041666666663,956.2591166666666,209.64165,746.6174666666666,0.0,0.0,-0.0,300.5444166666666,10800.0,10800.0,672.17970524,0.0,0.0
2025-01-03,48,q4_warmup,1.1821,670.93,254.88125,1200.9583333333333,256.05625000000003,111.5687499999998,0.0,0.0,304.48000000000013,0.0,10800.0,10461.688888888888,131.88541937499974,0.0,0.0
2025-01-03,49,q4_warmup,1.1654,691.0543833333332,307.75635,1253.2699833333334,303.3820666666667,116.55458333333333,0.0,0.0,266.74344999999994,0.0,10461.688888888888,10165.307277777776,135.83271141666663,0.0,0.0
2025-01-03,50,q4_warmup,1.0647,651.0169500000001,347.85948333333334,1208.9710833333334,355.49646666666666,20.141283333333263,0.0,0.0,283.01618333333346,0.0,10165.307277777776,9850.84485185185,21.444424364999925,0.0,0.0
2025-01-03,51,q4_warmup,1.034,587.37,382.15625,1192.77,411.95625,0.0,0.0,0.0,205.21375,0.0,9850.84485185185,9622.829574074072,0.0,0.0,0.0
2025-01-03,52,q4_warmup,1.0118,614.941,436.74098333333336,1225.2615666666668,466.2322,0.0,0.0,0.0,178.20001666666667,0.0,9622.829574074072,9424.829555555554,0.0,0.0,0.0
2025-01-03,53,q4_warmup,1.032,714.1223833333333,495.9123833333333,1238.3733166666666,507.9592666666667,0.0,0.0,0.0,218.21000000000004,0.0,9424.829555555554,9182.373999999998,0.0,0.0,0.0
2025-01-03,54,q4_warmup,1.0652,792.2566666666667,543.875,1215.875,544.5437499999999,0.0,0.0,0.0,248.38166666666663,0.0,9182.373999999998,8906.394370370368,0.0,0.0,0.0
2025-01-03,55,q4_warmup,1.0285,765.2096333333334,578.5894,1201.27615,591.1414166666667,0.0,0.0,0.0,186.62023333333343,0.0,8906.394370370368,8699.038555555553,0.0,0.0,0.0
2025-01-03,56,q4_warmup,0.9814,731.9297,610.2687,1185.6470833333333,621.1148333333333,426.1857333333321,0.0,0.0,0.0,304.52473333333205,8699.038555555553,8699.038555555553,418.2586786933322,0.0,-1.1368683772161605e-13
2025-01-03,57,q4_warmup,0.9601,749.3733333333333,651.0,1170.52,640.7062500000001,529.8137499999999,0.0,0.0,0.0,431.4404166666666,8699.038555555553,8699.038555555553,508.6741813749999,0.0,-1.1368683772161605e-13
2025-01-03,58,q4_warmup,0.9565,778.8889333333333,706.2720666666668,1174.6586166666666,682.7234666666667,491.9351499999999,0.0,0.0,0.0,419.3182833333334,8699.038555555553,8699.038555555553,470.535970975,0.0,0.0
2025-01-03,59,q4_warmup,1.0177,756.3689666666668,759.8901333333333,1188.16985,713.9437166666667,0.0,0.0,0.0,0.0,3.521166666666545,8699.038555555553,8699.038555555553,0.0,0.0,0.0
2025-01-03,60,q4_warmup,1.0918,708.915,799.875,1191.85,726.0187500000001,0.0,0.0,0.0,0.0,90.96000000000004,8699.038555555553,8699.038555555553,0.0,0.0,0.0
2025-01-03,61,q4_warmup,1.0725,725.8533000000001,822.2695833333333,1175.57585,748.6046833333334,0.0,0.0,0.0,0.0,96.41628333333324,8699.038555555553,8699.038555555553,0.0,0.0,0.0
2025-01-03,62,q4_warmup,1.0839,760.2572833333334,818.2747166666667,1171.4651,794.4014999999999,0.0,0.0,0.0,0.0,58.01743333333332,8699.038555555553,8699.038555555553,0.0,0.0,0.0
2025-01-03,63,q4_warmup,1.1421,758.835,813.4499999999999,1185.9233333333334,836.5749999999999,0.0,0.0,0.0,0.0,54.614999999999895,8699.038555555553,8699.038555555553,0.0,0.0,0.0
2025-01-03,64,q4_warmup,1.1022,714.9560333333334,846.1483,1193.1336,836.6437500000001,0.0,0.0,0.0,0.0,131.19226666666657,8699.038555555553,8699.038555555553,0.0,0.0,0.0
2025-01-03,65,q4_warmup,0.8505,691.0286833333333,866.0403,1184.027466666667,846.2285833333334,337.79888333333326,0.0,0.0,0.0,512.8104999999999,8699.038555555553,8699.038555555553,287.29795027499995,0.0,0.0
2025-01-03,66,q4_warmup,0.5512,707.9533333333334,864.9562500000001,1164.7416666666666,879.59375,1118.4812499999998,0.0,0.0,0.0,1275.4841666666666,8699.038555555553,8699.038555555553,616.506865,0.0,0.0
2025-01-03,67,q4_warmup,0.5128,729.41995,885.9791833333334,1150.8726,898.2831666666666,1085.9227666666666,0.0,0.0,0.0,1242.482,8699.038555555553,8699.038555555553,556.8611947466667,0.0,0.0
2025-01-03,68,q4_warmup,0.5524,726.0421333333334,918.99325,1153.1421,894.8198333333333,1091.6556,0.0,0.0,0.0,1284.606716666667,8699.038555555553,8699.038555555553,603.0305534400001,0.0,0.0
2025-01-03,69,q4_warmup,0.5338,715.375,955.3125,1175.575,888.3312500000001,1120.5770833333331,0.0,0.0,0.0,1360.5145833333331,8699.038555555553,8699.038555555553,598.1640470833333,0.0,2.273736754432321e-13
2025-01-03,70,q4_warmup,0.485,738.6277,997.35835,1204.039533333333,902.1055166666666,1135.26735,0.0,0.0,0.0,1393.998,8699.038555555553,8699.038555555553,550.60466475,0.0,0.0
2025-01-03,71,q4_warmup,0.4077,754.7856166666667,1030.3739,1176.912283333333,904.8863666666666,1105.35925,0.0,0.0,0.0,1380.9475333333337,8699.038555555553,8699.038555555553,450.654966225,0.0,0.0
2025-01-03,72,q4_warmup,0.3623,734.4033333333333,1038.68125,1104.6466666666668,888.0500000000001,1049.93,0.0,0.0,0.0,1354.2079166666667,8699.038555555553,8699.038555555553,380.3896390000001,0.0,0.0
2025-01-03,73,q4_warmup,0.4249,693.5735166666667,1020.7243333333332,1064.25525,874.8249166666666,1022.7636666666668,0.0,0.0,0.0,1349.9144833333332,8699.038555555553,8699.038555555553,434.5722819666667,0.0,-2.273736754432321e-13
2025-01-03,74,q4_warmup,0.4701,695.9230666666667,1014.9048,1063.2235833333334,869.8719833333333,1026.6849333333334,0.0,0.0,0.0,1345.6666666666667,8699.038555555553,8699.038555555553,482.64458716000007,0.0,0.0
2025-01-03,75,q4_warmup,0.4408,722.005,1015.9625,1086.18,870.475,1049.0383333333334,0.0,1.068271604943018,0.0,1341.9275617283904,8699.038555555553,8700.000000000002,462.41609733333337,0.0,0.0
2025-01-03,76,q4_warmup,0.4295,692.80085,981.0365833333334,1112.9026333333334,873.7157000000001,1072.5202666666669,0.0,833.3333333333333,0.0,527.4226666666668,8700.000000000002,9450.000000000002,460.6474545333333,0.0,-2.273736754432321e-13
2025-01-03,77,q4_warmup,0.6314,666.4078000000001,931.0459833333332,1123.3765,884.69285,1072.0169833333334,0.0,833.3333333333333,0.0,503.3218333333332,9450.000000000002,10200.000000000002,676.8715232766667,0.0,0.0
2025-01-03,78,q4_warmup,0.9,668.125,897.3937500000001,1129.381666666667,898.88125,0.0,0.0,0.0,0.0,229.26875000000007,10200.000000000002,10200.000000000002,0.0,0.0,0.0
2025-01-03,79,q4_warmup,0.8765,666.7382166666666,896.1923666666667,1153.9178166666668,902.25435,0.0001482188945777,0.0,0.0,0.0,229.45429821889456,10200.000000000002,10200.000000000002,0.0001299138610974,0.0,0.0
2025-01-03,80,q4_warmup,0.8044,675.4760666666667,906.7330666666668,1141.849516666667,889.5512666666667,252.29824999999997,0.0,0.0,0.0,483.55525,10200.000000000002,10200.000000000002,202.94871229999995,0.0,0.0
2025-01-03,81,q4_warmup,0.7991,674.615,902.3625,1103.6916666666666,861.36875,242.32291666666663,0.0,0.0,0.0,470.0704166666666,10200.000000000002,10200.000000000002,193.6402427083333,0.0,1.1368683772161605e-13
2025-01-03,82,q4_warmup,0.7672,631.4917833333333,869.7616666666667,1109.1362666666666,826.7602499999999,282.3760166666667,0.0,0.0,0.0,520.6459000000001,10200.000000000002,10200.000000000002,216.6388799866667,0.0,0.0
2025-01-03,83,q4_warmup,0.8981,635.46365,835.16485,1124.2132333333334,812.2506666666667,0.0,0.0,0.0,0.0,199.7012,10200.000000000002,10200.000000000002,0.0,0.0,0.0
2025-01-03,84,q4_warmup,1.1161,682.5116666666667,811.75,1128.121666666667,798.5749999999999,0.0,0.0,0.0,0.0,129.23833333333334,10200.000000000002,10200.000000000002,0.0,0.0,0.0
2025-01-03,85,q4_warmup,1.1201,677.3463,789.3217500000001,1130.9200666666668,740.0843166666667,0.0,0.0,0.0,0.0,111.97545000000002,10200.000000000002,10200.000000000002,0.0,0.0,0.0
2025-01-03,86,q4_warmup,1.0592,655.4356833333333,756.4158000000001,1108.5780166666666,683.8292499999999,0.0,0.0,0.0,0.0,100.98011666666685,10200.000000000002,10200.000000000002,0.0,0.0,0.0
2025-01-03,87,q4_warmup,1.0922,648.6683333333334,714.84375,1086.621666666667,649.63125,0.0,0.0,0.0,0.0,66.17541666666659,10200.000000000002,10200.000000000002,0.0,0.0,0.0
2025-01-03,88,q4_warmup,1.1903,650.14445,672.6457833333333,1116.5649,612.0712,0.0,0.0,0.0,0.0,22.501333333333264,10200.000000000002,10200.000000000002,0.0,0.0,0.0
2025-01-03,89,q4_warmup,1.0195,648.44385,611.12495,1124.2048166666666,568.6041666666666,0.0,0.0,0.0,37.31889999999999,0.0,10200.000000000002,10158.534555555558,0.0,0.0,0.0
2025-01-03,90,q4_warmup,0.6815,633.4566666666666,543.7375000000001,1103.5233333333333,523.3625000000001,1413.4941666666666,0.0,0.0,0.0,1323.775,10158.534555555558,10158.534555555558,963.2962745833332,0.0,0.0
2025-01-03,91,q4_warmup,0.63,608.3562166666667,504.37115,1114.42305,479.6929666666667,1468.0634166666669,0.0,0.0,0.0,1364.0783500000002,10158.534555555558,10158.534555555558,924.8799525000002,0.0,0.0
2025-01-03,92,q4_warmup,0.6917,618.06835,455.1596833333333,1085.0556666666666,436.3165833333333,1482.0724166666669,0.0,0.0,0.0,1319.1637500000002,10158.534555555558,10158.534555555558,1025.1494906083335,0.0,0.0
2025-01-03,93,q4_warmup,0.7013,643.4883333333333,395.7625,1036.7983333333334,393.33125,1476.800416666667,0.0,0.0,0.0,1229.0745833333335,10158.534555555558,10158.534555555558,1035.6801322083336,0.0,0.0
2025-01-03,94,q4_warmup,0.679,622.6913000000001,361.9624833333333,1067.7117166666667,353.22523333333334,1547.8198166666666,0.0,0.0,0.0,1287.091,10158.534555555558,10158.534555555558,1050.9696555166668,0.0,0.0
2025-01-03,95,q4_warmup,0.7045,616.6646166666667,313.0255833333333,1079.0997,317.45385,1504.0436917050658,0.0,712.739382716047,0.0,487.6652756556855,10158.534555555558,10800.0,1059.5987808062189,0.0,0.0
2025-01-03,96,q4_warmup,0.7784,636.1999999999999,246.69375,1048.3733333333332,277.1,771.2733333333333,0.0,0.0,0.0,381.7670833333334,10800.0,10800.0,600.3591626666666,0.0,0.0
2025-01-03,97,q4_warmup,0.8201,625.32535,203.82881666666665,1051.2218333333333,221.0176,830.2042333333333,0.0,0.0,-0.0,408.70769999999993,10800.0,10800.0,680.8504917566667,0.0,1.1368683772161605e-13
2025-01-03,98,q4_warmup,0.7953,588.8597333333333,165.86763333333332,1052.0362,168.58335,883.45285,0.0,0.0,0.0,460.46075,10800.0,10800.0,702.610051605,0.0,1.1368683772161605e-13
2025-01-03,99,q4_warmup,0.7609,567.71,120.89375,1039.88,126.2875,913.5925,0.0,0.0,-0.0,466.77624999999983,10800.0,10800.0,695.1525332499999,0.0,5.684341886080803e-14
2025-01-03,100,q4_warmup,0.806,590.6936,76.87588333333333,1046.0812833333332,82.42743333333333,963.65385,0.0,0.0,-0.0,449.8361333333333,10800.0,10800.0,776.7050031,0.0,5.684341886080803e-14
2025-01-03,101,q4_warmup,0.8384,564.2552666666667,33.3696,1055.9239666666667,35.64405,1020.2799166666668,0.0,0.0,-0.0,489.39425000000006,10800.0,10800.0,855.4026821333334,0.0,1.1368683772161605e-13
2025-01-03,102,q4_warmup,0.8291,499.42333333333335,1.625,1052.9583333333333,1.1125,1051.8458333333333,0.0,0.0,-0.0,554.0474999999999,10800.0,10800.0,872.0853804166666,0.0,0.0
2025-01-03,103,q4_warmup,0.8362,499.08248333333336,0.0,1035.95475,0.0,1035.95475,0.0,0.0,-0.0,536.8722666666667,10800.0,10800.0,866.2653619500002,0.0,0.0
2025-01-03,104,q4_warmup,0.8309,496.13416666666666,0.96115,1022.8493,1.120766666666667,1021.7285333333332,0.0,0.0,-0.0,526.5555166666667,10800.0,10800.0,848.9542383466666,0.0,-1.1368683772161605e-13
2025-01-03,105,q4_warmup,0.7971,474.5366666666666,0.0,1030.871666666667,0.0,1030.871666666667,0.0,0.0,-0.0,556.335,10800.0,10800.0,821.7078055000001,0.0,0.0
2025-01-03,106,q4_warmup,0.7805,488.4798666666666,0.0,1045.9988666666666,0.0,1045.9988666666666,0.0,0.0,-0.0,557.519,10800.0,10800.0,816.4021154333333,0.0,0.0
2025-01-03,107,q4_warmup,0.9189,495.1238666666666,0.0689999999999999,958.23075,0.0804666666666666,958.1502833333334,0.0,0.0,-0.0,463.0954166666669,10800.0,10800.0,880.4442953550001,0.0,-5.684341886080803e-14
2025-01-03,108,q4_warmup,1.1145,476.50500000000005,0.0,804.215,0.0,804.215,0.0,0.0,-0.0,327.71,10800.0,10800.0,896.2976175000001,0.0,0.0
2025-01-03,109,q4_warmup,1.1198,461.3111,0.0,743.7868,0.0,743.7868,0.0,0.0,-0.0,282.4757,10800.0,10800.0,832.8924586399999,0.0,0.0
2025-01-03,110,q4_warmup,1.1147,463.1184666666666,0.00495,747.9326666666666,0.0057833333333333,747.9268833333333,0.0,0.0,-0.0,284.8133666666667,10800.0,10800.0,833.7140968516667,0.0,0.0
2025-01-03,111,q4_warmup,1.1493,468.3133333333333,0.0,755.225,0.0,755.225,0.0,0.0,-0.0,286.91166666666675,10800.0,10800.0,867.9800925000001,0.0,0.0
2025-01-03,112,q4_warmup,1.1135,451.9949666666666,0.0,738.8777833333334,0.0,738.8777833333334,0.0,0.0,-0.0,286.8828166666668,10800.0,10800.0,822.7404117416667,0.0,0.0
2025-01-03,113,q4_warmup,1.1986,434.9132666666667,0.00035,741.03175,0.0004166666666666,741.0313333333334,0.0,0.0,-0.0,306.1184166666667,10800.0,10800.0,888.2001561333334,0.0,0.0
2025-01-03,114,q4_warmup,1.3715,434.82,0.0,753.7816666666666,0.0,0.0,0.0,0.0,434.82,0.0,10800.0,10316.866666666669,0.0,0.0,0.0
2025-01-03,115,q4_warmup,1.385,448.21465,0.0,727.5680166666666,0.0,0.0,0.0,0.0,448.21465,0.0,10316.866666666669,9818.850388888888,0.0,0.0,0.0
2025-01-03,116,q4_warmup,1.3439,447.51981666666666,0.0,712.1621166666667,0.0,0.0,0.0,0.0,447.51981666666666,0.0,9818.850388888888,9321.606148148148,0.0,0.0,0.0
2025-01-03,117,q4_warmup,1.3433,451.26666666666665,0.0,727.6233333333333,0.0,0.0,0.0,0.0,451.26666666666665,0.0,9321.606148148148,8820.19874074074,0.0,0.0,0.0
2025-01-03,118,q4_warmup,1.3698,498.0395333333333,0.0,743.2633166666666,0.0,0.0,0.0,0.0,498.0395333333333,0.0,8820.19874074074,8266.82148148148,0.0,0.0,0.0
2025-01-03,119,q4_warmup,1.3803,503.7479166666667,0.0,747.32795,0.0,0.0,0.0,0.0,503.7479166666667,0.0,8266.82148148148,7707.101574074072,0.0,0.0,0.0
2025-01-03,120,q4_warmup,1.3698,466.3433333333333,0.0,751.5433333333334,0.0,0.0,0.0,0.0,466.3433333333333,0.0,7707.101574074072,7188.942314814813,0.0,0.0,0.0
2025-01-03,121,q4_warmup,1.366,466.8901666666666,0.0,770.4769166666666,0.0,0.0,0.0,0.0,466.8901666666666,0.0,7188.942314814813,6670.17546296296,0.0,0.0,0.0
2025-01-03,122,q4_warmup,1.3515,468.33415,0.0,760.1001,0.0,0.0,0.0,0.0,468.33415,0.0,6670.17546296296,6149.804185185183,0.0,0.0,0.0
2025-01-03,123,q4_warmup,1.3654,461.0333333333333,0.0,720.5766666666667,0.0,0.0,0.0,0.0,461.0333333333333,0.0,6149.804185185183,5637.544925925924,0.0,0.0,0.0
2025-01-03,124,q4_warmup,1.4264,477.62715,0.0,704.1293000000001,0.0,0.0,0.0,0.0,477.62715,0.0,5637.544925925924,5106.848092592591,0.0,0.0,0.0
2025-01-03,125,q4_warmup,1.2185,488.6862,0.0,733.0050833333333,0.0,211.55780000000004,0.0,0.0,277.12839999999994,0.0,5106.848092592591,4798.927648148147,257.78317930000003,0.0,0.0
2025-01-03,126,q4_warmup,0.8499,483.95,0.0,774.7116666666667,0.0,774.7116666666667,0.0,0.0,0.0,290.7616666666667,4798.927648148147,4798.927648148147,658.4274455,0.0,0.0
2025-01-03,127,q4_warmup,0.7696,479.34768333333335,0.0,772.2666666666668,0.0,772.2666666666668,0.0,0.0,0.0,292.9189833333334,4798.927648148147,4798.927648148147,594.3364266666667,0.0,0.0
2025-01-03,128,q4_warmup,0.772,456.58206666666666,0.0,756.4289666666667,0.0,756.4289666666667,0.0,0.0,0.0,299.84690000000006,4798.927648148147,4798.927648148147,583.9631622666667,0.0,0.0
2025-01-03,129,q4_warmup,0.7545,441.1266666666667,0.0,764.8116666666666,0.0,764.8116666666666,0.0,0.0,0.0,323.6849999999999,4798.927648148147,4798.927648148147,577.0504024999999,0.0,0.0
2025-01-03,130,q4_warmup,0.7962,475.7172166666667,0.0,792.1586333333333,0.0,792.1586333333333,0.0,0.0,0.0,316.44141666666667,4798.927648148147,4798.927648148147,630.71670386,0.0,0.0
2025-01-03,131,q4_warmup,0.6343,466.8642333333333,0.0,731.3947166666667,0.0,731.3947166666667,0.0,0.0,0.0,264.5304833333334,4798.927648148147,4798.927648148147,463.92366878166666,0.0,0.0
2025-01-03,132,q4_warmup,0.3392,413.5733333333333,0.0,615.9116666666666,0.0,615.9116666666666,0.0,0.0,0.0,202.3383333333333,4798.927648148147,4798.927648148147,208.91723733333333,0.0,0.0
2025-01-03,133,q4_warmup,0.2766,408.95865,0.0,591.5881,0.0,1424.9214333333334,0.0,0.0,0.0,1015.9627833333334,4798.927648148147,4798.927648148147,394.13326846000007,0.0,0.0
2025-01-03,134,q4_warmup,0.3116,416.0794,0.0,594.7760999999999,0.0,594.7760999999999,0.0,0.0,0.0,178.6966999999999,4798.927648148147,4798.927648148147,185.33223276,0.0,0.0
2025-01-03,135,q4_warmup,0.3267,410.3433333333333,0.0,587.8716666666667,0.0,587.8716666666667,0.0,0.0,0.0,177.52833333333336,4798.927648148147,4798.927648148147,192.0576735,0.0,0.0
2025-01-03,136,q4_warmup,0.3398,409.15795,0.0,596.2832333333333,0.0,596.2832333333333,0.0,0.0,0.0,187.1252833333333,4798.927648148147,4798.927648148147,202.61704268666665,0.0,0.0
2025-01-03,137,q4_warmup,0.3237,413.0683333333333,0.0,579.7073333333334,0.0,579.7073333333334,0.0,0.0,0.0,166.63900000000007,4798.927648148147,4798.927648148147,187.6512638,0.0,0.0
2025-01-03,138,q4_warmup,0.3064,421.9066666666667,0.0,553.9350000000001,0.0,553.9350000000001,0.0,0.0,0.0,132.02833333333336,4798.927648148147,4798.927648148147,169.72568400000003,0.0,0.0
2025-01-03,139,q4_warmup,0.3462,436.45973333333336,0.0,579.7343833333333,0.0,579.7343833333333,0.0,0.0,0.0,143.27464999999995,4798.927648148147,4798.927648148147,200.70404351,0.0,0.0
2025-01-03,140,q4_warmup,0.3545,445.81815,0.0,606.82325,0.0,606.82325,0.0,0.0,0.0,161.00510000000003,4798.927648148147,4798.927648148147,215.118842125,0.0,0.0
2025-01-03,141,q4_warmup,0.3201,448.1566666666667,0.0,616.8266666666667,0.0,616.8266666666667,0.0,0.0,0.0,168.67000000000002,4798.927648148147,4798.927648148147,197.446216,0.0,0.0
2025-01-03,142,q4_warmup,0.3247,452.06315,0.0,628.2881666666666,0.0,628.2881666666666,0.0,0.0,0.0,176.2250166666666,4798.927648148147,4798.927648148147,204.00516771666665,0.0,0.0
2025-01-03,143,q4_warmup,0.3604,459.1861333333333,0.0,571.3670000000001,0.0,382.88700000000006,0.0,0.0,76.29913333333326,0.0,4798.927648148147,4714.150833333332,137.99247480000002,0.0,0.0
2025-01-03,144,q4_warmup,0.3819,460.59,0.0,486.52,0.0,0.0,0.0,0.0,460.59,0.0,4714.150833333332,4202.384166666666,0.0,0.0,0.0
2025-01-04,1,q4_warmup,0.354,449.46571666666665,0.0,492.3918166666666,0.0,1156.4094092592602,0.0,706.9436925925936,0.0,0.0,4202.384166666666,4838.63349,409.3689308777781,0.0,0.0
2025-01-04,2,q4_warmup,0.3341,459.69795,0.0,493.43503333333337,0.0,1326.768366666667,0.0,790.4072333333352,0.0,76.66318333333152,4838.63349,5550.000000000002,443.2733113033333,0.0,0.0
2025-01-04,3,q4_warmup,0.3393,474.4666666666667,0.0,459.41833333333335,0.0,1292.7516666666668,15.048333333333176,833.3333333333333,0.0,0.0,5550.000000000002,6300.000000000002,438.6306405,25.52949749999973,0.0
2025-01-04,4,q4_warmup,0.3378,443.8067,0.0,454.1775666666667,0.0,1287.5109,0.0,833.3333333333333,0.0,10.370866666666757,6300.000000000002,7050.000000000002,434.92118202,0.0,0.0
2025-01-04,5,q4_warmup,0.356,426.70458333333335,0.0,439.95568333333335,0.0,439.95568333333335,0.0,13.251100000000008,0.0,0.0,7050.000000000002,7061.925990000002,156.62422326666666,0.0,0.0
2025-01-04,6,q4_warmup,0.3746,456.285,0.0,430.6266666666667,0.0,430.6266666666667,14.924942333333547,0.0,10.733390999999756,0.0,7061.925990000002,7050.000000000002,161.31274933333336,27.954416990333733,0.0
2025-01-04,7,q4_warmup,0.3457,501.7836333333333,0.0,483.7801833333333,0.0,1317.1135166666668,18.003449999999702,833.3333333333333,0.0,0.0,7050.000000000002,7800.000000000002,455.3261427116667,31.118963324999484,0.0
2025-01-04,8,q4_warmup,0.3459,496.28636666666665,0.0,521.8418333333333,0.0,1355.1751666666669,0.0,833.3333333333333,0.0,25.55546666666669,7800.000000000002,8550.000000000002,468.75509015,0.0,0.0
2025-01-04,9,q4_warmup,0.3709,462.8683333333333,0.0,509.47,0.0,509.47,0.0,46.601666666666745,0.0,0.0,8550.000000000002,8591.941500000003,188.962423,0.0,0.0
2025-01-04,10,q4_warmup,0.3401,484.0436833333333,0.0,487.25686666666667,0.0,1320.5902,0.0,786.7316666666658,0.0,49.814850000001,8591.941500000003,9300.000000000002,449.13272702000006,0.0,0.0
2025-01-04,11,q4_warmup,0.3175,490.6734333333333,0.0,490.1092166666666,0.0,1323.44255,0.5642166666666526,833.3333333333333,0.0,0.0,9300.000000000002,10050.000000000002,420.193009625,0.895693958333311,0.0
2025-01-04,12,q4_warmup,0.3397,473.23333333333335,0.0,507.8683333333333,0.0,1341.2016666666668,0.0,833.3333333333333,0.0,34.63500000000022,10050.000000000002,10800.000000000002,455.6062061666667,0.0,0.0
2025-01-04,13,q4_warmup,0.3761,493.5947166666666,0.0,500.10395,0.0,500.10395,0.0,0.0,1.6370904631912709e-12,6.509233333335021,10800.000000000002,10800.0,188.089095595,0.0,1.1546319456101628e-14
2025-01-04,14,q4_warmup,0.391,507.4181,0.0,476.75458333333336,0.0,476.75458333333336,30.66351666666826,0.0,-1.6370904631912709e-12,0.0,10800.0,10800.000000000002,186.4110420833333,59.94717508333645,0.0
2025-01-04,15,q4_warmup,0.3888,502.92,0.0,466.6833333333333,0.0,466.6833333333333,36.23666666666668,0.0,-0.0,0.0,10800.000000000002,10800.000000000002,181.44648,70.44408000000003,0.0
2025-01-04,16,q4_warmup,0.3997,514.7361833333333,0.0,492.21538333333336,0.0,492.21538333333336,22.52079999999995,0.0,-0.0,0.0,10800.000000000002,10800.000000000002,196.73848871833331,45.0078187999999,0.0
2025-01-04,17,q4_warmup,0.3982,523.4828,0.0,526.83435,0.0,526.83435,0.0,0.0,1.6370904631912709e-12,3.351550000001612,10800.000000000002,10800.0,209.78543817,0.0,-4.5297099404706393e-14
2025-01-04,18,q4_warmup,0.4058,520.01,0.0,549.0,0.0,549.0,0.0,0.0,-0.0,28.99000000000001,10800.0,10800.0,222.7842,0.0,0.0
2025-01-04,19,q4_warmup,0.4657,518.6503,0.0,557.7891666666667,0.0,0.0005716276232662,0.0,0.0,518.6497283723768,0.0,10800.0,10223.722524030693,0.000266206984155,0.0,0.0
2025-01-04,20,q4_warmup,0.4696,529.0792833333334,0.0,565.0962833333333,0.0,0.0,0.0,0.0,529.0792833333334,0.0,10223.722524030693,9635.85665366032,0.0,0.0,0.0
2025-01-04,21,q4_warmup,0.4065,537.1383333333333,0.0,571.1033333333334,0.0,571.1033333333334,0.0,0.0,0.0,33.96500000000003,9635.85665366032,9635.85665366032,232.153505,0.0,0.0
2025-01-04,22,q4_warmup,0.3808,523.4585333333333,0.0,562.64675,0.0,562.64675,0.0,0.0,0.0,39.18821666666668,9635.85665366032,9635.85665366032,214.2558824,0.0,0.0
2025-01-04,23,q4_warmup,0.4117,533.9196000000001,0.0,534.0349333333334,0.0,534.0349333333334,0.0,0.0,0.0,0.1153333333332966,9635.85665366032,9635.85665366032,219.86218205333336,0.0,0.0
2025-01-04,24,q4_warmup,0.4371,550.9366666666666,0.0,525.8566666666667,0.0,525.8566666666667,0.0,0.0,25.079999999999927,0.0,9635.85665366032,9607.989986993654,229.851949,0.0,0.0
2025-01-04,25,q4_warmup,0.3845,513.8285166666667,0.0,578.3907166666667,0.0,578.3907166666667,0.0,64.56219999999996,0.0,0.0,9607.989986993654,9666.095966993656,222.39123055833332,0.0,0.0
2025-01-04,26,q4_warmup,0.3654,504.93638333333337,0.0,561.9044333333333,0.0,1395.2377666666666,0.0,706.9490757201675,0.0,183.35230761316572,9666.095966993656,10302.350135141804,509.81987994,0.0,0.0
2025-01-04,27,q4_warmup,0.3969,536.6750000000001,0.0,490.93,0.0,490.93,45.74500000000006,0.0,-0.0,0.0,10302.350135141804,10302.350135141804,194.850117,90.78095250000013,0.0
2025-01-04,28,q4_warmup,0.3876,540.0349333333334,0.0,512.4968166666666,0.0,512.4968166666666,27.538116666666724,0.0,-0.0,0.0,10302.350135141804,10302.350135141804,198.64376614,53.36887010000011,0.0
2025-01-04,29,q4_warmup,0.3758,544.7534333333333,0.0,557.1438333333333,0.0,1110.088127620218,0.0,552.9442942868849,0.0,12.390399999999886,10302.350135141804,10800.000000000002,417.171118359678,0.0,0.0
2025-01-04,30,q4_warmup,0.3939,565.4033333333333,0.0,556.9250000000001,0.0,556.9250000000001,8.47833333333324,0.0,-0.0,0.0,10800.000000000002,10800.000000000002,219.3727575,16.698077499999812,0.0
2025-01-04,31,q4_warmup,0.4301,577.4903666666667,0.0003666666666666,521.7394,0.0003166666666666,521.7390833333334,55.75091666666661,0.0,-0.0,0.0,10800.000000000002,10800.000000000002,224.39997974166667,119.89234629166656,0.0
2025-01-04,32,q4_warmup,0.4571,565.6305333333333,0.0,537.3937833333333,0.0,537.3937833333333,28.23675000000003,0.0,-0.0,0.0,10800.000000000002,10800.000000000002,245.64269836166667,64.53509212500006,0.0
2025-01-04,33,q4_warmup,0.4388,546.5266666666666,0.0,601.3083333333333,0.0,601.3083333333333,0.0,0.0,1.6370904631912709e-12,54.78166666666827,10800.000000000002,10800.0,263.85409666666663,0.0,-4.263256414560601e-14
2025-01-04,34,q4_warmup,0.3941,552.1815,0.0052,622.2831833333333,0.0045166666666666,622.2786666666667,0.0,0.0,-0.0,70.10236666666668,10800.0,10800.0,245.24002253333336,0.0,-5.684341886080803e-14
2025-01-04,35,q4_warmup,0.5642,559.3708166666667,0.0,583.8953,0.0,583.8953,0.0,0.0,-0.0,24.524483333333364,10800.0,10800.0,329.43372826,0.0,0.0
2025-01-04,36,q4_warmup,0.8311,553.65,0.0,542.7966666666667,0.0,0.0,0.0,0.0,553.65,0.0,10800.0,10184.833333333334,0.0,0.0,0.0
2025-01-04,37,q4_warmup,0.8207,546.9321666666666,0.0725333333333333,570.2083333333334,0.0628666666666666,0.0,0.0,0.0,546.8596333333332,0.0,10184.833333333334,9577.21151851852,0.0,0.0,0.0
2025-01-04,38,q4_warmup,0.7788,562.7097333333334,0.0,586.61005,0.0,0.0,0.0,0.0,562.7097333333334,0.0,9577.21151851852,8951.978481481483,0.0,0.0,0.0
2025-01-04,39,q4_warmup,0.8186,576.7116666666667,0.0,560.9833333333333,0.0,0.0,0.0,0.0,576.7116666666667,0.0,8951.978481481483,8311.187740740743,0.0,0.0,0.0
2025-01-04,40,q4_warmup,0.8131,548.6189166666667,1.0103666666666666,545.6809999999999,0.8755833333333333,0.0,0.0,0.0,547.60855,0.0,8311.187740740743,7702.733796296298,0.0,0.0,0.0
2025-01-04,41,q4_warmup,0.835,569.9849833333334,0.0,577.0283166666667,0.0,0.0,0.0,0.0,569.9849833333334,0.0,7702.733796296298,7069.41714814815,0.0,0.0,0.0
2025-01-04,42,q4_warmup,0.8869,639.37,2.60625,631.2016666666667,1.69375,0.0,0.0,0.0,636.76375,0.0,7069.41714814815,6361.901870370372,0.0,0.0,0.0
2025-01-04,43,q4_warmup,0.8838,658.5286166666666,38.14045,649.1770333333333,31.512733333333333,0.0,0.0,0.0,620.3881666666666,0.0,6361.901870370372,5672.581685185187,0.0,0.0,0.0
2025-01-04,44,q4_warmup,0.8788,646.802,83.68773333333333,650.8262166666667,73.67421666666667,0.0,0.0,0.0,563.1142666666667,0.0,5672.581685185187,5046.899166666668,0.0,0.0,0.0
2025-01-04,45,q4_warmup,0.8424,625.8083333333333,127.9625,652.3216666666666,117.24375,0.0,0.0,0.0,497.8458333333333,0.0,5046.899166666668,4493.737129629631,0.0,0.0,0.0
2025-01-04,46,q4_warmup,0.7257,599.1856833333333,177.08365,649.5451166666667,162.0594,467.1112666666664,0.0,0.0,0.0,45.00923333333319,4493.737129629631,4493.737129629631,338.9826462199998,0.0,2.8421709430404014e-14
2025-01-04,47,q4_warmup,0.8551,609.6268833333334,226.83293333333333,653.0534666666666,206.98041666666663,0.0,0.0,0.0,382.79395,0.0,4493.737129629631,4068.41051851852,0.0,0.0,0.0
2025-01-04,48,q4_warmup,1.1396,640.1816666666667,270.18125000000003,670.93,254.88125,0.0,0.0,0.0,370.0004166666667,0.0,4068.41051851852,3657.298944444445,0.0,0.0,0.0
2025-01-04,49,q4_warmup,1.138,630.28315,305.65793333333335,691.0543833333332,307.75635,0.0,0.0,0.0,324.62521666666663,0.0,3657.298944444445,3296.60425925926,0.0,0.0,0.0
2025-01-04,50,q4_warmup,1.0508,621.3094,352.7479333333333,651.0169500000001,347.85948333333334,0.0,0.0,0.0,268.56146666666666,0.0,3296.60425925926,2998.2026296296303,0.0,0.0,0.0
2025-01-04,51,q4_warmup,1.0267,624.7283333333334,406.4625,587.37,382.15625,0.0,0.0,0.0,218.26583333333335,0.0,2998.2026296296303,2755.685037037037,0.0,0.0,0.0
2025-01-04,52,q4_warmup,1.0131,619.6784333333334,444.75925,614.941,436.74098333333336,0.0,0.0,0.0,174.91918333333336,0.0,2755.685037037037,2561.330388888889,0.0,0.0,0.0
2025-01-04,53,q4_warmup,1.0211,675.15125,494.40153333333336,714.1223833333333,495.9123833333333,0.0,0.0,0.0,180.74971666666664,0.0,2561.330388888889,2360.497370370371,0.0,0.0,0.0
2025-01-04,54,q4_warmup,1.0292,758.565,553.03125,792.2566666666667,543.875,0.0,0.0,0.0,205.53375000000003,0.0,2360.497370370371,2132.126537037037,0.0,0.0,0.0
2025-01-04,55,q4_warmup,0.9925,757.9913,588.73325,765.2096333333334,578.5894,0.0,0.0,0.0,169.25805000000005,0.0,2132.126537037037,1944.0620370370373,0.0,0.0,0.0
2025-01-04,56,q4_warmup,0.9697,739.2537000000001,617.4463833333333,731.9297,610.2687,0.0,0.0,0.0,121.8073166666668,0.0,1944.0620370370373,1808.7205740740744,0.0,0.0,0.0
2025-01-04,57,q4_warmup,0.9606,734.8766666666667,655.81875,749.3733333333333,651.0,0.0,0.0,0.0,79.05791666666664,0.0,1808.7205740740744,1720.8784444444448,0.0,0.0,0.0
2025-01-04,58,q4_warmup,0.9244,716.0603666666666,702.2948,778.8889333333333,706.2720666666668,0.0,0.0,0.0,13.765566666666588,0.0,1720.8784444444448,1705.5833703703709,0.0,0.0,0.0
2025-01-04,59,q4_warmup,0.9924,722.68055,731.0446000000001,756.3689666666668,759.8901333333333,0.0,0.0,0.0,0.0,8.36405000000002,1705.5833703703709,1705.5833703703709,0.0,0.0,0.0
2025-01-04,60,q4_warmup,1.1301,756.8083333333334,748.7937499999999,708.915,799.875,0.0,0.0,0.0,8.014583333333462,0.0,1705.5833703703709,1696.678277777778,0.0,0.0,0.0
2025-01-04,61,q4_warmup,1.1488,771.0178333333333,790.0407,725.8533000000001,822.2695833333333,0.0,0.0,0.0,0.0,19.022866666666687,1696.678277777778,1696.678277777778,0.0,0.0,0.0
2025-01-04,62,q4_warmup,1.0848,745.5898333333333,846.10415,760.2572833333334,818.2747166666667,0.0,0.0,0.0,0.0,100.51431666666667,1696.678277777778,1696.678277777778,0.0,0.0,0.0
2025-01-04,63,q4_warmup,1.0572,721.1983333333333,890.5,758.835,813.4499999999999,0.0,0.0,0.0,0.0,169.30166666666673,1696.678277777778,1696.678277777778,0.0,0.0,0.0
2025-01-04,64,q4_warmup,1.1096,752.93935,903.7317833333332,714.9560333333334,846.1483,0.0,0.0,0.0,0.0,150.79243333333318,1696.678277777778,1696.678277777778,0.0,0.0,0.0
2025-01-04,65,q4_warmup,0.9051,747.5828166666666,919.1420166666668,691.0286833333333,866.0403,0.0,0.0,171.55920000000015,0.0,0.0,1696.678277777778,1851.0815577777785,0.0,0.0,0.0
2025-01-04,66,q4_warmup,0.5315,697.0300000000001,950.35,707.9533333333334,864.9562500000001,0.0,0.0,253.31999999999996,0.0,0.0,1851.0815577777785,2079.0695577777783,0.0,0.0,0.0
2025-01-04,67,q4_warmup,0.4397,691.2403666666668,983.1354,729.41995,885.9791833333334,676.7741,0.0,623.326063580246,0.0,345.3430697530872,2079.0695577777783,2640.063015,297.57757177,0.0,0.0
2025-01-04,68,q4_warmup,0.4636,720.9482166666667,1022.8345666666668,726.0421333333334,918.99325,155.77154999999732,0.0,457.6578999999974,0.0,0.0,2640.063015,3051.955124999997,72.21569057999876,0.0,0.0
2025-01-04,69,q4_warmup,0.4419,744.29,1054.8625,715.375,955.3125,593.3958333333334,0.0,724.3981,0.0,179.57023333333336,3051.955124999997,3703.913414999997,262.22161875,0.0,-1.1368683772161605e-13
2025-01-04,70,q4_warmup,0.3939,731.8109166666667,1052.8346833333333,738.6277,997.35835,574.6026833333334,0.0,833.3333333333333,0.0,62.29311666666672,3703.913414999997,4453.913414999997,226.335996965,0.0,-1.1368683772161605e-13
2025-01-04,71,q4_warmup,0.3981,726.63145,1043.4103,754.7856166666667,1030.3739,557.74505,0.0,833.3333333333333,0.0,41.19056666666677,4453.913414999997,5203.913414999997,222.038304405,0.0,0.0
2025-01-04,72,q4_warmup,0.4295,725.7383333333333,1056.51875,734.4033333333333,1038.68125,529.0554166666668,0.0,833.3333333333333,0.0,26.50250000000017,5203.913414999997,5953.913414999997,227.2293014583334,0.0,0.0
2025-01-04,73,q4_warmup,0.3941,689.4174666666667,1094.4212166666666,693.5735166666667,1020.7243333333332,506.18251666666686,0.0,833.3333333333333,0.0,77.85293333333357,5953.913414999997,6703.913414999997,199.48652981833345,0.0,-1.1368683772161605e-13
2025-01-04,74,q4_warmup,0.3811,684.4192166666667,1093.4423166666668,695.9230666666667,1014.9048,514.3516000000002,0.0,833.3333333333333,0.0,90.04136666666705,6703.913414999997,7453.913414999997,196.01939476000007,0.0,0.0
2025-01-04,75,q4_warmup,0.3926,710.9499999999999,1056.95625,722.005,1015.9625,539.3758333333334,0.0,833.3333333333333,0.0,52.04875000000016,7453.913414999997,8203.913414999997,211.7589521666667,0.0,-1.1368683772161605e-13
2025-01-04,76,q4_warmup,0.3697,699.3429666666666,1042.9217333333331,692.80085,981.0365833333334,545.0975999999999,0.0,833.3333333333333,0.0,55.34303333333321,8203.913414999997,8953.913414999997,201.52258272,0.0,1.1368683772161605e-13
2025-01-04,77,q4_warmup,0.5282,674.8715666666667,997.8878,666.4078000000001,931.0459833333332,0.0,0.0,323.0162333333333,0.0,0.0,8953.913414999997,9244.628024999996,0.0,0.0,0.0
2025-01-04,78,q4_warmup,0.7912,664.035,929.175,668.125,897.3937500000001,0.0,0.0,170.89070000000194,0.0,94.24929999999804,9244.628024999996,9398.429654999998,0.0,0.0,0.0
2025-01-04,79,q4_warmup,0.8441,673.6101166666666,907.5861666666666,666.7382166666666,896.1923666666667,0.0,0.0,233.97605,0.0,0.0,9398.429654999998,9609.008099999995,0.0,0.0,0.0
2025-01-04,80,q4_warmup,0.864,721.9934499999999,900.4968833333334,675.4760666666667,906.7330666666668,0.0,0.0,178.50343333333342,0.0,0.0,9609.008099999995,9769.661189999995,0.0,0.0,0.0
2025-01-04,81,q4_warmup,0.8946,747.5933333333334,866.7875,674.615,902.3625,0.0,0.0,119.19416666666666,0.0,0.0,9769.661189999995,9876.935939999998,0.0,0.0,0.0
2025-01-04,82,q4_warmup,0.8151,664.7614166666666,804.32875,631.4917833333333,869.7616666666667,0.0,0.0,139.5673333333334,0.0,0.0,9876.935939999998,10002.546539999998,0.0,0.0,0.0
2025-01-04,83,q4_warmup,0.8737,617.4580833333333,788.7774833333333,635.46365,835.16485,0.0,0.0,171.31939999999997,0.0,0.0,10002.546539999998,10156.733999999997,0.0,0.0,0.0
2025-01-04,84,q4_warmup,1.075,653.91,805.99375,682.5116666666667,811.75,0.0,0.0,152.08375,0.0,0.0,10156.733999999997,10293.609374999996,0.0,0.0,0.0
2025-01-04,85,q4_warmup,1.1536,681.3982833333333,766.3965833333333,677.3463,789.3217500000001,0.0,0.0,84.99829999999997,0.0,0.0,10293.609374999996,10370.107844999997,0.0,0.0,0.0
2025-01-04,86,q4_warmup,1.1227,662.2560500000001,712.81895,655.4356833333333,756.4158000000001,0.0,0.0,50.56289999999992,0.0,0.0,10370.107844999997,10415.614454999995,0.0,0.0,-2.131628207280301e-14
2025-01-04,87,q4_warmup,1.1281,634.2366666666667,677.1374999999999,648.6683333333334,714.84375,0.0,0.0,42.90083333333327,0.0,0.0,10415.614454999995,10454.225204999995,0.0,0.0,-1.4210854715202004e-14
2025-01-04,88,q4_warmup,1.2428,658.7808333333334,645.3267,650.14445,672.6457833333333,0.0,0.0,0.0,13.454133333333402,0.0,10454.225204999995,10439.27616796296,0.0,0.0,0.0
2025-01-04,89,q4_warmup,1.0389,656.9061166666667,601.5671666666666,648.44385,611.12495,0.0,0.0,0.0,55.338949999995016,0.0,10439.27616796296,10377.788445740744,0.0,0.0,-5.002220859751105e-12
2025-01-04,90,q4_warmup,0.6296,620.4499999999999,547.9,633.4566666666666,543.7375000000001,89.71916666666652,0.0,17.16916666666657,0.0,0.0,10377.788445740744,10393.240695740744,56.487187333333246,0.0,0.0
2025-01-04,91,q4_warmup,0.5808,620.8976333333334,498.8593666666666,608.3562166666667,504.37115,150.057782716049,423.9352664609009,451.9547825102831,0.0,0.0,10393.240695740744,10800.0,87.15356020148126,1231.108013802456,-5.684341886080803e-14
2025-01-04,92,q4_warmup,0.6177,624.0388166666667,448.2545500000001,618.06835,455.1596833333333,162.9086666666667,12.875599999999112,0.0,7.366907084360719e-13,0.0,10800.0,10800.0,100.62868340000004,39.76629059999726,0.0
2025-01-04,93,q4_warmup,0.6095,614.765,397.00625,643.4883333333333,395.7625,247.72583333333336,0.0,0.0,-2.3021584638627244e-14,29.96708333333337,10800.0,10800.0,150.98889541666668,0.0,-3.5527136788005016e-14
2025-01-04,94,q4_warmup,0.7062,619.89925,353.0922333333333,622.6913000000001,361.9624833333333,260.7288166666668,6.078199999998824,0.0,1.1572964808692632e-12,0.0,10800.0,10800.0,184.1266903300001,21.46212419999585,0.0
2025-01-04,95,q4_warmup,0.7472,645.6968,303.5998,616.6646166666667,313.0255833333333,303.6390333333334,38.45796666666424,0.0,2.432614110148279e-12,0.0,10800.0,10799.999999999998,226.8790857066667,143.67896346665756,0.0
2025-01-04,96,q4_warmup,0.7101,658.4733333333334,249.25,636.1999999999999,246.69375,389.5062499999999,19.717083333332717,0.0,7.368328169832237e-13,0.0,10799.999999999998,10799.999999999998,276.58838812499994,70.00550437499778,0.0
2025-01-04,97,q4_warmup,0.7465,619.46255,204.3166666666667,625.32535,203.82881666666665,421.4965333333333,0.0,0.0,-1.6690648863004754e-12,6.35064999999839,10799.999999999998,10800.0,314.6471621333334,0.0,-7.993605777301127e-15
2025-01-04,98,q4_warmup,0.8249,602.7172833333333,161.6896,588.8597333333333,165.86763333333332,422.9921000000001,18.03558333333104,0.0,2.181472780193872e-12,0.0,10800.0,10799.999999999998,348.92618329000004,74.38776345832386,0.0
2025-01-04,99,q4_warmup,0.8753,620.095,117.3375,567.71,120.89375,446.81625,55.9412499999994,0.0,5.985256734675204e-13,0.0,10799.999999999998,10799.999999999998,391.098263625,244.8268806249974,0.0
2025-01-04,100,q4_warmup,0.8564,604.4016666666666,74.65203333333334,590.6936,76.87588333333333,513.8177166666666,15.931916666666968,0.0,-2.3021584638627245e-13,0.0,10799.999999999998,10799.999999999998,440.0334925533333,68.22046716666796,0.0
2025-01-04,101,q4_warmup,0.8049,537.80945,32.74105,564.2552666666667,33.3696,530.8856666666667,0.0,0.0,-1.4733814168721438e-12,25.81726666666524,10799.999999999998,10800.0,427.3098731,0.0,-3.1974423109204515e-14
2025-01-04,102,q4_warmup,0.7732,471.9083333333333,2.25625,499.42333333333335,1.625,497.79833333333335,0.0,0.0,1.84172677109018e-13,28.14625000000023,10800.0,10800.0,384.8976713333333,0.0,7.105427357601002e-15
2025-01-04,103,q4_warmup,0.7906,479.1987,0.0,499.08248333333336,0.0,499.08248333333336,0.0,0.0,-0.0,19.883783333333383,10800.0,10800.0,394.5746113233333,0.0,0.0
2025-01-04,104,q4_warmup,0.8109,494.3890666666667,0.8452833333333333,496.13416666666666,0.96115,495.1730166666667,0.0,0.0,8.057554623519537e-14,1.629233333333418,10800.0,10800.0,401.535799215,0.0,-2.9531932455029164e-14
2025-01-04,105,q4_warmup,0.7864,482.665,0.0,474.5366666666666,0.0,474.5366666666666,8.128333333332293,0.0,1.0877698741751374e-12,0.0,10800.0,10799.999999999998,373.1756346666666,31.96060666666257,0.0
2025-01-04,106,q4_warmup,0.7433,471.033,0.0,488.4798666666666,0.0,488.4798666666666,0.0,0.0,-1.5916157281026244e-12,17.446866666665017,10799.999999999998,10800.0,363.08708489333327,0.0,0.0
2025-01-04,107,q4_warmup,0.9155,471.0173,0.0606833333333333,495.1238666666666,0.0689999999999999,223.7286166666688,0.0,0.0,247.2279999999977,0.0,10800.0,10525.302222222224,204.82354855833523,0.0,-1.1368683772161605e-13
2025-01-04,108,q4_warmup,1.1747,475.8683333333333,0.0,476.50500000000005,0.0,0.0,0.0,0.0,475.8683333333333,0.0,10525.302222222224,9996.559629629632,0.0,0.0,5.684341886080803e-14
2025-01-04,109,q4_warmup,1.1496,475.7942166666666,0.0,461.3111,0.0,0.0,0.0,0.0,475.7942166666666,0.0,9996.559629629632,9467.89938888889,0.0,0.0,0.0
2025-01-04,110,q4_warmup,1.1356,500.55575,0.00435,463.1184666666666,0.00495,0.0,27.18608333333316,0.0,473.3653166666669,0.0,9467.89938888889,8941.937925925928,0.0,154.36258116666568,0.0
2025-01-04,111,q4_warmup,1.2054,521.475,0.0,468.3133333333333,0.0,0.0,0.0,0.0,521.475,0.0,8941.937925925928,8362.521259259262,0.0,0.0,0.0
2025-01-04,112,q4_warmup,1.1481,475.4203,0.0,451.9949666666666,0.0,0.0,76.5869999999988,0.0,398.8333000000012,0.0,8362.521259259262,7919.373148148149,0.0,439.647673499993,0.0
2025-01-04,113,q4_warmup,1.1774,432.6125833333333,0.0003166666666666,434.9132666666667,0.00035,0.0,0.0,0.0,432.6122666666666,0.0,7919.373148148149,7438.6928518518525,0.0,0.0,0.0
2025-01-04,114,q4_warmup,1.3124,434.9933333333333,0.0,434.82,0.0,0.0,0.0,0.0,434.9933333333333,0.0,7438.6928518518525,6955.366925925927,0.0,0.0,0.0
2025-01-04,115,q4_warmup,1.3397,461.89075,0.0,448.21465,0.0,0.0,0.0,0.0,461.89075,0.0,6955.366925925927,6442.1549814814825,0.0,0.0,0.0
2025-01-04,116,q4_warmup,1.3324,491.3777333333333,0.0,447.51981666666666,0.0,0.0,0.0,0.0,491.3777333333333,0.0,6442.1549814814825,5896.179722222223,0.0,0.0,0.0
2025-01-04,117,q4_warmup,1.3378,495.47,0.0,451.26666666666665,0.0,0.0,0.0,0.0,495.47,0.0,5896.179722222223,5345.657500000001,0.0,0.0,0.0
2025-01-04,118,q4_warmup,1.3244,460.3988833333333,0.0,498.0395333333333,0.0,0.0,0.0,0.0,460.3988833333333,0.0,5345.657500000001,4834.103185185187,0.0,0.0,0.0
2025-01-04,119,q4_warmup,1.3422,451.6471666666666,0.0,503.7479166666667,0.0,0.0,0.0,0.0,451.6471666666666,0.0,4834.103185185187,4332.273000000002,0.0,0.0,0.0
2025-01-04,120,q4_warmup,1.3735,478.92333333333335,0.0,466.3433333333333,0.0,0.0,0.0,0.0,478.92333333333335,0.0,4332.273000000002,3800.135962962965,0.0,0.0,0.0
2025-01-04,121,q4_warmup,1.3426,489.2799333333333,0.0,466.8901666666666,0.0,0.0,0.0,0.0,489.2799333333333,0.0,3800.135962962965,3256.4915925925948,0.0,0.0,0.0
2025-01-04,122,q4_warmup,1.3005,481.7081,0.0,468.33415,0.0,0.0,0.0,0.0,481.7081,0.0,3256.4915925925948,2721.2603703703726,0.0,0.0,0.0
2025-01-04,123,q4_warmup,1.3382,467.4533333333333,0.0,461.0333333333333,0.0,0.0,0.0,0.0,467.4533333333333,0.0,2721.2603703703726,2201.86777777778,0.0,0.0,0.0
2025-01-04,124,q4_warmup,1.4459,460.99605,0.0,477.62715,0.0,0.0,0.0,0.0,460.99605,0.0,2201.86777777778,1689.6499444444469,0.0,0.0,0.0
2025-01-04,125,q4_warmup,1.2084,493.0272166666667,0.0,488.6862,0.0,0.0,52.34226666666452,0.0,440.6849500000022,0.0,1689.6499444444469,1200.0,0.0,316.25197519998704,0.0
2025-01-04,126,q4_warmup,0.7845,530.5933333333334,0.0,483.95,0.0,483.95,46.64333333333337,0.0,-0.0,0.0,1200.0,1200.0,379.658775,182.95847500000016,0.0
2025-01-04,127,q4_warmup,0.7694,507.2419833333333,0.0,479.34768333333335,0.0,479.34768333333335,27.89429999999993,0.0,-0.0,0.0,1200.0,1200.0,368.81010755666665,107.30937209999972,0.0
2025-01-04,128,q4_warmup,0.8245,490.1867333333333,0.0,456.58206666666666,0.0,456.58206666666666,33.60466666666662,0.0,-0.0,0.0,1200.0,1200.0,376.45191396666667,138.53523833333315,0.0
2025-01-04,129,q4_warmup,0.7872,508.1133333333333,0.0,441.1266666666667,0.0,441.1266666666667,66.98666666666657,0.0,-0.0,0.0,1200.0,1200.0,347.25491200000005,263.6595199999996,0.0
2025-01-04,130,q4_warmup,0.8061,514.89855,0.0,475.7172166666667,0.0,475.7172166666667,39.18133333333333,0.0,-0.0,0.0,1200.0,1200.0,383.475648355,157.92036399999998,0.0
2025-01-04,131,q4_warmup,0.6242,460.3778,0.0,466.8642333333333,0.0,466.8642333333333,0.0,-0.0,0.0,6.486433333333309,1200.0,1200.0,291.41665444666666,0.0,0.0
2025-01-04,132,q4_warmup,0.3346,395.195,0.0,413.5733333333333,0.0,413.5733333333333,0.0,0.0,0.0,18.37833333333333,1200.0,1200.0,138.38163733333334,0.0,0.0
2025-01-04,133,q4_warmup,0.328,419.8485666666666,0.0,408.95865,0.0,977.5882796296296,10.889916666666636,568.6296296296296,0.0,0.0,1200.0,1711.7666666666669,320.6489557185185,17.859463333333284,2.273736754432321e-13
2025-01-04,134,q4_warmup,0.3735,435.6417666666667,0.0,416.0794,0.0,416.0794,19.562366666666865,0.0,-0.0,0.0,1711.7666666666669,1711.7666666666669,155.4056559,36.53271975000037,2.273736754432321e-13
2025-01-04,135,q4_warmup,0.3452,417.3466666666666,0.0,410.3433333333333,0.0,410.3433333333333,7.003333333333125,0.0,2.0463630789890886e-13,0.0,1711.7666666666669,1711.7666666666664,141.65051866666667,12.087753333332971,5.684341886080803e-14
2025-01-04,136,q4_warmup,0.3503,431.3325333333333,0.0,409.15795,0.0,409.15795,22.174583333333157,0.0,-0.0,0.0,1711.7666666666664,1711.7666666666664,143.328029885,38.83878270833302,-1.1368683772161605e-13
2025-01-04,137,q4_warmup,0.37,417.6806166666667,0.0,413.0683333333333,0.0,413.0683333333333,4.612283333333608,0.0,-2.0463630789890886e-13,0.0,1711.7666666666664,1711.7666666666669,152.83528333333334,8.532724166667174,0.0
2025-01-04,138,q4_warmup,0.3727,393.4916666666666,0.0,421.9066666666667,0.0,421.9066666666667,0.0,0.0,0.0,28.41500000000019,1711.7666666666669,1711.7666666666669,157.24461466666668,0.0,-1.1368683772161605e-13
2025-01-04,139,q4_warmup,0.3542,442.7318833333333,0.0,436.45973333333336,0.0,436.45973333333336,6.272149999999988,0.0,-0.0,0.0,1711.7666666666669,1711.7666666666669,154.59403754666667,11.10797764999998,5.684341886080803e-14
2025-01-04,140,q4_warmup,0.3347,480.42425,0.0,445.81815,0.0,445.81815,34.60609999999999,0.0,-0.0,0.0,1711.7666666666669,1711.7666666666669,149.215334805,57.91330834999999,0.0
2025-01-04,141,q4_warmup,0.3288,456.1483333333333,0.0,448.1566666666667,0.0,448.1566666666667,7.991666666666402,0.0,2.0463630789890886e-13,0.0,1711.7666666666669,1711.7666666666664,147.353912,13.138299999999564,0.0
2025-01-04,142,q4_warmup,0.3431,416.65793333333335,0.0,452.06315,0.0,452.06315,0.0,0.0,0.0,35.40521666666655,1711.7666666666664,1711.7666666666664,155.10286676500002,0.0,1.1368683772161605e-13
2025-01-04,143,q4_warmup,0.3977,477.8123666666667,0.0,459.1861333333333,0.0,459.1861333333333,18.62623333333363,0.0,-2.0463630789890886e-13,0.0,1711.7666666666664,1711.7666666666669,182.61832522666663,37.03826498333392,0.0
2025-01-04,144,q4_warmup,0.4727,599.25,0.0,460.59,0.0,0.0,138.66000000000005,0.0,460.5899999999999,0.0,1711.7666666666669,1200.0,0.0,327.7229100000001,0.0
2025-01-05,1,q4_warmup,0.513,624.85225,0.0,449.46571666666665,0.0,449.46571666666665,175.38653333333338,0.0,-0.0,0.0,1200.0,1200.0,230.57591265,449.8664580000001,0.0
2025-01-05,2,q4_warmup,0.4996,622.4207333333333,0.0,459.69795,0.0,459.69795,162.72278333333327,0.0,-0.0,0.0,1200.0,1200.0,229.66509582,406.48151276666647,0.0
2025-01-05,3,q4_warmup,0.4592,635.4433333333333,0.0,474.4666666666667,0.0,1307.8000000000002,160.9766666666644,833.3333333333313,0.0,0.0,1200.0,1949.9999999999984,600.5417600000001,369.6024266666615,0.0
2025-01-05,4,q4_warmup,0.4443,633.6038333333333,0.0,443.8067,0.0,1277.1400333333331,189.79713333333325,833.3333333333333,0.0,0.0,1949.9999999999984,2699.999999999998,567.43331681,421.6343316999998,0.0
2025-01-05,5,q4_warmup,0.4638,620.4684166666667,0.0,426.70458333333335,0.0,1260.037916666667,193.7638333333333,833.3333333333333,0.0,0.0,2699.999999999998,3449.999999999998,584.40558575,449.33832949999993,1.1368683772161605e-13
2025-01-05,6,q4_warmup,0.4802,616.5916666666667,0.0,456.285,0.0,1289.618333333333,160.30666666666662,833.3333333333333,0.0,0.0,3449.999999999998,4199.999999999998,619.2747236666667,384.8963066666666,0.0
2025-01-05,7,q4_warmup,0.4531,637.8484333333333,0.0,501.7836333333333,0.0,1335.1169666666667,136.06479999999988,833.3333333333333,0.0,0.0,4199.999999999998,4949.999999999998,604.9414975966666,308.2548043999997,0.0
2025-01-05,8,q4_warmup,0.4653,652.1511333333334,0.0,496.28636666666665,0.0,1329.6197,155.8647666666667,833.3333333333333,0.0,0.0,4949.999999999998,5699.999999999998,618.67204641,362.61937965,1.1368683772161605e-13
2025-01-05,9,q4_warmup,0.5107,642.9883333333333,0.0,462.8683333333333,0.0,462.8683333333333,180.12,0.0,-0.0,0.0,5699.999999999998,5699.999999999998,236.38685783333332,459.93642000000006,0.0
2025-01-05,10,q4_warmup,0.496,623.8896,0.0,484.0436833333333,0.0,484.0436833333333,139.84591666666665,0.0,-0.0,0.0,5699.999999999998,5699.999999999998,240.08566693333333,346.8178733333333,0.0
2025-01-05,11,q4_warmup,0.4595,617.5666333333334,0.0,490.6734333333333,0.0,1324.0067666666666,126.89319999999998,833.3333333333333,0.0,0.0,5699.999999999998,6449.999999999998,608.3811092833333,291.537127,0.0
2025-01-05,12,q4_warmup,0.4584,640.0783333333333,0.0,473.23333333333335,0.0,1306.5666666666666,166.8449999999999,833.3333333333333,0.0,0.0,6449.999999999998,7199.999999999998,598.9301599999999,382.4087399999998,-1.1368683772161605e-13
2025-01-05,13,q4_warmup,0.51,685.192,0.0,493.5947166666666,0.0,493.5947166666666,191.5972833333333,0.0,-0.0,0.0,7199.999999999998,7199.999999999998,251.7333055,488.5730725,0.0
2025-01-05,14,q4_warmup,0.5354,695.5783333333334,0.0,507.4181,0.0,507.4181,188.1602333333333,0.0,-0.0,0.0,7199.999999999998,7199.999999999998,271.67165074,503.70494463333335,0.0
2025-01-05,15,q4_warmup,0.5071,680.6666666666666,0.0,502.92,0.0,502.92,177.7466666666666,0.0,-0.0,0.0,7199.999999999998,7199.999999999998,255.030732,450.6766733333332,0.0
2025-01-05,16,q4_warmup,0.4753,701.0110333333333,0.0,514.7361833333333,0.0,1348.0695166666667,186.2748499999999,833.3333333333333,0.0,0.0,7199.999999999998,7949.999999999998,640.7374412716666,442.68218102499975,1.1368683772161605e-13
2025-01-05,17,q4_warmup,0.4953,706.62255,0.0,523.4828,0.0,523.4828,183.13975000000005,0.0,-0.0,0.0,7949.999999999998,7949.999999999998,259.28103084,453.5455908750001,0.0
2025-01-05,18,q4_warmup,0.5293,680.6533333333333,0.0,520.01,0.0,520.01,160.64333333333332,0.0,-0.0,0.0,7949.999999999998,7949.999999999998,275.241293,425.1425816666666,0.0
2025-01-05,19,q4_warmup,0.494,663.0113,0.0,518.6503,0.0,518.6503,144.361,0.0,-0.0,0.0,7949.999999999998,7949.999999999998,256.2132482,356.5716699999999,0.0
2025-01-05,20,q4_warmup,0.4913,672.56565,0.0,529.0792833333334,0.0,529.0792833333334,143.48636666666664,0.0,-0.0,0.0,7949.999999999998,7949.999999999998,259.93665190166666,352.4742597166666,0.0
2025-01-05,21,q4_warmup,0.5221,688.965,0.0,537.1383333333333,0.0,537.1383333333333,151.8266666666667,0.0,-0.0,0.0,7949.999999999998,7949.999999999998,280.4399238333333,396.3435133333335,0.0
2025-01-05,22,q4_warmup,0.4888,678.7183833333333,0.0,523.4585333333333,0.0,523.4585333333333,155.25985000000003,0.0,-0.0,0.0,7949.999999999998,7949.999999999998,255.8665310933333,379.45507340000006,0.0
2025-01-05,23,q4_warmup,0.4845,686.2090666666667,0.0,533.9196000000001,0.0,1200.5862666666667,152.2894666666666,666.6666666666666,0.0,0.0,7949.999999999998,8549.999999999998,581.6840462,368.9212329999999,0.0
2025-01-05,24,q4_warmup,0.5289,714.1933333333333,0.0,550.9366666666666,0.0,550.9366666666666,163.25666666666666,0.0,-0.0,0.0,8549.999999999998,8549.999999999998,291.390403,431.732255,0.0
2025-01-05,25,q4_warmup,0.5298,713.8311,0.0,513.8285166666667,0.0,513.8285166666667,200.0025833333333,0.0,-0.0,0.0,8549.999999999998,8549.999999999998,272.22634813,529.8068432499999,0.0
2025-01-05,26,q4_warmup,0.4449,677.7742,0.0,504.93638333333337,0.0,1338.269716666667,172.83781666666653,833.3333333333333,0.0,0.0,8549.999999999998,9299.999999999998,595.396196945,384.47772317499965,1.1368683772161605e-13
2025-01-05,27,q4_warmup,0.391,655.9483333333334,0.0,536.6750000000001,0.0,1370.0083333333334,119.2733333333332,833.3333333333333,0.0,0.0,9299.999999999998,10049.999999999998,535.6732583333334,233.17936666666645,1.1368683772161605e-13
2025-01-05,28,q4_warmup,0.5233,708.1278333333333,0.0,540.0349333333334,0.0,540.0349333333334,168.0929,0.0,-0.0,0.0,10049.999999999998,10049.999999999998,282.6002806133333,439.8150728499999,0.0
2025-01-05,29,q4_warmup,0.5815,751.5082000000001,0.0,544.7534333333333,0.0,544.7534333333333,206.7547666666668,0.0,-0.0,0.0,10049.999999999998,10049.999999999998,316.7741214833333,601.1394840833337,0.0
2025-01-05,30,q4_warmup,0.491,733.755,0.0,565.4033333333333,0.0,565.4033333333333,168.3516666666667,0.0,-0.0,0.0,10049.999999999998,10049.999999999998,277.61303666666663,413.3033416666667,0.0
2025-01-05,31,q4_warmup,0.4385,681.1280333333333,0.0002833333333333,577.4903666666667,0.0003666666666666,1410.8233333333333,103.63774999999998,833.3333333333333,0.0,0.0,10049.999999999998,10799.999999999998,618.6460316666667,227.22576687499995,-1.1368683772161605e-13
2025-01-05,32,q4_warmup,0.4867,664.0997833333333,0.0,565.6305333333333,0.0,565.6305333333333,98.46925,0.0,-0.0,0.0,10799.999999999998,10799.999999999998,275.29238057333333,239.624919875,0.0
2025-01-05,33,q4_warmup,0.5408,679.895,0.0,546.5266666666666,0.0,546.5266666666666,133.36833333333334,0.0,-0.0,0.0,10799.999999999998,10799.999999999998,295.5616213333333,360.6279733333333,0.0
2025-01-05,34,q4_warmup,0.4999,682.9474166666668,0.0039833333333333,552.1815,0.0052,552.1763000000001,130.76713333333333,0.0,-0.0,0.0,10799.999999999998,10799.999999999998,276.03293237,326.8524497666667,-1.1368683772161605e-13
2025-01-05,35,q4_warmup,0.7075,782.1280499999999,0.0,559.3708166666667,0.0,559.3708166666667,222.7572333333333,0.0,-0.0,0.0,10799.999999999998,10799.999999999998,395.7548527916667,788.0037129166665,0.0
2025-01-05,36,q4_warmup,1.0662,928.5183333333332,0.0,553.65,0.0,0.0,95.18499999999985,0.0,833.3333333333334,0.0,10799.999999999998,9874.074074074071,0.0,507.4312349999992,0.0
2025-01-05,37,q4_warmup,1.1024,942.41265,0.0555,546.9321666666666,0.0725333333333333,0.0,109.02381666666656,0.0,833.3333333333334,0.0,9874.074074074071,8948.148148148148,0.0,600.9392774666661,0.0
2025-01-05,38,q4_warmup,1.0399,906.98685,0.0,562.7097333333334,0.0,0.0,73.65351666666663,0.0,833.3333333333334,0.0,8948.148148148148,8022.222222222222,0.0,382.9614599083332,0.0
2025-01-05,39,q4_warmup,1.0398,899.6033333333334,0.0,576.7116666666667,0.0,0.0,66.26999999999998,0.0,833.3333333333334,0.0,8022.222222222222,7096.296296296296,0.0,344.5377299999999,0.0
2025-01-05,40,q4_warmup,1.0355,912.9652666666666,0.773,548.6189166666667,1.0103666666666666,0.0,78.8589333333332,0.0,833.3333333333334,0.0,7096.296296296296,6170.3703703703695,0.0,408.29212733333264,0.0
2025-01-05,41,q4_warmup,1.0195,899.52805,0.0,569.9849833333334,0.0,0.0,618.1210695000022,0.0,281.4069804999978,0.0,6170.3703703703695,5857.695947592594,0.0,3150.872151776261,1.1368683772161605e-13
2025-01-05,42,q4_warmup,1.0146,883.9549999999999,2.7125,639.37,2.60625,0.0,881.2425,0.0,-0.0,0.0,5857.695947592594,5857.695947592594,0.0,4470.543202499999,0.0
2025-01-05,43,q4_warmup,1.0421,930.5907,32.1541,658.5286166666666,38.14045,0.0,65.10326666666663,0.0,833.3333333333334,0.0,5857.695947592594,4931.770021666668,0.0,339.22057096666646,0.0
2025-01-05,44,q4_warmup,1.0635,941.66885,70.45568333333334,646.802,83.68773333333333,0.0,37.879833333333295,0.0,833.3333333333334,0.0,4931.770021666668,4005.844095740742,0.0,201.42601374999973,0.0
2025-01-05,45,q4_warmup,1.0264,891.8333333333334,111.06875,625.8083333333333,127.9625,0.0,766.0829833333328,0.0,14.681600000000616,0.0,4005.844095740742,3989.531206851853,0.0,3931.537870466664,0.0
2025-01-05,46,q4_warmup,0.9565,879.6010333333334,160.87023333333337,599.1856833333333,177.08365,115.5381988333346,603.1926011666653,0.0,0.0,0.0,3989.531206851853,3989.531206851853,110.51228718408456,2884.7686150795766,0.0
2025-01-05,47,q4_warmup,1.1622,1032.8320333333334,208.82783333333336,609.6268833333334,226.83293333333333,0.0,441.21025,0.0,382.79395,0.0,3989.531206851853,3564.2045957407413,0.0,2563.87276275,0.0
2025-01-05,48,q4_warmup,1.478,1239.3866666666663,253.9875,640.1816666666667,270.18125000000003,0.0,152.065833333333,0.0,833.3333333333334,0.0,3564.2045957407413,2638.278669814815,0.0,1123.7665083333306,0.0
2025-01-05,49,q4_warmup,1.414,1245.83305,306.5186333333333,630.28315,305.65793333333335,0.0,105.98108333333325,0.0,833.3333333333334,0.0,2638.278669814815,1712.352743888889,0.0,749.2862591666659,0.0
2025-01-05,50,q4_warmup,1.34,1210.1734166666668,362.2109833333333,621.3094,352.7479333333333,0.0,605.1107971666665,0.0,242.85163616666688,0.0,1712.352743888889,1442.5175925925926,0.0,4054.242341016666,0.0
2025-01-05,51,q4_warmup,1.3734,1220.0016666666668,416.3625,624.7283333333334,406.4625,0.0,585.3733333333336,0.0,218.2658333333333,0.0,1442.5175925925926,1200.0,0.0,4019.7586800000017,2.273736754432321e-13
2025-01-05,52,q4_warmup,1.2727,1210.0859333333333,467.82228333333336,619.6784333333334,444.75925,0.0,742.2636499999999,0.0,0.0,0.0,1200.0,1200.0,0.0,4723.394736775,0.0
2025-01-05,53,q4_warmup,1.2399,1205.7963,516.32135,675.15125,494.40153333333336,0.0,689.4749499999999,0.0,0.0,0.0,1200.0,1200.0,0.0,4274.399952525,0.0
2025-01-05,54,q4_warmup,1.3046,1212.0566666666666,555.8125,758.565,553.03125,0.0,656.2441666666666,0.0,0.0,0.0,1200.0,1200.0,0.0,4280.680699166666,0.0
2025-01-05,55,q4_warmup,1.2835,1202.3640666666668,578.9388,757.9913,588.73325,0.0,623.4252666666667,0.0,0.0,0.0,1200.0,1200.0,0.0,4000.831648833334,0.0
2025-01-05,56,q4_warmup,1.2865,1202.5371833333334,597.0921666666667,739.2537000000001,617.4463833333333,0.0,605.4450166666667,0.0,0.0,0.0,1200.0,1200.0,0.0,3894.525069708333,0.0
2025-01-05,57,q4_warmup,1.3004,1204.3533333333332,629.525,734.8766666666667,655.81875,0.0,574.8283333333333,0.0,0.0,0.0,1200.0,1200.0,0.0,3737.5338233333327,0.0
2025-01-05,58,q4_warmup,1.2006,1173.7524,689.6749666666666,716.0603666666666,702.2948,0.0,484.0774333333335,0.0,0.0,0.0,1200.0,1200.0,0.0,2905.9168323000004,0.0
2025-01-05,59,q4_warmup,1.205,1161.13995,755.6635,722.68055,731.0446000000001,0.0,405.47645,0.0,0.0,0.0,1200.0,1200.0,0.0,2442.9956112500004,0.0
2025-01-05,60,q4_warmup,1.3243,1178.2616666666663,805.2375000000001,756.8083333333334,748.7937499999999,0.0,373.0241666666663,0.0,-0.0,0.0,1200.0,1200.0,0.0,2469.979519583331,0.0
2025-01-05,61,q4_warmup,1.3472,1187.0621,830.6773833333333,771.0178333333333,790.0407,0.0,356.3847166666668,0.0,-0.0,0.0,1200.0,1200.0,0.0,2400.6074514666675,0.0
2025-01-05,62,q4_warmup,1.3489,1190.9239166666666,847.9200000000001,745.5898333333333,846.10415,0.0,343.00391666666656,0.0,-0.0,0.0,1200.0,1200.0,0.0,2313.3899159583325,0.0
2025-01-05,63,q4_warmup,1.4069,1191.61,866.8249999999999,721.1983333333333,890.5,0.0,324.785,0.0,-0.0,0.0,1200.0,1200.0,0.0,2284.7000825,0.0
2025-01-05,64,q4_warmup,1.4532,1179.9668333333334,883.2592333333333,752.93935,903.7317833333332,0.0,296.70760000000007,0.0,-0.0,0.0,1200.0,1200.0,0.0,2155.8774216000006,0.0
2025-01-05,65,q4_warmup,1.1563,1155.1008,885.6143333333333,747.5828166666666,919.1420166666668,0.0,269.4864666666666,0.0,-0.0,0.0,1200.0,1200.0,0.0,1558.0360070333331,0.0
2025-01-05,66,q4_warmup,0.7145,1149.2133333333334,881.1062499999999,697.0300000000001,950.35,580.0133333333334,521.4270833333334,833.3333333333334,0.0,0.0,1200.0,1950.0,414.41952666666674,1862.7982552083336,-1.1368683772161605e-13
2025-01-05,67,q4_warmup,0.6992,1195.3994666666667,888.8137,691.2403666666668,983.1354,541.4383000000001,598.4807999999999,833.3333333333334,0.0,0.0,1950.0,2700.0,378.57365936000014,2092.2888768,1.1368683772161605e-13
2025-01-05,68,q4_warmup,0.804,1210.8777666666667,894.5416166666668,720.9482166666667,1022.8345666666668,0.0,378.0899833333343,61.75383333333431,0.0,0.0,2700.0,2755.578450000001,0.0,1519.9217330000042,2.8421709430404014e-14
2025-01-05,69,q4_warmup,0.7843,1177.13,910.23125,744.29,1054.8625,0.0,1100.232083333333,833.3333333333334,0.0,0.0,2755.578450000001,3505.578450000001,0.0,4314.560114791667,-1.1368683772161605e-13
2025-01-05,70,q4_warmup,0.7018,1153.867,963.87765,731.8109166666667,1052.8346833333333,512.3095666666668,511.0131166666665,833.3333333333334,0.0,0.0,3505.578450000001,4255.578450000001,359.53885388666674,1793.1450263833328,-1.1368683772161605e-13
2025-01-05,71,q4_warmup,0.6889,1139.9222666666667,1010.5146166666668,726.63145,1043.4103,516.5544833333333,446.1864999999999,833.3333333333334,0.0,0.0,4255.578450000001,5005.578450000001,355.85438356833333,1536.8893992499995,-1.1368683772161605e-13
2025-01-05,72,q4_warmup,0.7372,1129.1133333333337,1021.73125,725.7383333333333,1056.51875,502.55291666666665,438.1625000000004,833.3333333333334,0.0,0.0,5005.578450000001,5755.578450000001,370.4820101666666,1615.066975000001,1.1368683772161605e-13
2025-01-05,73,q4_warmup,0.7215,1120.1449666666667,1009.2177833333334,689.4174666666667,1094.4212166666666,428.3295833333335,515.9309333333332,833.3333333333334,0.0,0.0,5755.578450000001,6505.578450000001,309.03979437500016,1861.2208419999995,1.1368683772161605e-13
2025-01-05,74,q4_warmup,0.6703,1088.3288833333334,1002.9073,684.4192166666667,1093.4423166666668,424.31023333333326,494.4446833333335,833.3333333333334,0.0,0.0,6505.578450000001,7255.578450000001,284.41514940333326,1657.1313561916672,-1.1368683772161605e-13
2025-01-05,75,q4_warmup,0.6101,1048.1516666666666,1003.8,710.9499999999999,1056.95625,487.32708333333335,390.3579166666667,833.3333333333334,0.0,0.0,7255.578450000001,8005.578450000001,297.31825354166665,1190.7868247916667,1.1368683772161605e-13
2025-01-05,76,q4_warmup,0.5765,1048.0808166666668,990.7054166666668,699.3429666666666,1042.9217333333331,489.7545666666666,400.9541666666668,833.3333333333334,0.0,0.0,8005.578450000001,8755.57845,282.3435076833333,1155.750385416667,-1.1368683772161605e-13
2025-01-05,77,q4_warmup,0.7921,1090.68905,984.6783333333332,674.8715666666667,997.8878,0.0,939.34405,833.3333333333333,0.0,0.0,8755.57845,9505.57845,0.0,3720.272110025,0.0
2025-01-05,78,q4_warmup,1.1015,1138.535,985.39375,664.035,929.175,0.0,0.0,0.0,153.14125000000013,0.0,9505.57845,9335.421505555556,0.0,0.0,0.0
2025-01-05,79,q4_warmup,1.0947,1143.0657166666667,968.51355,673.6101166666666,907.5861666666666,0.0,0.0,0.0,174.55216666666672,0.0,9335.421505555556,9141.474653703704,0.0,0.0,0.0
2025-01-05,80,q4_warmup,1.0296,1123.2365166666666,942.4701166666669,721.9934499999999,900.4968833333334,0.0,180.76639999999972,0.0,0.0,0.0,9141.474653703704,9141.474653703704,0.0,930.5854271999988,0.0
2025-01-05,81,q4_warmup,1.0503,1110.13,915.21875,747.5933333333334,866.7875,0.0,194.9112500000001,0.0,0.0,0.0,9141.474653703704,9141.474653703704,0.0,1023.5764293750004,0.0
2025-01-05,82,q4_warmup,1.0732,1121.4022166666666,883.0899666666666,664.7614166666666,804.32875,0.0,238.3122500000001,0.0,0.0,0.0,9141.474653703704,9141.474653703704,0.0,1278.7835335000002,0.0
2025-01-05,83,q4_warmup,1.2356,1141.5142166666667,833.21845,617.4580833333333,788.7774833333333,0.0,0.0,0.0,308.29576666666674,0.0,9141.474653703704,8798.923801851852,0.0,0.0,0.0
2025-01-05,84,q4_warmup,1.4592,1153.0416666666667,777.9250000000001,653.91,805.99375,0.0,0.0,0.0,375.1166666666667,0.0,8798.923801851852,8382.127505555556,0.0,0.0,0.0
2025-01-05,85,q4_warmup,1.4822,1144.38925,747.1545500000001,681.3982833333333,766.3965833333333,0.0,0.0,0.0,397.2346999999999,0.0,8382.127505555556,7940.755616666667,0.0,0.0,0.0
2025-01-05,86,q4_warmup,1.4052,1104.3138166666663,731.3669666666666,662.2560500000001,712.81895,0.0,0.0,0.0,372.9468499999997,0.0,7940.755616666667,7526.370227777778,0.0,0.0,0.0
2025-01-05,87,q4_warmup,1.402,1077.7333333333331,700.88125,634.2366666666667,677.1374999999999,0.0,0.0,0.0,376.8520833333331,0.0,7526.370227777778,7107.645690740742,0.0,0.0,0.0
2025-01-05,88,q4_warmup,1.5008,1120.9334166666663,634.5597666666666,658.7808333333334,645.3267,0.0,0.0,0.0,486.37364999999966,0.0,7107.645690740742,6567.230524074075,0.0,0.0,0.0
2025-01-05,89,q4_warmup,1.2596,1118.1760333333334,582.6891166666667,656.9061166666667,601.5671666666666,0.0,203.86679499999883,0.0,331.6201216666679,0.0,6567.230524074075,6198.763722222222,0.0,1283.953074909993,0.0
2025-01-05,90,q4_warmup,0.8415,1071.1133333333337,553.8312500000001,620.4499999999999,547.9,157.4797325102878,1193.1356841563793,833.3333333333334,0.0,0.0,6198.763722222222,6948.763722222222,132.51919490740718,5020.118391087966,1.1368683772161605e-13
2025-01-05,91,q4_warmup,0.8746,1091.4053333333334,510.40325,620.8976333333334,498.8593666666666,122.03826666666674,1292.29715,833.3333333333334,0.0,0.0,6948.763722222222,7698.763722222222,106.73466802666674,5651.21543695,1.1368683772161605e-13
2025-01-05,92,q4_warmup,0.9755,1092.2044833333332,467.7820833333333,624.0388166666667,448.2545500000001,175.7842666666666,1281.9714666666669,833.3333333333334,0.0,0.0,7698.763722222222,8448.763722222222,171.4775521333333,6252.8158286666685,1.1368683772161605e-13
2025-01-05,93,q4_warmup,0.9403,1060.6933333333334,427.44375,614.765,397.00625,217.75875,1248.8241666666668,833.3333333333334,0.0,0.0,8448.763722222222,9198.763722222222,204.758552625,5871.346819583334,-1.1368683772161605e-13
2025-01-05,94,q4_warmup,0.9573,1077.2093,372.3002,619.89925,353.0922333333333,266.80701666666675,1271.4354166666667,833.3333333333334,0.0,0.0,9198.763722222222,9948.763722222222,255.4143570550001,6085.725621875001,1.1368683772161605e-13
2025-01-05,95,q4_warmup,1.0176,1095.2237166666666,321.04018333333335,645.6968,303.5998,342.09700000000004,1265.4198666666666,833.3333333333334,0.0,0.0,9948.763722222222,10698.763722222222,348.11790720000005,6438.4562816,-1.1368683772161605e-13
2025-01-05,96,q4_warmup,1.0519,1085.6133333333337,275.34375,658.4733333333334,249.25,409.22333333333336,401.0462500000003,0.0,0.0,0.0,10698.763722222222,10698.763722222222,430.4620243333334,2109.302751875002,0.0
2025-01-05,97,q4_warmup,1.0209,1066.4095166666666,218.33696666666663,619.46255,204.3166666666667,415.1458833333333,432.9266666666668,0.0,0.0,0.0,10698.763722222222,10698.763722222222,423.8224322949999,2209.8741700000005,0.0
2025-01-05,98,q4_warmup,1.0226,1042.9378166666668,163.33828333333335,602.7172833333333,161.6896,441.0276833333333,438.57185000000015,0.0,0.0,0.0,10698.763722222222,10698.763722222222,450.9949089766666,2242.4178690500007,0.0
2025-01-05,99,q4_warmup,1.0649,1032.1833333333334,117.28125,620.095,117.3375,502.7575000000001,412.1445833333333,0.0,0.0,0.0,10698.763722222222,10698.763722222222,535.3864617500001,2194.463833958333,0.0
2025-01-05,100,q4_warmup,1.0676,1051.41015,74.02884999999999,604.4016666666666,74.65203333333334,529.7496333333333,447.63166666666655,0.0,0.0,0.0,10698.763722222222,10698.763722222222,565.5607085466668,2389.4578366666665,0.0
2025-01-05,101,q4_warmup,1.0922,1059.6464666666668,32.48963333333334,537.80945,32.74105,505.0684,522.0884333333335,0.0,0.0,0.0,10698.763722222222,10698.763722222222,551.6357064800001,2851.124934433334,0.0
2025-01-05,102,q4_warmup,1.1287,1051.5166666666669,3.025,471.9083333333333,2.25625,469.6520833333333,578.8395833333334,0.0,0.0,0.0,10698.763722222222,10698.763722222222,530.0963064583334,3266.681188541668,0.0
2025-01-05,103,q4_warmup,1.0993,1057.1377333333332,0.0,479.1987,0.0,479.1987,577.9390333333333,0.0,0.0,0.0,10698.763722222222,10698.763722222222,526.78313091,3176.641896716666,0.0
2025-01-05,104,q4_warmup,1.0817,1050.05735,0.7167500000000001,494.3890666666667,0.8452833333333333,493.54378333333335,555.7968166666667,0.0,0.0,0.0,10698.763722222222,10698.763722222222,533.8663104316668,3006.027082941667,0.0
2025-01-05,105,q4_warmup,1.086,1051.86,0.0,482.665,0.0,482.665,569.1949999999998,0.0,0.0,0.0,10698.763722222222,10698.763722222222,524.17419,3090.7288499999995,-2.273736754432321e-13
2025-01-05,106,q4_warmup,1.0632,1086.9624666666666,0.0,471.033,0.0,471.033,615.9294666666668,0.0,0.0,0.0,10698.763722222222,10698.763722222222,500.8022856,3274.281044800001,2.273736754432321e-13
2025-01-05,107,q4_warmup,1.1474,954.9336166666668,0.0514666666666666,471.0173,0.0606833333333333,379.8439666666664,575.0381833333367,0.0,-2.9558577807620168e-12,0.0,10698.763722222222,10698.763722222226,435.83296735333295,3298.994057783353,0.0
2025-01-05,108,q4_warmup,1.3008,734.0416666666666,0.0,475.8683333333333,0.0,0.0,0.0,0.0,734.0416666666666,0.0,10698.763722222226,9883.161870370372,0.0,0.0,0.0
2025-01-05,109,q4_warmup,1.3326,723.1414166666667,0.0,475.7942166666666,0.0,0.0,0.0,0.0,723.1414166666667,0.0,9883.161870370372,9079.67140740741,0.0,0.0,0.0
2025-01-05,110,q4_warmup,1.3145,767.9411166666667,0.0037,500.55575,0.00435,0.0,0.0,0.0,767.9374166666668,0.0,9079.67140740741,8226.407611111114,0.0,0.0,0.0
2025-01-05,111,q4_warmup,1.3003,754.3649999999999,0.0,521.475,0.0,0.0,530.3762499999975,0.0,223.98875000000243,0.0,8226.407611111114,7977.531222222222,0.0,3448.241189374984,1.1368683772161605e-13
2025-01-05,112,q4_warmup,1.2869,726.7196666666667,0.0,475.4203,0.0,0.0,726.7196666666667,0.0,-0.0,0.0,7977.531222222222,7977.531222222222,0.0,4676.077695166667,0.0
2025-01-05,113,q4_warmup,1.3792,731.6929666666666,0.0002666666666666,432.6125833333333,0.0003166666666666,0.0,0.0,0.0,731.6927,0.0,7977.531222222222,7164.539333333333,0.0,0.0,0.0
2025-01-05,114,q4_warmup,1.5174,760.5666666666666,0.0,434.9933333333333,0.0,0.0,0.0,0.0,760.5666666666666,0.0,7164.539333333333,6319.465259259259,0.0,0.0,0.0
2025-01-05,115,q4_warmup,1.5251,762.6943833333333,0.0,461.89075,0.0,0.0,0.0,0.0,762.6943833333333,0.0,6319.465259259259,5472.027055555555,0.0,0.0,0.0
2025-01-05,116,q4_warmup,1.5216,737.8425833333334,0.0,491.3777333333333,0.0,0.0,0.0,0.0,737.8425833333334,0.0,5472.027055555555,4652.201962962962,0.0,0.0,0.0
2025-01-05,117,q4_warmup,1.5409,722.3916666666668,0.0,495.47,0.0,0.0,0.0,0.0,722.3916666666668,0.0,4652.201962962962,3849.544555555555,0.0,0.0,0.0
2025-01-05,118,q4_warmup,1.507,750.8413166666666,0.0,460.3988833333333,0.0,0.0,225.27110000000084,0.0,525.5702166666657,0.0,3849.544555555555,3265.5776481481485,0.0,1697.4177385000062,0.0
2025-01-05,119,q4_warmup,1.5355,759.4042333333333,0.0,451.6471666666666,0.0,0.0,307.7570666666667,0.0,451.6471666666666,0.0,3265.5776481481485,2763.7474629629637,0.0,2362.804879333333,0.0
2025-01-05,120,q4_warmup,1.5677,725.275,0.0,478.92333333333335,0.0,0.0,246.3516666666664,0.0,478.9233333333336,0.0,2763.7474629629637,2231.610425925926,0.0,1931.0275391666648,0.0
2025-01-05,121,q4_warmup,1.4373,693.43795,0.0,489.2799333333333,0.0,0.0,693.43795,0.0,-0.0,0.0,2231.610425925926,2231.610425925926,0.0,4983.391827675,0.0
2025-01-05,122,q4_warmup,1.4271,713.2406833333333,0.0,481.7081,0.0,0.0,713.2406833333333,0.0,-0.0,0.0,2231.610425925926,2231.610425925926,0.0,5089.328895925,0.0
2025-01-05,123,q4_warmup,1.5707,753.5883333333333,0.0,467.4533333333333,0.0,0.0,286.135,0.0,467.45333333333326,0.0,2231.610425925926,1712.2178333333334,0.0,2247.1612225,0.0
2025-01-05,124,q4_warmup,1.5747,738.7772666666666,0.0,460.99605,0.0,0.0,277.7812166666666,0.0,460.99605,0.0,1712.2178333333334,1200.0,0.0,2187.1104094249995,0.0
2025-01-05,125,q4_warmup,1.3071,734.1457,0.0,493.0272166666667,0.0,0.0,734.1457,0.0,-0.0,0.0,1200.0,1200.0,0.0,4798.0092223500005,0.0
2025-01-05,126,q4_warmup,0.969,755.5666666666666,0.0,530.5933333333334,0.0,530.5933333333334,224.97333333333324,0.0,-0.0,0.0,1200.0,1200.0,514.14494,1089.9957999999997,0.0
2025-01-05,127,q4_warmup,0.9178,752.2540333333333,0.0,507.2419833333333,0.0,507.2419833333333,245.01204999999996,0.0,-0.0,0.0,1200.0,1200.0,465.5466923033333,1124.3602974499995,0.0
2025-01-05,128,q4_warmup,0.9911,748.3642333333333,0.0,490.1867333333333,0.0,490.1867333333333,258.17750000000007,0.0,-0.0,0.0,1200.0,1200.0,485.8240714066666,1279.3986012500002,0.0
2025-01-05,129,q4_warmup,1.0402,767.81,0.0,508.1133333333333,0.0,508.1133333333333,259.69666666666666,0.0,-0.0,0.0,1200.0,1200.0,528.5394893333333,1350.6823633333331,0.0
2025-01-05,130,q4_warmup,1.0241,788.7005166666667,0.0,514.89855,0.0,514.89855,273.80196666666666,0.0,-0.0,0.0,1200.0,1200.0,527.307605055,1402.0029703166665,0.0
2025-01-05,131,q4_warmup,0.759,694.5243333333333,0.0,460.3778,0.0,460.3778,234.1465333333333,0.0,-0.0,0.0,1200.0,1200.0,349.4267502,888.5860939999999,0.0
2025-01-05,132,q4_warmup,0.4174,548.0883333333334,0.0,395.195,0.0,395.195,152.89333333333337,0.0,-0.0,0.0,1200.0,1200.0,164.95439299999998,319.08838666666674,0.0
2025-01-05,133,q4_warmup,0.3978,539.5484166666666,0.0,419.8485666666666,0.0,1159.6630936293625,119.69985000000008,739.8145269626957,0.0,0.0,1200.0,1865.833074266426,461.3139786457603,238.0830016500001,-1.1368683772161605e-13
2025-01-05,134,q4_warmup,0.4453,563.05595,0.0,435.6417666666667,0.0,435.6417666666667,127.41418333333328,0.0,-0.0,0.0,1865.833074266426,1865.833074266426,193.99127869666663,283.68767919166646,-1.1368683772161605e-13
2025-01-05,135,q4_warmup,0.4222,564.3383333333334,0.0,417.3466666666666,0.0,417.3466666666666,146.9916666666665,0.0,2.0463630789890886e-13,0.0,1865.833074266426,1865.833074266426,176.20376266666665,310.299408333333,0.0
2025-01-05,136,q4_warmup,0.4373,589.8358,0.0,431.3325333333333,0.0,431.3325333333333,158.50326666666658,0.0,-0.0,0.0,1865.833074266426,1865.833074266426,188.62171682666667,346.5673925666665,-1.1368683772161605e-13
2025-01-05,137,q4_warmup,0.4458,582.0661833333334,0.0,417.6806166666667,0.0,417.6806166666667,164.38556666666676,0.0,-2.0463630789890886e-13,0.0,1865.833074266426,1865.833074266426,186.20201891,366.4154281000002,-1.1368683772161605e-13
2025-01-05,138,q4_warmup,0.4306,557.335,0.0,393.4916666666666,0.0,393.4916666666666,163.8433333333335,0.0,-0.0,0.0,1865.833074266426,1865.833074266426,169.43751166666664,352.75469666666703,1.1368683772161605e-13
2025-01-05,139,q4_warmup,0.4316,592.1239833333333,0.0,442.7318833333333,0.0,442.7318833333333,149.39209999999994,0.0,-0.0,0.0,1865.833074266426,1865.833074266426,191.08308084666663,322.3881517999999,0.0
2025-01-05,140,q4_warmup,0.4418,604.0571166666667,0.0,480.42425,0.0,480.42425,123.6328666666666,0.0,-0.0,0.0,1865.833074266426,1865.833074266426,212.25143365,273.1050024666665,-1.1368683772161605e-13
2025-01-05,141,q4_warmup,0.4489,586.6166666666667,0.0,456.1483333333333,0.0,456.1483333333333,130.4683333333336,0.0,-2.0463630789890886e-13,0.0,1865.833074266426,1865.8330742664264,204.76498683333327,292.8361741666672,0.0
2025-01-05,142,q4_warmup,0.4548,614.9030666666666,0.0,416.65793333333335,0.0,416.65793333333335,198.24513333333311,0.0,2.0463630789890886e-13,0.0,1865.8330742664264,1865.833074266426,189.49602808,450.8094331999995,1.1368683772161605e-13
2025-01-05,143,q4_warmup,0.4854,627.32955,0.0,477.8123666666667,0.0,477.8123666666667,149.51718333333338,0.0,-0.0,0.0,1865.833074266426,1865.833074266426,231.93012278000003,362.8782039500001,1.1368683772161605e-13
2025-01-05,144,q4_warmup,0.4954,608.2516666666667,0.0,599.25,0.0,0.0002331602165668,9.001666666666665,0.0,599.2497668397835,0.0,1865.833074266426,1200.0,0.0001155075712872,22.29712833333333,1.1368683772161605e-13
2025-01-06,1,q4_warmup,0.4137,607.3944666666666,0.0,624.85225,0.0,1458.1855833333334,0.0,833.3333333333334,0.0,17.457783333333396,1200.0,1950.0,603.2513758250001,0.0,0.0
2025-01-06,2,q4_warmup,0.371,611.2273833333334,0.0,622.4207333333333,0.0,1455.7540666666666,0.0,833.3333333333334,0.0,11.193349999999896,1950.0,2700.0,540.0847587333333,0.0,0.0
2025-01-06,3,q4_warmup,0.4096,608.8933333333333,0.0,635.4433333333333,0.0,1468.7766666666666,0.0,833.3333333333333,0.0,26.550000000000068,2700.0,3450.0,601.6109226666667,0.0,0.0
2025-01-06,4,q4_warmup,0.4503,609.8078333333334,0.0,633.6038333333333,0.0,1466.9371666666666,0.0,833.3333333333334,0.0,23.79599999999982,3450.0,4200.0,660.5618061499999,0.0,0.0
2025-01-06,5,q4_warmup,0.4856,625.6360166666667,0.0,620.4684166666667,0.0,620.4684166666667,5.167599999999993,0.0,-0.0,0.0,4200.0,4200.0,301.29946313333335,12.546932799999984,0.0
2025-01-06,6,q4_warmup,0.4971,638.5166666666667,0.0,616.5916666666667,0.0,616.5916666666667,21.924999999999955,0.0,0.0,0.0,4200.0,4200.0,306.5077175,54.49458749999989,0.0
2025-01-06,7,q4_warmup,0.4637,623.8103333333333,0.0,637.8484333333333,0.0,1471.1817666666666,0.0,833.3333333333333,0.0,14.038099999999986,4200.0,4950.0,682.1869852033333,0.0,0.0
2025-01-06,8,q4_warmup,0.4676,644.55665,0.0,652.1511333333334,0.0,1485.4844666666668,0.0,833.3333333333333,0.0,7.594483333333528,4950.0,5700.0,694.6125366133334,0.0,0.0
2025-01-06,9,q4_warmup,0.4987,678.8683333333333,0.0,642.9883333333333,0.0,642.9883333333333,35.879999999999995,0.0,-0.0,0.0,5700.0,5700.0,320.6582818333333,89.46677999999999,0.0
2025-01-06,10,q4_warmup,0.4672,643.4593333333333,0.0,623.8896,0.0,1457.2229333333337,19.569733333333147,833.3333333333333,0.0,0.0,5700.0,6450.0,680.8145544533334,45.71489706666623,1.1368683772161605e-13
2025-01-06,11,q4_warmup,0.4376,632.8780833333334,0.0,617.5666333333334,0.0,1450.8999666666668,15.311449999999809,833.3333333333333,0.0,0.0,6450.0,7200.0,634.9138254133334,33.501452599999574,-1.1368683772161605e-13
2025-01-06,12,q4_warmup,0.449,667.4083333333333,0.0,640.0783333333333,0.0,1473.4116666666666,27.329999999999927,833.3333333333333,0.0,0.0,7200.0,7950.0,661.5618383333333,61.35584999999984,0.0
2025-01-06,13,q4_warmup,0.4742,672.91,0.0,685.192,0.0,1518.5253333333335,0.0,833.3333333333333,0.0,12.282000000000266,7950.0,8700.0,720.0847130666667,0.0,0.0
2025-01-06,14,q4_warmup,0.4841,675.2263166666667,0.0,695.5783333333334,0.0,695.5783333333334,0.0,20.352016666666717,0.0,0.0,8700.0,8718.316815,336.72947116666666,0.0,0.0
2025-01-06,15,q4_warmup,0.4826,682.6966666666667,0.0,680.6666666666666,0.0,680.6666666666666,0.0,0.0,2.0300000000000864,0.0,8718.316815,8716.061259444445,328.4897333333333,0.0,0.0
2025-01-06,16,q4_warmup,0.4897,669.3242833333334,0.0,701.0110333333333,0.0,701.0110333333333,0.0,31.68674999999996,0.0,0.0,8716.061259444445,8744.579334444445,343.28510302333336,0.0,0.0
2025-01-06,17,q4_warmup,0.4623,647.2983333333333,0.0,706.62255,0.0,1539.9558833333335,0.0,783.8007395061726,0.0,108.85681049382764,8744.579334444445,9450.0,711.9216048650001,0.0,0.0
2025-01-06,18,q4_warmup,0.4363,644.795,0.0,680.6533333333333,0.0,1513.986666666667,0.0,833.3333333333333,0.0,35.85833333333346,9450.0,10200.0,660.5523826666667,0.0,0.0
2025-01-06,19,q4_warmup,0.4965,679.2211666666667,0.0,663.0113,0.0,663.0113,16.2098666666667,0.0,-0.0,0.0,10200.0,10200.0,329.18511045,40.24099400000008,0.0
2025-01-06,20,q4_warmup,0.5502,703.0744,0.0,672.56565,0.0,672.56565,30.508749999999964,0.0,-0.0,0.0,10200.0,10200.0,370.04562063,83.92957124999991,0.0
2025-01-06,21,q4_warmup,0.5438,698.15,0.0,688.965,0.0,688.965,9.184999999999944,0.0,-0.0,0.0,10200.0,10200.0,374.659167,24.97401499999985,0.0
2025-01-06,22,q4_warmup,0.5124,690.0639333333334,0.0,678.7183833333333,0.0,678.7183833333333,11.345550000000005,0.0,-0.0,0.0,10200.0,10200.0,347.77529962,29.067299100000007,0.0
2025-01-06,23,q4_warmup,0.5038,696.3362999999999,0.0,686.2090666666667,0.0,686.2090666666667,10.127233333333264,0.0,-0.0,0.0,10200.0,10200.0,345.7121277866667,25.510500766666496,0.0
2025-01-06,24,q4_warmup,0.5101,708.8283333333334,0.0,714.1933333333333,0.0,714.1933333333333,0.0,0.0,0.0,5.364999999999895,10200.0,10200.0,364.3100193333333,0.0,0.0
2025-01-06,25,q4_warmup,0.4914,707.1996333333333,0.0,713.8311,0.0,713.8311,0.0,0.0,0.0,6.631466666666711,10200.0,10200.0,350.77660254,0.0,0.0
2025-01-06,26,q4_warmup,0.5078,713.0952000000001,0.0,677.7742,0.0,677.7742,35.32100000000014,0.0,-0.0,0.0,10200.0,10200.0,344.17373876,89.68001900000036,0.0
2025-01-06,27,q4_warmup,0.5463,719.2283333333334,0.0,655.9483333333334,0.0,655.9483333333334,63.27999999999997,0.0,-0.0,0.0,10200.0,10200.0,358.3445745,172.84931999999992,0.0
2025-01-06,28,q4_warmup,0.526,695.8064166666667,0.0,708.1278333333333,0.0,708.1278333333333,0.0,0.0,0.0,12.321416666666664,10200.0,10200.0,372.4752403333334,0.0,0.0
2025-01-06,29,q4_warmup,0.4892,680.2819166666667,0.0,751.5082000000001,0.0,751.5082000000001,0.0,0.0,0.0,71.22628333333341,10200.0,10200.0,367.63781144000006,0.0,0.0
2025-01-06,30,q4_warmup,0.4815,694.1416666666668,0.0,733.755,0.0,1400.4216666666666,0.0,666.6666666666666,0.0,39.61333333333323,10200.0,10800.0,674.3030325,0.0,0.0
2025-01-06,31,q4_warmup,0.512,720.0062666666666,0.0002833333333333,681.1280333333333,0.0002833333333333,681.12775,38.87823333333332,0.0,-0.0,0.0,10800.0,10800.0,348.737408,99.5282773333333,0.0
2025-01-06,32,q4_warmup,0.5553,719.7377,0.0,664.0997833333333,0.0,664.0997833333333,55.63791666666668,0.0,-0.0,0.0,10800.0,10800.0,368.774609685,154.47867562500005,0.0
2025-01-06,33,q4_warmup,0.5507,692.5566666666667,0.0,679.895,0.0,679.895,12.661666666666749,0.0,-0.0,0.0,10800.0,10800.0,374.4181765,34.86389916666688,0.0
2025-01-06,34,q4_warmup,0.4957,687.0100833333332,0.0039666666666666,682.9474166666668,0.0039833333333333,682.9434333333335,4.062683333333087,0.0,-0.0,0.0,10800.0,10800.0,338.5350599033334,10.069360641666057,0.0
2025-01-06,35,q4_warmup,0.7059,774.3374833333334,0.0,782.1280499999999,0.0,782.1280499999999,0.0,0.0,-0.0,7.790566666666564,10800.0,10800.0,552.1041904949999,0.0,0.0
2025-01-06,36,q4_warmup,1.0634,897.25,0.0,928.5183333333332,0.0,928.5183333333332,0.0,0.0,-0.0,31.26833333333332,10800.0,10800.0,987.3863956666664,0.0,0.0
2025-01-06,37,q4_warmup,1.1058,917.234,0.0552166666666666,942.41265,0.0555,942.35715,0.0,0.0,-0.0,25.17836666666668,10800.0,10800.0,1042.05853647,0.0,-2.8421709430404014e-14
2025-01-06,38,q4_warmup,1.0381,902.8541666666666,0.0,906.98685,0.0,906.98685,0.0,0.0,-0.0,4.1326833333332615,10800.0,10800.0,941.543048985,0.0,0.0
2025-01-06,39,q4_warmup,1.0438,908.235,0.0,899.6033333333334,0.0,899.6033333333334,8.63166666666666,0.0,-0.0,0.0,10800.0,10800.0,939.0059593333334,45.0486683333333,0.0
2025-01-06,40,q4_warmup,1.0971,918.2977666666668,0.7691499999999999,912.9652666666666,0.773,912.1922666666666,5.336350000000234,0.0,-0.0,0.0,10800.0,10800.0,1000.76613576,29.272547925001284,0.0
2025-01-06,41,q4_warmup,1.1165,912.7377833333334,0.0,899.52805,0.0,224.5280500000001,13.209733333333247,0.0,675.0,0.0,10800.0,10050.0,250.6855678250001,73.74333633333286,0.0
2025-01-06,42,q4_warmup,1.0706,890.4716666666667,3.79375,883.9549999999999,2.7125,881.2425,5.435416666666742,0.0,-0.0,0.0,10050.0,10050.0,943.4582205,29.09578541666707,0.0
2025-01-06,43,q4_warmup,0.9975,871.7132666666666,36.452466666666666,930.5907,32.1541,898.4366000000001,0.0,63.17580000000014,0.0,0.0,10050.0,10106.85822,896.1905085000002,0.0,-4.263256414560601e-14
2025-01-06,44,q4_warmup,0.9627,880.0355166666667,79.05208333333333,941.66885,70.45568333333334,871.2131666666667,0.0,0.0,0.0,70.2297333333333,10106.85822,10106.85822,838.71691555,0.0,4.263256414560601e-14
2025-01-06,45,q4_warmup,0.9316,878.3616666666667,121.38125,891.8333333333334,111.06875,780.7645833333333,0.0,0.0,0.0,23.784166666666664,10106.85822,10106.85822,727.3602858333334,0.0,2.8421709430404014e-14
2025-01-06,46,q4_warmup,0.8622,835.2851666666667,166.71063333333333,879.6010333333334,160.87023333333337,1552.0641333333333,0.0,770.1575333333333,0.0,113.33206666666672,10106.85822,10800.0,1338.18969576,0.0,0.0
2025-01-06,47,q4_warmup,1.083,971.2609166666666,208.4388,1032.8320333333334,208.82783333333336,824.0042,0.0,0.0,-0.0,61.18208333333334,10800.0,10800.0,892.3965486,0.0,2.8421709430404014e-14
2025-01-06,48,q4_warmup,1.4752,1208.4766666666667,250.4625,1239.3866666666663,253.9875,152.06583333333322,0.0,0.0,805.9483333333334,0.0,10800.0,9904.501851851852,224.3275173333332,0.0,-2.273736754432321e-13
2025-01-06,49,q4_warmup,1.5469,1231.4706333333334,302.7128166666667,1245.83305,306.5186333333333,105.98108333333325,0.0,0.0,822.7767333333336,0.0,9904.501851851852,8990.30548148148,163.94213780833317,0.0,2.273736754432321e-13
2025-01-06,50,q4_warmup,1.4735,1212.5025333333333,347.64335,1210.1734166666668,362.2109833333333,14.629099999999994,16.89674999999977,0.0,833.3333333333334,0.0,8990.30548148148,8064.379555555554,21.555978849999992,124.4868056249983,-2.273736754432321e-13
2025-01-06,51,q4_warmup,1.413,1238.0883333333334,382.48125,1220.0016666666668,416.3625,0.0,22.27374999999995,0.0,833.3333333333334,0.0,8064.379555555554,7138.453629629628,0.0,157.36404374999967,0.0
2025-01-06,52,q4_warmup,1.3525,1217.7327666666667,423.14145,1210.0859333333333,467.82228333333336,0.0,0.0,0.0,794.5913166666667,0.0,7138.453629629628,6255.574388888887,0.0,0.0,0.0
2025-01-06,53,q4_warmup,1.3484,1196.8882833333334,472.5344333333333,1205.7963,516.32135,0.0,0.0,0.0,724.3538500000002,0.0,6255.574388888887,5450.736777777776,0.0,0.0,0.0
2025-01-06,54,q4_warmup,1.3766,1197.9033333333334,516.2937499999999,1212.0566666666666,555.8125,0.0,0.0,0.0,681.6095833333335,0.0,5450.736777777776,4693.392796296294,0.0,0.0,0.0
2025-01-06,55,q4_warmup,1.3481,1193.6681833333334,539.3959166666667,1202.3640666666668,578.9388,0.0,0.0,0.0,654.2722666666667,0.0,4693.392796296294,3966.423611111109,0.0,0.0,0.0
2025-01-06,56,q4_warmup,1.3104,1195.6892166666669,577.25915,1202.5371833333334,597.0921666666667,0.0,0.0,0.0,618.4300666666669,0.0,3966.423611111109,3279.27909259259,0.0,0.0,0.0
2025-01-06,57,q4_warmup,1.2715,1198.065,630.8312500000001,1204.3533333333332,629.525,249.22594999999785,140.56201666667067,0.0,177.44578333333146,0.0,3279.27909259259,3082.1171111111107,316.8907954249973,893.6230209583588,0.0
2025-01-06,58,q4_warmup,1.2089,1180.5133166666667,668.5347333333333,1173.7524,689.6749666666666,484.0774333333335,27.90114999999992,0.0,-0.0,0.0,3082.1171111111107,3082.1171111111107,585.2012091566669,168.6485011749995,0.0
2025-01-06,59,q4_warmup,1.2693,1174.0684333333334,715.2191666666666,1161.13995,755.6635,405.47645,53.37281666666672,0.0,-0.0,0.0,3082.1171111111107,3082.1171111111107,514.671257985,338.7305809750004,0.0
2025-01-06,60,q4_warmup,1.4114,1176.9466666666667,755.7312499999999,1178.2616666666663,805.2375000000001,0.0,0.0,0.0,421.2154166666668,0.0,3082.1171111111107,2614.099981481481,0.0,0.0,0.0
2025-01-06,61,q4_warmup,1.4281,1161.9108,751.1307333333333,1187.0621,830.6773833333333,0.0,0.0,0.0,410.7800666666668,0.0,2614.099981481481,2157.6776851851846,0.0,0.0,0.0
2025-01-06,62,q4_warmup,1.3742,1179.6799666666668,780.7058666666667,1190.9239166666666,847.9200000000001,0.0,158.5567833333341,0.0,240.41731666666604,0.0,2157.6776851851846,1890.5473333333332,0.0,1089.443658283339,0.0
2025-01-06,63,q4_warmup,1.3777,1209.1516666666666,837.0187500000001,1191.61,866.8249999999999,0.0,47.34791666666655,0.0,324.785,0.0,1890.5473333333332,1529.6751111111112,0.0,326.1561239583325,0.0
2025-01-06,64,q4_warmup,1.4627,1178.2818166666666,835.8218499999999,1179.9668333333334,883.2592333333333,0.0,45.75236666666666,0.0,296.7076,0.0,1529.6751111111112,1200.0,0.0,334.6099336166666,0.0
2025-01-06,65,q4_warmup,1.241,1173.3346666666666,848.4731666666667,1155.1008,885.6143333333333,269.4864666666666,55.37503333333336,0.0,-0.0,0.0,1200.0,1200.0,334.4327051333333,343.6020818333335,0.0
2025-01-06,66,q4_warmup,0.8319,1203.13,879.80625,1149.2133333333334,881.1062499999999,1101.4404166666668,55.21666666666658,833.3333333333333,0.0,0.0,1200.0,1950.0,916.288282625,229.6737249999996,2.273736754432321e-13
2025-01-06,67,q4_warmup,0.7676,1187.2440833333333,864.6316499999999,1195.3994666666667,888.8137,1139.9191,16.02666666666653,833.3333333333333,0.0,0.0,1950.0,2700.0,875.00190116,61.51034666666613,0.0
2025-01-06,68,q4_warmup,0.8016,1159.1059,880.0237000000001,1210.8777666666667,894.5416166666668,1149.6694833333331,0.0,833.3333333333333,0.0,37.25395000000015,2700.0,3450.0,921.57505784,0.0,-1.1368683772161605e-13
2025-01-06,69,q4_warmup,0.7755,1152.4416666666666,937.7625,1177.13,910.23125,1100.232083333333,0.0,833.3333333333334,0.0,52.21958333333339,3450.0,4200.0,853.2299806249999,0.0,0.0
2025-01-06,70,q4_warmup,0.7834,1162.2219166666666,967.37925,1153.867,963.87765,1023.3226833333332,4.853316666666615,833.3333333333333,0.0,0.0,4200.0,4950.0,801.6709901233334,19.01044138333313,0.0
2025-01-06,71,q4_warmup,0.7757,1148.1250333333337,976.5396166666666,1139.9222666666667,1010.5146166666668,962.7409833333334,42.17776666666703,833.3333333333333,0.0,0.0,4950.0,5700.0,746.7981807716666,163.58646801666805,0.0
2025-01-06,72,q4_warmup,0.7266,1104.0716666666667,970.78125,1129.1133333333337,1021.73125,940.7154166666668,25.90833333333308,833.3333333333333,0.0,0.0,5700.0,6450.0,683.5238217500001,94.12497499999908,0.0
2025-01-06,73,q4_warmup,0.6765,1065.6633833333333,947.7477666666668,1120.1449666666667,1009.2177833333334,944.2605166666668,6.988433333332978,833.3333333333333,0.0,0.0,6450.0,7200.0,638.792239525,23.6383757499988,0.0
2025-01-06,74,q4_warmup,0.6714,1062.05175,961.2695,1088.3288833333334,1002.9073,918.7549166666668,15.360666666666589,833.3333333333333,0.0,0.0,7200.0,7950.0,616.8520510500001,51.56575799999974,0.0
2025-01-06,75,q4_warmup,0.66,1070.0733333333333,1002.84375,1048.1516666666666,1003.8,877.685,22.87791666666658,833.3333333333333,0.0,0.0,7950.0,8700.0,579.2721,75.49712499999971,0.0
2025-01-06,76,q4_warmup,0.5867,1045.130666666667,1008.0864666666666,1048.0808166666668,990.7054166666668,890.7087333333335,0.0,833.3333333333333,0.0,20.331199999999967,8700.0,9450.0,522.5788138466668,0.0,-1.1368683772161605e-13
2025-01-06,77,q4_warmup,0.7517,1053.8634333333332,994.83015,1090.68905,984.6783333333332,939.34405,0.0,833.3333333333334,0.0,46.977433333333465,9450.0,10200.0,706.104922385,0.0,-1.1368683772161605e-13
2025-01-06,78,q4_warmup,1.0617,1101.235,984.59375,1138.535,985.39375,153.14125,0.0,0.0,0.0,36.500000000000114,10200.0,10200.0,162.59006512500002,0.0,1.1368683772161605e-13
2025-01-06,79,q4_warmup,1.096,1122.6911166666666,975.0818166666668,1143.0657166666667,968.51355,174.55216666666672,0.0,0.0,0.0,26.942866666666877,10200.0,10200.0,191.30917466666676,0.0,1.1368683772161605e-13
2025-01-06,80,q4_warmup,1.049,1134.2160166666663,941.49245,1123.2365166666666,942.4701166666669,180.76639999999983,11.957166666666469,0.0,-0.0,0.0,10200.0,10200.0,189.62395359999985,62.71533916666561,0.0
2025-01-06,81,q4_warmup,1.0552,1137.8483333333334,897.09375,1110.13,915.21875,194.91124999999988,45.84333333333348,0.0,-0.0,0.0,10200.0,10200.0,205.67035099999987,241.8694266666674,0.0
2025-01-06,82,q4_warmup,1.0688,1114.69765,878.1117166666667,1121.4022166666666,883.0899666666666,238.3122500000001,0.0,0.0,0.0,1.726316666666662,10200.0,10200.0,254.70813280000007,0.0,0.0
2025-01-06,83,q4_warmup,1.1917,1100.4893333333332,841.6892666666666,1141.5142166666667,833.21845,308.29576666666674,0.0,0.0,0.0,49.49570000000017,10200.0,10200.0,367.3960651366667,0.0,0.0
2025-01-06,84,q4_warmup,1.3552,1100.7,795.1,1153.0416666666667,777.9250000000001,0.0,0.0,0.0,305.6,0.0,10200.0,9860.444444444443,0.0,0.0,0.0
2025-01-06,85,q4_warmup,1.3629,1091.1499833333337,787.8713666666666,1144.38925,747.1545500000001,0.0,0.0,0.0,303.27861666666706,0.0,9860.444444444443,9523.468203703704,0.0,0.0,0.0
2025-01-06,86,q4_warmup,1.3391,1103.459566666667,760.5209666666666,1104.3138166666663,731.3669666666666,0.0,0.0,0.0,342.9386000000003,0.0,9523.468203703704,9142.425314814816,0.0,0.0,0.0
2025-01-06,87,q4_warmup,1.3968,1121.6466666666668,705.0,1077.7333333333331,700.88125,0.0,0.0,0.0,416.6466666666668,0.0,9142.425314814816,8679.484574074073,0.0,0.0,0.0
2025-01-06,88,q4_warmup,1.4785,1093.2435833333334,671.7037833333333,1120.9334166666663,634.5597666666666,0.0,0.0,0.0,421.5398000000001,0.0,8679.484574074073,8211.107018518518,0.0,0.0,0.0
2025-01-06,89,q4_warmup,1.2459,1066.2487166666667,628.9981,1118.1760333333334,582.6891166666667,3.242690765646126e-05,0.0,0.0,437.2505842397591,0.0,8211.107018518518,7725.273036029896,4.040068424918508e-05,0.0,0.0
2025-01-06,90,q4_warmup,0.8753,1074.7,570.0812500000001,1071.1133333333337,553.8312500000001,1350.6154166666668,0.0,442.2758436214028,0.0,403.720823045264,7725.273036029896,8123.321295289159,1182.1936742083333,0.0,-1.1368683772161605e-13
2025-01-06,91,q4_warmup,0.8997,1100.1180833333333,524.0023166666666,1091.4053333333334,510.40325,1414.3354166666668,0.0,833.3333333333333,0.0,4.886316666666858,8123.321295289159,8873.321295289159,1272.477574375,0.0,-1.1368683772161605e-13
2025-01-06,92,q4_warmup,0.9615,1077.6702166666666,479.2144166666667,1092.2044833333332,467.7820833333333,1457.7557333333334,0.0,833.3333333333333,0.0,25.9666000000002,8873.321295289159,9623.32129528916,1401.6321376,0.0,0.0
2025-01-06,93,q4_warmup,0.9187,1037.87,432.9375,1060.6933333333334,427.44375,1466.5829166666667,0.0,833.3333333333333,0.0,28.317083333333585,9623.32129528916,10373.32129528916,1347.3497255416669,0.0,0.0
2025-01-06,94,q4_warmup,0.9842,1069.4894,395.0314333333333,1077.2093,372.3002,1178.9965496787129,0.0,474.0874496787112,0.0,30.45113333333489,10373.32129528916,10800.0,1160.368404193789,0.0,0.0
2025-01-06,95,q4_warmup,1.0234,1074.2876166666667,348.9890833333333,1095.2237166666666,321.04018333333335,774.1835333333333,0.0,0.0,-2.3021584638627244e-14,48.88499999999991,10800.0,10800.0,792.2994280133335,0.0,7.815970093361102e-14
2025-01-06,96,q4_warmup,0.9977,1041.3366666666668,288.975,1085.6133333333337,275.34375,810.2695833333335,0.0,0.0,1.84172677109018e-13,57.90791666666685,10800.0,10800.0,808.4059632916668,0.0,1.5631940186722204e-13
2025-01-06,97,q4_warmup,1.023,1058.4165833333334,226.29261666666665,1066.4095166666666,218.33696666666663,848.07255,0.0,0.0,-0.0,15.948583333333232,10800.0,10800.0,867.5782186499999,0.0,8.526512829121202e-14
2025-01-06,98,q4_warmup,1.084,1070.2908,170.58158333333333,1042.9378166666668,163.33828333333335,879.5995333333334,20.10968333333343,0.0,-1.6375900635523521e-13,0.0,10800.0,10800.0,953.4858941333334,108.99448366666718,0.0
2025-01-06,99,q4_warmup,1.1241,1054.9233333333334,123.78125,1032.1833333333334,117.28125,914.9020833333334,16.240000000000173,0.0,-1.6120105250649888e-13,0.0,10800.0,10800.0,1028.4414318750005,91.27692000000098,0.0
2025-01-06,100,q4_warmup,1.1065,1050.6539666666663,80.79273333333333,1051.41015,74.02884999999999,977.3813,0.0,0.0,-7.37410132956029e-14,7.520066666666861,10800.0,10800.0,1081.47240845,0.0,7.371880883511041e-14
2025-01-06,101,q4_warmup,1.0959,1055.68355,37.38191666666667,1059.6464666666668,32.48963333333334,1027.1568333333337,0.0,0.0,-0.0,8.855200000000153,10800.0,10800.0,1125.66117365,0.0,4.263256414560601e-14
2025-01-06,102,q4_warmup,1.1034,1060.1666666666667,4.36875,1051.5166666666669,3.025,1048.4916666666666,7.306250000000221,0.0,-3.907985046680551e-14,0.0,10800.0,10800.0,1156.905705,40.30858125000121,2.273736754432321e-13
2025-01-06,103,q4_warmup,1.0879,1056.33155,0.0,1057.1377333333332,0.0,1057.1377333333332,0.0,0.0,-0.0,0.8061833333331379,10800.0,10800.0,1150.0601400933333,0.0,0.0
2025-01-06,104,q4_warmup,1.1137,1035.3065166666668,0.7160166666666666,1050.05735,0.7167500000000001,1049.3406,0.0,0.0,-0.0,14.750099999999897,10800.0,10800.0,1168.6506262199998,0.0,7.993605777301127e-14
2025-01-06,105,q4_warmup,1.15,1025.5666666666666,0.0,1051.86,0.0,1051.86,0.0,0.0,-0.0,26.29333333333329,10800.0,10800.0,1209.639,0.0,0.0
2025-01-06,106,q4_warmup,1.1148,1047.0666166666667,0.0,1086.9624666666666,0.0,1086.9624666666666,0.0,0.0,-0.0,39.89584999999988,10800.0,10800.0,1211.74575784,0.0,0.0
2025-01-06,107,q4_warmup,1.1925,945.4766166666668,0.0514,954.9336166666668,0.0514666666666666,954.88215,0.0,0.0,-0.0,9.45693333333321,10800.0,10800.0,1138.696963875,0.0,-5.506706202140776e-14
2025-01-06,108,q4_warmup,1.3245,759.2116666666667,0.0,734.0416666666666,0.0,734.0416666666666,25.16999999999985,0.0,2.2026824808563106e-13,0.0,10800.0,10800.0,972.2381875,166.68832499999905,0.0
2025-01-06,109,q4_warmup,1.2612,698.3793333333333,0.0,723.1414166666667,0.0,723.1414166666667,0.0,0.0,1.84172677109018e-13,24.762083333333592,10800.0,10800.0,912.0259547000002,0.0,4.263256414560601e-14
2025-01-06,110,q4_warmup,1.2213,715.2248,0.0036833333333333,767.9411166666667,0.0037,767.9374166666668,0.0,0.0,-0.0,52.71630000000014,10800.0,10800.0,937.8819669750002,0.0,2.131628207280301e-14
2025-01-06,111,q4_warmup,1.2522,746.9366666666666,0.0,754.3649999999999,0.0,754.3649999999999,0.0,0.0,-0.0,7.428333333333285,10800.0,10800.0,944.615853,0.0,0.0
2025-01-06,112,q4_warmup,1.2041,775.4515,0.0,726.7196666666667,0.0,726.7196666666667,48.73183333333134,0.0,1.932676241267472e-12,0.0,10800.0,10799.999999999998,875.0431506333334,293.39000258332135,0.0
2025-01-06,113,q4_warmup,1.2891,756.72815,0.0002666666666666,731.6929666666666,0.0002666666666666,731.6927,25.035183333333304,0.0,1.1368683772161605e-13,0.0,10799.999999999998,10799.999999999998,943.22505957,161.3642741749998,0.0
2025-01-06,114,q4_warmup,1.4825,709.5566666666667,0.0,760.5666666666666,0.0,0.0,0.0,0.0,709.5566666666668,0.0,10799.999999999998,10011.603703703702,0.0,0.0,1.1368683772161605e-13
2025-01-06,115,q4_warmup,1.5215,703.2557333333333,0.0,762.6943833333333,0.0,0.0,0.0,0.0,703.2557333333333,0.0,10011.603703703702,9230.208444444444,0.0,0.0,0.0
2025-01-06,116,q4_warmup,1.5075,729.3862,0.0,737.8425833333334,0.0,0.0,0.0,0.0,729.3862,0.0,9230.208444444444,8419.779333333332,0.0,0.0,0.0
2025-01-06,117,q4_warmup,1.5134,752.8483333333334,0.0,722.3916666666668,0.0,0.0,0.0,0.0,752.8483333333334,0.0,8419.779333333332,7583.281185185184,0.0,0.0,0.0
2025-01-06,118,q4_warmup,1.5089,748.1271833333334,0.0,750.8413166666666,0.0,0.0,0.0,0.0,748.1271833333334,0.0,7583.281185185184,6752.028759259258,0.0,0.0,0.0
2025-01-06,119,q4_warmup,1.5407,751.6427,0.0,759.4042333333333,0.0,0.0,0.0,0.0,751.6427,0.0,6752.028759259258,5916.870203703702,0.0,0.0,0.0
2025-01-06,120,q4_warmup,1.5791,764.9416666666666,0.0,725.275,0.0,0.0,0.0,0.0,764.9416666666666,0.0,5916.870203703702,5066.935018518517,0.0,0.0,0.0
2025-01-06,121,q4_warmup,1.5354,751.5444166666666,0.0,693.43795,0.0,0.0,0.0,0.0,751.5444166666666,0.0,5066.935018518517,4231.885666666665,0.0,0.0,0.0
2025-01-06,122,q4_warmup,1.474,724.6834,0.0,713.2406833333333,0.0,0.0,0.0,0.0,724.6834,0.0,4231.885666666665,3426.6818888888874,0.0,0.0,0.0
2025-01-06,123,q4_warmup,1.5014,713.0100000000001,0.0,753.5883333333333,0.0,0.0,0.0,0.0,713.0100000000001,0.0,3426.6818888888874,2634.448555555554,0.0,0.0,0.0
2025-01-06,124,q4_warmup,1.6135,735.1451166666667,0.0,738.7772666666666,0.0,0.0,0.0,0.0,735.1451166666667,0.0,2634.448555555554,1817.6206481481463,0.0,0.0,0.0
2025-01-06,125,q4_warmup,1.3842,760.8267166666666,0.0,734.1457,0.0,212.20578333333447,0.0,0.0,548.6209333333321,0.0,1817.6206481481463,1208.0418333333328,293.7352452900016,0.0,0.0
2025-01-06,126,q4_warmup,0.9569,769.9816666666667,0.0,755.5666666666666,0.0,755.5666666666666,7.177350000000594,0.0,7.237649999999483,0.0,1208.0418333333328,1200.0,723.0017433333333,34.34003107500284,0.0
2025-01-06,127,q4_warmup,0.9221,763.4571166666666,0.0,752.2540333333333,0.0,752.2540333333333,11.203083333333325,0.0,-0.0,0.0,1200.0,1200.0,693.6534441366666,51.651815708333295,0.0
2025-01-06,128,q4_warmup,0.9743,737.8627833333334,0.0,748.3642333333333,0.0,748.3642333333333,0.0,0.0,0.0,10.501449999999975,1200.0,1200.0,729.1312725366668,0.0,0.0
2025-01-06,129,q4_warmup,0.9819,730.0516666666667,0.0,767.81,0.0,767.81,0.0,-0.0,0.0,37.75833333333322,1200.0,1200.0,753.9126389999999,0.0,-7.105427357601002e-15
2025-01-06,130,q4_warmup,1.0738,771.5217166666666,0.0,788.7005166666667,0.0,788.7005166666667,0.0,-0.0,0.0,17.178800000000024,1200.0,1200.0,846.9066147966668,0.0,0.0
2025-01-06,131,q4_warmup,0.8284,715.6154,0.0,694.5243333333333,0.0,694.5243333333333,21.09106666666673,0.0,-0.0,0.0,1200.0,1200.0,575.3439577333334,87.35919813333362,0.0
2025-01-06,132,q4_warmup,0.4028,585.9316666666667,0.0,548.0883333333334,0.0,548.0883333333334,37.84333333333336,0.0,-0.0,0.0,1200.0,1200.0,220.76998066666667,76.21647333333338,0.0
2025-01-06,133,q4_warmup,0.4182,559.6959499999999,0.0,539.5484166666666,0.0,539.5484166666666,20.14753333333329,0.0,-0.0,0.0,1200.0,1200.0,225.63914785,42.128492199999904,0.0
2025-01-06,134,q4_warmup,0.4898,570.9604,0.0,563.05595,0.0,563.05595,7.904449999999997,0.0,-0.0,0.0,1200.0,1200.0,275.78480431,19.357998049999992,0.0
2025-01-06,135,q4_warmup,0.4212,566.3416666666667,0.0,564.3383333333334,0.0,564.3383333333334,2.0033333333333303,0.0,-0.0,0.0,1200.0,1200.0,237.69930600000004,4.219019999999993,0.0
2025-01-06,136,q4_warmup,0.4059,563.5174333333333,0.0,589.8358,0.0,589.8358,0.0,-0.0,0.0,26.318366666666638,1200.0,1200.0,239.41435122,0.0,0.0
2025-01-06,137,q4_warmup,0.4106,562.2307166666667,0.0,582.0661833333334,0.0,582.0661833333334,0.0,-0.0,0.0,19.83546666666666,1200.0,1200.0,238.9963748766667,0.0,0.0
2025-01-06,138,q4_warmup,0.4248,573.1433333333333,0.0,557.335,0.0,557.335,15.80833333333328,0.0,-0.0,0.0,1200.0,1200.0,236.75590800000003,33.57689999999989,0.0
2025-01-06,139,q4_warmup,0.4868,607.9602166666667,0.0,592.1239833333333,0.0,592.1239833333333,15.83623333333344,0.0,-0.0,0.0,1200.0,1200.0,288.24595508666664,38.54539193333359,0.0
2025-01-06,140,q4_warmup,0.496,619.9824333333333,0.0,604.0571166666667,0.0,604.0571166666667,15.925316666666616,0.0,-0.0,0.0,1200.0,1200.0,299.6123298666667,39.49478533333321,0.0
2025-01-06,141,q4_warmup,0.4427,601.48,0.0,586.6166666666667,0.0,586.6166666666667,14.863333333333344,0.0,-0.0,0.0,1200.0,1200.0,259.69519833333334,32.899988333333354,0.0
2025-01-06,142,q4_warmup,0.4191,586.9800333333334,0.0,614.9030666666666,0.0,614.9030666666666,0.0,0.0,0.0,27.92303333333325,1200.0,1200.0,257.70587523999995,0.0,0.0
2025-01-06,143,q4_warmup,0.4222,567.1116166666667,0.0,627.32955,0.0,627.32955,0.0,-0.0,0.0,60.21793333333335,1200.0,1200.0,264.85853601,0.0,0.0
2025-01-06,144,q4_warmup,0.4366,567.9683333333334,0.0,608.2516666666667,0.0,608.2516666666667,0.0,-0.0,0.0,40.2833333333333,1200.0,1200.0,265.5626776666667,0.0,0.0
2025-01-07,1,q4_warmup,0.451,623.5018333333334,0.0,607.3944666666666,0.0,607.3944666666666,16.107366666666735,0.0,-0.0,0.0,1200.0,1200.0,273.93490446666664,36.32211183333349,0.0
2025-01-07,2,q4_warmup,0.4223,618.4973,0.0,611.2273833333334,0.0,1444.5607166666668,7.269916666666404,833.3333333333333,0.0,0.0,1200.0,1950.0,610.0379906483334,15.350429041666112,0.0
2025-01-07,3,q4_warmup,0.3841,571.0066666666667,0.0,608.8933333333333,0.0,1442.2266666666667,0.0,833.3333333333334,0.0,37.886666666666656,1950.0,2700.0,553.9592626666666,0.0,0.0
2025-01-07,4,q4_warmup,0.4153,613.1864666666667,0.0,609.8078333333334,0.0,1443.1411666666668,3.3786333333331413,833.3333333333333,0.0,0.0,2700.0,3450.0,599.3365265166667,7.0157321166662685,1.1368683772161605e-13
2025-01-07,5,q4_warmup,0.4405,654.0969833333334,0.0,625.6360166666667,0.0,1458.96935,28.460966666666536,833.3333333333333,0.0,0.0,3450.0,4200.0,642.6759986750001,62.68527908333305,0.0
2025-01-07,6,q4_warmup,0.4371,654.025,0.0,638.5166666666667,0.0,1471.85,15.508333333333326,833.3333333333333,0.0,0.0,4200.0,4950.0,643.3456349999999,33.89346249999998,-1.1368683772161605e-13
2025-01-07,7,q4_warmup,0.4502,661.0716833333333,0.0,623.8103333333333,0.0,623.8103333333333,37.26134999999999,0.0,-0.0,0.0,4950.0,4950.0,280.8394120666667,83.87529884999998,0.0
2025-01-07,8,q4_warmup,0.4317,641.8623,0.0,644.55665,0.0,1477.8899833333337,0.0,833.3333333333333,0.0,2.694350000000213,4950.0,5700.0,638.005105805,0.0,0.0
2025-01-07,9,q4_warmup,0.4038,604.89,0.0,678.8683333333333,0.0,1512.2016666666668,0.0,833.3333333333333,0.0,73.97833333333358,5700.0,6450.0,610.6270330000001,0.0,0.0
2025-01-07,10,q4_warmup,0.4422,605.5048666666667,0.0,643.4593333333333,0.0,1310.1260000000002,0.0,704.6211333333335,0.0,0.0,6450.0,7084.15902,579.3377172,0.0,0.0
2025-01-07,11,q4_warmup,0.4623,632.82515,0.0,632.8780833333334,0.0,632.8780833333334,0.0,0.0529333333333852,0.0,0.0,7084.15902,7084.20666,292.579537925,0.0,0.0
2025-01-07,12,q4_warmup,0.4421,660.4033333333333,0.0,667.4083333333333,0.0,1500.7416666666668,0.0,795.3259333333335,0.0,45.01239999999996,7084.20666,7800.0,663.4778908333334,0.0,0.0
2025-01-07,13,q4_warmup,0.4509,670.6950166666667,0.0,672.91,0.0,672.91,0.0,0.0,0.0,2.2149833333332936,7800.0,7800.0,303.415119,0.0,0.0
2025-01-07,14,q4_warmup,0.5051,674.4617999999999,0.0,675.2263166666667,0.0,675.2263166666667,0.0,0.0,0.0,0.7645166666667365,7800.0,7800.0,341.0568125483333,0.0,0.0
2025-01-07,15,q4_warmup,0.5456,677.03,0.0,682.6966666666667,0.0,682.6966666666667,0.0,0.0,0.0,5.666666666666743,7800.0,7800.0,372.47930133333335,0.0,0.0
2025-01-07,16,q4_warmup,0.5,672.16295,0.0,669.3242833333334,0.0,669.3242833333334,2.8386666666666542,0.0,0.0,0.0,7800.0,7800.0,334.6621416666667,7.096666666666636,0.0
2025-01-07,17,q4_warmup,0.4821,657.8791166666666,0.0,647.2983333333333,0.0,647.2983333333333,10.58078333333333,0.0,0.0,0.0,7800.0,7800.0,312.06252649999993,25.504978224999988,0.0
2025-01-07,18,q4_warmup,0.5007,645.5500000000001,0.0,644.795,0.0,644.795,0.7550000000001091,0.0,-0.0,0.0,7800.0,7800.0,322.8488565,1.8901425000002732,0.0
2025-01-07,19,q4_warmup,0.4588,649.4781166666667,0.0,679.2211666666667,0.0,679.2211666666667,0.0,29.74305000000004,0.0,0.0,7800.0,7826.768745,311.6266712666667,0.0,0.0
2025-01-07,20,q4_warmup,0.4372,648.51725,0.0,703.0744,0.0,1536.4077333333337,0.0,803.590283333333,0.0,84.30020000000047,7826.768745,8550.0,671.7174610133334,0.0,0.0
2025-01-07,21,q4_warmup,0.45,645.1716666666667,0.0,698.15,0.0,698.15,0.0,52.97833333333324,0.0,0.0,8550.0,8597.6805,314.1675,0.0,0.0
2025-01-07,22,q4_warmup,0.4296,661.4518166666667,0.0,690.0639333333334,0.0,1523.3972666666668,0.0,780.3549999999996,0.0,81.5904500000006,8597.6805,9300.0,654.45146576,0.0,0.0
2025-01-07,23,q4_warmup,0.4276,668.7802333333333,0.0,696.3362999999999,0.0,1529.6696333333334,0.0,833.3333333333333,0.0,27.55606666666688,9300.0,10050.0,654.0867352133333,0.0,0.0
2025-01-07,24,q4_warmup,0.4593,670.4499999999999,0.0,708.8283333333334,0.0,708.8283333333334,0.0,0.0,0.0,38.37833333333344,10050.0,10050.0,325.5648535,0.0,0.0
2025-01-07,25,q4_warmup,0.4822,695.564,0.0,707.1996333333333,0.0,707.1996333333333,0.0,0.0,0.0,11.635633333333317,10050.0,10050.0,341.01166319333333,0.0,0.0
2025-01-07,26,q4_warmup,0.4889,699.6988,0.0,713.0952000000001,0.0,713.0952000000001,0.0,0.0,0.0,13.396400000000083,10050.0,10050.0,348.63224328000007,0.0,0.0
2025-01-07,27,q4_warmup,0.4816,681.8783333333333,0.0,719.2283333333334,0.0,719.2283333333334,0.0,-0.0,0.0,37.35000000000002,10050.0,10050.0,346.3803653333333,0.0,0.0
2025-01-07,28,q4_warmup,0.4665,689.5033333333334,0.0,695.8064166666667,0.0,695.8064166666667,0.0,0.0,0.0,6.303083333333234,10050.0,10050.0,324.59369337500004,0.0,0.0
2025-01-07,29,q4_warmup,0.4657,714.2354666666666,0.0,680.2819166666667,0.0,680.2819166666667,33.95354999999995,0.0,-0.0,0.0,10050.0,10050.0,316.8072885916667,79.06084117499988,0.0
2025-01-07,30,q4_warmup,0.4864,734.0783333333334,0.0,694.1416666666668,0.0,694.1416666666668,39.93666666666661,0.0,-0.0,0.0,10050.0,10050.0,337.6305066666667,97.1259733333332,0.0
2025-01-07,31,q4_warmup,0.511,731.4117166666666,0.0002333333333333,720.0062666666666,0.0002833333333333,720.0059833333333,11.40549999999994,0.0,-0.0,0.0,10050.0,10050.0,367.92305748333337,29.141052499999848,0.0
2025-01-07,32,q4_warmup,0.4975,703.3788,0.0,719.7377,0.0,719.7377,0.0,16.358900000000062,0.0,0.0,10050.0,10064.72301,358.06950575,0.0,0.0
2025-01-07,33,q4_warmup,0.4443,675.9316666666667,0.0,692.5566666666667,0.0,692.5566666666667,0.0,0.0,0.0,16.625,10064.72301,10064.72301,307.702927,0.0,0.0
2025-01-07,34,q4_warmup,0.4339,696.5622,0.0032833333333333,687.0100833333332,0.0039666666666666,1520.33945,0.0,816.9744333333336,0.0,6.806099999999674,10064.72301,10800.0,659.675287355,0.0,-1.1368683772161605e-13
2025-01-07,35,q4_warmup,0.6862,794.0757666666667,0.0,774.3374833333334,0.0,774.3374833333334,19.73828333333336,0.0,-0.0,0.0,10800.0,10800.0,531.3503810633333,67.72205011666675,0.0
2025-01-07,36,q4_warmup,1.0389,893.7950000000001,0.0,897.25,0.0,897.25,0.0,0.0,-0.0,3.4549999999999272,10800.0,10800.0,932.153025,0.0,0.0
2025-01-07,37,q4_warmup,1.077,883.362,0.0458166666666666,917.234,0.0552166666666666,917.1787833333334,0.0,0.0,-0.0,33.8626000000001,10800.0,10800.0,987.80154965,0.0,-5.684341886080803e-14
2025-01-07,38,q4_warmup,1.0245,887.00905,0.0,902.8541666666666,0.0,902.8541666666666,0.0,0.0,-0.0,15.845116666666629,10800.0,10800.0,924.97409375,0.0,0.0
2025-01-07,39,q4_warmup,1.0423,933.8866666666668,0.0,908.235,0.0,908.235,25.65166666666676,0.0,-0.0,0.0,10800.0,10800.0,946.6533405,133.6836608333338,0.0
2025-01-07,40,q4_warmup,1.0712,930.09885,0.6381,918.2977666666668,0.7691499999999999,917.5286166666668,11.93213333333325,0.0,-0.0,0.0,10800.0,10800.0,982.8566541733334,63.908506133332885,0.0
2025-01-07,41,q4_warmup,1.0824,909.1203166666666,0.0,912.7377833333334,0.0,912.7377833333334,0.0,0.0,-0.0,3.6174666666668154,10800.0,10800.0,987.94737668,0.0,0.0
2025-01-07,42,q4_warmup,1.0542,899.4866666666667,4.9125000000000005,890.4716666666667,3.79375,886.6779166666666,7.896250000000031,0.0,-0.0,0.0,10800.0,10800.0,934.73585975,41.62113375000016,0.0
2025-01-07,43,q4_warmup,0.9894,896.7118,37.81588333333333,871.7132666666666,36.452466666666666,835.2608,23.63511666666669,0.0,-0.0,0.0,10800.0,10800.0,826.40703552,116.92292215000012,0.0
2025-01-07,44,q4_warmup,0.9911,915.6544666666668,83.06501666666666,880.0355166666667,79.05208333333333,800.9834333333333,31.60601666666686,0.0,-0.0,0.0,10800.0,10800.0,793.8546807766667,156.62361559166763,0.0
2025-01-07,45,q4_warmup,1.0128,919.0416666666666,127.9,878.3616666666667,121.38125,756.9804166666667,34.16124999999997,0.0,-0.0,0.0,10800.0,10800.0,766.669766,172.99256999999983,0.0
2025-01-07,46,q4_warmup,0.9483,876.8275,170.57399999999998,835.2851666666667,166.71063333333333,668.5745333333333,37.678966666666696,0.0,-0.0,0.0,10800.0,10800.0,634.00922996,178.65482045000016,0.0
2025-01-07,47,q4_warmup,1.1285,1002.1062333333332,214.5876333333333,971.2609166666666,208.4388,762.8221166666666,24.696483333333305,0.0,-0.0,0.0,10800.0,10800.0,860.8447586583333,139.34990720833318,0.0
2025-01-07,48,q4_warmup,1.4603,1220.59,265.64375,1208.4766666666667,250.4625,124.68083333333334,0.0,0.0,830.2654166666666,0.0,10800.0,9877.48287037037,182.07142091666665,0.0,0.0
2025-01-07,49,q4_warmup,1.4793,1228.92775,324.2343333333333,1231.4706333333334,302.7128166666667,95.42448333333334,0.0,0.0,809.2689333333333,0.0,9877.48287037037,8978.295166666667,141.16143819500002,0.0,-2.273736754432321e-13
2025-01-07,50,q4_warmup,1.3707,1194.3171,367.3873833333334,1212.5025333333333,347.64335,31.52584999999988,0.0,0.0,795.4038666666668,0.0,8978.295166666667,8094.513092592592,43.21248259499984,0.0,0.0
2025-01-07,51,q4_warmup,1.3175,1214.555,397.375,1238.0883333333334,382.48125,22.27374999999995,0.0,0.0,794.90625,0.0,8094.513092592592,7211.283925925925,29.34566562499993,0.0,-2.273736754432321e-13
2025-01-07,52,q4_warmup,1.315,1214.1978833333333,440.9877,1217.7327666666667,423.14145,0.0,0.0,0.0,773.2101833333332,0.0,7211.283925925925,6352.161499999999,0.0,0.0,0.0
2025-01-07,53,q4_warmup,1.2958,1188.9038833333334,498.37905,1196.8882833333334,472.5344333333333,0.0,0.0,0.0,690.5248333333334,0.0,6352.161499999999,5584.911685185184,0.0,0.0,0.0
2025-01-07,54,q4_warmup,1.2547,1167.4083333333333,557.5500000000001,1197.9033333333334,516.2937499999999,483.9636333333333,0.0,0.0,125.89469999999994,0.0,5584.911685185184,5445.028685185184,607.2291707433333,0.0,0.0
2025-01-07,55,q4_warmup,1.2486,1179.10495,603.25445,1193.6681833333334,539.3959166666667,654.2722666666667,0.0,0.0,0.0,78.42176666666683,5445.028685185184,5445.028685185184,816.92435216,0.0,0.0
2025-01-07,56,q4_warmup,1.2751,1203.50195,628.74075,1195.6892166666669,577.25915,0.0,0.0,0.0,574.7612,0.0,5445.028685185184,4806.405129629628,0.0,0.0,0.0
2025-01-07,57,q4_warmup,1.2738,1214.2733333333333,649.40625,1198.065,630.8312500000001,0.0,0.0,0.0,564.8670833333333,0.0,4806.405129629628,4178.775037037036,0.0,0.0,0.0
2025-01-07,58,q4_warmup,1.2034,1199.3909,688.8173666666667,1180.5133166666667,668.5347333333333,511.9785833333334,0.0,0.0,0.0,1.4050499999999602,4178.775037037036,4178.775037037036,616.1150271833334,0.0,1.1368683772161605e-13
2025-01-07,59,q4_warmup,1.2553,1176.6833,724.5390000000001,1174.0684333333334,715.2191666666666,0.0,0.0,0.0,452.1442999999998,0.0,4178.775037037036,3676.39248148148,0.0,0.0,0.0
2025-01-07,60,q4_warmup,1.4081,1166.7016666666666,749.6437500000001,1176.9466666666667,755.7312499999999,0.0,0.0,0.0,417.0579166666665,0.0,3676.39248148148,3212.994796296296,0.0,0.0,0.0
2025-01-07,61,q4_warmup,1.4333,1175.9679833333332,782.5945499999999,1161.9108,751.1307333333333,0.0,0.0,0.0,393.3734333333333,0.0,3212.994796296296,2775.913203703703,0.0,0.0,0.0
2025-01-07,62,q4_warmup,1.3596,1175.1191166666667,832.9956666666667,1179.6799666666668,780.7058666666667,0.0,0.0,0.0,342.12345000000005,0.0,2775.913203703703,2395.776037037036,0.0,0.0,0.0
2025-01-07,63,q4_warmup,1.3253,1161.4266666666667,873.6,1209.1516666666666,837.0187500000001,0.0,0.0,0.0,287.8266666666667,0.0,2395.776037037036,2075.9686296296286,0.0,0.0,0.0
2025-01-07,64,q4_warmup,1.3946,1162.9998833333334,866.3125,1178.2818166666666,835.8218499999999,0.0,0.0,0.0,296.6873833333334,0.0,2075.9686296296286,1746.3159814814803,0.0,0.0,0.0
2025-01-07,65,q4_warmup,1.1924,1187.1872166666667,864.1483333333334,1173.3346666666666,848.4731666666667,324.8615,0.0,0.0,0.0,1.822616666666704,1746.3159814814803,1746.3159814814803,387.3648526,0.0,1.1368683772161605e-13
2025-01-07,66,q4_warmup,0.8204,1192.6883333333333,878.475,1203.13,879.80625,1156.6570833333333,0.0,226.3155761316885,0.0,616.1281738683115,1746.3159814814803,1950.0,948.9214711666666,0.0,1.1368683772161605e-13
2025-01-07,67,q4_warmup,0.7785,1136.92615,871.9162333333334,1187.2440833333333,864.6316499999999,1155.9457666666667,0.0,833.3333333333333,0.0,57.602516666666816,1950.0,2700.0,899.90377935,0.0,0.0
2025-01-07,68,q4_warmup,0.8229,1137.6254833333337,869.9123666666666,1159.1059,880.0237000000001,1112.415533333333,0.0,833.3333333333333,0.0,11.369083333332924,2700.0,3450.0,915.40674238,0.0,-1.1368683772161605e-13
2025-01-07,69,q4_warmup,0.7985,1196.9383333333333,882.0500000000001,1152.4416666666666,937.7625,1048.0125,100.20916666666642,833.3333333333333,0.0,0.0,3450.0,4200.0,836.83798125,400.0850979166656,0.0
2025-01-07,70,q4_warmup,0.7925,1194.3912666666668,890.948,1162.2219166666666,967.37925,1028.176,108.6006000000001,833.3333333333333,0.0,0.0,4200.0,4950.0,814.8294799999999,430.3298775000004,0.0
2025-01-07,71,q4_warmup,0.7397,1143.5714333333333,899.8598333333333,1148.1250333333337,976.5396166666666,1004.9187500000004,72.12618333333296,833.3333333333333,0.0,0.0,4950.0,5700.0,743.3383993750002,266.758689058332,0.0
2025-01-07,72,q4_warmup,0.6691,1095.0333333333333,904.46875,1104.0716666666667,970.78125,966.62375,57.27416666666648,833.3333333333333,0.0,0.0,5700.0,6450.0,646.7679511250001,191.6107245833327,0.0
2025-01-07,73,q4_warmup,0.6973,1087.5478833333334,894.4417,1065.6633833333333,947.7477666666668,951.24895,75.19056666666677,833.3333333333333,0.0,0.0,6450.0,7200.0,663.305892835,262.1519106833337,0.0
2025-01-07,74,q4_warmup,0.7528,1105.8556666666666,886.5409333333333,1062.05175,961.2695,934.1155833333332,118.53248333333327,833.3333333333333,0.0,0.0,7200.0,7950.0,703.2022111333333,446.1562672666665,0.0
2025-01-07,75,q4_warmup,0.7571,1122.3266666666666,877.7624999999999,1070.0733333333333,1002.84375,900.5629166666666,177.33458333333328,833.3333333333333,0.0,0.0,7950.0,8700.0,681.8161842083333,671.3000652083331,0.0
2025-01-07,76,q4_warmup,0.7267,1122.7787833333334,848.5200333333333,1045.130666666667,1008.0864666666666,870.3775333333334,237.21454999999992,833.3333333333333,0.0,0.0,8700.0,9450.0,632.5033534733334,861.9190674249998,0.0
2025-01-07,77,q4_warmup,0.8771,1139.4096166666666,818.7607833333333,1053.8634333333332,994.83015,892.3666166666667,261.61554999999987,833.3333333333333,0.0,0.0,9450.0,10200.0,782.6947594783334,1147.3149945249995,0.0
2025-01-07,78,q4_warmup,1.1228,1152.57,798.7624999999999,1101.235,984.59375,116.6412499999999,237.1662500000001,0.0,-0.0,0.0,10200.0,10200.0,130.9647954999999,1331.4513275000006,0.0
2025-01-07,79,q4_warmup,1.1489,1115.9225833333333,784.0687166666667,1122.6911166666666,975.0818166666668,147.60929999999996,184.24456666666663,0.0,-0.0,0.0,10200.0,10200.0,169.58832476999996,1058.3929132166666,0.0
2025-01-07,80,q4_warmup,1.114,1123.6269166666666,789.1335833333333,1134.2160166666663,941.49245,192.72356666666644,141.7697666666669,0.0,-0.0,0.0,10200.0,10200.0,214.69405326666643,789.6576003333347,0.0
2025-01-07,81,q4_warmup,1.1066,1158.555,798.4,1137.8483333333334,897.09375,240.75458333333336,119.40041666666671,0.0,-0.0,0.0,10200.0,10200.0,266.4190219166667,660.6425054166671,0.0
2025-01-07,82,q4_warmup,1.0773,1110.6376833333334,776.9508833333333,1114.69765,878.1117166666667,236.5859333333334,97.10086666666666,0.0,-0.0,0.0,10200.0,10200.0,254.87402598000008,523.0338183,0.0
2025-01-07,83,q4_warmup,1.1822,1080.8056166666668,750.80335,1100.4893333333332,841.6892666666666,258.80006666666657,71.20220000000018,0.0,-0.0,0.0,10200.0,10200.0,305.9534388133332,420.876204200001,0.0
2025-01-07,84,q4_warmup,1.3673,1095.3533333333332,728.525,1100.7,795.1,0.0,0.0,0.0,366.82833333333326,0.0,10200.0,9792.412962962962,0.0,0.0,0.0
2025-01-07,85,q4_warmup,1.397,1081.8716166666666,693.4894166666667,1091.1499833333337,787.8713666666666,0.0,0.0,0.0,388.3821999999999,0.0,9792.412962962962,9360.877185185183,0.0,0.0,0.0
2025-01-07,86,q4_warmup,1.3659,1086.01145,659.7729,1103.459566666667,760.5209666666666,0.0,0.0,0.0,426.2385499999999,0.0,9360.877185185183,8887.278796296296,0.0,0.0,0.0
2025-01-07,87,q4_warmup,1.4127,1113.015,631.50625,1121.6466666666668,705.0,0.0,0.0,0.0,481.5087500000001,0.0,8887.278796296296,8352.269074074073,0.0,0.0,0.0
2025-01-07,88,q4_warmup,1.5304,1113.8392166666663,598.0928166666666,1093.2435833333334,671.7037833333333,0.0,0.0,0.0,515.7463999999997,0.0,8352.269074074073,7779.217518518518,0.0,0.0,0.0
2025-01-07,89,q4_warmup,1.3205,1106.25805,561.8000499999999,1066.2487166666667,628.9981,0.0,0.0,0.0,544.458,0.0,7779.217518518518,7174.264185185184,0.0,0.0,0.0
2025-01-07,90,q4_warmup,0.915,1093.5083333333334,524.5749999999999,1074.7,570.0812500000001,1337.9520833333331,64.31458333333353,833.3333333333334,0.0,0.0,7174.264185185184,7924.264185185184,1224.22615625,294.23921875000093,-1.1368683772161605e-13
2025-01-07,91,q4_warmup,0.8713,1059.99145,485.8835333333333,1100.1180833333333,524.0023166666666,1409.4491,0.0,833.3333333333334,0.0,2.007849999999962,7924.264185185184,8674.264185185184,1228.05300083,0.0,1.1368683772161605e-13
2025-01-07,92,q4_warmup,0.9496,1041.48525,449.89903333333336,1077.6702166666666,479.2144166666667,1431.7891333333332,0.0,833.3333333333334,0.0,6.869583333333253,8674.264185185184,9424.264185185184,1359.6269610133331,0.0,0.0
2025-01-07,93,q4_warmup,0.9679,1055.505,415.09375,1037.87,432.9375,1438.2658333333334,35.478750000000105,833.3333333333334,0.0,0.0,9424.264185185184,10174.264185185184,1392.0975000833334,171.69941062500052,1.1368683772161605e-13
2025-01-07,94,q4_warmup,0.9872,1085.2975666666666,374.348,1069.4894,395.0314333333333,757.4879666666675,648.7236164609059,695.2620164609067,0.0,0.0,10174.264185185184,10800.0,747.7921206933341,3202.0997708510317,-1.1368683772161605e-13
2025-01-07,95,q4_warmup,0.9892,1103.6871666666666,325.9980333333333,1074.2876166666667,348.9890833333333,725.2985333333334,52.39060000000001,0.0,-6.770584093374055e-14,0.0,10800.0,10800.0,717.4653091733334,259.12390760000005,0.0
2025-01-07,96,q4_warmup,0.9893,1099.8183333333334,273.175,1041.3366666666668,288.975,752.3616666666669,74.28166666666664,0.0,-1.7329138124466685e-13,0.0,10800.0,10800.0,744.3113968333336,367.4342641666665,0.0
2025-01-07,97,q4_warmup,1.0336,1082.9799333333333,221.80936666666665,1058.4165833333334,226.29261666666665,832.1239666666668,29.04660000000002,0.0,-1.493738466251671e-13,0.0,10800.0,10800.0,860.0833319466668,150.1128288000001,0.0
2025-01-07,98,q4_warmup,1.0695,1068.9197333333334,175.39951666666664,1070.2908,170.58158333333333,899.7092166666666,0.0,0.0,-0.0,6.188999999999879,10800.0,10800.0,962.239007225,0.0,-2.8421709430404014e-14
2025-01-07,99,q4_warmup,1.0951,1079.4066666666663,132.0375,1054.9233333333334,123.78125,931.1420833333334,16.22708333333415,0.0,-1.2515597933027145e-12,0.0,10800.0,10800.000000000002,1019.6936954583334,88.85139479167114,-2.273736754432321e-13
2025-01-07,100,q4_warmup,1.1532,1118.1052666666667,86.4916,1050.6539666666663,80.79273333333333,969.8612333333332,61.7524333333328,0.0,6.965983345708082e-13,0.0,10800.000000000002,10800.000000000002,1118.4439742799998,356.06453059999694,0.0
2025-01-07,101,q4_warmup,1.1646,1102.6086,39.75691666666667,1055.68355,37.38191666666667,1018.3016333333333,44.55004999999938,0.0,7.209610686231827e-13,0.0,10800.000000000002,10800.000000000002,1185.91408218,259.4149411499964,0.0
2025-01-07,102,q4_warmup,1.1157,1037.871666666667,5.26875,1060.1666666666667,4.36875,1055.7979166666669,0.0,0.0,1.6575540939811617e-12,23.19500000000141,10800.000000000002,10800.0,1177.9537356249998,0.0,-1.1368683772161605e-13
2025-01-07,103,q4_warmup,1.0814,1013.4569666666666,0.0,1056.33155,0.0,1056.33155,0.0,0.0,-0.0,42.87458333333348,10800.0,10800.0,1142.31693817,0.0,0.0
2025-01-07,104,q4_warmup,1.0963,1022.7238833333334,0.66025,1035.3065166666668,0.7160166666666666,1034.5905,0.0,0.0,4.5233816692302754e-14,12.526866666666615,10800.0,10800.0,1134.22156515,0.0,-1.3855583347321956e-13
2025-01-07,105,q4_warmup,1.1211,1058.555,0.0,1025.5666666666666,0.0,1025.5666666666666,32.98833333333423,0.0,-7.733114149033329e-13,0.0,10800.0,10800.0,1149.76279,184.91610250000505,0.0
2025-01-07,106,q4_warmup,1.1012,1095.1346,0.0,1047.0666166666667,0.0,1047.0666166666667,48.06798333333413,0.0,-7.759126674500294e-13,0.0,10800.0,10800.0,1153.0297582733333,264.6623162333378,0.0
2025-01-07,107,q4_warmup,1.1645,946.9977666666668,0.0474,945.4766166666668,0.0514,945.4252166666668,1.525150000001304,0.0,-0.0,0.0,10800.0,10800.0,1100.9476648083337,8.880185875007593,1.2505552149377765e-12
2025-01-07,108,q4_warmup,1.2848,712.1733333333333,0.0,759.2116666666667,0.0,759.2116666666667,0.0,0.0,-1.8466166096242632e-14,47.03833333333339,10800.0,10800.0,975.4351493333334,0.0,2.131628207280301e-14
2025-01-07,109,q4_warmup,1.2957,694.2027666666667,0.0,698.3793333333333,0.0,698.3793333333333,0.0,0.0,-0.0,4.176566666666645,10800.0,10800.0,904.8901022,0.0,0.0
2025-01-07,110,q4_warmup,1.2694,732.0895999999999,0.0034,715.2248,0.0036833333333333,715.2211166666666,16.865083333332823,0.0,4.796163466380676e-13,0.0,10800.0,10800.0,907.9016854966668,107.04268391666344,0.0
2025-01-07,111,q4_warmup,1.2671,729.9816666666667,0.0,746.9366666666666,0.0,746.9366666666666,0.0,0.0,0.0,16.954999999999927,10800.0,10800.0,946.4434503333332,0.0,0.0
2025-01-07,112,q4_warmup,1.2915,750.15395,0.0,775.4515,0.0,775.4515,0.0,0.0,-0.0,25.29755,10800.0,10800.0,1001.49561225,0.0,0.0
2025-01-07,113,q4_warmup,1.4001,751.1373166666667,0.00025,756.72815,0.0002666666666666,200.8693000000005,0.0,0.0,550.2677666666661,0.0,10800.0,10188.59137037037,281.2371069300007,0.0,0.0
2025-01-07,114,q4_warmup,1.5298,733.7933333333334,0.0,709.5566666666667,0.0,0.0,0.0,0.0,733.7933333333334,0.0,10188.59137037037,9373.265444444443,0.0,0.0,0.0
2025-01-07,115,q4_warmup,1.5394,747.6879333333333,0.0,703.2557333333333,0.0,0.0,0.0,0.0,747.6879333333333,0.0,9373.265444444443,8542.501074074073,0.0,0.0,0.0
2025-01-07,116,q4_warmup,1.5085,757.6117333333333,0.0,729.3862,0.0,0.0,0.0,0.0,757.6117333333333,0.0,8542.501074074073,7700.710259259258,0.0,0.0,0.0
2025-01-07,117,q4_warmup,1.4929,742.7633333333333,0.0,752.8483333333334,0.0,0.0,0.0,0.0,742.7633333333333,0.0,7700.710259259258,6875.417666666665,0.0,0.0,0.0
2025-01-07,118,q4_warmup,1.4753,717.8656666666667,0.0,748.1271833333334,0.0,0.0,0.0,0.0,717.8656666666667,0.0,6875.417666666665,6077.7891481481465,0.0,0.0,0.0
2025-01-07,119,q4_warmup,1.4646,694.6878833333334,0.0,751.6427,0.0,0.0,0.0,0.0,694.6878833333334,0.0,6077.7891481481465,5305.913722222221,0.0,0.0,0.0
2025-01-07,120,q4_warmup,1.4656,694.0033333333334,0.0,764.9416666666666,0.0,0.0,0.0,0.0,694.0033333333334,0.0,5305.913722222221,4534.798907407406,0.0,0.0,0.0
2025-01-07,121,q4_warmup,1.4709,729.1727166666666,0.0,751.5444166666666,0.0,0.0,0.0,0.0,729.1727166666666,0.0,4534.798907407406,3724.606999999998,0.0,0.0,0.0
2025-01-07,122,q4_warmup,1.4704,746.2967333333332,0.0,724.6834,0.0,0.0,0.0,0.0,746.2967333333332,0.0,3724.606999999998,2895.388407407406,0.0,0.0,0.0
2025-01-07,123,q4_warmup,1.5038,741.8833333333333,0.0,713.0100000000001,0.0,0.0,0.0,0.0,741.8833333333333,0.0,2895.388407407406,2071.073592592591,0.0,0.0,0.0
2025-01-07,124,q4_warmup,1.5672,756.4752333333332,0.0,735.1451166666667,0.0,0.0,0.0,0.0,756.4752333333332,0.0,2071.073592592591,1230.545555555554,0.0,0.0,0.0
2025-01-07,125,q4_warmup,1.3097,741.1412999999999,0.0,760.8267166666666,0.0,760.8267166666666,0.0,0.0,0.0,19.685416666666697,1230.545555555554,1230.545555555554,996.4547508183332,0.0,0.0
2025-01-07,126,q4_warmup,0.9153,708.505,0.0,769.9816666666667,0.0,769.9816666666667,0.0,0.0,0.0,61.47666666666669,1230.545555555554,1230.545555555554,704.7642195,0.0,0.0
2025-01-07,127,q4_warmup,0.9428,724.1612,0.0,763.4571166666666,0.0,763.4571166666666,0.0,0.0,0.0,39.29591666666662,1230.545555555554,1230.545555555554,719.7873695933332,0.0,-3.5527136788005016e-14
2025-01-07,128,q4_warmup,0.9866,731.1408,0.0,737.8627833333334,0.0,737.8627833333334,0.0,0.0,0.0,6.721983333333355,1230.545555555554,1230.545555555554,727.9754220366667,0.0,0.0
2025-01-07,129,q4_warmup,0.9291,736.515,0.0,730.0516666666667,0.0,730.0516666666667,0.0,0.0,6.4633333333330025,0.0,1230.545555555554,1223.364074074073,678.2910035000001,0.0,-2.273736754432321e-13
2025-01-07,130,q4_warmup,1.0108,786.3264666666668,0.0,771.5217166666666,0.0,771.5217166666666,0.0,0.0,14.80475000000033,0.0,1223.364074074073,1206.9143518518504,779.8541512066665,0.0,2.273736754432321e-13
2025-01-07,131,q4_warmup,0.7929,711.90145,0.0,715.6154,0.0,715.6154,0.0,0.0,0.0,3.7139499999999535,1206.9143518518504,1206.9143518518504,567.41145066,0.0,1.1368683772161605e-13
2025-01-07,132,q4_warmup,0.4076,559.2916666666666,0.0,585.9316666666667,0.0,1290.8210493827162,0.0,697.2067695473268,0.0,34.3226131687228,1206.9143518518504,1834.4004444444445,526.1386597283952,0.0,0.0
2025-01-07,133,q4_warmup,0.4725,555.71955,0.0,559.6959499999999,0.0,559.6959499999999,0.0,0.0,0.0,3.9763999999998982,1834.4004444444445,1834.4004444444445,264.456336375,0.0,0.0
2025-01-07,134,q4_warmup,0.5755,581.2701833333333,0.0,570.9604,0.0,0.0,10.309783333333373,0.0,570.9604,0.0,1834.4004444444445,1200.0,0.0,29.666401541666776,1.1368683772161605e-13
2025-01-07,135,q4_warmup,0.493,562.8116666666666,0.0,566.3416666666667,0.0,566.3416666666667,0.0,0.0,0.0,3.5300000000000864,1200.0,1200.0,279.2064416666667,0.0,0.0
2025-01-07,136,q4_warmup,0.4233,551.3763833333334,0.0,563.5174333333333,0.0,563.5174333333333,0.0,-0.0,0.0,12.14104999999995,1200.0,1200.0,238.53692953,0.0,0.0
2025-01-07,137,q4_warmup,0.4358,549.1314833333333,0.0,562.2307166666667,0.0,562.2307166666667,0.0,-0.0,0.0,13.09923333333336,1200.0,1200.0,245.02014632333336,0.0,0.0
2025-01-07,138,q4_warmup,0.4758,557.9616666666667,0.0,573.1433333333333,0.0,573.1433333333333,0.0,-0.0,0.0,15.181666666666615,1200.0,1200.0,272.701598,0.0,0.0
2025-01-07,139,q4_warmup,0.4427,583.5299333333334,0.0,607.9602166666667,0.0,607.9602166666667,0.0,-0.0,0.0,24.430283333333364,1200.0,1200.0,269.1439879183333,0.0,0.0
2025-01-07,140,q4_warmup,0.3979,594.66525,0.0,619.9824333333333,0.0,1321.1776301091547,0.0,701.1951967758212,0.0,25.31718333333351,1200.0,1831.075677098239,525.6965790204326,0.0,4.973799150320701e-14
2025-01-07,141,q4_warmup,0.3983,591.5566666666667,0.0,601.48,0.0,601.48,0.0,0.0,0.0,9.923333333332993,1831.075677098239,1831.0756770982396,239.569484,0.0,2.966515921798419e-13
2025-01-07,142,q4_warmup,0.4436,602.1643333333333,0.0,586.9800333333334,0.0,586.9800333333334,15.184299999999828,0.0,-0.0,0.0,1831.0756770982396,1831.0756770982396,260.3843427866667,33.67877739999962,-1.1368683772161605e-13
2025-01-07,143,q4_warmup,0.4859,604.4895833333334,0.0,567.1116166666667,0.0,567.1116166666667,37.37796666666668,0.0,-0.0,0.0,1831.0756770982396,1831.0756770982396,275.55953453833337,90.8097700166667,0.0
2025-01-07,144,q4_warmup,0.4957,605.035,0.0,567.9683333333334,0.0,0.0002239449180303,37.066666666666606,0.0,567.9681093884154,0.0,1831.0756770982396,1200.0,0.0001110094958676,91.8697333333332,1.1368683772161605e-13
2025-01-08,1,q4_warmup,0.4812,634.1137833333333,0.0,623.5018333333334,0.0,623.5018333333334,10.61194999999998,0.0,-0.0,0.0,1200.0,1200.0,300.0290822,25.53235169999995,0.0
2025-01-08,2,q4_warmup,0.4784,652.5348833333334,0.0,618.4973,0.0,618.4973,34.03758333333337,0.0,-0.0,0.0,1200.0,1200.0,295.88910832,81.41789933333342,0.0
2025-01-08,3,q4_warmup,0.4645,626.1716666666667,0.0,571.0066666666667,0.0,1404.34,55.16499999999985,833.3333333333333,0.0,0.0,1200.0,1950.0,652.3159300000001,128.12071249999966,1.1368683772161605e-13
2025-01-08,4,q4_warmup,0.3969,566.1060166666667,0.0,613.1864666666667,0.0,1446.5198,0.0,833.3333333333333,0.0,47.08045000000004,1950.0,2700.0,574.12370862,0.0,0.0
2025-01-08,5,q4_warmup,0.4084,567.17295,0.0,654.0969833333334,0.0,1487.4303166666668,0.0,833.3333333333333,0.0,86.92403333333357,2700.0,3450.0,607.4665413266667,0.0,0.0
2025-01-08,6,q4_warmup,0.4706,619.8166666666667,0.0,654.025,0.0,654.025,0.0,34.20833333333326,0.0,0.0,3450.0,3480.7875,307.784165,0.0,0.0
2025-01-08,7,q4_warmup,0.4221,621.4441333333333,0.0,661.0716833333333,0.0,1494.4050166666666,0.0,799.1250000000001,0.0,73.83588333333319,3480.7875,4200.0,630.7883575349999,0.0,0.0
2025-01-08,8,q4_warmup,0.3854,597.452,0.0,641.8623,0.0,1475.1956333333333,0.0,833.3333333333333,0.0,44.41030000000001,4200.0,4950.0,568.5403970866666,0.0,0.0
2025-01-08,9,q4_warmup,0.4234,602.7116666666667,0.0,604.89,0.0,1438.2233333333334,0.0,833.3333333333333,0.0,2.1783333333333985,4950.0,5700.0,608.9437593333333,0.0,0.0
2025-01-08,10,q4_warmup,0.4695,655.6580666666667,0.0,605.5048666666667,0.0,1272.1715333333334,50.15319999999997,666.6666666666666,0.0,0.0,5700.0,6300.0,597.2845349,117.7346369999999,0.0
2025-01-08,11,q4_warmup,0.4717,651.8044166666667,0.0,632.82515,0.0,632.82515,18.97926666666672,0.0,0.0,0.0,6300.0,6300.0,298.50362325500004,44.76260043333346,0.0
2025-01-08,12,q4_warmup,0.4556,620.58,0.0,660.4033333333333,0.0,1493.736666666667,0.0,833.3333333333333,0.0,39.82333333333338,6300.0,7050.0,680.5464253333333,0.0,0.0
2025-01-08,13,q4_warmup,0.4805,684.2158333333333,0.0,670.6950166666667,0.0,670.6950166666667,13.520816666666631,0.0,-0.0,0.0,7050.0,7050.0,322.2689555083333,32.48376204166659,0.0
2025-01-08,14,q4_warmup,0.4564,687.6279,0.0,674.4617999999999,0.0,1507.7951333333333,13.166099999999917,833.3333333333333,0.0,0.0,7050.0,7800.0,688.1576988533333,30.045040199999807,0.0
2025-01-08,15,q4_warmup,0.4154,629.6633333333333,0.0,677.03,0.0,1510.3633333333332,0.0,833.3333333333333,0.0,47.366666666666674,7800.0,8550.0,627.4049286666666,0.0,0.0
2025-01-08,16,q4_warmup,0.4815,667.8491,0.0,672.16295,0.0,672.16295,0.0,0.0,0.0,4.313850000000002,8550.0,8550.0,323.646460425,0.0,0.0
2025-01-08,17,q4_warmup,0.5127,699.57645,0.0,657.8791166666666,0.0,657.8791166666666,41.69733333333341,0.0,-0.0,0.0,8550.0,8550.0,337.294623115,106.8911140000002,0.0
2025-01-08,18,q4_warmup,0.4799,678.0283333333333,0.0,645.5500000000001,0.0,645.5500000000001,32.47833333333324,0.0,-0.0,0.0,8550.0,8550.0,309.79944500000005,77.9317608333331,0.0
2025-01-08,19,q4_warmup,0.4908,667.9764666666666,0.0,649.4781166666667,0.0,649.4781166666667,18.49834999999996,0.0,-0.0,0.0,8550.0,8550.0,318.76385966,45.39495089999991,0.0
2025-01-08,20,q4_warmup,0.4817,686.3080333333334,0.0,648.51725,0.0,648.51725,37.790783333333366,0.0,0.0,0.0,8550.0,8550.0,312.39075932500003,91.0191016583334,0.0
2025-01-08,21,q4_warmup,0.4544,712.835,0.0,645.1716666666667,0.0,1478.505,67.66333333333318,833.3333333333333,0.0,0.0,8550.0,9300.0,671.8326720000001,153.731093333333,0.0
2025-01-08,22,q4_warmup,0.488,717.4963166666666,0.0,661.4518166666667,0.0,661.4518166666667,56.04449999999997,0.0,-0.0,0.0,9300.0,9300.0,322.78848653333336,136.74857999999992,0.0
2025-01-08,23,q4_warmup,0.5281,724.3644666666668,0.0,668.7802333333333,0.0,668.7802333333333,55.584233333333486,0.0,-0.0,0.0,9300.0,9300.0,353.1828412233333,146.7701681166671,0.0
2025-01-08,24,q4_warmup,0.5297,740.1066666666667,0.0,670.4499999999999,0.0,670.4499999999999,69.65666666666675,0.0,-0.0,0.0,9300.0,9300.0,355.137365,184.4856816666669,0.0
2025-01-08,25,q4_warmup,0.5001,741.6282500000001,0.0,695.564,0.0,695.564,46.06425000000013,0.0,-0.0,0.0,9300.0,9300.0,347.8515564,115.18365712500032,0.0
2025-01-08,26,q4_warmup,0.4789,713.5997333333333,0.0,699.6988,0.0,699.6988,13.900933333333342,0.0,-0.0,0.0,9300.0,9300.0,335.08575532,33.28578486666668,0.0
2025-01-08,27,q4_warmup,0.4813,688.8083333333334,0.0,681.8783333333333,0.0,681.8783333333333,6.930000000000064,0.0,-0.0,0.0,9300.0,9300.0,328.18804183333333,16.677045000000152,0.0
2025-01-08,28,q4_warmup,0.4879,715.7632666666667,0.0,689.5033333333334,0.0,689.5033333333334,26.259933333333265,0.0,0.0,0.0,9300.0,9300.0,336.4086763333334,64.06110736666649,0.0
2025-01-08,29,q4_warmup,0.4713,726.0193833333333,0.0,714.2354666666666,0.0,714.2354666666666,11.783916666666642,-0.0,0.0,0.0,9300.0,9300.0,336.61917544,27.768799624999943,0.0
2025-01-08,30,q4_warmup,0.4602,700.7333333333332,0.0,734.0783333333334,0.0,1567.4116666666669,0.0,833.3333333333334,0.0,33.345000000000255,9300.0,10050.0,721.3228490000001,0.0,0.0
2025-01-08,31,q4_warmup,0.506,688.2134833333333,0.0,731.4117166666666,0.0002333333333333,731.4114833333333,0.0,0.0,0.0,43.19799999999998,10050.0,10050.0,370.0942105666667,0.0,0.0
2025-01-08,32,q4_warmup,0.5223,688.1272666666667,0.0,703.3788,0.0,703.3788,0.0,-0.0,0.0,15.251533333333214,10050.0,10050.0,367.37474724,0.0,0.0
2025-01-08,33,q4_warmup,0.4762,690.0316666666666,0.0,675.9316666666667,0.0,675.9316666666667,14.099999999999907,-0.0,0.0,0.0,10050.0,10050.0,321.8786596666667,33.572099999999786,0.0
2025-01-08,34,q4_warmup,0.4624,705.6226833333334,0.0023,696.5622,0.0032833333333333,1529.89225,9.061466666666888,833.3333333333334,0.0,0.0,10050.0,10800.0,707.4221763999999,20.950110933333843,2.273736754432321e-13
2025-01-08,35,q4_warmup,0.7105,815.7728833333334,0.0,794.0757666666667,0.0,794.0757666666667,21.69711666666672,0.0,-0.0,0.0,10800.0,10800.0,564.1908322166668,77.07900695833351,0.0
2025-01-08,36,q4_warmup,1.0558,943.6016666666666,0.0,893.7950000000001,0.0,893.7950000000001,49.8066666666665,0.0,-0.0,0.0,10800.0,10800.0,943.668761,262.9293933333325,0.0
2025-01-08,37,q4_warmup,1.079,920.9554833333332,0.0320166666666666,883.362,0.0458166666666666,883.3161833333334,37.60728333333316,0.0,-0.0,0.0,10800.0,10800.0,953.0981618166668,202.8912935833324,0.0
2025-01-08,38,q4_warmup,1.0417,905.84575,0.0,887.00905,0.0,887.00905,18.83669999999995,0.0,-0.0,0.0,10800.0,10800.0,923.997327385,98.11095194999976,0.0
2025-01-08,39,q4_warmup,1.0746,939.4583333333334,0.0,933.8866666666668,0.0,933.8866666666668,5.571666666666715,0.0,-0.0,0.0,10800.0,10800.0,1003.554612,29.93656500000026,0.0
2025-01-08,40,q4_warmup,1.0517,911.0178666666668,0.446,930.09885,0.6381,929.46075,0.0,0.0,-0.0,18.88888333333316,10800.0,10800.0,977.513870775,0.0,2.4868995751603507e-14
2025-01-08,41,q4_warmup,1.0356,898.1154166666666,0.0,909.1203166666666,0.0,909.1203166666666,0.0,0.0,-0.0,11.004899999999909,10800.0,10800.0,941.48499994,0.0,0.0
2025-01-08,42,q4_warmup,1.0374,915.05,5.525,899.4866666666667,4.9125000000000005,894.5741666666667,14.950833333333298,0.0,-0.0,0.0,10800.0,10800.0,928.0312405,77.54997249999983,0.0
2025-01-08,43,q4_warmup,1.005,897.4513166666667,34.80186666666667,896.7118,37.81588333333333,858.8959166666667,3.7535333333332943,0.0,-0.0,0.0,10800.0,10800.0,863.1903962499999,18.8615049999998,0.0
2025-01-08,44,q4_warmup,1.0359,911.3311333333332,74.30951666666667,915.6544666666668,83.06501666666666,832.58945,4.432166666666518,0.0,-0.0,0.0,10800.0,10800.0,862.4794112550001,22.95640724999923,0.0
2025-01-08,45,q4_warmup,1.0684,936.4366666666666,115.26875,919.0416666666666,127.9,791.1416666666667,30.02624999999996,0.0,-0.0,0.0,10800.0,10800.0,845.2557566666667,160.4002274999998,0.0
2025-01-08,46,q4_warmup,0.9785,903.03415,159.60953333333333,876.8275,170.57399999999998,706.2535,37.17111666666659,0.0,-0.0,0.0,10800.0,10800.0,691.0690497500001,181.85968829166632,0.0
2025-01-08,47,q4_warmup,1.1572,1009.9657333333332,208.5796333333333,1002.1062333333332,214.5876333333333,787.5186,13.867499999999922,0.0,-0.0,0.0,10800.0,10800.0,911.31652392,80.23735499999954,0.0
2025-01-08,48,q4_warmup,1.4806,1208.5516666666667,261.20625,1220.59,265.64375,121.6129166666666,0.0,0.0,825.7325000000003,0.0,10800.0,9882.519444444444,180.06008441666654,0.0,2.273736754432321e-13
2025-01-08,49,q4_warmup,1.4141,1233.3754833333337,315.2749333333333,1228.92775,324.2343333333333,71.36008333333336,13.40713333333349,0.0,833.3333333333334,0.0,9882.519444444444,8956.593518518519,100.9102938416667,94.79513623333445,-2.273736754432321e-13
2025-01-08,50,q4_warmup,1.3432,1209.5204666666666,370.8334333333333,1194.3171,367.3873833333334,0.0,5.353700000000004,0.0,833.3333333333334,0.0,8956.593518518519,8030.667592592593,0.0,35.95544920000002,0.0
2025-01-08,51,q4_warmup,1.419,1215.3866666666663,417.275,1214.555,397.375,0.0,0.0,0.0,798.1116666666663,0.0,8030.667592592593,7143.876851851853,0.0,0.0,0.0
2025-01-08,52,q4_warmup,1.3972,1200.41325,444.4204,1214.1978833333333,440.9877,0.0,0.0,0.0,755.9928500000001,0.0,7143.876851851853,6303.884796296297,0.0,0.0,0.0
2025-01-08,53,q4_warmup,1.3309,1188.2149333333334,486.94801666666666,1188.9038833333334,498.37905,0.0,0.0,0.0,701.2669166666667,0.0,6303.884796296297,5524.699333333334,0.0,0.0,0.0
2025-01-08,54,q4_warmup,1.2715,1197.475,549.525,1167.4083333333333,557.5500000000001,0.0,0.0,0.0,647.9499999999999,0.0,5524.699333333334,4804.75488888889,0.0,0.0,0.0
2025-01-08,55,q4_warmup,1.211,1214.1881166666667,600.3952,1179.10495,603.25445,575.8505000000001,37.94241666666653,0.0,0.0,0.0,4804.75488888889,4804.75488888889,697.3549555000002,229.74133291666587,0.0
2025-01-08,56,q4_warmup,1.2234,1196.6387666666667,628.4017833333334,1203.50195,628.74075,73.2111666666662,4.826650000000143,0.0,490.1991666666669,0.0,4804.75488888889,4260.0891481481485,89.56654129999943,29.524618050000875,0.0
2025-01-08,57,q4_warmup,1.2535,1156.6816666666666,648.375,1214.2733333333333,649.40625,0.0,0.0,0.0,508.3066666666666,0.0,4260.0891481481485,3695.3039629629634,0.0,0.0,0.0
2025-01-08,58,q4_warmup,1.1906,1150.6689,684.1587333333333,1199.3909,688.8173666666667,510.57353333333344,0.0,0.0,0.0,44.06336666666687,3695.3039629629634,3695.3039629629634,607.8888487866668,0.0,1.1368683772161605e-13
2025-01-08,59,q4_warmup,1.2894,1171.6042333333332,715.4128333333333,1176.6833,724.5390000000001,0.0,0.0,0.0,456.19139999999993,0.0,3695.3039629629634,3188.42462962963,0.0,0.0,0.0
2025-01-08,60,q4_warmup,1.472,1185.7616666666663,739.94375,1166.7016666666666,749.6437500000001,0.0,0.0,0.0,445.8179166666663,0.0,3188.42462962963,2693.07138888889,0.0,0.0,0.0
2025-01-08,61,q4_warmup,1.3946,1168.0045833333334,775.2897666666667,1175.9679833333332,782.5945499999999,0.0,0.0,0.0,392.7148166666667,0.0,2693.07138888889,2256.7215925925934,0.0,0.0,0.0
2025-01-08,62,q4_warmup,1.3408,1165.8362833333333,801.5973333333333,1175.1191166666667,832.9956666666667,0.0,0.0,0.0,364.2389500000001,0.0,2256.7215925925934,1852.0116481481489,0.0,0.0,0.0
2025-01-08,63,q4_warmup,1.4258,1184.9416666666666,819.9875000000001,1161.4266666666667,873.6,0.0,74.831066666666,0.0,290.12310000000053,0.0,1852.0116481481489,1529.6526481481485,0.0,533.470674266662,0.0
2025-01-08,64,q4_warmup,1.4283,1183.3013833333332,852.9138166666667,1162.9998833333334,866.3125,0.0,33.70018333333309,0.0,296.68738333333346,0.0,1529.6526481481485,1200.0,0.0,240.66985927499823,0.0
2025-01-08,65,q4_warmup,1.1201,1168.4708333333333,886.3496666666666,1187.1872166666667,864.1483333333334,323.0388833333333,0.0,0.0,0.0,40.91771666666659,1200.0,1200.0,361.8358532216666,0.0,0.0
2025-01-08,66,q4_warmup,0.7153,1161.7083333333333,914.4,1192.6883333333333,878.475,1147.5466666666666,0.0,833.3333333333334,0.0,66.90499999999997,1200.0,1950.0,820.8401306666667,0.0,1.1368683772161605e-13
2025-01-08,67,q4_warmup,0.6806,1174.02045,947.9933166666666,1136.92615,871.9162333333334,1098.34325,0.0,833.3333333333333,0.0,38.98278333333326,1950.0,2700.0,747.5324159499999,0.0,-1.1368683772161605e-13
2025-01-08,68,q4_warmup,0.7408,1174.2303166666668,994.0507333333334,1137.6254833333337,869.9123666666666,1101.0464500000005,0.0,833.3333333333333,0.0,87.5335333333336,2700.0,3450.0,815.6552101600003,0.0,1.1368683772161605e-13
2025-01-08,69,q4_warmup,0.7167,1152.8916666666669,1036.7375,1196.9383333333333,882.0500000000001,1148.2216666666666,0.0,833.3333333333333,0.0,198.7341666666664,3450.0,4200.0,822.9304685,0.0,0.0
2025-01-08,70,q4_warmup,0.6974,1134.0515166666669,1049.6528833333334,1194.3912666666668,890.948,1136.7766,0.0,833.3333333333333,0.0,219.04463333333345,4200.0,4950.0,792.7880008400001,0.0,-2.273736754432321e-13
2025-01-08,71,q4_warmup,0.7011,1144.2158333333334,1049.521066666667,1143.5714333333333,899.8598333333333,1077.0449333333331,0.0,833.3333333333333,0.0,149.01683333333358,4950.0,5700.0,755.11620276,0.0,0.0
2025-01-08,72,q4_warmup,0.698,1156.0166666666669,1044.65625,1095.0333333333333,904.46875,1023.8979166666668,0.0,833.3333333333333,0.0,79.20416666666654,5700.0,6450.0,714.6807458333333,0.0,1.1368683772161605e-13
2025-01-08,73,q4_warmup,0.6603,1116.1826333333331,1031.4342166666668,1087.5478833333334,894.4417,1026.4395166666668,0.0,833.3333333333333,0.0,108.3577666666672,6450.0,7200.0,677.7580128550001,0.0,2.273736754432321e-13
2025-01-08,74,q4_warmup,0.6694,1081.727483333333,1034.6995333333332,1105.8556666666666,886.5409333333333,1052.6480666666666,0.0,833.3333333333333,0.0,172.28678333333346,7200.0,7950.0,704.6426158266667,0.0,2.273736754432321e-13
2025-01-08,75,q4_warmup,0.6821,1077.85,1052.71875,1122.3266666666666,877.7624999999999,1077.8975,0.0,833.3333333333333,0.0,219.43291666666687,7950.0,8700.0,735.23388475,0.0,0.0
2025-01-08,76,q4_warmup,0.6078,1079.31225,1057.75655,1122.7787833333334,848.5200333333333,1107.5920833333334,0.0,833.3333333333333,0.0,252.7030500000003,8700.0,9450.0,673.1944682500001,0.0,0.0
2025-01-08,77,q4_warmup,0.7553,1097.6717333333331,1052.9866333333332,1139.4096166666666,818.7607833333333,1153.982166666667,0.0,833.3333333333333,0.0,275.9637333333335,9450.0,10200.0,871.6027304833333,0.0,-2.273736754432321e-13
2025-01-08,78,q4_warmup,1.0477,1122.9016666666666,1033.3375,1152.57,798.7624999999999,353.8075,0.0,0.0,0.0,264.24333333333345,10200.0,10200.0,370.68411775,0.0,-1.1368683772161605e-13
2025-01-08,79,q4_warmup,1.0769,1126.4687333333334,986.5188166666668,1115.9225833333333,784.0687166666667,331.8538666666666,0.0,0.0,0.0,191.90395,10200.0,10200.0,357.37342901333324,0.0,1.1368683772161605e-13
2025-01-08,80,q4_warmup,1.0482,1130.1795166666668,936.2877666666668,1123.6269166666666,789.1335833333333,334.49333333333334,0.0,0.0,0.0,140.60158333333334,10200.0,10200.0,350.61591200000004,0.0,0.0
2025-01-08,81,q4_warmup,1.0714,1136.8483333333334,905.19375,1158.555,798.4,360.1550000000001,0.0,0.0,0.0,128.50041666666675,10200.0,10200.0,385.87006700000006,0.0,0.0
2025-01-08,82,q4_warmup,1.0595,1123.7989833333334,894.2333166666667,1110.6376833333334,776.9508833333333,333.68680000000006,0.0,0.0,0.0,104.12113333333345,10200.0,10200.0,353.5411646000001,0.0,-1.1368683772161605e-13
2025-01-08,83,q4_warmup,1.1439,1094.3851,861.9684333333333,1080.8056166666668,750.80335,330.00226666666674,0.0,0.0,0.0,97.58560000000011,10200.0,10200.0,377.48959284000006,0.0,0.0
2025-01-08,84,q4_warmup,1.3056,1065.6666666666667,806.0625,1095.3533333333332,728.525,0.0,0.0,0.0,259.60416666666674,0.0,10200.0,9911.550925925923,0.0,0.0,0.0
2025-01-08,85,q4_warmup,1.3705,1056.8727666666666,761.8072333333333,1081.8716166666666,693.4894166666667,0.0,0.0,0.0,295.0655333333333,0.0,9911.550925925923,9583.700333333332,0.0,0.0,0.0
2025-01-08,86,q4_warmup,1.3738,1068.354383333333,717.4596,1086.01145,659.7729,0.0,0.0,0.0,350.89478333333307,0.0,9583.700333333332,9193.81724074074,0.0,0.0,0.0
2025-01-08,87,q4_warmup,1.4072,1091.98,667.96875,1113.015,631.50625,0.0,0.0,0.0,424.01125,0.0,9193.81724074074,8722.69362962963,0.0,0.0,0.0
2025-01-08,88,q4_warmup,1.4793,1114.0574333333334,624.4406666666666,1113.8392166666663,598.0928166666666,0.0,0.0,0.0,489.6167666666668,0.0,8722.69362962963,8178.675,0.0,0.0,0.0
2025-01-08,89,q4_warmup,1.282,1114.4632166666668,586.5727499999999,1106.25805,561.8000499999999,0.0,0.0,0.0,527.8904666666668,0.0,8178.675,7592.130037037037,0.0,0.0,0.0
2025-01-08,90,q4_warmup,0.9283,1095.6416666666669,549.80625,1093.5083333333334,524.5749999999999,1402.2666666666669,0.0,369.03794238682974,0.0,487.39330761317024,7592.130037037037,7924.264185185184,1301.724146666667,0.0,1.1368683772161605e-13
2025-01-08,91,q4_warmup,0.8696,1078.7497833333334,509.5048833333333,1059.99145,485.8835333333333,1407.44125,0.0,833.3333333333333,0.0,4.863016666666454,7924.264185185184,8674.264185185184,1223.910911,0.0,0.0
2025-01-08,92,q4_warmup,0.9181,1063.41825,465.36465,1041.48525,449.89903333333336,1424.91955,6.467383333333146,833.3333333333333,0.0,0.0,8674.264185185184,9424.264185185184,1308.218638855,29.68852319166581,0.0
2025-01-08,93,q4_warmup,0.9332,1047.3333333333333,415.025,1055.505,415.09375,1473.7445833333331,0.0,833.3333333333333,0.0,8.102916666666601,9424.264185185184,10174.264185185184,1375.2984451666666,0.0,1.1368683772161605e-13
2025-01-08,94,q4_warmup,0.9714,1038.7557166666668,357.16395000000006,1085.2975666666666,374.348,1406.2115831275732,0.0,695.2620164609064,0.0,29.357800000000225,10174.264185185184,10800.0,1365.993931850125,0.0,0.0
2025-01-08,95,q4_warmup,1.0262,1069.7995666666668,306.45861666666667,1103.6871666666666,325.9980333333333,777.6891333333333,0.0,0.0,-0.0,14.348183333333168,10800.0,10800.0,798.0645886266666,0.0,1.1368683772161605e-13
2025-01-08,96,q4_warmup,1.045,1095.815,264.175,1099.8183333333334,273.175,826.6433333333334,4.99666666666624,0.0,3.73083786087136e-13,0.0,10800.0,10800.0,863.8422833333334,26.1075833333311,0.0
2025-01-08,97,q4_warmup,0.9922,1037.4018666666666,218.2323,1082.9799333333333,221.80936666666665,861.1705666666667,0.0,0.0,-0.0,42.00100000000009,10800.0,10800.0,854.4534362466667,0.0,1.1368683772161605e-13
2025-01-08,98,q4_warmup,1.0047,1001.92515,172.69129999999998,1068.9197333333334,175.39951666666664,893.5202166666668,0.0,0.0,-0.0,64.28636666666674,10800.0,10800.0,897.7197616850001,0.0,-2.8421709430404014e-14
2025-01-08,99,q4_warmup,1.0916,1031.0233333333333,130.08124999999998,1079.4066666666663,132.0375,947.3691666666664,0.0,0.0,1.84172677109018e-13,46.42708333333336,10800.0,10800.0,1034.1481823333331,0.0,1.2789769243681806e-13
2025-01-08,100,q4_warmup,1.1244,1058.2079666666666,87.23025,1118.1052666666667,86.4916,1031.6136666666666,0.0,0.0,-0.0,60.63595000000002,10800.0,10800.0,1159.9464068,0.0,7.105427357601003e-14
2025-01-08,101,q4_warmup,1.1097,1041.3350833333334,41.834966666666666,1102.6086,39.75691666666667,1062.8516833333333,0.0,0.0,1.84172677109018e-13,63.35156666666678,10800.0,10800.0,1179.446512995,0.0,-6.394884621840903e-14
2025-01-08,102,q4_warmup,1.0962,1026.2716666666668,6.4,1037.871666666667,5.26875,1032.6029166666667,0.0,0.0,1.84172677109018e-13,12.73125000000014,10800.0,10800.0,1131.9393172500002,0.0,1.3322676295501878e-13
2025-01-08,103,q4_warmup,1.1231,1086.1207,0.0,1013.4569666666666,0.0,1013.4569666666666,72.66373333333335,0.0,-4.5595749398330566e-14,0.0,10800.0,10800.0,1138.2135192633332,408.0431945333335,0.0
2025-01-08,104,q4_warmup,1.1635,1088.5671666666667,0.5872499999999999,1022.7238833333334,0.66025,1022.0636333333334,65.91628333333331,0.0,-3.138489468312855e-14,0.0,10800.0,10800.0,1189.1710373833334,383.46797829166655,0.0
2025-01-08,105,q4_warmup,1.1684,1039.1533333333334,0.0,1058.555,0.0,1058.555,0.0,0.0,-0.0,19.40166666666664,10800.0,10800.0,1236.8156620000002,0.0,0.0
2025-01-08,106,q4_warmup,1.1229,1050.8732666666667,0.0,1095.1346,0.0,1095.1346,0.0,0.0,-0.0,44.26133333333337,10800.0,10800.0,1229.72664234,0.0,0.0
2025-01-08,107,q4_warmup,1.1617,921.03655,0.0421666666666666,946.9977666666668,0.0474,946.9503666666668,0.0,0.0,-0.0,25.95598333333333,10800.0,10800.0,1100.0722409566667,0.0,-4.973799150320701e-14
2025-01-08,108,q4_warmup,1.2693,704.9683333333334,0.0,712.1733333333333,0.0,712.1733333333333,0.0,0.0,-0.0,7.204999999999927,10800.0,10800.0,903.961612,0.0,0.0
2025-01-08,109,q4_warmup,1.3008,688.5141,0.0,694.2027666666667,0.0,694.2027666666667,0.0,0.0,-0.0,5.688666666666677,10800.0,10800.0,903.01895888,0.0,0.0
2025-01-08,110,q4_warmup,1.3353,730.1875666666666,0.0030333333333333,732.0895999999999,0.0034,732.0861999999998,0.0,0.0,-0.0,1.90166666666657,10800.0,10800.0,977.5547028599998,0.0,-4.1300296516055823e-14
2025-01-08,111,q4_warmup,1.3481,730.1350000000001,0.0,729.9816666666667,0.0,729.9816666666667,0.1533333333334212,0.0,-0.0,0.0,10800.0,10800.0,984.0882848333334,1.033543333333926,0.0
2025-01-08,112,q4_warmup,1.2466,728.8338,0.0,750.15395,0.0,750.15395,0.0,0.0,-0.0,21.32015000000001,10800.0,10800.0,935.14191407,0.0,0.0
2025-01-08,113,q4_warmup,1.2976,720.3681499999999,0.0002166666666666,751.1373166666667,0.00025,751.1370666666667,0.0,0.0,-1.1368683772161605e-13,30.76913333333332,10800.0,10800.0,974.6754577066667,0.0,2.131628207280301e-14
2025-01-08,114,q4_warmup,1.4762,709.36,0.0,733.7933333333334,0.0,0.0,0.0,0.0,709.3599999999993,0.0,10800.0,10011.822222222225,0.0,0.0,-6.821210263296962e-13
2025-01-08,115,q4_warmup,1.4874,715.7542666666667,0.0,747.6879333333333,0.0,0.0,0.0,0.0,715.7542666666667,0.0,10011.822222222225,9216.539703703704,0.0,0.0,0.0
2025-01-08,116,q4_warmup,1.4842,725.89945,0.0,757.6117333333333,0.0,0.0,0.0,0.0,725.89945,0.0,9216.539703703704,8409.98475925926,0.0,0.0,0.0
2025-01-08,117,q4_warmup,1.5203,725.3383333333333,0.0,742.7633333333333,0.0,0.0,0.0,0.0,725.3383333333333,0.0,8409.98475925926,7604.053277777778,0.0,0.0,0.0
2025-01-08,118,q4_warmup,1.488,716.5708,0.0,717.8656666666667,0.0,0.0,0.0,0.0,716.5708,0.0,7604.053277777778,6807.8635,0.0,0.0,0.0
2025-01-08,119,q4_warmup,1.4891,735.6900666666667,0.0,694.6878833333334,0.0,0.0,0.0,0.0,735.6900666666667,0.0,6807.8635,5990.430092592593,0.0,0.0,0.0
2025-01-08,120,q4_warmup,1.5383,763.0566666666667,0.0,694.0033333333334,0.0,0.0,0.0,0.0,763.0566666666667,0.0,5990.430092592593,5142.589351851852,0.0,0.0,0.0
2025-01-08,121,q4_warmup,1.54,741.1062833333334,0.0,729.1727166666666,0.0,0.0,0.0,0.0,741.1062833333334,0.0,5142.589351851852,4319.137925925926,0.0,0.0,0.0
2025-01-08,122,q4_warmup,1.5266,715.34615,0.0,746.2967333333332,0.0,0.0,0.0,0.0,715.34615,0.0,4319.137925925926,3524.30887037037,0.0,0.0,0.0
2025-01-08,123,q4_warmup,1.554,725.73,0.0,741.8833333333333,0.0,0.0,0.0,0.0,725.73,0.0,3524.30887037037,2717.9422037037034,0.0,0.0,0.0
2025-01-08,124,q4_warmup,1.5968,765.65875,0.0,756.4752333333332,0.0,0.0,0.0,0.0,765.65875,0.0,2717.9422037037034,1867.2102592592587,0.0,0.0,0.0
2025-01-08,125,q4_warmup,1.3657,773.9436999999999,0.0,741.1412999999999,0.0,163.38253333333432,10.071933333332844,0.0,600.4892333333328,0.0,1867.2102592592587,1200.0,223.13152577333463,68.77619676666333,0.0
2025-01-08,126,q4_warmup,0.987,756.2033333333334,0.0,708.505,0.0,708.505,47.69833333333338,0.0,-0.0,0.0,1200.0,1200.0,699.294435,235.3912750000002,0.0
2025-01-08,127,q4_warmup,0.9084,767.8431833333334,0.0,724.1612,0.0,724.1612,43.68198333333339,0.0,-0.0,0.0,1200.0,1200.0,657.82803408,198.40356830000025,0.0
2025-01-08,128,q4_warmup,0.9443,748.1819833333334,0.0,731.1408,0.0,731.1408,17.04118333333338,0.0,-0.0,0.0,1200.0,1200.0,690.41625744,80.45994710833355,0.0
2025-01-08,129,q4_warmup,0.9673,724.3933333333333,0.0,736.515,0.0,736.515,0.0,-0.0,0.0,12.12166666666667,1200.0,1200.0,712.4309595,0.0,0.0
2025-01-08,130,q4_warmup,0.9941,771.7817333333334,0.0,786.3264666666668,0.0,786.3264666666668,0.0,-0.0,0.0,14.544733333333395,1200.0,1200.0,781.6871405133334,0.0,0.0
2025-01-08,131,q4_warmup,0.7514,699.6481666666667,0.0,711.90145,0.0,711.90145,0.0,-0.0,0.0,12.25328333333323,1200.0,1200.0,534.9227495299999,0.0,0.0
2025-01-08,132,q4_warmup,0.3932,533.8833333333333,0.0,559.2916666666666,0.0,559.2916666666666,0.0,0.0,0.0,25.408333333333303,1200.0,1200.0,219.9134833333333,0.0,0.0
2025-01-08,133,q4_warmup,0.3831,506.9141166666666,0.0,555.71955,0.0,555.71955,0.0,0.0,0.0,48.80543333333344,1200.0,1200.0,212.896159605,0.0,0.0
2025-01-08,134,q4_warmup,0.4332,542.7825166666667,0.0,581.2701833333333,0.0,581.2701833333333,0.0,-0.0,0.0,38.487666666666655,1200.0,1200.0,251.80624342,0.0,0.0
2025-01-08,135,q4_warmup,0.3828,553.7533333333333,0.0,562.8116666666666,0.0,562.8116666666666,0.0,0.0,0.0,9.05833333333328,1200.0,1200.0,215.44430599999995,0.0,0.0
2025-01-08,136,q4_warmup,0.3663,537.2946833333333,0.0,551.3763833333334,0.0,1384.7096081620955,0.0,833.3332248287622,0.0,14.081700000000184,1200.0,1949.999902345886,507.2191294697757,0.0,0.0
2025-01-08,137,q4_warmup,0.4132,553.9089166666666,0.0,549.1314833333333,0.0,549.1314833333333,4.777433333332697,0.0,4.092726157978177e-13,0.0,1949.999902345886,1949.9999023458856,226.9011289133333,9.870177266665351,-1.1368683772161605e-13
2025-01-08,138,q4_warmup,0.4629,588.045,0.0,557.9616666666667,0.0,557.9616666666667,30.08333333333324,0.0,-0.0,0.0,1949.9999023458856,1949.9999023458856,258.2804555,69.62787499999978,0.0
2025-01-08,139,q4_warmup,0.4377,568.9827666666666,0.0,583.5299333333334,0.0,583.5299333333334,0.0,0.0,0.0,14.547166666666612,1949.9999023458856,1949.9999023458856,255.41105182,0.0,1.1368683772161605e-13
2025-01-08,140,q4_warmup,0.4256,565.6843,0.0,594.66525,0.0,594.66525,0.0,0.0,0.0,28.98094999999996,1949.9999023458856,1949.9999023458856,253.0895304,0.0,4.618527782440651e-14
2025-01-08,141,q4_warmup,0.4537,594.7416666666667,0.0,591.5566666666667,0.0,591.5566666666667,3.1850000000002834,0.0,-2.0463630789890886e-13,0.0,1949.9999023458856,1949.999902345886,268.3892596666667,7.225172500000642,1.1368683772161605e-13
2025-01-08,142,q4_warmup,0.4636,602.7068666666667,0.0,602.1643333333333,0.0,531.6540045553692,0.5425333333334947,0.0,70.51032877796412,0.0,1949.999902345886,1871.6550925925928,246.4747965118692,1.257592266667041,1.1368683772161605e-13
2025-01-08,143,q4_warmup,0.4643,607.5747,0.0,604.4895833333334,0.0,0.0,3.0851166666667496,0.0,604.4895833333334,0.0,1871.6550925925928,1200.0,0.0,7.162098341666859,1.1368683772161605e-13
2025-01-08,144,q4_warmup,0.4537,610.64,0.0,605.035,0.0,605.035,5.605000000000018,0.0,-0.0,0.0,1200.0,1200.0,274.5043795,12.71494250000004,0.0
2025-01-09,1,q4_warmup,0.4191,593.6329,0.0,634.1137833333333,0.0,1467.4471166666667,0.0,833.3333333333334,0.0,40.4808833333334,1200.0,1950.0,615.007086595,0.0,0.0
2025-01-09,2,q4_warmup,0.4194,599.5246833333333,0.0,652.5348833333334,0.0,1485.8682166666667,0.0,833.3333333333333,0.0,53.01020000000017,1950.0,2700.0,623.1731300700001,0.0,0.0
2025-01-09,3,q4_warmup,0.438,627.2983333333333,0.0,626.1716666666667,0.0,1459.505,1.1266666666664378,833.3333333333333,0.0,0.0,2700.0,3450.0,639.26319,2.4673999999994987,1.1368683772161605e-13
2025-01-09,4,q4_warmup,0.4088,633.51145,0.0,566.1060166666667,0.0,1399.43935,67.40543333333312,833.3333333333333,0.0,0.0,3450.0,4200.0,572.09080628,137.7767057333329,0.0
2025-01-09,5,q4_warmup,0.4364,642.20275,0.0,567.17295,0.0,1400.5062833333334,75.02979999999991,833.3333333333333,0.0,0.0,4200.0,4950.0,611.1809420466667,163.7150235999998,1.1368683772161605e-13
2025-01-09,6,q4_warmup,0.5088,659.1383333333333,0.0,619.8166666666667,0.0,619.8166666666667,39.3216666666666,0.0,-0.0,0.0,4950.0,4950.0,315.36272,100.03431999999984,0.0
2025-01-09,7,q4_warmup,0.5012,662.83455,0.0,621.4441333333333,0.0,621.4441333333333,41.39041666666674,0.0,-0.0,0.0,4950.0,4950.0,311.46779962666665,103.72438416666684,0.0
2025-01-09,8,q4_warmup,0.478,664.9293333333334,0.0,597.452,0.0,597.452,67.47733333333338,0.0,-0.0,0.0,4950.0,4950.0,285.582056,161.27082666666675,0.0
2025-01-09,9,q4_warmup,0.4707,661.2866666666666,0.0,602.7116666666667,0.0,1269.3783333333336,58.5749999999997,666.6666666666666,0.0,0.0,4950.0,5550.0,597.4963815000001,137.8562624999993,1.1368683772161605e-13
2025-01-09,10,q4_warmup,0.4535,640.2898166666666,0.0,655.6580666666667,0.0,1488.9914,0.0,833.3333333333333,0.0,15.368250000000216,5550.0,6300.0,675.2575999000001,0.0,0.0
2025-01-09,11,q4_warmup,0.4965,654.3395833333333,0.0,651.8044166666667,0.0,651.8044166666667,2.535166666666555,0.0,-0.0,0.0,6300.0,6300.0,323.62089287500004,6.293551249999723,0.0
2025-01-09,12,q4_warmup,0.5399,684.5016666666667,0.0,620.58,0.0,620.58,63.921666666666624,0.0,-0.0,0.0,6300.0,6300.0,335.051142,172.55653916666657,0.0
2025-01-09,13,q4_warmup,0.4534,661.4266666666666,0.0,684.2158333333333,0.0,1517.549166666667,0.0,833.3333333333333,0.0,22.7891666666668,6300.0,7050.0,688.0567921666667,0.0,0.0
2025-01-09,14,q4_warmup,0.4312,659.6080333333333,0.0,687.6279,0.0,1520.9612333333334,0.0,833.3333333333333,0.0,28.01986666666687,7050.0,7800.0,655.8384838133334,0.0,0.0
2025-01-09,15,q4_warmup,0.4938,678.3316666666666,0.0,629.6633333333333,0.0,629.6633333333333,48.668333333333294,0.0,-0.0,0.0,7800.0,7800.0,310.927754,120.16211499999991,0.0
2025-01-09,16,q4_warmup,0.475,646.8873166666666,0.0,667.8491,0.0,667.8491,0.0,20.96178333333341,0.0,0.0,7800.0,7818.865605,317.2283225,0.0,0.0
2025-01-09,17,q4_warmup,0.4826,657.0931333333333,0.0,699.57645,0.0,699.57645,0.0,42.48331666666672,0.0,0.0,7818.865605,7857.10059,337.61559477,0.0,0.0
2025-01-09,18,q4_warmup,0.5133,705.88,0.0,678.0283333333333,0.0,678.0283333333333,0.0,0.0,27.851666666666688,0.0,7857.10059,7826.154293703704,348.03194349999995,0.0,0.0
2025-01-09,19,q4_warmup,0.4523,694.448,0.0,667.9764666666666,0.0,1501.3098,0.0,806.8618,0.0,0.0,7826.154293703704,8552.329913703703,679.04242254,0.0,0.0
2025-01-09,20,q4_warmup,0.4587,684.30345,0.0,686.3080333333334,0.0,1519.6413666666667,0.0,830.7445403292189,0.0,4.593376337447808,8552.329913703703,9300.0,697.05949489,0.0,0.0
2025-01-09,21,q4_warmup,0.5359,692.5983333333334,0.0,712.835,0.0,712.835,0.0,0.0,0.0,20.23666666666668,9300.0,9300.0,382.0082765,0.0,0.0
2025-01-09,22,q4_warmup,0.5214,672.86195,0.0,717.4963166666666,0.0,717.4963166666666,0.0,0.0,0.0,44.634366666666665,9300.0,9300.0,374.10257951,0.0,0.0
2025-01-09,23,q4_warmup,0.4921,665.6706166666667,0.0,724.3644666666668,0.0,724.3644666666668,0.0,0.0,0.0,58.69385000000011,9300.0,9300.0,356.4597540466667,0.0,0.0
2025-01-09,24,q4_warmup,0.5031,684.3433333333334,0.0,740.1066666666667,0.0,740.1066666666667,0.0,0.0,0.0,55.76333333333332,9300.0,9300.0,372.347664,0.0,0.0
2025-01-09,25,q4_warmup,0.5235,696.5685333333332,0.0,741.6282500000001,0.0,741.6282500000001,0.0,0.0,0.0,45.05971666666687,9300.0,9300.0,388.242388875,0.0,0.0
2025-01-09,26,q4_warmup,0.5153,688.2587833333333,0.0,713.5997333333333,0.0,713.5997333333333,0.0,0.0,0.0,25.34095000000002,9300.0,9300.0,367.71794258666665,0.0,0.0
2025-01-09,27,q4_warmup,0.4959,670.7583333333333,0.0,688.8083333333334,0.0,688.8083333333334,0.0,18.050000000000068,0.0,0.0,9300.0,9316.245,341.5800525,0.0,0.0
2025-01-09,28,q4_warmup,0.5105,670.3511333333333,0.0,715.7632666666667,0.0,715.7632666666667,0.0,0.0,0.0,45.41213333333337,9316.245,9316.245,365.3971476333333,0.0,0.0
2025-01-09,29,q4_warmup,0.4981,691.0580333333334,0.0,726.0193833333333,0.0,726.0193833333333,0.0,34.961349999999925,0.0,0.0,9316.245,9347.710215,361.6302548383333,0.0,0.0
2025-01-09,30,q4_warmup,0.4678,714.8266666666667,0.0,700.7333333333332,0.0,1534.0666666666666,0.0,780.3219833333322,0.0,38.91801666666765,9347.710215,10050.0,717.6363866666667,0.0,0.0
2025-01-09,31,q4_warmup,0.4969,719.9364166666666,0.0,688.2134833333333,0.0,688.2134833333333,31.72293333333323,0.0,-0.0,0.0,10050.0,10050.0,341.9732798683333,78.81562786666642,0.0
2025-01-09,32,q4_warmup,0.543,732.0131,0.0,688.1272666666667,0.0,688.1272666666667,43.88583333333327,0.0,-0.0,0.0,10050.0,10050.0,373.6531058000001,119.15003749999984,0.0
2025-01-09,33,q4_warmup,0.5172,717.7866666666667,0.0,690.0316666666666,0.0,690.0316666666666,27.75500000000011,-0.0,0.0,0.0,10050.0,10050.0,356.884378,71.77443000000028,0.0
2025-01-09,34,q4_warmup,0.4212,643.6599666666667,0.0023,705.6226833333334,0.0023,1538.9537166666669,0.0,833.3333333333333,0.0,61.96271666666689,10050.0,10800.0,648.2073054600002,0.0,1.1368683772161605e-13
2025-01-09,35,q4_warmup,0.6542,742.2176666666666,0.0,815.7728833333334,0.0,815.7728833333334,0.0,0.0,-0.0,73.55521666666687,10800.0,10800.0,533.6786202766667,0.0,0.0
2025-01-09,36,q4_warmup,1.0808,945.8383333333333,0.0,943.6016666666666,0.0,943.6016666666666,2.236666666666679,0.0,-0.0,0.0,10800.0,10800.0,1019.8446813333333,12.086946666666732,0.0
2025-01-09,37,q4_warmup,1.1405,940.9293666666669,0.0320166666666666,920.9554833333332,0.0320166666666666,245.92346666666677,19.973883333333447,0.0,675.0,0.0,10800.0,10050.0,280.4757137333334,113.901069708334,0.0
2025-01-09,38,q4_warmup,1.096,891.9264166666667,0.0,905.84575,0.0,905.84575,0.0,0.0,0.0,13.91933333333327,10050.0,10050.0,992.806942,0.0,0.0
2025-01-09,39,q4_warmup,1.1079,900.0183333333333,0.0,939.4583333333334,0.0,939.4583333333334,0.0,0.0,0.0,39.440000000000055,10050.0,10050.0,1040.8258875,0.0,0.0
2025-01-09,40,q4_warmup,1.0647,898.1990666666667,0.4459666666666667,911.0178666666668,0.446,910.5718666666668,0.0,0.0,0.0,12.81876666666665,10050.0,10050.0,969.48586644,0.0,-3.552713678800501e-15
2025-01-09,41,q4_warmup,1.0185,893.2302833333333,0.0,898.1154166666666,0.0,898.1154166666666,0.0,0.0,0.0,4.885133333333329,10050.0,10050.0,914.730551875,0.0,0.0
2025-01-09,42,q4_warmup,1.0129,898.18,7.0687500000000005,915.05,5.525,909.525,0.0,0.0,0.0,18.413750000000142,10050.0,10050.0,921.2578725,0.0,2.131628207280301e-14
2025-01-09,43,q4_warmup,1.0364,911.7967166666668,40.51305,897.4513166666667,34.80186666666667,862.64945,8.634216666666838,0.0,-0.0,0.0,10050.0,10050.0,894.04988998,44.74251076666756,0.0
2025-01-09,44,q4_warmup,1.0651,931.4382666666668,82.70298333333334,911.3311333333332,74.30951666666667,837.0216166666665,11.713666666666896,0.0,0.0,0.0,10050.0,10050.0,891.5117239116665,62.38113183333455,0.0
2025-01-09,45,q4_warmup,1.0227,934.59,125.275,936.4366666666666,115.26875,821.1679166666667,0.0,11.85291666666663,0.0,0.0,10050.0,10060.667625,839.808428375,0.0,-2.8421709430404014e-14
2025-01-09,46,q4_warmup,0.896,921.2082166666668,173.23815000000002,903.03415,159.60953333333333,1576.7579500000002,0.0,821.4804166666665,0.0,7.307466666666869,10060.667625,10800.0,1412.7751232000005,0.0,1.1368683772161605e-13
2025-01-09,47,q4_warmup,1.097,1047.3628166666667,218.49665,1009.9657333333332,208.5796333333333,801.3861,27.480066666666687,0.0,-0.0,0.0,10800.0,10800.0,879.1205517000001,150.72816566666677,0.0
2025-01-09,48,q4_warmup,1.4817,1224.165,264.075,1208.5516666666667,261.20625,114.0120833333334,12.744583333333026,0.0,833.3333333333334,0.0,10800.0,9874.074074074077,168.93170387500012,94.41824562499772,-2.273736754432321e-13
2025-01-09,49,q4_warmup,1.4693,1196.5498166666666,320.8763833333333,1233.3754833333337,315.2749333333333,84.76721666666674,0.0,0.0,790.9062166666668,0.0,9874.074074074077,8995.28938888889,124.54847144833344,0.0,2.273736754432321e-13
2025-01-09,50,q4_warmup,1.3708,1170.8678166666666,373.73021666666665,1209.5204666666666,370.8334333333333,5.353700000000004,0.0,0.0,791.7839000000001,0.0,8995.28938888889,8115.5295000000015,7.338851960000005,0.0,2.273736754432321e-13
2025-01-09,51,q4_warmup,1.3803,1228.675,417.5375,1215.3866666666663,417.275,0.0,0.0,0.0,811.1374999999999,0.0,8115.5295000000015,7214.265611111113,0.0,0.0,0.0
2025-01-09,52,q4_warmup,1.3732,1241.78525,462.2836333333333,1200.41325,444.4204,0.0,0.0,0.0,779.5016166666667,0.0,7214.265611111113,6348.152703703705,0.0,0.0,0.0
2025-01-09,53,q4_warmup,1.3357,1216.3218833333333,511.07903333333337,1188.2149333333334,486.94801666666666,0.0,0.0,0.0,705.2428499999999,0.0,6348.152703703705,5564.549537037038,0.0,0.0,0.0
2025-01-09,54,q4_warmup,1.2847,1199.0183333333332,560.31875,1197.475,549.525,0.0,0.0,0.0,638.6995833333332,0.0,5564.549537037038,4854.883333333335,0.0,0.0,0.0
2025-01-09,55,q4_warmup,1.2378,1218.1784333333333,603.97195,1214.1881166666667,600.3952,0.0,0.0,0.0,614.2064833333333,0.0,4854.883333333335,4172.431685185187,0.0,0.0,0.0
2025-01-09,56,q4_warmup,1.2154,1214.4677166666668,645.2927666666667,1196.6387666666667,628.4017833333334,568.2369833333333,0.0,0.0,0.937966666666739,0.0,4172.431685185187,4171.389500000002,690.6352295433334,0.0,2.273736754432321e-13
2025-01-09,57,q4_warmup,1.216,1186.6233333333332,683.94375,1156.6816666666666,648.375,508.3066666666666,0.0,0.0,0.0,5.627083333333417,4171.389500000002,4171.389500000002,618.1009066666666,0.0,1.1368683772161605e-13
2025-01-09,58,q4_warmup,1.2289,1191.4271333333334,713.7226333333333,1150.6689,684.1587333333333,197.92933333333184,0.0,0.0,279.77516666666816,0.0,4171.389500000002,3860.528203703704,243.2353577333315,0.0,0.0
2025-01-09,59,q4_warmup,1.2928,1199.18135,729.6684166666668,1171.6042333333332,715.4128333333333,0.0,0.0,0.0,469.5129333333333,0.0,3860.528203703704,3338.847166666667,0.0,0.0,0.0
2025-01-09,60,q4_warmup,1.3774,1190.8516666666667,746.25625,1185.7616666666663,739.94375,0.0,0.0,0.0,444.59541666666667,0.0,3338.847166666667,2844.8522592592594,0.0,0.0,0.0
2025-01-09,61,q4_warmup,1.3949,1180.83955,788.0767500000001,1168.0045833333334,775.2897666666667,0.0,0.0,0.0,392.7627999999999,0.0,2844.8522592592594,2408.4491481481487,0.0,0.0,0.0
2025-01-09,62,q4_warmup,1.3595,1183.6560166666666,844.2055333333333,1165.8362833333333,801.5973333333333,0.0,0.0,0.0,339.4504833333333,0.0,2408.4491481481487,2031.281944444445,0.0,0.0,0.0
2025-01-09,63,q4_warmup,1.3462,1191.125,900.6374999999999,1184.9416666666666,819.9875000000001,0.0,0.0,0.0,290.48750000000007,0.0,2031.281944444445,1708.518055555556,0.0,0.0,0.0
2025-01-09,64,q4_warmup,1.3785,1182.6243833333333,950.6414833333332,1183.3013833333332,852.9138166666667,0.0,0.0,0.0,231.9829000000001,0.0,1708.518055555556,1450.7592777777782,0.0,0.0,0.0
2025-01-09,65,q4_warmup,1.1584,1176.1524333333334,991.84445,1168.4708333333333,886.3496666666666,282.1211666666667,0.0,0.0,0.0,97.81318333333331,1450.7592777777782,1450.7592777777782,326.8091594666667,0.0,1.1368683772161605e-13
2025-01-09,66,q4_warmup,0.7916,1176.9616666666668,1006.8,1161.7083333333333,914.4,1080.6416666666669,0.0,554.7119135802465,0.0,355.76808641975333,1450.7592777777782,1950.0,855.4359433333333,0.0,0.0
2025-01-09,67,q4_warmup,0.7109,1173.9096,982.0886166666666,1174.02045,947.9933166666666,1059.3604666666668,0.0,833.3333333333333,0.0,34.20615000000009,1950.0,2700.0,753.0993557533334,0.0,1.1368683772161605e-13
2025-01-09,68,q4_warmup,0.7271,1179.7797333333333,981.28225,1174.2303166666668,994.0507333333334,1013.5129166666668,18.31789999999978,833.3333333333333,0.0,0.0,2700.0,3450.0,736.9252417083334,66.5947254499992,0.0
2025-01-09,69,q4_warmup,0.7182,1189.015,1007.68125,1152.8916666666669,1036.7375,949.4875,65.17958333333331,833.3333333333333,0.0,0.0,3450.0,4200.0,681.9219225,234.0598837499999,0.0
2025-01-09,70,q4_warmup,0.7514,1179.15095,1006.3747333333334,1134.0515166666669,1049.6528833333334,917.7319666666666,88.37758333333318,833.3333333333333,0.0,0.0,4200.0,4950.0,689.5837997533332,332.03458058333274,0.0
2025-01-09,71,q4_warmup,0.7449,1157.6973833333334,1006.46105,1144.2158333333334,1049.521066666667,928.0281,56.54156666666654,833.3333333333333,0.0,0.0,4950.0,5700.0,691.2881316900001,210.58906504999956,0.0
2025-01-09,72,q4_warmup,0.685,1124.4683333333337,1014.96875,1156.0166666666669,1044.65625,944.69375,0.0,833.3333333333333,0.0,1.860833333333062,5700.0,6450.0,647.11521875,0.0,-1.1368683772161605e-13
2025-01-09,73,q4_warmup,0.6549,1078.7658166666668,1000.4679833333332,1116.1826333333331,1031.4342166666668,918.08175,0.0,833.3333333333333,0.0,6.450583333333157,6450.0,7200.0,601.251738075,0.0,1.1368683772161605e-13
2025-01-09,74,q4_warmup,0.6902,1075.6932333333332,954.4675833333334,1081.727483333333,1034.6995333333332,880.3612833333335,74.19769999999949,833.3333333333333,0.0,0.0,7200.0,7950.0,607.6253577566669,256.05626269999823,0.0
2025-01-09,75,q4_warmup,0.7207,1093.74,897.0,1077.85,1052.71875,858.4645833333335,171.60874999999976,833.3333333333333,0.0,0.0,7950.0,8700.0,618.6954252083335,618.3921306249991,0.0
2025-01-09,76,q4_warmup,0.6738,1065.1094,863.4749,1079.31225,1057.75655,854.8890333333333,180.0788,833.3333333333333,0.0,0.0,8700.0,9450.0,576.02423066,606.6854771999999,0.0
2025-01-09,77,q4_warmup,0.8184,1092.3361333333337,860.7432166666667,1097.6717333333331,1052.9866333333332,878.0184333333335,186.9078166666667,833.3333333333333,0.0,0.0,9450.0,10200.0,718.5702858400001,764.8267858000002,0.0
2025-01-09,78,q4_warmup,1.0838,1151.8033333333333,869.0749999999999,1122.9016666666666,1033.3375,89.56416666666678,193.16416666666657,0.0,-0.0,0.0,10200.0,10200.0,97.06964383333346,1046.7566191666665,0.0
2025-01-09,79,q4_warmup,1.111,1113.5318,861.4600999999999,1126.4687333333334,986.5188166666668,139.9499166666667,112.12178333333338,0.0,-0.0,0.0,10200.0,10200.0,155.48435741666668,622.8365064166669,0.0
2025-01-09,80,q4_warmup,1.0817,1094.2901833333333,856.8589333333333,1130.1795166666668,936.2877666666668,193.8917500000001,43.53949999999986,0.0,-0.0,0.0,10200.0,10200.0,209.73270597500016,235.4833857499993,0.0
2025-01-09,81,q4_warmup,1.1059,1121.305,847.43125,1136.8483333333334,905.19375,231.6545833333333,42.21916666666675,0.0,-0.0,0.0,10200.0,10200.0,256.18680370833334,233.45088208333385,0.0
2025-01-09,82,q4_warmup,1.1228,1105.8807333333332,803.1166333333334,1123.7989833333334,894.2333166666667,229.56566666666663,73.19843333333313,0.0,-0.0,0.0,10200.0,10200.0,257.7563305333333,410.9360047333322,0.0
2025-01-09,83,q4_warmup,1.2281,1104.10255,757.7833833333334,1094.3851,861.9684333333333,0.0,0.0,0.0,346.31916666666666,0.0,10200.0,9815.200925925928,0.0,0.0,0.0
2025-01-09,84,q4_warmup,1.3751,1121.0316666666663,734.2312499999999,1065.6666666666667,806.0625,0.0,0.0,0.0,386.8004166666664,0.0,9815.200925925928,9385.422685185184,0.0,0.0,0.0
2025-01-09,85,q4_warmup,1.3988,1099.1528166666667,721.9807999999999,1056.8727666666666,761.8072333333333,0.0,0.0,0.0,377.1720166666668,0.0,9385.422685185184,8966.342666666667,0.0,0.0,0.0
2025-01-09,86,q4_warmup,1.3888,1083.6322833333334,688.9949833333334,1068.354383333333,717.4596,0.0,0.0,0.0,394.6373,0.0,8966.342666666667,8527.856777777779,0.0,0.0,0.0
2025-01-09,87,q4_warmup,1.4274,1086.7216666666666,635.99375,1091.98,667.96875,0.0,0.0,0.0,450.7279166666666,0.0,8527.856777777779,8027.047981481483,0.0,0.0,0.0
2025-01-09,88,q4_warmup,1.4683,1075.593,592.8049333333333,1114.0574333333334,624.4406666666666,0.0,0.0,0.0,482.78806666666674,0.0,8027.047981481483,7490.616796296297,0.0,0.0,0.0
2025-01-09,89,q4_warmup,1.2633,1073.9688166666667,554.4557833333333,1114.4632166666668,586.5727499999999,0.0,0.0,0.0,519.5130333333334,0.0,7490.616796296297,6913.380092592593,0.0,0.0,0.0
2025-01-09,90,q4_warmup,0.9262,1088.996666666667,510.1875,1095.6416666666669,549.80625,1379.16875,32.97375000000022,833.3333333333334,0.0,0.0,6913.380092592593,7663.380092592593,1277.38609625,152.70143625000105,1.1368683772161605e-13
2025-01-09,91,q4_warmup,0.8545,1097.4280666666666,457.33023333333335,1078.7497833333334,509.5048833333333,1402.5782333333336,70.852933333333,833.3333333333334,0.0,0.0,7663.380092592593,8413.380092592593,1198.5031003833335,302.71915766666524,1.1368683772161605e-13
2025-01-09,92,q4_warmup,0.9375,1081.2755,411.43745,1063.41825,465.36465,1431.3869333333332,71.7844500000001,833.3333333333334,0.0,0.0,8413.380092592593,9163.380092592592,1341.9252499999998,336.4896093750005,-1.1368683772161605e-13
2025-01-09,93,q4_warmup,0.9967,1055.5216666666668,374.09375,1047.3333333333333,415.025,632.3083333333332,200.91948045267424,151.79989711934064,0.0,0.0,9163.380092592592,9300.0,630.2217158333332,1001.282230835902,-5.684341886080803e-14
2025-01-09,94,q4_warmup,0.9663,1055.4207166666667,333.4660166666667,1038.7557166666668,357.16395000000006,1514.9251,40.36293333333344,833.3333333333334,0.0,0.0,9300.0,10050.0,1463.87212413,195.0135124000005,-1.1368683772161605e-13
2025-01-09,95,q4_warmup,0.9681,1071.9044,297.34175,1069.7995666666668,306.45861666666667,1281.2417318930045,326.6542514403289,833.3333333333333,0.0,0.0,10050.0,10800.0,1240.3701206456174,1581.169904096912,0.0
2025-01-09,96,q4_warmup,1.0122,1080.67,263.575,1095.815,264.175,831.6400000000001,0.0,0.0,-0.0,14.545000000000016,10800.0,10800.0,841.786008,0.0,5.684341886080803e-14
2025-01-09,97,q4_warmup,1.001,1065.9254666666668,220.22831666666664,1037.4018666666666,218.2323,819.1695666666666,26.52758333333358,0.0,-0.0,0.0,10800.0,10800.0,819.9887362333332,132.77055458333456,0.0
2025-01-09,98,q4_warmup,1.0308,1059.2460166666667,175.88559999999998,1001.92515,172.69129999999998,829.2338500000001,54.12656666666666,0.0,-0.0,0.0,10800.0,10800.0,854.77425258,278.9683246,0.0
2025-01-09,99,q4_warmup,1.1035,1060.52,133.525,1031.0233333333333,130.08124999999998,900.9420833333334,26.05291666666662,0.0,-0.0,0.0,10800.0,10800.0,994.1895889583332,143.74696770833307,0.0
2025-01-09,100,q4_warmup,1.1117,1042.2201,87.42005,1058.2079666666666,87.23025,970.9777166666668,0.0,0.0,-0.0,16.177666666666653,10800.0,10800.0,1079.4359276183332,0.0,5.684341886080803e-14
2025-01-09,101,q4_warmup,1.0904,1039.1637166666667,40.95358333333333,1041.3350833333334,41.834966666666666,999.5001166666668,0.0,0.0,-0.0,1.2899833333333532,10800.0,10800.0,1089.8549272133334,0.0,-1.4210854715202004e-14
2025-01-09,102,q4_warmup,1.0938,1050.48,7.243749999999999,1026.2716666666668,6.4,1019.8716666666668,23.36458333333324,0.0,-0.0,0.0,10800.0,10800.0,1115.5356290000002,127.78090624999948,0.0
2025-01-09,103,q4_warmup,1.1348,1040.6582166666667,0.0,1086.1207,0.0,1086.1207,0.0,0.0,-0.0,45.46248333333324,10800.0,10800.0,1232.52977036,0.0,0.0
2025-01-09,104,q4_warmup,1.1374,1040.8204666666668,0.40865,1088.5671666666667,0.5872499999999999,1087.979916666667,0.0,0.0,-0.0,47.56809999999988,10800.0,10800.0,1237.4683572166666,0.0,7.815970093361102e-14
2025-01-09,105,q4_warmup,1.0995,1057.8983333333333,0.0,1039.1533333333334,0.0,1039.1533333333334,18.74499999999989,0.0,-0.0,0.0,10800.0,10800.0,1142.54909,103.0506374999994,0.0
2025-01-09,106,q4_warmup,1.1025,1043.88335,0.0,1050.8732666666667,0.0,1050.8732666666667,0.0,0.0,-0.0,6.989916666666659,10800.0,10800.0,1158.5877765,0.0,0.0
2025-01-09,107,q4_warmup,1.1726,905.0344333333334,0.0293333333333333,921.03655,0.0421666666666666,920.9943833333332,0.0,0.0,-0.0,15.989283333333267,10800.0,10800.0,1079.958013896667,0.0,-4.973799150320701e-14
2025-01-09,108,q4_warmup,1.2522,726.7866666666667,0.0,704.9683333333334,0.0,704.9683333333334,21.818333333333385,0.0,-0.0,0.0,10800.0,10800.0,882.761347,136.60458500000033,0.0
2025-01-09,109,q4_warmup,1.2547,708.2613500000001,0.0,688.5141,0.0,688.5141,19.74725000000012,0.0,-0.0,0.0,10800.0,10800.0,863.8786412699999,123.88437287500076,0.0
2025-01-09,110,q4_warmup,1.2508,746.7409666666667,0.0021,730.1875666666666,0.0030333333333333,730.1845333333333,16.554333333333417,0.0,-0.0,0.0,10800.0,10800.0,913.3148142933333,103.5308006666672,0.0
2025-01-09,111,q4_warmup,1.2576,753.7033333333334,0.0,730.1350000000001,0.0,730.1350000000001,23.56833333333327,0.0,-0.0,0.0,10800.0,10800.0,918.2177760000002,148.19767999999962,0.0
2025-01-09,112,q4_warmup,1.2454,738.3958666666667,0.0,728.8338,0.0,728.8338,9.562066666666738,0.0,-0.0,0.0,10800.0,10800.0,907.68961452,59.542989133333776,0.0
2025-01-09,113,q4_warmup,1.3588,732.5549166666666,0.0,720.3681499999999,0.0002166666666666,119.87870000000088,12.186983333333274,0.0,600.4892333333324,0.0,10800.0,10132.789740740742,162.8911775600012,82.79836476666627,0.0
2025-01-09,114,q4_warmup,1.5205,735.8883333333333,0.0,709.36,0.0,0.0,0.0,0.0,735.8883333333333,0.0,10132.789740740742,9315.136037037038,0.0,0.0,0.0
2025-01-09,115,q4_warmup,1.4967,724.5254333333334,0.0,715.7542666666667,0.0,0.0,0.0,0.0,724.5254333333334,0.0,9315.136037037038,8510.10777777778,0.0,0.0,0.0
2025-01-09,116,q4_warmup,1.488,725.2221333333333,0.0,725.89945,0.0,0.0,0.0,0.0,725.2221333333333,0.0,8510.10777777778,7704.305407407409,0.0,0.0,0.0
2025-01-09,117,q4_warmup,1.5489,740.7199999999999,0.0,725.3383333333333,0.0,0.0,0.0,0.0,740.7199999999999,0.0,7704.305407407409,6881.283185185187,0.0,0.0,0.0
2025-01-09,118,q4_warmup,1.5315,744.2487333333333,0.0,716.5708,0.0,0.0,0.0,0.0,744.2487333333333,0.0,6881.283185185187,6054.34014814815,0.0,0.0,0.0
2025-01-09,119,q4_warmup,1.5064,738.9341666666666,0.0,735.6900666666667,0.0,0.0,0.0,0.0,738.9341666666666,0.0,6054.34014814815,5233.302185185186,0.0,0.0,0.0
2025-01-09,120,q4_warmup,1.5113,727.7816666666666,0.0,763.0566666666667,0.0,0.0,0.0,0.0,727.7816666666666,0.0,5233.302185185186,4424.65588888889,0.0,0.0,0.0
2025-01-09,121,q4_warmup,1.504,712.6180333333333,0.0,741.1062833333334,0.0,0.0,0.0,0.0,712.6180333333333,0.0,4424.65588888889,3632.8580740740754,0.0,0.0,0.0
2025-01-09,122,q4_warmup,1.484,720.4747333333333,0.0,715.34615,0.0,0.0,22.291216666665832,0.0,698.1835166666675,0.0,3632.8580740740754,2857.0986111111115,0.0,165.40082766666046,0.0
2025-01-09,123,q4_warmup,1.5055,737.265,0.0,725.73,0.0,0.0,11.534999999999854,0.0,725.7300000000001,0.0,2857.0986111111115,2050.7319444444447,0.0,86.8297124999989,0.0
2025-01-09,124,q4_warmup,1.5726,724.8512000000001,0.0,765.65875,0.0,0.0,0.0,0.0,724.8512000000001,0.0,2050.7319444444447,1245.3417222222224,0.0,0.0,0.0
2025-01-09,125,q4_warmup,1.3417,735.8116833333333,0.0,773.9436999999999,0.0,773.9436999999999,0.0,0.0,0.0,38.13201666666657,1245.3417222222224,1245.3417222222224,1038.4002622899998,0.0,0.0
2025-01-09,126,q4_warmup,0.9515,775.1783333333333,0.0,756.2033333333334,0.0,756.2033333333334,0.0,0.0,18.97499999999991,0.0,1245.3417222222224,1224.2583888888892,719.5274716666668,0.0,0.0
2025-01-09,127,q4_warmup,0.9105,786.8982500000001,0.0,767.8431833333334,0.0,767.8431833333334,0.0,0.0,19.05506666666668,0.0,1224.2583888888892,1203.0860925925929,699.121218425,0.0,0.0
2025-01-09,128,q4_warmup,0.9482,756.1267166666667,0.0,748.1819833333334,0.0,748.1819833333334,5.167249999999672,0.0,2.777483333333589,0.0,1203.0860925925929,1200.0,709.4261565966667,24.49793224999845,0.0
2025-01-09,129,q4_warmup,0.9596,737.2800000000001,0.0,724.3933333333333,0.0,724.3933333333333,12.88666666666677,0.0,-0.0,0.0,1200.0,1200.0,695.1278426666667,61.83022666666716,0.0
2025-01-09,130,q4_warmup,1.0638,781.5158833333334,0.0,771.7817333333334,0.0,771.7817333333334,9.73415,0.0,-0.0,0.0,1200.0,1200.0,821.0214079200001,51.77594385,0.0
2025-01-09,131,q4_warmup,0.8397,706.2948333333334,0.0,699.6481666666667,0.0,699.6481666666667,6.646666666666647,0.0,-0.0,0.0,1200.0,1200.0,587.4945655500001,27.90602999999992,0.0
2025-01-09,132,q4_warmup,0.4003,544.4316666666667,0.0,533.8833333333333,0.0,533.8833333333333,10.548333333333405,0.0,-0.0,0.0,1200.0,1200.0,213.7134983333333,21.11248916666681,0.0
2025-01-09,133,q4_warmup,0.3282,521.8748166666667,0.0,506.9141166666666,0.0,1340.24745,14.960699999998608,833.333333333332,0.0,0.0,1200.0,1949.9999999999995,439.86921309,24.550508699997717,-1.1368683772161605e-13
2025-01-09,134,q4_warmup,0.401,544.5650666666667,0.0,542.7825166666667,0.0,542.7825166666667,1.78255000000079,0.0,-8.185452315956353e-13,0.0,1949.9999999999995,1950.0,217.65578918333333,3.574012750001584,0.0
2025-01-09,135,q4_warmup,0.4273,552.1366666666667,0.0,553.7533333333333,0.0,553.7533333333333,0.0,0.0,0.0,1.6166666666666742,1950.0,1950.0,236.61879933333333,0.0,0.0
2025-01-09,136,q4_warmup,0.4395,584.8221333333333,0.0,537.2946833333333,0.0,384.75174313984735,47.51892352681859,0.0,152.5514666666675,0.0,1950.0,1780.4983703703697,169.0983911099629,104.42283445018384,1.1368683772161605e-13
2025-01-09,137,q4_warmup,0.413,618.6851166666667,0.0,553.9089166666666,0.0,553.9089166666666,64.77620000000022,0.0,0.0,0.0,1780.4983703703697,1780.49837037037,228.7643825833333,133.76285300000043,2.273736754432321e-13
2025-01-09,138,q4_warmup,0.364,618.87,0.0,588.045,0.0,588.045,30.825000000000266,0.0,0.0,0.0,1780.49837037037,1780.49837037037,214.04838,56.10150000000047,2.273736754432321e-13
2025-01-09,139,q4_warmup,0.3559,577.9995666666667,0.0,568.9827666666666,0.0,1402.3055734899,9.027326510100568,833.3333333333337,0.0,0.0,1780.49837037037,2530.4983703703706,499.08055360505546,16.064127524723958,1.1368683772161605e-13
2025-01-09,140,q4_warmup,0.4074,569.48735,0.0,565.6843,0.0,565.6843,3.8030499999995753,0.0,4.092726157978177e-13,0.0,2530.4983703703706,2530.49837037037,230.45978382,7.746812849999134,0.0
2025-01-09,141,q4_warmup,0.4773,607.2316666666667,0.0,594.7416666666667,0.0,0.0,12.490000000000236,0.0,594.7416666666664,0.0,2530.49837037037,1869.674296296296,0.0,29.80738500000056,0.0
2025-01-09,142,q4_warmup,0.4872,624.5394833333334,0.0,602.7068666666667,0.0,0.0,21.83261666666681,0.0,602.7068666666665,0.0,1869.674296296296,1200.0,0.0,53.184254200000346,0.0
2025-01-09,143,q4_warmup,0.405,555.9524166666666,0.0,607.5747,0.0,607.5747,0.0,-0.0,0.0,51.62228333333337,1200.0,1200.0,246.0677535,0.0,0.0
2025-01-09,144,q4_warmup,0.307,451.63000000000005,0.0,610.64,0.0,610.64,0.0,-0.0,0.0,159.00999999999993,1200.0,1200.0,187.46648,0.0,0.0
2025-01-10,1,q4_warmup,0.312,431.89035,0.0,593.6329,0.0,1426.966233333333,0.0,833.3333333333334,0.0,161.74254999999994,1200.0,1950.0,445.2134648,0.0,0.0
2025-01-10,2,q4_warmup,0.331,442.5772166666666,0.0,599.5246833333333,0.0,1432.8580166666666,0.0,833.3333333333333,0.0,156.94746666666674,1950.0,2700.0,474.27600351666666,0.0,0.0
2025-01-10,3,q4_warmup,0.3329,444.43,0.0,627.2983333333333,0.0,1460.631666666667,0.0,833.3333333333333,0.0,182.8683333333333,2700.0,3450.0,486.2442818333333,0.0,0.0
2025-01-10,4,q4_warmup,0.3649,450.3699,0.0,633.51145,0.0,633.51145,0.0,183.14155,0.0,0.0,3450.0,3614.827395,231.168328105,0.0,0.0
2025-01-10,5,q4_warmup,0.349,444.6617166666667,0.0,642.20275,0.0,1475.5360833333334,0.0,650.1917833333335,0.0,380.6825833333331,3614.827395,4200.0,514.9620930833333,0.0,0.0
2025-01-10,6,q4_warmup,0.2986,442.50500000000005,0.0,659.1383333333333,0.0,1492.4716666666668,0.0,833.3333333333333,0.0,216.63333333333344,4200.0,4950.0,445.65203966666667,0.0,0.0
2025-01-10,7,q4_warmup,0.3166,474.3875166666666,0.0,662.83455,0.0,1496.1678833333335,0.0,833.3333333333333,0.0,188.4470333333336,4950.0,5700.0,473.68675186333337,0.0,0.0
2025-01-10,8,q4_warmup,0.3703,480.7295166666667,0.0,664.9293333333334,0.0,664.9293333333334,0.0,184.19981666666664,0.0,0.0,5700.0,5865.779835,246.22333213333337,0.0,0.0
2025-01-10,9,q4_warmup,0.3915,465.50500000000005,0.0,661.2866666666666,0.0,661.2866666666666,0.0,195.78166666666655,0.0,0.0,5865.779835,6041.983335,258.89373,0.0,0.0
2025-01-10,10,q4_warmup,0.3489,491.04435,0.0,640.2898166666666,0.0,1473.62315,0.0,453.3518500000001,0.0,529.2269499999998,6041.983335,6450.0,514.147117035,0.0,0.0
2025-01-10,11,q4_warmup,0.353,509.29108333333335,0.0,654.3395833333333,0.0,1487.6729166666669,0.0,833.3333333333333,0.0,145.0485000000001,6450.0,7200.0,525.1485395833333,0.0,0.0
2025-01-10,12,q4_warmup,0.3932,493.0966666666666,0.0,684.5016666666667,0.0,684.5016666666667,0.0,191.4050000000001,0.0,0.0,7200.0,7372.2645,269.1460553333333,0.0,0.0
2025-01-10,13,q4_warmup,0.355,469.2202666666667,0.0,661.4266666666666,0.0,1328.0933333333332,0.0,475.2616666666664,0.0,383.6114000000001,7372.2645,7800.0,471.4731333333333,0.0,0.0
2025-01-10,14,q4_warmup,0.3268,479.66675,0.0,659.6080333333333,0.0,1492.941366666667,0.0,833.3333333333333,0.0,179.94128333333344,7800.0,8550.0,487.8932386266666,0.0,0.0
2025-01-10,15,q4_warmup,0.3368,511.3616666666667,0.0,678.3316666666666,0.0,1511.665,0.0,833.3333333333333,0.0,166.97000000000003,8550.0,9300.0,509.128772,0.0,0.0
2025-01-10,16,q4_warmup,0.3283,511.3307833333333,0.0,646.8873166666666,0.0,1480.22065,0.0,833.3333333333333,0.0,135.5565333333334,9300.0,10050.0,485.956439395,0.0,0.0
2025-01-10,17,q4_warmup,0.3515,500.0067333333333,0.0,657.0931333333333,0.0,1490.4264666666668,0.0,833.3333333333333,0.0,157.08640000000025,10050.0,10800.0,523.8849030333333,0.0,0.0
2025-01-10,18,q4_warmup,0.4102,508.1033333333333,0.0,705.88,0.0,705.88,0.0,0.0,-0.0,197.7766666666667,10800.0,10800.0,289.551976,0.0,0.0
2025-01-10,19,q4_warmup,0.4485,541.6630166666666,0.0,694.448,0.0,28.75144999999964,0.0,0.0,512.911566666667,0.0,10800.0,10230.09825925926,12.895025324999835,0.0,0.0
2025-01-10,20,q4_warmup,0.4661,545.4906833333333,0.0,684.30345,0.0,0.0,0.0,0.0,545.4906833333333,0.0,10230.09825925926,9623.9975,0.0,0.0,0.0
2025-01-10,21,q4_warmup,0.4455,508.355,0.0,692.5983333333334,0.0,692.5983333333334,0.0,0.0,0.0,184.2433333333333,9623.9975,9623.9975,308.55255750000003,0.0,0.0
2025-01-10,22,q4_warmup,0.3723,478.1484,0.0,672.86195,0.0,672.86195,0.0,0.0,0.0,194.71355,9623.9975,9623.9975,250.506503985,0.0,0.0
2025-01-10,23,q4_warmup,0.3669,499.49885,0.0,665.6706166666667,0.0,665.6706166666667,0.0,0.0,0.0,166.17176666666666,9623.9975,9623.9975,244.234549255,0.0,0.0
2025-01-10,24,q4_warmup,0.4189,546.195,0.0,684.3433333333334,0.0,684.3433333333334,0.0,138.1483333333333,0.0,0.0,9623.9975,9748.331,286.67142233333334,0.0,0.0
2025-01-10,25,q4_warmup,0.3989,544.99455,0.0,696.5685333333332,0.0,696.5685333333332,0.0,151.57398333333322,0.0,0.0,9748.331,9884.747585,277.86118794666663,0.0,0.0
2025-01-10,26,q4_warmup,0.3598,512.7320333333333,0.0,688.2587833333333,0.0,1521.5921166666667,0.0,183.61379444444535,0.0,825.246288888888,9884.747585,10050.0,547.4688435766667,0.0,0.0
2025-01-10,27,q4_warmup,0.3704,505.6516666666666,0.0,670.7583333333333,0.0,670.7583333333333,0.0,-0.0,0.0,165.10666666666674,10050.0,10050.0,248.44888666666668,0.0,0.0
2025-01-10,28,q4_warmup,0.4355,561.8098166666667,0.0,670.3511333333333,0.0,670.3511333333333,0.0,0.0,0.0,108.5413166666666,10050.0,10050.0,291.93791856666667,0.0,0.0
2025-01-10,29,q4_warmup,0.4338,586.9613499999999,0.0,691.0580333333334,0.0,691.0580333333334,0.0,0.0,0.0,104.09668333333344,10050.0,10050.0,299.78097486,0.0,0.0
2025-01-10,30,q4_warmup,0.3701,566.5133333333333,0.0,714.8266666666667,0.0,714.8266666666667,0.0,0.0,0.0,148.3133333333334,10050.0,10050.0,264.5573493333333,0.0,0.0
2025-01-10,31,q4_warmup,0.367,573.4412666666666,0.0,719.9364166666666,0.0,719.9364166666666,0.0,0.0,0.0,146.49514999999997,10050.0,10050.0,264.2166649166666,0.0,0.0
2025-01-10,32,q4_warmup,0.3925,580.8068666666667,0.0,732.0131,0.0,732.0131,0.0,151.20623333333333,0.0,0.0,10050.0,10186.08561,287.31514175,0.0,0.0
2025-01-10,33,q4_warmup,0.3826,568.0233333333333,0.0,717.7866666666667,0.0,717.7866666666667,0.0,0.0,0.0,149.76333333333343,10186.08561,10186.08561,274.62517866666667,0.0,0.0
2025-01-10,34,q4_warmup,0.3435,550.0466666666667,0.0017666666666666,643.6599666666667,0.0023,1476.991,0.0,682.1270999999999,0.0,244.819,10186.08561,10800.0,507.34640850000005,0.0,1.1368683772161605e-13
2025-01-10,35,q4_warmup,0.509,552.3874833333333,0.0,742.2176666666666,0.0,742.2176666666666,0.0,0.0,-0.0,189.83018333333325,10800.0,10800.0,377.7887923333333,0.0,0.0
2025-01-10,36,q4_warmup,0.7997,572.4733333333334,0.0,945.8383333333333,0.0,945.8383333333333,0.0,0.0,-0.0,373.3649999999999,10800.0,10800.0,756.3869151666665,0.0,0.0
2025-01-10,37,q4_warmup,0.8764,582.7121166666667,0.0245666666666666,940.9293666666669,0.0320166666666666,940.89735,0.0,0.0,-0.0,358.20980000000003,10800.0,10800.0,824.60243754,0.0,5.684341886080803e-14
2025-01-10,38,q4_warmup,0.8415,577.2782333333333,0.0,891.9264166666667,0.0,891.9264166666667,0.0,0.0,-0.0,314.6481833333333,10800.0,10800.0,750.556079625,0.0,0.0
2025-01-10,39,q4_warmup,0.8322,564.99,0.0,900.0183333333333,0.0,900.0183333333333,0.0,0.0,-0.0,335.0283333333333,10800.0,10800.0,748.995257,0.0,0.0
2025-01-10,40,q4_warmup,0.8801,562.3919999999999,0.3421166666666667,898.1990666666667,0.4459666666666667,897.7531,0.0,0.0,-0.0,335.7032166666667,10800.0,10800.0,790.11250331,0.0,5.684341886080803e-14
2025-01-10,41,q4_warmup,0.9142,580.9321833333333,0.0,893.2302833333333,0.0,218.2309572132418,0.0,0.0,362.7012261200915,0.0,10800.0,10396.998637644345,199.5067410843457,0.0,0.0
2025-01-10,42,q4_warmup,0.9027,618.6850000000001,9.2125,898.18,7.0687500000000005,891.1112499999999,0.0,0.0,0.0,281.63874999999985,10396.998637644345,10396.998637644345,804.4061253749999,0.0,0.0
2025-01-10,43,q4_warmup,0.8745,659.9798166666667,46.96545,911.7967166666668,40.51305,871.2836666666667,0.0,0.0,0.0,258.2693,10396.998637644345,10396.998637644345,761.9375665000001,0.0,5.684341886080803e-14
2025-01-10,44,q4_warmup,0.8486,682.7775166666667,98.23768333333334,931.4382666666668,82.70298333333334,848.7352833333333,0.0,0.0,0.0,264.19545,10396.998637644345,10396.998637644345,720.2367614366667,0.0,5.684341886080803e-14
2025-01-10,45,q4_warmup,0.8038,677.335,151.48125000000002,934.59,125.275,809.315,0.0,0.0,0.0,283.46125000000006,10396.998637644345,10396.998637644345,650.5273970000001,0.0,0.0
2025-01-10,46,q4_warmup,0.7393,652.8473833333334,205.555,921.2082166666668,173.23815000000002,1581.3025680494957,0.0,447.7792915062855,0.0,686.2308932098767,10396.998637644345,10800.0,1169.056988558992,0.0,0.0
2025-01-10,47,q4_warmup,0.8665,638.0857833333333,256.79285,1047.3628166666667,218.49665,828.8661666666667,0.0,0.0,-0.0,447.57323333333335,10800.0,10800.0,718.2125334166667,0.0,5.684341886080803e-14
2025-01-10,48,q4_warmup,1.0831,640.3466666666667,304.48125,1224.165,264.075,126.75666666666656,0.0,0.0,209.10875000000016,0.0,10800.0,10567.656944444445,137.29014566666652,0.0,0.0
2025-01-10,49,q4_warmup,1.0606,646.0638166666666,350.64553333333333,1196.5498166666666,320.8763833333333,42.34010000000001,0.0,0.0,253.0781833333333,0.0,10567.656944444445,10286.458962962965,44.90591006,0.0,0.0
2025-01-10,50,q4_warmup,1.0202,662.0704666666667,393.6407166666667,1170.8678166666666,373.73021666666665,0.0,0.0,0.0,268.42975,0.0,10286.458962962965,9988.203685185184,0.0,0.0,0.0
2025-01-10,51,q4_warmup,1.0493,677.3783333333333,435.325,1228.675,417.5375,0.0,0.0,0.0,242.0533333333333,0.0,9988.203685185184,9719.255537037036,0.0,0.0,0.0
2025-01-10,52,q4_warmup,1.0154,675.0169,479.9655666666667,1241.78525,462.2836333333333,0.0,0.0,0.0,195.05133333333328,0.0,9719.255537037036,9502.531833333333,0.0,0.0,0.0
2025-01-10,53,q4_warmup,1.0028,703.6926833333333,523.7297833333333,1216.3218833333333,511.07903333333337,0.0,0.0,0.0,179.9629,0.0,9502.531833333333,9302.573055555556,0.0,0.0,0.0
2025-01-10,54,q4_warmup,1.0292,755.2583333333333,563.2125,1199.0183333333332,560.31875,0.0,0.0,0.0,192.04583333333332,0.0,9302.573055555556,9089.188796296296,0.0,0.0,0.0
2025-01-10,55,q4_warmup,1.0149,769.4231,599.2222833333334,1218.1784333333333,603.97195,0.0,0.0,0.0,170.20081666666658,0.0,9089.188796296296,8900.076777777776,0.0,0.0,0.0
2025-01-10,56,q4_warmup,0.9821,770.0717333333333,639.0937166666666,1214.4677166666668,645.2927666666667,569.1749500000001,0.0,0.0,0.0,438.1969333333334,8900.076777777776,8900.076777777776,558.986718395,0.0,1.1368683772161605e-13
2025-01-10,57,q4_warmup,0.9641,771.91,684.4187499999999,1186.6233333333332,683.94375,502.6795833333332,0.0,0.0,0.0,415.1883333333332,8900.076777777776,8900.076777777776,484.6333862916665,0.0,0.0
2025-01-10,58,q4_warmup,0.9838,764.4136666666667,729.2405833333333,1191.4271333333334,713.7226333333333,19.088833333332445,0.0,0.0,16.084250000000907,0.0,8900.076777777776,8882.205388888886,18.77959423333246,0.0,0.0
2025-01-10,59,q4_warmup,1.0824,759.5386666666667,766.9171833333334,1199.18135,729.6684166666668,0.0,0.0,0.0,0.0,7.378516666666655,8882.205388888886,8882.205388888886,0.0,0.0,0.0
2025-01-10,60,q4_warmup,1.18,758.7533333333334,793.5187500000001,1190.8516666666667,746.25625,0.0,0.0,0.0,0.0,34.765416666666624,8882.205388888886,8882.205388888886,0.0,0.0,0.0
2025-01-10,61,q4_warmup,1.142,752.6044166666667,809.1539833333333,1180.83955,788.0767500000001,0.0,0.0,0.0,0.0,56.54956666666658,8882.205388888886,8882.205388888886,0.0,0.0,0.0
2025-01-10,62,q4_warmup,1.1127,752.6700833333333,819.19475,1183.6560166666666,844.2055333333333,0.0,0.0,0.0,0.0,66.52466666666669,8882.205388888886,8882.205388888886,0.0,0.0,0.0
2025-01-10,63,q4_warmup,1.1577,751.4616666666667,837.5875,1191.125,900.6374999999999,0.0,0.0,0.0,0.0,86.12583333333328,8882.205388888886,8882.205388888886,0.0,0.0,0.0
2025-01-10,64,q4_warmup,1.1608,729.2148833333334,876.0233499999999,1182.6243833333333,950.6414833333332,0.0,0.0,0.0,0.0,146.8084666666665,8882.205388888886,8882.205388888886,0.0,0.0,0.0
2025-01-10,65,q4_warmup,0.8933,713.8183333333333,909.2961166666668,1176.1524333333334,991.84445,184.30798333333337,0.0,0.0,0.0,379.78576666666686,8882.205388888886,8882.205388888886,164.6423215116667,0.0,-1.1368683772161605e-13
2025-01-10,66,q4_warmup,0.5201,716.5466666666666,932.075,1176.9616666666668,1006.8,1003.495,0.0,0.0,0.0,1219.0233333333335,8882.205388888886,8882.205388888886,521.9177495,0.0,0.0
2025-01-10,67,q4_warmup,0.4627,720.7586833333334,956.381,1173.9096,982.0886166666666,1025.1543166666668,0.0,0.0,0.0,1260.7766333333334,8882.205388888886,8882.205388888886,474.3389023216667,0.0,0.0
2025-01-10,68,q4_warmup,0.5007,714.0214500000001,949.3863,1179.7797333333333,981.28225,1031.8308166666666,0.0,0.0,0.0,1267.1956666666665,8882.205388888886,8882.205388888886,516.637689905,0.0,0.0
2025-01-10,69,q4_warmup,0.4731,700.8716666666666,922.76875,1189.015,1007.68125,1014.6670833333336,0.0,0.0,0.0,1236.564166666667,8882.205388888886,8882.205388888886,480.0389971250001,0.0,0.0
2025-01-10,70,q4_warmup,0.4372,696.4780666666667,926.44135,1179.15095,1006.3747333333334,1006.10955,0.0,0.0,0.0,1236.0728333333332,8882.205388888886,8882.205388888886,439.87109526,0.0,0.0
2025-01-10,71,q4_warmup,0.4253,696.2294833333334,939.7617666666666,1157.6973833333334,1006.46105,984.5696666666668,0.0,0.0,0.0,1228.10195,8882.205388888886,8882.205388888886,418.7374792333334,0.0,-2.273736754432321e-13
2025-01-10,72,q4_warmup,0.4394,692.5916666666667,938.80625,1124.4683333333337,1014.96875,942.8329166666668,0.0,0.0,0.0,1189.0475,8882.205388888886,8882.205388888886,414.2807835833334,0.0,0.0
2025-01-10,73,q4_warmup,0.4634,684.9471833333333,922.0930166666668,1078.7658166666668,1000.4679833333332,911.6311666666668,0.0,0.0,0.0,1148.7770000000005,8882.205388888886,8882.205388888886,422.44988263333335,0.0,2.273736754432321e-13
2025-01-10,74,q4_warmup,0.4937,690.1725,916.49265,1075.6932333333332,954.4675833333334,954.5589833333332,0.0,0.0,0.0,1180.8791333333331,8882.205388888886,8882.205388888886,471.26577007166657,0.0,-2.273736754432321e-13
2025-01-10,75,q4_warmup,0.4898,697.6533333333333,921.15,1093.74,897.0,1030.0733333333333,0.0,0.0,0.0,1253.57,8882.205388888886,8882.205388888886,504.5299186666667,0.0,2.273736754432321e-13
2025-01-10,76,q4_warmup,0.435,683.0025999999999,912.763,1065.1094,863.4749,1034.9678333333334,0.0,630.8829012345712,0.0,633.8453320987622,8882.205388888886,9450.0,450.2110075,0.0,2.273736754432321e-13
2025-01-10,77,q4_warmup,0.5519,690.9398166666666,915.3335333333332,1092.3361333333337,860.7432166666667,1064.92625,0.0,833.3333333333333,0.0,455.9866333333332,9450.0,10200.0,587.7327973749999,0.0,0.0
2025-01-10,78,q4_warmup,0.7835,711.86,930.81875,1151.8033333333333,869.0749999999999,282.7283333333333,0.0,0.0,0.0,501.68708333333336,10200.0,10200.0,221.51764916666667,0.0,0.0
2025-01-10,79,q4_warmup,0.837,687.6421666666666,931.5779333333334,1113.5318,861.4600999999999,252.07170000000008,0.0,0.0,0.0,496.0074666666668,10200.0,10200.0,210.98401290000007,0.0,0.0
2025-01-10,80,q4_warmup,0.8279,653.0483333333333,908.6945166666666,1094.2901833333333,856.8589333333333,237.43125,0.0,0.0,0.0,493.07743333333326,10200.0,10200.0,196.569331875,0.0,0.0
2025-01-10,81,q4_warmup,0.8421,647.355,860.81875,1121.305,847.43125,273.8737500000001,0.0,0.0,0.0,487.3375000000001,10200.0,10200.0,230.62908487500007,0.0,0.0
2025-01-10,82,q4_warmup,0.855,672.2253166666667,796.0541833333333,1105.8807333333332,803.1166333333334,302.76409999999976,0.0,0.0,0.0,426.5929666666664,10200.0,10200.0,258.8633054999998,0.0,0.0
2025-01-10,83,q4_warmup,0.9361,661.0276666666667,748.4467666666666,1104.10255,757.7833833333334,0.0,0.0,0.0,0.0,87.41909999999984,10200.0,10200.0,0.0,0.0,0.0
2025-01-10,84,q4_warmup,1.066,625.155,716.78125,1121.0316666666663,734.2312499999999,0.0,0.0,0.0,0.0,91.62625000000004,10200.0,10200.0,0.0,0.0,0.0
2025-01-10,85,q4_warmup,1.1326,642.4182166666667,671.2728166666667,1099.1528166666667,721.9807999999999,0.0,0.0,0.0,0.0,28.854600000000005,10200.0,10200.0,0.0,0.0,0.0
2025-01-10,86,q4_warmup,1.1123,677.2823333333333,633.3479333333333,1083.6322833333334,688.9949833333334,0.0,0.0,0.0,43.93439999999998,0.0,10200.0,10151.184,0.0,0.0,0.0
2025-01-10,87,q4_warmup,1.1231,676.6316666666667,606.1374999999999,1086.7216666666666,635.99375,0.0,0.0,0.0,70.49416666666673,0.0,10151.184,10072.857148148149,0.0,0.0,0.0
2025-01-10,88,q4_warmup,1.2525,627.2036666666667,570.7039333333333,1075.593,592.8049333333333,0.0,0.0,0.0,56.499733333333324,0.0,10072.857148148149,10010.079666666665,0.0,0.0,0.0
2025-01-10,89,q4_warmup,1.0288,622.1830166666667,544.88685,1073.9688166666667,554.4557833333333,0.0,0.0,0.0,77.29616666666675,0.0,10010.079666666665,9924.195037037034,0.0,0.0,0.0
2025-01-10,90,q4_warmup,0.5878,649.9350000000001,529.30625,1088.996666666667,510.1875,1412.1425,0.0,0.0,0.0,1291.5137499999998,9924.195037037034,9924.195037037034,830.0573615,0.0,2.273736754432321e-13
2025-01-10,91,q4_warmup,0.5724,616.15545,503.0187833333334,1097.4280666666666,457.33023333333335,1473.4311666666667,0.0,0.0,0.0,1360.2945000000002,9924.195037037034,9924.195037037034,843.3919998000001,0.0,0.0
2025-01-10,92,q4_warmup,0.6745,614.9143166666667,466.0722,1081.2755,411.43745,1503.171383333333,0.0,0.0,0.0,1354.3292666666666,9924.195037037034,9924.195037037034,1013.8890980583332,0.0,0.0
2025-01-10,93,q4_warmup,0.6769,648.8133333333334,428.6375,1055.5216666666668,374.09375,1514.76125,0.0,0.0,0.0,1294.5854166666666,9924.195037037034,9924.195037037034,1025.341890125,0.0,2.273736754432321e-13
2025-01-10,94,q4_warmup,0.6817,625.8107333333334,397.23181666666665,1055.4207166666667,333.4660166666667,1555.2880333333333,0.0,821.3167283950659,0.0,505.39238827160057,9924.195037037034,10663.380092592592,1060.2398523233333,0.0,0.0
2025-01-10,95,q4_warmup,0.722,629.7744666666666,347.02406666666667,1071.9044,297.34175,926.3625471193408,0.0,151.79989711934064,0.0,491.8122500000001,10663.380092592592,10800.0,668.8337590201639,0.0,-1.1368683772161605e-13
2025-01-10,96,q4_warmup,0.7796,664.1816666666667,281.55,1080.67,263.575,817.095,0.0,0.0,-0.0,434.4633333333333,10800.0,10800.0,637.007262,0.0,-5.684341886080803e-14
2025-01-10,97,q4_warmup,0.8118,639.1021833333333,230.39991666666663,1065.9254666666668,220.22831666666664,845.6971500000002,0.0,0.0,-0.0,436.9948833333335,10800.0,10800.0,686.5369463700001,0.0,-1.1368683772161605e-13
2025-01-10,98,q4_warmup,0.7968,593.8299833333333,183.02401666666665,1059.2460166666667,175.88559999999998,883.3604166666668,0.0,0.0,-0.0,472.5544500000001,10800.0,10800.0,703.86158,0.0,0.0
2025-01-10,99,q4_warmup,0.7748,583.7516666666667,133.4125,1060.52,133.525,926.995,0.0,0.0,-0.0,476.65583333333336,10800.0,10800.0,718.235726,0.0,0.0
2025-01-10,100,q4_warmup,0.8036,614.2868500000001,87.93736666666666,1042.2201,87.42005,954.80005,0.0,0.0,-0.0,428.45056666666665,10800.0,10800.0,767.2773201800001,0.0,1.1368683772161605e-13
2025-01-10,101,q4_warmup,0.7956,568.9919333333333,43.26338333333334,1039.1637166666667,40.95358333333333,998.2101333333334,0.0,0.0,-0.0,472.4815833333333,10800.0,10800.0,794.17598208,0.0,0.0
2025-01-10,102,q4_warmup,0.7584,474.4333333333333,8.456249999999999,1050.48,7.243749999999999,1043.23625,0.0,0.0,-0.0,577.2591666666666,10800.0,10800.0,791.1903719999999,0.0,0.0
2025-01-10,103,q4_warmup,0.7928,474.0867333333333,0.0,1040.6582166666667,0.0,1040.6582166666667,0.0,0.0,-0.0,566.5714833333334,10800.0,10800.0,825.0338341733333,0.0,0.0
2025-01-10,104,q4_warmup,0.8434,489.8739833333333,0.3374,1040.8204666666668,0.40865,1040.4118166666667,0.0,0.0,-0.0,550.8752333333334,10800.0,10800.0,877.4833261766668,0.0,-1.1368683772161605e-13
2025-01-10,105,q4_warmup,0.8326,476.03,0.0,1057.8983333333333,0.0,1057.8983333333333,0.0,0.0,-0.0,581.8683333333333,10800.0,10800.0,880.8061523333333,0.0,0.0
2025-01-10,106,q4_warmup,0.7666,469.9139333333333,0.0,1043.88335,0.0,1043.88335,0.0,0.0,-0.0,573.9694166666668,10800.0,10800.0,800.24097611,0.0,0.0
2025-01-10,107,q4_warmup,0.8976,481.6966833333333,0.0242166666666666,905.0344333333334,0.0293333333333333,905.0051,0.0,0.0,-0.0,423.3326333333335,10800.0,10800.0,812.33257776,0.0,0.0
2025-01-10,108,q4_warmup,1.1441,485.0533333333333,0.0,726.7866666666667,0.0,726.7866666666667,0.0,0.0,-0.0,241.73333333333343,10800.0,10800.0,831.5166253333333,0.0,0.0
2025-01-10,109,q4_warmup,1.1572,448.6376666666667,0.0,708.2613500000001,0.0,708.2613500000001,0.0,0.0,-0.0,259.6236833333334,10800.0,10800.0,819.6000342200001,0.0,0.0
2025-01-10,110,q4_warmup,1.0898,432.7406333333333,0.0017333333333333,746.7409666666667,0.0021,746.7388666666667,0.0,0.0,-0.0,313.99996666666675,10800.0,10800.0,813.7960168933334,0.0,-5.684341886080803e-14
2025-01-10,111,q4_warmup,1.0796,449.5783333333333,0.0,753.7033333333334,0.0,753.7033333333334,0.0,0.0,-0.0,304.12500000000006,10800.0,10800.0,813.6981186666667,0.0,0.0
2025-01-10,112,q4_warmup,1.1242,454.03856666666667,0.0,738.3958666666667,0.0,738.3958666666667,0.0,0.0,-0.0,284.35730000000007,10800.0,10800.0,830.1046333066668,0.0,0.0
2025-01-10,113,q4_warmup,1.2348,456.2948166666667,0.0,732.5549166666666,0.0,125.08435000000031,0.0,0.0,331.2104666666664,0.0,10800.0,10431.98837037037,154.45415538000037,0.0,0.0
2025-01-10,114,q4_warmup,1.3461,467.475,0.0,735.8883333333333,0.0,0.0,0.0,0.0,467.475,0.0,10431.98837037037,9912.571703703705,0.0,0.0,0.0
2025-01-10,115,q4_warmup,1.3581,483.53746666666666,0.0,724.5254333333334,0.0,0.0,0.0,0.0,483.53746666666666,0.0,9912.571703703705,9375.307851851852,0.0,0.0,0.0
2025-01-10,116,q4_warmup,1.3563,494.6097,0.0,725.2221333333333,0.0,0.0,0.0,0.0,494.6097,0.0,9375.307851851852,8825.741518518518,0.0,0.0,0.0
2025-01-10,117,q4_warmup,1.371,495.09,0.0,740.7199999999999,0.0,0.0,0.0,0.0,495.09,0.0,8825.741518518518,8275.641518518518,0.0,0.0,0.0
2025-01-10,118,q4_warmup,1.3466,484.6943166666667,0.0,744.2487333333333,0.0,0.0,0.0,0.0,484.6943166666667,0.0,8275.641518518518,7737.092277777777,0.0,0.0,0.0
2025-01-10,119,q4_warmup,1.2966,462.9375666666666,0.0,738.9341666666666,0.0,0.0,0.0,0.0,462.9375666666666,0.0,7737.092277777777,7222.717203703703,0.0,0.0,0.0
2025-01-10,120,q4_warmup,1.2834,448.3833333333334,0.0,727.7816666666666,0.0,0.0,0.0,0.0,448.3833333333334,0.0,7222.717203703703,6724.513499999999,0.0,0.0,0.0
2025-01-10,121,q4_warmup,1.3495,462.08560000000006,0.0,712.6180333333333,0.0,0.0,0.0,0.0,462.08560000000006,0.0,6724.513499999999,6211.085055555554,0.0,0.0,0.0
2025-01-10,122,q4_warmup,1.3472,461.1358666666667,0.0,720.4747333333333,0.0,0.0,0.0,0.0,461.1358666666667,0.0,6211.085055555554,5698.711870370369,0.0,0.0,0.0
2025-01-10,123,q4_warmup,1.3228,448.235,0.0,737.265,0.0,0.0,0.0,0.0,448.235,0.0,5698.711870370369,5200.67298148148,0.0,0.0,0.0
2025-01-10,124,q4_warmup,1.4151,466.7966833333333,0.0,724.8512000000001,0.0,0.0,0.0,0.0,466.7966833333333,0.0,5200.67298148148,4682.009999999998,0.0,0.0,0.0
2025-01-10,125,q4_warmup,1.1949,477.62733333333335,0.0,735.8116833333333,0.0,735.8116833333333,0.0,0.0,0.0,258.18435,4682.009999999998,4682.009999999998,879.2213804150001,0.0,0.0
2025-01-10,126,q4_warmup,0.7687,460.78,0.0,775.1783333333333,0.0,775.1783333333333,0.0,0.0,0.0,314.3983333333333,4682.009999999998,4682.009999999998,595.8795848333333,0.0,0.0
2025-01-10,127,q4_warmup,0.7134,442.33865,0.0,786.8982500000001,0.0,786.8982500000001,0.0,0.0,0.0,344.5596000000001,4682.009999999998,4682.009999999998,561.3732115500001,0.0,0.0
2025-01-10,128,q4_warmup,0.7767,467.10475,0.0,756.1267166666667,0.0,756.1267166666667,0.0,0.0,0.0,289.02196666666663,4682.009999999998,4682.009999999998,587.283620835,0.0,0.0
2025-01-10,129,q4_warmup,0.7924,513.695,0.0,737.2800000000001,0.0,737.2800000000001,0.0,0.0,0.0,223.58500000000004,4682.009999999998,4682.009999999998,584.220672,0.0,0.0
2025-01-10,130,q4_warmup,0.8233,512.2294333333333,0.0,781.5158833333334,0.0,781.5158833333334,0.0,0.0,0.0,269.28645000000006,4682.009999999998,4682.009999999998,643.4220267483333,0.0,0.0
2025-01-10,131,q4_warmup,0.6589,479.7482,0.0,706.2948333333334,0.0,706.2948333333334,0.0,0.0,0.0,226.54663333333335,4682.009999999998,4682.009999999998,465.37766568333336,0.0,0.0
2025-01-10,132,q4_warmup,0.3711,438.37,0.0,544.4316666666667,0.0,544.4316666666667,0.0,0.0,0.0,106.06166666666672,4682.009999999998,4682.009999999998,202.0385915,0.0,0.0
2025-01-10,133,q4_warmup,0.2836,398.58505,0.0,521.8748166666667,0.0,1355.20815,0.0,0.0,0.0,956.6231,4682.009999999998,4682.009999999998,384.33703134,0.0,0.0
2025-01-10,134,q4_warmup,0.3136,392.15276666666665,0.0,544.5650666666667,0.0,544.5650666666667,0.0,0.0,0.0,152.41230000000002,4682.009999999998,4682.009999999998,170.77560490666667,0.0,0.0
2025-01-10,135,q4_warmup,0.3412,412.705,0.0,552.1366666666667,0.0,552.1366666666667,0.0,0.0,0.0,139.43166666666667,4682.009999999998,4682.009999999998,188.38903066666663,0.0,0.0
2025-01-10,136,q4_warmup,0.334,419.4448,0.0,584.8221333333333,0.0,584.8221333333333,0.0,0.0,0.0,165.37733333333335,4682.009999999998,4682.009999999998,195.33059253333332,0.0,0.0
2025-01-10,137,q4_warmup,0.3338,409.38703333333336,0.0,618.6851166666667,0.0,618.6851166666667,0.0,0.0,0.0,209.2980833333333,4682.009999999998,4682.009999999998,206.51709194333333,0.0,0.0
2025-01-10,138,q4_warmup,0.3575,411.81,0.0,618.87,0.0,618.87,0.0,0.0,0.0,207.06,4682.009999999998,4682.009999999998,221.246025,0.0,0.0
2025-01-10,139,q4_warmup,0.3792,451.7669666666666,0.0,577.9995666666667,0.0,0.0,0.0,0.0,451.7669666666666,0.0,4682.009999999998,4180.046703703702,0.0,0.0,0.0
2025-01-10,140,q4_warmup,0.3765,452.4115,0.0,569.48735,0.0,472.4869166666668,0.0,0.0,0.0,20.0754166666668,4180.046703703702,4180.046703703702,177.89132412500004,0.0,0.0
2025-01-10,141,q4_warmup,0.3491,409.55,0.0,607.2316666666667,0.0,607.2316666666667,0.0,0.0,0.0,197.68166666666667,4180.046703703702,4180.046703703702,211.9845748333333,0.0,0.0
2025-01-10,142,q4_warmup,0.3172,397.4082166666667,0.0,624.5394833333334,0.0,624.5394833333334,0.0,0.0,0.0,227.13126666666665,4180.046703703702,4180.046703703702,198.1039241133333,0.0,0.0
2025-01-10,143,q4_warmup,0.2955,410.5744666666667,0.0,555.9524166666666,0.0,555.9524166666666,0.0,0.0,0.0,145.37794999999994,4180.046703703702,4180.046703703702,164.283939125,0.0,0.0
2025-01-10,144,q4_warmup,0.293,426.705,0.0,451.63000000000005,0.0,451.63000000000005,0.0,0.0,0.0,24.925000000000068,4180.046703703702,4180.046703703702,132.32759,0.0,0.0
2025-01-11,1,q4_warmup,0.3144,435.7626166666666,0.0,431.89035,0.0,1265.2236833333334,3.872266666666519,833.3333333333333,0.0,0.0,4180.046703703702,4930.046703703702,397.78632604,6.087203199999768,0.0
2025-01-11,2,q4_warmup,0.3628,458.70891666666665,0.0,442.5772166666666,0.0,1131.4142125514418,16.131700000000023,688.8369958847751,0.0,0.0,4930.046703703702,5550.0,410.4770763136631,29.262903800000043,-1.1368683772161605e-13
2025-01-11,3,q4_warmup,0.3827,478.845,0.0,444.43,0.0,444.43,34.41500000000002,0.0,-0.0,0.0,5550.0,5550.0,170.083361,65.85310250000003,0.0
2025-01-11,4,q4_warmup,0.3126,456.7406,0.0,450.3699,0.0,1283.7032333333334,6.370699999999829,833.3333333333333,0.0,0.0,5550.0,6300.0,401.28563074,9.957404099999732,-1.1368683772161605e-13
2025-01-11,5,q4_warmup,0.2945,441.4707166666667,0.0,444.6617166666667,0.0,1277.99505,0.0,833.3333333333333,0.0,3.191000000000031,6300.0,7050.0,376.369542225,0.0,0.0
2025-01-11,6,q4_warmup,0.3568,458.5083333333334,0.0,442.50500000000005,0.0,1275.8383333333334,16.00333333333333,833.3333333333333,0.0,0.0,7050.0,7800.0,455.2191173333334,28.549946666666663,0.0
2025-01-11,7,q4_warmup,0.3868,485.1034,0.0,474.3875166666666,0.0,474.3875166666666,10.715883333333352,0.0,-0.0,0.0,7800.0,7800.0,183.49309144666665,20.7245183666667,0.0
2025-01-11,8,q4_warmup,0.3701,492.04356666666666,0.0,480.7295166666667,0.0,480.7295166666667,11.314049999999952,0.0,-0.0,0.0,7800.0,7800.0,177.91799411833335,20.936649524999908,0.0
2025-01-11,9,q4_warmup,0.355,483.6466666666667,0.0,465.50500000000005,0.0,1298.8383333333334,18.14166666666665,833.3333333333333,0.0,0.0,7800.0,8550.0,461.0876083333333,32.201458333333306,0.0
2025-01-11,10,q4_warmup,0.3919,490.3176,0.0,491.04435,0.0,491.04435,0.0,0.7267499999999245,0.0,0.0,8550.0,8550.654075,192.440280765,0.0,0.0
2025-01-11,11,q4_warmup,0.401,507.9439833333333,0.0,509.29108333333335,0.0,509.29108333333335,0.0,1.3471000000000686,0.0,0.0,8550.654075,8551.866465000001,204.22572441666668,0.0,0.0
2025-01-11,12,q4_warmup,0.362,516.2383333333333,0.0,493.0966666666666,0.0,1326.43,21.06781666666552,831.2594833333322,0.0,0.0,8551.866465000001,9300.0,480.16766,38.1327481666646,0.0
2025-01-11,13,q4_warmup,0.3403,501.4458666666667,0.0,469.2202666666667,0.0,1302.5536000000002,32.22559999999976,833.3333333333333,0.0,0.0,9300.0,10050.0,443.2589900800001,54.83185839999959,0.0
2025-01-11,14,q4_warmup,0.3704,502.2613166666667,0.0,479.66675,0.0,479.66675,22.59456666666665,0.0,-0.0,0.0,10050.0,10050.0,177.66856420000002,41.84513746666664,0.0
2025-01-11,15,q4_warmup,0.4117,517.2916666666666,0.0,511.3616666666667,0.0,511.3616666666667,5.92999999999995,0.0,-0.0,0.0,10050.0,10050.0,210.52759816666668,12.206904999999898,0.0
2025-01-11,16,q4_warmup,0.3948,510.4945666666667,0.0,511.3307833333333,0.0,511.3307833333333,0.0,0.0,0.0,0.836216666666644,10050.0,10050.0,201.87339326,0.0,0.0
2025-01-11,17,q4_warmup,0.3967,517.7448166666667,0.0,500.0067333333333,0.0,500.0067333333333,17.73808333333335,0.0,-0.0,0.0,10050.0,10050.0,198.35267111333332,35.1834882916667,0.0
2025-01-11,18,q4_warmup,0.4223,534.32,0.0,508.1033333333333,0.0,508.1033333333333,26.216666666666757,0.0,-0.0,0.0,10050.0,10050.0,214.57203766666663,55.35649166666685,0.0
2025-01-11,19,q4_warmup,0.4008,521.9542,0.0,541.6630166666666,0.0,541.6630166666666,0.0,0.0,0.0,19.70881666666662,10050.0,10050.0,217.09853708,0.0,0.0
2025-01-11,20,q4_warmup,0.3938,540.2833666666667,0.0,545.4906833333333,0.0,545.4906833333333,0.0,0.0,0.0,5.207316666666657,10050.0,10050.0,214.81423109666665,0.0,0.0
2025-01-11,21,q4_warmup,0.4139,570.0533333333334,0.0,508.355,0.0,508.355,61.69833333333338,0.0,-0.0,0.0,10050.0,10050.0,210.4081345,127.68470083333344,0.0
2025-01-11,22,q4_warmup,0.4084,529.7007833333333,0.0,478.1484,0.0,478.1484,51.552383333333296,0.0,-0.0,0.0,10050.0,10050.0,195.27580656,105.26996676666658,0.0
2025-01-11,23,q4_warmup,0.3926,500.6021333333333,0.0,499.49885,0.0,499.49885,1.1032833333333087,0.0,-0.0,0.0,10050.0,10050.0,196.10324851,2.1657451833332853,0.0
2025-01-11,24,q4_warmup,0.389,517.6033333333334,0.0,546.195,0.0,546.195,0.0,0.0,0.0,28.591666666666697,10050.0,10050.0,212.469855,0.0,0.0
2025-01-11,25,q4_warmup,0.4021,534.5654499999999,0.0,544.99455,0.0,544.99455,0.0,0.0,0.0,10.429100000000062,10050.0,10050.0,219.142308555,0.0,0.0
2025-01-11,26,q4_warmup,0.4114,535.60875,0.0,512.7320333333333,0.0,512.7320333333333,22.876716666666653,0.0,-0.0,0.0,10050.0,10050.0,210.9379585133333,47.057406183333306,0.0
2025-01-11,27,q4_warmup,0.3879,526.2316666666667,0.0,505.6516666666666,0.0,505.6516666666666,20.58000000000004,0.0,-0.0,0.0,10050.0,10050.0,196.1422815,39.91491000000008,0.0
2025-01-11,28,q4_warmup,0.3367,523.0082166666667,0.0,561.8098166666667,0.0,1395.14315,0.0,833.3333333333333,0.0,38.80160000000012,10050.0,10800.0,469.74469860500005,0.0,0.0
2025-01-11,29,q4_warmup,0.3958,534.4376,0.0,586.9613499999999,0.0,586.9613499999999,0.0,0.0,-0.0,52.52374999999995,10800.0,10800.0,232.31930233,0.0,0.0
2025-01-11,30,q4_warmup,0.4821,543.8766666666667,0.0,566.5133333333333,0.0,0.0001840475597084,0.0,0.0,543.8764826191069,0.0,10800.0,10195.69279708988,8.872932853542376e-05,0.0,0.0
2025-01-11,31,q4_warmup,0.3861,531.2656833333333,0.0,573.4412666666666,0.0,1272.8402164021895,0.0,671.4524476779095,0.0,70.12208539094672,10195.69279708988,10800.0,491.4436075528854,0.0,0.0
2025-01-11,32,q4_warmup,0.3916,551.0474,0.0,580.8068666666667,0.0,580.8068666666667,0.0,0.0,-0.0,29.75946666666664,10800.0,10800.0,227.44396898666668,0.0,0.0
2025-01-11,33,q4_warmup,0.4881,590.9633333333334,0.0,568.0233333333333,0.0,568.0233333333333,22.94000000000005,0.0,-0.0,0.0,10800.0,10800.0,277.252189,55.985070000000135,0.0
2025-01-11,34,q4_warmup,0.4083,578.8492833333333,0.0013333333333333,550.0466666666667,0.0017666666666666,550.0449000000001,28.803049999999917,0.0,-0.0,0.0,10800.0,10800.0,224.58333267000003,58.80142657499982,0.0
2025-01-11,35,q4_warmup,0.5195,544.82515,0.0,552.3874833333333,0.0,552.3874833333333,0.0,0.0,-0.0,7.562333333333299,10800.0,10800.0,286.9652975916666,0.0,0.0
2025-01-11,36,q4_warmup,0.8103,536.1866666666666,0.0,572.4733333333334,0.0,94.54696666666392,0.0,0.0,441.6397000000027,0.0,10800.0,10309.28922222222,76.61140708999778,0.0,0.0
2025-01-11,37,q4_warmup,0.8708,568.4109500000001,0.01865,582.7121166666667,0.0245666666666666,0.0,0.0,0.0,568.3923000000001,0.0,10309.28922222222,9677.74222222222,0.0,0.0,0.0
2025-01-11,38,q4_warmup,0.8559,571.3024833333333,0.0,577.2782333333333,0.0,0.0,0.0,0.0,571.3024833333333,0.0,9677.74222222222,9042.961685185182,0.0,0.0,0.0
2025-01-11,39,q4_warmup,0.8784,550.245,0.0,564.99,0.0,0.0,0.0,0.0,550.245,0.0,9042.961685185182,8431.57835185185,0.0,0.0,0.0
2025-01-11,40,q4_warmup,0.8826,577.1569833333333,0.2596666666666666,562.3919999999999,0.3421166666666667,0.0,0.0,0.0,576.8973166666666,0.0,8431.57835185185,7790.581333333331,0.0,0.0,0.0
2025-01-11,41,q4_warmup,0.8918,605.1416833333334,0.0,580.9321833333333,0.0,0.0,0.0,0.0,605.1416833333334,0.0,7790.581333333331,7118.201685185182,0.0,0.0,0.0
2025-01-11,42,q4_warmup,0.9053,616.255,9.55,618.6850000000001,9.2125,0.0,0.0,0.0,606.705,0.0,7118.201685185182,6444.085018518515,0.0,0.0,0.0
2025-01-11,43,q4_warmup,0.8895,638.289,44.71106666666666,659.9798166666667,46.96545,0.0,0.0,0.0,593.5779333333334,0.0,6444.085018518515,5784.553981481478,0.0,0.0,0.0
2025-01-11,44,q4_warmup,0.866,645.0697333333334,85.38778333333333,682.7775166666667,98.23768333333334,0.0,0.0,0.0,559.68195,0.0,5784.553981481478,5162.685148148144,0.0,0.0,0.0
2025-01-11,45,q4_warmup,0.8483,641.1916666666667,123.86875,677.335,151.48125000000002,0.0,0.0,0.0,517.3229166666667,0.0,5162.685148148144,4587.881907407404,0.0,0.0,0.0
2025-01-11,46,q4_warmup,0.8467,658.6949000000001,168.80605,652.8473833333334,205.555,0.0,0.0,0.0,489.8888500000001,0.0,4587.881907407404,4043.560962962959,0.0,0.0,0.0
2025-01-11,47,q4_warmup,0.9388,661.8809333333334,211.3896333333333,638.0857833333333,256.79285,0.0,0.0,0.0,450.4913,0.0,4043.560962962959,3543.01507407407,0.0,0.0,0.0
2025-01-11,48,q4_warmup,1.0707,646.385,252.95625,640.3466666666667,304.48125,0.0,0.0,0.0,393.42875,0.0,3543.01507407407,3105.8720185185143,0.0,0.0,0.0
2025-01-11,49,q4_warmup,1.0902,645.5786333333333,305.8659,646.0638166666666,350.64553333333333,0.0,0.0,0.0,339.7127333333333,0.0,3105.8720185185143,2728.4134259259217,0.0,0.0,0.0
2025-01-11,50,q4_warmup,1.0414,649.1582333333333,367.5336,662.0704666666667,393.6407166666667,0.0,0.0,0.0,281.6246333333333,0.0,2728.4134259259217,2415.4971666666625,0.0,0.0,0.0
2025-01-11,51,q4_warmup,0.9912,645.0783333333333,429.8625,677.3783333333333,435.325,0.0,0.0,0.0,215.21583333333325,0.0,2415.4971666666625,2176.368462962959,0.0,0.0,0.0
2025-01-11,52,q4_warmup,0.9694,638.1354166666666,484.83383333333336,675.0169,479.9655666666667,0.0,0.0,0.0,153.30158333333327,0.0,2176.368462962959,2006.0333703703664,0.0,0.0,0.0
2025-01-11,53,q4_warmup,0.9732,659.95555,531.3454166666667,703.6926833333333,523.7297833333333,0.0,0.0,0.0,128.61013333333335,0.0,2006.0333703703664,1863.133222222218,0.0,0.0,0.0
2025-01-11,54,q4_warmup,1.0142,710.3933333333333,573.4375,755.2583333333333,563.2125,0.0,0.0,0.0,136.95583333333332,0.0,1863.133222222218,1710.96007407407,0.0,0.0,0.0
2025-01-11,55,q4_warmup,1.0898,752.2063499999999,613.9011666666667,769.4231,599.2222833333334,0.0,0.0,0.0,138.30518333333328,0.0,1710.96007407407,1557.2876481481442,0.0,0.0,0.0
2025-01-11,56,q4_warmup,1.0589,755.4530333333333,638.1548666666666,770.0717333333333,639.0937166666666,0.0,0.0,0.0,117.2981666666667,0.0,1557.2876481481442,1426.9563518518478,0.0,0.0,0.0
2025-01-11,57,q4_warmup,0.9422,742.485,654.68125,771.91,684.4187499999999,0.0,0.0,0.0,87.80375000000004,0.0,1426.9563518518478,1329.3966296296255,0.0,0.0,0.0
2025-01-11,58,q4_warmup,0.9226,761.3455666666667,690.7507333333333,764.4136666666667,729.2405833333333,0.0,0.0,0.0,70.59483333333344,0.0,1329.3966296296255,1250.9579259259217,0.0,0.0,0.0
2025-01-11,59,q4_warmup,1.0433,765.0443166666668,738.4695333333334,759.5386666666667,766.9171833333334,0.0,0.0,0.0,26.57478333333336,0.0,1250.9579259259217,1221.4303888888846,0.0,0.0,0.0
2025-01-11,60,q4_warmup,1.1757,736.5383333333333,768.6374999999999,758.7533333333334,793.5187500000001,0.0,0.0,18.33239012346136,0.0,13.766776543205273,1221.4303888888846,1237.92954,0.0,0.0,0.0
2025-01-11,61,q4_warmup,1.1415,709.7666333333333,760.9039833333333,752.6044166666667,809.1539833333333,0.0,0.0,51.13734999999997,0.0,0.0,1237.92954,1283.953155,0.0,0.0,0.0
2025-01-11,62,q4_warmup,1.0935,704.4237333333334,776.39075,752.6700833333333,819.19475,0.0,0.0,71.9368833333331,0.0,0.0301333333335094,1283.953155,1348.6963499999997,0.0,0.0,0.0
2025-01-11,63,q4_warmup,1.1218,709.9033333333333,833.46875,751.4616666666667,837.5875,0.0,0.0,86.1258333333333,0.0,37.43958333333339,1348.6963499999997,1426.2095999999997,0.0,0.0,0.0
2025-01-11,64,q4_warmup,1.1267,702.4639999999999,893.9995833333334,729.2148833333334,876.0233499999999,0.0,0.0,146.8084666666664,0.0,44.72711666666703,1426.2095999999997,1558.3372199999994,0.0,0.0,0.0
2025-01-11,65,q4_warmup,0.8599,708.8483333333334,946.6465333333334,713.8183333333333,909.2961166666668,0.0,0.0,237.7982000000001,0.0,0.0,1558.3372199999994,1772.3555999999994,0.0,0.0,0.0
2025-01-11,66,q4_warmup,0.4908,733.4583333333334,983.53125,716.5466666666666,932.075,617.8050000000001,0.0,791.0129166666668,0.0,76.8649999999999,1772.3555999999994,2484.267225,303.218694,0.0,0.0
2025-01-11,67,q4_warmup,0.4632,745.7533666666667,997.8682666666668,720.7586833333334,956.381,597.7110166666668,0.0,833.3333333333333,0.0,16.49258333333364,2484.267225,3234.267225,276.85974292000003,0.0,-1.1368683772161605e-13
2025-01-11,68,q4_warmup,0.519,719.1192,1002.5773333333332,714.0214500000001,949.3863,16.211250000000092,0.0,299.66938333333326,0.0,0.0,3234.267225,3503.9696699999995,8.413638750000048,0.0,0.0
2025-01-11,69,q4_warmup,0.4904,689.7633333333333,1006.11875,700.8716666666666,922.76875,611.4362499999999,0.0,785.2400500000001,0.0,142.5516166666664,3503.9696699999995,4210.685715,299.848337,0.0,0.0
2025-01-11,70,q4_warmup,0.4626,719.13355,1008.0283166666668,696.4780666666667,926.44135,603.37005,0.0,833.3333333333333,0.0,58.93148333333352,4210.685715,4960.685715,279.11898513,0.0,0.0
2025-01-11,71,q4_warmup,0.4488,728.0537666666668,1009.3277333333334,696.2294833333334,939.7617666666666,589.8010500000001,0.0,833.3333333333333,0.0,37.741683333333526,4960.685715,5710.685715,264.70271124000004,0.0,0.0
2025-01-11,72,q4_warmup,0.4546,697.6533333333333,999.40625,692.5916666666667,938.80625,587.1187500000001,0.0,833.3333333333333,0.0,55.538333333333526,5710.685715,6460.685715,266.90418375,0.0,0.0
2025-01-11,73,q4_warmup,0.4824,688.7547666666666,969.1625333333332,684.9471833333333,922.0930166666668,596.1875,0.0,833.3333333333333,0.0,43.26193333333333,6460.685715,7210.685715,287.60085,0.0,0.0
2025-01-11,74,q4_warmup,0.4761,696.7887666666667,961.8237666666668,690.1725,916.49265,607.0131833333334,0.0,833.3333333333333,0.0,38.71485000000018,7210.685715,7960.685715,288.99897658500004,0.0,0.0
2025-01-11,75,q4_warmup,0.4374,708.4833333333332,985.1625,697.6533333333333,921.15,609.8366666666667,0.0,833.3333333333333,0.0,53.18250000000023,7960.685715,8710.685715,266.74255800000003,0.0,0.0
2025-01-11,76,q4_warmup,0.4404,715.6275166666666,1004.2349,683.0025999999999,912.763,603.5729333333333,0.0,833.3333333333333,0.0,58.84698333333347,8710.685715,9460.685715,265.81351984,0.0,0.0
2025-01-11,77,q4_warmup,0.5528,697.0672500000001,1007.7281333333334,690.9398166666666,915.3335333333332,0.0,0.0,310.66088333333335,0.0,0.0,9460.685715,9740.28051,0.0,0.0,0.0
2025-01-11,78,q4_warmup,0.7174,665.16,986.61875,711.86,930.81875,0.0,0.0,132.69158333333203,0.0,188.767166666668,9740.28051,9859.702935,0.0,0.0,0.0
2025-01-11,79,q4_warmup,0.7949,656.5186166666666,938.03815,687.6421666666666,931.5779333333334,0.0,0.0,281.51953333333336,0.0,0.0,9859.702935,10113.070515,0.0,0.0,0.0
2025-01-11,80,q4_warmup,0.8065,658.2507666666667,898.36605,653.0483333333333,908.6945166666666,0.0,0.0,218.0624166666672,0.0,22.052866666666148,10113.070515,10309.32669,0.0,0.0,0.0
2025-01-11,81,q4_warmup,0.797,663.9116666666666,868.71875,647.355,860.81875,0.0,0.0,204.80708333333337,0.0,0.0,10309.32669,10493.653065,0.0,0.0,0.0
2025-01-11,82,q4_warmup,0.8025,679.7205333333333,822.3220333333334,672.2253166666667,796.0541833333333,0.0,0.0,132.48553333333297,0.0,10.115966666667134,10493.653065,10612.890045,0.0,0.0,0.0
2025-01-11,83,q4_warmup,0.8912,686.3905,798.2426999999999,661.0276666666667,748.4467666666666,0.0,0.0,87.41910000000037,0.0,24.43309999999956,10612.890045,10691.567235,0.0,0.0,0.0
2025-01-11,84,q4_warmup,1.0399,675.165,782.3874999999999,625.155,716.78125,0.0,0.0,91.62625000000035,0.0,15.596249999999614,10691.567235,10774.03086,0.0,0.0,0.0
2025-01-11,85,q4_warmup,1.1379,654.0992833333333,718.1878,642.4182166666667,671.2728166666667,0.0,0.0,28.85459999999916,0.0,35.23391666666753,10774.03086,10800.0,0.0,0.0,0.0
2025-01-11,86,q4_warmup,1.132,630.31115,657.2059,677.2823333333333,633.3479333333333,0.0,0.0,0.0,-0.0,26.894750000000045,10800.0,10800.0,0.0,0.0,0.0
2025-01-11,87,q4_warmup,1.1295,617.04,623.4812499999999,676.6316666666667,606.1374999999999,0.0,0.0,0.0,-0.0,6.441249999999968,10800.0,10800.0,0.0,0.0,0.0
2025-01-11,88,q4_warmup,1.2378,626.5177,591.53305,627.2036666666667,570.7039333333333,0.0,0.0,0.0,34.98464999999999,0.0,10800.0,10761.128166666667,0.0,0.0,0.0
2025-01-11,89,q4_warmup,1.0171,641.0206,558.9146,622.1830166666667,544.88685,0.0,0.0,0.0,82.106,0.0,10761.128166666667,10669.899277777778,0.0,0.0,0.0
2025-01-11,90,q4_warmup,0.5913,640.9816666666667,525.24375,649.9350000000001,529.30625,120.62875000000008,0.0,0.0,0.0,4.890833333333376,10669.899277777778,10669.899277777778,71.32777987500005,0.0,0.0
2025-01-11,91,q4_warmup,0.5651,625.63315,488.6875666666666,616.15545,503.0187833333334,419.5866255144065,0.0,144.55635802469058,0.0,138.0846841563825,10669.899277777778,10800.0,237.10840207819112,0.0,0.0
2025-01-11,92,q4_warmup,0.6699,642.9069000000001,458.1113833333333,614.9143166666667,466.0722,148.84211666666664,35.9534000000001,0.0,-0.0,0.0,10800.0,10800.0,99.709333955,120.42591330000036,0.0
2025-01-11,93,q4_warmup,0.7024,670.3016666666666,429.03125,648.8133333333334,428.6375,220.1758333333334,21.09458333333322,0.0,-0.0,0.0,10800.0,10800.0,154.65150533333338,74.08417666666627,0.0
2025-01-11,94,q4_warmup,0.7277,637.4974333333333,386.09485,625.8107333333334,397.23181666666665,228.57891666666671,22.82366666666661,0.0,-0.0,0.0,10800.0,10800.0,166.33687765833338,83.04391116666646,0.0
2025-01-11,95,q4_warmup,0.7246,609.5029666666667,334.78333333333336,629.7744666666666,347.02406666666667,282.7504,0.0,0.0,-0.0,8.030766666666636,10800.0,10800.0,204.88093984,0.0,0.0
2025-01-11,96,q4_warmup,0.7059,604.6883333333334,286.4875,664.1816666666667,281.55,382.6316666666667,0.0,0.0,-0.0,64.43083333333334,10800.0,10800.0,270.0996935,0.0,0.0
2025-01-11,97,q4_warmup,0.7267,580.8684666666667,247.32615,639.1021833333333,230.39991666666663,408.7022666666667,0.0,0.0,-0.0,75.15995000000001,10800.0,10800.0,297.0039371866667,0.0,-2.8421709430404014e-14
2025-01-11,98,q4_warmup,0.7763,576.8574666666667,201.12045,593.8299833333333,183.02401666666665,410.8059666666667,0.0,0.0,-0.0,35.06894999999997,10800.0,10800.0,318.9086719233333,0.0,0.0
2025-01-11,99,q4_warmup,0.8251,600.4633333333334,146.32500000000002,583.7516666666667,133.4125,450.3391666666666,3.799166666666707,0.0,-0.0,0.0,10800.0,10800.0,371.5748464166666,15.6734620833335,0.0
2025-01-11,100,q4_warmup,0.8439,605.9628166666666,96.89268333333332,614.2868500000001,87.93736666666666,526.3494833333334,0.0,0.0,-0.0,17.279350000000093,10800.0,10800.0,444.1863289850001,0.0,4.263256414560601e-14
2025-01-11,101,q4_warmup,0.8141,546.0154833333333,48.68861666666667,568.9919333333333,43.26338333333334,525.72855,0.0,0.0,-0.0,28.40168333333336,10800.0,10800.0,427.995612555,0.0,2.131628207280301e-14
2025-01-11,102,q4_warmup,0.7524,462.335,10.425,474.4333333333333,8.456249999999999,465.9770833333333,0.0,0.0,-0.0,14.067083333333349,10800.0,10800.0,350.6011575,0.0,1.0658141036401504e-14
2025-01-11,103,q4_warmup,0.7173,452.2771333333333,0.0,474.0867333333333,0.0,474.0867333333333,0.0,0.0,-0.0,21.80959999999999,10800.0,10800.0,340.06241382,0.0,0.0
2025-01-11,104,q4_warmup,0.7976,481.1653,0.2525333333333333,489.8739833333333,0.3374,489.5365833333333,0.0,0.0,-0.0,8.623816666666672,10800.0,10800.0,390.4543788666667,0.0,2.664535259100376e-14
2025-01-11,105,q4_warmup,0.88,501.7416666666666,0.0,476.03,0.0,476.03,25.711666666666645,0.0,-0.0,0.0,10800.0,10800.0,418.9064,113.13133333333325,0.0
2025-01-11,106,q4_warmup,0.7882,495.5366166666667,0.0,469.9139333333333,0.0,469.9139333333333,25.622683333333384,0.0,-0.0,0.0,10800.0,10800.0,370.3861622533333,100.97899501666686,0.0
2025-01-11,107,q4_warmup,0.9073,473.96945,0.0181333333333333,481.6966833333333,0.0242166666666666,220.6219500000004,0.0,0.0,253.32936666666623,0.0,10800.0,10518.522925925929,200.1702952350004,0.0,0.0
2025-01-11,108,q4_warmup,1.1911,463.6616666666666,0.0,485.0533333333333,0.0,0.0,0.0,0.0,463.6616666666666,0.0,10518.522925925929,10003.343296296298,0.0,0.0,0.0
2025-01-11,109,q4_warmup,1.1901,480.8428666666667,0.0,448.6376666666667,0.0,0.0,0.0,0.0,480.8428666666667,0.0,10003.343296296298,9469.073444444446,0.0,0.0,0.0
2025-01-11,110,q4_warmup,1.124,471.95161666666667,0.0013,432.7406333333333,0.0017333333333333,0.0,0.0,0.0,471.95031666666665,0.0,9469.073444444446,8944.684203703706,0.0,0.0,0.0
2025-01-11,111,q4_warmup,1.1231,448.64166666666665,0.0,449.5783333333333,0.0,0.0,0.0,0.0,448.64166666666665,0.0,8944.684203703706,8446.193462962965,0.0,0.0,0.0
2025-01-11,112,q4_warmup,1.1064,472.58801666666665,0.0,454.03856666666667,0.0,0.0,59.91658333333186,0.0,412.6714333333348,0.0,8446.193462962965,7987.669648148149,0.0,331.45853899999184,0.0
2025-01-11,113,q4_warmup,1.1932,478.3320000000001,0.0,456.2948166666667,0.0,0.0,22.03718333333353,0.0,456.2948166666666,0.0,7987.669648148149,7480.675407407408,0.0,131.47383576666783,0.0
2025-01-11,114,q4_warmup,1.3428,453.7866666666666,0.0,467.475,0.0,0.0,0.0,0.0,453.7866666666666,0.0,7480.675407407408,6976.468000000001,0.0,0.0,0.0
2025-01-11,115,q4_warmup,1.3696,454.0116833333333,0.0,483.53746666666666,0.0,0.0,0.0,0.0,454.0116833333333,0.0,6976.468000000001,6472.010574074075,0.0,0.0,0.0
2025-01-11,116,q4_warmup,1.3583,460.0325,0.0,494.6097,0.0,0.0,0.0,0.0,460.0325,0.0,6472.010574074075,5960.863351851853,0.0,0.0,0.0
2025-01-11,117,q4_warmup,1.3803,470.67,0.0,495.09,0.0,0.0,0.0,0.0,470.67,0.0,5960.863351851853,5437.896685185186,0.0,0.0,0.0
2025-01-11,118,q4_warmup,1.4136,502.2483333333333,0.0,484.6943166666667,0.0,0.0,0.0,0.0,502.2483333333333,0.0,5437.896685185186,4879.842981481482,0.0,0.0,0.0
2025-01-11,119,q4_warmup,1.4018,495.7262166666667,0.0,462.9375666666666,0.0,0.0,0.0,0.0,495.7262166666667,0.0,4879.842981481482,4329.036074074074,0.0,0.0,0.0
2025-01-11,120,q4_warmup,1.3573,455.1716666666667,0.0,448.3833333333334,0.0,0.0,0.0,0.0,455.1716666666667,0.0,4329.036074074074,3823.289777777778,0.0,0.0,0.0
2025-01-11,121,q4_warmup,1.3439,447.7202833333333,0.0,462.08560000000006,0.0,0.0,0.0,0.0,447.7202833333333,0.0,3823.289777777778,3325.8227962962965,0.0,0.0,0.0
2025-01-11,122,q4_warmup,1.3287,463.75645,0.0,461.1358666666667,0.0,0.0,0.0,0.0,463.75645,0.0,3325.8227962962965,2810.537851851852,0.0,0.0,0.0
2025-01-11,123,q4_warmup,1.3547,483.09,0.0,448.235,0.0,0.0,0.0,0.0,483.09,0.0,2810.537851851852,2273.771185185185,0.0,0.0,0.0
2025-01-11,124,q4_warmup,1.4519,496.2437333333333,0.0,466.7966833333333,0.0,0.0,0.0,0.0,496.2437333333333,0.0,2273.771185185185,1722.3892592592597,0.0,0.0,0.0
2025-01-11,125,q4_warmup,1.219,498.80275,0.0,477.62733333333335,0.0,0.0,28.652416666666284,0.0,470.1503333333337,0.0,1722.3892592592597,1200.0,0.0,174.636479583331,0.0
2025-01-11,126,q4_warmup,0.7953,493.9716666666666,0.0,460.78,0.0,460.78,33.191666666666606,0.0,-0.0,0.0,1200.0,1200.0,366.458334,131.98666249999977,0.0
2025-01-11,127,q4_warmup,0.7489,488.9876166666666,0.0,442.33865,0.0,442.33865,46.64896666666664,0.0,-0.0,0.0,1200.0,1200.0,331.267414985,174.67705568333324,0.0
2025-01-11,128,q4_warmup,0.7833,482.12966666666665,0.0,467.10475,0.0,467.10475,15.024916666666684,0.0,-0.0,0.0,1200.0,1200.0,365.883150675,58.84508612500007,0.0
2025-01-11,129,q4_warmup,0.7645,486.3416666666667,0.0,513.695,0.0,513.695,0.0,0.0,0.0,27.353333333333357,1200.0,1200.0,392.7198275,0.0,0.0
2025-01-11,130,q4_warmup,0.8228,508.4937,0.0,512.2294333333333,0.0,512.2294333333333,0.0,-0.0,0.0,3.7357333333333145,1200.0,1200.0,421.4623777466666,0.0,0.0
2025-01-11,131,q4_warmup,0.6313,468.5596833333333,0.0,479.7482,0.0,479.7482,0.0,0.0,0.0,11.188516666666716,1200.0,1200.0,302.86503866,0.0,0.0
2025-01-11,132,q4_warmup,0.2863,385.1816666666667,0.0,438.37,0.0,438.37,0.0,0.0,0.0,53.18833333333328,1200.0,1200.0,125.50533099999998,0.0,0.0
2025-01-11,133,q4_warmup,0.2503,369.3645166666667,0.0,398.58505,0.0,1231.9183833333334,0.0,833.3333333333333,0.0,29.22053333333338,1200.0,1950.0,308.34917134833336,0.0,0.0
2025-01-11,134,q4_warmup,0.2928,417.6178166666666,0.0,392.15276666666665,0.0,392.15276666666665,25.465050000000225,0.0,-2.0463630789890886e-13,0.0,1950.0,1950.0,114.82233008,37.28083320000033,5.684341886080803e-14
2025-01-11,135,q4_warmup,0.2836,459.385,0.0,412.705,0.0,1103.677448559671,46.67999999999984,690.9724485596707,0.0,0.0,1950.0,2571.875203703704,313.0029244115227,66.19223999999977,0.0
2025-01-11,136,q4_warmup,0.3265,427.7989500000001,0.0,419.4448,0.0,419.4448,8.354150000000118,0.0,-0.0,0.0,2571.875203703704,2571.875203703704,136.9487272,13.638149875000192,0.0
2025-01-11,137,q4_warmup,0.3482,414.0708333333334,0.0,409.38703333333336,0.0,409.38703333333336,4.683800000000019,0.0,-0.0,0.0,2571.875203703704,2571.875203703704,142.54856500666668,8.154495800000035,0.0
2025-01-11,138,q4_warmup,0.3323,432.20666666666665,0.0,411.81,0.0,411.81,20.396666666666647,0.0,-0.0,0.0,2571.875203703704,2571.875203703704,136.844463,33.889061666666635,0.0
2025-01-11,139,q4_warmup,0.3376,411.1607333333333,0.0,451.7669666666666,0.0,451.7669666666666,0.0,0.0,0.0,40.60623333333331,2571.875203703704,2571.875203703704,152.51652794666666,0.0,0.0
2025-01-11,140,q4_warmup,0.3121,404.94953333333336,0.0,452.4115,0.0,452.4115,0.0,0.0,0.0,47.46196666666663,2571.875203703704,2571.875203703704,141.19762914999998,0.0,0.0
2025-01-11,141,q4_warmup,0.2896,425.9533333333333,0.0,409.55,0.0,409.55,16.403333333333308,0.0,-0.0,0.0,2571.875203703704,2571.875203703704,118.60568,23.752026666666637,0.0
2025-01-11,142,q4_warmup,0.3686,438.4365833333333,0.0,397.4082166666667,0.0,0.0,41.02836666666661,0.0,397.4082166666667,0.0,2571.875203703704,2130.3105185185186,0.0,75.61527976666656,0.0
2025-01-11,143,q4_warmup,0.4501,506.28425,0.0,410.5744666666667,0.0,0.0,95.70978333333336,0.0,410.5744666666666,0.0,2130.3105185185186,1674.1166666666668,0.0,215.3948673916667,0.0
2025-01-11,144,q4_warmup,0.4692,612.8033333333334,0.0,426.705,0.0,0.0,186.0983333333333,0.0,426.7050000000001,0.0,1674.1166666666668,1200.0,0.0,436.5866899999999,0.0
2025-01-12,1,q4_warmup,0.448,657.94785,0.0,435.7626166666666,0.0,1269.09595,222.18523333333337,833.3333333333333,0.0,0.0,1200.0,1950.0,568.5549856,497.6949226666668,0.0
2025-01-12,2,q4_warmup,0.4202,635.2535166666667,0.0,458.70891666666665,0.0,1292.04225,176.54459999999995,833.3333333333333,0.0,0.0,1950.0,2700.0,542.91615345,370.9202045999999,0.0
2025-01-12,3,q4_warmup,0.4286,603.7666666666667,0.0,478.845,0.0,1312.1783333333333,124.92166666666662,833.3333333333333,0.0,0.0,2700.0,3450.0,562.3996336666667,267.70713166666656,0.0
2025-01-12,4,q4_warmup,0.4941,627.08245,0.0,456.7406,0.0,456.7406,170.34184999999997,0.0,-0.0,0.0,3450.0,3450.0,225.67553046,420.8295404249999,0.0
2025-01-12,5,q4_warmup,0.5227,627.7096,0.0,441.4707166666667,0.0,441.4707166666667,186.2388833333333,0.0,-0.0,0.0,3450.0,3450.0,230.7567436016667,486.73532159166666,0.0
2025-01-12,6,q4_warmup,0.4851,594.9616666666667,0.0,458.5083333333334,0.0,458.5083333333334,136.45333333333332,0.0,-0.0,0.0,3450.0,3450.0,222.4223925,330.96756,0.0
2025-01-12,7,q4_warmup,0.4467,601.4366166666667,0.0,485.1034,0.0,1318.4367333333334,116.33321666666654,833.3333333333333,0.0,0.0,3450.0,4200.0,588.9456887800001,259.8302394249997,-1.1368683772161605e-13
2025-01-12,8,q4_warmup,0.4722,642.1397166666667,0.0,492.04356666666666,0.0,1158.7102333333337,150.09614999999985,666.6666666666666,0.0,0.0,4200.0,4800.0,547.14297218,354.3770101499997,0.0
2025-01-12,9,q4_warmup,0.5122,677.345,0.0,483.6466666666667,0.0,483.6466666666667,193.69833333333327,0.0,-0.0,0.0,4800.0,4800.0,247.72382266666668,496.0614316666666,0.0
2025-01-12,10,q4_warmup,0.4602,667.3810166666666,0.0,490.3176,0.0,1323.6509333333331,177.0634166666665,833.3333333333333,0.0,0.0,4800.0,5550.0,609.14415952,407.42292174999966,-1.1368683772161605e-13
2025-01-12,11,q4_warmup,0.4263,630.0515666666666,0.0,507.9439833333333,0.0,1341.2773166666666,122.10758333333332,833.3333333333333,0.0,0.0,5550.0,6300.0,571.786520095,260.27231387499995,1.1368683772161605e-13
2025-01-12,12,q4_warmup,0.4659,607.5016666666667,0.0,516.2383333333333,0.0,1349.5716666666667,91.2633333333332,833.3333333333333,0.0,0.0,6300.0,7050.0,628.7654395,212.5979349999997,1.1368683772161605e-13
2025-01-12,13,q4_warmup,0.5195,630.0756833333334,0.0,501.4458666666667,0.0,501.4458666666667,128.62981666666667,0.0,-0.0,0.0,7050.0,7050.0,260.5011277333333,334.11594879166665,0.0
2025-01-12,14,q4_warmup,0.5156,644.9068666666667,0.0,502.2613166666667,0.0,502.2613166666667,142.64555,0.0,-0.0,0.0,7050.0,7050.0,258.9659348733333,367.7402279,0.0
2025-01-12,15,q4_warmup,0.4833,652.3116666666666,0.0,517.2916666666666,0.0,517.2916666666666,135.01999999999998,0.0,-0.0,0.0,7050.0,7050.0,250.0070625,326.27583,0.0
2025-01-12,16,q4_warmup,0.5119,698.7637166666667,0.0,510.4945666666667,0.0,510.4945666666667,188.26915,0.0,-0.0,0.0,7050.0,7050.0,261.3221686766667,481.8748894250001,0.0
2025-01-12,17,q4_warmup,0.528,721.7912500000001,0.0,517.7448166666667,0.0,517.7448166666667,204.04643333333345,0.0,-0.0,0.0,7050.0,7050.0,273.36926320000003,538.6825840000002,0.0
2025-01-12,18,q4_warmup,0.4997,694.5933333333334,0.0,534.32,0.0,534.32,160.2733333333333,0.0,-0.0,0.0,7050.0,7050.0,266.999704,400.4429233333333,0.0
2025-01-12,19,q4_warmup,0.4726,658.6037333333334,0.0,521.9542,0.0,521.9542,136.64953333333335,0.0,-0.0,0.0,7050.0,7050.0,246.67555492,322.9028472666667,0.0
2025-01-12,20,q4_warmup,0.4663,669.47555,0.0,540.2833666666667,0.0,1373.6167,129.19218333333322,833.3333333333333,0.0,0.0,7050.0,7800.0,640.5174672100001,301.2115754416664,-1.1368683772161605e-13
2025-01-12,21,q4_warmup,0.4754,698.5016666666667,0.0,570.0533333333334,0.0,570.0533333333334,128.44833333333327,0.0,-0.0,0.0,7800.0,7800.0,271.00335466666667,305.3216883333332,0.0
2025-01-12,22,q4_warmup,0.4758,668.2077333333333,0.0,529.7007833333333,0.0,529.7007833333333,138.50694999999996,0.0,-0.0,0.0,7800.0,7800.0,252.03163271,329.50803404999994,0.0
2025-01-12,23,q4_warmup,0.445,651.30355,0.0,500.6021333333333,0.0,1333.9354666666668,150.70141666666643,833.3333333333333,0.0,0.0,7800.0,8550.0,593.6012826666667,335.3106520833328,-1.1368683772161605e-13
2025-01-12,24,q4_warmup,0.4341,676.9583333333334,0.0,517.6033333333334,0.0,1350.9366666666667,159.3549999999999,833.3333333333333,0.0,0.0,8550.0,9300.0,586.441607,345.8800274999998,-1.1368683772161605e-13
2025-01-12,25,q4_warmup,0.5127,700.0366,0.0,534.5654499999999,0.0,534.5654499999999,165.47115000000008,0.0,-0.0,0.0,9300.0,9300.0,274.071706215,424.18529302500025,0.0
2025-01-12,26,q4_warmup,0.5411,706.6536333333333,0.0,535.60875,0.0,535.60875,171.04488333333336,0.0,-0.0,0.0,9300.0,9300.0,289.817894625,462.7619318583335,0.0
2025-01-12,27,q4_warmup,0.4819,698.2233333333334,0.0,526.2316666666667,0.0,526.2316666666667,171.99166666666667,0.0,-0.0,0.0,9300.0,9300.0,253.59104016666663,414.41392083333335,0.0
2025-01-12,28,q4_warmup,0.4407,685.6066833333333,0.0,523.0082166666667,0.0,1356.34155,162.59846666666647,833.3333333333333,0.0,0.0,9300.0,10050.0,597.739721085,358.2857212999996,-1.1368683772161605e-13
2025-01-12,29,q4_warmup,0.472,689.7339666666667,0.0,534.4376,0.0,1367.7709333333332,155.2963666666667,833.3333333333333,0.0,0.0,10050.0,10800.0,645.5878805333333,366.4994253333334,0.0
2025-01-12,30,q4_warmup,0.533,702.54,0.0,543.8766666666667,0.0,543.8766666666667,158.6633333333333,0.0,-0.0,0.0,10800.0,10800.0,289.8862633333334,422.8377833333332,0.0
2025-01-12,31,q4_warmup,0.5388,700.4579666666667,0.0,531.2656833333333,0.0,531.2656833333333,169.19228333333342,0.0,-0.0,0.0,10800.0,10800.0,286.24595018,455.8040113000002,0.0
2025-01-12,32,q4_warmup,0.5579,720.06335,0.0,551.0474,0.0,551.0474,169.01594999999998,0.0,-0.0,0.0,10800.0,10800.0,307.42934446,471.4699925249999,0.0
2025-01-12,33,q4_warmup,0.5649,731.1216666666666,0.0,590.9633333333334,0.0,590.9633333333334,140.1583333333332,0.0,-0.0,0.0,10800.0,10800.0,333.835187,395.87721249999953,0.0
2025-01-12,34,q4_warmup,0.5007,681.1305333333333,0.0,578.8492833333333,0.0013333333333333,578.84795,102.28258333333338,0.0,-0.0,0.0,10800.0,10800.0,289.82916856500003,256.06444737500016,0.0
2025-01-12,35,q4_warmup,0.6839,745.8919,0.0,544.82515,0.0,544.82515,201.06675,0.0,-0.0,0.0,10800.0,10800.0,372.605920085,687.5477516249998,0.0
2025-01-12,36,q4_warmup,1.0205,900.1083333333332,0.0,536.1866666666666,0.0,0.0,66.77499999999986,0.0,833.3333333333334,0.0,10800.0,9874.074074074077,0.0,340.7194374999993,0.0
2025-01-12,37,q4_warmup,1.0712,931.6771333333332,0.0013499999999999,568.4109500000001,0.01865,0.0,98.34244999999989,0.0,833.3333333333334,0.0,9874.074074074077,8948.14814814815,0.0,526.7221621999993,0.0
2025-01-12,38,q4_warmup,1.0385,914.0460333333334,0.0,571.3024833333333,0.0,0.0,80.71270000000004,0.0,833.3333333333334,0.0,8948.14814814815,8022.222222222223,0.0,419.1006947500002,0.0
2025-01-12,39,q4_warmup,1.0745,914.2883333333332,0.0,550.245,0.0,0.0,80.95499999999981,0.0,833.3333333333334,0.0,8022.222222222223,7096.296296296297,0.0,434.9307374999991,0.0
2025-01-12,40,q4_warmup,1.1082,916.4935833333334,0.0186999999999999,577.1569833333333,0.2596666666666666,0.0,83.14155000000005,0.0,833.3333333333334,0.0,7096.296296296297,6170.370370370371,0.0,460.6873285500003,0.0
2025-01-12,41,q4_warmup,1.0508,896.8989,0.3671,605.1416833333334,0.0,0.0,63.19846666666661,0.0,833.3333333333334,0.0,6170.370370370371,5244.444444444445,0.0,332.0447438666663,0.0
2025-01-12,42,q4_warmup,0.966,868.1166666666667,11.1875,616.255,9.55,2.939067042007082e-05,856.9291372759963,0.0,0.0,0.0,5244.444444444445,5244.444444444445,2.839138762578841e-05,4138.967733043062,0.0
2025-01-12,43,q4_warmup,1.003,871.5858166666667,45.25998333333334,638.289,44.71106666666666,0.0,285.9252999999993,0.0,540.400533333334,0.0,5244.444444444445,4643.999407407408,0.0,1433.9153794999966,0.0
2025-01-12,44,q4_warmup,1.0369,912.1077833333334,87.54268333333333,645.0697333333334,85.38778333333333,0.0,264.88315000000034,0.0,559.6819499999997,0.0,4643.999407407408,4022.1305740740745,0.0,1373.2866911750018,0.0
2025-01-12,45,q4_warmup,0.9725,936.3766666666668,130.32500000000002,641.1916666666667,123.86875,0.0,806.0516666666667,0.0,-0.0,0.0,4022.1305740740745,4022.1305740740745,0.0,3919.426229166667,0.0
2025-01-12,46,q4_warmup,0.8814,904.2577333333334,177.97468333333333,658.6949000000001,168.80605,489.8888500000001,236.3942,0.0,0.0,0.0,4022.1305740740745,4022.1305740740745,431.78803239,1041.7892394,0.0
2025-01-12,47,q4_warmup,1.0818,1008.9825333333332,225.86615,661.8809333333334,211.3896333333333,0.0,332.6250833333333,0.0,450.4912999999999,0.0,4022.1305740740745,3521.5846851851857,0.0,1799.1690757500005,1.1368683772161605e-13
2025-01-12,48,q4_warmup,1.4302,1196.361666666667,273.075,646.385,252.95625,0.0,89.95333333333349,0.0,833.3333333333334,0.0,3521.5846851851857,2595.65875925926,0.0,643.2562866666677,0.0
2025-01-12,49,q4_warmup,1.447,1208.712183333333,323.9786666666667,645.5786333333333,305.8659,0.0,51.40018333333308,0.0,833.3333333333334,0.0,2595.65875925926,1669.7328333333337,0.0,371.8803264166648,0.0
2025-01-12,50,q4_warmup,1.3842,1191.9693333333332,379.4681666666667,649.1582333333333,367.5336,0.0,389.7416166666664,0.0,422.7595500000001,0.0,1669.7328333333337,1200.0,0.0,2697.401728949998,-2.273736754432321e-13
2025-01-12,51,q4_warmup,1.3797,1223.63,433.5125,645.0783333333333,429.8625,0.0,790.1175000000001,0.0,-0.0,0.0,1200.0,1200.0,0.0,5450.62557375,0.0
2025-01-12,52,q4_warmup,1.3228,1229.3776833333334,476.5151,638.1354166666666,484.83383333333336,0.0,752.8625833333333,0.0,0.0,0.0,1200.0,1200.0,0.0,4979.433126166667,0.0
2025-01-12,53,q4_warmup,1.3107,1217.6242166666666,508.85021666666665,659.95555,531.3454166666667,0.0,708.7739999999999,0.0,0.0,0.0,1200.0,1200.0,0.0,4644.950408999999,0.0
2025-01-12,54,q4_warmup,1.3336,1199.9433333333334,540.275,710.3933333333333,573.4375,0.0,659.6683333333334,0.0,-0.0,0.0,1200.0,1200.0,0.0,4398.668446666667,0.0
2025-01-12,55,q4_warmup,1.2731,1174.8136,581.5059166666666,752.2063499999999,613.9011666666667,0.0,593.3076833333333,0.0,0.0,0.0,1200.0,1200.0,0.0,3776.700058258333,0.0
2025-01-12,56,q4_warmup,1.2172,1164.6848166666666,619.95395,755.4530333333333,638.1548666666666,0.0,544.7308666666667,0.0,0.0,0.0,1200.0,1200.0,0.0,3315.232054533333,0.0
2025-01-12,57,q4_warmup,1.2023,1168.18,640.65,742.485,654.68125,0.0,527.5300000000001,0.0,0.0,0.0,1200.0,1200.0,0.0,3171.2465950000005,0.0
2025-01-12,58,q4_warmup,1.2001,1164.1358,642.8960833333333,761.3455666666667,690.7507333333333,0.0,521.2397166666667,0.0,0.0,0.0,1200.0,1200.0,0.0,3127.6989198583333,0.0
2025-01-12,59,q4_warmup,1.3318,1170.7007,666.9013666666666,765.0443166666668,738.4695333333334,0.0,503.7993333333335,0.0,-0.0,0.0,1200.0,1200.0,0.0,3354.799760666668,0.0
2025-01-12,60,q4_warmup,1.4993,1178.0916666666667,715.475,736.5383333333333,768.6374999999999,0.0,462.6166666666667,0.0,-0.0,0.0,1200.0,1200.0,0.0,3468.0058416666666,0.0
2025-01-12,61,q4_warmup,1.4555,1158.1913,753.6041,709.7666333333333,760.9039833333333,0.0,404.5872,0.0,-0.0,0.0,1200.0,1200.0,0.0,2944.3833479999994,0.0
2025-01-12,62,q4_warmup,1.3814,1158.84445,785.1208499999999,704.4237333333334,776.39075,0.0,373.72360000000015,0.0,-0.0,0.0,1200.0,1200.0,0.0,2581.308905200001,0.0
2025-01-12,63,q4_warmup,1.4089,1177.7216666666666,819.1,709.9033333333333,833.46875,0.0,358.62166666666656,0.0,-0.0,0.0,1200.0,1200.0,0.0,2526.3103308333325,0.0
2025-01-12,64,q4_warmup,1.4511,1165.1924333333334,853.2371333333334,702.4639999999999,893.9995833333334,0.0,311.9553,0.0,-0.0,0.0,1200.0,1200.0,0.0,2263.39167915,0.0
2025-01-12,65,q4_warmup,1.2001,1158.16105,861.5985833333334,708.8483333333334,946.6465333333334,0.0,296.5624666666665,0.0,-0.0,0.0,1200.0,1200.0,0.0,1779.5230812333325,0.0
2025-01-12,66,q4_warmup,0.7916,1156.905,856.09375,733.4583333333334,983.53125,0.0,300.81125,0.0,0.0,0.0,1200.0,1200.0,0.0,1190.6109275,0.0
2025-01-12,67,q4_warmup,0.6973,1130.8251666666667,877.28965,745.7533666666667,997.8682666666668,581.2184333333333,505.65041666666673,833.3333333333334,0.0,0.0,1200.0,1950.0,405.28361356333335,1762.9501777083335,-1.1368683772161605e-13
2025-01-12,68,q4_warmup,0.7513,1156.1433833333333,906.2463333333334,719.1192,1002.5773333333332,549.8752000000001,533.3551833333332,833.3333333333334,0.0,0.0,1950.0,2700.0,413.12123776,2003.5487461916664,-1.1368683772161605e-13
2025-01-12,69,q4_warmup,0.7761,1205.0916666666667,923.3375,689.7633333333333,1006.11875,0.0,1108.0861333333344,826.3319666666677,0.0,0.0,2700.0,3443.698770000001,0.0,4299.928240400004,-1.1368683772161605e-13
2025-01-12,70,q4_warmup,0.7549,1163.3785833333334,926.52155,719.13355,1008.0283166666668,152.64982132839293,917.5405453382738,833.3333333333334,0.0,0.0,3443.698770000001,4193.698770000001,115.23535012080384,3463.2567883793145,-1.1368683772161605e-13
2025-01-12,71,q4_warmup,0.7039,1094.4836333333333,925.2126833333332,728.0537666666668,1009.3277333333334,552.0593666666667,450.5449166666667,833.3333333333334,0.0,0.0,4193.698770000001,4943.698770000001,388.5945881966667,1585.6928342083334,1.1368683772161605e-13
2025-01-12,72,q4_warmup,0.6739,1073.4283333333333,926.94375,697.6533333333333,999.40625,531.5804166666667,448.2375,833.3333333333334,0.0,0.0,4943.698770000001,5693.698770000001,358.2320427916667,1510.33625625,1.1368683772161605e-13
2025-01-12,73,q4_warmup,0.7144,1114.4374,932.2802,688.7547666666666,969.1625333333332,552.9255666666666,462.5649666666668,833.3333333333334,0.0,0.0,5693.698770000001,6443.698770000001,395.0100248266666,1652.282060933334,-1.1368683772161605e-13
2025-01-12,74,q4_warmup,0.755,1129.8718833333337,932.9005,696.7887666666667,961.8237666666668,0.0,1030.304716666667,833.3333333333333,0.0,0.0,6443.698770000001,7193.698770000001,0.0,3889.400305416668,0.0
2025-01-12,75,q4_warmup,0.7122,1096.8116666666667,933.01875,708.4833333333332,985.1625,556.6541666666666,440.47208333333344,833.3333333333333,0.0,0.0,7193.698770000001,7943.698770000001,396.4490975,1568.521088750001,0.0
2025-01-12,76,q4_warmup,0.6018,1074.6241,941.7490666666666,715.6275166666666,1004.2349,544.72595,421.4824166666666,833.3333333333333,0.0,0.0,7943.698770000001,8693.69877,327.81607671,1268.2405917499998,0.0
2025-01-12,77,q4_warmup,0.7462,1091.0856,931.34425,697.0672500000001,1007.7281333333334,522.6724500000003,470.40223333333313,833.3333333333333,0.0,0.0,8693.69877,9443.69877,390.0181821900002,1755.0707325666658,0.0
2025-01-12,78,q4_warmup,1.0665,1130.705,918.51875,665.16,986.61875,0.0,0.0,0.0,212.18625,0.0,9443.69877,9207.93627,0.0,0.0,0.0
2025-01-12,79,q4_warmup,1.1375,1149.2826833333334,943.5549833333332,656.5186166666666,938.03815,0.0,0.0,0.0,205.7277000000001,0.0,9207.93627,8979.349936666667,0.0,0.0,0.0
2025-01-12,80,q4_warmup,1.0536,1127.418,930.0168833333332,658.2507666666667,898.36605,0.0,65.31150566666597,0.0,132.0896110000007,0.0,8979.349936666667,8832.583702222222,0.0,344.06101185199634,0.0
2025-01-12,81,q4_warmup,0.9966,1100.0866666666668,870.9875000000001,663.9116666666666,868.71875,0.0,229.09916666666675,0.0,0.0,0.0,8832.583702222222,8832.583702222222,0.0,1141.6011475000005,0.0
2025-01-12,82,q4_warmup,1.0651,1119.5466,836.7973166666667,679.7205333333333,822.3220333333334,0.0,282.7492833333332,0.0,0.0,0.0,8832.583702222222,8832.583702222222,0.0,1505.781308391666,0.0
2025-01-12,83,q4_warmup,1.2174,1119.60255,810.6100333333334,686.3905,798.2426999999999,0.0,0.0,0.0,308.9925166666667,0.0,8832.583702222222,8489.258683703703,0.0,0.0,0.0
2025-01-12,84,q4_warmup,1.351,1086.1166666666666,775.5625,675.165,782.3874999999999,0.0,0.0,0.0,310.55416666666656,0.0,8489.258683703703,8144.198498518518,0.0,0.0,0.0
2025-01-12,85,q4_warmup,1.3779,1073.5024833333334,737.0466,654.0992833333333,718.1878,0.0,0.0,0.0,336.4558833333334,0.0,8144.198498518518,7770.358628148148,0.0,0.0,0.0
2025-01-12,86,q4_warmup,1.3703,1081.3741333333337,698.2485499999999,630.31115,657.2059,0.0,0.0,0.0,383.1255833333338,0.0,7770.358628148148,7344.663535555554,0.0,0.0,0.0
2025-01-12,87,q4_warmup,1.4206,1089.715,666.0625,617.04,623.4812499999999,0.0,0.0,0.0,423.6524999999999,0.0,7344.663535555554,6873.938535555555,0.0,0.0,0.0
2025-01-12,88,q4_warmup,1.5072,1080.1297,643.9336999999999,626.5177,591.53305,0.0,0.0,0.0,436.196,0.0,6873.938535555555,6389.276313333333,0.0,0.0,0.0
2025-01-12,89,q4_warmup,1.26,1060.7666666666669,604.9411666666666,641.0206,558.9146,0.0,0.0,0.0,455.82550000000026,0.0,6389.276313333333,5882.803535555555,0.0,0.0,0.0
2025-01-12,90,q4_warmup,0.8497,1045.285,547.99375,640.9816666666667,525.24375,260.29427469135726,1070.3303086419762,833.3333333333334,0.0,0.0,5882.803535555555,6632.803535555555,221.17204520524623,4547.298316265436,-1.1368683772161605e-13
2025-01-12,91,q4_warmup,0.85,1043.3007,499.25875,625.63315,488.6875666666666,136.94558333333333,1240.4297,833.3333333333334,0.0,0.0,6632.803535555555,7382.803535555555,116.40374583333332,5271.826225,-1.1368683772161605e-13
2025-01-12,92,q4_warmup,0.9535,1053.06915,459.91635,642.9069000000001,458.1113833333333,184.79551666666677,1241.6906166666663,833.3333333333334,0.0,0.0,7382.803535555555,8132.803535555555,176.20252514166674,5919.760014958333,-1.1368683772161605e-13
2025-01-12,93,q4_warmup,0.9526,1072.055,421.41875,670.3016666666666,429.03125,241.27041666666665,1242.6991666666668,833.3333333333334,0.0,0.0,8132.803535555555,8882.803535555555,229.83419891666665,5918.976130833334,1.1368683772161605e-13
2025-01-12,94,q4_warmup,0.9499,1092.1816833333337,376.0339166666667,637.4974333333333,386.09485,251.40258333333333,1298.0785166666672,833.3333333333334,0.0,0.0,8882.803535555555,9632.803535555557,238.80731390833333,6165.223914908335,1.1368683772161605e-13
2025-01-12,95,q4_warmup,0.9784,1077.8995333333337,331.30505,609.5029666666667,334.78333333333336,274.7196333333333,1305.2081833333336,833.3333333333334,0.0,0.0,9632.803535555557,10382.803535555557,268.7856892533333,6385.078432866669,-1.1368683772161605e-13
2025-01-12,96,q4_warmup,1.0304,1051.335,288.58750000000003,604.6883333333334,286.4875,318.2008333333334,444.5466666666666,0.0,0.0,0.0,10382.803535555557,10382.803535555557,327.8741386666667,2290.3044266666666,0.0
2025-01-12,97,q4_warmup,1.0778,1070.0644,240.9935833333333,580.8684666666667,247.32615,333.5423166666667,495.52850000000007,0.0,0.0,0.0,10382.803535555557,10382.803535555557,359.4919089033334,2670.4030865000004,2.273736754432321e-13
2025-01-12,98,q4_warmup,1.0893,1078.087533333333,188.9808,576.8574666666667,201.12045,375.73701666666665,513.3697166666664,0.0,0.0,0.0,10382.803535555557,10382.803535555557,409.290332255,2796.0681618249982,0.0
2025-01-12,99,q4_warmup,1.0799,1056.0683333333334,138.44375,600.4633333333334,146.32500000000002,454.1383333333333,463.48625,0.0,0.0,0.0,10382.803535555557,10382.803535555557,490.4239861666667,2502.594006875001,0.0
2025-01-12,100,q4_warmup,1.0966,1043.193166666667,94.98975,605.9628166666666,96.89268333333332,509.0701333333332,439.1332833333338,0.0,0.0,0.0,10382.803535555557,10382.803535555557,558.2463082133332,2407.767792516669,0.0
2025-01-12,101,q4_warmup,1.1299,1049.1205,50.01395,546.0154833333333,48.68861666666667,497.32686666666666,501.7796833333334,0.0,0.0,0.0,10382.803535555557,10382.803535555557,561.9296266466666,2834.804320991667,0.0
2025-01-12,102,q4_warmup,1.1547,1062.97,11.76875,462.335,10.425,451.9100000000008,599.2912499999993,0.0,0.0,0.0,10382.803535555557,10382.803535555557,521.820477000001,3460.008031874996,0.0
2025-01-12,103,q4_warmup,1.1559,1066.037733333333,0.1201166666666666,452.2771333333333,0.0,452.2771333333333,613.6404833333331,0.0,0.0,0.0,10382.803535555557,10382.803535555557,522.7871384199999,3546.5351734249984,0.0
2025-01-12,104,q4_warmup,1.16,1058.6056,0.1249333333333333,481.1653,0.2525333333333333,480.9127666666666,577.5679000000001,0.0,0.0,0.0,10382.803535555557,10382.803535555557,557.8588093333332,3349.8938200000007,0.0
2025-01-12,105,q4_warmup,1.1591,1058.2016666666666,0.0,501.7416666666666,0.0,501.7416666666666,556.46,0.0,0.0,0.0,10382.803535555557,10382.803535555557,581.5687658333333,3224.9639300000003,0.0
2025-01-12,106,q4_warmup,1.1347,1061.67985,0.0,495.5366166666667,0.0,495.5366166666667,566.1432333333332,0.0,0.0,0.0,10382.803535555557,10382.803535555557,562.2853989316667,3212.0136343166664,0.0
2025-01-12,107,q4_warmup,1.1982,943.06985,0.0089666666666666,473.96945,0.0181333333333333,331.22813333333283,611.8327500000005,0.0,0.0,0.0,10382.803535555557,10382.803535555557,396.87754935999936,3665.490005250003,0.0
2025-01-12,108,q4_warmup,1.3054,757.6983333333333,0.0,463.6616666666666,0.0,0.0,0.0,0.0,757.6983333333334,0.0,10382.803535555557,9540.916498518518,0.0,0.0,1.1368683772161605e-13
2025-01-12,109,q4_warmup,1.2953,704.8200333333333,0.0,480.8428666666667,0.0,0.0,0.0,0.0,704.8200333333333,0.0,9540.916498518518,8757.783128148149,0.0,0.0,0.0
2025-01-12,110,q4_warmup,1.2879,714.4143333333333,0.00065,471.95161666666667,0.0013,0.0,520.6428179999997,0.0,193.7708653333337,0.0,8757.783128148149,8542.482166666667,0.0,3352.6794265109984,0.0
2025-01-12,111,q4_warmup,1.294,727.9783333333334,0.0,448.64166666666665,0.0,0.0,279.3366666666666,0.0,448.6416666666668,0.0,8542.482166666667,8043.991425925926,0.0,1807.308233333333,0.0
2025-01-12,112,q4_warmup,1.2309,756.3149166666667,0.0,472.58801666666665,0.0,0.0,756.3149166666667,0.0,-0.0,0.0,8043.991425925926,8043.991425925926,0.0,4654.740154625,0.0
2025-01-12,113,q4_warmup,1.3501,764.5870333333334,0.0,478.3320000000001,0.0,0.0,286.25503333333296,0.0,478.3320000000004,0.0,8043.991425925926,7512.511425925925,0.0,1932.3646025166645,0.0
2025-01-12,114,q4_warmup,1.5875,746.7983333333333,0.0,453.7866666666666,0.0,0.0,0.0,0.0,746.7983333333333,0.0,7512.511425925925,6682.7355,0.0,0.0,0.0
2025-01-12,115,q4_warmup,1.5957,733.5685833333333,0.0,454.0116833333333,0.0,0.0,0.0,0.0,733.5685833333333,0.0,6682.7355,5867.659296296296,0.0,0.0,0.0
2025-01-12,116,q4_warmup,1.4953,736.2062,0.0,460.0325,0.0,0.0,0.0,0.0,736.2062,0.0,5867.659296296296,5049.652407407407,0.0,0.0,0.0
2025-01-12,117,q4_warmup,1.4438,733.32,0.0,470.67,0.0,0.0,612.5895166666676,0.0,120.73048333333244,0.0,5049.652407407407,4915.507425925926,0.0,4422.283720816673,0.0
2025-01-12,118,q4_warmup,1.4763,698.284,0.0,502.2483333333333,0.0,0.0,0.0,0.0,698.284,0.0,4915.507425925926,4139.636314814815,0.0,0.0,0.0
2025-01-12,119,q4_warmup,1.4823,690.1758166666667,0.0,495.7262166666667,0.0,0.0,0.0,0.0,690.1758166666667,0.0,4139.636314814815,3372.774296296296,0.0,0.0,0.0
2025-01-12,120,q4_warmup,1.4555,720.7266666666666,0.0,455.1716666666667,0.0,0.0,656.040266666667,0.0,64.68639999999964,0.0,3372.774296296296,3300.9005185185188,0.0,4774.333040666669,0.0
2025-01-12,121,q4_warmup,1.4884,740.9029166666666,0.0,447.7202833333333,0.0,0.0,293.18263333333323,0.0,447.7202833333333,0.0,3300.9005185185188,2803.433537037037,0.0,2181.865157266666,0.0
2025-01-12,122,q4_warmup,1.5126,735.99085,0.0,463.75645,0.0,0.0,272.23439999999994,0.0,463.7564500000001,0.0,2803.433537037037,2288.1485925925926,0.0,2058.9087672,0.0
2025-01-12,123,q4_warmup,1.5448,725.305,0.0,483.09,0.0,0.0,242.2149999999998,0.0,483.09000000000015,0.0,2288.1485925925926,1751.3819259259258,0.0,1870.8686599999985,0.0
2025-01-12,124,q4_warmup,1.6226,740.11265,0.0,496.2437333333333,0.0,0.0,243.86891666666688,0.0,496.2437333333331,0.0,1751.3819259259258,1200.0,0.0,1978.508520916668,0.0
2025-01-12,125,q4_warmup,1.3842,760.9584,0.0,498.80275,0.0,0.0,760.9584,0.0,-0.0,0.0,1200.0,1200.0,0.0,5266.5930864,0.0
2025-01-12,126,q4_warmup,0.9591,760.5100000000001,0.0,493.9716666666666,0.0,493.9716666666666,266.53833333333347,0.0,-0.0,0.0,1200.0,1200.0,473.7682255,1278.1845775000006,0.0
2025-01-12,127,q4_warmup,0.8784,731.4806333333332,0.0,488.9876166666666,0.0,488.9876166666666,242.4930166666666,0.0,2.8421709430404014e-14,0.0,1200.0,1200.0,429.52672247999993,1065.0293291999994,0.0
2025-01-12,128,q4_warmup,0.9194,724.0906166666667,0.0,482.12966666666665,0.0,482.12966666666665,241.9609500000001,0.0,-2.8421709430404014e-14,0.0,1200.0,1200.0,443.2700155333333,1112.2944871500004,0.0
2025-01-12,129,q4_warmup,0.9425,748.8716666666666,0.0,486.3416666666667,0.0,486.3416666666667,262.52999999999986,0.0,-0.0,0.0,1200.0,1200.0,458.37702083333335,1237.1726249999997,0.0
2025-01-12,130,q4_warmup,0.9976,755.8918333333332,0.0,508.4937,0.0,508.4937,247.39813333333325,0.0,-0.0,0.0,1200.0,1200.0,507.27331512,1234.0218890666663,0.0
2025-01-12,131,q4_warmup,0.8041,675.1566833333333,0.0,468.5596833333333,0.0,468.5596833333333,206.59699999999992,0.0,-0.0,0.0,1200.0,1200.0,376.76884136833337,830.6232384999997,0.0
2025-01-12,132,q4_warmup,0.4677,563.14,0.0,385.1816666666667,0.0,385.1816666666667,177.95833333333331,0.0,-0.0,0.0,1200.0,1200.0,180.1494655,416.1555624999999,0.0
2025-01-12,133,q4_warmup,0.409,553.7117833333333,0.0,369.3645166666667,0.0,369.3645166666667,184.3472666666666,0.0,-0.0,0.0,1200.0,1200.0,151.07008731666667,376.9901603333332,0.0
2025-01-12,134,q4_warmup,0.4283,570.6167666666666,0.0,417.6178166666666,0.0,417.6178166666666,152.99894999999998,0.0,-0.0,0.0,1200.0,1200.0,178.86571087833337,327.647251425,0.0
2025-01-12,135,q4_warmup,0.4059,571.2466666666667,0.0,459.385,0.0,459.385,111.86166666666668,0.0,-0.0,0.0,1200.0,1200.0,186.4643715,227.02325250000004,0.0
2025-01-12,136,q4_warmup,0.4267,585.1130666666667,0.0,427.7989500000001,0.0,427.7989500000001,157.31411666666662,0.0,-0.0,0.0,1200.0,1200.0,182.541811965,335.62966790833326,0.0
2025-01-12,137,q4_warmup,0.4372,582.4459666666667,0.0,414.0708333333334,0.0,414.0708333333334,168.37513333333328,0.0,-0.0,0.0,1200.0,1200.0,181.03176833333333,368.06804146666656,0.0
2025-01-12,138,q4_warmup,0.4352,579.2483333333333,0.0,432.20666666666665,0.0,432.20666666666665,147.04166666666669,0.0,-0.0,0.0,1200.0,1200.0,188.09634133333333,319.9626666666667,0.0
2025-01-12,139,q4_warmup,0.4689,616.8086833333333,0.0,411.1607333333333,0.0,411.1607333333333,205.64795,0.0,-0.0,0.0,1200.0,1200.0,192.79326786,482.141618775,0.0
2025-01-12,140,q4_warmup,0.4409,598.4355833333333,0.0,404.94953333333336,0.0,404.94953333333336,193.48604999999992,0.0,-0.0,0.0,1200.0,1200.0,178.5422492466667,426.5399972249998,0.0
2025-01-12,141,q4_warmup,0.3872,553.85,0.0,425.9533333333333,0.0,425.9533333333333,127.89666666666672,0.0,-1.4210854715202004e-14,0.0,1200.0,1200.0,164.92913066666665,247.60794666666675,0.0
2025-01-12,142,q4_warmup,0.4415,606.16115,0.0,438.4365833333333,0.0,438.4365833333333,167.7245666666667,0.0,-0.0,0.0,1200.0,1200.0,193.56975154166665,370.2519809166668,0.0
2025-01-12,143,q4_warmup,0.4556,614.5357333333333,0.0,506.28425,0.0,506.28425,108.25148333333328,0.0,-0.0,0.0,1200.0,1200.0,230.6631043,246.5968790333332,0.0
2025-01-12,144,q4_warmup,0.4287,571.4866666666667,0.0,612.8033333333334,0.0,612.8033333333334,0.0,-0.0,0.0,41.31666666666673,1200.0,1200.0,262.708789,0.0,-7.105427357601002e-15
2025-01-13,1,q4_warmup,0.5009,610.8037666666667,0.0,657.94785,0.0,657.94785,0.0,-0.0,0.0,47.14408333333336,1200.0,1200.0,329.566078065,0.0,0.0
2025-01-13,2,q4_warmup,0.5089,632.6709,0.0,635.2535166666667,0.0,635.2535166666667,0.0,2.582616666666695,0.0,0.0,1200.0,1202.324355,323.2805146316667,0.0,0.0
2025-01-13,3,q4_warmup,0.4335,606.7016666666667,0.0,603.7666666666667,0.0,1437.1,0.3523833333334778,830.7507166666667,0.0,0.0,1202.324355,1950.0,622.98285,0.7637908750003132,-1.1368683772161605e-13
2025-01-13,4,q4_warmup,0.4309,603.7507166666667,0.0,627.08245,0.0,1460.4157833333334,0.0,833.3333333333333,0.0,23.331733333333432,1950.0,2700.0,629.2931610383333,0.0,0.0
2025-01-13,5,q4_warmup,0.4676,583.7098500000001,0.0,627.7096,0.0,1461.0429333333334,0.0,833.3333333333333,0.0,43.99975000000006,2700.0,3450.0,683.1836756266667,0.0,0.0
2025-01-13,6,q4_warmup,0.4793,573.7083333333334,0.0,594.9616666666667,0.0,594.9616666666667,0.0,21.25333333333333,0.0,0.0,3450.0,3469.128,285.1651268333334,0.0,0.0
2025-01-13,7,q4_warmup,0.4462,646.2420166666667,0.0,601.4366166666667,0.0,1434.76995,23.55206666666641,812.0799999999998,0.0,0.0,3469.128,4200.0,640.1943516900001,52.54466073333275,0.0
2025-01-13,8,q4_warmup,0.4467,676.3978333333333,0.0,642.1397166666667,0.0,1475.47305,34.258116666666524,833.3333333333333,0.0,0.0,4200.0,4950.0,659.093811435,76.51550357499967,-1.1368683772161605e-13
2025-01-13,9,q4_warmup,0.4926,642.4933333333333,0.0,677.345,0.0,677.345,0.0,34.85166666666669,0.0,0.0,4950.0,4981.3665,333.660147,0.0,0.0
2025-01-13,10,q4_warmup,0.5108,642.4381166666667,0.0,667.3810166666666,0.0,667.3810166666666,0.0,24.94289999999989,0.0,0.0,4981.3665,5003.81511,340.89822331333335,0.0,0.0
2025-01-13,11,q4_warmup,0.4546,640.80015,0.0,630.0515666666666,0.0,1463.3849,0.0,822.58475,0.0,0.0,5003.81511,5744.141385,665.25477554,0.0,0.0
2025-01-13,12,q4_warmup,0.3893,632.1683333333334,0.0,607.5016666666667,0.0,1440.835,0.0,808.6666666666666,0.0,0.0,5744.141385,6471.941385,560.9170655,0.0,0.0
2025-01-13,13,q4_warmup,0.4316,653.3865333333333,0.0,630.0756833333334,0.0,1463.4090166666667,0.0,810.0224833333334,0.0,0.0,6471.941385,7200.96162,631.6073315933334,0.0,0.0
2025-01-13,14,q4_warmup,0.4906,653.68165,0.0,644.9068666666667,0.0,644.9068666666667,7.909325333333254,0.0,0.865458000000035,0.0,7200.96162,7200.0,316.3913087866667,19.401575042666472,0.0
2025-01-13,15,q4_warmup,0.4925,640.2383333333333,0.0,652.3116666666666,0.0,652.3116666666666,0.0,12.073333333333268,0.0,0.0,7200.0,7210.866,321.2634958333333,0.0,0.0
2025-01-13,16,q4_warmup,0.4529,672.0840166666667,0.0,698.7637166666667,0.0,1532.09705,0.0,821.26,0.0,38.753033333333406,7210.866,7950.0,693.8867539450001,0.0,0.0
2025-01-13,17,q4_warmup,0.4605,696.0026666666666,0.0,721.7912500000001,0.0,1555.1245833333337,0.0,833.3333333333333,0.0,25.788583333333577,7950.0,8700.0,716.1348706250001,0.0,0.0
2025-01-13,18,q4_warmup,0.5043,691.0883333333333,0.0,694.5933333333334,0.0,694.5933333333334,0.0,0.0,0.0,3.505000000000109,8700.0,8700.0,350.283418,0.0,0.0
2025-01-13,19,q4_warmup,0.4949,687.9624666666667,0.0,658.6037333333334,0.0,658.6037333333334,29.35873333333336,0.0,-0.0,0.0,8700.0,8700.0,325.9429876266667,72.6481856333334,0.0
2025-01-13,20,q4_warmup,0.4916,679.2885,0.0,669.47555,0.0,669.47555,9.81295,0.0,0.0,0.0,8700.0,8700.0,329.11418038,24.1202311,0.0
2025-01-13,21,q4_warmup,0.4889,669.3583333333333,0.0,698.5016666666667,0.0,698.5016666666667,0.0,29.14333333333332,0.0,0.0,8700.0,8726.229,341.4974648333333,0.0,0.0
2025-01-13,22,q4_warmup,0.4324,677.6823166666667,0.0,668.2077333333333,0.0,1501.541066666667,0.0,804.1900000000007,0.0,19.66874999999925,8726.229,9450.0,649.2663572266666,0.0,0.0
2025-01-13,23,q4_warmup,0.4739,697.26815,0.0,651.30355,0.0,651.30355,45.96460000000002,0.0,-0.0,0.0,9450.0,9450.0,308.65275234499995,108.91311970000004,0.0
2025-01-13,24,q4_warmup,0.5849,709.4250000000001,0.0,676.9583333333334,0.0,541.963125947716,32.46187405228409,0.0,135.0,0.0,9450.0,9300.0,316.99423236681906,94.93475066590482,0.0
2025-01-13,25,q4_warmup,0.575,698.6765166666668,0.0,700.0366,0.0,700.0366,0.0,0.00591680787895,0.0,1.3541665254543005,9300.0,9300.005325127093,402.521045,0.0,0.0
2025-01-13,26,q4_warmup,0.533,681.7081166666667,0.0,706.6536333333333,0.0,706.6536333333333,0.0,0.0,0.0,24.945516666666663,9300.005325127093,9300.005325127093,376.6463865666667,0.0,0.0
2025-01-13,27,q4_warmup,0.5326,682.6183333333333,0.0,698.2233333333334,0.0,698.2233333333334,0.0,0.0,0.0,15.605000000000018,9300.005325127093,9300.005325127093,371.8737473333333,0.0,0.0
2025-01-13,28,q4_warmup,0.5487,710.3667166666668,0.0,685.6066833333333,0.0,685.6066833333333,24.760033333333467,0.0,-0.0,0.0,9300.005325127093,9300.005325127093,376.192387145,67.92915145000038,0.0
2025-01-13,29,q4_warmup,0.5152,718.9996333333333,0.0,689.7339666666667,0.0,689.7339666666667,29.265666666666675,0.0,-0.0,0.0,9300.005325127093,9300.005325127093,355.3509396266667,75.38835733333336,0.0
2025-01-13,30,q4_warmup,0.4736,715.3016666666667,0.0,702.54,0.0,1535.867416525454,12.76166666666711,833.3274165254544,0.0,0.0,9300.005325127093,10050.0,727.386808466455,30.21962666666772,-1.1368683772161605e-13
2025-01-13,31,q4_warmup,0.5274,745.5997833333332,0.0,700.4579666666667,0.0,700.4579666666667,45.1418166666665,0.0,-0.0,0.0,10050.0,10050.0,369.42153162,119.03897054999956,0.0
2025-01-13,32,q4_warmup,0.5622,751.2672333333334,0.0,720.06335,0.0,720.06335,31.20388333333335,0.0,-0.0,0.0,10050.0,10050.0,404.81961537,87.71411605000004,0.0
2025-01-13,33,q4_warmup,0.4889,708.4266666666667,0.0,731.1216666666666,0.0,731.1216666666666,0.0,22.694999999999823,0.0,0.0,10050.0,10070.4255,357.44538283333327,0.0,0.0
2025-01-13,34,q4_warmup,0.3812,671.5013666666667,0.0,681.1305333333333,0.0,1514.4638666666667,0.0,810.638333333334,0.0,32.324166666665974,10070.4255,10800.0,577.3136259733333,0.0,0.0
2025-01-13,35,q4_warmup,0.6106,753.0417333333334,0.0,745.8919,0.0,745.8919,7.14983333333339,0.0,-0.0,0.0,10800.0,10800.0,455.44159414,21.82844116666684,0.0
2025-01-13,36,q4_warmup,1.0241,892.835,0.0,900.1083333333332,0.0,900.1083333333332,0.0,0.0,-0.0,7.273333333333198,10800.0,10800.0,921.8009441666666,0.0,0.0
2025-01-13,37,q4_warmup,1.0755,910.3188833333334,0.0,931.6771333333332,0.0013499999999999,931.6757833333332,0.0,0.0,-0.0,21.35689999999988,10800.0,10800.0,1002.0173049749998,0.0,0.0
2025-01-13,38,q4_warmup,1.0265,886.66745,0.0001833333333333,914.0460333333334,0.0,914.0460333333334,0.0,0.0,-0.0,27.378766666666717,10800.0,10800.0,938.2682532166668,0.0,-7.105427357601002e-15
2025-01-13,39,q4_warmup,1.0571,894.7183333333334,0.0,914.2883333333332,0.0,914.2883333333332,0.0,0.0,-0.0,19.569999999999936,10800.0,10800.0,966.4941971666666,0.0,0.0
2025-01-13,40,q4_warmup,1.0704,919.2638833333334,0.0,916.4935833333334,0.0186999999999999,916.4748833333334,2.7889999999999877,0.0,-0.0,0.0,10800.0,10800.0,980.99471512,14.926727999999931,0.0
2025-01-13,41,q4_warmup,1.0265,900.6833166666667,0.4901666666666666,896.8989,0.3671,896.5318,3.661350000000013,0.0,-0.0,0.0,10800.0,10800.0,920.2898927,18.79187887500007,0.0
2025-01-13,42,q4_warmup,0.9985,871.0733333333333,13.1625,868.1166666666667,11.1875,856.9291666666667,0.9816666666665927,0.0,-0.0,0.0,10800.0,10800.0,855.6437729166668,4.9009708333329645,0.0
2025-01-13,43,q4_warmup,1.0841,919.0848833333332,52.51173333333333,871.5858166666667,45.25998333333334,826.3258333333333,40.24731666666656,0.0,-0.0,0.0,10800.0,10800.0,895.8198359166668,218.16057999166608,0.0
2025-01-13,44,q4_warmup,1.1031,954.7706,100.66598333333332,912.1077833333334,87.54268333333333,149.56510000000014,29.539516666666486,0.0,675.0,0.0,10800.0,10050.0,164.98526181000014,162.92520417499898,0.0
2025-01-13,45,q4_warmup,0.9731,913.7433333333332,147.33124999999998,936.3766666666668,130.32500000000002,806.0516666666666,0.0,39.63958333333338,0.0,0.0,10050.0,10085.675625,784.3688768333333,0.0,-2.8421709430404014e-14
2025-01-13,46,q4_warmup,0.8401,849.2911666666668,197.68866666666668,904.2577333333334,177.97468333333333,1559.6163833333335,0.0,793.6937500000001,0.0,114.32013333333327,10085.675625,10800.0,1310.2337236383337,0.0,0.0
2025-01-13,47,q4_warmup,1.066,984.07245,255.27338333333333,1008.9825333333332,225.86615,783.1163833333334,0.0,-0.0,0.0,54.3173166666667,10800.0,10800.0,834.8020646333334,0.0,-2.8421709430404014e-14
2025-01-13,48,q4_warmup,1.4618,1218.105,314.375,1196.361666666667,273.075,89.95333333333326,0.0,0.0,813.7766666666666,0.0,10800.0,9895.803703703705,131.49378266666656,0.0,0.0
2025-01-13,49,q4_warmup,1.4538,1218.08605,365.3732,1208.712183333333,323.9786666666667,51.4001833333333,0.0,0.0,801.3126666666667,0.0,9895.803703703705,9005.456296296295,74.72558652999996,0.0,0.0
2025-01-13,50,q4_warmup,1.3274,1166.0101333333334,416.9935833333333,1191.9693333333332,379.4681666666667,0.0,0.0,0.0,749.0165500000002,0.0,9005.456296296295,8173.215685185184,0.0,0.0,0.0
2025-01-13,51,q4_warmup,1.2934,1189.76,467.7125,1223.63,433.5125,0.0,0.0,0.0,722.0475,0.0,8173.215685185184,7370.940685185184,0.0,0.0,0.0
2025-01-13,52,q4_warmup,1.2814,1231.1732,508.5024666666666,1229.3776833333334,476.5151,0.0,0.0,0.0,722.6707333333334,0.0,7370.940685185184,6567.973203703702,0.0,0.0,0.0
2025-01-13,53,q4_warmup,1.2824,1238.0077166666667,558.5020666666667,1217.6242166666666,508.85021666666665,0.0,0.0,0.0,679.5056500000001,0.0,6567.973203703702,5812.966925925924,0.0,0.0,0.0
2025-01-13,54,q4_warmup,1.2905,1214.97,608.9625,1199.9433333333334,540.275,0.0,0.0,0.0,606.0075,0.0,5812.966925925924,5139.625259259257,0.0,0.0,0.0
2025-01-13,55,q4_warmup,1.2861,1210.5519166666666,630.45815,1174.8136,581.5059166666666,0.0,0.0,0.0,580.0937666666665,0.0,5139.625259259257,4495.076629629628,0.0,0.0,0.0
2025-01-13,56,q4_warmup,1.2579,1232.92255,650.2506500000001,1164.6848166666666,619.95395,303.932566666665,0.0,0.0,278.7393333333349,0.0,4495.076629629628,4185.366259259256,382.31677560999793,0.0,0.0
2025-01-13,57,q4_warmup,1.2228,1238.4433333333334,687.9250000000001,1168.18,640.65,527.5300000000001,0.0,0.0,22.98833333333323,0.0,4185.366259259256,4159.823666666663,645.0636840000002,0.0,0.0
2025-01-13,58,q4_warmup,1.2248,1181.696783333333,737.3714666666666,1164.1358,642.8960833333333,521.2397166666667,0.0,0.0,0.0,76.91440000000023,4159.823666666663,4159.823666666663,638.4144049733335,0.0,1.1368683772161605e-13
2025-01-13,59,q4_warmup,1.3054,1168.6245666666666,779.5012166666667,1170.7007,666.9013666666666,0.0,0.0,0.0,389.12335,0.0,4159.823666666663,3727.464388888885,0.0,0.0,0.0
2025-01-13,60,q4_warmup,1.395,1205.0216666666668,811.88125,1178.0916666666667,715.475,0.0,0.0,0.0,393.14041666666674,0.0,3727.464388888885,3290.6417037037,0.0,0.0,0.0
2025-01-13,61,q4_warmup,1.3755,1195.7390166666669,847.5726333333333,1158.1913,753.6041,0.0,0.0,0.0,348.1663833333336,0.0,3290.6417037037,2903.7901666666626,0.0,0.0,0.0
2025-01-13,62,q4_warmup,1.3715,1192.1144333333334,883.2929,1158.84445,785.1208499999999,0.0,0.0,0.0,308.8215333333334,0.0,2903.7901666666626,2560.6551296296257,0.0,0.0,0.0
2025-01-13,63,q4_warmup,1.4219,1204.2066666666667,918.40625,1177.7216666666666,819.1,0.0,0.0,0.0,285.8004166666667,0.0,2560.6551296296257,2243.099111111107,0.0,0.0,0.0
2025-01-13,64,q4_warmup,1.4003,1181.9292666666668,950.3488333333332,1165.1924333333334,853.2371333333334,0.0,0.0,0.0,231.58043333333356,0.0,2243.099111111107,1985.7875185185144,0.0,0.0,0.0
2025-01-13,65,q4_warmup,1.1272,1152.1983166666666,943.7051833333334,1158.16105,861.5985833333334,296.5624666666665,0.0,0.0,0.0,88.06933333333325,1985.7875185185144,1985.7875185185144,334.2852124266665,0.0,-1.1368683772161605e-13
2025-01-13,66,q4_warmup,0.7832,1159.6666666666667,915.1625,1156.905,856.09375,1134.1445833333332,0.0,0.0,0.0,889.6404166666665,1985.7875185185144,1985.7875185185144,888.2620376666666,0.0,-1.1368683772161605e-13
2025-01-13,67,q4_warmup,0.7498,1213.54865,928.13805,1130.8251666666667,877.28965,1086.86885,0.0,801.4582500000001,0.0,0.0,1985.7875185185144,2707.0999435185145,814.9342637300001,0.0,0.0
2025-01-13,68,q4_warmup,0.7374,1198.47785,988.9003833333333,1156.1433833333333,906.2463333333334,1083.2303833333333,0.0,825.4445072016506,0.0,48.20840946501596,2707.0999435185145,3450.0,798.77408467,0.0,1.1368683772161605e-13
2025-01-13,69,q4_warmup,0.6724,1141.49,1031.85,1205.0916666666667,923.3375,1115.0875,0.0,833.3333333333333,0.0,172.11416666666673,3450.0,4200.0,749.784835,0.0,0.0
2025-01-13,70,q4_warmup,0.7555,1171.7624166666667,984.1183666666668,1163.3785833333334,926.52155,1070.1903666666667,0.0,833.3333333333333,0.0,49.21298333333357,4200.0,4950.0,808.5288220166666,0.0,-2.273736754432321e-13
2025-01-13,71,q4_warmup,0.7486,1142.58395,965.3182,1094.4836333333333,925.2126833333332,1002.6042833333332,7.994799999999827,833.3333333333333,0.0,0.0,4950.0,5700.0,750.5495665033334,29.92453639999936,0.0
2025-01-13,72,q4_warmup,0.6466,1055.4483333333333,1004.775,1073.4283333333333,926.94375,979.8179166666666,0.0,833.3333333333333,0.0,95.81125000000009,5700.0,6450.0,633.5502649166666,0.0,-1.1368683772161605e-13
2025-01-13,73,q4_warmup,0.6861,1066.1096666666667,1018.2686166666668,1114.4374,932.2802,1015.4905333333334,0.0,833.3333333333333,0.0,134.31615000000022,6450.0,7200.0,696.7280549200001,0.0,1.1368683772161605e-13
2025-01-13,74,q4_warmup,0.6914,1076.8011,1022.2801833333332,1129.8718833333337,932.9005,1030.3047166666668,0.0,833.3333333333333,0.0,142.45046666666678,7200.0,7950.0,712.3526811033335,0.0,-1.1368683772161605e-13
2025-01-13,75,q4_warmup,0.6077,1055.2983333333334,1031.59375,1096.8116666666667,933.01875,997.12625,0.0,833.3333333333333,0.0,140.08833333333337,7950.0,8700.0,605.953622125,0.0,0.0
2025-01-13,76,q4_warmup,0.5924,1073.55045,1034.974516666667,1074.6241,941.7490666666666,966.2083666666668,0.0,833.3333333333333,0.0,94.2991000000004,8700.0,9450.0,572.3818364133334,0.0,0.0
2025-01-13,77,q4_warmup,0.7348,1096.5774666666666,1030.82445,1091.0856,931.34425,993.0746833333336,0.0,833.3333333333333,0.0,93.98833333333369,9450.0,10200.0,729.7112773133334,0.0,0.0
2025-01-13,78,q4_warmup,0.9443,1099.87,1022.80625,1130.705,918.51875,878.8529166666666,0.0,666.6666666666666,0.0,135.12250000000006,10200.0,10800.0,829.9008092083333,0.0,0.0
2025-01-13,79,q4_warmup,1.0326,1102.5359166666667,1013.2864833333332,1149.2826833333334,943.5549833333332,205.72770000000003,0.0,0.0,-0.0,116.47826666666651,10800.0,10800.0,212.43442302000005,0.0,0.0
2025-01-13,80,q4_warmup,1.0609,1140.2314333333334,990.0391833333332,1127.418,930.0168833333332,197.40111666666652,0.0,0.0,-0.0,47.20886666666638,10800.0,10800.0,209.42284467166647,0.0,0.0
2025-01-13,81,q4_warmup,1.0771,1176.4166666666667,954.225,1100.0866666666668,870.9875000000001,229.09916666666675,0.0,0.0,0.0,6.907500000000027,10800.0,10800.0,246.76271241666677,0.0,0.0
2025-01-13,82,q4_warmup,1.0814,1137.5771,917.5051,1119.5466,836.7973166666667,282.7492833333332,0.0,0.0,-0.0,62.67728333333321,10800.0,10800.0,305.7650749966665,0.0,0.0
2025-01-13,83,q4_warmup,1.1818,1102.210016666667,866.6378500000001,1119.60255,810.6100333333334,308.9925166666667,0.0,-0.0,0.0,73.42034999999987,10800.0,10800.0,365.1673561966667,0.0,0.0
2025-01-13,84,q4_warmup,1.3414,1102.9283333333333,812.5875,1086.1166666666666,775.5625,0.0,0.0,0.0,290.3408333333333,0.0,10800.0,10477.399074074074,0.0,0.0,0.0
2025-01-13,85,q4_warmup,1.3945,1096.79185,783.2975333333334,1073.5024833333334,737.0466,0.0,0.0,0.0,313.4943166666667,0.0,10477.399074074074,10129.072055555554,0.0,0.0,0.0
2025-01-13,86,q4_warmup,1.354,1078.4198,753.1061333333333,1081.3741333333337,698.2485499999999,0.0,0.0,0.0,325.31366666666656,0.0,10129.072055555554,9767.612425925923,0.0,0.0,0.0
2025-01-13,87,q4_warmup,1.3589,1072.92,704.31875,1089.715,666.0625,0.0,0.0,0.0,368.6012500000001,0.0,9767.612425925923,9358.05548148148,0.0,0.0,0.0
2025-01-13,88,q4_warmup,1.4891,1103.8954333333334,644.1768666666667,1080.1297,643.9336999999999,0.0,0.0,0.0,459.7185666666667,0.0,9358.05548148148,8847.257074074074,0.0,0.0,0.0
2025-01-13,89,q4_warmup,1.3007,1111.2504833333337,592.2872666666666,1060.7666666666669,604.9411666666666,0.0,0.0,0.0,518.9632166666671,0.0,8847.257074074074,8270.631277777777,0.0,0.0,0.0
2025-01-13,90,q4_warmup,0.8983,1081.8016666666667,558.4125,1045.285,547.99375,1330.6245833333337,0.0,807.2354166666668,0.0,0.0,8270.631277777777,8997.143152777777,1195.3000632083335,0.0,1.1368683772161605e-13
2025-01-13,91,q4_warmup,0.8592,1060.8495,534.9606,1043.3007,499.25875,1377.3752833333333,0.0,773.7796656378628,0.0,77.7067176954705,8997.143152777777,9693.544851851851,1183.44084344,0.0,-1.1368683772161605e-13
2025-01-13,92,q4_warmup,0.9434,1055.4557,496.9940833333333,1053.06915,459.91635,1426.486133333333,0.0,833.3333333333334,0.0,34.69118333333324,9693.544851851851,10443.544851851851,1345.7470181866668,0.0,0.0
2025-01-13,93,q4_warmup,0.96,1063.7033333333334,444.6,1072.055,421.41875,1046.697525720163,0.0,396.061275720163,0.0,31.53291666666661,10443.544851851851,10800.0,1004.8296246913563,0.0,-1.1368683772161605e-13
2025-01-13,94,q4_warmup,0.9669,1076.7579,399.83993333333336,1092.1816833333337,376.0339166666667,716.1477666666667,0.0,0.0,-0.0,39.22980000000001,10800.0,10800.0,692.44327559,0.0,5.684341886080803e-14
2025-01-13,95,q4_warmup,0.974,1056.1247666666666,356.10816666666665,1077.8995333333337,331.30505,746.5944833333335,0.0,0.0,-0.0,46.5778833333336,10800.0,10800.0,727.1830267666668,0.0,0.0
2025-01-13,96,q4_warmup,0.9903,1031.5583333333334,306.6,1051.335,288.58750000000003,762.7475,0.0,0.0,-0.0,37.789166666666574,10800.0,10800.0,755.34884925,0.0,-1.1368683772161605e-13
2025-01-13,97,q4_warmup,1.0208,1070.2885166666667,252.48963333333333,1070.0644,240.9935833333333,829.0708166666667,0.0,0.0,-0.0,11.271933333333294,10800.0,10800.0,846.3154896533333,0.0,-8.526512829121202e-14
2025-01-13,98,q4_warmup,1.0047,1090.7122833333333,197.63353333333336,1078.087533333333,188.9808,889.1067333333333,3.972016666666633,0.0,-0.0,0.0,10800.0,10800.0,893.2855349799999,19.95342572499983,0.0
2025-01-13,99,q4_warmup,0.999,1063.7183333333337,144.70624999999998,1056.0683333333334,138.44375,917.6245833333334,1.387500000000358,0.0,-0.0,0.0,10800.0,10800.0,916.70695875,6.9305625000017885,0.0
2025-01-13,100,q4_warmup,1.117,1040.9546166666669,94.4699,1043.193166666667,94.98975,948.2034166666668,0.0,0.0,-0.0,1.718699999999842,10800.0,10800.0,1059.1432164166667,0.0,5.684341886080803e-14
2025-01-13,101,q4_warmup,1.1698,1034.2178,47.48875,1049.1205,50.01395,999.10655,0.0,0.0,-0.0,12.377500000000076,10800.0,10800.0,1168.75484219,0.0,-2.131628207280301e-14
2025-01-13,102,q4_warmup,1.1193,1027.0083333333334,12.55625,1062.97,11.76875,1051.20125,0.0,0.0,-0.0,36.74916666666663,10800.0,10800.0,1176.609559125,0.0,9.237055564881302e-14
2025-01-13,103,q4_warmup,1.1142,1002.05155,0.7821666666666666,1066.037733333333,0.1201166666666666,1065.9176166666666,0.0,0.0,-0.0,64.64823333333327,10800.0,10800.0,1187.64540849,0.0,-4.263256414560601e-14
2025-01-13,104,q4_warmup,1.1398,1006.0284,0.0,1058.6056,0.1249333333333333,1058.4806666666668,0.0,0.0,-0.0,52.45226666666679,10800.0,10800.0,1206.4562638666669,0.0,0.0
2025-01-13,105,q4_warmup,1.1318,1049.5233333333333,0.0,1058.2016666666666,0.0,1058.2016666666666,0.0,0.0,-0.0,8.678333333333285,10800.0,10800.0,1197.6726463333332,0.0,0.0
2025-01-13,106,q4_warmup,1.0724,1070.2845166666666,0.0227666666666666,1061.67985,0.0,1061.67985,8.581899999999951,0.0,-0.0,0.0,10800.0,10800.0,1138.54547114,46.016147799999736,0.0
2025-01-13,107,q4_warmup,1.1422,934.62385,0.0,943.06985,0.0089666666666666,943.0608833333332,0.0,0.0,-0.0,8.437033333333375,10800.0,10800.0,1077.1641409433337,0.0,0.0
2025-01-13,108,q4_warmup,1.297,737.38,0.0,757.6983333333333,0.0,757.6983333333333,0.0,0.0,-0.0,20.31833333333327,10800.0,10800.0,982.7347383333332,0.0,0.0
2025-01-13,109,q4_warmup,1.304,722.3738666666667,0.0016333333333333,704.8200333333333,0.0,704.8200333333333,17.552200000000052,0.0,-0.0,0.0,10800.0,10800.0,919.0853234666666,114.44034400000037,0.0
2025-01-13,110,q4_warmup,1.2716,752.2923166666666,0.0,714.4143333333333,0.00065,714.4136833333333,37.878633333333255,0.0,-0.0,0.0,10800.0,10800.0,908.4484397266668,240.83235073333285,0.0
2025-01-13,111,q4_warmup,1.2629,732.48,0.0,727.9783333333334,0.0,727.9783333333334,4.501666666666665,0.0,-0.0,0.0,10800.0,10800.0,919.3638371666666,28.425774166666656,0.0
2025-01-13,112,q4_warmup,1.2433,705.1073833333334,0.0,756.3149166666667,0.0,756.3149166666667,0.0,0.0,-0.0,51.20753333333335,10800.0,10800.0,940.3263358916668,0.0,0.0
2025-01-13,113,q4_warmup,1.3124,696.5728666666668,0.0,764.5870333333334,0.0,125.97805000000028,0.0,0.0,570.5948166666665,0.0,10800.0,10166.00575925926,165.33359282000038,0.0,0.0
2025-01-13,114,q4_warmup,1.4547,716.3033333333333,0.0,746.7983333333333,0.0,0.0,0.0,0.0,716.3033333333333,0.0,10166.00575925926,9370.113166666668,0.0,0.0,0.0
2025-01-13,115,q4_warmup,1.5303,750.3625999999999,0.0,733.5685833333333,0.0,0.0,0.0,0.0,750.3625999999999,0.0,9370.113166666668,8536.376944444446,0.0,0.0,0.0
2025-01-13,116,q4_warmup,1.5096,741.2495,0.0,736.2062,0.0,0.0,0.0,0.0,741.2495,0.0,8536.376944444446,7712.76638888889,0.0,0.0,0.0
2025-01-13,117,q4_warmup,1.4751,710.6816666666667,0.0,733.32,0.0,0.0,0.0,0.0,710.6816666666667,0.0,7712.76638888889,6923.120092592593,0.0,0.0,0.0
2025-01-13,118,q4_warmup,1.5293,734.5088833333333,0.0,698.284,0.0,0.0,0.0,0.0,734.5088833333333,0.0,6923.120092592593,6106.999111111112,0.0,0.0,0.0
2025-01-13,119,q4_warmup,1.5301,748.7718333333333,0.0,690.1758166666667,0.0,0.0,0.0,0.0,748.7718333333333,0.0,6106.999111111112,5275.030407407408,0.0,0.0,0.0
2025-01-13,120,q4_warmup,1.4769,735.4133333333333,0.0,720.7266666666666,0.0,0.0,0.0,0.0,735.4133333333333,0.0,5275.030407407408,4457.904481481482,0.0,0.0,0.0
2025-01-13,121,q4_warmup,1.5065,740.67225,0.0,740.9029166666666,0.0,0.0,0.0,0.0,740.67225,0.0,4457.904481481482,3634.935314814816,0.0,0.0,0.0
2025-01-13,122,q4_warmup,1.4986,742.0775,0.0,735.99085,0.0,0.0,0.0,0.0,742.0775,0.0,3634.935314814816,2810.40475925926,0.0,0.0,0.0
2025-01-13,123,q4_warmup,1.4688,732.735,0.0,725.305,0.0,0.0,23.48336666666592,0.0,709.2516333333341,0.0,2810.40475925926,2022.3473888888889,0.0,172.46184479999448,0.0
2025-01-13,124,q4_warmup,1.5167,730.5805,0.0,740.11265,0.0,0.0,0.0,0.0,730.5805,0.0,2022.3473888888889,1210.5912777777776,0.0,0.0,0.0
2025-01-13,125,q4_warmup,1.2946,720.4999166666666,0.0,760.9584,0.0,760.9584,0.0,0.0,0.0,40.45848333333333,1210.5912777777776,1210.5912777777776,985.13674464,0.0,0.0
2025-01-13,126,q4_warmup,0.9315,729.8433333333334,0.0,760.5100000000001,0.0,760.5100000000001,0.0,0.0,0.0,30.666666666666742,1210.5912777777776,1210.5912777777776,708.4150650000001,0.0,0.0
2025-01-13,127,q4_warmup,0.9364,795.8265166666666,0.0,731.4806333333332,0.0,731.4806333333332,54.81373333333359,0.0,9.532149999999818,0.0,1210.5912777777776,1200.0,684.9584650533333,256.6378994666679,0.0
2025-01-13,128,q4_warmup,0.9934,798.6658000000001,0.0,724.0906166666667,0.0,724.0906166666667,74.57518333333337,0.0,-0.0,0.0,1200.0,1200.0,719.3116185966667,370.4149356166668,0.0
2025-01-13,129,q4_warmup,0.9695,759.0166666666668,0.0,748.8716666666666,0.0,748.8716666666666,10.14500000000021,0.0,-0.0,0.0,1200.0,1200.0,726.0310808333332,49.17788750000101,0.0
2025-01-13,130,q4_warmup,1.0068,796.3102166666666,0.0,755.8918333333332,0.0,755.8918333333332,40.4183833333334,0.0,-0.0,0.0,1200.0,1200.0,761.0318977999998,203.4661417000003,0.0
2025-01-13,131,q4_warmup,0.7903,717.7106166666667,0.0,675.1566833333333,0.0,675.1566833333333,42.55393333333348,0.0,-0.0,0.0,1200.0,1200.0,533.5763268383333,168.15186756666725,0.0
2025-01-13,132,q4_warmup,0.4425,560.4833333333333,0.0,563.14,0.0,563.14,0.0,0.0,0.0,2.656666666666638,1200.0,1200.0,249.18945,0.0,0.0
2025-01-13,133,q4_warmup,0.4448,567.4424833333334,0.0,553.7117833333333,0.0,553.7117833333333,13.73070000000007,0.0,-0.0,0.0,1200.0,1200.0,246.29100122666665,30.53707680000015,0.0
2025-01-13,134,q4_warmup,0.504,572.8720166666667,0.0,570.6167666666666,0.0,570.6167666666666,2.2552500000000464,0.0,-0.0,0.0,1200.0,1200.0,287.5908504,5.683230000000117,0.0
2025-01-13,135,q4_warmup,0.4432,530.0716666666666,0.0,571.2466666666667,0.0,571.2466666666667,0.0,41.17500000000007,0.0,0.0,1200.0,1237.0575,253.17652266666667,0.0,0.0
2025-01-13,136,q4_warmup,0.388,567.1485666666666,0.0,585.1130666666667,0.0,1418.4464,0.0,792.1583333333332,0.0,59.13950000000023,1237.0575,1950.0,550.3572032000001,0.0,0.0
2025-01-13,137,q4_warmup,0.4055,615.53395,0.0,582.4459666666667,0.0,582.4459666666667,33.08798333333357,0.0,-2.0463630789890886e-13,0.0,1950.0,1950.0,236.1818394833333,67.08588620833382,0.0
2025-01-13,138,q4_warmup,0.4446,607.8116666666666,0.0,579.2483333333333,0.0,579.2483333333333,28.563333333333507,0.0,-2.0463630789890886e-13,0.0,1950.0,1950.0000000000005,257.533809,63.49629000000038,0.0
2025-01-13,139,q4_warmup,0.4076,556.5846166666666,0.0,616.8086833333333,0.0,616.8086833333333,0.0,0.0,0.0,60.22406666666666,1950.0000000000005,1950.0000000000005,251.41121932666667,0.0,0.0
2025-01-13,140,q4_warmup,0.4004,576.4486166666667,0.0,598.4355833333333,0.0,598.4355833333333,0.0,0.0,0.0,21.986966666666422,1950.0000000000005,1950.000000000001,239.61360756666664,0.0,1.8118839761882557e-13
2025-01-13,141,q4_warmup,0.46,649.3583333333333,0.0,553.85,0.0,553.85,95.50833333333252,0.0,6.139089236967265e-13,0.0,1950.000000000001,1950.0,254.771,219.66916666666484,-2.273736754432321e-13
2025-01-13,142,q4_warmup,0.5067,644.1870833333334,0.0,606.16115,0.0,0.0,0.0,0.0,644.1870833333336,0.0,1950.0,1234.2365740740738,0.0,0.0,2.273736754432321e-13
2025-01-13,143,q4_warmup,0.4826,606.2678999999999,0.0,614.5357333333333,0.0,545.6968833333333,29.75810000000022,0.0,30.812916666666432,0.0,1234.2365740740738,1200.0,263.35331589666663,71.80629530000053,0.0
2025-01-13,144,q4_warmup,0.4298,593.7466666666667,0.0,571.4866666666667,0.0,571.4866666666667,22.25999999999999,0.0,-0.0,0.0,1200.0,1200.0,245.62496933333333,47.83673999999998,0.0
2025-01-14,1,q4_warmup,0.4435,616.3293166666666,0.0,610.8037666666667,0.0,1444.1371,5.525549999999953,833.3333333333333,0.0,0.0,1200.0,1950.0,640.47480385,12.252907124999895,-1.1368683772161605e-13
2025-01-14,2,q4_warmup,0.462,624.6072,0.0,632.6709,0.0,632.6709,0.0,8.063699999999926,0.0,0.0,1950.0,1957.25733,292.2939558,0.0,0.0
2025-01-14,3,q4_warmup,0.4567,611.875,0.0,606.7016666666667,0.0,1440.035,0.0,825.2696333333334,0.0,2.8903666666666368,1957.25733,2700.0,657.6639845000001,0.0,0.0
2025-01-14,4,q4_warmup,0.4619,614.5873166666667,0.0,603.7507166666667,0.0,603.7507166666667,10.836599999999976,0.0,-0.0,0.0,2700.0,2700.0,278.8724560283333,25.027127699999944,0.0
2025-01-14,5,q4_warmup,0.4729,615.1157333333333,0.0,583.7098500000001,0.0,583.7098500000001,31.40588333333324,0.0,-0.0,0.0,2700.0,2700.0,276.03638806500004,74.25921114166644,0.0
2025-01-14,6,q4_warmup,0.4628,621.5749999999999,0.0,573.7083333333334,0.0,573.7083333333334,47.86666666666656,0.0,-0.0,0.0,2700.0,2700.0,265.5122166666667,110.76346666666642,0.0
2025-01-14,7,q4_warmup,0.4159,657.8858333333334,0.0,646.2420166666667,0.0,1479.57535,11.643816666666568,833.3333333333333,0.0,0.0,2700.0,3450.0,615.355388065,24.213316758333125,1.1368683772161605e-13
2025-01-14,8,q4_warmup,0.4068,656.1048666666667,0.0,676.3978333333333,0.0,1509.7311666666667,0.0,833.3333333333333,0.0,20.29296666666676,3450.0,4200.0,614.1586386,0.0,0.0
2025-01-14,9,q4_warmup,0.4514,626.7583333333333,0.0,642.4933333333333,0.0,1475.8266666666668,0.0,833.3333333333333,0.0,15.73500000000024,4200.0,4950.0,666.1881573333335,0.0,0.0
2025-01-14,10,q4_warmup,0.4866,649.6088833333333,0.0,642.4381166666667,0.0,642.4381166666667,7.170766666666623,0.0,-0.0,0.0,4950.0,4950.0,312.61038757,17.446475299999893,0.0
2025-01-14,11,q4_warmup,0.464,676.2656833333333,0.0,640.80015,0.0,640.80015,35.46553333333327,0.0,-0.0,0.0,4950.0,4950.0,297.33126960000004,82.2800373333332,0.0
2025-01-14,12,q4_warmup,0.4301,679.7133333333334,0.0,632.1683333333334,0.0,1465.5016666666668,47.544999999999845,833.3333333333333,0.0,0.0,4950.0,5700.0,630.3122668333334,102.24552249999968,0.0
2025-01-14,13,q4_warmup,0.4703,680.6354833333334,0.0,653.3865333333333,0.0,653.3865333333333,27.24895000000004,0.0,-0.0,0.0,5700.0,5700.0,307.28768662666664,64.07590592500009,0.0
2025-01-14,14,q4_warmup,0.4687,673.19935,0.0,653.68165,0.0,653.68165,19.51769999999999,0.0,-0.0,0.0,5700.0,5700.0,306.380589355,45.73972994999998,0.0
2025-01-14,15,q4_warmup,0.4175,663.005,0.0,640.2383333333333,0.0,1473.5716666666667,22.766666666666534,833.3333333333333,0.0,0.0,5700.0,6450.0,615.2161708333333,47.5254166666664,-1.1368683772161605e-13
2025-01-14,16,q4_warmup,0.4303,666.99085,0.0,672.0840166666667,0.0,1505.4173500000002,0.0,833.3333333333333,0.0,5.093166666666889,6450.0,7200.0,647.7810857050001,0.0,0.0
2025-01-14,17,q4_warmup,0.4725,673.3498166666667,0.0,696.0026666666666,0.0,696.0026666666666,0.0,22.652849999999944,0.0,0.0,7200.0,7220.387565,328.86126,0.0,0.0
2025-01-14,18,q4_warmup,0.4799,675.2933333333334,0.0,691.0883333333333,0.0,691.0883333333333,0.0,15.794999999999844,0.0,0.0,7220.387565,7234.603065,331.65329116666663,0.0,0.0
2025-01-14,19,q4_warmup,0.4333,680.1736666666667,0.0,687.9624666666667,0.0,1521.2958,0.0,794.885483333333,0.0,46.2366500000004,7234.603065,7950.0,659.1774701400001,0.0,0.0
2025-01-14,20,q4_warmup,0.4484,700.90325,0.0,679.2885,0.0,1512.6218333333334,21.614749999999844,833.3333333333333,0.0,0.0,7950.0,8700.0,678.2596300666667,48.46026949999965,1.1368683772161605e-13
2025-01-14,21,q4_warmup,0.5188,720.6316666666667,0.0,669.3583333333333,0.0,669.3583333333333,51.27333333333331,0.0,-0.0,0.0,8700.0,8700.0,347.2631033333334,133.0030266666666,0.0
2025-01-14,22,q4_warmup,0.5272,708.8697166666667,0.0,677.6823166666667,0.0,677.6823166666667,31.187400000000025,0.0,-0.0,0.0,8700.0,8700.0,357.2741173466667,82.20998640000008,0.0
2025-01-14,23,q4_warmup,0.5339,702.7655500000001,0.0,697.26815,0.0,697.26815,5.497400000000084,0.0,-0.0,0.0,8700.0,8700.0,372.271465285,14.675309300000226,0.0
2025-01-14,24,q4_warmup,0.5509,714.0983333333334,0.0,709.4250000000001,0.0,709.4250000000001,4.673333333333289,0.0,-0.0,0.0,8700.0,8700.0,390.8222325,12.872696666666544,0.0
2025-01-14,25,q4_warmup,0.519,713.7702833333333,0.0,698.6765166666668,0.0,698.6765166666668,15.093766666666513,0.0,-0.0,0.0,8700.0,8700.0,362.61311215000006,39.1683244999996,0.0
2025-01-14,26,q4_warmup,0.4708,682.0052,0.0,681.7081166666667,0.0,681.7081166666667,0.2970833333332621,0.0,-0.0,0.0,8700.0,8700.0,320.94818132666666,0.699334166666499,0.0
2025-01-14,27,q4_warmup,0.4385,655.35,0.0,682.6183333333333,0.0,1515.9516666666668,0.0,833.3333333333334,0.0,27.26833333333343,8700.0,9450.0,664.7448058333334,0.0,0.0
2025-01-14,28,q4_warmup,0.4329,692.9606166666667,0.0,710.3667166666668,0.0,1543.70005,0.0,833.3333333333333,0.0,17.40610000000015,9450.0,10200.0,668.2677516450001,0.0,0.0
2025-01-14,29,q4_warmup,0.4713,732.4730500000001,0.0,718.9996333333333,0.0,718.9996333333333,13.473416666666708,0.0,-0.0,0.0,10200.0,10200.0,338.86452719,31.750106375000097,0.0
2025-01-14,30,q4_warmup,0.5266,729.27,0.0,715.3016666666667,0.0,715.3016666666667,13.968333333333248,0.0,-0.0,0.0,10200.0,10200.0,376.6778576666667,36.778621666666446,0.0
2025-01-14,31,q4_warmup,0.5396,698.7895833333333,0.0,745.5997833333332,0.0,745.5997833333332,0.0,0.0,0.0,46.810199999999895,10200.0,10200.0,402.32564308666656,0.0,0.0
2025-01-14,32,q4_warmup,0.5075,698.16495,0.0,751.2672333333334,0.0,751.2672333333334,0.0,0.0,0.0,53.10228333333339,10200.0,10200.0,381.26812091666665,0.0,0.0
2025-01-14,33,q4_warmup,0.4609,711.0,0.0,708.4266666666667,0.0,1375.0933333333337,2.573333333333153,666.6666666666666,0.0,0.0,10200.0,10800.0,633.7805173333334,5.9302466666662506,-1.1368683772161605e-13
2025-01-14,34,q4_warmup,0.4725,687.6035666666667,0.0,671.5013666666667,0.0,671.5013666666667,16.102199999999925,0.0,-0.0,0.0,10800.0,10800.0,317.28439575000004,38.04144749999982,0.0
2025-01-14,35,q4_warmup,0.6985,768.5742,0.0,753.0417333333334,0.0,753.0417333333334,15.532466666666664,0.0,-0.0,0.0,10800.0,10800.0,525.9996507333334,54.24713983333333,0.0
2025-01-14,36,q4_warmup,1.0021,910.935,0.0,892.835,0.0,892.835,18.09999999999991,0.0,-0.0,0.0,10800.0,10800.0,894.7099535,90.69004999999954,0.0
2025-01-14,37,q4_warmup,1.0587,915.5560166666668,0.00205,910.3188833333334,0.0,910.3188833333334,5.235083333333418,0.0,-0.0,0.0,10800.0,10800.0,963.754601785,27.71191362500045,0.0
2025-01-14,38,q4_warmup,1.0385,883.10115,0.0,886.66745,0.0001833333333333,886.6672666666667,0.0,0.0,0.0,3.566116666666744,10800.0,10800.0,920.8039564333334,0.0,0.0
2025-01-14,39,q4_warmup,1.0787,904.085,0.0,894.7183333333334,0.0,894.7183333333334,9.366666666666674,0.0,-0.0,0.0,10800.0,10800.0,965.1326661666668,50.519116666666704,0.0
2025-01-14,40,q4_warmup,1.1401,960.7646666666666,0.0284833333333333,919.2638833333334,0.0,919.2638833333334,41.47229999999984,0.0,-0.0,0.0,10800.0,10800.0,1048.0527533883333,236.4128461499991,0.0
2025-01-14,41,q4_warmup,1.1269,958.2236833333332,0.4016166666666667,900.6833166666667,0.4901666666666666,900.19315,57.62891666666654,0.0,-0.0,0.0,10800.0,10800.0,1014.427660735,324.7101309583326,0.0
2025-01-14,42,q4_warmup,1.0607,902.9916666666668,12.7875,871.0733333333333,13.1625,857.9108333333332,32.29333333333354,0.0,-0.0,0.0,10800.0,10800.0,909.9860209166666,171.26769333333442,0.0
2025-01-14,43,q4_warmup,1.0496,893.7362166666667,51.26291666666666,919.0848833333332,52.51173333333333,866.5731499999999,0.0,0.0,-0.0,24.099849999999925,10800.0,10800.0,909.55517824,0.0,2.131628207280301e-14
2025-01-14,44,q4_warmup,1.033,917.8654833333334,95.35843333333334,954.7706,100.66598333333332,854.1046166666666,0.0,0.0,-0.0,31.597566666666594,10800.0,10800.0,882.2900690166665,0.0,-1.4210854715202004e-14
2025-01-14,45,q4_warmup,0.9707,917.5983333333334,136.25,913.7433333333332,147.33124999999998,766.4120833333334,14.936249999999973,0.0,-0.0,0.0,10800.0,10800.0,743.9562092916667,72.49308937499987,0.0
2025-01-14,46,q4_warmup,0.9266,879.3562333333333,183.5329833333333,849.2911666666668,197.68866666666668,651.6025000000001,44.22074999999992,0.0,-0.0,0.0,10800.0,10800.0,603.7748765,204.87473474999965,0.0
2025-01-14,47,q4_warmup,1.1061,1014.9964,238.7611833333333,984.07245,255.27338333333333,728.7990666666667,47.43615,0.0,0.0,0.0,10800.0,10800.0,806.1246476400001,262.345627575,0.0
2025-01-14,48,q4_warmup,1.3952,1237.8383333333334,299.06875,1218.105,314.375,70.39666666666665,35.03958333333321,0.0,833.3333333333334,0.0,10800.0,9874.074074074077,98.2174293333333,244.4361333333325,-2.273736754432321e-13
2025-01-14,49,q4_warmup,1.447,1234.0593833333337,356.8407833333333,1218.08605,365.3732,19.379516666666746,24.50575000000015,0.0,833.3333333333334,0.0,9874.074074074077,8948.14814814815,28.04216061666678,177.2991012500011,0.0
2025-01-14,50,q4_warmup,1.3944,1191.7730333333334,395.3629666666666,1166.0101333333334,416.9935833333333,0.0,0.0,0.0,796.4100666666668,0.0,8948.14814814815,8063.248074074076,0.0,0.0,0.0
2025-01-14,51,q4_warmup,1.3681,1205.8066666666666,421.9875,1189.76,467.7125,0.0,0.0,0.0,783.8191666666667,0.0,8063.248074074076,7192.33788888889,0.0,0.0,0.0
2025-01-14,52,q4_warmup,1.3638,1186.8414,463.0898,1231.1732,508.5024666666666,0.0,0.0,0.0,723.7516,0.0,7192.33788888889,6388.169444444446,0.0,0.0,0.0
2025-01-14,53,q4_warmup,1.3428,1194.8688166666668,515.3344833333333,1238.0077166666667,558.5020666666667,0.0,0.0,0.0,679.5343333333335,0.0,6388.169444444446,5633.1312962962975,0.0,0.0,0.0
2025-01-14,54,q4_warmup,1.3037,1220.631666666667,555.5124999999999,1214.97,608.9625,0.0,0.0,0.0,665.119166666667,0.0,5633.1312962962975,4894.110000000001,0.0,0.0,0.0
2025-01-14,55,q4_warmup,1.2786,1185.1680166666667,567.4740333333333,1210.5519166666666,630.45815,0.0,0.0,0.0,617.6939833333334,0.0,4894.110000000001,4207.783351851853,0.0,0.0,0.0
2025-01-14,56,q4_warmup,1.2562,1163.1134166666668,608.3691333333334,1232.92255,650.2506500000001,0.0,0.0,0.0,554.7442833333334,0.0,4207.783351851853,3591.4008148148155,0.0,0.0,0.0
2025-01-14,57,q4_warmup,1.2319,1185.0466666666666,672.71875,1238.4433333333334,687.9250000000001,175.83113333333102,140.86858333333458,0.0,195.62820000000096,0.0,3591.4008148148155,3374.036148148148,216.60637315333048,867.6800390416743,0.0
2025-01-14,58,q4_warmup,1.2258,1204.3273166666663,699.59695,1181.696783333333,737.3714666666666,444.3253166666667,60.40504999999962,0.0,-0.0,0.0,3374.036148148148,3374.036148148148,544.6539731700001,370.2225514499976,0.0
2025-01-14,59,q4_warmup,1.284,1201.2699166666666,728.7238000000001,1168.6245666666666,779.5012166666667,0.0,83.42276666666669,0.0,389.1233499999999,0.0,3374.036148148148,2941.67687037037,0.0,535.5741620000001,0.0
2025-01-14,60,q4_warmup,1.3623,1191.505,782.2687500000001,1205.0216666666668,811.88125,0.0,0.0,0.0,409.23625,0.0,2941.67687037037,2486.969925925925,0.0,0.0,0.0
2025-01-14,61,q4_warmup,1.3575,1203.1402833333334,840.1320833333333,1195.7390166666669,847.5726333333333,0.0,0.0,0.0,363.0082000000001,0.0,2486.969925925925,2083.627481481481,0.0,0.0,0.0
2025-01-14,62,q4_warmup,1.3166,1204.9819833333331,887.8587666666667,1192.1144333333334,883.2929,0.0,0.0,0.0,317.1232166666664,0.0,2083.627481481481,1731.2683518518515,0.0,0.0,0.0
2025-01-14,63,q4_warmup,1.3131,1183.06,919.9,1204.2066666666667,918.40625,0.0,16.59891666666698,0.0,246.561083333333,0.0,1731.2683518518515,1457.311592592593,0.0,108.98018737500206,0.0
2025-01-14,64,q4_warmup,1.3412,1162.2812,941.11635,1181.9292666666668,950.3488333333332,0.0,0.0,0.0,221.1648499999999,0.0,1457.311592592593,1211.5728703703703,0.0,0.0,0.0
2025-01-14,65,q4_warmup,1.1419,1189.5861166666666,968.7511,1152.1983166666666,943.7051833333334,208.49313333333328,1.9262999999999015,0.0,10.415583333333483,0.0,1211.5728703703703,1200.0,238.07830895333325,10.998209849999435,0.0
2025-01-14,66,q4_warmup,0.798,1224.6516666666666,995.9625,1159.6666666666667,915.1625,1077.8375,0.0,833.3333333333334,0.0,15.815000000000056,1200.0,1950.0,860.1143250000001,0.0,1.1368683772161605e-13
2025-01-14,67,q4_warmup,0.6851,1180.3629666666668,997.3388166666668,1213.54865,928.13805,1118.7439333333332,0.0,833.3333333333333,0.0,102.38644999999995,1950.0,2700.0,766.4514687266666,0.0,0.0
2025-01-14,68,q4_warmup,0.7297,1147.801416666667,981.7414833333332,1198.47785,988.9003833333333,1042.9108,0.0,833.3333333333333,0.0,43.517533333333176,2700.0,3450.0,761.0120107600001,0.0,0.0
2025-01-14,69,q4_warmup,0.7786,1165.7233333333334,970.06875,1141.49,1031.85,942.9733333333332,86.01458333333335,833.3333333333333,0.0,0.0,3450.0,4200.0,734.1990373333332,334.8547729166667,-2.273736754432321e-13
2025-01-14,70,q4_warmup,0.743,1174.1006666666667,981.32025,1171.7624166666667,984.1183666666668,1020.9773833333334,5.136366666666618,833.3333333333333,0.0,0.0,4200.0,4950.0,758.5861958166666,19.081602166666485,0.0
2025-01-14,71,q4_warmup,0.644,1114.324116666667,1013.2634666666668,1142.58395,965.3182,1010.5990833333332,0.0,833.3333333333333,0.0,76.2050999999999,4950.0,5700.0,650.8258096666666,0.0,0.0
2025-01-14,72,q4_warmup,0.5848,1042.9083333333333,1036.5875,1055.4483333333333,1004.775,884.0066666666667,0.0,833.3333333333333,0.0,44.35250000000019,5700.0,6450.0,516.9670986666666,0.0,0.0
2025-01-14,73,q4_warmup,0.6571,1070.629,1020.2415666666668,1066.1096666666667,1018.2686166666668,881.1743833333334,2.546383333332983,833.3333333333333,0.0,0.0,6450.0,7200.0,579.0196872883333,8.366142441665515,0.0
2025-01-14,74,q4_warmup,0.6969,1077.162366666667,1010.64845,1076.8011,1022.2801833333332,887.85425,11.993000000000166,833.3333333333333,0.0,0.0,7200.0,7950.0,618.7456268249999,41.789608500000575,0.0
2025-01-14,75,q4_warmup,0.6401,1033.9983333333332,1016.76875,1055.2983333333334,1031.59375,857.0379166666668,0.0,833.3333333333333,0.0,6.47500000000025,7950.0,8700.0,548.5899704583334,0.0,1.1368683772161605e-13
2025-01-14,76,q4_warmup,0.6057,1035.982616666667,1003.4630166666668,1073.55045,1034.974516666667,871.9092666666667,0.0,833.3333333333333,0.0,6.056333333333328,8700.0,9450.0,528.11544282,0.0,1.1368683772161605e-13
2025-01-14,77,q4_warmup,0.7721,1068.3993666666668,986.9233666666668,1096.5774666666666,1030.82445,899.0863499999999,15.722983333333332,833.3333333333333,0.0,0.0,9450.0,10200.0,694.1845708349999,60.69857715833333,0.0
2025-01-14,78,q4_warmup,1.0288,1095.825,984.38125,1099.87,1022.80625,77.06375000000014,34.37999999999988,0.0,-0.0,0.0,10200.0,10200.0,79.28318600000014,176.8507199999994,0.0
2025-01-14,79,q4_warmup,1.0729,1099.7876833333332,991.4334333333333,1102.5359166666667,1013.2864833333332,89.2494333333334,19.10481666666658,0.0,-0.0,0.0,10200.0,10200.0,95.7557170233334,102.48778900833284,0.0
2025-01-14,80,q4_warmup,1.0373,1095.6951166666663,968.8066666666668,1140.2314333333334,990.0391833333332,150.19225000000006,0.0,0.0,0.0,23.303800000000592,10200.0,10200.0,155.79442092500008,0.0,0.0
2025-01-14,81,q4_warmup,1.0399,1094.435,913.825,1176.4166666666667,954.225,222.19166666666672,0.0,0.0,0.0,41.58166666666682,10200.0,10200.0,231.05711416666676,0.0,1.1368683772161605e-13
2025-01-14,82,q4_warmup,1.0879,1097.4836166666666,861.83205,1137.5771,917.5051,220.072,15.579566666666665,0.0,-0.0,0.0,10200.0,10200.0,239.41632880000003,84.74505288333333,0.0
2025-01-14,83,q4_warmup,1.2461,1118.3651666666667,819.5171166666668,1102.210016666667,866.6378500000001,0.0,0.0,0.0,298.84804999999994,0.0,10200.0,9867.94661111111,0.0,0.0,0.0
2025-01-14,84,q4_warmup,1.4172,1130.555,785.46875,1102.9283333333333,812.5875,0.0,0.0,0.0,345.08625000000006,0.0,9867.94661111111,9484.517444444444,0.0,0.0,0.0
2025-01-14,85,q4_warmup,1.4079,1095.3363333333334,756.7791000000001,1096.79185,783.2975333333334,0.0,0.0,0.0,338.55723333333333,0.0,9484.517444444444,9108.34274074074,0.0,0.0,0.0
2025-01-14,86,q4_warmup,1.352,1093.3039166666667,726.4573166666668,1078.4198,753.1061333333333,0.0,0.0,0.0,366.8466,0.0,9108.34274074074,8700.735407407406,0.0,0.0,0.0
2025-01-14,87,q4_warmup,1.3932,1127.745,689.6687499999999,1072.92,704.31875,0.0,0.0,0.0,438.07625,0.0,8700.735407407406,8213.984018518517,0.0,0.0,0.0
2025-01-14,88,q4_warmup,1.4994,1118.9171666666666,645.9061166666667,1103.8954333333334,644.1768666666667,0.0,0.0,0.0,473.01105,0.0,8213.984018518517,7688.416185185183,0.0,0.0,0.0
2025-01-14,89,q4_warmup,1.2615,1085.23655,599.1498333333333,1111.2504833333337,592.2872666666666,0.0,0.0,0.0,486.0867166666668,0.0,7688.416185185183,7148.319833333331,0.0,0.0,0.0
2025-01-14,90,q4_warmup,0.8419,1067.1233333333332,551.4375,1081.8016666666667,558.4125,1356.7225,0.0,833.3333333333334,0.0,7.7033333333334895,7148.319833333331,7898.319833333331,1142.22467275,0.0,0.0
2025-01-14,91,q4_warmup,0.8349,1082.8448166666667,503.9868666666667,1060.8495,534.9606,1359.2222333333334,52.96905000000004,833.3333333333334,0.0,0.0,7898.319833333331,8648.319833333331,1134.81464261,221.11929922500016,1.1368683772161605e-13
2025-01-14,92,q4_warmup,0.9146,1079.80315,466.1007,1055.4557,496.9940833333333,1391.79495,55.2408333333334,833.3333333333334,0.0,0.0,8648.319833333331,9398.319833333331,1272.93566127,252.6163308333336,-1.1368683772161605e-13
2025-01-14,93,q4_warmup,0.8936,1053.1016666666667,431.9625,1063.7033333333334,444.6,1452.436666666667,2.03583333333313,833.3333333333334,0.0,0.0,9398.319833333331,10148.319833333331,1297.8974053333336,9.096103333332426,-1.1368683772161605e-13
2025-01-14,94,q4_warmup,0.922,1047.2957333333334,385.10836666666665,1076.7579,399.83993333333336,1111.4908267489734,274.7856139917697,724.0890740740764,0.0,0.0,10148.319833333331,10800.0,1024.7945422625537,1266.7616805020584,-1.1368683772161605e-13
2025-01-14,95,q4_warmup,0.995,1044.6381833333332,334.8437833333333,1056.1247666666666,356.10816666666665,700.0165999999999,9.777800000000012,0.0,-0.0,0.0,10800.0,10800.0,696.5165169999999,48.64455500000006,0.0
2025-01-14,96,q4_warmup,1.053,1042.8383333333334,289.45,1031.5583333333334,306.6,724.9583333333335,28.429999999999893,0.0,-0.0,0.0,10800.0,10800.0,763.3811250000001,149.68394999999944,0.0
2025-01-14,97,q4_warmup,1.0535,1059.8542166666666,247.36225,1070.2885166666667,252.48963333333333,817.7988833333334,0.0,0.0,-0.0,5.306916666666751,10800.0,10800.0,861.5511235916669,0.0,-8.526512829121202e-14
2025-01-14,98,q4_warmup,1.0681,1068.6140166666669,198.87696666666668,1090.7122833333333,197.63353333333336,893.0787499999999,0.0,0.0,-0.0,23.34169999999969,10800.0,10800.0,953.897412875,0.0,2.8421709430404014e-14
2025-01-14,99,q4_warmup,1.0971,1052.6766666666667,146.53125,1063.7183333333337,144.70624999999998,919.0120833333336,0.0,0.0,-0.0,12.866666666666788,10800.0,10800.0,1008.2481566250002,0.0,0.0
2025-01-14,100,q4_warmup,1.0753,1024.3076,101.73058333333334,1040.9546166666669,94.4699,946.4847166666666,0.0,0.0,-0.0,23.90769999999985,10800.0,10800.0,1017.7550158316664,0.0,-9.947598300641405e-14
2025-01-14,101,q4_warmup,1.0733,1019.8910666666668,55.531083333333335,1034.2178,47.48875,986.72905,0.0,0.0,-0.0,22.36906666666668,10800.0,10800.0,1059.056289365,0.0,-3.5527136788005016e-14
2025-01-14,102,q4_warmup,1.1015,1041.595,15.19375,1027.0083333333334,12.55625,1014.4520833333336,11.949166666666564,0.0,-0.0,0.0,10800.0,10800.0,1117.4189697916668,65.8100354166661,0.0
2025-01-14,103,q4_warmup,1.1063,1055.6396333333334,0.98465,1002.05155,0.7821666666666666,1001.2693833333334,53.38560000000005,0.0,-0.0,0.0,10800.0,10800.0,1107.7043187816669,295.3024464000003,0.0
2025-01-14,104,q4_warmup,1.1478,1046.19785,0.0,1006.0284,0.0,1006.0284,40.16944999999998,0.0,-0.0,0.0,10800.0,10800.0,1154.71939752,230.5324735499999,0.0
2025-01-14,105,q4_warmup,1.1728,1041.8933333333332,0.0,1049.5233333333333,0.0,1049.5233333333333,0.0,0.0,-0.0,7.630000000000109,10800.0,10800.0,1230.8809653333333,0.0,0.0
2025-01-14,106,q4_warmup,1.0812,1061.6435333333334,0.0302999999999999,1070.2845166666666,0.0227666666666666,1070.26175,0.0,0.0,-0.0,8.648516666666513,10800.0,10800.0,1157.1670040999998,0.0,-1.0302869668521453e-13
2025-01-14,107,q4_warmup,1.1402,939.3711833333332,0.0,934.62385,0.0,934.62385,4.747333333333245,0.0,-0.0,0.0,10800.0,10800.0,1065.65811377,27.064547333332836,0.0
2025-01-14,108,q4_warmup,1.3169,733.5433333333334,0.0,737.38,0.0,737.38,0.0,0.0,-0.0,3.836666666666588,10800.0,10800.0,971.055722,0.0,0.0
2025-01-14,109,q4_warmup,1.3051,690.5731000000001,0.0021666666666666,722.3738666666667,0.0016333333333333,722.3722333333334,0.0,0.0,-0.0,31.801299999999983,10800.0,10800.0,942.7680017233332,0.0,-1.4210854715202004e-14
2025-01-14,110,q4_warmup,1.2704,727.0593666666667,0.0,752.2923166666666,0.0,752.2923166666666,0.0,0.0,-0.0,25.23294999999985,10800.0,10800.0,955.7121590933332,0.0,0.0
2025-01-14,111,q4_warmup,1.2902,749.4983333333333,0.0,732.48,0.0,732.48,17.018333333333317,0.0,-0.0,0.0,10800.0,10800.0,945.045696,109.78526833333324,0.0
2025-01-14,112,q4_warmup,1.2835,747.1676000000001,0.0,705.1073833333334,0.0,705.1073833333334,42.06021666666675,0.0,0.0,0.0,10800.0,10800.0,905.0053265083334,269.92144045833385,0.0
2025-01-14,113,q4_warmup,1.3672,738.6843833333334,0.0,696.5728666666668,0.0,139.92926666666597,42.11151666666649,0.0,556.6436000000009,0.0,10800.0,10181.50711111111,191.3112933866657,287.8743279333321,0.0
2025-01-14,114,q4_warmup,1.5142,738.6833333333334,0.0,716.3033333333333,0.0,0.0,0.0,0.0,738.6833333333334,0.0,10181.50711111111,9360.747851851853,0.0,0.0,0.0
2025-01-14,115,q4_warmup,1.5582,745.5719666666668,0.0,750.3625999999999,0.0,0.0,0.0,0.0,745.5719666666668,0.0,9360.747851851853,8532.334555555555,0.0,0.0,0.0
2025-01-14,116,q4_warmup,1.5583,736.5813833333333,0.0,741.2495,0.0,0.0,0.0,0.0,736.5813833333333,0.0,8532.334555555555,7713.910796296296,0.0,0.0,0.0
2025-01-14,117,q4_warmup,1.5581,724.1216666666666,0.0,710.6816666666667,0.0,0.0,0.0,0.0,724.1216666666666,0.0,7713.910796296296,6909.331166666667,0.0,0.0,0.0
2025-01-14,118,q4_warmup,1.5336,741.2659333333332,0.0,734.5088833333333,0.0,0.0,0.0,0.0,741.2659333333332,0.0,6909.331166666667,6085.702351851852,0.0,0.0,0.0
2025-01-14,119,q4_warmup,1.4885,744.84535,0.0,748.7718333333333,0.0,0.0,0.0,0.0,744.84535,0.0,6085.702351851852,5258.096407407407,0.0,0.0,0.0
2025-01-14,120,q4_warmup,1.4641,729.9133333333333,0.0,735.4133333333333,0.0,0.0,23.69181666666668,0.0,706.2215166666666,0.0,5258.096407407407,4473.405833333333,0.0,173.43594390833346,0.0
2025-01-14,121,q4_warmup,1.5028,736.2915166666667,0.0,740.67225,0.0,0.0,0.0,0.0,736.2915166666667,0.0,4473.405833333333,3655.304148148148,0.0,0.0,0.0
2025-01-14,122,q4_warmup,1.5378,752.3925833333333,0.0,742.0775,0.0,0.0,5.934350000000563,0.0,746.4582333333327,0.0,3655.304148148148,2825.9061111111114,0.0,45.62921715000433,0.0
2025-01-14,123,q4_warmup,1.562,762.7583333333333,0.0,732.735,0.0,0.0,30.023333333333312,0.0,732.735,0.0,2825.9061111111114,2011.7561111111115,0.0,234.4822333333332,0.0
2025-01-14,124,q4_warmup,1.5809,761.3228166666667,0.0,730.5805,0.0,0.0,30.74231666666651,0.0,730.5805000000001,0.0,2011.7561111111115,1200.0,0.0,243.00264209166545,0.0
2025-01-14,125,q4_warmup,1.3233,742.1596666666666,0.0,720.4999166666666,0.0,720.4999166666666,21.65974999999992,0.0,-0.0,0.0,1200.0,1200.0,953.437539725,143.31173587499944,0.0
2025-01-14,126,q4_warmup,0.9469,722.7983333333333,0.0,729.8433333333334,0.0,729.8433333333334,0.0,0.0,0.0,7.045000000000073,1200.0,1200.0,691.0886523333334,0.0,0.0
2025-01-14,127,q4_warmup,0.9204,730.6935833333333,0.0,795.8265166666666,0.0,795.8265166666666,0.0,0.0,0.0,65.13293333333331,1200.0,1200.0,732.47872594,0.0,0.0
2025-01-14,128,q4_warmup,0.9765,740.3137166666667,0.0,798.6658000000001,0.0,798.6658000000001,0.0,-0.0,0.0,58.35208333333344,1200.0,1200.0,779.8971537000001,0.0,0.0
2025-01-14,129,q4_warmup,0.9643,744.8966666666666,0.0,759.0166666666668,0.0,759.0166666666668,0.0,0.0,0.0,14.120000000000118,1200.0,1200.0,731.9197716666667,0.0,0.0
2025-01-14,130,q4_warmup,0.9585,745.9355999999999,0.0,796.3102166666666,0.0,796.3102166666666,0.0,-0.0,0.0,50.374616666666725,1200.0,1200.0,763.263342675,0.0,0.0
2025-01-14,131,q4_warmup,0.7326,656.7318666666666,0.0,717.7106166666667,0.0,717.7106166666667,0.0,0.0,0.0,60.978750000000105,1200.0,1200.0,525.7947977700001,0.0,0.0
2025-01-14,132,q4_warmup,0.4287,547.5966666666667,0.0,560.4833333333333,0.0,560.4833333333333,0.0,0.0,0.0,12.886666666666656,1200.0,1200.0,240.279205,0.0,0.0
2025-01-14,133,q4_warmup,0.4502,583.1007666666667,0.0,567.4424833333334,0.0,567.4424833333334,15.658283333333316,0.0,-0.0,0.0,1200.0,1200.0,255.46260599666667,35.24679578333329,0.0
2025-01-14,134,q4_warmup,0.4723,596.5166333333333,0.0,572.8720166666667,0.0,572.8720166666667,23.644616666666597,0.0,-0.0,0.0,1200.0,1200.0,270.5674534716667,55.83676225833316,0.0
2025-01-14,135,q4_warmup,0.3771,548.2033333333333,0.0,530.0716666666666,0.0,1363.405,18.13166666666666,833.3333333333333,0.0,0.0,1200.0,1950.0,514.1400255,34.18725749999999,1.1368683772161605e-13
2025-01-14,136,q4_warmup,0.381,567.5955333333333,0.0,567.1485666666666,0.0,1285.8763219311215,0.4469666666665716,718.7277552644545,0.0,0.0,1950.0,2596.8549797380097,489.9188786557573,0.8514714999998189,4.547473508864641e-13
2025-01-14,137,q4_warmup,0.4603,614.1134333333333,0.0,615.53395,0.0,615.53395,0.0,0.0,0.0,1.4205166666666855,2596.8549797380097,2596.8549797380097,283.330277185,0.0,0.0
2025-01-14,138,q4_warmup,0.5045,629.9583333333334,0.0,607.8116666666666,0.0,0.0,0.0,0.0,629.9583333333334,0.0,2596.8549797380097,1896.9012760343055,0.0,0.0,0.0
2025-01-14,139,q4_warmup,0.4395,604.6275166666667,0.0,556.5846166666666,0.0,556.5846166666666,48.04290000000029,0.0,0.0,0.0,1896.9012760343055,1896.901276034306,244.618939025,105.57427275000062,2.273736754432321e-13
2025-01-14,140,q4_warmup,0.4214,602.7846166666667,0.0,576.4486166666667,0.0,576.4486166666667,26.335999999999853,0.0,0.0,0.0,1896.901276034306,1896.901276034306,242.91544706333332,55.4899519999997,-1.1368683772161605e-13
2025-01-14,141,q4_warmup,0.4723,626.4616666666667,0.0,649.3583333333333,0.0,0.0005182357914086,0.0,0.0,626.4611484308753,0.0,1896.901276034306,1200.8333333333337,0.0002447627642823,0.0,0.0
2025-01-14,142,q4_warmup,0.4647,618.9066333333334,0.0,644.1870833333334,0.0,644.1870833333334,0.0,0.0,0.0,25.280449999999973,1200.8333333333337,1200.8333333333337,299.353737625,0.0,0.0
2025-01-14,143,q4_warmup,0.4377,610.8013,0.0,606.2678999999999,0.0,606.2678999999999,3.783399999999892,0.0,0.7500000000001368,0.0,1200.8333333333337,1200.0,265.36345982999995,8.279970899999762,0.0
2025-01-14,144,q4_warmup,0.4383,612.1483333333333,0.0,593.7466666666667,0.0,593.7466666666667,18.40166666666664,0.0,-0.0,0.0,1200.0,1200.0,260.239164,40.32725249999995,0.0
2025-01-15,1,q4_warmup,0.4662,603.4397666666667,0.0,616.3293166666666,0.0,616.3293166666666,0.0,-0.0,0.0,12.889549999999872,1200.0,1200.0,287.33272743,0.0,0.0
2025-01-15,2,q4_warmup,0.4762,618.0562833333333,0.0,624.6072,0.0,624.6072,0.0,6.550916666666694,0.0,0.0,1200.0,1205.895825,297.43794864,0.0,0.0
2025-01-15,3,q4_warmup,0.4606,639.72,0.0,611.875,0.0,1445.2083333333337,21.294083333333106,826.7824166666666,0.0,0.0,1205.895825,1950.0,665.6629583333334,49.04027391666614,1.1368683772161605e-13
2025-01-15,4,q4_warmup,0.4507,616.2570833333333,0.0,614.5873166666667,0.0,1447.92065,1.6697666666665327,833.3333333333333,0.0,0.0,1950.0,2700.0,652.577836955,3.7628191833330313,-1.1368683772161605e-13
2025-01-15,5,q4_warmup,0.4401,602.7091833333333,0.0,615.1157333333333,0.0,1448.4490666666666,0.0,833.3333333333333,0.0,12.406550000000038,2700.0,3450.0,637.46243424,0.0,0.0
2025-01-15,6,q4_warmup,0.4398,621.71,0.0,621.5749999999999,0.0,1454.9083333333333,0.1349999999999909,833.3333333333333,0.0,0.0,3450.0,4200.0,639.868685,0.29686499999998,0.0
2025-01-15,7,q4_warmup,0.4682,641.1512666666666,0.0,657.8858333333334,0.0,657.8858333333334,0.0,16.73456666666675,0.0,0.0,4200.0,4215.06111,308.0221471666667,0.0,0.0
2025-01-15,8,q4_warmup,0.4659,649.754,0.0,656.1048666666667,0.0,1489.4382,0.0,816.5987666666671,0.0,23.08543333333296,4215.06111,4950.0,693.92925738,0.0,0.0
2025-01-15,9,q4_warmup,0.4332,645.8683333333333,0.0,626.7583333333333,0.0,1460.0916666666667,19.1099999999999,833.3333333333333,0.0,0.0,4950.0,5700.0,632.51171,41.39225999999978,0.0
2025-01-15,10,q4_warmup,0.4363,635.8463333333333,0.0,649.6088833333333,0.0,1482.9422166666668,0.0,833.3333333333333,0.0,13.76255000000026,5700.0,6450.0,647.0076891316668,0.0,0.0
2025-01-15,11,q4_warmup,0.4842,641.68255,0.0,676.2656833333333,0.0,676.2656833333333,0.0,34.58313333333331,0.0,0.0,6450.0,6481.12482,327.44784387,0.0,0.0
2025-01-15,12,q4_warmup,0.5165,659.4066666666666,0.0,679.7133333333334,0.0,679.7133333333334,0.0,20.30666666666673,0.0,0.0,6481.12482,6499.40082,351.07193666666666,0.0,0.0
2025-01-15,13,q4_warmup,0.465,661.5856,0.0,680.6354833333334,0.0,1513.9688166666667,0.0,778.4435333333334,0.0,73.93968333333328,6499.40082,7200.0,703.99549975,0.0,0.0
2025-01-15,14,q4_warmup,0.442,646.9661,0.0,673.19935,0.0,1506.5326833333334,0.0,833.3333333333334,0.0,26.23325,7200.0,7950.0,665.8874460333334,0.0,0.0
2025-01-15,15,q4_warmup,0.4677,636.9616666666667,0.0,663.005,0.0,663.005,0.0,26.04333333333329,0.0,0.0,7950.0,7973.439,310.0874385,0.0,0.0
2025-01-15,16,q4_warmup,0.4595,652.3050833333333,0.0,666.99085,0.0,1500.3241833333334,0.0,807.2899999999996,0.0,40.72910000000047,7973.439,8700.0,689.3989622416667,0.0,0.0
2025-01-15,17,q4_warmup,0.4706,650.74815,0.0,673.3498166666667,0.0,673.3498166666667,0.0,0.0,0.0,22.601666666666688,8700.0,8700.0,316.87842372333336,0.0,0.0
2025-01-15,18,q4_warmup,0.4948,640.5066666666667,0.0,675.2933333333334,0.0,675.2933333333334,0.0,0.0,0.0,34.78666666666675,8700.0,8700.0,334.13514133333337,0.0,0.0
2025-01-15,19,q4_warmup,0.4707,672.9660833333334,0.0,680.1736666666667,0.0,680.1736666666667,0.0,0.0,0.0,7.207583333333332,8700.0,8700.0,320.1577449,0.0,0.0
2025-01-15,20,q4_warmup,0.4893,707.8384500000001,0.0,700.90325,0.0,700.90325,6.935200000000123,0.0,-0.0,0.0,8700.0,8700.0,342.951960225,16.9669668000003,0.0
2025-01-15,21,q4_warmup,0.5374,708.0066666666667,0.0,720.6316666666667,0.0,720.6316666666667,0.0,0.0,0.0,12.625,8700.0,8700.0,387.2674576666666,0.0,0.0
2025-01-15,22,q4_warmup,0.5061,678.3172166666667,0.0,708.8697166666667,0.0,708.8697166666667,0.0,0.0,0.0,30.55250000000001,8700.0,8700.0,358.758963605,0.0,0.0
2025-01-15,23,q4_warmup,0.4709,680.6562833333334,0.0,702.7655500000001,0.0,702.7655500000001,0.0,22.109266666666716,0.0,0.0,8700.0,8719.89834,330.932297495,0.0,0.0
2025-01-15,24,q4_warmup,0.4698,710.3466666666667,0.0,714.0983333333334,0.0,714.0983333333334,0.0,3.751666666666665,0.0,0.0,8719.89834,8723.27484,335.483397,0.0,0.0
2025-01-15,25,q4_warmup,0.4661,705.1456333333334,0.0,713.7702833333333,0.0,1380.43695,0.0,675.2913166666666,0.0,0.0,8723.27484,9331.037025,643.421662395,0.0,0.0
2025-01-15,26,q4_warmup,0.4634,693.1804666666667,0.0,682.0052,0.0,1515.338533333333,0.0,798.8477500000004,0.0,23.310316666666267,9331.037025,10050.0,702.2078763466666,0.0,0.0
2025-01-15,27,q4_warmup,0.473,692.3333333333334,0.0,655.35,0.0,655.35,36.98333333333335,0.0,-0.0,0.0,10050.0,10050.0,309.98055,87.46558333333336,0.0
2025-01-15,28,q4_warmup,0.4946,691.5618666666666,0.0,692.9606166666667,0.0,692.9606166666667,0.0,0.0,0.0,1.3987500000001774,10050.0,10050.0,342.73832100333334,0.0,0.0
2025-01-15,29,q4_warmup,0.4972,698.3777,0.0,732.4730500000001,0.0,732.4730500000001,0.0,0.0,0.0,34.09535000000005,10050.0,10050.0,364.18560046,0.0,0.0
2025-01-15,30,q4_warmup,0.4907,710.7800000000001,0.0,729.27,0.0,729.27,0.0,0.0,0.0,18.489999999999892,10050.0,10050.0,357.85278900000003,0.0,0.0
2025-01-15,31,q4_warmup,0.5166,718.7302166666667,0.0,698.7895833333333,0.0,698.7895833333333,19.94063333333338,0.0,-0.0,0.0,10050.0,10050.0,360.99469875,51.50665590000012,0.0
2025-01-15,32,q4_warmup,0.5489,735.6534833333334,0.00035,698.16495,0.0,698.16495,37.48818333333341,0.0,-0.0,0.0,10050.0,10050.0,383.222741055,102.88631915833356,0.0
2025-01-15,33,q4_warmup,0.5112,724.77,0.0,711.0,0.0,711.0,13.769999999999982,-0.0,0.0,0.0,10050.0,10050.0,363.4632,35.19611999999995,0.0
2025-01-15,34,q4_warmup,0.4052,657.20925,0.0,687.6035666666667,0.0,1520.9369000000002,0.0,833.3333333333334,0.0,30.394316666666786,10050.0,10800.0,616.28363188,0.0,0.0
2025-01-15,35,q4_warmup,0.6452,745.7387833333333,0.0048166666666666,768.5742,0.0,768.5742,0.0,0.0,-0.0,22.84023333333334,10800.0,10800.0,495.88407384,0.0,3.552713678800501e-15
2025-01-15,36,q4_warmup,1.0768,924.7166666666668,0.0,910.935,0.0,910.935,13.781634366626465,0.0,3.230004040233325e-05,0.0,10800.0,10799.999964111066,980.894808,74.20031942991687,0.0
2025-01-15,37,q4_warmup,1.1017,909.3155833333334,0.0,915.5560166666668,0.00205,240.55399896670755,0.0,0.0,668.7615843666258,0.0,10799.999964111066,10056.931537037037,265.01834066162166,0.0,0.0
2025-01-15,38,q4_warmup,1.0206,885.5596333333333,0.067,883.10115,0.0,883.10115,0.0,0.0,2.3914833333333334,0.0,10056.931537037037,10054.274333333333,901.29303369,0.0,0.0
2025-01-15,39,q4_warmup,1.0344,929.8933333333332,0.0,904.085,0.0,904.085,21.96146563337402,0.0,3.846867699959148,0.0,10054.274333333333,10050.000035888934,935.185524,113.58470025581042,0.0
2025-01-15,40,q4_warmup,1.0339,923.5810166666666,0.0,960.7646666666666,0.0284833333333333,960.7361833333332,0.0,0.0,0.0,37.15516666666656,10050.000035888934,10050.000035888934,993.3051399483332,0.0,0.0
2025-01-15,41,q4_warmup,0.9985,890.5133999999999,1.4877166666666666,958.2236833333332,0.4016166666666667,957.8220666666666,0.0,0.0,0.0,68.79638333333335,10050.000035888934,10050.000035888934,956.3853335666666,0.0,-2.8421709430404014e-14
2025-01-15,42,q4_warmup,0.9725,875.8850000000001,14.975,902.9916666666668,12.7875,890.2041666666667,0.0,0.0,0.0,29.29416666666655,10050.000035888934,10050.000035888934,865.7235520833334,0.0,2.131628207280301e-14
2025-01-15,43,q4_warmup,1.009,895.7419,50.04215,893.7362166666667,51.26291666666666,842.4733,3.2264499999999927,0.0,-0.0,0.0,10050.000035888934,10050.000035888934,850.0555596999999,16.277440249999962,0.0
2025-01-15,44,q4_warmup,1.0412,916.9153333333334,94.42913333333333,917.8654833333334,95.35843333333334,822.50705,0.0,0.0,0.0,0.02085000000001,10050.000035888934,10050.000035888934,856.39434046,0.0,-1.4210854715202004e-14
2025-01-15,45,q4_warmup,0.9848,889.8633333333333,139.88750000000002,917.5983333333334,136.25,781.3483333333334,0.0,0.0,0.0,31.37250000000003,10050.000035888934,10050.000035888934,769.4718386666667,0.0,2.8421709430404014e-14
2025-01-15,46,q4_warmup,0.8673,824.3265,186.65878333333333,879.3562333333333,183.5329833333333,1529.15654345674,0.0,833.3332934567402,0.0,58.15553333333298,10050.000035888934,10800.0,1326.2374701400304,0.0,0.0
2025-01-15,47,q4_warmup,1.0848,966.80785,230.75015,1014.9964,238.7611833333333,776.2352166666667,0.0,0.0,-0.0,40.17751666666666,10800.0,10800.0,842.0599630400001,0.0,-2.8421709430404014e-14
2025-01-15,48,q4_warmup,1.4868,1227.46,274.6125,1237.8383333333334,299.06875,105.43625000000009,14.07791666666651,0.0,833.3333333333334,0.0,10800.0,9874.074074074077,156.76261650000012,104.65523249999885,0.0
2025-01-15,49,q4_warmup,1.4973,1251.2875666666666,327.1257,1234.0593833333337,356.8407833333333,43.88526666666678,46.94326666666632,0.0,833.3333333333334,0.0,9874.074074074077,8948.14814814815,65.70940978000017,351.4407658999974,-2.273736754432321e-13
2025-01-15,50,q4_warmup,1.3797,1197.7863333333332,391.5120666666666,1191.7730333333334,395.3629666666666,0.0,0.0,0.0,806.2742666666666,0.0,8948.14814814815,8052.287851851854,0.0,0.0,0.0
2025-01-15,51,q4_warmup,1.3558,1194.0716666666667,448.09375,1205.8066666666666,421.9875,0.0,0.0,0.0,745.9779166666667,0.0,8052.287851851854,7223.423500000002,0.0,0.0,0.0
2025-01-15,52,q4_warmup,1.3772,1205.3559333333333,470.7354666666667,1186.8414,463.0898,0.0,0.0,0.0,734.6204666666665,0.0,7223.423500000002,6407.178537037039,0.0,0.0,0.0
2025-01-15,53,q4_warmup,1.3498,1211.0691,491.75441666666666,1194.8688166666668,515.3344833333333,0.0,0.0,0.0,719.3146833333333,0.0,6407.178537037039,5607.940000000002,0.0,0.0,0.0
2025-01-15,54,q4_warmup,1.2838,1205.756666666667,528.1374999999999,1220.631666666667,555.5124999999999,0.0,0.0,0.0,677.619166666667,0.0,5607.940000000002,4855.029814814817,0.0,0.0,0.0
2025-01-15,55,q4_warmup,1.268,1196.86125,568.54715,1185.1680166666667,567.4740333333333,0.0,0.0,0.0,628.3140999999999,0.0,4855.029814814817,4156.903037037039,0.0,0.0,0.0
2025-01-15,56,q4_warmup,1.256,1203.06635,609.60545,1163.1134166666668,608.3691333333334,0.0,0.0,0.0,593.4609,0.0,4156.903037037039,3497.50203703704,0.0,0.0,0.0
2025-01-15,57,q4_warmup,1.2071,1214.5616666666667,662.6125000000001,1185.0466666666666,672.71875,406.3058166666656,124.13014999999857,0.0,21.513200000002502,0.0,3497.50203703704,3473.598481481481,490.4517512983321,749.1875203249914,2.273736754432321e-13
2025-01-15,58,q4_warmup,1.1547,1205.7861666666663,735.2740333333333,1204.3273166666663,699.59695,504.73036666666655,0.0,0.0,0.0,34.2182333333335,3473.598481481481,3473.598481481481,582.8121543899999,0.0,0.0
2025-01-15,59,q4_warmup,1.253,1210.33085,774.9026166666666,1201.2699166666666,728.7238000000001,0.0,0.0,0.0,435.4282333333334,0.0,3473.598481481481,2989.7893333333327,0.0,0.0,0.0
2025-01-15,60,q4_warmup,1.4248,1217.02,791.1687499999999,1191.505,782.2687500000001,0.0,0.0,0.0,425.8512500000001,0.0,2989.7893333333327,2516.6212777777773,0.0,0.0,0.0
2025-01-15,61,q4_warmup,1.4184,1182.6364,842.9839333333333,1203.1402833333334,840.1320833333333,0.0,0.0,0.0,339.6524666666668,0.0,2516.6212777777773,2139.229648148148,0.0,0.0,0.0
2025-01-15,62,q4_warmup,1.3311,1171.4165666666663,878.5017666666666,1204.9819833333331,887.8587666666667,0.0,0.0,0.0,292.9147999999997,0.0,2139.229648148148,1813.768759259259,0.0,0.0,0.0
2025-01-15,63,q4_warmup,1.3125,1184.78,877.53125,1183.06,919.9,0.0,0.0,0.0,307.24875,0.0,1813.768759259259,1472.381259259259,0.0,0.0,0.0
2025-01-15,64,q4_warmup,1.3722,1160.7840333333334,876.0261666666667,1162.2812,941.11635,0.0,39.614733333333646,0.0,245.14313333333303,0.0,1472.381259259259,1200.0,0.0,271.79668540000216,0.0
2025-01-15,65,q4_warmup,1.1399,1143.33815,892.6540333333334,1189.5861166666666,968.7511,220.83501666666663,29.84910000000002,0.0,-0.0,0.0,1200.0,1200.0,251.7298354983333,170.1249454500001,0.0
2025-01-15,66,q4_warmup,0.7538,1157.0883333333334,916.63125,1224.6516666666666,995.9625,1062.0225,11.767916666666563,833.3333333333333,0.0,0.0,1200.0,1950.0,800.5525605,44.353277916666286,0.0
2025-01-15,67,q4_warmup,0.7411,1178.5028666666667,924.6773666666668,1180.3629666666668,997.3388166666668,1016.3574833333334,70.80134999999973,833.3333333333333,0.0,0.0,1950.0,2700.0,753.2225308983334,262.35440242499897,0.0
2025-01-15,68,q4_warmup,0.786,1179.8953166666668,940.3977,1147.801416666667,981.7414833333332,999.3932666666668,73.43768333333333,833.3333333333333,0.0,0.0,2700.0,3450.0,785.5231076000001,288.6100955,0.0
2025-01-15,69,q4_warmup,0.7278,1171.2483333333332,976.66875,1165.7233333333334,970.06875,1028.9879166666667,0.0,833.3333333333333,0.0,1.0750000000002728,3450.0,4200.0,748.8974057500001,0.0,0.0
2025-01-15,70,q4_warmup,0.7208,1179.642466666667,1015.5962666666666,1174.1006666666667,981.32025,1026.11375,0.0,833.3333333333333,0.0,28.734216666666384,4200.0,4950.0,739.622791,0.0,-1.1368683772161605e-13
2025-01-15,71,q4_warmup,0.6963,1151.9896833333337,1010.3395666666668,1114.324116666667,1013.2634666666668,934.3939833333334,40.5894666666668,833.3333333333333,0.0,0.0,4950.0,5700.0,650.618530595,141.31222820000045,0.0
2025-01-15,72,q4_warmup,0.6456,1110.6933333333334,981.225,1042.9083333333333,1036.5875,839.6541666666668,123.1474999999998,833.3333333333333,0.0,0.0,5700.0,6450.0,542.08073,397.52012999999937,0.0
2025-01-15,73,q4_warmup,0.654,1131.40485,994.0265833333332,1070.629,1020.2415666666668,883.7207666666668,86.99083333333317,833.3333333333333,0.0,0.0,6450.0,7200.0,577.9533814000001,284.46002499999946,0.0
2025-01-15,74,q4_warmup,0.6986,1123.8438666666666,1002.2951,1077.162366666667,1010.64845,899.84725,55.03484999999978,833.3333333333333,0.0,0.0,7200.0,7950.0,628.63328885,192.2367310499992,0.0
2025-01-15,75,q4_warmup,0.7109,1066.4,989.90625,1033.9983333333332,1016.76875,850.5629166666665,59.26416666666682,833.3333333333333,0.0,0.0,7950.0,8700.0,604.6651774583332,210.65448041666724,0.0
2025-01-15,76,q4_warmup,0.6714,1037.0257166666668,989.1074166666668,1035.982616666667,1003.4630166666668,865.8529333333333,15.398699999999849,833.3333333333333,0.0,0.0,8700.0,9450.0,581.33365944,51.69343589999949,0.0
2025-01-15,77,q4_warmup,0.8133,1065.3875666666663,988.84875,1068.3993666666668,986.9233666666668,914.8093333333334,0.0,833.3333333333333,0.0,4.937183333333792,9450.0,10200.0,744.0144308,0.0,-1.1368683772161605e-13
2025-01-15,78,q4_warmup,1.0815,1129.005,966.575,1095.825,984.38125,111.44375000000002,50.98625000000004,0.0,-0.0,0.0,10200.0,10200.0,120.526415625,275.7081468750002,0.0
2025-01-15,79,q4_warmup,1.1661,1169.4396166666668,910.4545666666668,1099.7876833333332,991.4334333333333,108.35424999999998,150.6307999999999,0.0,-0.0,0.0,10200.0,10200.0,126.35189092499996,878.2528793999994,-2.273736754432321e-13
2025-01-15,80,q4_warmup,1.1408,1143.2497,850.8616166666667,1095.6951166666663,968.8066666666668,126.8884499999998,165.49963333333358,0.0,-0.0,0.0,10200.0,10200.0,144.75434375999978,944.0099085333349,0.0
2025-01-15,81,q4_warmup,1.1037,1088.835,810.275,1094.435,913.825,180.61,97.95000000000005,0.0,-0.0,0.0,10200.0,10200.0,199.339257,540.5370750000002,0.0
2025-01-15,82,q4_warmup,1.0945,1091.8318,788.1631333333333,1097.4836166666666,861.83205,235.65156666666667,68.01709999999991,0.0,-0.0,0.0,10200.0,10200.0,257.9206397166667,372.22357974999954,0.0
2025-01-15,83,q4_warmup,1.2144,1117.1900833333334,766.4114833333333,1118.3651666666667,819.5171166666668,0.0,0.0,0.0,350.7786000000001,0.0,10200.0,9810.246,0.0,0.0,0.0
2025-01-15,84,q4_warmup,1.3906,1122.2416666666666,737.9625,1130.555,785.46875,0.0,0.0,0.0,384.2791666666666,0.0,9810.246,9383.269148148149,0.0,0.0,0.0
2025-01-15,85,q4_warmup,1.4268,1101.2202333333332,710.7455333333334,1095.3363333333334,756.7791000000001,0.0,0.0,0.0,390.4746999999999,0.0,9383.269148148149,8949.408370370369,0.0,0.0,0.0
2025-01-15,86,q4_warmup,1.3906,1099.5821666666668,691.0889666666667,1093.3039166666667,726.4573166666668,0.0,0.0,0.0,408.4932000000001,0.0,8949.408370370369,8495.527037037036,0.0,0.0,0.0
2025-01-15,87,q4_warmup,1.3991,1112.595,672.275,1127.745,689.6687499999999,0.0,0.0,0.0,440.3200000000001,0.0,8495.527037037036,8006.282592592592,0.0,0.0,0.0
2025-01-15,88,q4_warmup,1.4599,1095.659666666667,639.9993000000001,1118.9171666666666,645.9061166666667,0.0,0.0,0.0,455.6603666666669,0.0,8006.282592592592,7499.993296296295,0.0,0.0,0.0
2025-01-15,89,q4_warmup,1.2411,1092.3110166666668,599.6563333333334,1085.23655,599.1498333333333,0.0,0.0,0.0,492.6546833333334,0.0,7499.993296296295,6952.599203703702,0.0,0.0,0.0
2025-01-15,90,q4_warmup,0.8768,1092.6266666666668,564.6875,1067.1233333333332,551.4375,1349.0191666666665,12.253333333333671,833.3333333333334,0.0,0.0,6952.599203703702,7702.599203703702,1182.8200053333333,53.71861333333482,-1.1368683772161605e-13
2025-01-15,91,q4_warmup,0.8577,1045.0969333333337,541.8687,1082.8448166666667,503.9868666666667,1412.1912833333336,0.0,833.3333333333334,0.0,75.62971666666647,7702.599203703702,8452.599203703703,1211.236463715,0.0,0.0
2025-01-15,92,q4_warmup,0.9116,1032.0354333333332,501.0163500000001,1079.80315,466.1007,1447.0357833333333,0.0,833.3333333333334,0.0,82.68336666666676,8452.599203703703,9202.599203703703,1319.1178200866666,0.0,0.0
2025-01-15,93,q4_warmup,0.8955,1066.5766666666666,440.05,1053.1016666666667,431.9625,1454.4725,5.387500000000159,833.3333333333334,0.0,0.0,9202.599203703703,9952.599203703703,1302.4801237499998,24.122531250000712,1.1368683772161605e-13
2025-01-15,94,q4_warmup,0.9446,1075.9077666666667,386.8847166666667,1047.2957333333334,385.10836666666665,1386.2764407407433,136.0799425925901,833.3333333333334,0.0,0.0,9952.599203703703,10702.599203703703,1309.476725923706,642.705568864803,-1.1368683772161605e-13
2025-01-15,95,q4_warmup,1.0039,1057.7969833333334,340.10565,1044.6381833333332,334.8437833333333,709.7944,7.896933333333379,0.0,0.0,0.0,10702.599203703703,10702.599203703703,712.56259816,39.6386568666669,0.0
2025-01-15,96,q4_warmup,1.0122,1039.7683333333332,294.90625,1042.8383333333334,289.45,753.3883333333333,0.0,8.526250000000118,0.0,0.0,10702.599203703703,10710.272828703704,762.579671,0.0,0.0
2025-01-15,97,q4_warmup,0.979,1049.137,250.4031833333333,1059.8542166666666,247.36225,812.4919666666666,85.93870699588724,99.69685699588722,0.0,0.0,10710.272828703704,10800.000000000002,795.4296353666666,420.669970744868,-4.263256414560601e-14
2025-01-15,98,q4_warmup,1.0096,1068.7731,204.10495,1068.6140166666669,198.87696666666668,869.73705,0.0,0.0,1.6575540939811617e-12,5.0689000000015,10800.000000000002,10800.0,878.08652568,0.0,-1.5099033134902131e-13
2025-01-15,99,q4_warmup,1.0831,1076.77,155.45000000000002,1052.6766666666667,146.53125,906.1454166666668,15.174583333332404,0.0,8.259848360836484e-13,0.0,10800.0,10799.999999999998,981.4461007916668,82.17795604166164,0.0
2025-01-15,100,q4_warmup,1.087,1066.2334,105.90393333333331,1024.3076,101.73058333333334,922.5770166666664,37.75245000000207,0.0,-1.822207940094245e-12,0.0,10799.999999999998,10800.0,1002.8412171166664,205.18456575001125,0.0
2025-01-15,101,q4_warmup,1.1343,1063.0829166666667,55.9799,1019.8910666666668,55.531083333333335,964.3599833333334,42.743033333332455,0.0,8.904116680086284e-13,0.0,10800.0,10799.999999999998,1093.873529095,242.417113549995,0.0
2025-01-15,102,q4_warmup,1.2008,1069.1833333333334,16.35625,1041.595,15.19375,1026.40125,26.42583333333409,0.0,-8.160244355237545e-13,0.0,10799.999999999998,10799.999999999998,1232.5026210000003,158.6607033333379,0.0
2025-01-15,103,q4_warmup,1.1426,1060.4871666666666,1.4994666666666667,1055.6396333333334,0.98465,1054.6549833333331,4.332716666668012,0.0,-1.4733814168721438e-12,0.0,10799.999999999998,10800.0,1205.0487839566667,24.752810316674356,0.0
2025-01-15,104,q4_warmup,1.1094,1039.3981833333337,0.0,1046.19785,0.0,1046.19785,0.0,0.0,-0.0,6.799666666666326,10800.0,10800.0,1160.65189479,0.0,0.0
2025-01-15,105,q4_warmup,1.1512,1046.0266666666666,0.0,1041.8933333333332,0.0,1041.8933333333332,4.133333333333439,0.0,0.0,0.0,10800.0,10800.0,1199.427605333333,23.79146666666728,0.0
2025-01-15,106,q4_warmup,1.1793,1091.8651666666667,0.0641666666666666,1061.6435333333334,0.0302999999999999,1061.6132333333337,30.1877666666687,0.0,-2.1378765164420397e-12,0.0,10800.0,10800.000000000002,1251.96048607,178.002166150012,2.273736754432321e-13
2025-01-15,107,q4_warmup,1.2459,965.6812833333332,0.0,939.3711833333332,0.0,939.3711833333332,26.31009999999984,0.0,8.09734501672213e-14,0.0,10800.000000000002,10800.000000000002,1170.362557315,163.89876794999898,0.0
2025-01-15,108,q4_warmup,1.3184,734.79,0.0,733.5433333333334,0.0,733.5433333333334,1.2466666666647956,0.0,1.760298573572072e-12,0.0,10800.000000000002,10800.0,967.1035306666668,8.218026666654334,0.0
2025-01-15,109,q4_warmup,1.294,694.8607499999999,0.0046,690.5731000000001,0.0021666666666666,690.5709333333334,4.2852166666667095,0.0,-1.8474111129762605e-13,0.0,10800.0,10800.0,893.5987877333334,27.72535183333361,-1.1368683772161605e-13
2025-01-15,110,q4_warmup,1.271,722.4920666666667,0.0,727.0593666666667,0.0,727.0593666666667,0.0,0.0,4.6043169277254495e-14,4.567300000000092,10800.0,10800.0,924.0924550333332,0.0,-4.618527782440651e-14
2025-01-15,111,q4_warmup,1.2725,717.2633333333333,0.0,749.4983333333333,0.0,749.4983333333333,0.0,0.0,1.84172677109018e-13,32.2350000000002,10800.0,10800.0,953.7366291666666,0.0,4.263256414560601e-14
2025-01-15,112,q4_warmup,1.2505,707.6481,0.0003333333333333,747.1676000000001,0.0,747.1676000000001,0.0,0.0,2.273736754432321e-13,39.51983333333367,10800.0,10800.0,934.3330838,0.0,-4.263256414560601e-14
2025-01-15,113,q4_warmup,1.3698,711.4607500000001,0.0,738.6843833333334,0.0,272.4326000000001,0.0,0.0,439.0281500000001,0.0,10800.0,10312.190944444445,373.1781754800001,0.0,1.1368683772161605e-13
2025-01-15,114,q4_warmup,1.5628,730.2233333333334,0.0,738.6833333333334,0.0,0.0,0.0,0.0,730.2233333333334,0.0,10312.190944444445,9500.831685185183,0.0,0.0,0.0
2025-01-15,115,q4_warmup,1.5688,749.2222,0.0,745.5719666666668,0.0,0.0,0.0,0.0,749.2222,0.0,9500.831685185183,8668.362574074074,0.0,0.0,0.0
2025-01-15,116,q4_warmup,1.4971,739.8300333333333,0.0,736.5813833333333,0.0,0.0,0.0,0.0,739.8300333333333,0.0,8668.362574074074,7846.329203703704,0.0,0.0,0.0
2025-01-15,117,q4_warmup,1.4834,722.305,0.0,724.1216666666666,0.0,0.0,0.0,0.0,722.305,0.0,7846.329203703704,7043.768092592592,0.0,0.0,0.0
2025-01-15,118,q4_warmup,1.5532,743.1292666666667,0.0,741.2659333333332,0.0,0.0,0.0,0.0,743.1292666666667,0.0,7043.768092592592,6218.068907407407,0.0,0.0,0.0
2025-01-15,119,q4_warmup,1.5755,748.2340333333333,0.0,744.84535,0.0,0.0,0.0,0.0,748.2340333333333,0.0,6218.068907407407,5386.697759259259,0.0,0.0,0.0
2025-01-15,120,q4_warmup,1.5441,736.8616666666667,0.0,729.9133333333333,0.0,0.0,0.0,0.0,736.8616666666667,0.0,5386.697759259259,4567.962574074074,0.0,0.0,0.0
2025-01-15,121,q4_warmup,1.5629,764.5076833333333,0.0,736.2915166666667,0.0,0.0,0.0,0.0,764.5076833333333,0.0,4567.962574074074,3718.509592592593,0.0,0.0,0.0
2025-01-15,122,q4_warmup,1.5318,796.3999833333334,0.0,752.3925833333333,0.0,0.0,0.0,0.0,796.3999833333334,0.0,3718.509592592593,2833.620722222222,0.0,0.0,0.0
2025-01-15,123,q4_warmup,1.5014,792.8000000000001,0.0,762.7583333333333,0.0,0.0,83.86416666666696,0.0,708.9358333333331,0.0,2833.620722222222,2045.9142407407408,0.0,629.5682991666689,0.0
2025-01-15,124,q4_warmup,1.5854,752.6728666666667,0.0,761.3228166666667,0.0,0.0,0.0,0.0,752.6728666666667,0.0,2045.9142407407408,1209.6110555555556,0.0,0.0,0.0
2025-01-15,125,q4_warmup,1.3652,751.1731833333333,0.0,742.1596666666666,0.0,742.1596666666666,0.3635666666667255,0.0,8.649950000000034,0.0,1209.6110555555556,1200.0,1013.1963769333332,2.4817060666670683,0.0
2025-01-15,126,q4_warmup,0.9551,774.2233333333334,0.0,722.7983333333333,0.0,722.7983333333333,51.42500000000007,0.0,-0.0,0.0,1200.0,1200.0,690.3446881666666,245.58008750000036,0.0
2025-01-15,127,q4_warmup,0.9186,742.54675,0.0,730.6935833333333,0.0,730.6935833333333,11.853166666666652,0.0,-0.0,0.0,1200.0,1200.0,671.21512565,54.44159449999994,0.0
2025-01-15,128,q4_warmup,0.9597,742.8491166666666,0.0,740.3137166666667,0.0,740.3137166666667,2.535399999999981,0.0,-0.0,0.0,1200.0,1200.0,710.479073885,12.16611689999991,0.0
2025-01-15,129,q4_warmup,0.9394,778.7483333333333,0.0,744.8966666666666,0.0,744.8966666666666,33.85166666666669,0.0,-0.0,0.0,1200.0,1200.0,699.7559286666667,159.00127833333343,0.0
2025-01-15,130,q4_warmup,0.9848,752.3233833333334,0.0,745.9355999999999,0.0,745.9355999999999,6.387783333333459,0.0,-0.0,0.0,1200.0,1200.0,734.59737888,31.45344513333396,0.0
2025-01-15,131,q4_warmup,0.7978,664.3000499999999,0.0,656.7318666666666,0.0,656.7318666666666,7.56818333333331,0.0,-0.0,0.0,1200.0,1200.0,523.9406832266666,30.18948331666657,0.0
2025-01-15,132,q4_warmup,0.4823,580.5366666666666,0.0,547.5966666666667,0.0,547.5966666666667,32.93999999999994,0.0,-0.0,0.0,1200.0,1200.0,264.10587233333337,79.43480999999987,0.0
2025-01-15,133,q4_warmup,0.4725,573.7712166666666,0.0,583.1007666666667,0.0,583.1007666666667,0.0,0.0,0.0,9.32955000000004,1200.0,1200.0,275.51511225,0.0,0.0
2025-01-15,134,q4_warmup,0.4845,589.6589333333333,0.0,596.5166333333333,0.0,596.5166333333333,0.0,-0.0,0.0,6.857700000000023,1200.0,1200.0,289.01230884999995,0.0,0.0
2025-01-15,135,q4_warmup,0.4109,581.5666666666667,0.0,548.2033333333333,0.0,548.2033333333333,33.36333333333346,0.0,-0.0,0.0,1200.0,1200.0,225.25674966666665,68.54496833333359,0.0
2025-01-15,136,q4_warmup,0.4328,551.2475499999999,0.0,567.5955333333333,0.0,567.5955333333333,0.0,-0.0,0.0,16.34798333333333,1200.0,1200.0,245.65534682666663,0.0,0.0
2025-01-15,137,q4_warmup,0.4484,533.1689333333334,0.0,614.1134333333333,0.0,614.1134333333333,0.0,-0.0,0.0,80.94449999999995,1200.0,1200.0,275.36846350666667,0.0,0.0
2025-01-15,138,q4_warmup,0.4204,542.6066666666667,0.0,629.9583333333334,0.0,629.9583333333334,0.0,-0.0,0.0,87.35166666666669,1200.0,1200.0,264.83448333333337,0.0,0.0
2025-01-15,139,q4_warmup,0.4251,565.7428,0.0,604.6275166666667,0.0,604.6275166666667,0.0,-0.0,0.0,38.88471666666669,1200.0,1200.0,257.027157335,0.0,0.0
2025-01-15,140,q4_warmup,0.4355,581.1533333333333,0.0,602.7846166666667,0.0,602.7846166666667,0.0,-0.0,0.0,21.63128333333339,1200.0,1200.0,262.51270055833334,0.0,-3.552713678800501e-15
2025-01-15,141,q4_warmup,0.4473,589.5483333333333,0.0,626.4616666666667,0.0,626.4616666666667,0.0,0.0,0.0,36.91333333333341,1200.0,1200.0,280.2163035,0.0,0.0
2025-01-15,142,q4_warmup,0.4819,603.82045,0.0,618.9066333333334,0.0,618.9066333333334,0.0,0.0,0.0,15.086183333333338,1200.0,1200.0,298.25110660333337,0.0,0.0
2025-01-15,143,q4_warmup,0.468,593.1068333333334,0.0,610.8013,0.0,610.8013,0.0,-0.0,0.0,17.694466666666585,1200.0,1200.0,285.8550084,0.0,0.0
2025-01-15,144,q4_warmup,0.4134,571.6,0.0,612.1483333333333,0.0,612.1483333333333,0.0,-0.0,0.0,40.54833333333329,1200.0,1200.0,253.062121,0.0,0.0
2025-01-16,1,q4_warmup,0.4046,587.8245166666667,0.0,603.4397666666667,0.0,1436.7731,0.0,833.3333333333334,0.0,15.61525000000006,1200.0,1950.0,581.3183962600001,0.0,0.0
2025-01-16,2,q4_warmup,0.4281,604.4712000000001,0.0,618.0562833333333,0.0,1451.3896166666668,0.0,833.3333333333333,0.0,13.5850833333335,1950.0,2700.0,621.339894895,0.0,0.0
2025-01-16,3,q4_warmup,0.4594,604.4316666666667,0.0,639.72,0.0,1473.0533333333333,0.0,833.3333333333333,0.0,35.2883333333333,2700.0,3450.0,676.7207013333333,0.0,0.0
2025-01-16,4,q4_warmup,0.4868,606.8383166666666,0.0,616.2570833333333,0.0,616.2570833333333,0.0,0.0,0.0,9.41876666666667,3450.0,3450.0,299.99394816666666,0.0,0.0
2025-01-16,5,q4_warmup,0.4934,607.9121833333334,0.0,602.7091833333333,0.0,602.7091833333333,5.203000000000088,0.0,-0.0,0.0,3450.0,3450.0,297.37671105666664,12.83580100000022,0.0
2025-01-16,6,q4_warmup,0.4957,625.785,0.0,621.71,0.0,621.71,4.074999999999932,0.0,-0.0,0.0,3450.0,3450.0,308.181647,10.09988749999983,0.0
2025-01-16,7,q4_warmup,0.5184,675.8950333333333,0.0,641.1512666666666,0.0,641.1512666666666,34.74376666666672,0.0,-0.0,0.0,3450.0,3450.0,332.37281663999994,90.05584320000011,0.0
2025-01-16,8,q4_warmup,0.4844,657.8231833333333,0.0,649.754,0.0,649.754,8.069183333333285,0.0,-0.0,0.0,3450.0,3450.0,314.7408376,19.543562033333217,0.0
2025-01-16,9,q4_warmup,0.4383,608.6233333333333,0.0,645.8683333333333,0.0,1479.2016666666668,0.0,833.3333333333333,0.0,37.24500000000023,3450.0,4200.0,648.3340905000001,0.0,0.0
2025-01-16,10,q4_warmup,0.497,658.57385,0.0,635.8463333333333,0.0,635.8463333333333,22.727516666666705,0.0,-0.0,0.0,4200.0,4200.0,316.01562766666666,56.477878916666754,0.0
2025-01-16,11,q4_warmup,0.4852,653.84325,0.0,641.68255,0.0,641.68255,12.16070000000002,0.0,-0.0,0.0,4200.0,4200.0,311.34437326,29.50185820000005,0.0
2025-01-16,12,q4_warmup,0.4122,594.715,0.0,659.4066666666666,0.0,1492.74,0.0,833.3333333333333,0.0,64.69166666666672,4200.0,4950.0,615.3074280000001,0.0,0.0
2025-01-16,13,q4_warmup,0.4621,640.4675166666667,0.0,661.5856,0.0,1494.9189333333334,0.0,833.3333333333333,0.0,21.1180833333334,4950.0,5700.0,690.8020390933334,0.0,0.0
2025-01-16,14,q4_warmup,0.4888,683.9615833333334,0.0,646.9661,0.0,646.9661,36.99548333333337,0.0,-0.0,0.0,5700.0,5700.0,316.23702968,90.41696126666676,0.0
2025-01-16,15,q4_warmup,0.4499,674.1283333333333,0.0,636.9616666666667,0.0,1470.295,37.16666666666652,833.3333333333333,0.0,0.0,5700.0,6450.0,661.4857205000001,83.60641666666633,0.0
2025-01-16,16,q4_warmup,0.4569,672.4852666666667,0.0,652.3050833333333,0.0,1485.638416666667,20.180183333333275,833.3333333333333,0.0,0.0,6450.0,7200.0,678.7881925749999,46.10162882499986,1.1368683772161605e-13
2025-01-16,17,q4_warmup,0.4824,689.0236833333333,0.0,650.74815,0.0,650.74815,38.27553333333333,0.0,0.0,0.0,7200.0,7200.0,313.92090756,92.32058639999998,0.0
2025-01-16,18,q4_warmup,0.4838,692.2783333333333,0.0,640.5066666666667,0.0,640.5066666666667,51.77166666666665,0.0,-0.0,0.0,7200.0,7200.0,309.8771253333333,125.23566166666662,0.0
2025-01-16,19,q4_warmup,0.4596,654.2623666666667,0.0,672.9660833333334,0.0,1506.2994166666667,0.0,833.3333333333333,0.0,18.703716666666764,7200.0,7950.0,692.2952119,0.0,0.0
2025-01-16,20,q4_warmup,0.481,663.99055,0.0,707.8384500000001,0.0,707.8384500000001,0.0,43.847900000000095,0.0,0.0,7950.0,7989.46311,340.47029445000004,0.0,0.0
2025-01-16,21,q4_warmup,0.524,710.125,0.0,708.0066666666667,0.0,708.0066666666667,0.0,0.0,2.1183333333333394,0.0,7989.46311,7987.109406296296,370.9954933333333,0.0,0.0
2025-01-16,22,q4_warmup,0.4956,692.4751166666666,0.0,678.3172166666667,0.0,678.3172166666667,0.0,0.0,14.157899999999929,0.0,7987.109406296296,7971.378406296296,336.17401258,0.0,0.0
2025-01-16,23,q4_warmup,0.4743,671.6990166666667,0.0,680.6562833333334,0.0,1513.9896166666667,0.0,809.5795485596711,0.0,32.7110514403289,7971.378406296296,8700.0,718.085275185,0.0,0.0
2025-01-16,24,q4_warmup,0.4814,673.915,0.0,710.3466666666667,0.0,710.3466666666667,0.0,36.43166666666673,0.0,0.0,8700.0,8732.7885,341.9608853333333,0.0,0.0
2025-01-16,25,q4_warmup,0.4628,666.2950333333333,0.0,705.1456333333334,0.0,1538.4789666666668,0.0,796.901666666666,0.0,75.28226666666751,8732.7885,9450.0,712.0080657733333,0.0,0.0
2025-01-16,26,q4_warmup,0.4668,682.2612166666667,0.0,693.1804666666667,0.0,1526.5138000000002,0.0,833.3333333333333,0.0,10.91925000000026,9450.0,10200.0,712.5766418400001,0.0,0.0
2025-01-16,27,q4_warmup,0.4983,711.5983333333334,0.0,692.3333333333334,0.0,692.3333333333334,19.264999999999983,0.0,-0.0,0.0,10200.0,10200.0,344.9897,47.99874749999997,0.0
2025-01-16,28,q4_warmup,0.5054,706.8581166666667,0.0,691.5618666666666,0.0,691.5618666666666,15.2962500000001,0.0,-0.0,0.0,10200.0,10200.0,349.51536741333325,38.65362375000025,0.0
2025-01-16,29,q4_warmup,0.4896,712.7656999999999,0.0,698.3777,0.0,698.3777,14.38799999999992,0.0,-0.0,0.0,10200.0,10200.0,341.92572192,35.221823999999806,0.0
2025-01-16,30,q4_warmup,0.476,728.5483333333333,0.0,710.7800000000001,0.0,1377.4466666666667,17.768333333333203,666.6666666666666,0.0,0.0,10200.0,10800.0,655.6646133333334,42.288633333333024,0.0
2025-01-16,31,q4_warmup,0.4908,708.3519833333334,0.0,718.7302166666667,0.0,718.7302166666667,0.0,0.0,-0.0,10.378233333333355,10800.0,10800.0,352.75279034000005,0.0,0.0
2025-01-16,32,q4_warmup,0.5264,700.0168333333332,0.0006166666666666,735.6534833333334,0.00035,735.6531333333334,0.0,0.0,-0.0,35.636916666666785,10800.0,10800.0,387.2478093866667,0.0,3.5527136788005016e-14
2025-01-16,33,q4_warmup,0.5272,711.215,0.0,724.77,0.0,724.77,0.0,0.0,-0.0,13.55499999999995,10800.0,10800.0,382.098744,0.0,0.0
2025-01-16,34,q4_warmup,0.4829,714.5808833333334,0.0,657.20925,0.0,657.20925,57.37163333333342,0.0,-0.0,0.0,10800.0,10800.0,317.366346825,138.52380868333353,0.0
2025-01-16,35,q4_warmup,0.6983,793.5419,0.0084999999999999,745.7387833333333,0.0048166666666666,745.7339666666667,47.79943333333338,0.0,-0.0,0.0,10800.0,10800.0,520.7460289233334,166.89172148333353,0.0
2025-01-16,36,q4_warmup,1.0467,912.8583333333332,0.0,924.7166666666668,0.0,924.7166666666668,0.0,0.0,-0.0,11.858333333333462,10800.0,10800.0,967.900935,0.0,0.0
2025-01-16,37,q4_warmup,1.0767,939.9650333333334,0.0,909.3155833333334,0.0,909.3155833333334,30.64945,0.0,-0.0,0.0,10800.0,10800.0,979.060088575,165.001314075,0.0
2025-01-16,38,q4_warmup,1.0678,937.5749166666666,0.1184833333333333,885.5596333333333,0.067,885.4926333333333,51.96379999999997,0.0,-0.0,0.0,10800.0,10800.0,945.5290338733332,277.4347281999998,0.0
2025-01-16,39,q4_warmup,1.1245,934.4366666666666,0.0,929.8933333333332,0.0,254.89333333333343,4.54333333333318,0.0,675.0,0.0,10800.0,10050.0,286.6275533333335,25.54489166666581,0.0
2025-01-16,40,q4_warmup,1.0687,899.2186333333334,0.0,923.5810166666666,0.0,923.5810166666666,0.0,0.0,0.0,24.36238333333324,10050.0,10050.0,987.0310325116666,0.0,0.0
2025-01-16,41,q4_warmup,1.0352,894.3400666666666,2.252933333333333,890.5133999999999,1.4877166666666666,889.0256833333333,3.06145000000002,0.0,-0.0,0.0,10050.0,10050.0,920.3193873866666,15.846065200000105,0.0
2025-01-16,42,q4_warmup,1.0471,926.3433333333334,16.275000000000002,875.8850000000001,14.975,860.9100000000001,49.15833333333328,0.0,-0.0,0.0,10050.0,10050.0,901.458861,257.3684541666664,0.0
2025-01-16,43,q4_warmup,0.9905,937.8076666666666,47.76085,895.7419,50.04215,845.69975,44.3470666666666,0.0,-0.0,0.0,10050.0,10050.0,837.665602375,219.6288476666664,0.0
2025-01-16,44,q4_warmup,0.9744,934.8981666666668,88.89581666666668,916.9153333333334,94.42913333333333,822.4862,23.51615000000011,0.0,-0.0,0.0,10050.0,10050.0,801.4305532800001,114.57068280000053,0.0
2025-01-16,45,q4_warmup,0.975,905.7433333333332,131.82500000000002,889.8633333333333,139.88750000000002,749.9758333333333,23.94249999999991,-0.0,0.0,0.0,10050.0,10050.0,731.2264375,116.71968749999957,0.0
2025-01-16,46,q4_warmup,0.8951,854.9562999999999,173.47975,824.3265,186.65878333333333,1471.00105,43.80883333333327,833.3333333333334,0.0,0.0,10050.0,10800.0,1316.693039855,196.0664335833331,0.0
2025-01-16,47,q4_warmup,1.0795,978.5328666666666,215.77241666666663,966.80785,230.75015,736.0577000000001,26.702749999999867,0.0,-0.0,0.0,10800.0,10800.0,794.57428715,144.12809312499925,1.1368683772161605e-13
2025-01-16,48,q4_warmup,1.4315,1206.39,260.49375000000003,1227.46,274.6125,119.51416666666672,0.0,0.0,826.3820833333334,0.0,10800.0,9881.797685185184,171.0845295833334,0.0,0.0
2025-01-16,49,q4_warmup,1.4738,1254.06675,305.51286666666664,1251.2875666666666,327.1257,90.8285333333332,24.392016666666564,0.0,833.3333333333334,0.0,9881.797685185184,8955.87175925926,133.8630924266665,179.7447708166659,-2.273736754432321e-13
2025-01-16,50,q4_warmup,1.4143,1231.028,339.3194833333333,1197.7863333333332,391.5120666666666,0.0,58.375183333333325,0.0,833.3333333333334,0.0,8955.87175925926,8029.945833333334,0.0,412.80010894166656,0.0
2025-01-16,51,q4_warmup,1.3976,1216.9416666666666,370.7,1194.0716666666667,448.09375,0.0,12.90833333333319,0.0,833.3333333333334,0.0,8029.945833333334,7104.019907407408,0.0,90.20343333333231,0.0
2025-01-16,52,q4_warmup,1.3583,1186.4278,422.60355,1205.3559333333333,470.7354666666667,0.0,0.0,0.0,763.8242499999999,0.0,7104.019907407408,6255.326296296297,0.0,0.0,0.0
2025-01-16,53,q4_warmup,1.3515,1214.3366833333332,484.2694166666667,1211.0691,491.75441666666666,0.0,0.0,0.0,730.0672666666665,0.0,6255.326296296297,5444.140444444445,0.0,0.0,0.0
2025-01-16,54,q4_warmup,1.3615,1253.9733333333334,539.59375,1205.756666666667,528.1374999999999,0.0,0.0,0.0,714.3795833333334,0.0,5444.140444444445,4650.385351851853,0.0,0.0,0.0
2025-01-16,55,q4_warmup,1.3117,1185.5408333333332,580.2057833333333,1196.86125,568.54715,0.0,0.0,0.0,605.3350499999999,0.0,4650.385351851853,3977.790851851853,0.0,0.0,0.0
2025-01-16,56,q4_warmup,1.2902,1178.7671,614.9460833333334,1203.06635,609.60545,570.050699999998,0.0,6.229683333331309,0.0,0.0,3977.790851851853,3983.3975668518506,735.4794131399974,0.0,-1.1368683772161605e-13
2025-01-16,57,q4_warmup,1.3031,1243.7733333333333,648.06875,1214.5616666666667,662.6125000000001,0.0,0.0,0.0,595.7045833333333,0.0,3983.3975668518506,3321.5035853703694,0.0,0.0,0.0
2025-01-16,58,q4_warmup,1.2752,1219.6558,675.8628333333334,1205.7861666666663,735.2740333333333,470.5121333333333,73.28083333333336,0.0,0.0,0.0,3321.5035853703694,3321.5035853703694,599.9970724266666,467.2385933333335,0.0
2025-01-16,59,q4_warmup,1.2996,1190.8384833333332,698.667,1210.33085,774.9026166666666,0.0,0.0,0.0,492.1714833333332,0.0,3321.5035853703694,2774.646381666665,0.0,0.0,0.0
2025-01-16,60,q4_warmup,1.3727,1191.1633333333332,729.28125,1217.02,791.1687499999999,0.0,0.0,0.0,461.8820833333332,0.0,2774.646381666665,2261.444066851851,0.0,0.0,0.0
2025-01-16,61,q4_warmup,1.378,1163.6018666666666,779.7632,1182.6364,842.9839333333333,0.0,0.0,0.0,383.83866666666665,0.0,2261.444066851851,1834.956659444444,0.0,0.0,0.0
2025-01-16,62,q4_warmup,1.3124,1144.0078166666667,815.7461,1171.4165666666663,878.5017666666666,0.0,41.55858983333411,0.0,286.70312683333265,0.0,1834.956659444444,1516.3976296296296,0.0,272.70746648633843,0.0
2025-01-16,63,q4_warmup,1.2919,1157.1933333333334,835.53125,1184.78,877.53125,0.0,321.6620833333334,0.0,-0.0,0.0,1516.3976296296296,1516.3976296296296,0.0,2077.776227291667,0.0
2025-01-16,64,q4_warmup,1.393,1183.883916666667,871.4816999999999,1160.7840333333334,876.0261666666667,0.0,27.64435000000032,0.0,284.75786666666664,0.0,1516.3976296296296,1200.0,0.0,192.5428977500022,0.0
2025-01-16,65,q4_warmup,1.2064,1173.8569666666667,914.9906833333332,1143.33815,892.6540333333334,250.68411666666668,8.18216666666683,0.0,-0.0,0.0,1200.0,1200.0,302.42531834666664,49.35482933333432,0.0
2025-01-16,66,q4_warmup,0.799,1145.0166666666669,955.3375,1157.0883333333334,916.63125,1073.7904166666667,0.0,833.3333333333334,0.0,50.77791666666644,1200.0,1950.0,857.9585429166667,0.0,1.1368683772161605e-13
2025-01-16,67,q4_warmup,0.6778,1159.36635,987.8862833333332,1178.5028666666667,924.6773666666668,1087.1588333333334,0.0,833.3333333333333,0.0,82.34543333333329,1950.0,2700.0,736.8762572333334,0.0,1.1368683772161605e-13
2025-01-16,68,q4_warmup,0.7191,1157.241166666667,998.6749,1179.8953166666668,940.3977,1072.83095,0.0,833.3333333333333,0.0,80.93134999999984,2700.0,3450.0,771.472736145,0.0,0.0
2025-01-16,69,q4_warmup,0.7425,1134.84,989.50625,1171.2483333333332,976.66875,1027.912916666667,0.0,833.3333333333333,0.0,49.24583333333351,3450.0,4200.0,763.2253406250001,0.0,-1.1368683772161605e-13
2025-01-16,70,q4_warmup,0.7088,1149.0000333333337,980.0702666666666,1179.642466666667,1015.5962666666666,997.3795333333336,4.883566666666866,833.3333333333333,0.0,0.0,4200.0,4950.0,706.9426132266667,17.307360266667374,0.0
2025-01-16,71,q4_warmup,0.7091,1152.70115,988.04815,1151.9896833333337,1010.3395666666668,974.9834500000002,23.002883333333216,833.3333333333333,0.0,0.0,4950.0,5700.0,691.360764395,81.5567228583329,0.0
2025-01-16,72,q4_warmup,0.7264,1118.1833333333334,1012.4125,1110.6933333333334,981.225,962.8016666666668,0.0,833.3333333333333,0.0,23.697500000000105,5700.0,6450.0,699.3791306666668,0.0,-1.1368683772161605e-13
2025-01-16,73,q4_warmup,0.6612,1071.9837333333332,1033.2191333333333,1131.40485,994.0265833333332,970.7116000000002,0.0,833.3333333333333,0.0,98.61366666666696,6450.0,7200.0,641.8345099200002,0.0,1.1368683772161605e-13
2025-01-16,74,q4_warmup,0.6346,1069.39345,1028.39155,1123.8438666666666,1002.2951,954.8821,0.0,833.3333333333333,0.0,80.5468666666668,7200.0,7950.0,605.96818066,0.0,0.0
2025-01-16,75,q4_warmup,0.6482,1088.0266666666666,1009.8375,1066.4,989.90625,909.8270833333332,1.695416666666688,833.3333333333333,0.0,0.0,7950.0,8700.0,589.7499154166666,5.494845416666736,0.0
2025-01-16,76,q4_warmup,0.6139,1060.69105,1007.2538333333332,1037.0257166666668,989.1074166666668,881.2516333333334,5.5189166666665415,833.3333333333333,0.0,0.0,8700.0,9450.0,541.0003777033334,16.94031470833295,0.0
2025-01-16,77,q4_warmup,0.7701,1072.7609166666666,987.1761833333334,1065.3875666666663,988.84875,909.87215,9.045916666666583,833.3333333333333,0.0,0.0,9450.0,10200.0,700.692542715,34.83130212499969,0.0
2025-01-16,78,q4_warmup,1.0273,1120.3933333333332,967.3125,1129.005,966.575,162.42999999999995,0.0,0.0,0.0,9.349166666666749,10200.0,10200.0,166.86433899999997,0.0,-1.1368683772161605e-13
2025-01-16,79,q4_warmup,1.0302,1113.1078333333332,999.6104833333334,1169.4396166666668,910.4545666666668,258.9850500000001,0.0,0.0,0.0,145.48770000000025,10200.0,10200.0,266.8063985100001,0.0,1.1368683772161605e-13
2025-01-16,80,q4_warmup,0.9968,1122.4701333333337,1007.5572333333332,1143.2497,850.8616166666667,292.3880833333334,0.0,0.0,0.0,177.4751833333329,10200.0,10200.0,291.4524414666667,0.0,1.1368683772161605e-13
2025-01-16,81,q4_warmup,1.0405,1158.52,971.40625,1088.835,810.275,278.56000000000006,0.0,0.0,0.0,91.44625000000008,10200.0,10200.0,289.84168000000005,0.0,-1.1368683772161605e-13
2025-01-16,82,q4_warmup,1.0702,1153.8264833333333,946.4482,1091.8318,788.1631333333333,303.6686666666666,0.0,0.0,0.0,96.29038333333337,10200.0,10200.0,324.98620706666657,0.0,1.1368683772161605e-13
2025-01-16,83,q4_warmup,1.1798,1142.3772333333334,929.30215,1117.1900833333334,766.4114833333333,87.66071666666659,0.0,0.0,125.41436666666688,0.0,10200.0,10060.650703703704,103.42211352333324,0.0,0.0
2025-01-16,84,q4_warmup,1.3243,1128.05,893.3312500000001,1122.2416666666666,737.9625,0.0,0.0,0.0,234.7187499999999,0.0,10060.650703703704,9799.852092592591,0.0,0.0,0.0
2025-01-16,85,q4_warmup,1.3405,1084.1776666666667,821.5127666666667,1101.2202333333332,710.7455333333334,0.0,0.0,0.0,262.6649,0.0,9799.852092592591,9508.002203703703,0.0,0.0,0.0
2025-01-16,86,q4_warmup,1.3345,1083.0568166666667,763.4274333333333,1099.5821666666668,691.0889666666667,0.0,0.0,0.0,319.6293833333334,0.0,9508.002203703703,9152.858444444444,0.0,0.0,0.0
2025-01-16,87,q4_warmup,1.3946,1102.6416666666669,733.8562499999999,1112.595,672.275,0.0,0.0,0.0,368.78541666666695,0.0,9152.858444444444,8743.09687037037,0.0,0.0,0.0
2025-01-16,88,q4_warmup,1.4536,1050.7556333333334,700.92585,1095.659666666667,639.9993000000001,0.0,0.0,0.0,349.82978333333347,0.0,8743.09687037037,8354.39711111111,0.0,0.0,0.0
2025-01-16,89,q4_warmup,1.1972,1028.3424833333331,652.91165,1092.3110166666668,599.6563333333334,0.0,0.0,0.0,375.4308333333331,0.0,8354.39711111111,7937.2517407407395,0.0,0.0,0.0
2025-01-16,90,q4_warmup,0.8132,1068.1516666666666,598.00625,1092.6266666666668,564.6875,1361.2725,0.0,0.0,0.0,891.1270833333334,7937.2517407407395,7937.2517407407395,1106.986797,0.0,-1.1368683772161605e-13
2025-01-16,91,q4_warmup,0.8312,1095.032,550.5675833333333,1045.0969333333337,541.8687,1336.5615666666667,0.0,792.0971500000002,0.0,0.0,7937.2517407407395,8650.13917574074,1110.9499742133337,0.0,1.1368683772161605e-13
2025-01-16,92,q4_warmup,0.9129,1075.5811,493.4492166666666,1032.0354333333332,501.0163500000001,1364.3524166666666,0.0,782.2205333333332,0.0,0.0,8650.13917574074,9354.13765574074,1245.517321175,0.0,0.0
2025-01-16,93,q4_warmup,0.8848,1037.993333333333,426.25,1066.5766666666666,440.05,1459.86,0.0,773.1803825102886,0.0,74.9362841563784,9354.13765574074,10050.0,1291.684128,0.0,0.0
2025-01-16,94,q4_warmup,0.9145,1039.25035,369.4311333333333,1075.9077666666667,386.8847166666667,1522.3563833333333,0.0,833.3333333333333,0.0,19.20383333333325,10050.0,10800.0,1392.1949125583333,0.0,0.0
2025-01-16,95,q4_warmup,0.984,1053.4327833333334,327.28878333333336,1057.7969833333334,340.10565,717.6913333333334,8.452666666665934,0.0,6.964029353184741e-13,0.0,10800.0,10800.0,706.2082720000001,41.5871199999964,0.0
2025-01-16,96,q4_warmup,1.0287,1065.4383333333333,288.425,1039.7683333333332,294.90625,744.8620833333332,32.15124999999946,0.0,7.366907084360718e-13,0.0,10800.0,10800.0,766.2396251249999,165.3699543749972,0.0
2025-01-16,97,q4_warmup,1.015,1081.3271,237.46400000000003,1049.137,250.40318333333332,798.7338166666666,45.12928333333338,0.0,-3.570477247194503e-14,0.0,10800.0,10800.0,810.7148239166665,229.0311129166669,0.0
2025-01-16,98,q4_warmup,1.0131,1066.1682,187.97323333333333,1068.7731,204.10495,864.6681500000001,13.526816666667049,0.0,-3.8568259697058234e-13,0.0,10800.0,10800.0,875.995302765,68.52008982500192,0.0
2025-01-16,99,q4_warmup,1.0557,1036.3216666666667,145.69375,1076.77,155.45000000000002,921.32,0.0,0.0,-4.0287773117597686e-14,30.692083333333176,10800.0,10800.0,972.637524,0.0,-4.618527782440651e-14
2025-01-16,100,q4_warmup,1.1065,1048.8946833333332,102.5988,1066.2334,105.90393333333331,960.3294666666668,0.0,0.0,-3.741007503776927e-14,14.033583333333558,10800.0,10800.0,1062.6045548666668,0.0,2.3092638912203256e-14
2025-01-16,101,q4_warmup,1.1105,1076.2546333333332,56.79583333333333,1063.0829166666667,55.9799,1007.1030166666668,12.35578333333259,0.0,6.229146365388515e-13,0.0,10800.0,10800.0,1118.3879000083334,68.60548695832921,0.0
2025-01-16,102,q4_warmup,1.082,1065.1916666666666,18.4625,1069.1833333333334,16.35625,1052.8270833333331,0.0,0.0,-0.0,6.097916666666741,10800.0,10800.0,1139.1589041666668,0.0,9.237055564881302e-14
2025-01-16,103,q4_warmup,1.086,996.28205,2.243183333333333,1060.4871666666666,1.4994666666666667,1058.9877,0.0,0.0,-0.0,64.94883333333321,10800.0,10800.0,1150.0606422,0.0,-7.105427357601003e-14
2025-01-16,104,q4_warmup,1.0975,993.4858,0.0,1039.3981833333337,0.0,1039.3981833333337,0.0,0.0,-0.0,45.91238333333342,10800.0,10800.0,1140.7395062083333,0.0,0.0
2025-01-16,105,q4_warmup,1.1043,1066.2733333333333,0.0,1046.0266666666666,0.0,1046.0266666666666,20.24666666666676,0.0,-9.086106866895705e-14,0.0,10800.0,10800.0,1155.127248,111.79197000000052,0.0
2025-01-16,106,q4_warmup,1.1304,1079.5379833333334,0.1119666666666666,1091.8651666666667,0.0641666666666666,1091.801,0.0,0.0,-0.0,12.374983333333212,10800.0,10800.0,1234.1718504,0.0,-6.394884621840903e-14
2025-01-16,107,q4_warmup,1.1984,930.2628333333332,0.0,965.6812833333332,0.0,965.6812833333332,0.0,0.0,-0.0,35.41845000000012,10800.0,10800.0,1157.2724499466665,0.0,0.0
2025-01-16,108,q4_warmup,1.2781,727.4200000000001,0.0,734.79,0.0,734.79,0.0,0.0,-0.0,7.369999999999891,10800.0,10800.0,939.135099,0.0,0.0
2025-01-16,109,q4_warmup,1.3092,697.9706166666666,0.0080333333333333,694.8607499999999,0.0046,694.85615,3.1064333333333707,0.0,-0.0,0.0,10800.0,10800.0,909.70567158,20.33471260000024,0.0
2025-01-16,110,q4_warmup,1.3184,735.9949499999999,0.0,722.4920666666667,0.0,722.4920666666667,13.502883333333555,0.0,-0.0,0.0,10800.0,10800.0,952.5335406933334,89.01100693333481,3.410605131648481e-13
2025-01-16,111,q4_warmup,1.2967,750.6783333333333,0.0,717.2633333333333,0.0,717.2633333333333,33.41499999999993,0.0,-0.0,0.0,10800.0,10800.0,930.0753643333333,216.64615249999952,0.0
2025-01-16,112,q4_warmup,1.2314,748.7222,0.0005833333333333,707.6481,0.0003333333333333,707.6477666666667,41.07385000000159,0.0,-0.0,0.0,10800.0,10800.0,871.3974598733334,252.89169445000977,1.5916157281026244e-12
2025-01-16,113,q4_warmup,1.3149,726.16315,0.0,711.4607500000001,0.0,711.4607500000001,14.702400000001036,0.0,-0.0,0.0,10800.0,10800.0,935.499740175,96.6609288000068,1.1368683772161605e-12
2025-01-16,114,q4_warmup,1.5038,708.585,0.0,730.2233333333334,0.0,0.0,0.0,0.0,708.5850000000024,0.0,10800.0,10012.68333333333,0.0,0.0,2.387423592153937e-12
2025-01-16,115,q4_warmup,1.5534,734.0395666666667,0.0,749.2222,0.0,0.0,0.0,0.0,734.0395666666667,0.0,10012.68333333333,9197.083814814812,0.0,0.0,0.0
2025-01-16,116,q4_warmup,1.5597,758.7002666666667,0.0,739.8300333333333,0.0,0.0,0.0,0.0,758.7002666666667,0.0,9197.083814814812,8354.083518518515,0.0,0.0,0.0
2025-01-16,117,q4_warmup,1.5631,752.5583333333334,0.0,722.305,0.0,0.0,0.0,0.0,752.5583333333334,0.0,8354.083518518515,7517.907592592589,0.0,0.0,0.0
2025-01-16,118,q4_warmup,1.4998,728.09315,0.0,743.1292666666667,0.0,0.0,0.0,0.0,728.09315,0.0,7517.907592592589,6708.9152037037,0.0,0.0,0.0
2025-01-16,119,q4_warmup,1.4621,727.0870166666667,0.0,748.2340333333333,0.0,0.0,0.0,0.0,727.0870166666667,0.0,6708.9152037037,5901.040740740737,0.0,0.0,0.0
2025-01-16,120,q4_warmup,1.4923,751.9499999999999,0.0,736.8616666666667,0.0,0.0,0.0,0.0,751.9499999999999,0.0,5901.040740740737,5065.540740740737,0.0,0.0,0.0
2025-01-16,121,q4_warmup,1.5343,763.3121333333333,0.0,764.5076833333333,0.0,0.0,0.0,0.0,763.3121333333333,0.0,5065.540740740737,4217.416148148145,0.0,0.0,0.0
2025-01-16,122,q4_warmup,1.5079,741.8044333333333,0.0,796.3999833333334,0.0,0.0,0.0,0.0,741.8044333333333,0.0,4217.416148148145,3393.1889999999967,0.0,0.0,0.0
2025-01-16,123,q4_warmup,1.4948,715.7083333333334,0.0,792.8000000000001,0.0,0.0,0.0,0.0,715.7083333333334,0.0,3393.1889999999967,2597.957518518515,0.0,0.0,0.0
2025-01-16,124,q4_warmup,1.6041,733.7681166666666,0.0,752.6728666666667,0.0,0.0,0.0,0.0,733.7681166666666,0.0,2597.957518518515,1782.6596111111076,0.0,0.0,0.0
2025-01-16,125,q4_warmup,1.415,759.1978,0.0,751.1731833333333,0.0,387.3592500000014,0.0,0.0,371.8385499999986,0.0,1782.6596111111076,1369.5056666666646,548.113338750002,0.0,0.0
2025-01-16,126,q4_warmup,1.0085,760.2783333333333,0.0,774.2233333333334,0.0,774.2233333333334,0.0,0.0,0.0,13.944999999999869,1369.5056666666646,1369.5056666666646,780.8042316666666,0.0,1.829647544582258e-13
2025-01-16,127,q4_warmup,0.914,739.4905333333332,0.0,742.54675,0.0,742.54675,0.0,0.0,0.0,3.0562166666665007,1369.5056666666646,1369.5056666666646,678.6877295,0.0,2.273736754432321e-13
2025-01-16,128,q4_warmup,0.9214,727.8466,0.0,742.8491166666666,0.0,742.8491166666666,0.0,0.0,0.0,15.00251666666668,1369.5056666666646,1369.5056666666646,684.4611760966667,0.0,0.0
2025-01-16,129,q4_warmup,0.9343,749.1466666666666,0.0,778.7483333333333,0.0,778.7483333333333,0.0,0.0,0.0,29.601666666666688,1369.5056666666646,1369.5056666666646,727.5845678333334,0.0,0.0
2025-01-16,130,q4_warmup,1.0291,779.7671833333334,0.0,752.3233833333334,0.0,752.3233833333334,0.0,0.0,27.44380000000003,0.0,1369.5056666666646,1339.0125555555535,774.2159937883333,0.0,0.0
2025-01-16,131,q4_warmup,0.7823,674.22085,0.0,664.3000499999999,0.0,664.3000499999999,0.0,0.0,9.920800000000211,0.0,1339.0125555555535,1327.989444444442,519.681929115,0.0,1.1368683772161605e-13
2025-01-16,132,q4_warmup,0.3683,521.3916666666667,0.0,580.5366666666666,0.0,1413.8699347124475,0.0,691.1227742186232,0.0,201.3554938271576,1327.989444444442,1949.999941241203,520.7282969545944,0.0,0.0
2025-01-16,133,q4_warmup,0.4164,564.4336166666667,0.0,573.7712166666666,0.0,573.7712166666666,0.0,0.0,0.0,9.337599999999885,1949.999941241203,1949.999941241203,238.91833462,0.0,6.927791673660978e-14
2025-01-16,134,q4_warmup,0.4966,614.1435,0.0,589.6589333333333,0.0,0.0,0.0,0.0,614.1435,0.0,1949.999941241203,1267.6182745745364,0.0,0.0,0.0
2025-01-16,135,q4_warmup,0.4229,581.77,0.0,581.5666666666667,0.0,581.5666666666667,0.2033333333334397,0.0,0.0,0.0,1267.6182745745364,1267.6182745745364,245.9445433333333,0.4299483333335583,2.273736754432321e-13
2025-01-16,136,q4_warmup,0.4373,567.621,0.0,551.2475499999999,0.0,551.2475499999999,16.37345000000027,0.0,0.0,0.0,1267.6182745745364,1267.6182745745366,241.060553615,35.800548425000585,2.273736754432321e-13
2025-01-16,137,q4_warmup,0.4331,581.6968333333333,0.0,533.1689333333334,0.0,533.1689333333334,48.52789999999994,0.0,0.0,0.0,1267.6182745745366,1267.6182745745366,230.91546502666668,105.08716744999984,0.0
2025-01-16,138,q4_warmup,0.3873,592.1416666666667,0.0,542.6066666666667,0.0,542.6066666666667,49.53500000000019,0.0,0.0,0.0,1267.6182745745366,1267.6182745745368,210.151562,95.92452750000037,2.273736754432321e-13
2025-01-16,139,q4_warmup,0.4108,573.2504666666667,0.0,565.7428,0.0,565.7428,7.507666666666975,0.0,0.0,0.0,1267.6182745745368,1267.6182745745368,232.40714224,15.420747333333964,2.273736754432321e-13
2025-01-16,140,q4_warmup,0.4457,588.03735,0.0,581.1533333333333,0.0,581.1533333333333,6.884016666666753,0.0,0.0,0.0,1267.6182745745368,1267.6182745745368,259.02004066666666,15.34103114166686,1.1368683772161605e-13
2025-01-16,141,q4_warmup,0.4608,637.5533333333334,0.0,589.5483333333333,0.0,589.5483333333333,48.00500000000022,0.0,0.0,0.0,1267.6182745745368,1267.6182745745368,271.663872,110.6035200000005,1.1368683772161605e-13
2025-01-16,142,q4_warmup,0.4736,645.6154,0.0,603.82045,0.0,518.4794362162507,66.27951666666614,0.0,60.856447117083135,0.0,1267.6182745745368,1200.0,245.5518609920164,156.94989546666545,0.0
2025-01-16,143,q4_warmup,0.4179,567.7601666666667,0.0,593.1068333333334,0.0,593.1068333333334,0.0,-0.0,0.0,25.34666666666669,1200.0,1200.0,247.85934565,0.0,0.0
2025-01-16,144,q4_warmup,0.3275,444.33833333333337,0.0,571.6,0.0,571.6,0.0,-0.0,0.0,127.26166666666666,1200.0,1200.0,187.199,0.0,0.0
2025-01-17,1,q4_warmup,0.3211,376.2127666666667,0.0,587.8245166666667,0.0,1421.15785,0.0,833.3333333333334,0.0,211.61174999999992,1200.0,1950.0,456.333785635,0.0,0.0
2025-01-17,2,q4_warmup,0.3668,399.6171,0.0,604.4712000000001,0.0,1437.8045333333334,0.0,833.3333333333333,0.0,204.85410000000024,1950.0,2700.0,527.3867028266667,0.0,0.0
2025-01-17,3,q4_warmup,0.3963,468.995,0.0,604.4316666666667,0.0,604.4316666666667,0.0,135.43666666666672,0.0,0.0,2700.0,2821.893,239.5362695,0.0,0.0
2025-01-17,4,q4_warmup,0.3667,492.8495833333333,0.0,606.8383166666666,0.0,1440.17165,0.0,697.8966666666666,0.0,249.4254,2821.893,3450.0,528.110944055,0.0,0.0
2025-01-17,5,q4_warmup,0.3266,457.38273333333336,0.0,607.9121833333334,0.0,1441.2455166666668,0.0,833.3333333333333,0.0,150.52945000000022,3450.0,4200.0,470.7107857433334,0.0,0.0
2025-01-17,6,q4_warmup,0.3115,420.545,0.0,625.785,0.0,1459.118333333333,0.0,833.3333333333333,0.0,205.24,4200.0,4950.0,454.5153608333333,0.0,0.0
2025-01-17,7,q4_warmup,0.3188,451.5339833333333,0.0,675.8950333333333,0.0,1509.2283666666667,0.0,833.3333333333333,0.0,224.3610500000002,4950.0,5700.0,481.1420032933333,0.0,0.0
2025-01-17,8,q4_warmup,0.3375,463.21575,0.0,657.8231833333333,0.0,1491.156516666667,0.0,833.3333333333333,0.0,194.60743333333332,5700.0,6450.0,503.265324375,0.0,0.0
2025-01-17,9,q4_warmup,0.3586,445.46,0.0,608.6233333333333,0.0,1441.9566666666667,0.0,833.3333333333333,0.0,163.1633333333334,6450.0,7200.0,517.0856606666666,0.0,0.0
2025-01-17,10,q4_warmup,0.3751,470.9112666666667,0.0,658.57385,0.0,658.57385,0.0,187.6625833333333,0.0,0.0,7200.0,7368.896325,247.031051135,0.0,0.0
2025-01-17,11,q4_warmup,0.3767,480.5105833333334,0.0,653.84325,0.0,653.84325,0.0,173.33266666666665,0.0,0.0,7368.896325,7524.895724999999,246.302752275,0.0,0.0
2025-01-17,12,q4_warmup,0.368,467.70666666666665,0.0,594.715,0.0,1428.0483333333334,0.0,472.338083333334,0.0,488.0035833333327,7524.895724999999,7950.0,525.5217866666667,0.0,0.0
2025-01-17,13,q4_warmup,0.3635,486.57621666666665,0.0,640.4675166666667,0.0,1473.80085,0.0,833.3333333333333,0.0,153.89130000000023,7950.0,8700.0,535.726608975,0.0,0.0
2025-01-17,14,q4_warmup,0.3564,490.0801166666667,0.0,683.9615833333334,0.0,1517.2949166666667,0.0,833.3333333333333,0.0,193.8814666666667,8700.0,9450.0,540.7639083,0.0,0.0
2025-01-17,15,q4_warmup,0.3578,478.5116666666667,0.0,674.1283333333333,0.0,1507.4616666666666,0.0,833.3333333333333,0.0,195.61666666666656,9450.0,10200.0,539.3697843333333,0.0,0.0
2025-01-17,16,q4_warmup,0.3845,500.5574333333333,0.0,672.4852666666667,0.0,672.4852666666667,0.0,0.0,0.0,171.9278333333334,10200.0,10200.0,258.5705850333334,0.0,0.0
2025-01-17,17,q4_warmup,0.3862,507.27771666666666,0.0,689.0236833333333,0.0,689.0236833333333,0.0,0.0,0.0,181.74596666666667,10200.0,10200.0,266.1009465033333,0.0,0.0
2025-01-17,18,q4_warmup,0.3786,494.0933333333333,0.0,692.2783333333333,0.0,692.2783333333333,0.0,0.0,0.0,198.185,10200.0,10200.0,262.096577,0.0,0.0
2025-01-17,19,q4_warmup,0.4201,509.24713333333335,0.0,654.2623666666667,0.0,654.2623666666667,0.0,0.0,0.0,145.01523333333336,10200.0,10200.0,274.85562023666665,0.0,0.0
2025-01-17,20,q4_warmup,0.4138,534.38945,0.0,663.99055,0.0,663.99055,0.0,0.0,0.0,129.60109999999997,10200.0,10200.0,274.75928959,0.0,0.0
2025-01-17,21,q4_warmup,0.371,543.3266666666667,0.0,710.125,0.0,1376.7916666666667,0.0,666.6666666666666,0.0,166.7983333333334,10200.0,10800.0,510.78970833333335,0.0,0.0
2025-01-17,22,q4_warmup,0.4017,530.68945,0.0,692.4751166666666,0.0,692.4751166666666,0.0,0.0,-0.0,161.78566666666666,10800.0,10800.0,278.167254365,0.0,0.0
2025-01-17,23,q4_warmup,0.4249,534.3720666666667,0.0,671.6990166666667,0.0,671.6990166666667,0.0,0.0,-0.0,137.32695,10800.0,10800.0,285.4049121816667,0.0,0.0
2025-01-17,24,q4_warmup,0.4118,562.975,0.0,673.915,0.0,673.915,0.0,0.0,-0.0,110.93999999999994,10800.0,10800.0,277.518197,0.0,0.0
2025-01-17,25,q4_warmup,0.4174,583.4893833333333,0.0,666.2950333333333,0.0,666.2950333333333,0.0,0.0,-0.0,82.80565000000001,10800.0,10800.0,278.1115469133333,0.0,0.0
2025-01-17,26,q4_warmup,0.426,559.6822,0.0,682.2612166666667,0.0,682.2612166666667,0.0,0.0,-0.0,122.57901666666667,10800.0,10800.0,290.6432783,0.0,0.0
2025-01-17,27,q4_warmup,0.4246,527.635,0.0,711.5983333333334,0.0,711.5983333333334,0.0,0.0,-0.0,183.96333333333337,10800.0,10800.0,302.14465233333334,0.0,0.0
2025-01-17,28,q4_warmup,0.4256,560.4015,0.0,706.8581166666667,0.0,706.8581166666667,0.0,0.0,-0.0,146.4566166666666,10800.0,10800.0,300.8388144533333,0.0,0.0
2025-01-17,29,q4_warmup,0.4554,591.1446500000001,0.0,712.7656999999999,0.0,712.7656999999999,0.0,0.0,-0.0,121.62104999999984,10800.0,10800.0,324.59349978,0.0,0.0
2025-01-17,30,q4_warmup,0.4702,584.2333333333333,0.0,728.5483333333333,0.0,0.0,0.0,0.0,584.2333333333333,0.0,10800.0,10150.851851851852,0.0,0.0,0.0
2025-01-17,31,q4_warmup,0.4,566.7357000000001,0.0,708.3519833333334,0.0,708.3519833333334,0.0,141.61628333333329,0.0,0.0,10150.851851851852,10278.306506851852,283.3407933333333,0.0,0.0
2025-01-17,32,q4_warmup,0.3588,549.1604833333333,0.0007166666666666,700.0168333333332,0.0006166666666666,1533.34955,0.0,513.5503833333335,0.0,470.6393999999998,10278.306506851852,10740.501851851852,550.16581854,0.0,0.0
2025-01-17,33,q4_warmup,0.3712,549.7133333333334,0.0,711.215,0.0,777.3240534979425,0.0,66.10905349794241,0.0,161.50166666666672,10740.501851851852,10800.0,288.54268865843625,0.0,0.0
2025-01-17,34,q4_warmup,0.3863,579.4430333333333,0.0,714.5808833333334,0.0,714.5808833333334,0.0,0.0,-0.0,135.13785000000007,10800.0,10800.0,276.04259523166667,0.0,0.0
2025-01-17,35,q4_warmup,0.5793,574.3602999999999,0.0100833333333333,793.5419,0.0084999999999999,793.5334,0.0,0.0,-0.0,219.18318333333343,10800.0,10800.0,459.69389862,0.0,0.0
2025-01-17,36,q4_warmup,0.8381,539.8566666666667,0.0,912.8583333333332,0.0,912.8583333333332,0.0,0.0,-0.0,373.00166666666655,10800.0,10800.0,765.0665691666666,0.0,0.0
2025-01-17,37,q4_warmup,0.8408,544.4665833333333,0.0,939.9650333333334,0.0,939.9650333333334,0.0,0.0,-0.0,395.4984500000001,10800.0,10800.0,790.3226000266667,0.0,0.0
2025-01-17,38,q4_warmup,0.796,557.5819833333334,0.14055,937.5749166666666,0.1184833333333333,937.4564333333332,0.0,0.0,-0.0,380.01499999999993,10800.0,10800.0,746.2153209333334,0.0,-5.684341886080803e-14
2025-01-17,39,q4_warmup,0.8067,554.68,0.0,934.4366666666666,0.0,934.4366666666666,0.0,0.0,-0.0,379.75666666666666,10800.0,10800.0,753.8100589999999,0.0,0.0
2025-01-17,40,q4_warmup,0.7849,550.8620333333333,0.0,899.2186333333334,0.0,899.2186333333334,0.0,0.0,-0.0,348.35660000000007,10800.0,10800.0,705.7967053033334,0.0,0.0
2025-01-17,41,q4_warmup,0.8383,589.0881166666667,2.7070000000000003,894.3400666666666,2.252933333333333,892.0871333333333,0.0,0.0,-0.0,305.70601666666664,10800.0,10800.0,747.8366438733334,0.0,0.0
2025-01-17,42,q4_warmup,0.9197,644.4333333333333,20.23125,926.3433333333334,16.275000000000002,235.06940336820983,0.0,0.0,389.1326799651234,0.0,10800.0,10367.630355594309,216.1933302777426,0.0,0.0
2025-01-17,43,q4_warmup,0.8591,646.6724833333334,59.57095,937.8076666666666,47.76085,890.0468166666666,0.0,0.0,0.0,302.9452833333332,10367.630355594309,10367.630355594309,764.6392201983332,0.0,5.684341886080803e-14
2025-01-17,44,q4_warmup,0.8112,640.1483833333333,106.5477,934.8981666666668,88.89581666666668,846.0023500000001,0.0,0.0,0.0,312.4016666666668,10367.630355594309,10367.630355594309,686.2771063200001,0.0,-5.684341886080803e-14
2025-01-17,45,q4_warmup,0.8043,647.9433333333333,151.9,905.7433333333332,131.82500000000002,773.9183333333333,0.0,0.0,0.0,277.875,10367.630355594309,10367.630355594309,622.4625155,0.0,0.0
2025-01-17,46,q4_warmup,0.7442,651.0206833333333,197.40436666666668,854.9562999999999,173.47975,1514.8085623026216,0.0,480.41071600632574,0.0,580.7815296296293,10367.630355594309,10800.0,1127.320532065611,0.0,-2.273736754432321e-13
2025-01-17,47,q4_warmup,0.8678,663.3539666666667,247.04808333333327,978.5328666666666,215.77241666666663,762.7604499999999,0.0,-0.0,0.0,346.4545666666665,10800.0,10800.0,661.9235185099999,0.0,0.0
2025-01-17,48,q4_warmup,1.088,675.9016666666666,301.5,1206.39,260.49375000000003,112.56291666666664,0.0,0.0,261.83875,0.0,10800.0,10509.068055555555,122.46845333333331,0.0,0.0
2025-01-17,49,q4_warmup,1.0564,660.73175,356.0339333333333,1254.06675,305.51286666666664,115.22054999999988,0.0,0.0,189.4772666666668,0.0,10509.068055555555,10298.53775925926,121.71898901999988,0.0,0.0
2025-01-17,50,q4_warmup,1.0024,640.667,400.1174,1231.028,339.3194833333333,58.375183333333325,0.0,0.0,182.17441666666676,0.0,10298.53775925926,10096.12174074074,58.51528377333332,0.0,0.0
2025-01-17,51,q4_warmup,1.0118,629.21,438.83125,1216.9416666666666,370.7,12.90833333333319,0.0,0.0,177.47041666666684,0.0,10096.12174074074,9898.932388888888,13.06065166666652,0.0,0.0
2025-01-17,52,q4_warmup,0.9508,629.6717333333333,487.4616666666666,1186.4278,422.60355,0.0,0.0,0.0,142.21006666666676,0.0,9898.932388888888,9740.921203703703,0.0,0.0,0.0
2025-01-17,53,q4_warmup,0.966,689.7615333333333,534.67655,1214.3366833333332,484.2694166666667,0.0,0.0,0.0,155.0849833333333,0.0,9740.921203703703,9568.604555555556,0.0,0.0,0.0
2025-01-17,54,q4_warmup,1.04,771.3816666666667,577.1999999999999,1253.9733333333334,539.59375,0.0,0.0,0.0,194.18166666666676,0.0,9568.604555555556,9352.847148148148,0.0,0.0,0.0
2025-01-17,55,q4_warmup,0.9937,776.3566833333333,625.0233333333333,1185.5408333333332,580.2057833333333,0.0,0.0,0.0,151.33335,0.0,9352.847148148148,9184.698981481482,0.0,0.0,0.0
2025-01-17,56,q4_warmup,0.943,752.9481166666666,681.1773,1178.7671,614.9460833333334,370.9787499999985,0.0,0.0,0.0,299.2079333333319,9184.698981481482,9184.698981481482,349.83296124999856,0.0,0.0
2025-01-17,57,q4_warmup,0.9382,744.7583333333333,736.8125,1243.7733333333333,648.06875,595.7045833333333,0.0,0.0,0.0,587.75875,9184.698981481482,9184.698981481482,558.8900400833334,0.0,-1.1368683772161605e-13
2025-01-17,58,q4_warmup,0.93,751.2196166666666,775.3630166666667,1219.6558,675.8628333333334,543.7929666666666,0.0,0.0,0.0,567.9363666666667,9184.698981481482,9184.698981481482,505.727459,0.0,0.0
2025-01-17,59,q4_warmup,1.0261,764.0121666666668,790.9223666666667,1190.8384833333332,698.667,0.0,0.0,0.0,0.0,26.91019999999992,9184.698981481482,9184.698981481482,0.0,0.0,0.0
2025-01-17,60,q4_warmup,1.1554,763.8816666666667,817.225,1191.1633333333332,729.28125,0.0,0.0,0.0,0.0,53.34333333333336,9184.698981481482,9184.698981481482,0.0,0.0,0.0
2025-01-17,61,q4_warmup,1.113,738.6057166666666,895.9088833333334,1163.6018666666666,779.7632,0.0,0.0,0.0,0.0,157.3031666666668,9184.698981481482,9184.698981481482,0.0,0.0,0.0
2025-01-17,62,q4_warmup,1.0349,738.6536333333333,955.5129,1144.0078166666667,815.7461,0.0,0.0,0.0,0.0,216.8592666666666,9184.698981481482,9184.698981481482,0.0,0.0,0.0
2025-01-17,63,q4_warmup,1.0502,755.5916666666667,958.51875,1157.1933333333334,835.53125,0.0,0.0,0.0,0.0,202.9270833333333,9184.698981481482,9184.698981481482,0.0,0.0,0.0
2025-01-17,64,q4_warmup,1.1127,734.1440666666667,935.0578833333334,1183.883916666667,871.4816999999999,0.0,0.0,0.0,0.0,200.91381666666663,9184.698981481482,9184.698981481482,0.0,0.0,0.0
2025-01-17,65,q4_warmup,0.8786,726.6918000000001,933.16575,1173.8569666666667,914.9906833333332,258.8662833333334,0.0,0.0,0.0,465.3402333333333,9184.698981481482,9184.698981481482,227.43991653666677,0.0,0.0
2025-01-17,66,q4_warmup,0.4878,729.2816666666666,954.5125,1145.0166666666669,955.3375,1023.0125,0.0,0.0,0.0,1248.243333333333,9184.698981481482,9184.698981481482,499.0254975,0.0,0.0
2025-01-17,67,q4_warmup,0.4442,686.2932000000001,961.9275,1159.36635,987.8862833333332,1004.8134,0.0,0.0,0.0,1280.4477000000002,9184.698981481482,9184.698981481482,446.33811228,0.0,0.0
2025-01-17,68,q4_warmup,0.4919,668.1034,962.65075,1157.241166666667,998.6749,991.8996,0.0,0.0,0.0,1286.44695,9184.698981481482,9184.698981481482,487.91541324,0.0,0.0
2025-01-17,69,q4_warmup,0.4731,695.3983333333334,956.49375,1134.84,989.50625,978.6670833333332,0.0,0.0,0.0,1239.7624999999998,9184.698981481482,9184.698981481482,463.007397125,0.0,0.0
2025-01-17,70,q4_warmup,0.4882,716.4474166666668,937.4035833333334,1149.0000333333337,980.0702666666666,1002.2631000000002,0.0,0.0,0.0,1223.219266666667,9184.698981481482,9184.698981481482,489.30484542000016,0.0,0.0
2025-01-17,71,q4_warmup,0.4965,718.8371000000001,948.8863666666666,1152.70115,988.04815,997.9863333333336,0.0,0.0,0.0,1228.0356000000002,9184.698981481482,9184.698981481482,495.5002145000001,0.0,0.0
2025-01-17,72,q4_warmup,0.4837,712.8766666666667,971.7,1118.1833333333334,1012.4125,939.1041666666669,0.0,0.0,0.0,1197.9275000000002,9184.698981481482,9184.698981481482,454.2446854166667,0.0,0.0
2025-01-17,73,q4_warmup,0.4806,709.3880833333333,946.0235166666666,1071.9837333333332,1033.2191333333333,872.0979333333333,0.0,0.0,0.0,1108.7333666666668,9184.698981481482,9184.698981481482,419.13026676,0.0,0.0
2025-01-17,74,q4_warmup,0.4412,676.2895333333333,946.8049666666668,1069.39345,1028.39155,874.3352333333333,0.0,0.0,0.0,1144.8506666666667,9184.698981481482,9184.698981481482,385.7567049466667,0.0,2.273736754432321e-13
2025-01-17,75,q4_warmup,0.3684,639.1333333333333,985.5375,1088.0266666666666,1009.8375,911.5225,0.0,0.0,0.0,1257.9266666666667,9184.698981481482,9184.698981481482,335.804889,0.0,0.0
2025-01-17,76,q4_warmup,0.3582,659.5924,994.0101333333332,1060.69105,1007.2538333333332,886.7705500000002,0.0,294.7789094650195,0.0,926.409373868314,9184.698981481482,9450.0,317.64121101000006,0.0,0.0
2025-01-17,77,q4_warmup,0.5841,673.4614166666667,977.0920833333332,1072.7609166666666,987.1761833333334,918.9180666666666,0.0,833.3333333333333,0.0,389.2153999999998,9450.0,10200.0,536.7400427399999,0.0,0.0
2025-01-17,78,q4_warmup,0.8624,666.3633333333333,958.91875,1120.3933333333332,967.3125,0.0,0.0,0.0,0.0,292.5554166666667,10200.0,10200.0,0.0,0.0,0.0
2025-01-17,79,q4_warmup,0.815,681.5246833333333,951.12275,1113.1078333333332,999.6104833333334,113.49734999999988,0.0,0.0,0.0,383.09541666666655,10200.0,10200.0,92.5003402499999,0.0,0.0
2025-01-17,80,q4_warmup,0.7695,668.0419666666667,918.2442,1122.4701333333337,1007.5572333333332,114.91290000000016,0.0,0.0,0.0,365.1151333333335,10200.0,10200.0,88.42547655000011,0.0,0.0
2025-01-17,81,q4_warmup,0.8273,633.7816666666666,872.11875,1158.52,971.40625,187.11375,0.0,0.0,0.0,425.4508333333333,10200.0,10200.0,154.799205375,0.0,1.1368683772161605e-13
2025-01-17,82,q4_warmup,0.7911,642.3919666666667,860.53965,1153.8264833333333,946.4482,207.37828333333331,0.0,0.0,0.0,425.5259666666667,10200.0,10200.0,164.05695994500002,0.0,0.0
2025-01-17,83,q4_warmup,0.8832,650.2510666666667,841.0417000000001,1142.3772333333334,929.30215,0.0,0.0,0.0,0.0,190.7906333333334,10200.0,10200.0,0.0,0.0,0.0
2025-01-17,84,q4_warmup,1.0771,641.0533333333334,797.6,1128.05,893.3312500000001,0.0,0.0,0.0,0.0,156.54666666666662,10200.0,10200.0,0.0,0.0,0.0
2025-01-17,85,q4_warmup,1.0917,641.7311666666667,757.9667333333333,1084.1776666666667,821.5127666666667,0.0,0.0,0.0,0.0,116.2355666666666,10200.0,10200.0,0.0,0.0,0.0
2025-01-17,86,q4_warmup,1.0555,633.9927166666666,726.6912833333334,1083.0568166666667,763.4274333333333,0.0,0.0,0.0,0.0,92.6985666666668,10200.0,10200.0,0.0,0.0,0.0
2025-01-17,87,q4_warmup,1.1055,633.485,708.9,1102.6416666666669,733.8562499999999,0.0,0.0,0.0,0.0,75.41499999999996,10200.0,10200.0,0.0,0.0,0.0
2025-01-17,88,q4_warmup,1.1999,672.4984000000001,703.4768833333333,1050.7556333333334,700.92585,0.0,0.0,0.0,0.0,30.9784833333332,10200.0,10200.0,0.0,0.0,0.0
2025-01-17,89,q4_warmup,0.9963,671.6356333333333,659.8197666666666,1028.3424833333331,652.91165,0.0,0.0,0.0,11.815866666666691,0.0,10200.0,10186.87125925926,0.0,0.0,0.0
2025-01-17,90,q4_warmup,0.6364,639.9733333333334,587.15625,1068.1516666666666,598.00625,1303.47875,0.0,0.0,0.0,1250.6616666666666,10186.87125925926,10186.87125925926,829.5338764999999,0.0,0.0
2025-01-17,91,q4_warmup,0.6254,661.0485333333334,543.01995,1095.032,550.5675833333333,1377.79775,0.0,0.0,0.0,1259.7691666666665,10186.87125925926,10186.87125925926,861.6747128499999,0.0,2.273736754432321e-13
2025-01-17,92,q4_warmup,0.7055,653.4660333333334,491.5495666666666,1075.5811,493.4492166666666,582.1318833333335,0.0,0.0,0.0,420.2154166666666,10186.87125925926,10186.87125925926,410.6940436916668,0.0,0.0
2025-01-17,93,q4_warmup,0.6923,603.0783333333333,429.39375,1037.993333333333,426.25,756.4531893004122,0.0,0.0,0.0,582.7686059670789,10186.87125925926,10186.87125925926,523.6925429526754,0.0,1.1368683772161605e-13
2025-01-17,94,q4_warmup,0.6642,584.6588666666667,393.0156666666667,1039.25035,369.4311333333333,1503.1525500000002,0.0,0.0,0.0,1311.5093500000005,10186.87125925926,10186.87125925926,998.3939237100002,0.0,0.0
2025-01-17,95,q4_warmup,0.6684,589.7957666666667,353.1442833333333,1053.4327833333334,327.28878333333336,1559.4773333333333,0.0,681.2541563785999,0.0,641.5716936213998,10186.87125925926,10800.0,1042.3546496,0.0,0.0
2025-01-17,96,q4_warmup,0.695,592.4433333333333,300.3,1065.4383333333333,288.425,777.0133333333333,0.0,0.0,-0.0,484.87000000000006,10800.0,10800.0,540.0242666666667,0.0,-5.684341886080803e-14
2025-01-17,97,q4_warmup,0.71,580.4638166666667,254.02235,1081.3271,237.46400000000003,843.8630999999999,0.0,0.0,-0.0,517.4216333333331,10800.0,10800.0,599.142801,0.0,1.1368683772161605e-13
2025-01-17,98,q4_warmup,0.7639,578.8598333333333,203.43091666666663,1066.1682,187.97323333333333,878.1949666666667,0.0,0.0,-0.0,502.76605,10800.0,10800.0,670.8531350366667,0.0,5.684341886080803e-14
2025-01-17,99,q4_warmup,0.8486,598.7466666666667,149.9625,1036.3216666666667,145.69375,890.6279166666667,0.0,0.0,-0.0,441.84375,10800.0,10800.0,755.7868500833333,0.0,0.0
2025-01-17,100,q4_warmup,0.8845,613.0644666666667,108.04936666666669,1048.8946833333332,102.5988,946.2958833333332,0.0,0.0,-0.0,441.2807833333332,10800.0,10800.0,836.9987088083332,0.0,-5.684341886080803e-14
2025-01-17,101,q4_warmup,0.8286,541.20565,63.90158333333333,1076.2546333333332,56.79583333333333,1019.4588,0.0,0.0,-0.0,542.1547333333332,10800.0,10800.0,844.7235616799999,0.0,0.0
2025-01-17,102,q4_warmup,0.7591,440.8466666666666,21.575,1065.1916666666666,18.4625,1046.7291666666663,0.0,0.0,-0.0,627.4575,10800.0,10800.0,794.5721104166665,0.0,0.0
2025-01-17,103,q4_warmup,0.8003,454.9803,2.7392333333333334,996.28205,2.243183333333333,994.0388666666664,0.0,0.0,-0.0,541.7977999999999,10800.0,10800.0,795.5293049933332,0.0,-1.1368683772161605e-13
2025-01-17,104,q4_warmup,0.8198,468.4820833333333,0.0,993.4858,0.0,993.4858,0.0,0.0,-0.0,525.0037166666666,10800.0,10800.0,814.4596588399999,0.0,0.0
2025-01-17,105,q4_warmup,0.7691,443.0183333333334,0.0,1066.2733333333333,0.0,1066.2733333333333,0.0,0.0,-0.0,623.2549999999999,10800.0,10800.0,820.0708206666667,0.0,0.0
2025-01-17,106,q4_warmup,0.7502,453.554,0.1393,1079.5379833333334,0.1119666666666666,1079.4260166666668,0.0,0.0,-0.0,626.0113166666669,10800.0,10800.0,809.7853977033334,0.0,0.0
2025-01-17,107,q4_warmup,0.8659,459.0084,0.0,930.2628333333332,0.0,930.2628333333332,0.0,0.0,-0.0,471.2544333333333,10800.0,10800.0,805.5145873833334,0.0,0.0
2025-01-17,108,q4_warmup,1.0594,449.04833333333335,0.0,727.4200000000001,0.0,727.4200000000001,0.0,0.0,-0.0,278.3716666666667,10800.0,10800.0,770.628748,0.0,0.0
2025-01-17,109,q4_warmup,1.1546,458.5579666666667,0.01,697.9706166666666,0.0080333333333333,697.9625833333333,0.0,0.0,-0.0,239.41461666666663,10800.0,10800.0,805.8675987166667,0.0,0.0
2025-01-17,110,q4_warmup,1.1322,459.5538166666667,0.0,735.9949499999999,0.0,735.9949499999999,0.0,0.0,-0.0,276.4411333333332,10800.0,10800.0,833.29348239,0.0,0.0
2025-01-17,111,q4_warmup,1.0699,443.69166666666666,0.0,750.6783333333333,0.0,750.6783333333333,0.0,0.0,-0.0,306.9866666666666,10800.0,10800.0,803.1507488333333,0.0,0.0
2025-01-17,112,q4_warmup,1.085,436.7293,0.0007166666666666,748.7222,0.0005833333333333,748.7216166666667,0.0,-0.0,0.0,311.99303333333336,10800.0,10800.0,812.3629540833333,0.0,0.0
2025-01-17,113,q4_warmup,1.2211,455.29676666666666,0.0,726.16315,0.0,201.7695000000008,0.0,0.0,253.52726666666587,0.0,10800.0,10518.303037037038,246.38073645000097,0.0,0.0
2025-01-17,114,q4_warmup,1.3764,481.145,0.0,708.585,0.0,0.0,0.0,0.0,481.145,0.0,10518.303037037038,9983.697481481482,0.0,0.0,0.0
2025-01-17,115,q4_warmup,1.3886,480.78665,0.0,734.0395666666667,0.0,0.0,0.0,0.0,480.78665,0.0,9983.697481481482,9449.490092592594,0.0,0.0,0.0
2025-01-17,116,q4_warmup,1.3556,486.3923666666667,0.0,758.7002666666667,0.0,0.0,0.0,0.0,486.3923666666667,0.0,9449.490092592594,8909.05412962963,0.0,0.0,0.0
2025-01-17,117,q4_warmup,1.3479,496.9866666666667,0.0,752.5583333333334,0.0,0.0,0.0,0.0,496.9866666666667,0.0,8909.05412962963,8356.846722222223,0.0,0.0,0.0
2025-01-17,118,q4_warmup,1.3451,480.1208333333333,0.0,728.09315,0.0,0.0,0.0,0.0,480.1208333333333,0.0,8356.846722222223,7823.379129629629,0.0,0.0,0.0
2025-01-17,119,q4_warmup,1.3424,474.52818333333335,0.0,727.0870166666667,0.0,0.0,0.0,0.0,474.52818333333335,0.0,7823.379129629629,7296.125592592592,0.0,0.0,0.0
2025-01-17,120,q4_warmup,1.3414,478.5116666666667,0.0,751.9499999999999,0.0,0.0,0.0,0.0,478.5116666666667,0.0,7296.125592592592,6764.445962962963,0.0,0.0,0.0
2025-01-17,121,q4_warmup,1.3378,451.8723333333333,0.0,763.3121333333333,0.0,0.0,0.0,0.0,451.8723333333333,0.0,6764.445962962963,6262.365592592592,0.0,0.0,0.0
2025-01-17,122,q4_warmup,1.3007,434.00123333333335,0.0,741.8044333333333,0.0,0.0,0.0,0.0,434.00123333333335,0.0,6262.365592592592,5780.142,0.0,0.0,0.0
2025-01-17,123,q4_warmup,1.3113,450.72,0.0,715.7083333333334,0.0,0.0,0.0,0.0,450.72,0.0,5780.142,5279.342,0.0,0.0,0.0
2025-01-17,124,q4_warmup,1.4338,484.6296833333333,0.0,733.7681166666666,0.0,0.0,0.0,0.0,484.6296833333333,0.0,5279.342,4740.864574074074,0.0,0.0,0.0
2025-01-17,125,q4_warmup,1.2192,485.17803333333336,0.0,759.1978,0.0,759.1978,0.0,0.0,0.0,274.01976666666667,4740.864574074074,4740.864574074074,925.61395776,0.0,0.0
2025-01-17,126,q4_warmup,0.7884,468.4716666666666,0.0,760.2783333333333,0.0,760.2783333333333,0.0,0.0,0.0,291.8066666666668,4740.864574074074,4740.864574074074,599.4034379999999,0.0,0.0
2025-01-17,127,q4_warmup,0.7369,490.4889666666666,0.0,739.4905333333332,0.0,739.4905333333332,0.0,0.0,0.0,249.00156666666663,4740.864574074074,4740.864574074074,544.9305740133333,0.0,0.0
2025-01-17,128,q4_warmup,0.7736,474.6709166666667,0.0,727.8466,0.0,727.8466,0.0,0.0,0.0,253.17568333333327,4740.864574074074,4740.864574074074,563.06212976,0.0,0.0
2025-01-17,129,q4_warmup,0.767,453.02,0.0,749.1466666666666,0.0,749.1466666666666,0.0,0.0,0.0,296.12666666666667,4740.864574074074,4740.864574074074,574.5954933333334,0.0,0.0
2025-01-17,130,q4_warmup,0.8496,525.5826333333333,0.0,779.7671833333334,0.0,779.7671833333334,0.0,0.0,0.0,254.1845500000001,4740.864574074074,4740.864574074074,662.49019896,0.0,0.0
2025-01-17,131,q4_warmup,0.6784,506.1753000000001,0.0,674.22085,0.0,674.22085,0.0,0.0,0.0,168.0455499999999,4740.864574074074,4740.864574074074,457.39142464,0.0,0.0
2025-01-17,132,q4_warmup,0.3372,400.655,0.0,521.3916666666667,0.0,521.3916666666667,0.0,0.0,0.0,120.73666666666668,4740.864574074074,4740.864574074074,175.81327,0.0,0.0
2025-01-17,133,q4_warmup,0.2934,403.7712,0.0,564.4336166666667,0.0,1397.7669500000002,0.0,0.0,0.0,993.9957500000002,4740.864574074074,4740.864574074074,410.10482313000006,0.0,0.0
2025-01-17,134,q4_warmup,0.3608,411.2597166666667,0.0,614.1435,0.0,614.1435,0.0,0.0,0.0,202.88378333333333,4740.864574074074,4740.864574074074,221.5829748,0.0,0.0
2025-01-17,135,q4_warmup,0.3634,379.3533333333333,0.0,581.77,0.0,581.77,0.0,0.0,0.0,202.41666666666669,4740.864574074074,4740.864574074074,211.415218,0.0,0.0
2025-01-17,136,q4_warmup,0.3263,385.0471,0.0,567.621,0.0,567.621,0.0,0.0,0.0,182.5739,4740.864574074074,4740.864574074074,185.2147323,0.0,0.0
2025-01-17,137,q4_warmup,0.3509,433.85195,0.0,581.6968333333333,0.0,581.6968333333333,0.0,0.0,0.0,147.8448833333333,4740.864574074074,4740.864574074074,204.11741881666663,0.0,0.0
2025-01-17,138,q4_warmup,0.4129,469.2083333333333,0.0,592.1416666666667,0.0,0.0,0.0,0.0,469.2083333333333,0.0,4740.864574074074,4219.521981481481,0.0,0.0,0.0
2025-01-17,139,q4_warmup,0.3905,433.62255,0.0,573.2504666666667,0.0,490.3921333333335,0.0,0.0,0.0,56.76958333333346,4219.521981481481,4219.521981481481,191.4981280666667,0.0,0.0
2025-01-17,140,q4_warmup,0.3418,430.4817166666666,0.0,588.03735,0.0,588.03735,0.0,0.0,0.0,157.55563333333333,4219.521981481481,4219.521981481481,200.99116623,0.0,0.0
2025-01-17,141,q4_warmup,0.3343,464.91,0.0,637.5533333333334,0.0,637.5533333333334,0.0,0.0,0.0,172.64333333333337,4219.521981481481,4219.521981481481,213.13407933333332,0.0,0.0
2025-01-17,142,q4_warmup,0.3711,442.9361166666667,0.0,645.6154,0.0,645.6154,0.0,0.0,0.0,202.67928333333333,4219.521981481481,4219.521981481481,239.58787494,0.0,0.0
2025-01-17,143,q4_warmup,0.353,426.6559833333333,0.0,567.7601666666667,0.0,567.7601666666667,0.0,0.0,0.0,141.10418333333337,4219.521981481481,4219.521981481481,200.4193388333333,0.0,0.0
2025-01-17,144,q4_warmup,0.3106,442.2833333333333,0.0,444.33833333333337,0.0,444.33833333333337,0.0,0.0,0.0,2.055000000000064,4219.521981481481,4219.521981481481,138.01148633333335,0.0,0.0
2025-01-18,1,q4_warmup,0.3638,449.57113333333336,0.0,376.2127666666667,0.0,1209.5461,73.35836666666569,833.3333333333323,0.0,0.0,4219.521981481481,4969.52198148148,440.03287118,133.43886896666487,0.0
2025-01-18,2,q4_warmup,0.3773,448.0010666666667,0.0,399.6171,0.0,399.6171,48.38396666666671,0.0,-0.0,0.0,4969.52198148148,4969.52198148148,150.77553183,91.27635311666675,0.0
2025-01-18,3,q4_warmup,0.3359,444.8233333333333,0.0,468.995,0.0,1302.3283333333334,0.0,833.3333333333333,0.0,24.17166666666685,4969.52198148148,5719.52198148148,437.4520871666667,0.0,0.0
2025-01-18,4,q4_warmup,0.3662,449.5483833333333,0.0,492.8495833333333,0.0,1004.165320630168,0.0,554.6169372968346,0.0,0.0,5719.52198148148,6218.677225048631,367.7253404147675,0.0,0.0
2025-01-18,5,q4_warmup,0.4239,489.4189,0.0,457.38273333333336,0.0,457.38273333333336,0.0,0.0,32.036166666666645,0.0,6218.677225048631,6183.081484307891,193.88454066,0.0,0.0
2025-01-18,6,q4_warmup,0.438,520.5583333333333,0.0,420.545,0.0,420.545,96.97552799999944,0.0,3.037805333333836,0.0,6183.081484307891,6179.706145048631,184.19871,212.37640631999875,0.0
2025-01-18,7,q4_warmup,0.3852,467.77285,0.0,451.5339833333333,0.0,451.5339833333333,16.238866666666695,0.0,-0.0,0.0,6179.706145048631,6179.706145048631,173.93089038,31.276057200000054,0.0
2025-01-18,8,q4_warmup,0.3562,428.3751333333333,0.0,463.21575,0.0,1296.549083333333,0.0,833.3333333333333,0.0,34.84061666666685,6179.706145048631,6929.706145048631,461.8307834833333,0.0,0.0
2025-01-18,9,q4_warmup,0.3641,439.76,0.0,445.46,0.0,1278.7933333333335,0.0,833.3333333333333,0.0,5.700000000000273,6929.706145048631,7679.706145048631,465.6086526666667,0.0,0.0
2025-01-18,10,q4_warmup,0.3445,454.17875,0.0,470.9112666666667,0.0,1304.2446,0.0,833.3333333333333,0.0,16.732516666666697,7679.706145048631,8429.70614504863,449.3122647,0.0,0.0
2025-01-18,11,q4_warmup,0.3446,495.4059333333333,0.0,480.5105833333334,0.0,1313.8439166666667,14.89534999999978,833.3333333333333,0.0,0.0,8429.70614504863,9179.70614504863,452.75061368333337,25.664688049999626,0.0
2025-01-18,12,q4_warmup,0.3686,528.8266666666667,0.0,467.70666666666665,0.0,467.70666666666665,61.12000000000006,0.0,-0.0,0.0,9179.70614504863,9179.70614504863,172.39667733333332,112.64416000000011,0.0
2025-01-18,13,q4_warmup,0.3666,486.7074166666666,0.0,486.57621666666665,0.0,486.57621666666665,0.1311999999999216,0.0,-0.0,0.0,9179.70614504863,9179.70614504863,178.37884103,0.2404895999998562,0.0
2025-01-18,14,q4_warmup,0.3583,472.83113333333336,0.0,490.0801166666667,0.0,1323.41345,0.0,833.3333333333333,0.0,17.2489833333334,9179.70614504863,9929.70614504863,474.179039135,0.0,0.0
2025-01-18,15,q4_warmup,0.3683,506.04833333333335,0.0,478.5116666666667,0.0,478.5116666666667,27.536666666666637,0.0,-0.0,0.0,9929.70614504863,9929.70614504863,176.23584683333337,50.70877166666661,0.0
2025-01-18,16,q4_warmup,0.3935,505.2827,0.0,500.5574333333333,0.0,500.5574333333333,4.725266666666641,0.0,-0.0,0.0,9929.70614504863,9929.70614504863,196.96935001666668,9.296962166666615,0.0
2025-01-18,17,q4_warmup,0.382,502.44605,0.0,507.27771666666666,0.0,507.27771666666666,0.0,4.831666666666649,0.0,0.0,9929.70614504863,9934.05464504863,193.78008776666667,0.0,0.0
2025-01-18,18,q4_warmup,0.3644,514.6616666666666,0.0,494.0933333333333,0.0,1327.4266666666667,15.736666666666451,828.5016666666666,0.0,0.0,9934.05464504863,10679.70614504863,483.71427733333337,28.67220666666628,0.0
2025-01-18,19,q4_warmup,0.4178,517.6518666666667,0.0,509.24713333333335,0.0,509.24713333333335,8.404733333333354,0.0,-0.0,0.0,10679.70614504863,10679.70614504863,212.76345230666664,17.557487933333377,0.0
2025-01-18,20,q4_warmup,0.4296,500.3651833333333,0.0,534.38945,0.0,534.38945,0.0,0.0,0.0,34.02426666666673,10679.70614504863,10679.70614504863,229.57370772,0.0,0.0
2025-01-18,21,q4_warmup,0.3924,479.045,0.0,543.3266666666667,0.0,543.3266666666667,0.0,0.0,0.0,64.2816666666667,10679.70614504863,10679.70614504863,213.201384,0.0,0.0
2025-01-18,22,q4_warmup,0.4093,487.68058333333335,0.0,530.68945,0.0,530.68945,0.0,0.0,0.0,43.00886666666662,10679.70614504863,10679.70614504863,217.211191885,0.0,0.0
2025-01-18,23,q4_warmup,0.4144,535.1377166666667,0.0,534.3720666666667,0.0,534.3720666666667,0.7656500000000506,0.0,-0.0,0.0,10679.70614504863,10679.70614504863,221.44378442666667,1.5864268000001047,0.0
2025-01-18,24,q4_warmup,0.3947,575.8000000000001,0.0,562.975,0.0,562.975,12.825000000000044,0.0,-0.0,0.0,10679.70614504863,10679.70614504863,222.2062325,25.31013750000009,0.0
2025-01-18,25,q4_warmup,0.4109,547.8964333333333,0.0,583.4893833333333,0.0,583.4893833333333,0.0,0.0,0.0,35.59294999999997,10679.70614504863,10679.70614504863,239.75578761166665,0.0,0.0
2025-01-18,26,q4_warmup,0.4347,514.735,0.0,559.6822,0.0,559.6822,0.0,0.0,0.0,44.94719999999995,10679.70614504863,10679.70614504863,243.29385234,0.0,0.0
2025-01-18,27,q4_warmup,0.4408,524.2083333333334,0.0,527.635,0.0,527.635,0.0,0.0,0.0,3.42666666666662,10679.70614504863,10679.70614504863,232.581508,0.0,0.0
2025-01-18,28,q4_warmup,0.4324,563.8148666666667,0.0,560.4015,0.0,560.4015,3.4133666666666613,0.0,-0.0,0.0,10679.70614504863,10679.70614504863,242.31760860000003,7.3796987333333215,0.0
2025-01-18,29,q4_warmup,0.423,571.79945,0.0,591.1446500000001,0.0,591.1446500000001,0.0,0.0,0.0,19.34520000000009,10679.70614504863,10679.70614504863,250.05418695000003,0.0,0.0
2025-01-18,30,q4_warmup,0.4304,553.6783333333334,0.0,584.2333333333333,0.0,584.2333333333333,0.0,0.0,0.0,30.55499999999995,10679.70614504863,10679.70614504863,251.45402666666664,0.0,0.0
2025-01-18,31,q4_warmup,0.458,566.90295,0.0,566.7357000000001,0.0,0.0001694562312111,0.1672499999995125,0.0,566.7355305437693,0.0,10679.70614504863,10049.999999999998,7.761095389469119e-05,0.3830024999988836,0.0
2025-01-18,32,q4_warmup,0.4455,563.51055,0.0010166666666666,549.1604833333333,0.0007166666666666,549.1597666666667,14.349766666666644,0.0,-0.0,0.0,10049.999999999998,10049.999999999998,244.65067605,31.96410524999995,0.0
2025-01-18,33,q4_warmup,0.3819,539.0433333333334,0.0,549.7133333333334,0.0,549.7133333333334,0.0,10.66999999999996,0.0,0.0,10049.999999999998,10059.602999999996,209.935522,0.0,0.0
2025-01-18,34,q4_warmup,0.3522,542.8813666666666,0.0,579.4430333333333,0.0,1412.7763666666667,0.0,822.6633333333342,0.0,47.23166666666589,10059.602999999996,10799.999999999998,497.57983634,0.0,0.0
2025-01-18,35,q4_warmup,0.5486,557.494,0.0141666666666666,574.3602999999999,0.0100833333333333,574.3502166666666,0.0,0.0,-1.6370904631912709e-12,16.8703833333316,10799.999999999998,10800.0,315.0885288633333,0.0,8.881784197001252e-14
2025-01-18,36,q4_warmup,0.8263,562.5783333333333,0.0,539.8566666666667,0.0,0.0,0.0,0.0,562.5783333333333,0.0,10800.0,10174.912962962962,0.0,0.0,0.0
2025-01-18,37,q4_warmup,0.8281,554.8842833333333,0.0,544.4665833333333,0.0,0.0,0.0,0.0,554.8842833333333,0.0,10174.912962962962,9558.37487037037,0.0,0.0,0.0
2025-01-18,38,q4_warmup,0.7857,540.6596833333333,0.1974,557.5819833333334,0.14055,0.0,0.0,0.0,540.4622833333333,0.0,9558.37487037037,8957.861222222222,0.0,0.0,0.0
2025-01-18,39,q4_warmup,0.8158,533.3100000000001,0.0,554.68,0.0,0.0,0.0,0.0,533.3100000000001,0.0,8957.861222222222,8365.294555555554,0.0,0.0,0.0
2025-01-18,40,q4_warmup,0.8084,548.3691166666666,0.0,550.8620333333333,0.0,0.0,0.0,0.0,548.3691166666666,0.0,8365.294555555554,7755.995537037035,0.0,0.0,0.0
2025-01-18,41,q4_warmup,0.8083,589.5136666666666,3.5925666666666665,589.0881166666667,2.7070000000000003,0.0,0.0,0.0,585.9210999999999,0.0,7755.995537037035,7104.972092592591,0.0,0.0,0.0
2025-01-18,42,q4_warmup,0.8337,643.96,22.7625,644.4333333333333,20.23125,0.0,0.0,0.0,621.1975,0.0,7104.972092592591,6414.752648148147,0.0,0.0,0.0
2025-01-18,43,q4_warmup,0.8455,682.58855,61.66313333333333,646.6724833333334,59.57095,0.0,0.0,0.0,620.9254166666667,0.0,6414.752648148147,5724.835518518517,0.0,0.0,0.0
2025-01-18,44,q4_warmup,0.8494,667.5586999999999,110.80363333333334,640.1483833333333,106.5477,0.0,0.0,0.0,556.7550666666666,0.0,5724.835518518517,5106.218777777776,0.0,0.0,0.0
2025-01-18,45,q4_warmup,0.8175,623.98,163.86249999999998,647.9433333333333,151.9,0.0,0.0,0.0,460.11750000000006,0.0,5106.218777777776,4594.9771111111095,0.0,0.0,0.0
2025-01-18,46,q4_warmup,0.743,619.1948,219.1472833333333,651.0206833333333,197.40436666666668,0.0,0.0,0.0,400.0475166666666,0.0,4594.9771111111095,4150.479870370369,0.0,0.0,0.0
2025-01-18,47,q4_warmup,0.8671,630.4033333333333,266.78135000000003,663.3539666666667,247.04808333333332,0.0,0.0,0.0,363.6219833333333,0.0,4150.479870370369,3746.4554444444434,0.0,0.0,0.0
2025-01-18,48,q4_warmup,1.0946,631.0666666666667,311.1875,675.9016666666666,301.5,0.0,0.0,0.0,319.8791666666667,0.0,3746.4554444444434,3391.034148148147,0.0,0.0,0.0
2025-01-18,49,q4_warmup,1.0715,621.8556833333333,366.0738833333333,660.73175,356.0339333333333,0.0,0.0,0.0,255.78180000000003,0.0,3391.034148148147,3106.832148148146,0.0,0.0,0.0
2025-01-18,50,q4_warmup,0.9915,632.1364166666666,417.5146,640.667,400.1174,0.0,0.0,0.0,214.62181666666663,0.0,3106.832148148146,2868.3634629629614,0.0,0.0,0.0
2025-01-18,51,q4_warmup,0.9787,650.41,465.15625,629.21,438.83125,0.0,0.0,0.0,185.25375,0.0,2868.3634629629614,2662.5259629629613,0.0,0.0,0.0
2025-01-18,52,q4_warmup,0.9691,642.7212499999999,519.66545,629.6717333333333,487.4616666666666,0.0,0.0,0.0,123.05579999999998,0.0,2662.5259629629613,2525.797296296295,0.0,0.0,0.0
2025-01-18,53,q4_warmup,0.9869,672.6172666666666,554.914,689.7615333333333,534.67655,0.0,0.0,0.0,117.70326666666664,0.0,2525.797296296295,2395.015888888888,0.0,0.0,0.0
2025-01-18,54,q4_warmup,1.0048,738.235,575.63125,771.3816666666667,577.1999999999999,0.0,0.0,0.0,162.60375,0.0,2395.015888888888,2214.3450555555546,0.0,0.0,0.0
2025-01-18,55,q4_warmup,0.9573,764.67775,617.0472333333333,776.3566833333333,625.0233333333333,0.0,0.0,0.0,147.6305166666666,0.0,2214.3450555555546,2050.311148148148,0.0,0.0,0.0
2025-01-18,56,q4_warmup,0.9282,747.3351666666667,674.86915,752.9481166666666,681.1773,0.0,0.0,0.0,72.46601666666675,0.0,2050.311148148148,1969.793351851851,0.0,0.0,0.0
2025-01-18,57,q4_warmup,0.932,726.9200000000001,725.5500000000001,744.7583333333333,736.8125,0.0,0.0,0.0,1.3700000000000043,0.0,1969.793351851851,1968.2711296296288,0.0,0.0,0.0
2025-01-18,58,q4_warmup,0.9197,743.89395,746.0417833333332,751.2196166666666,775.3630166666667,0.0,0.0,0.0,0.0,2.1478333333332102,1968.2711296296288,1968.2711296296288,0.0,0.0,0.0
2025-01-18,59,q4_warmup,1.0058,734.5613833333333,750.9942500000001,764.0121666666668,790.9223666666667,0.0,0.0,0.0,0.0,16.43286666666677,1968.2711296296288,1968.2711296296288,0.0,0.0,0.0
2025-01-18,60,q4_warmup,1.1357,697.2333333333332,764.0749999999999,763.8816666666667,817.225,0.0,0.0,0.0,0.0,66.8416666666667,1968.2711296296288,1968.2711296296288,0.0,0.0,0.0
2025-01-18,61,q4_warmup,1.117,698.8172666666666,798.3806,738.6057166666666,895.9088833333334,0.0,0.0,0.0,0.0,99.5633333333334,1968.2711296296288,1968.2711296296288,0.0,0.0,0.0
2025-01-18,62,q4_warmup,1.0521,727.0218833333333,828.198,738.6536333333333,955.5129,0.0,0.0,72.93438724279541,0.0,28.241729423871234,1968.2711296296288,2033.9120781481447,0.0,0.0,0.0
2025-01-18,63,q4_warmup,1.0664,743.6783333333333,851.2375000000001,755.5916666666667,958.51875,0.0,0.0,107.55916666666678,0.0,0.0,2033.9120781481447,2130.7153281481446,0.0,0.0,0.0
2025-01-18,64,q4_warmup,1.1397,719.6660833333334,883.57515,734.1440666666667,935.0578833333334,0.0,0.0,163.9090666666666,0.0,0.0,2130.7153281481446,2278.2334881481447,0.0,0.0,0.0
2025-01-18,65,q4_warmup,0.9046,682.6373,885.2261,726.6918000000001,933.16575,0.0,0.0,202.5888,0.0,0.0,2278.2334881481447,2460.563408148145,0.0,0.0,0.0
2025-01-18,66,q4_warmup,0.4894,677.9350000000001,869.1062499999999,729.2816666666666,954.5125,608.1025000000001,34.05958333333342,833.3333333333334,0.0,0.0,2460.563408148145,3210.563408148145,297.60536350000007,83.34380041666688,0.0
2025-01-18,67,q4_warmup,0.4209,723.6699833333333,894.25785,686.2932000000001,961.9275,557.6990333333335,105.0464333333332,833.3333333333334,0.0,0.0,3210.563408148145,3960.563408148145,234.73552313000008,221.07021894999968,0.0
2025-01-18,68,q4_warmup,0.4987,721.3532166666668,935.6315666666666,668.1034,962.65075,0.0,0.0,214.27834999999985,0.0,0.0,3960.563408148145,4153.413923148145,0.0,0.0,0.0
2025-01-18,69,q4_warmup,0.5122,681.975,958.30625,695.3983333333334,956.49375,0.0,0.0,276.33124999999995,0.0,0.0,4153.413923148145,4402.112048148145,0.0,0.0,0.0
2025-01-18,70,q4_warmup,0.4586,711.0658166666667,950.3349333333334,716.4474166666668,937.4035833333334,612.3771666666668,0.0,833.3333333333334,0.0,18.312950000000114,4402.112048148145,5152.112048148145,280.8361686333334,0.0,0.0
2025-01-18,71,q4_warmup,0.4502,740.7286,942.8706833333334,718.8371000000001,948.8863666666666,603.2840666666668,27.907183333333137,833.3333333333334,0.0,0.0,5152.112048148145,5902.112048148145,271.5984868133334,62.81906968333289,0.0
2025-01-18,72,q4_warmup,0.4974,728.2516666666667,949.6125,712.8766666666667,971.7,10.21190761317166,238.7534833333338,470.3262242798388,0.0,0.0,5902.112048148145,6325.40565,5.079402846791584,593.7799130500011,5.684341886080803e-14
2025-01-18,73,q4_warmup,0.5054,701.1681666666667,960.4332666666666,709.3880833333333,946.0235166666666,0.0,0.0,259.26509999999985,0.0,0.0,6325.40565,6558.74424,0.0,0.0,0.0
2025-01-18,74,q4_warmup,0.4733,686.56985,981.4428333333334,676.2895333333333,946.8049666666668,562.8179,0.0,810.7036666666661,0.0,46.98721666666734,6558.74424,7288.377539999999,266.38171207,0.0,1.1368683772161605e-13
2025-01-18,75,q4_warmup,0.4165,684.3683333333333,1003.7375,639.1333333333333,985.5375,486.9291666666667,27.034999999999968,833.3333333333333,0.0,0.0,7288.377539999999,8038.377539999999,202.80599791666663,56.300387499999935,0.0
2025-01-18,76,q4_warmup,0.3753,677.2975333333333,1006.1721833333332,659.5924,994.0101333333332,498.9156,5.543083333333243,833.3333333333333,0.0,0.0,8038.377539999999,8788.37754,187.24302468,10.401595874999831,-1.1368683772161605e-13
2025-01-18,77,q4_warmup,0.512,683.1602666666666,996.4612666666668,673.4614166666667,977.0920833333332,0.0,0.0,313.30100000000016,0.0,0.0,8788.37754,9070.34844,0.0,0.0,0.0
2025-01-18,78,q4_warmup,0.7339,696.5166666666668,996.53125,666.3633333333333,958.91875,0.0,0.0,282.88508333333283,0.0,17.129500000000405,9070.34844,9324.945015,0.0,0.0,0.0
2025-01-18,79,q4_warmup,0.7669,688.0187666666667,1015.1251333333332,681.5246833333333,951.12275,0.0,0.0,327.10636666666653,0.0,0.0,9324.945015,9619.340745,0.0,0.0,0.0
2025-01-18,80,q4_warmup,0.7454,662.4071833333334,985.1408333333334,668.0419666666667,918.2442,0.0,0.0,192.6939333333333,0.0,130.03971666666672,9619.340745,9792.765285,0.0,0.0,0.0
2025-01-18,81,q4_warmup,0.7689,645.26,912.025,633.7816666666666,872.11875,0.0,0.0,238.3370833333336,0.0,28.42791666666639,9792.765285,10007.26866,0.0,0.0,0.0
2025-01-18,82,q4_warmup,0.8135,661.3787666666666,871.3019666666668,642.3919666666667,860.53965,0.0,0.0,209.92320000000015,0.0,0.0,10007.26866,10196.19954,0.0,0.0,0.0
2025-01-18,83,q4_warmup,0.9167,685.0104166666666,852.7453,650.2510666666667,841.0417000000001,0.0,0.0,167.7348833333334,0.0,0.0,10196.19954,10347.160935,0.0,0.0,0.0
2025-01-18,84,q4_warmup,1.0398,686.56,829.9875000000001,641.0533333333334,797.6,0.0,0.0,143.42750000000012,0.0,0.0,10347.160935,10476.245685,0.0,0.0,0.0
2025-01-18,85,q4_warmup,1.0838,655.9648,791.9124499999999,641.7311666666667,757.9667333333333,0.0,0.0,135.94764999999995,0.0,0.0,10476.245685,10598.59857,0.0,0.0,0.0
2025-01-18,86,q4_warmup,1.083,624.8686166666666,761.6870666666667,633.9927166666666,726.6912833333334,0.0,0.0,117.38588333333408,0.0,19.43256666666602,10598.59857,10704.245865,0.0,0.0,0.0
2025-01-18,87,q4_warmup,1.1217,619.105,736.63125,633.485,708.9,0.0,0.0,75.41499999999967,0.0,42.11125000000034,10704.245865,10772.119365,0.0,0.0,0.0
2025-01-18,88,q4_warmup,1.2027,637.1694,691.7595333333334,672.4984000000001,703.4768833333333,0.0,0.0,30.97848333333281,0.0,23.61165000000056,10772.119365,10800.0,0.0,0.0,0.0
2025-01-18,89,q4_warmup,0.9637,635.2857833333334,648.8711166666667,671.6356333333333,659.8197666666666,0.0,0.0,0.0,-0.0,13.585333333333324,10800.0,10800.0,0.0,0.0,0.0
2025-01-18,90,q4_warmup,0.5685,616.7483333333333,610.25625,639.9733333333334,587.15625,67.40457304526656,0.0,0.0,-0.0,60.91248971193329,10800.0,10800.0,38.31949977623404,0.0,0.0
2025-01-18,91,q4_warmup,0.5752,622.8273833333334,554.53245,661.0485333333334,543.01995,118.02858333333336,0.0,0.0,-0.0,49.73365000000001,10800.0,10800.0,67.89004113333336,0.0,0.0
2025-01-18,92,q4_warmup,0.6675,619.6244333333333,491.6920333333333,653.4660333333334,491.5495666666666,161.91646666666674,0.0,0.0,-0.0,33.98406666666676,10800.0,10800.0,108.07924150000004,0.0,0.0
2025-01-18,93,q4_warmup,0.6679,616.8183333333333,433.9125,603.0783333333333,429.39375,173.68458333333325,9.221249999999998,0.0,-0.0,0.0,10800.0,10800.0,116.0039332083333,30.794364374999997,0.0
2025-01-18,94,q4_warmup,0.7097,657.84435,385.0182,584.6588666666667,393.0156666666667,191.6432,81.18295,0.0,-0.0,0.0,10800.0,10800.0,136.00917904,288.077698075,0.0
2025-01-18,95,q4_warmup,0.7163,672.5232833333333,339.51321666666666,589.7957666666667,353.1442833333333,236.65148333333343,96.35858333333324,0.0,-0.0,0.0,10800.0,10800.0,169.51345751166676,345.10826620833296,0.0
2025-01-18,96,q4_warmup,0.6981,638.1016666666667,291.23125,592.4433333333333,300.3,292.14333333333326,54.72708333333344,0.0,-0.0,0.0,10800.0,10800.0,203.945261,191.0248843750004,0.0
2025-01-18,97,q4_warmup,0.7592,604.5478166666667,237.46826666666664,580.4638166666667,254.02235,326.4414666666668,40.63808333333327,0.0,-0.0,0.0,10800.0,10800.0,247.8343614933334,154.2621643333331,0.0
2025-01-18,98,q4_warmup,0.8089,604.6898666666667,183.01651666666663,578.8598333333333,203.43091666666663,375.4289166666666,46.24443333333346,0.0,-0.0,0.0,10800.0,10800.0,303.6844506916666,187.0356106166672,0.0
2025-01-18,99,q4_warmup,0.8053,622.0749999999999,135.0375,598.7466666666667,149.9625,448.7841666666667,38.253333333333245,0.0,-0.0,0.0,10800.0,10800.0,361.4058894166667,154.02704666666634,0.0
2025-01-18,100,q4_warmup,0.7951,605.4765833333333,97.13158333333332,613.0644666666667,108.04936666666669,505.0151,3.329899999999995,0.0,-0.0,0.0,10800.0,10800.0,401.53750601,13.23801744999998,0.0
2025-01-18,101,q4_warmup,0.7809,543.1114,57.47101666666666,541.20565,63.90158333333333,477.3040666666666,8.336316666666704,0.0,-0.0,0.0,10800.0,10800.0,372.72674566,32.54914842500015,0.0
2025-01-18,102,q4_warmup,0.7664,477.19666666666666,20.1,440.8466666666666,21.575,419.27166666666665,37.82500000000001,0.0,-0.0,0.0,10800.0,10800.0,321.3298053333333,144.94540000000003,0.0
2025-01-18,103,q4_warmup,0.7673,467.5936166666667,2.7629,454.9803,2.7392333333333334,452.24106666666665,12.589650000000065,0.0,-0.0,0.0,10800.0,10800.0,347.0045704533333,48.300192225000245,0.0
2025-01-18,104,q4_warmup,0.7941,472.0541333333333,0.0,468.4820833333333,0.0,468.4820833333333,3.57204999999999,0.0,-0.0,0.0,10800.0,10800.0,372.021622375,14.182824524999962,0.0
2025-01-18,105,q4_warmup,0.8008,466.275,0.0,443.0183333333334,0.0,443.0183333333334,23.256666666666604,0.0,-0.0,0.0,10800.0,10800.0,354.76908133333336,93.11969333333307,0.0
2025-01-18,106,q4_warmup,0.7601,464.9513,0.1449166666666666,453.554,0.1393,453.4147,11.391683333333296,0.0,-0.0,0.0,10800.0,10800.0,344.64051347000003,43.29409250833319,0.0
2025-01-18,107,q4_warmup,0.9181,463.7437333333333,0.0,459.0084,0.0,206.74818333333363,4.735333333333273,0.0,252.2602166666664,0.0,10800.0,10519.71087037037,189.8155071183336,21.73754766666639,-5.684341886080803e-14
2025-01-18,108,q4_warmup,1.1722,470.835,0.0,449.04833333333335,0.0,0.0,0.0,0.0,470.835,0.0,10519.71087037037,9996.560870370373,0.0,0.0,0.0
2025-01-18,109,q4_warmup,1.1548,496.2562833333333,0.0104,458.5579666666667,0.01,0.0,0.0,0.0,496.24588333333327,0.0,9996.560870370373,9445.176555555556,0.0,0.0,0.0
2025-01-18,110,q4_warmup,1.0963,489.35885,0.0,459.5538166666667,0.0,0.0,0.0,0.0,489.35885,0.0,9445.176555555556,8901.4445,0.0,0.0,0.0
2025-01-18,111,q4_warmup,1.1092,451.9433333333333,0.0,443.69166666666666,0.0,0.0,0.0,0.0,451.9433333333333,0.0,8901.4445,8399.28524074074,0.0,0.0,0.0
2025-01-18,112,q4_warmup,1.0916,439.5705666666667,0.0007499999999999,436.7293,0.0007166666666666,0.0,100.3825166666673,0.0,339.1872999999994,0.0,8399.28524074074,8022.410462962964,0.0,547.88777596667,0.0
2025-01-18,113,q4_warmup,1.1601,450.85645,0.0,455.29676666666666,0.0,0.0,0.0,0.0,450.85645,0.0,8022.410462962964,7521.458851851852,0.0,0.0,0.0
2025-01-18,114,q4_warmup,1.2825,452.885,0.0,481.145,0.0,0.0,0.0,0.0,452.885,0.0,7521.458851851852,7018.253296296297,0.0,0.0,0.0
2025-01-18,115,q4_warmup,1.2959,423.35245,0.0,480.78665,0.0,0.0,0.0,0.0,423.35245,0.0,7018.253296296297,6547.861685185186,0.0,0.0,0.0
2025-01-18,116,q4_warmup,1.3333,442.8923666666667,0.0,486.3923666666667,0.0,0.0,0.0,0.0,442.8923666666667,0.0,6547.861685185186,6055.759055555556,0.0,0.0,0.0
2025-01-18,117,q4_warmup,1.3945,488.0866666666666,0.0,496.9866666666667,0.0,0.0,0.0,0.0,488.0866666666666,0.0,6055.759055555556,5513.440537037038,0.0,0.0,0.0
2025-01-18,118,q4_warmup,1.3417,456.32301666666666,0.0,480.1208333333333,0.0,0.0,0.0,0.0,456.32301666666666,0.0,5513.440537037038,5006.414962962964,0.0,0.0,0.0
2025-01-18,119,q4_warmup,1.3174,442.85996666666665,0.0,474.52818333333335,0.0,0.0,0.0,0.0,442.85996666666665,0.0,5006.414962962964,4514.348333333334,0.0,0.0,0.0
2025-01-18,120,q4_warmup,1.3611,475.01666666666665,0.0,478.5116666666667,0.0,0.0,0.0,0.0,475.01666666666665,0.0,4514.348333333334,3986.5520370370377,0.0,0.0,0.0
2025-01-18,121,q4_warmup,1.3602,480.7563,0.0,451.8723333333333,0.0,0.0,0.0,0.0,480.7563,0.0,3986.5520370370377,3452.378370370371,0.0,0.0,0.0
2025-01-18,122,q4_warmup,1.3005,465.9056,0.0,434.00123333333335,0.0,0.0,0.0,0.0,465.9056,0.0,3452.378370370371,2934.7054814814824,0.0,0.0,0.0
2025-01-18,123,q4_warmup,1.2797,455.8366666666666,0.0,450.72,0.0,0.0,0.0,0.0,455.8366666666666,0.0,2934.7054814814824,2428.2202962962974,0.0,0.0,0.0
2025-01-18,124,q4_warmup,1.3671,470.4037166666667,0.0,484.6296833333333,0.0,0.0,0.0,0.0,470.4037166666667,0.0,2428.2202962962974,1905.549500000001,0.0,0.0,0.0
2025-01-18,125,q4_warmup,1.1996,510.70525,0.0,485.17803333333336,0.0,0.0,0.0,0.0,510.70525,0.0,1905.549500000001,1338.0992222222233,0.0,0.0,0.0
2025-01-18,126,q4_warmup,0.8529,536.9866666666667,0.0,468.4716666666666,0.0,468.4716666666666,0.0,0.0,68.51500000000004,0.0,1338.0992222222233,1261.9714444444455,399.5594845,0.0,0.0
2025-01-18,127,q4_warmup,0.7852,502.3889833333333,0.0,490.4889666666666,0.0,490.4889666666666,0.0,0.0,11.90001666666666,0.0,1261.9714444444455,1248.7492037037048,385.1319366266666,0.0,0.0
2025-01-18,128,q4_warmup,0.8048,473.46075,0.0,474.6709166666667,0.0,474.6709166666667,0.0,0.0,0.0,1.2101666666666802,1248.7492037037048,1248.7492037037048,382.01515373333336,0.0,0.0
2025-01-18,129,q4_warmup,0.8054,479.8566666666666,0.0,453.02,0.0,453.02,0.0,0.0,26.836666666666645,0.0,1248.7492037037048,1218.9306851851863,364.862308,0.0,0.0
2025-01-18,130,q4_warmup,0.8441,485.7930833333333,0.0,525.5826333333333,0.0,525.5826333333333,0.0,0.0,0.0,39.78955000000002,1218.9306851851863,1218.9306851851863,443.6443007966666,0.0,0.0
2025-01-18,131,q4_warmup,0.6366,458.6473,0.0,506.1753000000001,0.0,506.1753000000001,0.0,0.0,0.0,47.52800000000008,1218.9306851851863,1218.9306851851863,322.23119598000005,0.0,0.0
2025-01-18,132,q4_warmup,0.3081,420.56,0.0,400.655,0.0,400.655,2.8673833333323167,0.0,17.037616666667713,0.0,1218.9306851851863,1200.0,123.4418055,4.4172040249984335,0.0
2025-01-18,133,q4_warmup,0.3038,426.2462,0.0,403.7712,0.0,403.7712,22.475000000000023,0.0,-0.0,0.0,1200.0,1200.0,122.66569056,34.139525000000035,0.0
2025-01-18,134,q4_warmup,0.3666,448.35355,0.0,411.2597166666667,0.0,411.2597166666667,37.09383333333329,0.0,-0.0,0.0,1200.0,1200.0,150.76781213,67.99299649999992,0.0
2025-01-18,135,q4_warmup,0.3499,453.0366666666666,0.0,379.3533333333333,0.0,379.3533333333333,73.68333333333328,0.0,-0.0,0.0,1200.0,1200.0,132.73573133333332,128.90899166666657,0.0
2025-01-18,136,q4_warmup,0.3572,429.5550666666666,0.0,385.0471,0.0,385.0471,44.50796666666662,0.0,-0.0,0.0,1200.0,1200.0,137.53882412000002,79.49122846666658,0.0
2025-01-18,137,q4_warmup,0.3344,401.05643333333336,0.0,433.85195,0.0,433.85195,0.0,-0.0,0.0,32.79551666666663,1200.0,1200.0,145.08009208,0.0,0.0
2025-01-18,138,q4_warmup,0.2989,396.83,0.0,469.2083333333333,0.0,708.639588477366,0.0,239.43125514403263,0.0,72.37833333333342,1200.0,1415.4881296296294,211.81237299588472,0.0,0.0
2025-01-18,139,q4_warmup,0.3341,427.9829333333333,0.0,433.62255,0.0,433.62255,0.0,0.0,0.0,5.639616666666711,1415.4881296296294,1415.4881296296294,144.873293955,0.0,0.0
2025-01-18,140,q4_warmup,0.3348,443.6883333333333,0.0,430.4817166666666,0.0,430.4817166666666,13.206616666666603,0.0,-0.0,0.0,1415.4881296296294,1415.4881296296294,144.12527874,22.10787629999989,0.0
2025-01-18,141,q4_warmup,0.2881,425.77,0.0,464.91,0.0,1298.243333333333,0.0,833.3333333333333,0.0,39.1400000000001,1415.4881296296294,2165.4881296296294,374.02390433333335,0.0,0.0
2025-01-18,142,q4_warmup,0.3008,417.6434833333333,0.0,442.9361166666667,0.0,442.9361166666667,0.0,0.0,0.0,25.292633333333413,2165.4881296296294,2165.4881296296294,133.23518389333336,0.0,0.0
2025-01-18,143,q4_warmup,0.3956,509.3992166666667,0.0,426.6559833333333,0.0,0.0,82.74323333333354,0.0,426.6559833333332,0.0,2165.4881296296294,1691.425925925926,0.0,163.66611553333374,0.0
2025-01-18,144,q4_warmup,0.4906,637.3183333333333,0.0,442.2833333333333,0.0,0.0,195.035,0.0,442.2833333333333,0.0,1691.425925925926,1200.0,0.0,478.4208549999999,0.0
2025-01-19,1,q4_warmup,0.4729,636.8644666666667,0.0,449.57113333333336,0.0,1116.2378,187.2933333333332,666.6666666666666,0.0,0.0,1200.0,1800.0,527.8688556200001,442.8550866666663,1.1368683772161605e-13
2025-01-19,2,q4_warmup,0.4305,596.6740666666667,0.0,448.0010666666667,0.0,1281.3344000000002,148.67299999999975,833.3333333333333,0.0,0.0,1800.0,2550.0,551.6144592,320.0186324999995,0.0
2025-01-19,3,q4_warmup,0.4258,594.1733333333333,0.0,444.8233333333333,0.0,1278.1566666666668,149.3499999999998,833.3333333333333,0.0,0.0,2550.0,3300.0,544.2391086666668,317.9661499999996,1.1368683772161605e-13
2025-01-19,4,q4_warmup,0.4408,620.6631,0.0,449.5483833333333,0.0,1282.8817166666668,171.11471666666648,833.3333333333333,0.0,0.0,3300.0,4050.0,565.4942607066668,377.13683553333294,0.0
2025-01-19,5,q4_warmup,0.4448,630.5256,0.0,489.4189,0.0,1322.7522333333334,141.10669999999993,833.3333333333333,0.0,0.0,4050.0,4800.0,588.3601933866667,313.8213007999998,1.1368683772161605e-13
2025-01-19,6,q4_warmup,0.4525,622.4983333333333,0.0,520.5583333333333,0.0,1353.8916666666669,101.93999999999994,833.3333333333333,0.0,0.0,4800.0,5550.0,612.6359791666666,230.6392499999999,-1.1368683772161605e-13
2025-01-19,7,q4_warmup,0.4992,633.7338833333333,0.0,467.77285,0.0,467.77285,165.96103333333332,0.0,-0.0,0.0,5550.0,5550.0,233.51220672,414.2387392,0.0
2025-01-19,8,q4_warmup,0.5151,644.9927,0.0,428.3751333333333,0.0,428.3751333333333,216.61756666666676,0.0,-0.0,0.0,5550.0,5550.0,220.65603118,557.8985429500001,0.0
2025-01-19,9,q4_warmup,0.4886,643.5749999999999,0.0,439.76,0.0,439.76,203.81499999999997,0.0,-0.0,0.0,5550.0,5550.0,214.866736,497.9200449999999,0.0
2025-01-19,10,q4_warmup,0.4803,639.2107166666666,0.0,454.17875,0.0,454.17875,185.03196666666656,0.0,-0.0,0.0,5550.0,5550.0,218.142053625,444.3542679499997,0.0
2025-01-19,11,q4_warmup,0.5009,645.6600500000001,0.0,495.4059333333333,0.0,495.4059333333333,150.2541166666668,0.0,-0.0,0.0,5550.0,5550.0,248.14883200666665,376.311435191667,0.0
2025-01-19,12,q4_warmup,0.5091,658.8316666666666,0.0,528.8266666666667,0.0,528.8266666666667,130.00499999999988,0.0,-0.0,0.0,5550.0,5550.0,269.225656,330.9277274999997,0.0
2025-01-19,13,q4_warmup,0.4634,664.1026666666667,0.0,486.7074166666666,0.0,1320.04075,177.3952499999998,833.3333333333333,0.0,0.0,5550.0,6300.0,611.70688355,411.0247942499995,0.0
2025-01-19,14,q4_warmup,0.4695,677.4254666666667,0.0,472.83113333333336,0.0,1306.1644666666666,204.5943333333333,833.3333333333333,0.0,0.0,6300.0,7050.0,613.2442170999999,480.2851974999999,1.1368683772161605e-13
2025-01-19,15,q4_warmup,0.516,681.605,0.0,506.04833333333335,0.0,506.04833333333335,175.55666666666667,0.0,-0.0,0.0,7050.0,7050.0,261.12094,452.9362,0.0
2025-01-19,16,q4_warmup,0.4842,644.0834166666667,0.0,505.2827,0.0,505.2827,138.80071666666674,0.0,-0.0,0.0,7050.0,7050.0,244.65788334,336.0365350500002,0.0
2025-01-19,17,q4_warmup,0.442,631.6821833333333,0.0,502.44605,0.0,1335.7793833333335,129.2361333333331,833.3333333333333,0.0,0.0,7050.0,7800.0,590.4144874333334,285.61185466666615,0.0
2025-01-19,18,q4_warmup,0.4642,664.775,0.0,514.6616666666666,0.0,1347.995,150.11333333333334,833.3333333333333,0.0,0.0,7800.0,8550.0,625.7392789999999,348.4130466666668,-1.1368683772161605e-13
2025-01-19,19,q4_warmup,0.5444,695.7839,0.0,517.6518666666667,0.0,517.6518666666667,178.1320333333333,0.0,-0.0,0.0,8550.0,8550.0,281.8096762133334,484.8753947333333,0.0
2025-01-19,20,q4_warmup,0.5278,693.5707666666667,0.0,500.3651833333333,0.0,500.3651833333333,193.20558333333335,0.0,-0.0,0.0,8550.0,8550.0,264.0927437633334,509.86953441666685,0.0
2025-01-19,21,q4_warmup,0.4483,660.8933333333333,0.0,479.045,0.0,1312.378333333333,181.84833333333324,833.3333333333333,0.0,0.0,8550.0,9300.0,588.3392068333333,407.61303916666645,-1.1368683772161605e-13
2025-01-19,22,q4_warmup,0.4866,632.5577999999999,0.0,487.68058333333335,0.0,487.68058333333335,144.87721666666658,0.0,-0.0,0.0,9300.0,9300.0,237.30537185,352.4862681499998,0.0
2025-01-19,23,q4_warmup,0.5175,652.2090833333333,0.0,535.1377166666667,0.0,535.1377166666667,117.07136666666656,0.0,-0.0,0.0,9300.0,9300.0,276.933768375,302.9221612499997,0.0
2025-01-19,24,q4_warmup,0.4904,688.81,0.0,575.8000000000001,0.0,575.8000000000001,113.00999999999988,0.0,-0.0,0.0,9300.0,9300.0,282.37232000000006,277.1005199999997,0.0
2025-01-19,25,q4_warmup,0.4864,670.3374,0.0,547.8964333333333,0.0,547.8964333333333,122.44096666666668,0.0,-0.0,0.0,9300.0,9300.0,266.4968251733333,297.7764309333333,0.0
2025-01-19,26,q4_warmup,0.4952,663.4198666666667,0.0,514.735,0.0,514.735,148.68486666666672,0.0,-0.0,0.0,9300.0,9300.0,254.896772,368.1437298666668,0.0
2025-01-19,27,q4_warmup,0.5068,686.0949999999999,0.0,524.2083333333334,0.0,524.2083333333334,161.88666666666654,0.0,-0.0,0.0,9300.0,9300.0,265.6687833333333,410.220813333333,0.0
2025-01-19,28,q4_warmup,0.5251,687.2981333333333,0.0,563.8148666666667,0.0,563.8148666666667,123.48326666666662,0.0,-0.0,0.0,9300.0,9300.0,296.0591864866667,324.2053166333332,0.0
2025-01-19,29,q4_warmup,0.5157,675.9187333333333,0.0,571.79945,0.0,571.79945,104.11928333333331,0.0,-0.0,0.0,9300.0,9300.0,294.876976365,268.471572075,0.0
2025-01-19,30,q4_warmup,0.4968,676.3333333333334,0.0,553.6783333333334,0.0,553.6783333333334,122.65499999999996,0.0,-0.0,0.0,9300.0,9300.0,275.06739600000003,304.6750199999999,0.0
2025-01-19,31,q4_warmup,0.5198,702.3887500000001,0.0,566.90295,0.0,566.90295,135.48580000000004,0.0,-0.0,0.0,9300.0,9300.0,294.67615341000004,352.12759420000015,0.0
2025-01-19,32,q4_warmup,0.5251,727.3856000000001,0.0011166666666666,563.51055,0.0010166666666666,563.5095333333333,163.87495000000015,0.0,-0.0,0.0,9300.0,9300.0,295.8988559533333,430.2536812250004,0.0
2025-01-19,33,q4_warmup,0.4714,711.5383333333333,0.0,539.0433333333334,0.0,1372.3766666666668,172.49499999999978,833.3333333333333,0.0,0.0,9300.0,10050.0,646.9383606666667,406.5707149999994,-1.1368683772161605e-13
2025-01-19,34,q4_warmup,0.422,656.88555,0.0,542.8813666666666,0.0,1376.2147,114.00418333333324,833.3333333333333,0.0,0.0,10050.0,10800.0,580.7626034,240.5488268333331,0.0
2025-01-19,35,q4_warmup,0.6481,733.0547,0.0156,557.494,0.0141666666666666,557.4798333333333,175.5592666666667,0.0,-0.0,0.0,10800.0,10800.0,361.30267998333335,568.8998036333335,-1.1368683772161605e-13
2025-01-19,36,q4_warmup,1.0195,889.4,0.0,562.5783333333333,0.0,0.0,56.066666666666606,0.0,833.3333333333334,0.0,10800.0,9874.074074074077,0.0,285.799833333333,0.0
2025-01-19,37,q4_warmup,1.1043,901.9759333333332,0.0,554.8842833333333,0.0,0.0,68.64259999999979,0.0,833.3333333333334,0.0,9874.074074074077,8948.14814814815,0.0,379.0101158999989,0.0
2025-01-19,38,q4_warmup,1.068,895.45745,0.21725,540.6596833333333,0.1974,0.0,61.90686666666659,0.0,833.3333333333334,0.0,8948.14814814815,8022.222222222223,0.0,330.5826679999996,0.0
2025-01-19,39,q4_warmup,1.0587,925.4716666666668,0.0,533.3100000000001,0.0,0.0,92.13833333333343,0.0,833.3333333333334,0.0,8022.222222222223,7096.296296296297,0.0,487.7342675000005,0.0
2025-01-19,40,q4_warmup,1.0551,916.3925333333332,0.0,548.3691166666666,0.0,0.0,83.0591999999998,0.0,833.3333333333334,0.0,7096.296296296297,6170.370370370371,0.0,438.1788095999989,0.0
2025-01-19,41,q4_warmup,1.0481,901.9587166666666,3.9136666666666655,589.5136666666666,3.5925666666666665,0.0,64.71171666666658,0.0,833.3333333333334,0.0,6170.370370370371,5244.444444444445,0.0,339.1217511916662,0.0
2025-01-19,42,q4_warmup,1.0165,900.415,23.96875,643.96,22.7625,0.0,43.11291666666659,0.0,833.3333333333334,0.0,5244.444444444445,4318.518518518519,0.0,219.12139895833292,0.0
2025-01-19,43,q4_warmup,0.9533,892.1807333333333,62.713166666666666,682.58855,61.66313333333333,0.0,829.4675666666666,0.0,0.0,0.0,4318.518518518519,4318.518518518519,0.0,3953.657156516667,0.0
2025-01-19,44,q4_warmup,0.9629,883.5705666666667,107.29915,667.5586999999999,110.80363333333334,0.0,393.71011666666624,0.0,382.5613000000005,0.0,4318.518518518519,3893.450407407408,0.0,1895.5173566916644,1.1368683772161605e-13
2025-01-19,45,q4_warmup,0.9698,862.0183333333333,153.2125,623.98,163.86249999999998,0.0,248.68833333333328,0.0,460.11750000000006,0.0,3893.450407407408,3382.2087407407407,0.0,1205.889728333333,0.0
2025-01-19,46,q4_warmup,0.8432,838.1328333333332,203.96576666666667,619.1948,219.14728333333332,400.0475166666666,234.11954999999992,0.0,0.0,0.0,3382.2087407407407,3382.2087407407407,337.3200660533333,987.0480227999994,0.0
2025-01-19,47,q4_warmup,1.0313,1002.9044,246.14671666666663,630.4033333333333,266.78135000000003,0.0,393.1357000000002,0.0,363.6219833333331,0.0,3382.2087407407407,2978.184314814815,0.0,2027.2042370500012,0.0
2025-01-19,48,q4_warmup,1.4286,1235.6033333333332,281.73125,631.0666666666667,311.1875,0.0,120.53874999999982,0.0,833.3333333333334,0.0,2978.184314814815,2052.258388888889,0.0,861.0082912499988,0.0
2025-01-19,49,q4_warmup,1.4482,1207.69265,328.42235,621.8556833333333,366.0738833333333,0.0,112.23774999999988,0.0,767.03255,0.0,2052.258388888889,1200.0,0.0,812.7135477499992,0.0
2025-01-19,50,q4_warmup,1.3647,1173.9216666666666,387.58026666666666,632.1364166666666,417.5146,0.0,786.3414,0.0,-0.0,0.0,1200.0,1200.0,0.0,5365.600542900001,0.0
2025-01-19,51,q4_warmup,1.3466,1222.9683333333337,451.1375,650.41,465.15625,0.0,771.8308333333337,0.0,-0.0,0.0,1200.0,1200.0,0.0,5196.737000833336,0.0
2025-01-19,52,q4_warmup,1.2788,1190.5599166666666,508.6227,642.7212499999999,519.66545,0.0,681.9372166666666,0.0,0.0,0.0,1200.0,1200.0,0.0,4360.3065633666665,0.0
2025-01-19,53,q4_warmup,1.2238,1159.6565333333333,560.2037,672.6172666666666,554.914,0.0,599.4528333333333,0.0,0.0,0.0,1200.0,1200.0,0.0,3668.0518871666654,0.0
2025-01-19,54,q4_warmup,1.2348,1182.21,603.1875,738.235,575.63125,0.0,579.0225,0.0,0.0,0.0,1200.0,1200.0,0.0,3574.884915,0.0
2025-01-19,55,q4_warmup,1.2909,1213.3816833333333,632.8914166666667,764.67775,617.0472333333333,0.0,580.4902666666666,0.0,0.0,0.0,1200.0,1200.0,0.0,3746.774426199999,0.0
2025-01-19,56,q4_warmup,1.304,1208.6565333333333,658.8009833333333,747.3351666666667,674.86915,0.0,549.85555,0.0,-0.0,0.0,1200.0,1200.0,0.0,3585.058186,0.0
2025-01-19,57,q4_warmup,1.2383,1177.8316666666667,689.88125,726.9200000000001,725.5500000000001,0.0,487.9504166666667,0.0,-0.0,0.0,1200.0,1200.0,0.0,3021.1450047916665,0.0
2025-01-19,58,q4_warmup,1.158,1172.4404333333334,727.9133833333334,743.89395,746.0417833333332,0.0,444.52705,0.0,-0.0,0.0,1200.0,1200.0,0.0,2573.8116195,0.0
2025-01-19,59,q4_warmup,1.2372,1196.8093,762.8245333333333,734.5613833333333,750.9942500000001,0.0,433.9847666666666,0.0,-0.0,0.0,1200.0,1200.0,0.0,2684.6297666,0.0
2025-01-19,60,q4_warmup,1.3916,1209.69,790.4187499999999,697.2333333333332,764.0749999999999,0.0,419.2712500000001,0.0,-0.0,0.0,1200.0,1200.0,0.0,2917.2893575000007,0.0
2025-01-19,61,q4_warmup,1.3619,1168.78175,814.8189000000001,698.8172666666666,798.3806,0.0,353.96285,0.0,-0.0,0.0,1200.0,1200.0,0.0,2410.310027075,0.0
2025-01-19,62,q4_warmup,1.324,1156.0250166666667,838.6614333333333,727.0218833333333,828.198,0.0,317.3635833333334,0.0,-0.0,0.0,1200.0,1200.0,0.0,2100.946921666667,0.0
2025-01-19,63,q4_warmup,1.3867,1186.8833333333334,873.6437500000001,743.6783333333333,851.2375000000001,0.0,313.23958333333337,0.0,-0.0,0.0,1200.0,1200.0,0.0,2171.846651041667,0.0
2025-01-19,64,q4_warmup,1.4295,1198.5510166666666,929.2312666666668,719.6660833333334,883.57515,0.0,269.3197499999998,0.0,-0.0,0.0,1200.0,1200.0,0.0,1924.9629131249983,0.0
2025-01-19,65,q4_warmup,1.152,1204.87735,969.50835,682.6373,885.2261,0.0,235.36900000000003,0.0,-0.0,0.0,1200.0,1200.0,0.0,1355.7254400000002,0.0
2025-01-19,66,q4_warmup,0.7281,1197.265,984.9625,677.9350000000001,869.1062499999999,0.0,1045.6358333333335,833.3333333333334,0.0,0.0,1200.0,1950.0,0.0,3806.6372512500006,-1.1368683772161605e-13
2025-01-19,67,q4_warmup,0.6578,1152.5289166666666,997.9167333333334,723.6699833333333,894.25785,662.7454666666667,325.2000499999999,833.3333333333334,0.0,0.0,1950.0,2700.0,435.9539679733334,1069.5829644499995,1.1368683772161605e-13
2025-01-19,68,q4_warmup,0.6923,1154.4774,1007.0467333333332,721.3532166666668,935.6315666666666,0.0,980.764,833.3333333333334,0.0,0.0,2700.0,3450.0,0.0,3394.9145860000003,-1.1368683772161605e-13
2025-01-19,69,q4_warmup,0.6911,1191.2816666666663,1014.31875,681.975,958.30625,0.0,1010.2962499999996,833.3333333333334,0.0,0.0,3450.0,4200.0,0.0,3491.078691874999,1.1368683772161605e-13
2025-01-19,70,q4_warmup,0.7529,1166.7334,1027.4644666666666,711.0658166666667,950.3349333333334,0.0,139.2689333333335,0.0,0.0,0.0,4200.0,4200.0,0.0,524.277899533334,0.0
2025-01-19,71,q4_warmup,0.7367,1135.05275,1038.9538166666666,740.7286,942.8706833333334,0.0,753.2916000000009,657.1926666666675,0.0,0.0,4200.0,4791.473400000001,0.0,2774.7496086000037,0.0
2025-01-19,72,q4_warmup,0.6431,1110.4383333333333,1040.7375,728.2516666666667,949.6125,611.9725,291.0616666666667,833.3333333333334,0.0,0.0,4791.473400000001,5541.473400000001,393.55951475,935.9087891666668,-1.1368683772161605e-13
2025-01-19,73,q4_warmup,0.6314,1056.87595,1031.604833333333,701.1681666666667,960.4332666666666,574.0682333333335,284.53621666666686,833.3333333333334,0.0,0.0,5541.473400000001,6291.473400000001,362.4666825266668,898.2808360166673,1.1368683772161605e-13
2025-01-19,74,q4_warmup,0.677,1048.5315,1023.1429,686.56985,981.4428333333334,538.46035,320.2615833333334,833.3333333333334,0.0,0.0,6291.473400000001,7041.473400000001,364.53765695,1084.0854595833337,1.1368683772161605e-13
2025-01-19,75,q4_warmup,0.6874,1076.8916666666669,1008.50625,684.3683333333333,1003.7375,440.2255218107021,461.49322818929807,833.3333333333333,0.0,0.0,7041.473400000001,7791.473400000001,302.6110236926766,1586.1522252866175,0.0
2025-01-19,76,q4_warmup,0.633,1063.03155,971.07265,677.2975333333333,1006.1721833333332,504.4586833333334,420.83354999999983,833.3333333333333,0.0,0.0,7791.473400000001,8541.4734,319.32234655,1331.9381857499995,0.0
2025-01-19,77,q4_warmup,0.7944,1085.1525666666666,939.9261,683.1602666666666,996.4612666666668,0.0,458.5274666666669,313.3010000000003,0.0,0.0,8541.4734,8823.444300000001,0.0,1821.271097600001,1.1368683772161605e-13
2025-01-19,78,q4_warmup,1.0755,1134.655,920.21875,696.5166666666668,996.53125,0.0,0.0,0.0,214.43625,0.0,8823.444300000001,8585.1818,0.0,0.0,0.0
2025-01-19,79,q4_warmup,1.0872,1119.7907333333333,891.8814166666666,688.0187666666667,1015.1251333333332,0.0,227.90931666666663,0.0,0.0,0.0,8585.1818,8585.1818,0.0,1238.9150453999998,0.0
2025-01-19,80,q4_warmup,1.0719,1120.4868333333334,874.5335166666667,662.4071833333334,985.1408333333334,0.0,245.95331666666664,0.0,0.0,0.0,8585.1818,8585.1818,0.0,1318.186800675,0.0
2025-01-19,81,q4_warmup,1.1278,1148.475,856.9562500000001,645.26,912.025,0.0,141.41687599999935,0.0,150.1018740000005,0.0,8585.1818,8418.40194,0.0,797.4497637639962,0.0
2025-01-19,82,q4_warmup,1.1227,1131.4715666666666,807.1357833333333,661.3787666666666,871.3019666666668,0.0,324.3357833333333,0.0,0.0,0.0,8418.40194,8418.40194,0.0,1820.6589197416668,0.0
2025-01-19,83,q4_warmup,1.2204,1109.1229166666667,771.8305999999999,685.0104166666666,852.7453,0.0,0.0,0.0,337.2923166666668,0.0,8418.40194,8043.632699259258,0.0,0.0,0.0
2025-01-19,84,q4_warmup,1.3957,1103.395,757.5812500000001,686.56,829.9875000000001,0.0,0.0,0.0,345.8137499999999,0.0,8043.632699259258,7659.395199259258,0.0,0.0,0.0
2025-01-19,85,q4_warmup,1.4241,1095.23305,724.3495833333333,655.9648,791.9124499999999,0.0,0.0,0.0,370.8834666666668,0.0,7659.395199259258,7247.302458518518,0.0,0.0,0.0
2025-01-19,86,q4_warmup,1.349,1088.7142,686.2887000000001,624.8686166666666,761.6870666666667,0.0,0.0,0.0,402.42549999999983,0.0,7247.302458518518,6800.1630140740735,0.0,0.0,0.0
2025-01-19,87,q4_warmup,1.343,1085.5116666666663,650.2125,619.105,736.63125,0.0,0.0,0.0,435.2991666666664,0.0,6800.1630140740735,6316.497273333333,0.0,0.0,0.0
2025-01-19,88,q4_warmup,1.4928,1083.773,605.9846,637.1694,691.7595333333334,0.0,0.0,0.0,477.7883999999999,0.0,6316.497273333333,5785.621273333333,0.0,0.0,0.0
2025-01-19,89,q4_warmup,1.3326,1100.3528166666667,561.8226833333333,635.2857833333334,648.8711166666667,0.0,0.0,0.0,538.5301333333334,0.0,5785.621273333333,5187.254458518519,0.0,0.0,0.0
2025-01-19,90,q4_warmup,0.9298,1111.39,529.7312499999999,616.7483333333333,610.25625,6.492083333333338,1408.5000000000002,833.3333333333334,0.0,0.0,5187.254458518519,5937.254458518519,6.0363390833333375,6548.116500000001,-1.1368683772161605e-13
2025-01-19,91,q4_warmup,0.842,1072.6289333333334,512.4389,622.8273833333334,554.53245,68.29493333333335,1325.2284333333334,833.3333333333334,0.0,0.0,5937.254458518519,6687.254458518519,57.50433386666668,5579.211704333334,1.1368683772161605e-13
2025-01-19,92,q4_warmup,0.9037,1038.0926833333333,481.01425,619.6244333333333,491.6920333333333,127.93239999999996,1262.4793666666667,833.3333333333334,0.0,0.0,6687.254458518519,7437.254458518519,115.61250987999996,5704.513018283333,-1.1368683772161605e-13
2025-01-19,93,q4_warmup,0.9436,1039.19,427.95625,616.8183333333333,433.9125,182.9058333333333,1261.66125,833.3333333333334,0.0,0.0,7437.254458518519,8187.254458518519,172.5899443333333,5952.5177775,-1.1368683772161605e-13
2025-01-19,94,q4_warmup,0.9724,1059.0632833333334,373.12401666666665,657.84435,385.0182,272.82615,1246.44645,833.3333333333334,0.0,0.0,8187.254458518519,8937.254458518519,265.29614826,6060.222639900001,1.1368683772161605e-13
2025-01-19,95,q4_warmup,1.0003,1078.4637833333334,327.90091666666666,672.5232833333333,339.51321666666666,333.01006666666666,1250.8861333333334,833.3333333333334,0.0,0.0,8937.254458518519,9687.25445851852,333.10996968666666,6256.306995866667,1.1368683772161605e-13
2025-01-19,96,q4_warmup,1.023,1076.6866666666667,288.00625,638.1016666666667,291.23125,346.8704166666667,794.5682353909444,352.75823539094444,0.0,0.0,9687.25445851852,10004.736870370369,354.84843625,4064.21652402468,5.684341886080803e-14
2025-01-19,97,q4_warmup,1.0339,1046.67355,241.0789,604.5478166666667,237.46826666666664,367.07955,438.5151,0.0,0.0,0.0,10004.736870370369,10004.736870370369,379.523546745,2266.90380945,0.0
2025-01-19,98,q4_warmup,1.0608,1039.0500166666668,194.86941666666667,604.6898666666667,183.01651666666663,421.67335,422.5072500000001,0.0,0.0,0.0,10004.736870370369,10004.736870370369,447.31108968,2240.9784540000005,0.0
2025-01-19,99,q4_warmup,1.1002,1063.58,151.89374999999998,622.0749999999999,135.0375,487.0374999999999,424.64875000000006,0.0,0.0,0.0,10004.736870370369,10004.736870370369,535.8386575,2335.9927737500007,0.0
2025-01-19,100,q4_warmup,1.115,1076.0196833333332,106.29951666666666,605.4765833333333,97.13158333333332,508.345,461.3751666666665,0.0,0.0,0.0,10004.736870370369,10004.736870370369,566.804675,2572.166554166666,0.0
2025-01-19,101,q4_warmup,1.0982,1040.4678,60.56548333333333,543.1114,57.47101666666666,485.6403833333333,494.2619333333332,0.0,0.0,0.0,10004.736870370369,10004.736870370369,533.3302689766667,2713.992275933333,0.0
2025-01-19,102,q4_warmup,1.0762,996.1216666666666,23.3125,477.19666666666666,20.1,457.0966666666666,515.7124999999999,0.0,0.0,0.0,10004.736870370369,10004.736870370369,491.9274326666667,2775.0489625,-1.1368683772161605e-13
2025-01-19,103,q4_warmup,1.0907,1017.1013333333334,3.898816666666667,467.5936166666667,2.7629,464.8307166666667,548.3718,0.0,0.0,0.0,10004.736870370369,10004.736870370369,506.99086266833336,2990.5456113,0.0
2025-01-19,104,q4_warmup,1.142,1032.1796,0.0,472.0541333333333,0.0,472.0541333333333,560.1254666666666,0.0,0.0,0.0,10004.736870370369,10004.736870370369,539.0858202666666,3198.316414666666,0.0
2025-01-19,105,q4_warmup,1.1688,1037.263333333333,0.0,466.275,0.0,190.10799999999875,847.1553333333343,0.0,0.0,0.0,10004.736870370369,10004.736870370369,222.19823039999852,4950.775768000006,0.0
2025-01-19,106,q4_warmup,1.1179,1072.7817,0.2179333333333333,464.9513,0.1449166666666666,464.8063833333333,607.7573833333333,0.0,0.0,0.0,10004.736870370369,10004.736870370369,519.6070559283332,3397.059894141666,0.0
2025-01-19,107,q4_warmup,1.1597,953.7088,0.0,463.7437333333333,0.0,463.7437333333333,489.9650666666667,0.0,0.0,0.0,10004.736870370369,10004.736870370369,537.8036075466666,2841.0624390666667,0.0
2025-01-19,108,q4_warmup,1.2792,745.13,0.0,470.835,0.0,0.0,274.2950000000004,0.0,470.8349999999997,0.0,10004.736870370369,9481.586870370367,0.0,1754.390820000002,0.0
2025-01-19,109,q4_warmup,1.2909,720.4326833333333,0.01565,496.2562833333333,0.0104,0.0,0.0,0.0,720.4170333333333,0.0,9481.586870370367,8681.123499999998,0.0,0.0,0.0
2025-01-19,110,q4_warmup,1.287,760.35505,0.0,489.35885,0.0,0.0,43.2240166666669,0.0,717.1310333333331,0.0,8681.123499999998,7884.311240740739,0.0,278.14654725000145,0.0
2025-01-19,111,q4_warmup,1.287,749.335,0.0,451.9433333333333,0.0,0.0,749.335,0.0,-0.0,0.0,7884.311240740739,7884.311240740739,0.0,4821.970725,0.0
2025-01-19,112,q4_warmup,1.238,700.1025166666667,0.0011166666666666,439.5705666666667,0.0007499999999999,0.0,700.1014,0.0,-0.0,0.0,7884.311240740739,7884.311240740739,0.0,4333.627665999999,0.0
2025-01-19,113,q4_warmup,1.3587,711.2790333333334,0.0,450.85645,0.0,0.0,260.4225833333338,0.0,450.85644999999954,0.0,7884.311240740739,7383.359629629628,0.0,1769.1808198750032,0.0
2025-01-19,114,q4_warmup,1.5578,758.3249999999999,0.0,452.885,0.0,0.0,0.0,0.0,758.3249999999999,0.0,7383.359629629628,6540.776296296295,0.0,0.0,0.0
2025-01-19,115,q4_warmup,1.5072,725.9038666666667,0.0,423.35245,0.0,0.0,0.0,0.0,725.9038666666667,0.0,6540.776296296295,5734.216444444443,0.0,0.0,0.0
2025-01-19,116,q4_warmup,1.438,704.7665000000001,0.0,442.8923666666667,0.0,0.0,359.16030000000075,0.0,345.6061999999993,0.0,5734.216444444443,5350.209555555555,0.0,2582.3625570000054,0.0
2025-01-19,117,q4_warmup,1.4699,733.3266666666667,0.0,488.0866666666666,0.0,0.0,245.24000000000007,0.0,488.0866666666666,0.0,5350.209555555555,4807.891037037037,0.0,1802.391380000001,0.0
2025-01-19,118,q4_warmup,1.4923,753.2858166666666,0.0,456.32301666666666,0.0,0.0,296.9628,0.0,456.3230166666666,0.0,4807.891037037037,4300.865462962963,0.0,2215.7879322000003,0.0
2025-01-19,119,q4_warmup,1.4979,742.2715,0.0,442.85996666666665,0.0,0.0,299.41153333333347,0.0,442.8599666666665,0.0,4300.865462962963,3808.798833333333,0.0,2242.442678900001,0.0
2025-01-19,120,q4_warmup,1.508,711.5416666666666,0.0,475.01666666666665,0.0,0.0,236.5250000000002,0.0,475.0166666666664,0.0,3808.798833333333,3281.002537037037,0.0,1783.3985000000016,0.0
2025-01-19,121,q4_warmup,1.5289,696.4692833333334,0.0,480.7563,0.0,0.0,0.0,0.0,696.4692833333334,0.0,3281.002537037037,2507.1477777777777,0.0,0.0,0.0
2025-01-19,122,q4_warmup,1.5141,731.8172666666666,0.0,465.9056,0.0,0.0,481.6246500000003,0.0,250.19261666666628,0.0,2507.1477777777777,2229.155981481482,0.0,3646.139412825002,0.0
2025-01-19,123,q4_warmup,1.5172,781.21,0.0,455.8366666666666,0.0,0.0,325.3733333333332,0.0,455.8366666666668,0.0,2229.155981481482,1722.6707962962964,0.0,2468.282106666666,0.0
2025-01-19,124,q4_warmup,1.5934,766.4613666666668,0.0,470.4037166666667,0.0,0.0,296.05765,0.0,470.4037166666668,0.0,1722.6707962962964,1200.0,0.0,2358.69129755,0.0
2025-01-19,125,q4_warmup,1.3738,724.6809333333334,0.0,510.70525,0.0,0.0,724.6809333333334,0.0,-0.0,0.0,1200.0,1200.0,0.0,4977.833331066668,0.0
2025-01-19,126,q4_warmup,0.9834,714.0766666666667,0.0,536.9866666666667,0.0,536.9866666666667,177.09000000000003,0.0,-0.0,0.0,1200.0,1200.0,528.0726880000001,870.7515300000001,0.0
2025-01-19,127,q4_warmup,0.9463,754.86445,0.0,502.3889833333333,0.0,502.3889833333333,252.47546666666668,0.0,2.8421709430404014e-14,0.0,1200.0,1200.0,475.4106949283333,1194.5876705333335,0.0
2025-01-19,128,q4_warmup,0.9945,755.121,0.0,473.46075,0.0,473.46075,281.66025,0.0,-0.0,0.0,1200.0,1200.0,470.856715875,1400.555593125,0.0
2025-01-19,129,q4_warmup,0.9794,727.35,0.0,479.8566666666666,0.0,479.8566666666666,247.49333333333345,0.0,-2.8421709430404014e-14,0.0,1200.0,1200.0,469.9716193333333,1211.9748533333338,0.0
2025-01-19,130,q4_warmup,0.9882,756.1848666666666,0.0,485.7930833333333,0.0,485.7930833333333,270.3917833333333,0.0,-0.0,0.0,1200.0,1200.0,480.06072495,1336.0058014499998,0.0
2025-01-19,131,q4_warmup,0.7733,695.1605500000001,0.0,458.6473,0.0,458.6473,236.51325,0.0,2.8421709430404014e-14,0.0,1200.0,1200.0,354.67195709000003,914.478481125,0.0
2025-01-19,132,q4_warmup,0.436,562.8066666666667,0.0,420.56,0.0,420.56,142.24666666666673,0.0,-0.0,0.0,1200.0,1200.0,183.36416,310.0977333333335,0.0
2025-01-19,133,q4_warmup,0.3757,542.3526833333334,0.0,426.2462,0.0,1259.57946016511,116.10648333333232,833.3332601651089,0.0,0.0,1200.0,1949.999934148598,473.2240031840318,218.1060289416648,1.1368683772161605e-13
2025-01-19,134,q4_warmup,0.4473,580.6007833333333,0.0,448.35355,0.0,448.35355,132.24723333333372,0.0,-4.092726157978177e-13,0.0,1949.999934148598,1949.9999341485984,200.548542915,295.77093735000085,0.0
2025-01-19,135,q4_warmup,0.4843,600.7416666666667,0.0,453.0366666666666,0.0,0.0,0.0,0.0,600.7416666666667,0.0,1949.9999341485984,1282.5091934078578,0.0,0.0,0.0
2025-01-19,136,q4_warmup,0.4632,582.9563333333333,0.0,429.5550666666666,0.0,429.5550666666666,153.40126666666671,0.0,0.0,0.0,1282.5091934078578,1282.509193407858,198.96990688,355.2773336000001,0.0
2025-01-19,137,q4_warmup,0.4484,580.7904333333333,0.0,401.05643333333336,0.0,401.05643333333336,179.7339999999999,0.0,0.0,0.0,1282.509193407858,1282.509193407858,179.83370470666668,402.9636279999997,-1.1368683772161605e-13
2025-01-19,138,q4_warmup,0.46,602.9350000000001,0.0,396.83,0.0,396.83,206.10500000000013,0.0,0.0,0.0,1282.509193407858,1282.509193407858,182.5418,474.0415000000004,1.1368683772161605e-13
2025-01-19,139,q4_warmup,0.4588,606.3471333333333,0.0,427.9829333333333,0.0,427.9829333333333,178.36420000000007,0.0,0.0,0.0,1282.509193407858,1282.5091934078582,196.3585698133333,409.16747480000015,0.0
2025-01-19,140,q4_warmup,0.4313,592.0573833333334,0.0,443.6883333333333,0.0,443.6883333333333,148.36905000000004,0.0,0.0,0.0,1282.5091934078582,1282.5091934078584,191.3627781666667,319.95785632500014,0.0
2025-01-19,141,q4_warmup,0.4009,570.415,0.0,425.77,0.0,425.77,144.64499999999998,0.0,0.0,0.0,1282.5091934078584,1282.5091934078584,170.69119299999997,289.94090249999994,0.0
2025-01-19,142,q4_warmup,0.4078,554.35235,0.0,417.6434833333333,0.0,417.6434833333333,136.7088666666667,0.0,0.0,0.0,1282.5091934078584,1282.5091934078584,170.31501250333332,278.7493791333334,0.0
2025-01-19,143,q4_warmup,0.4419,574.2431666666666,0.0,509.3992166666667,0.0,509.3992166666667,64.84395000000002,0.0,0.0,0.0,1282.5091934078584,1282.5091934078584,225.103513845,143.27270752500007,1.1368683772161605e-13
2025-01-19,144,q4_warmup,0.4807,609.115,0.0,637.3183333333333,0.0,415.3550592662608,119.5016666666666,0.0,74.25827406707259,0.0,1282.5091934078584,1200.0,199.6611769892916,287.22225583333324,0.0
2025-01-20,1,q4_warmup,0.4984,606.2207999999999,0.0,636.8644666666667,0.0,636.8644666666667,0.0,30.64366666666672,0.0,0.0,1200.0,1227.5793,317.4132501866667,0.0,0.0
2025-01-20,2,q4_warmup,0.4558,606.2697166666667,0.0,596.6740666666667,0.0,1430.0074,0.0,823.7376833333333,0.0,0.0,1227.5793,1968.943215,651.7973729199999,0.0,0.0
2025-01-20,3,q4_warmup,0.4,619.885,0.0,594.1733333333333,0.0,1427.506666666667,4.663649999999734,812.2853166666664,0.0,0.0,1968.943215,2700.0,571.0026666666666,9.327299999999468,0.0
2025-01-20,4,q4_warmup,0.4224,618.2137833333334,0.0,620.6631,0.0,1453.9964333333332,0.0,833.3333333333333,0.0,2.4493166666666184,2700.0,3450.0,614.16809344,0.0,0.0
2025-01-20,5,q4_warmup,0.4406,629.0592166666667,0.0,630.5256,0.0,1463.8589333333334,0.0,833.3333333333333,0.0,1.4663833333335106,3450.0,4200.0,644.9762460266667,0.0,0.0
2025-01-20,6,q4_warmup,0.4346,656.5516666666666,0.0,622.4983333333333,0.0,1455.8316666666667,34.05333333333317,833.3333333333333,0.0,0.0,4200.0,4950.0,632.7044423333333,73.99789333333298,-1.1368683772161605e-13
2025-01-20,7,q4_warmup,0.4673,668.98675,0.0,633.7338833333333,0.0,1467.0672166666668,35.25286666666648,833.3333333333333,0.0,0.0,4950.0,5700.0,685.5605103483334,82.36832296666623,0.0
2025-01-20,8,q4_warmup,0.5079,646.8283333333333,0.0,644.9927,0.0,644.9927,1.8356333333332489,0.0,-0.0,0.0,5700.0,5700.0,327.59179233000003,4.661590849999786,0.0
2025-01-20,9,q4_warmup,0.5079,614.585,0.0,643.5749999999999,0.0,643.5749999999999,0.0,28.989999999999892,0.0,0.0,5700.0,5726.091,326.8717425,0.0,0.0
2025-01-20,10,q4_warmup,0.4541,620.72175,0.0,639.2107166666666,0.0,1472.54405,0.0,804.3433333333329,0.0,47.47896666666702,5726.091,6450.0,668.682253105,0.0,0.0
2025-01-20,11,q4_warmup,0.4414,647.7761666666667,0.0,645.6600500000001,0.0,1478.9933833333334,2.1161166666664712,833.3333333333333,0.0,0.0,6450.0,7200.0,652.8276794033334,4.670269483332902,1.1368683772161605e-13
2025-01-20,12,q4_warmup,0.4872,674.2816666666666,0.0,658.8316666666666,0.0,658.8316666666666,15.450000000000044,0.0,-0.0,0.0,7200.0,7200.0,320.982788,37.63620000000011,0.0
2025-01-20,13,q4_warmup,0.5186,690.5031333333333,0.0,664.1026666666667,0.0,664.1026666666667,26.400466666666603,0.0,-0.0,0.0,7200.0,7200.0,344.4036429333333,68.45641006666649,0.0
2025-01-20,14,q4_warmup,0.5184,682.9346833333334,0.0,677.4254666666667,0.0,677.4254666666667,5.509216666666703,0.0,-0.0,0.0,7200.0,7200.0,351.17736192,14.279889600000091,0.0
2025-01-20,15,q4_warmup,0.4975,659.6866666666666,0.0,681.605,0.0,681.605,0.0,0.0,0.0,21.918333333333408,7200.0,7200.0,339.09848750000003,0.0,0.0
2025-01-20,16,q4_warmup,0.4787,647.1163166666666,0.0,644.0834166666667,0.0,644.0834166666667,3.032899999999927,0.0,-0.0,0.0,7200.0,7200.0,308.3227315583334,7.259246149999825,0.0
2025-01-20,17,q4_warmup,0.4803,652.9966000000001,0.0,631.6821833333333,0.0,631.6821833333333,21.31441666666672,0.0,-0.0,0.0,7200.0,7200.0,303.396952655,51.18657162500012,0.0
2025-01-20,18,q4_warmup,0.4909,662.73,0.0,664.775,0.0,664.775,0.0,2.044999999999959,0.0,0.0,7200.0,7201.8405,326.3380475,0.0,0.0
2025-01-20,19,q4_warmup,0.4821,656.1070333333333,0.0,695.7839,0.0,695.7839,0.0,39.67686666666668,0.0,0.0,7201.8405,7237.54968,335.43741819,0.0,0.0
2025-01-20,20,q4_warmup,0.4728,658.4682333333334,0.0,693.5707666666667,0.0,1360.2374333333337,0.0,701.7692000000001,0.0,0.0,7237.54968,7869.14196,643.1202584800001,0.0,0.0
2025-01-20,21,q4_warmup,0.4709,663.47,0.0,660.8933333333333,0.0,1494.2266666666667,0.0,830.7566666666667,0.0,0.0,7869.14196,8616.82296,703.6313373333334,0.0,0.0
2025-01-20,22,q4_warmup,0.4672,642.2942833333333,0.0,632.5577999999999,0.0,1465.8911333333333,0.0,759.0856000000006,0.0,64.51124999999945,8616.82296,9300.0,684.8643374933333,0.0,0.0
2025-01-20,23,q4_warmup,0.4742,646.3615666666667,0.0,652.2090833333333,0.0,652.2090833333333,0.0,0.0,0.0,5.847516666666593,9300.0,9300.0,309.27754731666664,0.0,0.0
2025-01-20,24,q4_warmup,0.4996,681.2383333333333,0.0,688.81,0.0,688.81,0.0,0.0,0.0,7.5716666666666015,9300.0,9300.0,344.12947599999995,0.0,0.0
2025-01-20,25,q4_warmup,0.5332,699.7870166666667,0.0,670.3374,0.0,670.3374,29.449616666666657,0.0,-0.0,0.0,9300.0,9300.0,357.42390168000003,78.5126780333333,0.0
2025-01-20,26,q4_warmup,0.5416,708.74455,0.0,663.4198666666667,0.0,663.4198666666667,45.32468333333327,0.0,-0.0,0.0,9300.0,9300.0,359.3081997866667,122.73924246666648,0.0
2025-01-20,27,q4_warmup,0.5276,709.3433333333334,0.0,686.0949999999999,0.0,686.0949999999999,23.24833333333345,0.0,-0.0,0.0,9300.0,9300.0,361.983722,61.329103333333634,0.0
2025-01-20,28,q4_warmup,0.5222,691.8148333333334,0.0,687.2981333333333,0.0,687.2981333333333,4.516700000000014,0.0,-0.0,0.0,9300.0,9300.0,358.90708522666665,11.793103700000035,0.0
2025-01-20,29,q4_warmup,0.4996,680.4421333333333,0.0,675.9187333333333,0.0,675.9187333333333,4.523400000000038,0.0,-0.0,0.0,9300.0,9300.0,337.6889991733333,11.299453200000093,0.0
2025-01-20,30,q4_warmup,0.4782,691.0516666666667,0.0,676.3333333333334,0.0,676.3333333333334,14.718333333333362,0.0,-0.0,0.0,9300.0,9300.0,323.42260000000005,35.191535000000066,0.0
2025-01-20,31,q4_warmup,0.5046,716.6586166666666,0.0,702.3887500000001,0.0,702.3887500000001,14.26986666666653,0.0,-0.0,0.0,9300.0,9300.0,354.4253632500001,36.00287359999966,0.0
2025-01-20,32,q4_warmup,0.5068,728.5863666666668,0.0013,727.3856000000001,0.0011166666666666,727.3844833333334,1.2005833333333986,0.0,-0.0,0.0,9300.0,9300.0,368.6384561533334,3.0422781666668324,0.0
2025-01-20,33,q4_warmup,0.4447,711.3266666666667,0.0,711.5383333333333,0.0,1544.871666666667,0.0,833.3333333333333,0.0,0.2116666666667015,9300.0,10050.0,687.0044301666667,0.0,0.0
2025-01-20,34,q4_warmup,0.3998,690.44895,0.0,656.88555,0.0,1490.2188833333337,33.563399999999774,833.3333333333333,0.0,0.0,10050.0,10800.0,595.7895095566666,67.09323659999954,0.0
2025-01-20,35,q4_warmup,0.6687,774.0390166666666,0.0182,733.0547,0.0156,733.0391000000001,40.981716666666536,0.0,-0.0,0.0,10800.0,10800.0,490.18324617,137.02236967499954,0.0
2025-01-20,36,q4_warmup,1.0779,904.405,0.0,889.4,0.0,889.4,15.004999999999995,0.0,-0.0,0.0,10800.0,10800.0,958.68426,80.86944749999998,0.0
2025-01-20,37,q4_warmup,1.1214,909.1213333333334,0.0,901.9759333333332,0.0,901.9759333333332,7.145400000000109,0.0,-0.0,0.0,10800.0,10800.0,1011.4758116399998,40.06425780000061,0.0
2025-01-20,38,q4_warmup,1.0438,896.4892,0.2535333333333333,895.45745,0.21725,895.2402,0.9954666666666904,0.0,-0.0,0.0,10800.0,10800.0,934.45172076,5.195340533333457,0.0
2025-01-20,39,q4_warmup,1.0364,929.7216666666668,0.0,925.4716666666668,0.0,925.4716666666668,4.250000000000114,0.0,-0.0,0.0,10800.0,10800.0,959.1588353333334,22.023500000000592,0.0
2025-01-20,40,q4_warmup,1.0513,957.1146166666668,0.0,916.3925333333332,0.0,916.3925333333332,40.72208333333356,0.0,-0.0,0.0,10800.0,10800.0,963.4034702933332,214.0556310416678,0.0
2025-01-20,41,q4_warmup,1.0705,939.4489166666668,4.46085,901.9587166666666,3.9136666666666655,898.04505,36.943016666666885,0.0,-0.0,0.0,10800.0,10800.0,961.357226025,197.7374967083345,0.0
2025-01-20,42,q4_warmup,1.0678,907.6633333333332,25.1,900.415,23.96875,876.44625,6.11708333333322,0.0,-0.0,0.0,10800.0,10800.0,935.86930575,32.65910791666606,0.0
2025-01-20,43,q4_warmup,1.0233,928.2303166666668,61.12701666666666,892.1807333333333,62.713166666666666,829.4675666666666,37.63573333333355,0.0,-0.0,0.0,10800.0,10800.0,848.79416097,192.5632296000011,0.0
2025-01-20,44,q4_warmup,1.0085,947.8763,98.6183,883.5705666666667,107.29915,776.2714166666667,72.9865833333333,0.0,-0.0,0.0,10800.0,10800.0,782.8697237083334,368.0348464583331,0.0
2025-01-20,45,q4_warmup,0.9891,907.8966666666666,134.6875,862.0183333333333,153.2125,708.8058333333333,64.40333333333331,0.0,-0.0,0.0,10800.0,10800.0,701.07984975,318.5066849999999,0.0
2025-01-20,46,q4_warmup,0.9088,834.0919,177.02301666666665,838.1328333333332,203.96576666666667,634.1670666666665,22.901816666666832,0.0,-0.0,0.0,10800.0,10800.0,576.3310301866666,104.0658549333341,0.0
2025-01-20,47,q4_warmup,1.1152,972.00265,217.63145,1002.9044,246.14671666666663,756.7576833333334,0.0,0.0,-0.0,2.3864833333333597,10800.0,10800.0,843.9361684533334,0.0,-2.8421709430404014e-14
2025-01-20,48,q4_warmup,1.467,1226.6966666666667,257.2,1235.6033333333332,281.73125,120.53874999999982,15.62458333333359,0.0,833.3333333333334,0.0,10800.0,9874.074074074077,176.83034624999976,114.60631875000188,0.0
2025-01-20,49,q4_warmup,1.4422,1242.5369833333332,304.6535833333333,1207.69265,328.42235,45.936966666666535,58.61310000000015,0.0,833.3333333333334,0.0,9874.074074074077,8948.14814814815,66.25029332666648,422.659064100001,2.273736754432321e-13
2025-01-20,50,q4_warmup,1.3448,1193.3836333333334,351.27098333333333,1173.9216666666666,387.58026666666666,0.0,8.77931666666666,0.0,833.3333333333334,0.0,8948.14814814815,8022.222222222223,0.0,59.03212526666662,0.0
2025-01-20,51,q4_warmup,1.3635,1203.1,394.0375,1222.9683333333337,451.1375,0.0,0.0,0.0,809.0624999999999,0.0,8022.222222222223,7123.2638888888905,0.0,0.0,0.0
2025-01-20,52,q4_warmup,1.3811,1217.66505,438.76321666666666,1190.5599166666666,508.6227,0.0,0.0,0.0,778.9018333333333,0.0,7123.2638888888905,6257.817407407409,0.0,0.0,0.0
2025-01-20,53,q4_warmup,1.3717,1218.7967,485.68548333333337,1159.6565333333333,560.2037,0.0,0.0,0.0,733.1112166666667,0.0,6257.817407407409,5443.24938888889,0.0,0.0,0.0
2025-01-20,54,q4_warmup,1.3149,1208.8566666666668,537.1999999999999,1182.21,603.1875,0.0,0.0,0.0,671.6566666666669,0.0,5443.24938888889,4696.964203703705,0.0,0.0,0.0
2025-01-20,55,q4_warmup,1.2115,1197.7176333333334,593.8009333333333,1213.3816833333333,632.8914166666667,0.0,167.61189999999954,0.0,436.30480000000057,0.0,4696.964203703705,4212.181092592593,0.0,1015.3090842499972,0.0
2025-01-20,56,q4_warmup,1.2192,1187.0372666666667,635.0544,1208.6565333333333,658.8009833333333,0.0,2.127316666666502,0.0,549.8555500000002,0.0,4212.181092592593,3601.230481481481,0.0,12.968122399998997,0.0
2025-01-20,57,q4_warmup,1.2694,1184.73,665.6374999999999,1177.8316666666667,689.88125,0.0,31.142083333333176,0.0,487.9504166666669,0.0,3601.230481481481,3059.063351851852,0.0,197.65880291666568,0.0
2025-01-20,58,q4_warmup,1.1614,1197.4942,712.5952166666666,1172.4404333333334,727.9133833333334,444.52705,40.37193333333346,0.0,0.0,0.0,3059.063351851852,3059.063351851852,516.27371587,234.4398168666674,0.0
2025-01-20,59,q4_warmup,1.2081,1195.3148666666666,770.8485833333334,1196.8093,762.8245333333333,170.68951442522007,253.77676890811316,0.0,-0.0,0.0,3059.063351851852,3059.063351851852,206.2100023771084,1532.9385725894572,0.0
2025-01-20,60,q4_warmup,1.3892,1180.25,825.53125,1209.69,790.4187499999999,0.0,0.0,0.0,354.71875,0.0,3059.063351851852,2664.9314074074077,0.0,0.0,0.0
2025-01-20,61,q4_warmup,1.3618,1183.5146166666666,861.4814666666666,1168.78175,814.8189000000001,0.0,0.0,0.0,322.03315,0.0,2664.9314074074077,2307.1167962962963,0.0,0.0,0.0
2025-01-20,62,q4_warmup,1.3405,1188.648866666667,869.8732,1156.0250166666667,838.6614333333333,0.0,0.0,0.0,318.7756666666669,0.0,2307.1167962962963,1952.921611111111,0.0,0.0,0.0
2025-01-20,63,q4_warmup,1.4187,1191.2216666666666,885.05625,1186.8833333333334,873.6437500000001,0.0,0.0,0.0,306.1654166666666,0.0,1952.921611111111,1612.7378148148146,0.0,0.0,0.0
2025-01-20,64,q4_warmup,1.4146,1202.5027833333334,949.8770333333332,1198.5510166666666,929.2312666666668,0.0,0.0,0.0,252.62575000000012,0.0,1612.7378148148146,1332.0425370370367,0.0,0.0,0.0
2025-01-20,65,q4_warmup,1.1219,1200.3031666666668,979.81275,1204.87735,969.50835,235.36899999999991,0.0,0.0,0.0,14.878583333333154,1332.0425370370367,1332.0425370370367,264.0604810999999,0.0,0.0
2025-01-20,66,q4_warmup,0.7258,1184.41,970.64375,1197.265,984.9625,1045.6358333333335,0.0,686.6194622533587,0.0,145.25012107997463,1332.0425370370367,1950.0000530650595,758.9224878333334,0.0,0.0
2025-01-20,67,q4_warmup,0.6485,1177.50715,998.1872666666668,1152.5289166666666,997.9167333333334,987.9455166666668,24.707699999999704,833.3333333333333,0.0,0.0,1950.0000530650595,2700.0000530650595,640.6826675583333,80.11471724999903,0.0
2025-01-20,68,q4_warmup,0.6905,1171.89395,1011.1469666666668,1154.4774,1007.0467333333332,980.764,13.31631666666624,833.3333333333333,0.0,0.0,2700.0000530650595,3450.0000530650595,677.2175420000001,45.97458329166519,0.0
2025-01-20,69,q4_warmup,0.704,1162.5183333333332,996.83125,1191.2816666666663,1014.31875,1010.29625,0.0,833.3333333333333,0.0,11.275833333333368,3450.0000530650595,4200.00005306506,711.2485599999999,0.0,0.0
2025-01-20,70,q4_warmup,0.7292,1152.41775,1006.4735,1166.7334,1027.4644666666666,972.6022666666668,6.675316666666504,833.3333333333333,0.0,0.0,4200.00005306506,4950.00005306506,709.2215728533334,24.33820456666607,0.0
2025-01-20,71,q4_warmup,0.7162,1135.1177,1057.8823333333332,1135.05275,1038.9538166666666,929.4322666666668,0.0,833.3333333333333,0.0,18.86356666666677,4950.00005306506,5700.00005306506,665.6593893866667,0.0,1.1368683772161605e-13
2025-01-20,72,q4_warmup,0.6663,1111.985,1099.60625,1110.4383333333333,1040.7375,903.0341666666668,0.0,833.3333333333333,0.0,57.32208333333358,5700.00005306506,6450.00005306506,601.69166525,0.0,-1.1368683772161605e-13
2025-01-20,73,q4_warmup,0.6454,1093.1939166666666,1059.4625833333332,1056.87595,1031.604833333333,858.6044499999999,8.460216666666724,833.3333333333333,0.0,0.0,6450.00005306506,7200.00005306506,554.14331203,27.30111918333352,0.0
2025-01-20,74,q4_warmup,0.6714,1082.3126,1019.18965,1048.5315,1023.1429,858.7219333333335,37.73434999999972,833.3333333333333,0.0,0.0,7200.00005306506,7950.00005306506,576.5459060400001,126.67421294999907,0.0
2025-01-20,75,q4_warmup,0.684,1069.9183333333333,1017.275,1076.8916666666669,1008.50625,901.71875,0.0,833.3333333333333,0.0,15.742083333333426,7950.00005306506,8700.00005306506,616.775625,0.0,1.1368683772161605e-13
2025-01-20,76,q4_warmup,0.6375,1050.2967833333337,1016.9914166666669,1063.03155,971.07265,925.2922333333332,0.0,833.3333333333333,0.0,58.65353333333314,8700.00005306506,9450.00005306506,589.8737987499999,0.0,0.0
2025-01-20,77,q4_warmup,0.7842,1073.7709,1010.2652333333334,1085.1525666666666,939.9261,978.5598,0.0,833.3333333333333,0.0,81.72080000000017,9450.00005306506,10200.00005306506,767.38659516,0.0,1.1368683772161605e-13
2025-01-20,78,q4_warmup,1.0415,1120.635,995.8625,1134.655,920.21875,214.43625,0.0,0.0,0.0,89.66374999999994,10200.00005306506,10200.00005306506,223.335354375,0.0,0.0
2025-01-20,79,q4_warmup,1.0562,1115.0412,975.568,1119.7907333333333,891.8814166666666,227.90931666666663,0.0,0.0,0.0,88.43611666666675,10200.00005306506,10200.00005306506,240.71782026333327,0.0,0.0
2025-01-20,80,q4_warmup,1.0197,1092.081,966.7533166666668,1120.4868333333334,874.5335166666667,245.95331666666664,0.0,0.0,0.0,120.62563333333355,10200.00005306506,10200.00005306506,250.798597005,0.0,0.0
2025-01-20,81,q4_warmup,1.0348,1089.638333333333,958.75,1148.475,856.9562500000001,291.51875000000007,0.0,0.0,0.0,160.63041666666695,10200.00005306506,10200.00005306506,301.6636025000001,0.0,1.1368683772161605e-13
2025-01-20,82,q4_warmup,1.0335,1110.4878333333334,921.0309166666666,1131.4715666666666,807.1357833333333,324.3357833333333,0.0,0.0,0.0,134.87886666666657,10200.00005306506,10200.00005306506,335.201032075,0.0,1.1368683772161605e-13
2025-01-20,83,q4_warmup,1.1717,1121.5805666666668,870.7207333333334,1109.1229166666667,771.8305999999999,337.2923166666668,0.0,0.0,0.0,86.4324833333335,10200.00005306506,10200.00005306506,395.2054074383335,0.0,0.0
2025-01-20,84,q4_warmup,1.3664,1107.225,820.9562500000001,1103.395,757.5812500000001,0.0,0.0,0.0,286.26874999999984,0.0,10200.00005306506,9881.92366417617,0.0,0.0,0.0
2025-01-20,85,q4_warmup,1.3523,1079.2582,770.2869000000001,1095.23305,724.3495833333333,0.0,0.0,0.0,308.9712999999999,0.0,9881.92366417617,9538.622219731726,0.0,0.0,0.0
2025-01-20,86,q4_warmup,1.3159,1055.7111166666666,723.9499000000001,1088.7142,686.2887000000001,0.0,0.0,0.0,331.76121666666654,0.0,9538.622219731726,9169.998645657652,0.0,0.0,0.0
2025-01-20,87,q4_warmup,1.3901,1060.3233333333333,689.7125,1085.5116666666663,650.2125,0.0,0.0,0.0,370.6108333333333,0.0,9169.998645657652,8758.208830842837,0.0,0.0,0.0
2025-01-20,88,q4_warmup,1.4768,1099.3048666666666,668.8171333333333,1083.773,605.9846,0.0,0.0,0.0,430.48773333333327,0.0,8758.208830842837,8279.889127139133,0.0,0.0,0.0
2025-01-20,89,q4_warmup,1.2537,1095.8432333333333,635.0513666666667,1100.3528166666667,561.8226833333333,0.0,0.0,0.0,460.7918666666666,0.0,8279.889127139133,7767.89816417617,0.0,0.0,0.0
2025-01-20,90,q4_warmup,0.8757,1063.3483333333334,586.3312500000001,1111.39,529.7312499999999,1414.9920833333335,0.0,361.915164609053,0.0,576.0598353909472,7767.89816417617,8093.621812324318,1239.108567375,0.0,1.1368683772161605e-13
2025-01-20,91,q4_warmup,0.8418,1084.8805333333332,543.7303,1072.6289333333334,512.4389,1393.5233666666668,0.0,833.3333333333333,0.0,19.039800000000355,8093.621812324318,8843.621812324318,1173.06797006,0.0,1.1368683772161605e-13
2025-01-20,92,q4_warmup,0.9121,1083.1513,497.73575,1038.0926833333333,481.01425,1390.4117666666666,28.33711666666659,833.3333333333333,0.0,0.0,8843.621812324318,9593.621812324318,1268.1945723766669,129.231420558333,0.0
2025-01-20,93,q4_warmup,0.9261,1056.875,448.64375,1039.19,427.95625,1444.5670833333334,0.0,833.3333333333333,0.0,3.0025000000000546,9593.621812324318,10343.621812324318,1337.813575875,0.0,0.0
2025-01-20,94,q4_warmup,0.9616,1080.7998833333334,408.5393166666667,1059.0632833333334,373.12401666666665,1193.026141861869,0.0,507.08687519520254,0.0,13.678699999999935,10343.621812324318,10800.0,1147.2139380143733,0.0,0.0
2025-01-20,95,q4_warmup,0.9743,1070.3166,365.9236666666666,1078.4637833333334,327.90091666666666,750.5628666666667,0.0,0.0,1.84172677109018e-13,46.1699333333333,10800.0,10800.0,731.2734009933333,0.0,4.263256414560601e-14
2025-01-20,96,q4_warmup,0.9724,1030.4366666666667,313.34375,1076.6866666666667,288.00625,788.6804166666668,0.0,0.0,-0.0,71.58750000000009,10800.0,10800.0,766.9128371666668,0.0,0.0
2025-01-20,97,q4_warmup,1.0199,1056.1585333333337,255.5853833333333,1046.67355,241.0789,805.59465,0.0,0.0,-0.0,5.021499999999605,10800.0,10800.0,821.625983535,0.0,0.0
2025-01-20,98,q4_warmup,1.0643,1082.153366666667,205.2141,1039.0500166666668,194.86941666666667,844.1806000000001,32.75866666666764,0.0,-8.807821334257117e-13,0.0,10800.0,10800.000000000002,898.4614125800001,174.32524466667184,0.0
2025-01-20,99,q4_warmup,1.0807,1063.5016666666668,162.36875,1063.58,151.89374999999998,911.68625,0.0,0.0,1.6575540939811617e-12,10.553333333334855,10800.000000000002,10800.0,985.259330375,0.0,1.9539925233402755e-14
2025-01-20,100,q4_warmup,1.0949,1025.7288166666667,115.89486666666666,1076.0196833333332,106.29951666666666,969.7201666666664,0.0,0.0,1.84172677109018e-13,59.88621666666663,10800.0,10800.0,1061.7466104833331,0.0,1.4210854715202006e-13
2025-01-20,101,q4_warmup,1.1047,1025.4214833333333,66.77845,1040.4678,60.56548333333333,979.9023166666668,0.0,0.0,-0.0,21.259283333333528,10800.0,10800.0,1082.4980892216668,0.0,1.4210854715202004e-14
2025-01-20,102,q4_warmup,1.1188,1057.8566666666668,25.39375,996.1216666666666,23.3125,972.8091666666666,59.65375000000108,0.0,-8.31112678678636e-13,0.0,10800.0,10800.000000000002,1088.3788956666665,333.70307750000603,-2.273736754432321e-13
2025-01-20,103,q4_warmup,1.1494,1062.6916166666667,4.1436166666666665,1017.1013333333334,3.898816666666667,1013.2025166666668,45.34548333333187,0.0,1.4733814168721438e-12,0.0,10800.000000000002,10800.0,1164.574972656667,260.60049271665827,0.0
2025-01-20,104,q4_warmup,1.1513,1032.8423,0.0,1032.1796,0.0,1032.1796,0.6627000000003263,0.0,-0.0,0.0,10800.0,10800.0,1188.34837348,3.814832550001878,2.273736754432321e-13
2025-01-20,105,q4_warmup,1.1168,1024.42,0.0,1037.263333333333,0.0,1037.263333333333,0.0,-6.160384702358357e-13,0.0,12.843333333333865,10800.0,10800.0,1158.4156906666667,0.0,0.0
2025-01-20,106,q4_warmup,1.0933,1070.9409,0.2299666666666666,1072.7817,0.2179333333333333,1072.5637666666669,0.0,0.0,-0.0,1.8528333333332625,10800.0,10800.0,1172.6339660966669,0.0,1.0236256287043945e-13
2025-01-20,107,q4_warmup,1.1354,936.1628666666668,0.0,953.7088,0.0,953.7088,0.0,0.0,-0.0,17.54593333333321,10800.0,10800.0,1082.84097152,0.0,0.0
2025-01-20,108,q4_warmup,1.2152,705.7733333333334,0.0,745.13,0.0,745.13,0.0,0.0,0.0,39.35666666666657,10800.0,10800.0,905.481976,0.0,0.0
2025-01-20,109,q4_warmup,1.2531,714.52015,0.0165166666666666,720.4326833333333,0.01565,720.4170333333333,0.0,0.0,-0.0,5.913400000000002,10800.0,10800.0,902.75458447,0.0,2.220446049250313e-14
2025-01-20,110,q4_warmup,1.295,745.4868,0.0,760.35505,0.0,760.35505,0.0,0.0,-0.0,14.868249999999987,10800.0,10800.0,984.65978975,0.0,0.0
2025-01-20,111,q4_warmup,1.3213,706.4250000000001,0.0,749.335,0.0,749.335,0.0,0.0,2.273736754432321e-13,42.9100000000002,10800.0,10800.0,990.0963355,0.0,0.0
2025-01-20,112,q4_warmup,1.2823,726.7895166666667,0.0011833333333333,700.1025166666667,0.0011166666666666,700.1014,26.686933333333027,0.0,3.410605131648481e-13,0.0,10800.0,10800.0,897.74002522,171.1032730666647,0.0
2025-01-20,113,q4_warmup,1.3838,758.0099166666668,0.0,711.2790333333334,0.0,176.65796666666722,46.73088333333351,0.0,534.621066666666,0.0,10800.0,10205.976592592591,244.45929427333408,323.3309817833345,0.0
2025-01-20,114,q4_warmup,1.5695,764.1033333333334,0.0,758.3249999999999,0.0,0.0,0.0,0.0,764.1033333333334,0.0,10205.976592592591,9356.97288888889,0.0,0.0,0.0
2025-01-20,115,q4_warmup,1.5624,761.5394500000001,0.0,725.9038666666667,0.0,0.0,0.0,0.0,761.5394500000001,0.0,9356.97288888889,8510.817944444445,0.0,0.0,0.0
2025-01-20,116,q4_warmup,1.5036,737.8616999999999,0.0,704.7665000000001,0.0,0.0,0.0,0.0,737.8616999999999,0.0,8510.817944444445,7690.971611111112,0.0,0.0,0.0
2025-01-20,117,q4_warmup,1.4899,703.8766666666667,0.0,733.3266666666667,0.0,0.0,0.0,0.0,703.8766666666667,0.0,7690.971611111112,6908.886425925927,0.0,0.0,0.0
2025-01-20,118,q4_warmup,1.4792,695.5520499999999,0.0,753.2858166666666,0.0,0.0,0.0,0.0,695.5520499999999,0.0,6908.886425925927,6136.0508148148165,0.0,0.0,0.0
2025-01-20,119,q4_warmup,1.4831,723.0578,0.0,742.2715,0.0,0.0,0.0,0.0,723.0578,0.0,6136.0508148148165,5332.653259259261,0.0,0.0,0.0
2025-01-20,120,q4_warmup,1.5007,748.2633333333333,0.0,711.5416666666666,0.0,0.0,0.0,0.0,748.2633333333333,0.0,5332.653259259261,4501.249555555558,0.0,0.0,0.0
2025-01-20,121,q4_warmup,1.5048,722.8110833333334,0.0,696.4692833333334,0.0,0.0,0.0,0.0,722.8110833333334,0.0,4501.249555555558,3698.126129629632,0.0,0.0,0.0
2025-01-20,122,q4_warmup,1.4804,719.3642833333333,0.0,731.8172666666666,0.0,0.0,18.722133333331044,0.0,700.6421500000023,0.0,3698.126129629632,2919.634851851852,0.0,138.58123093331636,0.0
2025-01-20,123,q4_warmup,1.4885,747.89,0.0,781.21,0.0,0.0,0.0,0.0,747.89,0.0,2919.634851851852,2088.6459629629626,0.0,0.0,0.0
2025-01-20,124,q4_warmup,1.5591,746.0286833333333,0.0,766.4613666666668,0.0,0.0,0.0,0.0,746.0286833333333,0.0,2088.6459629629626,1259.7252037037033,0.0,0.0,0.0
2025-01-20,125,q4_warmup,1.3362,734.74755,0.0,724.6809333333334,0.0,724.6809333333334,0.0,0.0,10.066616666666755,0.0,1259.7252037037033,1248.5400740740736,968.31866312,0.0,1.1368683772161605e-13
2025-01-20,126,q4_warmup,0.9556,734.19,0.0,714.0766666666667,0.0,714.0766666666667,0.0,0.0,20.11333333333307,0.0,1248.5400740740736,1226.1919259259255,682.3716626666667,0.0,-2.273736754432321e-13
2025-01-20,127,q4_warmup,0.9349,739.0307833333333,0.0,754.86445,0.0,754.86445,0.0,0.0,0.0,15.83366666666684,1226.1919259259255,1226.1919259259255,705.722774305,0.0,-6.750155989720953e-14
2025-01-20,128,q4_warmup,0.9768,734.4167833333332,0.0,755.121,0.0,755.121,0.0,0.0,0.0,20.704216666666756,1226.1919259259255,1226.1919259259255,737.6021928,0.0,0.0
2025-01-20,129,q4_warmup,0.9545,740.19,0.0,727.35,0.0,727.35,0.0,0.0,12.84000000000019,0.0,1226.1919259259255,1211.9252592592588,694.255575,0.0,1.1368683772161605e-13
2025-01-20,130,q4_warmup,1.0007,772.3453166666667,0.0,756.1848666666666,0.0,756.1848666666666,5.427716666667129,0.0,10.732733333332954,0.0,1211.9252592592588,1200.0,756.7141960733333,27.15758034166898,0.0
2025-01-20,131,q4_warmup,0.7867,693.95745,0.0,695.1605500000001,0.0,695.1605500000001,0.0,-0.0,0.0,1.2031000000000631,1200.0,1200.0,546.882804685,0.0,0.0
2025-01-20,132,q4_warmup,0.426,551.9616666666667,0.0,562.8066666666667,0.0,562.8066666666667,0.0,0.0,0.0,10.845000000000027,1200.0,1200.0,239.75564000000003,0.0,0.0
2025-01-20,133,q4_warmup,0.4008,542.7839833333334,0.0,542.3526833333334,0.0,542.3526833333334,0.4312999999999647,0.0,-0.0,0.0,1200.0,1200.0,217.37495548,0.8643251999999293,0.0
2025-01-20,134,q4_warmup,0.4369,574.9994833333334,0.0,580.6007833333333,0.0,580.6007833333333,0.0,-0.0,0.0,5.601299999999924,1200.0,1200.0,253.6644822383333,0.0,0.0
2025-01-20,135,q4_warmup,0.3857,577.5783333333333,0.0,600.7416666666667,0.0,600.7416666666667,0.0,0.0,0.0,23.16333333333341,1200.0,1200.0,231.7060608333333,0.0,0.0
2025-01-20,136,q4_warmup,0.383,569.1000166666666,0.0,582.9563333333333,0.0,582.9563333333333,0.0,-0.0,0.0,13.856316666666658,1200.0,1200.0,223.27227566666667,0.0,0.0
2025-01-20,137,q4_warmup,0.4209,548.6373833333333,0.0,580.7904333333333,0.0,580.7904333333333,0.0,-0.0,0.0,32.15305000000001,1200.0,1200.0,244.45469339,0.0,0.0
2025-01-20,138,q4_warmup,0.4465,538.1783333333334,0.0,602.9350000000001,0.0,602.9350000000001,0.0,-0.0,0.0,64.75666666666666,1200.0,1200.0,269.2104775,0.0,0.0
2025-01-20,139,q4_warmup,0.4264,567.4134833333334,0.0,606.3471333333333,0.0,606.3471333333333,0.0,-0.0,0.0,38.93364999999994,1200.0,1200.0,258.5464176533333,0.0,0.0
2025-01-20,140,q4_warmup,0.4195,584.2978166666667,0.0,592.0573833333334,0.0,592.0573833333334,0.0,-0.0,0.0,7.759566666666728,1200.0,1200.0,248.36807230833332,0.0,0.0
2025-01-20,141,q4_warmup,0.4422,579.4533333333333,0.0,570.415,0.0,570.415,9.038333333333298,0.0,-0.0,0.0,1200.0,1200.0,252.237513,19.98375499999992,0.0
2025-01-20,142,q4_warmup,0.4529,593.5180833333333,0.0,554.35235,0.0,554.35235,39.165733333333264,0.0,-0.0,0.0,1200.0,1200.0,251.06617931500003,88.69080313333318,0.0
2025-01-20,143,q4_warmup,0.4428,613.7404333333333,0.0,574.2431666666666,0.0,574.2431666666666,39.49726666666663,0.0,-0.0,0.0,1200.0,1200.0,254.2748742,87.44694839999993,0.0
2025-01-20,144,q4_warmup,0.422,618.2516666666667,0.0,609.115,0.0,609.115,9.136666666666656,0.0,-0.0,0.0,1200.0,1200.0,257.04653,19.27836666666664,0.0
2025-01-21,1,q4_warmup,0.4109,602.3762666666667,0.0,606.2207999999999,0.0,1439.5541333333333,0.0,833.3333333333334,0.0,3.844533333333288,1200.0,1950.0,591.5127933866667,0.0,0.0
2025-01-21,2,q4_warmup,0.4304,607.7250666666666,0.0,606.2697166666667,0.0,1439.6030500000002,1.455349999997793,833.3333333333313,0.0,0.0,1950.0,2699.999999999998,619.6051527200001,3.131913199995251,1.1368683772161605e-13
2025-01-21,3,q4_warmup,0.4477,624.24,0.0,619.885,0.0,1453.2183333333332,4.355000000000018,833.3333333333333,0.0,0.0,2699.999999999998,3449.999999999998,650.6058478333333,9.74866750000004,0.0
2025-01-21,4,q4_warmup,0.4073,604.1699333333333,0.0,618.2137833333334,0.0,1451.5471166666666,0.0,833.3333333333333,0.0,14.04385000000002,3449.999999999998,4199.999999999998,591.2151406183333,0.0,0.0
2025-01-21,5,q4_warmup,0.3764,598.60095,0.0,629.0592166666667,0.0,1462.39255,0.0,833.3333333333333,0.0,30.45826666666676,4199.999999999998,4949.999999999998,550.44455582,0.0,0.0
2025-01-21,6,q4_warmup,0.4017,612.6683333333334,0.0,656.5516666666666,0.0,1489.885,0.0,833.3333333333333,0.0,43.883333333333326,4949.999999999998,5699.999999999998,598.4868045,0.0,0.0
2025-01-21,7,q4_warmup,0.4631,605.3798,0.0,668.98675,0.0,668.98675,0.0,63.60694999999998,0.0,0.0,5699.999999999998,5757.246254999998,309.807763925,0.0,0.0
2025-01-21,8,q4_warmup,0.4824,632.3933000000001,0.0,646.8283333333333,0.0,646.8283333333333,0.0,14.435033333333196,0.0,0.0,5757.246254999998,5770.237784999998,312.02998799999995,0.0,0.0
2025-01-21,9,q4_warmup,0.4628,677.4516666666667,0.0,614.585,0.0,1281.2516666666668,0.0,603.8000000000001,0.0,0.0,5770.237784999998,6313.657784999999,592.9632713333334,0.0,0.0
2025-01-21,10,q4_warmup,0.4714,660.3152,0.0,620.72175,0.0,620.72175,27.301443499999664,0.0,12.292006500000298,0.0,6313.657784999999,6299.999999999998,292.60823295,64.3495023294992,0.0
2025-01-21,11,q4_warmup,0.456,630.4236,0.0,647.7761666666667,0.0,1481.1095,0.0,833.3333333333333,0.0,17.352566666666803,6299.999999999998,7049.999999999998,675.385932,0.0,0.0
2025-01-21,12,q4_warmup,0.4341,628.8883333333333,0.0,674.2816666666666,0.0,1507.615,0.0,833.3333333333333,0.0,45.39333333333343,7049.999999999998,7799.999999999998,654.4556715,0.0,0.0
2025-01-21,13,q4_warmup,0.4783,649.2637666666667,0.0,690.5031333333333,0.0,690.5031333333333,0.0,41.23936666666657,0.0,0.0,7799.999999999998,7837.115429999998,330.2676486733333,0.0,0.0
2025-01-21,14,q4_warmup,0.4854,663.2285666666667,0.0,682.9346833333334,0.0,682.9346833333334,0.0,19.70611666666673,0.0,0.0,7837.115429999998,7854.850934999998,331.49649529000004,0.0,0.0
2025-01-21,15,q4_warmup,0.4463,662.5366666666666,0.0,659.6866666666666,0.0,1493.02,0.0,830.4833333333333,0.0,0.0,7854.850934999998,8602.285934999998,666.3348259999999,0.0,0.0
2025-01-21,16,q4_warmup,0.4572,659.7484499999999,0.0,647.1163166666666,0.0,1480.44965,0.0,775.2378500000001,0.0,45.46334999999999,8602.285934999998,9299.999999999998,676.86157998,0.0,0.0
2025-01-21,17,q4_warmup,0.4823,650.8556666666667,0.0,652.9966000000001,0.0,652.9966000000001,0.0,0.0,0.0,2.1409333333333507,9299.999999999998,9299.999999999998,314.94026018000005,0.0,0.0
2025-01-21,18,q4_warmup,0.4959,639.8283333333333,0.0,662.73,0.0,662.73,0.0,0.0,0.0,22.90166666666676,9299.999999999998,9299.999999999998,328.647807,0.0,0.0
2025-01-21,19,q4_warmup,0.5081,643.4924666666667,0.0,656.1070333333333,0.0,656.1070333333333,0.0,0.0,0.0,12.614566666666631,9299.999999999998,9299.999999999998,333.3679836366667,0.0,0.0
2025-01-21,20,q4_warmup,0.4963,678.1066833333333,0.0,658.4682333333334,0.0,658.4682333333334,19.63844999999992,0.0,-0.0,0.0,9299.999999999998,9299.999999999998,326.7977842033334,48.73281367499981,0.0
2025-01-21,21,q4_warmup,0.4769,704.8883333333333,0.0,663.47,0.0,663.47,41.418333333333294,0.0,-0.0,0.0,9299.999999999998,9299.999999999998,316.408843,98.76201583333324,0.0
2025-01-21,22,q4_warmup,0.4936,670.2434999999999,0.0,642.2942833333333,0.0,642.2942833333333,27.949216666666644,0.0,-0.0,0.0,9299.999999999998,9299.999999999998,317.0364582533333,68.97866673333327,0.0
2025-01-21,23,q4_warmup,0.5093,674.5888,0.0,646.3615666666667,0.0,646.3615666666667,28.227233333333288,0.0,-0.0,0.0,9299.999999999998,9299.999999999998,329.19194590333336,71.88064968333322,0.0
2025-01-21,24,q4_warmup,0.5109,725.5616666666666,0.0,681.2383333333333,0.0,681.2383333333333,44.32333333333327,0.0,-0.0,0.0,9299.999999999998,9299.999999999998,348.0446645,113.22395499999983,0.0
2025-01-21,25,q4_warmup,0.5177,730.5302166666667,0.0,699.7870166666667,0.0,699.7870166666667,30.7432,0.0,-0.0,0.0,9299.999999999998,9299.999999999998,362.2797385283334,79.57877320000001,0.0
2025-01-21,26,q4_warmup,0.5029,720.8597666666666,0.0,708.74455,0.0,708.74455,12.115216666666583,0.0,-0.0,0.0,9299.999999999998,9299.999999999998,356.427634195,30.463712308333125,0.0
2025-01-21,27,q4_warmup,0.4659,704.41,0.0,709.3433333333334,0.0,709.3433333333334,0.0,4.933333333333394,0.0,0.0,9299.999999999998,9304.44,330.483059,0.0,0.0
2025-01-21,28,q4_warmup,0.446,658.8190333333333,0.0,691.8148333333334,0.0,1525.1481666666668,0.0,828.3999999999994,0.0,37.92913333333411,9304.44,10049.999999999998,680.2160823333335,0.0,0.0
2025-01-21,29,q4_warmup,0.4855,660.0759333333333,0.0,680.4421333333333,0.0,680.4421333333333,0.0,0.0,0.0,20.36620000000005,10049.999999999998,10049.999999999998,330.35465573333335,0.0,0.0
2025-01-21,30,q4_warmup,0.54,705.18,0.0,691.0516666666667,0.0,691.0516666666667,14.128333333333217,0.0,-0.0,0.0,10049.999999999998,10049.999999999998,373.1679000000001,38.14649999999969,0.0
2025-01-21,31,q4_warmup,0.5231,716.4424166666666,0.0,716.6586166666666,0.0,716.6586166666666,0.0,0.0,0.0,0.2161999999999579,10049.999999999998,10049.999999999998,374.8841223783333,0.0,0.0
2025-01-21,32,q4_warmup,0.5207,730.7619166666667,0.0012833333333333,728.5863666666668,0.0013,728.5850666666668,2.175566666666612,0.0,-0.0,0.0,10049.999999999998,10049.999999999998,379.37424421333344,5.664087816666524,-1.1368683772161605e-13
2025-01-21,33,q4_warmup,0.5164,736.8083333333334,0.0,711.3266666666667,0.0,711.3266666666667,25.481666666666683,0.0,-0.0,0.0,10049.999999999998,10049.999999999998,367.3290906666667,65.79366333333337,0.0
2025-01-21,34,q4_warmup,0.4565,700.0888666666666,0.0,690.44895,0.0,1523.7822833333337,9.639916666666409,833.3333333333333,0.0,0.0,10049.999999999998,10799.999999999998,695.6066123416667,22.00310979166608,1.1368683772161605e-13
2025-01-21,35,q4_warmup,0.6965,792.66345,0.0178666666666666,774.0390166666666,0.0182,774.0208166666666,18.624766666666712,0.0,-0.0,0.0,10799.999999999998,10799.999999999998,539.1054988083333,64.86074991666682,0.0
2025-01-21,36,q4_warmup,1.0798,946.075,0.0,904.405,0.0,904.405,41.66999999999996,0.0,-0.0,0.0,10799.999999999998,10799.999999999998,976.5765190000002,224.97632999999985,0.0
2025-01-21,37,q4_warmup,1.062,909.1154333333334,0.0,909.1213333333334,0.0,909.1213333333334,0.0,0.0,-1.6370904631912709e-12,0.0058999999983598,10799.999999999998,10800.0,965.486856,0.0,4.5474908560994016e-14
2025-01-21,38,q4_warmup,0.9954,862.9599333333334,0.2488,896.4892,0.2535333333333333,896.2356666666667,0.0,0.0,-0.0,33.52453333333328,10800.0,10800.0,892.1129826,0.0,-4.263256414560601e-14
2025-01-21,39,q4_warmup,1.0497,903.015,0.0,929.7216666666668,0.0,929.7216666666668,0.0,0.0,-0.0,26.706666666666703,10800.0,10800.0,975.9288335,0.0,0.0
2025-01-21,40,q4_warmup,1.0456,942.1395,0.0,957.1146166666668,0.0,957.1146166666668,0.0,0.0,-0.0,14.975116666666736,10800.0,10800.0,1000.7590431866668,0.0,0.0
2025-01-21,41,q4_warmup,1.0593,951.5553333333334,4.446833333333333,939.4489166666668,4.46085,934.9880666666668,12.120433333331713,0.0,1.6370904631912709e-12,0.0,10800.0,10799.999999999998,990.43285902,64.19587514999141,-1.1368683772161605e-13
2025-01-21,42,q4_warmup,1.0838,924.1466666666666,26.5,907.6633333333332,25.1,882.5633333333333,15.083333333333371,0.0,-0.0,0.0,10799.999999999998,10799.999999999998,956.5221406666668,81.73658333333354,0.0
2025-01-21,43,q4_warmup,1.0199,875.2837333333333,67.76038333333334,928.2303166666668,61.12701666666666,867.1033,0.0,0.0,-1.6370904631912709e-12,59.57994999999838,10799.999999999998,10800.0,884.35865567,0.0,8.526512829121202e-14
2025-01-21,44,q4_warmup,0.9951,884.9663166666666,113.4777,947.8763,98.6183,849.258,0.0,0.0,-0.0,77.76938333333348,10800.0,10800.0,845.0966358000001,0.0,2.8421709430404014e-14
2025-01-21,45,q4_warmup,0.9886,919.82,158.1625,907.8966666666666,134.6875,773.2091666666666,0.0,0.0,-0.0,11.551666666666591,10800.0,10800.0,764.3945821666666,0.0,2.8421709430404014e-14
2025-01-21,46,q4_warmup,0.8949,893.4370833333334,207.6299,834.0919,177.02301666666665,657.0688833333334,28.73829999999837,0.0,1.6370904631912709e-12,0.0,10800.0,10799.999999999998,588.010943695,128.5895233499927,0.0
2025-01-21,47,q4_warmup,1.0733,1010.4537666666666,258.4823333333333,972.00265,217.63145,754.3712,0.0,0.0,-1.6370904631912709e-12,2.3997666666650845,10799.999999999998,10800.0,809.66660896,0.0,1.021405182655144e-13
2025-01-21,48,q4_warmup,1.4148,1214.495,310.99375000000003,1226.6966666666667,257.2,136.1633333333333,0.0,0.0,767.3379166666664,0.0,10800.0,9947.402314814815,192.643884,0.0,-2.273736754432321e-13
2025-01-21,49,q4_warmup,1.4138,1222.68405,368.9858166666667,1242.5369833333332,304.6535833333333,104.55006666666657,0.0,0.0,749.1481666666668,0.0,9947.402314814815,9115.015462962963,147.81288425333318,0.0,0.0
2025-01-21,50,q4_warmup,1.3109,1180.1796333333334,426.5235333333333,1193.3836333333334,351.27098333333333,8.77931666666666,0.0,0.0,744.8767833333334,0.0,9115.015462962963,8287.374592592592,11.508806218333325,0.0,0.0
2025-01-21,51,q4_warmup,1.3045,1189.5316666666663,487.7375,1203.1,394.0375,0.0,0.0,0.0,701.7941666666663,0.0,8287.374592592592,7507.603296296296,0.0,0.0,0.0
2025-01-21,52,q4_warmup,1.3405,1205.2338,558.7849666666667,1217.66505,438.76321666666666,0.0,0.0,0.0,646.4488333333333,0.0,7507.603296296296,6789.326814814815,0.0,0.0,0.0
2025-01-21,53,q4_warmup,1.3016,1204.075833333333,605.8012166666666,1218.7967,485.68548333333337,0.0,0.0,0.0,598.2746166666665,0.0,6789.326814814815,6124.57724074074,0.0,0.0,0.0
2025-01-21,54,q4_warmup,1.2117,1200.0666666666666,633.9187499999999,1208.8566666666668,537.1999999999999,0.0,0.0,0.0,566.1479166666667,0.0,6124.57724074074,5495.523999999999,0.0,0.0,0.0
2025-01-21,55,q4_warmup,1.2037,1216.569616666667,680.1670333333333,1197.7176333333334,593.8009333333333,0.0,0.0,0.0,536.4025833333336,0.0,5495.523999999999,4899.521129629628,0.0,0.0,0.0
2025-01-21,56,q4_warmup,1.2259,1198.1406,714.5665166666666,1187.0372666666667,635.0544,0.0,0.0,0.0,483.5740833333333,0.0,4899.521129629628,4362.216592592591,0.0,0.0,0.0
2025-01-21,57,q4_warmup,1.2027,1151.5916666666667,734.56875,1184.73,665.6374999999999,506.5094268246215,0.0,0.0,0.0,89.48651015795474,4362.216592592591,4362.216592592591,609.1788876419723,0.0,1.1368683772161605e-13
2025-01-21,58,q4_warmup,1.1361,1149.3555333333334,773.4791833333334,1197.4942,712.5952166666666,484.89898333333326,0.0,0.0,0.0,109.02263333333326,4362.216592592591,4362.216592592591,550.893734965,0.0,0.0
2025-01-21,59,q4_warmup,1.232,1195.4661166666667,829.0085666666668,1195.3148666666666,770.8485833333334,0.0,0.0,0.0,366.45755,0.0,4362.216592592591,3955.041537037036,0.0,0.0,0.0
2025-01-21,60,q4_warmup,1.4074,1236.535,886.8125,1180.25,825.53125,0.0,0.0,0.0,349.7225000000001,0.0,3955.041537037036,3566.46098148148,0.0,0.0,0.0
2025-01-21,61,q4_warmup,1.3613,1211.338616666667,934.09325,1183.5146166666666,861.4814666666666,0.0,0.0,0.0,277.2453666666669,0.0,3566.46098148148,3258.4105740740724,0.0,0.0,0.0
2025-01-21,62,q4_warmup,1.2737,1181.94555,974.1188333333332,1188.648866666667,869.8732,0.0,0.0,0.0,207.8267166666667,0.0,3258.4105740740724,3027.4919999999984,0.0,0.0,0.0
2025-01-21,63,q4_warmup,1.2958,1172.4983333333332,996.45,1191.2216666666666,885.05625,0.0,0.0,0.0,176.04833333333318,0.0,3027.4919999999984,2831.88274074074,0.0,0.0,0.0
2025-01-21,64,q4_warmup,1.3485,1154.1555833333334,990.6205666666666,1202.5027833333334,949.8770333333332,0.0,0.0,0.0,163.53501666666682,0.0,2831.88274074074,2650.177166666665,0.0,0.0,0.0
2025-01-21,65,q4_warmup,1.0712,1160.093116666667,1014.2281,1200.3031666666668,979.81275,220.4904166666668,0.0,0.0,0.0,74.6253999999999,2650.177166666665,2650.177166666665,236.18933433333345,0.0,0.0
2025-01-21,66,q4_warmup,0.6451,1176.6033333333332,1077.45625,1184.41,970.64375,1047.0995833333334,0.0,0.0,0.0,947.9525,2650.177166666665,2650.177166666665,675.4839412083334,0.0,0.0
2025-01-21,67,q4_warmup,0.6284,1152.5735666666667,1134.5871166666668,1177.50715,998.1872666666668,1012.6532166666668,0.0,55.35886027731117,0.0,939.3079063893558,2650.177166666665,2700.000140916245,636.3512813533334,0.0,0.0
2025-01-21,68,q4_warmup,0.6639,1137.1097666666667,1174.6662,1171.89395,1011.1469666666668,994.0803166666666,0.0,833.3333333333333,0.0,198.3034166666664,2700.000140916245,3450.000140916245,659.969922235,0.0,2.273736754432321e-13
2025-01-21,69,q4_warmup,0.5875,1142.4216666666666,1193.1875,1162.5183333333332,996.83125,999.0204166666664,0.0,833.3333333333333,0.0,216.45291666666665,3450.000140916245,4200.000140916245,586.9244947916666,0.0,-2.273736754432321e-13
2025-01-21,70,q4_warmup,0.5933,1127.282866666667,1187.34995,1152.41775,1006.4735,979.2775833333334,0.0,833.3333333333333,0.0,206.01133333333317,4200.000140916245,4950.000140916245,581.0053901916667,0.0,0.0
2025-01-21,71,q4_warmup,0.5989,1088.1384833333334,1172.6857333333337,1135.1177,1057.8823333333332,910.5687,0.0,833.3333333333333,0.0,161.7826166666672,4950.000140916245,5700.000140916245,545.33959443,0.0,1.1368683772161605e-13
2025-01-21,72,q4_warmup,0.5635,1050.5883333333334,1162.59375,1111.985,1099.60625,845.7120833333332,0.0,833.3333333333333,0.0,124.3841666666666,5700.000140916245,6450.000140916245,476.55875895833327,0.0,1.1368683772161605e-13
2025-01-21,73,q4_warmup,0.5529,1046.4406333333334,1162.7233166666667,1093.1939166666666,1059.4625833333332,867.0646666666668,0.0,833.3333333333333,0.0,150.01401666666686,6450.000140916245,7200.000140916245,479.4000542,0.0,1.1368683772161605e-13
2025-01-21,74,q4_warmup,0.5915,1056.8272833333333,1173.80925,1082.3126,1019.18965,896.4562833333334,0.0,833.3333333333333,0.0,180.1049166666669,7200.000140916245,7950.000140916245,530.2538915916667,0.0,-2.273736754432321e-13
2025-01-21,75,q4_warmup,0.6036,1065.5566666666666,1174.68125,1069.9183333333333,1017.275,885.9766666666667,0.0,833.3333333333333,0.0,161.7679166666669,7950.000140916245,8700.000140916245,534.775516,0.0,2.273736754432321e-13
2025-01-21,76,q4_warmup,0.5255,1072.8366166666667,1140.161916666667,1050.2967833333337,1016.9914166666669,866.6387000000001,0.0,833.3333333333333,0.0,100.63066666666704,8700.000140916245,9450.000140916243,455.41863685,0.0,-1.1368683772161605e-13
2025-01-21,77,q4_warmup,0.6778,1082.0754,1109.9187333333332,1073.7709,1010.2652333333334,896.8389999999999,0.0,833.3333333333333,0.0,91.34899999999992,9450.000140916243,10200.000140916243,607.8774741999999,0.0,0.0
2025-01-21,78,q4_warmup,0.9903,1093.26,1091.61875,1120.635,995.8625,124.77249999999992,0.0,0.0,0.0,123.13125000000002,10200.000140916243,10200.000140916243,123.56220674999992,0.0,1.1368683772161605e-13
2025-01-21,79,q4_warmup,1.0517,1102.4355,1054.1222666666663,1115.0412,975.568,139.4731999999998,0.0,0.0,0.0,91.15996666666604,10200.000140916243,10200.000140916243,146.68396443999978,0.0,1.1368683772161605e-13
2025-01-21,80,q4_warmup,1.0306,1105.6931,1005.2541833333332,1092.081,966.7533166666668,125.3276833333332,0.0,0.0,0.0,24.88876666666647,10200.000140916243,10200.000140916243,129.1627104433332,0.0,0.0
2025-01-21,81,q4_warmup,1.0383,1090.355,972.9625,1089.638333333333,958.75,130.88833333333332,0.0,0.0,0.0,13.49583333333328,10200.000140916243,10200.000140916243,135.9013565,0.0,1.1368683772161605e-13
2025-01-21,82,q4_warmup,1.0215,1053.0855666666666,976.3797666666666,1110.4878333333334,921.0309166666666,189.4569166666668,0.0,0.0,0.0,112.75111666666668,10200.000140916243,10200.000140916243,193.5302403750001,0.0,1.1368683772161605e-13
2025-01-21,83,q4_warmup,1.0902,1059.2457333333334,962.49465,1121.5805666666668,870.7207333333334,250.8598333333333,0.0,0.0,0.0,154.10874999999987,10200.000140916243,10200.000140916243,273.4873903,0.0,0.0
2025-01-21,84,q4_warmup,1.2326,1101.1016666666667,917.4125,1107.225,820.9562500000001,0.0,0.0,0.0,183.6891666666667,0.0,10200.000140916243,9995.90106684217,0.0,0.0,0.0
2025-01-21,85,q4_warmup,1.3082,1106.1867333333332,870.8613166666668,1079.2582,770.2869000000001,0.0,0.0,0.0,235.32541666666648,0.0,9995.90106684217,9734.428381656986,0.0,0.0,0.0
2025-01-21,86,q4_warmup,1.324,1102.6892,800.4657666666667,1055.7111166666666,723.9499000000001,0.0,0.0,0.0,302.22343333333333,0.0,9734.428381656986,9398.62456684217,0.0,0.0,0.0
2025-01-21,87,q4_warmup,1.3599,1102.236666666667,725.9250000000001,1060.3233333333333,689.7125,0.0,0.0,0.0,376.3116666666669,0.0,9398.62456684217,8980.500492768097,0.0,0.0,0.0
2025-01-21,88,q4_warmup,1.4431,1084.1248666666668,698.4458500000001,1099.3048666666666,668.8171333333333,0.0,0.0,0.0,385.6790166666667,0.0,8980.500492768097,8551.968252027356,0.0,0.0,0.0
2025-01-21,89,q4_warmup,1.2715,1068.3042666666668,674.1968666666667,1095.8432333333333,635.0513666666667,0.0,0.0,0.0,394.1074000000001,0.0,8551.968252027356,8114.071140916245,0.0,0.0,0.0
2025-01-21,90,q4_warmup,0.9314,1065.18,627.0500000000001,1063.3483333333334,586.3312500000001,1310.350416666667,0.0,448.69679012345534,0.0,423.5236265432113,8114.071140916245,8517.898252027355,1220.4603780833334,0.0,1.1368683772161605e-13
2025-01-21,91,q4_warmup,0.8471,1068.2598666666663,569.6959499999999,1084.8805333333332,543.7303,1374.4835666666663,0.0,833.3333333333333,0.0,42.5863166666669,8517.898252027355,9267.898252027357,1164.3250293233332,0.0,1.1368683772161605e-13
2025-01-21,92,q4_warmup,0.9147,1083.23185,502.22496666666666,1083.1513,497.73575,1418.7488833333332,0.0,833.3333333333333,0.0,4.408666666666704,9267.898252027357,10017.898252027357,1297.7296035849995,0.0,0.0
2025-01-21,93,q4_warmup,0.9723,1097.5683333333334,430.80625,1056.875,448.64375,608.23125,58.53083333333336,0.0,0.0,0.0,10017.898252027357,10017.898252027357,591.3832443750001,284.5476462500002,0.0
2025-01-21,94,q4_warmup,0.9678,1085.3857833333334,369.2254666666667,1080.7998833333334,408.5393166666667,707.9291755251603,43.89975000000102,35.66860885849464,0.0,0.0,10017.898252027357,10050.0,685.1338560732502,212.43089025000492,9.947598300641405e-14
2025-01-21,95,q4_warmup,0.9668,1053.6657166666666,322.54995,1070.3166,365.9236666666666,1537.7262666666666,26.72283333333337,833.3333333333334,0.0,0.0,10050.0,10800.0,1486.6737546133331,129.1781763333335,-1.1368683772161605e-13
2025-01-21,96,q4_warmup,0.9865,1026.015,284.0375,1030.4366666666667,313.34375,717.0929166666667,24.884583333333357,0.0,-0.0,0.0,10800.0,10800.0,707.4121622916667,122.74320729166676,0.0
2025-01-21,97,q4_warmup,0.9946,1026.82835,241.1392833333333,1056.1585333333337,255.5853833333333,800.5731500000002,0.0,0.0,-0.0,14.88408333333348,10800.0,10800.0,796.2500549900002,0.0,1.1368683772161605e-13
2025-01-21,98,q4_warmup,1.0628,1050.2959,196.0572833333333,1082.153366666667,205.2141,876.9392666666666,0.0,0.0,-0.0,22.70064999999985,10800.0,10800.0,932.0110526133332,0.0,-8.526512829121202e-14
2025-01-21,99,q4_warmup,1.1491,1067.8466666666666,152.13125,1063.5016666666668,162.36875,901.1329166666668,14.582499999999785,0.0,-0.0,0.0,10800.0,10800.0,1035.4918345416668,83.78375374999875,0.0
2025-01-21,100,q4_warmup,1.1274,1051.1191833333337,109.42035,1025.7288166666667,115.89486666666666,909.83395,31.864883333333623,0.0,-0.0,0.0,10800.0,10800.0,1025.74679523,179.6223473500016,0.0
2025-01-21,101,q4_warmup,1.0917,1031.7794833333337,65.84911666666666,1025.4214833333333,66.77845,958.6430333333332,7.287333333333763,0.0,-0.0,0.0,10800.0,10800.0,1046.5505994899995,39.77790900000234,0.0
2025-01-21,102,q4_warmup,1.0969,1027.2983333333334,27.25,1057.8566666666668,25.39375,1032.4629166666668,0.0,0.0,-0.0,32.41458333333344,10800.0,10800.0,1132.5085732916668,0.0,0.0
2025-01-21,103,q4_warmup,1.1073,1027.0610666666666,4.9521500000000005,1062.6916166666667,4.1436166666666665,1058.548,0.0,0.0,-0.0,36.43908333333336,10800.0,10800.0,1172.1302004,0.0,7.105427357601003e-14
2025-01-21,104,q4_warmup,1.1045,1026.2390833333334,0.0,1032.8423,0.0,1032.8423,0.0,0.0,-0.0,6.60321666666664,10800.0,10800.0,1140.7743203500002,0.0,0.0
2025-01-21,105,q4_warmup,1.0833,1036.6683333333333,0.0,1024.42,0.0,1024.42,12.24833333333322,0.0,-0.0,0.0,10800.0,10800.0,1109.754186,66.34309749999939,0.0
2025-01-21,106,q4_warmup,1.0665,1051.7018333333333,0.2830833333333333,1070.9409,0.2299666666666666,1070.7109333333333,0.0,0.0,-0.0,19.292183333333323,10800.0,10800.0,1141.9132104,0.0,-8.171241461241152e-14
2025-01-21,107,q4_warmup,1.1504,940.8711833333332,0.0,936.1628666666668,0.0,936.1628666666668,4.708316666666519,0.0,-0.0,0.0,10800.0,10800.0,1076.9617618133334,27.082237466665823,0.0
2025-01-21,108,q4_warmup,1.2893,763.0633333333334,0.0,705.7733333333334,0.0,705.7733333333334,57.28999999999997,0.0,-0.0,0.0,10800.0,10800.0,909.9535586666668,369.31998499999975,0.0
2025-01-21,109,q4_warmup,1.3256,720.1234833333333,0.0203166666666666,714.52015,0.0165166666666666,714.5036333333333,5.599533333333375,0.0,-0.0,0.0,10800.0,10800.0,947.1460163466664,37.11370693333361,0.0
2025-01-21,110,q4_warmup,1.2969,709.9260333333333,0.0,745.4868,0.0,745.4868,0.0,0.0,-0.0,35.56076666666672,10800.0,10800.0,966.82183092,0.0,0.0
2025-01-21,111,q4_warmup,1.2626,690.565,0.0,706.4250000000001,0.0,706.4250000000001,0.0,0.0,-0.0,15.860000000000014,10800.0,10800.0,891.9322050000001,0.0,0.0
2025-01-21,112,q4_warmup,1.2591,722.3166500000001,0.0014666666666666,726.7895166666667,0.0011833333333333,726.7883333333334,0.0,0.0,-0.0,4.473149999999984,10800.0,10800.0,915.0991905000002,0.0,4.8849813083506894e-14
2025-01-21,113,q4_warmup,1.3401,724.61985,0.0,758.0099166666668,0.0,758.0099166666668,0.0,-0.0,0.0,33.39006666666671,10800.0,10800.0,1015.8090893250002,0.0,0.0
2025-01-21,114,q4_warmup,1.4639,693.3533333333334,0.0,764.1033333333334,0.0,0.0,0.0,0.0,693.3533333333334,0.0,10800.0,10029.607407407408,0.0,0.0,0.0
2025-01-21,115,q4_warmup,1.5223,707.1670833333333,0.0,761.5394500000001,0.0,0.0,0.0,0.0,707.1670833333333,0.0,10029.607407407408,9243.866203703705,0.0,0.0,0.0
2025-01-21,116,q4_warmup,1.5417,725.1707166666666,0.0,737.8616999999999,0.0,0.0,0.0,0.0,725.1707166666666,0.0,9243.866203703705,8438.120962962965,0.0,0.0,0.0
2025-01-21,117,q4_warmup,1.5273,722.3216666666667,0.0,703.8766666666667,0.0,0.0,0.0,0.0,722.3216666666667,0.0,8438.120962962965,7635.541333333335,0.0,0.0,0.0
2025-01-21,118,q4_warmup,1.4631,718.5804499999999,0.0,695.5520499999999,0.0,0.0,0.0,0.0,718.5804499999999,0.0,7635.541333333335,6837.118611111113,0.0,0.0,0.0
2025-01-21,119,q4_warmup,1.4668,724.9895666666666,0.0,723.0578,0.0,0.0,0.0,0.0,724.9895666666666,0.0,6837.118611111113,6031.57464814815,0.0,0.0,0.0
2025-01-21,120,q4_warmup,1.5285,726.5500000000001,0.0,748.2633333333333,0.0,0.0,0.0,0.0,726.5500000000001,0.0,6031.57464814815,5224.296870370372,0.0,0.0,0.0
2025-01-21,121,q4_warmup,1.5184,702.7431666666666,0.0,722.8110833333334,0.0,0.0,0.0,0.0,702.7431666666666,0.0,5224.296870370372,4443.471129629631,0.0,0.0,0.0
2025-01-21,122,q4_warmup,1.4716,701.4849166666667,0.0,719.3642833333333,0.0,0.0,0.0,0.0,701.4849166666667,0.0,4443.471129629631,3664.043444444446,0.0,0.0,0.0
2025-01-21,123,q4_warmup,1.4823,727.2950000000001,0.0,747.89,0.0,0.0,0.0,0.0,727.2950000000001,0.0,3664.043444444446,2855.93788888889,0.0,0.0,0.0
2025-01-21,124,q4_warmup,1.5603,736.7568666666666,0.0,746.0286833333333,0.0,0.0,0.0,0.0,736.7568666666666,0.0,2855.93788888889,2037.3191481481492,0.0,0.0,0.0
2025-01-21,125,q4_warmup,1.3407,737.5447166666667,0.0,734.74755,0.0,165.09593333333248,0.0,0.0,572.4487833333342,0.0,2037.3191481481492,1401.2649444444448,221.34411781999887,0.0,0.0
2025-01-21,126,q4_warmup,0.9487,746.0766666666667,0.0,734.19,0.0,734.19,0.0,0.0,11.886666666666656,0.0,1401.2649444444448,1388.0575370370375,696.526053,0.0,0.0
2025-01-21,127,q4_warmup,0.9016,762.9402666666666,0.0,739.0307833333333,0.0,739.0307833333333,0.0,0.0,23.909483333333355,0.0,1388.0575370370375,1361.4914444444448,666.3101542533333,0.0,0.0
2025-01-21,128,q4_warmup,0.9622,747.7406,0.0,734.4167833333332,0.0,734.4167833333332,0.0,0.0,13.323816666666744,0.0,1361.4914444444448,1346.687203703704,706.6558289233333,0.0,0.0
2025-01-21,129,q4_warmup,0.9901,730.7466666666666,0.0,740.19,0.0,740.19,0.0,0.0,0.0,9.4433333333335,1346.687203703704,1346.687203703704,732.862119,0.0,0.0
2025-01-21,130,q4_warmup,1.0403,766.1499166666667,0.0,772.3453166666667,0.0,772.3453166666667,0.0,0.0,0.0,6.19539999999995,1346.687203703704,1346.687203703704,803.4708329283334,0.0,0.0
2025-01-21,131,q4_warmup,0.803,691.4811833333333,0.0,693.95745,0.0,693.95745,0.0,0.0,0.0,2.4762666666666746,1346.687203703704,1346.687203703704,557.2478323500001,0.0,0.0
2025-01-21,132,q4_warmup,0.4147,541.3149999999999,0.0,551.9616666666667,0.0,551.9616666666667,0.0,0.0,0.0,10.64666666666676,1346.687203703704,1346.687203703704,228.8985031666667,0.0,0.0
2025-01-21,133,q4_warmup,0.3668,525.76545,0.0,542.7839833333334,0.0,1376.1173166666667,0.0,670.3475514403289,0.0,180.0043152263379,1346.687203703704,1950.0,504.7598317533334,0.0,0.0
2025-01-21,134,q4_warmup,0.4173,553.44885,0.0,574.9994833333334,0.0,574.9994833333334,0.0,0.0,0.0,21.55063333333346,1950.0,1950.0,239.94728439500005,0.0,-6.750155989720953e-14
2025-01-21,135,q4_warmup,0.4121,562.5216666666666,0.0,577.5783333333333,0.0,577.5783333333333,0.0,0.0,0.0,15.056666666666318,1950.0,1950.0,238.02003116666663,0.0,2.966515921798419e-13
2025-01-21,136,q4_warmup,0.438,579.8782166666666,0.0,569.1000166666666,0.0,569.1000166666666,10.778199999999918,0.0,-0.0,0.0,1950.0,1950.0,249.2658073,23.60425799999982,0.0
2025-01-21,137,q4_warmup,0.4414,560.8851833333333,0.0,548.6373833333333,0.0,548.6373833333333,12.24780000000007,0.0,-2.0463630789890886e-13,0.0,1950.0,1950.0,242.16854100333333,27.03089460000016,-1.1368683772161605e-13
2025-01-21,138,q4_warmup,0.4088,538.775,0.0,538.1783333333334,0.0,538.1783333333334,0.5966666666665772,0.0,-0.0,0.0,1950.0,1950.0,220.0073026666667,1.219586666666484,0.0
2025-01-21,139,q4_warmup,0.3926,591.6654333333333,0.0,567.4134833333334,0.0,567.4134833333334,24.25194999999974,0.0,-0.0,0.0,1950.0,1950.0,222.76653355666667,47.606577849999496,-2.273736754432321e-13
2025-01-21,140,q4_warmup,0.3947,597.3510333333334,0.0,584.2978166666667,0.0,584.2978166666667,13.05321666666674,0.0,-0.0,0.0,1950.0,1950.0,230.62234823833333,25.76052309166681,0.0
2025-01-21,141,q4_warmup,0.4197,561.285,0.0,579.4533333333333,0.0,579.4533333333333,0.0,0.0,0.0,18.16833333333313,1950.0,1950.0000000000005,243.196564,0.0,1.5987211554602254e-13
2025-01-21,142,q4_warmup,0.4699,607.7586833333334,0.0,593.5180833333333,0.0,532.2585166666667,14.240599999999633,0.0,61.25956666666698,0.0,1950.0000000000005,1881.933814814815,250.10827698166665,33.458289699999135,-1.1368683772161605e-13
2025-01-21,143,q4_warmup,0.4787,627.2609166666667,0.0,613.7404333333333,0.0,0.0,13.520483333333344,0.0,613.7404333333334,0.0,1881.933814814815,1200.0,0.0,32.36127685833336,0.0
2025-01-21,144,q4_warmup,0.4273,587.8000000000001,0.0,618.2516666666667,0.0,618.2516666666667,0.0,-0.0,0.0,30.4516666666666,1200.0,1200.0,264.1789371666667,0.0,0.0
2025-01-22,1,q4_warmup,0.3719,574.18485,0.0,602.3762666666667,0.0,1435.7096,0.0,833.3333333333334,0.0,28.191416666666782,1200.0,1950.0,533.94040024,0.0,0.0
2025-01-22,2,q4_warmup,0.4011,586.2798333333334,0.0,607.7250666666666,0.0,1441.0584,0.0,833.3333333333333,0.0,21.44523333333325,1950.0,2700.0,578.0085242399999,0.0,0.0
2025-01-22,3,q4_warmup,0.4639,591.9283333333334,0.0,624.24,0.0,624.24,0.0,32.31166666666661,0.0,0.0,2700.0,2729.0805,289.584936,0.0,0.0
2025-01-22,4,q4_warmup,0.4268,573.0724166666666,0.0,604.1699333333333,0.0,1437.5032666666666,0.0,801.0216666666666,0.0,63.40918333333332,2729.0805,3450.0,613.5263942133333,0.0,0.0
2025-01-22,5,q4_warmup,0.408,600.2665666666667,0.0,598.60095,0.0,1431.9342833333335,1.6656166666664376,833.3333333333333,0.0,0.0,3450.0,4200.0,584.2291876,3.3978579999995326,0.0
2025-01-22,6,q4_warmup,0.4411,655.79,0.0,612.6683333333334,0.0,1446.0016666666668,43.12166666666644,833.3333333333333,0.0,0.0,4200.0,4950.0,637.8313351666667,95.10483583333284,0.0
2025-01-22,7,q4_warmup,0.4395,649.0018333333334,0.0,605.3798,0.0,1438.7131333333334,43.622033333333206,833.3333333333333,0.0,0.0,4950.0,5700.0,632.3144221,95.8594182499997,1.1368683772161605e-13
2025-01-22,8,q4_warmup,0.431,636.5256833333334,0.0,632.3933000000001,0.0,1465.7266333333334,4.132383333333223,833.3333333333333,0.0,0.0,5700.0,6450.0,631.7281789666667,8.905286083333095,1.1368683772161605e-13
2025-01-22,9,q4_warmup,0.4459,640.7666666666667,0.0,677.4516666666667,0.0,1510.785,0.0,833.3333333333333,0.0,36.68500000000017,6450.0,7200.0,673.6590315000001,0.0,0.0
2025-01-22,10,q4_warmup,0.4781,628.515,0.0,660.3152,0.0,660.3152,0.0,31.800200000000014,0.0,0.0,7200.0,7228.62018,315.69669712,0.0,0.0
2025-01-22,11,q4_warmup,0.4904,630.77035,0.0,630.4236,0.0,630.4236,0.0,0.0,0.3467500000000427,0.0,7228.62018,7228.234902222222,309.15973344,0.0,0.0
2025-01-22,12,q4_warmup,0.4683,642.42,0.0,628.8883333333333,0.0,628.8883333333333,0.0,0.0,13.531666666666638,0.0,7228.234902222222,7213.199717037037,294.5084065,0.0,0.0
2025-01-22,13,q4_warmup,0.4389,627.6588166666667,0.0,649.2637666666667,0.0,1482.5971,0.0,818.666981069959,0.0,36.27130226337431,7213.199717037037,7950.0,650.71186719,0.0,0.0
2025-01-22,14,q4_warmup,0.4682,636.3426333333333,0.0,663.2285666666667,0.0,663.2285666666667,0.0,0.0,0.0,26.885933333333355,7950.0,7950.0,310.52361491333335,0.0,0.0
2025-01-22,15,q4_warmup,0.5215,662.8716666666667,0.0,662.5366666666666,0.0,662.5366666666666,0.3350000000000364,0.0,-0.0,0.0,7950.0,7950.0,345.5128716666666,0.8735125000000948,0.0
2025-01-22,16,q4_warmup,0.5017,650.8473166666666,0.0,659.7484499999999,0.0,659.7484499999999,0.0,8.901133333333291,0.0,0.0,7950.0,7958.01102,330.995797365,0.0,0.0
2025-01-22,17,q4_warmup,0.4945,647.6905666666667,0.0,650.8556666666667,0.0,650.8556666666667,0.0,3.165100000000052,0.0,0.0,7958.01102,7960.859609999999,321.8481271666667,0.0,0.0
2025-01-22,18,q4_warmup,0.5054,663.9966666666667,0.0,639.8283333333333,0.0,639.8283333333333,14.39468433333384,0.0,9.773648999999567,0.0,7960.859609999999,7950.0,323.3692396666666,36.37536731033461,0.0
2025-01-22,19,q4_warmup,0.4567,664.1129999999999,0.0,643.4924666666667,0.0,1476.8258,20.620533333333128,833.3333333333333,0.0,0.0,7950.0,8700.0,674.46634286,47.0869878666662,1.1368683772161605e-13
2025-01-22,20,q4_warmup,0.4456,679.3531166666667,0.0,678.1066833333333,0.0,1511.440016666667,1.2464333333332434,833.3333333333333,0.0,0.0,8700.0,9450.0,673.4976714266667,2.777053466666466,0.0
2025-01-22,21,q4_warmup,0.4975,700.0100000000001,0.0,704.8883333333333,0.0,704.8883333333333,0.0,0.0,0.0,4.878333333333217,9450.0,9450.0,350.6819458333333,0.0,0.0
2025-01-22,22,q4_warmup,0.5371,682.9182833333333,0.0,670.2434999999999,0.0,670.2434999999999,12.67478333333338,0.0,-0.0,0.0,9450.0,9450.0,359.98778385,34.0381306416668,0.0
2025-01-22,23,q4_warmup,0.5516,681.7737166666667,0.0,674.5888,0.0,674.5888,7.184916666666709,0.0,-0.0,0.0,9450.0,9450.0,372.10318208,19.816000166666782,0.0
2025-01-22,24,q4_warmup,0.5311,703.4549999999999,0.0,725.5616666666666,0.0,725.5616666666666,0.0,0.0,0.0,22.106666666666683,9450.0,9450.0,385.34580116666666,0.0,0.0
2025-01-22,25,q4_warmup,0.4739,702.4732666666667,0.0,730.5302166666667,0.0,730.5302166666667,0.0,28.056949999999915,0.0,0.0,9450.0,9475.251255,346.1982696783333,0.0,0.0
2025-01-22,26,q4_warmup,0.4625,708.5874,0.0,720.8597666666666,0.0,1387.5264333333334,0.0,638.6097166666675,0.0,40.32931666666593,9475.251255,10050.0,641.7309754166668,0.0,0.0
2025-01-22,27,q4_warmup,0.4984,726.0799999999999,0.0,704.41,0.0,704.41,21.66999999999996,0.0,-0.0,0.0,10050.0,10050.0,351.077944,54.001639999999895,0.0
2025-01-22,28,q4_warmup,0.5053,720.1700000000001,0.0,658.8190333333333,0.0,658.8190333333333,61.35096666666675,0.0,-0.0,0.0,10050.0,10050.0,332.9012575433333,155.00321728333356,0.0
2025-01-22,29,q4_warmup,0.5017,682.4008166666666,0.0,660.0759333333333,0.0,660.0759333333333,22.32488333333333,0.0,-0.0,0.0,10050.0,10050.0,331.16009575333334,56.00196984166667,0.0
2025-01-22,30,q4_warmup,0.5088,663.1750000000001,0.0,705.18,0.0,705.18,0.0,0.0,0.0,42.00499999999988,10050.0,10050.0,358.795584,0.0,0.0
2025-01-22,31,q4_warmup,0.526,724.4543166666667,0.0,716.4424166666666,0.0,716.4424166666666,8.011900000000082,0.0,-0.0,0.0,10050.0,10050.0,376.84871116666665,21.07129700000021,0.0
2025-01-22,32,q4_warmup,0.5545,770.8445666666667,0.0015833333333333,730.7619166666667,0.0012833333333333,730.7606333333333,40.08235,0.0,-0.0,0.0,10050.0,10050.0,405.2067711833333,111.128315375,0.0
2025-01-22,33,q4_warmup,0.5306,747.5300000000001,0.0,736.8083333333334,0.0,736.8083333333334,10.721666666666692,0.0,-0.0,0.0,10050.0,10050.0,390.9505016666667,28.44458166666673,0.0
2025-01-22,34,q4_warmup,0.433,701.5329666666667,0.0,700.0888666666666,0.0,1533.4222,1.4440999999999349,833.3333333333333,0.0,0.0,10050.0,10800.0,663.9718126,3.126476499999859,0.0
2025-01-22,35,q4_warmup,0.6429,757.6382,0.0221166666666666,792.66345,0.0178666666666666,792.6455833333333,0.0,0.0,-0.0,35.029500000000006,10800.0,10800.0,509.591845525,0.0,-2.131628207280301e-14
2025-01-22,36,q4_warmup,1.0472,885.2833333333333,0.0,946.075,0.0,946.075,0.0,0.0,-0.0,60.79166666666663,10800.0,10800.0,990.72974,0.0,0.0
2025-01-22,37,q4_warmup,1.1185,925.7947166666668,0.0,909.1154333333334,0.0,234.1154611823312,16.679255484335613,0.0,675.0,0.0,10800.0,10050.0,261.8581433324374,93.27873629614692,0.0
2025-01-22,38,q4_warmup,1.047,903.4826,0.3079833333333333,862.9599333333334,0.2488,862.7111333333335,40.46348333333325,0.0,0.0,0.0,10050.0,10050.0,903.2585566,211.82633524999957,0.0
2025-01-22,39,q4_warmup,1.0287,886.1233333333333,0.0,903.015,0.0,903.015,0.0,3.4381478649771045e-05,0.0,16.891632285188003,10050.0,10050.00003094333,928.9315305,0.0,0.0
2025-01-22,40,q4_warmup,1.0626,911.3681666666666,0.0,942.1395,0.0,942.1395,0.0,0.0,0.0,30.771333333333477,10050.00003094333,10050.00003094333,1001.1174327,0.0,0.0
2025-01-22,41,q4_warmup,1.0819,916.3569166666666,5.389633333333333,951.5553333333334,4.446833333333333,947.1085,0.0,0.0,0.0,36.141216666666764,10050.00003094333,10050.00003094333,1024.67668615,0.0,0.0
2025-01-22,42,q4_warmup,1.0477,886.5300000000001,29.7,924.1466666666666,26.5,897.6466666666666,0.0,0.0,0.0,40.81666666666656,10050.00003094333,10050.00003094333,940.4644126666668,0.0,4.263256414560601e-14
2025-01-22,43,q4_warmup,0.9849,877.5594500000001,72.22711666666667,875.2837333333333,67.76038333333334,807.5233499999999,0.0,0.0,0.0,2.191016666666528,10050.00003094333,10050.00003094333,795.3297474149999,0.0,1.4210854715202004e-14
2025-01-22,44,q4_warmup,0.9929,927.696,122.24303333333334,884.9663166666666,113.4777,771.4886166666665,33.96435000000015,0.0,-0.0,0.0,10050.00003094333,10050.00003094333,766.0110474883332,168.61601557500077,0.0
2025-01-22,45,q4_warmup,0.9976,960.415,170.89374999999998,919.82,158.1625,761.6575,27.863749999999957,0.0,-0.0,0.0,10050.00003094333,10050.00003094333,759.8295220000001,138.98438499999978,0.0
2025-01-22,46,q4_warmup,0.8769,883.4682166666666,216.44985,893.4370833333334,207.6299,1519.140482285188,0.0,833.3332989518547,0.0,18.788816666666666,10050.00003094333,10800.0,1332.1342889158814,0.0,0.0
2025-01-22,47,q4_warmup,1.0555,963.1933833333331,266.07896666666664,1010.4537666666666,258.4823333333333,751.9714333333334,0.0,0.0,-0.0,54.85701666666688,10800.0,10800.0,793.7058478833335,0.0,5.684341886080803e-14
2025-01-22,48,q4_warmup,1.429,1170.62,315.925,1214.495,310.99375000000003,70.16791666666666,0.0,0.0,784.5270833333332,0.0,10800.0,9928.30324074074,100.26995291666664,0.0,0.0
2025-01-22,49,q4_warmup,1.4372,1202.53425,355.77956666666665,1222.68405,368.9858166666667,20.36489999999992,0.0,0.0,826.3897833333335,0.0,9928.30324074074,9010.09237037037,29.268434279999887,0.0,2.273736754432321e-13
2025-01-22,50,q4_warmup,1.3563,1195.8467333333333,401.6345166666667,1180.1796333333334,426.5235333333333,0.0,0.0,0.0,794.2122166666666,0.0,9010.09237037037,8127.6343518518515,0.0,0.0,0.0
2025-01-22,51,q4_warmup,1.3745,1230.2133333333334,449.475,1189.5316666666663,487.7375,0.0,0.0,0.0,780.7383333333333,0.0,8127.6343518518515,7260.147314814814,0.0,0.0,0.0
2025-01-22,52,q4_warmup,1.387,1234.79855,480.8554333333333,1205.2338,558.7849666666667,0.0,0.0,0.0,753.9431166666667,0.0,7260.147314814814,6422.43274074074,0.0,0.0,0.0
2025-01-22,53,q4_warmup,1.3399,1222.1721333333332,524.6172666666666,1204.075833333333,605.8012166666666,0.0,0.0,0.0,697.5548666666666,0.0,6422.43274074074,5647.371777777777,0.0,0.0,0.0
2025-01-22,54,q4_warmup,1.2837,1210.6666666666667,580.8249999999999,1200.0666666666666,633.9187499999999,0.0,0.0,0.0,629.8416666666668,0.0,5647.371777777777,4947.547703703704,0.0,0.0,0.0
2025-01-22,55,q4_warmup,1.3061,1201.2763666666667,621.84825,1216.569616666667,680.1670333333333,0.0,0.0,0.0,579.4281166666667,0.0,4947.547703703704,4303.738685185185,0.0,0.0,0.0
2025-01-22,56,q4_warmup,1.2966,1193.65515,671.0419833333334,1198.1406,714.5665166666666,0.0,0.0,0.0,522.6131666666666,0.0,4303.738685185185,3723.057388888889,0.0,0.0,0.0
2025-01-22,57,q4_warmup,1.212,1190.0316666666663,723.9125,1151.5916666666667,734.56875,0.0,0.0,0.0,466.1191666666663,0.0,3723.057388888889,3205.147203703704,0.0,0.0,0.0
2025-01-22,58,q4_warmup,1.1453,1193.1845833333334,746.61415,1149.3555333333334,773.4791833333334,281.65191666666595,164.9185166666674,0.0,0.0,0.0,3205.147203703704,3205.147203703704,322.5759401583325,944.4058856916708,0.0
2025-01-22,59,q4_warmup,1.2528,1197.5525,752.3535,1195.4661166666667,829.0085666666668,0.0,0.0,0.0,445.199,0.0,3205.147203703704,2710.481648148149,0.0,0.0,0.0
2025-01-22,60,q4_warmup,1.4426,1203.4883333333337,772.99375,1236.535,886.8125,0.0,0.0,0.0,430.4945833333337,0.0,2710.481648148149,2232.154333333334,0.0,0.0,0.0
2025-01-22,61,q4_warmup,1.4469,1211.43895,831.0097999999999,1211.338616666667,934.09325,0.0,0.0,0.0,380.4291500000001,0.0,2232.154333333334,1809.4552777777783,0.0,0.0,0.0
2025-01-22,62,q4_warmup,1.3458,1192.1108666666669,886.6982333333334,1181.94555,974.1188333333332,0.0,0.0,0.0,305.4126333333335,0.0,1809.4552777777783,1470.1079074074078,0.0,0.0,0.0
2025-01-22,63,q4_warmup,1.3085,1154.2166666666667,910.7875,1172.4983333333332,996.45,0.0,163.86706666666657,0.0,79.5621000000001,0.0,1470.1079074074078,1381.7055740740743,0.0,1072.1002836666662,0.0
2025-01-22,64,q4_warmup,1.3875,1140.6711166666666,908.6717666666668,1154.1555833333334,990.6205666666666,0.0,68.46433333333295,0.0,163.53501666666688,0.0,1381.7055740740743,1200.0,0.0,474.9713124999973,0.0
2025-01-22,65,q4_warmup,1.1966,1148.8656166666667,918.2567833333331,1160.093116666667,1014.2281,0.0,230.6088333333336,0.0,-0.0,0.0,1200.0,1200.0,0.0,1379.7326498333348,0.0
2025-01-22,66,q4_warmup,0.8072,1159.4416666666666,940.65,1176.6033333333332,1077.45625,932.4804166666668,119.64458333333334,833.3333333333334,0.0,0.0,1200.0,1950.0,752.6981923333334,482.88553833333344,1.1368683772161605e-13
2025-01-22,67,q4_warmup,0.7034,1156.4665833333331,946.3401,1152.5735666666667,1134.5871166666668,851.3197833333332,192.14003333333324,833.3333333333334,0.0,0.0,1950.0,2700.0,598.8183355966667,675.7564972333331,-1.1368683772161605e-13
2025-01-22,68,q4_warmup,0.755,1156.25685,959.8560666666668,1137.1097666666667,1174.6662,795.7769000000002,233.95721666666637,833.3333333333334,0.0,0.0,2700.0,3450.0,600.8115595000002,883.1884929166654,-1.1368683772161605e-13
2025-01-22,69,q4_warmup,0.7774,1162.0966666666666,973.2125,1142.4216666666666,1193.1875,782.5675,239.65,833.3333333333334,0.0,0.0,3450.0,4200.0,608.3679745,931.51955,-1.1368683772161605e-13
2025-01-22,70,q4_warmup,0.7238,1155.07595,954.5582166666668,1127.282866666667,1187.34995,773.26625,260.5848166666665,833.3333333333334,0.0,0.0,4200.0,4950.0,559.69011175,943.056451516666,1.1368683772161605e-13
2025-01-22,71,q4_warmup,0.6753,1114.2599666666667,959.1561666666666,1088.1384833333334,1172.6857333333337,748.7860833333333,239.65105000000017,833.3333333333334,0.0,0.0,4950.0,5700.0,505.655242075,809.1817703250006,-1.1368683772161605e-13
2025-01-22,72,q4_warmup,0.6608,1067.5783333333334,985.33125,1050.5883333333334,1162.59375,721.3279166666667,194.25250000000003,833.3333333333334,0.0,0.0,5700.0,6450.0,476.65348733333343,641.8102600000002,1.1368683772161605e-13
2025-01-22,73,q4_warmup,0.6468,1067.8196333333333,977.82975,1046.4406333333334,1162.7233166666667,717.05065,206.27256666666665,833.3333333333334,0.0,0.0,6450.0,7200.0,463.78836042000006,667.0854806,-1.1368683772161605e-13
2025-01-22,74,q4_warmup,0.6768,1073.0706,981.3263833333334,1056.8272833333333,1173.80925,716.3513666666666,208.72618333333327,833.3333333333334,0.0,0.0,7200.0,7950.0,484.82660496,706.3294043999999,1.1368683772161605e-13
2025-01-22,75,q4_warmup,0.7099,1072.1433333333332,1005.64375,1065.5566666666666,1174.68125,724.2087500000001,175.6241666666665,833.3333333333334,0.0,0.0,7950.0,8700.0,514.115791625,623.3779795833327,-1.1368683772161605e-13
2025-01-22,76,q4_warmup,0.6783,1095.1417166666668,1008.6700666666668,1072.8366166666667,1140.161916666667,766.0080333333334,153.79694999999992,833.3333333333334,0.0,0.0,8700.0,9450.0,519.58324901,521.6023559249998,-1.1368683772161605e-13
2025-01-22,77,q4_warmup,0.8068,1118.5897833333331,983.9940833333334,1082.0754,1109.9187333333332,805.4900000000001,162.439033333333,833.3333333333334,0.0,0.0,9450.0,10200.0,649.8693320000001,655.2790604666652,-1.1368683772161605e-13
2025-01-22,78,q4_warmup,1.0383,1128.1333333333334,948.8625,1093.26,1091.61875,1.641250000000127,177.62958333333336,0.0,0.0,0.0,10200.0,10200.0,1.7041098750001322,922.163981875,0.0
2025-01-22,79,q4_warmup,1.0758,1126.1263666666666,924.2569833333332,1102.4355,1054.1222666666663,48.31323333333353,153.5561499999999,0.0,0.0,0.0,10200.0,10200.0,51.97537642000022,825.9785308499995,0.0
2025-01-22,80,q4_warmup,1.0753,1091.8262666666667,890.8607999999999,1105.6931,1005.2541833333332,100.4389166666666,100.52655000000016,0.0,0.0,0.0,10200.0,10200.0,108.0019670916666,540.4809960750008,0.0
2025-01-22,81,q4_warmup,1.0925,1056.5333333333333,842.4499999999999,1090.355,972.9625,117.39250000000004,96.69083333333332,0.0,0.0,0.0,10200.0,10200.0,128.25130625000006,528.1736770833334,0.0
2025-01-22,82,q4_warmup,1.0476,1081.6439666666668,794.6560833333333,1053.0855666666666,976.3797666666666,76.70580000000007,210.2820833333334,0.0,0.0,0.0,10200.0,10200.0,80.35699608000007,1101.4575525000005,0.0
2025-01-22,83,q4_warmup,1.1725,1118.1821833333331,756.6756999999999,1059.2457333333334,962.49465,0.0,78.84258333333332,0.0,282.6638999999999,0.0,10200.0,9885.929,0.0,462.2146447916667,0.0
2025-01-22,84,q4_warmup,1.4182,1123.6866666666667,722.8874999999999,1101.1016666666667,917.4125,0.0,0.0,0.0,400.7991666666668,0.0,9885.929,9440.596592592592,0.0,0.0,0.0
2025-01-22,85,q4_warmup,1.4706,1100.38085,685.0337666666666,1106.1867333333332,870.8613166666668,0.0,0.0,0.0,415.34708333333344,0.0,9440.596592592592,8979.099833333332,0.0,0.0,0.0
2025-01-22,86,q4_warmup,1.3995,1088.1194666666668,673.8711166666667,1102.6892,800.4657666666667,0.0,0.0,0.0,414.2483500000001,0.0,8979.099833333332,8518.823888888888,0.0,0.0,0.0
2025-01-22,87,q4_warmup,1.3994,1087.4716666666666,678.8249999999999,1102.236666666667,725.9250000000001,0.0,0.0,0.0,408.64666666666665,0.0,8518.823888888888,8064.772037037036,0.0,0.0,0.0
2025-01-22,88,q4_warmup,1.5372,1068.4849333333334,656.0776500000001,1084.1248666666668,698.4458500000001,0.0,0.0,0.0,412.4072833333333,0.0,8064.772037037036,7606.541722222221,0.0,0.0,0.0
2025-01-22,89,q4_warmup,1.3094,1069.857983333333,632.0391333333333,1068.3042666666668,674.1968666666667,0.0,0.0,0.0,437.81884999999977,0.0,7606.541722222221,7120.0763333333325,0.0,0.0,0.0
2025-01-22,90,q4_warmup,0.8555,1090.915,612.38125,1065.18,627.0500000000001,1271.4633333333334,40.403749999999945,833.3333333333334,0.0,0.0,7120.0763333333325,7870.076333333332,1087.7368816666667,172.82704062499977,1.1368683772161605e-13
2025-01-22,91,q4_warmup,0.8467,1088.9182166666667,570.6106166666667,1068.2598666666663,569.6959499999999,1331.89725,19.743683333333365,833.3333333333334,0.0,0.0,7870.076333333332,8620.076333333333,1127.717401575,83.5848833916668,-1.1368683772161605e-13
2025-01-22,92,q4_warmup,0.9511,1080.421016666667,507.59185,1083.23185,502.22496666666666,581.0068833333332,747.2930240740753,755.4707407407417,0.0,0.0,8620.076333333333,9300.0,552.5956467383332,3553.751975984265,1.1368683772161605e-13
2025-01-22,93,q4_warmup,0.9571,1080.7183333333337,444.79375,1097.5683333333334,430.80625,666.7620833333333,0.0,30.83749999999958,0.0,0.0,9300.0,9327.75375,638.1579899583332,0.0,5.684341886080803e-14
2025-01-22,94,q4_warmup,0.9803,1083.3101,405.7295,1085.3857833333334,369.2254666666667,716.1603166666666,0.0,38.57971666666669,0.0,0.0,9327.75375,9362.475495,702.0519584283333,0.0,-5.684341886080803e-14
2025-01-22,95,q4_warmup,0.9341,1063.32675,369.6503666666667,1053.6657166666666,322.54995,731.1157666666666,726.4767333333327,763.916116666666,0.0,0.0,9362.475495,10050.0,682.9352376433333,3393.0095830333307,1.1368683772161605e-13
2025-01-22,96,q4_warmup,0.8897,1036.4633333333334,325.33125,1026.015,284.0375,1575.3108333333334,0.0,833.3333333333333,0.0,30.84541666666678,10050.0,10800.0,1401.5540484166668,0.0,0.0
2025-01-22,97,q4_warmup,1.0232,1044.944,279.76165,1026.82835,241.1392833333333,785.6890666666667,0.0,0.0,-0.0,20.506716666666705,10800.0,10800.0,803.9170530133334,0.0,5.684341886080803e-14
2025-01-22,98,q4_warmup,1.0929,1058.5720833333332,230.1162,1050.2959,196.0572833333333,854.2386166666668,0.0,0.0,-0.0,25.78273333333351,10800.0,10800.0,933.597384155,0.0,-5.684341886080803e-14
2025-01-22,99,q4_warmup,1.0451,1059.4116666666666,177.025,1067.8466666666666,152.13125,915.7154166666666,0.0,0.0,1.84172677109018e-13,33.32875000000011,10800.0,10800.0,957.0141819583332,0.0,1.4210854715202004e-14
2025-01-22,100,q4_warmup,1.0589,1057.93005,125.64858333333332,1051.1191833333337,109.42035,941.6988333333336,0.0,0.0,-0.0,9.417366666666863,10800.0,10800.0,997.1648946166669,0.0,-7.105427357601003e-14
2025-01-22,101,q4_warmup,1.0693,1055.0228833333333,75.09148333333333,1031.7794833333337,65.84911666666666,965.9303666666668,14.00103333333342,0.0,3.2374103398069574e-14,0.0,10800.0,10800.0,1032.8693410766668,74.85652471666714,2.273736754432321e-13
2025-01-22,102,q4_warmup,1.065,1054.685,31.3,1027.2983333333334,27.25,1000.0483333333334,23.336666666666783,0.0,-0.0,0.0,10800.0,10800.0,1065.051475,124.2677500000006,2.273736754432321e-13
2025-01-22,103,q4_warmup,1.1156,1060.0607333333337,5.758466666666667,1027.0610666666666,4.9521500000000005,1022.1089166666668,32.19335000000092,0.0,-3.68345354218036e-13,0.0,10800.0,10800.0,1140.2647074333331,179.5745063000051,0.0
2025-01-22,104,q4_warmup,1.1474,1049.665883333333,0.0,1026.2390833333334,0.0,1026.2390833333334,23.42680000000012,0.0,-3.68345354218036e-13,0.0,10800.0,10800.0,1177.5067242166667,134.3995516000007,0.0
2025-01-22,105,q4_warmup,1.1292,1043.5283333333334,0.0,1036.6683333333333,0.0,1036.6683333333333,6.86000000000422,0.0,-0.0,0.0,10800.0,10800.0,1170.6058819999998,38.73156000002383,4.092726157978177e-12
2025-01-22,106,q4_warmup,1.1192,1060.2211666666667,0.3302166666666666,1051.7018333333333,0.2830833333333333,1051.41875,8.472200000002431,0.0,-2.210072125308216e-12,0.0,10800.0,10800.000000000002,1176.747865,47.410431200013605,2.273736754432321e-13
2025-01-22,107,q4_warmup,1.2043,933.7647166666668,0.0,940.8711833333332,0.0,940.8711833333332,0.0,0.0,1.84172677109018e-12,7.106466666668348,10800.000000000002,10800.0,1133.0911660883332,0.0,-2.3092638912203256e-14
2025-01-22,108,q4_warmup,1.3036,729.0566666666667,0.0,763.0633333333334,0.0,763.0633333333334,0.0,0.0,-0.0,34.00666666666666,10800.0,10800.0,994.7293613333336,0.0,0.0
2025-01-22,109,q4_warmup,1.2545,694.8075666666667,0.0237,720.1234833333333,0.0203166666666666,720.1031666666667,0.0,0.0,2.273736754432321e-13,25.31930000000015,10800.0,10800.0,903.3694225833332,0.0,-3.907985046680551e-14
2025-01-22,110,q4_warmup,1.2535,711.45645,0.0,709.9260333333333,0.0,709.9260333333333,1.5304166666680885,0.0,-1.2892087397631256e-12,0.0,10800.0,10800.000000000002,889.8922827833334,9.591886458342245,1.1368683772161605e-13
2025-01-22,111,q4_warmup,1.3144,715.3283333333334,0.0,690.565,0.0,690.565,24.76333333333268,0.0,6.821210263296962e-13,0.0,10800.000000000002,10800.000000000002,907.678636,162.74462666666236,0.0
2025-01-22,112,q4_warmup,1.274,758.71155,0.0017,722.3166500000001,0.0014666666666666,722.3151833333334,36.39466666666499,0.0,1.5916157281026244e-12,0.0,10800.000000000002,10800.0,920.2295435666668,231.834026666656,0.0
2025-01-22,113,q4_warmup,1.3463,759.0705166666667,0.0,724.61985,0.0,0.0,5.483283333334724,0.0,753.5872333333319,0.0,10800.0,9962.680851851854,0.0,36.910721758342696,0.0
2025-01-22,114,q4_warmup,1.5297,719.93,0.0,693.3533333333334,0.0,0.0,0.0,0.0,719.93,0.0,9962.680851851854,9162.758629629632,0.0,0.0,0.0
2025-01-22,115,q4_warmup,1.5811,729.96585,0.0,707.1670833333333,0.0,0.0,0.0,0.0,729.96585,0.0,9162.758629629632,8351.685462962965,0.0,0.0,0.0
2025-01-22,116,q4_warmup,1.54,736.064,0.0,725.1707166666666,0.0,0.0,0.0,0.0,736.064,0.0,8351.685462962965,7533.836574074076,0.0,0.0,0.0
2025-01-22,117,q4_warmup,1.5084,723.6033333333334,0.0,722.3216666666667,0.0,0.0,0.0,0.0,723.6033333333334,0.0,7533.836574074076,6729.832870370373,0.0,0.0,0.0
2025-01-22,118,q4_warmup,1.5371,734.9625833333333,0.0,718.5804499999999,0.0,0.0,0.0,0.0,734.9625833333333,0.0,6729.832870370373,5913.20777777778,0.0,0.0,0.0
2025-01-22,119,q4_warmup,1.5252,741.5478833333333,0.0,724.9895666666666,0.0,0.0,0.0,0.0,741.5478833333333,0.0,5913.20777777778,5089.265685185188,0.0,0.0,0.0
2025-01-22,120,q4_warmup,1.4821,744.5799999999999,0.0,726.5500000000001,0.0,0.0,112.52083333333051,0.0,632.0591666666694,0.0,5089.265685185188,4386.977722222222,0.0,833.8356354166459,0.0
2025-01-22,121,q4_warmup,1.5156,772.7663833333332,0.0,702.7431666666666,0.0,0.0,70.02321666666683,0.0,702.7431666666664,0.0,4386.977722222222,3606.1519814814815,0.0,530.6359359000012,0.0
2025-01-22,122,q4_warmup,1.5416,774.0756333333334,0.0,701.4849166666667,0.0,0.0,72.59071666666682,0.0,701.4849166666665,0.0,3606.1519814814815,2826.7242962962964,0.0,559.5292440666678,0.0
2025-01-22,123,q4_warmup,1.5518,740.6966666666667,0.0,727.2950000000001,0.0,0.0,13.401666666666529,0.0,727.2950000000002,0.0,2826.7242962962964,2018.6187407407408,0.0,103.9835316666656,0.0
2025-01-22,124,q4_warmup,1.5769,721.092,0.0,736.7568666666666,0.0,0.0,0.0,0.0,721.092,0.0,2018.6187407407408,1217.4054074074072,0.0,0.0,0.0
2025-01-22,125,q4_warmup,1.3251,728.3908833333334,0.0,737.5447166666667,0.0,708.5773333333328,4.148683333334044,0.0,15.664866666666487,0.0,1217.4054074074072,1200.0,938.9358243999992,27.487101425004703,0.0
2025-01-22,126,q4_warmup,0.9433,750.6916666666666,0.0,746.0766666666667,0.0,746.0766666666667,4.614999999999895,0.0,-0.0,0.0,1200.0,1200.0,703.7741196666667,21.766647499999507,0.0
2025-01-22,127,q4_warmup,0.9134,764.7712833333334,0.0,762.9402666666666,0.0,762.9402666666666,1.831016666666756,0.0,-0.0,0.0,1200.0,1200.0,696.8696395733333,8.362253116667073,0.0
2025-01-22,128,q4_warmup,0.9888,765.1856666666666,0.0,747.7406,0.0,747.7406,17.445066666666662,0.0,-0.0,0.0,1200.0,1200.0,739.36590528,86.24840959999997,0.0
2025-01-22,129,q4_warmup,1.0162,776.7866666666667,0.0,730.7466666666666,0.0,730.7466666666666,46.04000000000019,0.0,-0.0,0.0,1200.0,1200.0,742.5847626666665,233.92924000000096,0.0
2025-01-22,130,q4_warmup,1.0391,810.8727333333333,0.0,766.1499166666667,0.0,766.1499166666667,44.72281666666652,0.0,-0.0,0.0,1200.0,1200.0,796.1063784083334,232.35739399166584,0.0
2025-01-22,131,q4_warmup,0.7864,731.2814166666667,0.0,691.4811833333333,0.0,691.4811833333333,39.80023333333338,0.0,-0.0,0.0,1200.0,1200.0,543.7808025733333,156.49451746666685,0.0
2025-01-22,132,q4_warmup,0.4092,580.3149999999999,0.0,541.3149999999999,0.0,541.3149999999999,39.0,0.0,-0.0,0.0,1200.0,1200.0,221.506098,79.79400000000001,0.0
2025-01-22,133,q4_warmup,0.3822,552.19075,0.0,525.76545,0.0,525.76545,26.425299999999996,0.0,-0.0,0.0,1200.0,1200.0,200.94755499,50.49874829999999,0.0
2025-01-22,134,q4_warmup,0.4666,588.0205500000001,0.0,553.44885,0.0,553.44885,34.57170000000008,0.0,-0.0,0.0,1200.0,1200.0,258.23923341,80.65577610000018,0.0
2025-01-22,135,q4_warmup,0.4575,601.5683333333333,0.0,562.5216666666666,0.0,562.5216666666666,39.046666666666624,0.0,-0.0,0.0,1200.0,1200.0,257.3536625,89.31924999999991,0.0
2025-01-22,136,q4_warmup,0.3899,570.3148,0.0,579.8782166666666,0.0,579.8782166666666,0.0,-0.0,0.0,9.563416666666628,1200.0,1200.0,226.0945166783333,0.0,-1.7763568394002505e-15
2025-01-22,137,q4_warmup,0.382,569.3074666666666,0.0,560.8851833333333,0.0,560.8851833333333,8.422283333333326,0.0,-0.0,0.0,1200.0,1200.0,214.2581400333333,16.08656116666665,0.0
2025-01-22,138,q4_warmup,0.4229,604.0783333333333,0.0,538.775,0.0,538.775,65.30333333333328,0.0,-0.0,0.0,1200.0,1200.0,227.8479475,138.08389833333322,0.0
2025-01-22,139,q4_warmup,0.4012,606.8031,0.0,591.6654333333333,0.0,591.6654333333333,15.137666666666632,0.0,-0.0,0.0,1200.0,1200.0,237.37617185333332,30.366159333333268,0.0
2025-01-22,140,q4_warmup,0.3877,589.59335,0.0,597.3510333333334,0.0,597.3510333333334,0.0,-0.0,0.0,7.757683333333375,1200.0,1200.0,231.5929956233333,0.0,0.0
2025-01-22,141,q4_warmup,0.4074,572.2783333333333,0.0,561.285,0.0,561.285,10.99333333333334,0.0,-0.0,0.0,1200.0,1200.0,228.667509,22.393420000000013,0.0
2025-01-22,142,q4_warmup,0.4124,563.0160999999999,0.0,607.7586833333334,0.0,607.7586833333334,0.0,0.0,0.0,44.74258333333341,1200.0,1200.0,250.63968100666668,0.0,0.0
2025-01-22,143,q4_warmup,0.4349,575.1908833333333,0.0,627.2609166666667,0.0,627.2609166666667,0.0,-0.0,0.0,52.07003333333341,1200.0,1200.0,272.79577265833336,0.0,0.0
2025-01-22,144,q4_warmup,0.4653,594.895,0.0,587.8000000000001,0.0,587.8000000000001,7.094999999999914,0.0,-0.0,0.0,1200.0,1200.0,273.50334000000004,16.5065174999998,0.0
2025-01-23,1,q4_warmup,0.4562,593.6854833333333,0.0,574.18485,0.0,1407.5181833333334,19.50063333333321,833.3333333333333,0.0,0.0,1200.0,1950.0,642.1097952366666,44.48094463333306,1.1368683772161605e-13
2025-01-23,2,q4_warmup,0.4556,598.4678666666667,0.0,586.2798333333334,0.0,1419.6131666666668,12.188033333333236,833.3333333333333,0.0,0.0,1950.0,2700.0,646.7757587333334,27.764339933333115,-1.1368683772161605e-13
2025-01-23,3,q4_warmup,0.4643,616.445,0.0,591.9283333333334,0.0,1425.2616666666668,24.516666666666534,833.3333333333333,0.0,0.0,2700.0,3450.0,661.7489918333333,56.91544166666637,-1.1368683772161605e-13
2025-01-23,4,q4_warmup,0.4421,627.1227166666666,0.0,573.0724166666666,0.0,1406.40575,54.05029999999999,833.3333333333333,0.0,0.0,3450.0,4200.0,621.771982075,119.47818815,-1.1368683772161605e-13
2025-01-23,5,q4_warmup,0.4651,634.0951,0.0,600.2665666666667,0.0,600.2665666666667,33.828533333333326,0.0,-0.0,0.0,4200.0,4200.0,279.1839801566667,78.66825426666665,0.0
2025-01-23,6,q4_warmup,0.5079,634.9216666666667,0.0,655.79,0.0,655.79,0.0,0.0,0.0,20.868333333333226,4200.0,4200.0,333.075741,0.0,0.0
2025-01-23,7,q4_warmup,0.4691,624.7802166666667,0.0,649.0018333333334,0.0,649.0018333333334,0.0,24.221616666666705,0.0,0.0,4200.0,4221.799455,304.4467600166667,0.0,0.0
2025-01-23,8,q4_warmup,0.4649,636.64795,0.0,636.5256833333334,0.0,1303.1923500000005,0.0,666.5444000000002,0.0,0.0,4221.799455,4821.689415000001,605.8541235150001,0.0,0.0
2025-01-23,9,q4_warmup,0.5095,658.76,0.0,640.7666666666667,0.0,640.7666666666667,0.0,0.0,17.99333333333334,0.0,4821.689415000001,4801.696822407408,326.4706166666666,0.0,0.0
2025-01-23,10,q4_warmup,0.4949,648.7732500000001,0.0,628.515,0.0,628.515,18.73110983333286,0.0,1.5271401666672315,0.0,4801.696822407408,4800.0,311.0520735,46.35013128258216,0.0
2025-01-23,11,q4_warmup,0.4558,655.75145,0.0,630.77035,0.0,1464.1036833333333,24.98109999999997,833.3333333333333,0.0,0.0,4800.0,5550.0,667.3384588633332,56.93192689999993,0.0
2025-01-23,12,q4_warmup,0.4396,670.4433333333333,0.0,642.42,0.0,1475.753333333333,28.0233333333332,833.3333333333333,0.0,0.0,5550.0,6300.0,648.7411653333334,61.59528666666637,1.1368683772161605e-13
2025-01-23,13,q4_warmup,0.4542,632.6434333333333,0.0,627.6588166666667,0.0,1460.99215,4.984616666666511,833.3333333333333,0.0,0.0,6300.0,7050.0,663.58263453,11.320064449999649,1.1368683772161605e-13
2025-01-23,14,q4_warmup,0.4505,602.6531333333334,0.0,636.3426333333333,0.0,1469.675966666667,0.0,833.3333333333333,0.0,33.689500000000066,7050.0,7800.0,662.0890229833334,0.0,0.0
2025-01-23,15,q4_warmup,0.4353,609.6633333333333,0.0,662.8716666666667,0.0,1496.205,0.0,833.3333333333333,0.0,53.20833333333337,7800.0,8550.0,651.2980365,0.0,0.0
2025-01-23,16,q4_warmup,0.4598,629.5726333333333,0.0,650.8473166666666,0.0,1484.18065,0.0,833.3333333333333,0.0,21.274683333333428,8550.0,9300.0,682.42626287,0.0,0.0
2025-01-23,17,q4_warmup,0.4777,671.5074333333333,0.0,647.6905666666667,0.0,647.6905666666667,23.81686666666667,0.0,-0.0,0.0,9300.0,9300.0,309.40178369666666,56.886586033333344,0.0
2025-01-23,18,q4_warmup,0.4871,704.7633333333333,0.0,663.9966666666667,0.0,663.9966666666667,40.76666666666665,0.0,-0.0,0.0,9300.0,9300.0,323.4327763333333,99.28721666666662,0.0
2025-01-23,19,q4_warmup,0.5222,680.1314666666666,0.0,664.1129999999999,0.0,664.1129999999999,16.018466666666654,0.0,-0.0,0.0,9300.0,9300.0,346.79980859999995,41.82421646666664,0.0
2025-01-23,20,q4_warmup,0.493,666.2313333333333,0.0,679.3531166666667,0.0,679.3531166666667,0.0,13.121783333333385,0.0,0.0,9300.0,9311.809605,334.92108651666666,0.0,0.0
2025-01-23,21,q4_warmup,0.436,683.5083333333333,0.0,700.0100000000001,0.0,1533.3433333333337,0.0,820.2115499999995,0.0,29.623450000000616,9311.809605,10050.0,668.5376933333334,0.0,0.0
2025-01-23,22,q4_warmup,0.4821,688.0935833333333,0.0,682.9182833333333,0.0,682.9182833333333,5.175299999999993,0.0,-0.0,0.0,10050.0,10050.0,329.23490439499994,12.475060649999982,0.0
2025-01-23,23,q4_warmup,0.5131,690.7420999999999,0.0,681.7737166666667,0.0,681.7737166666667,8.968383333333236,0.0,-0.0,0.0,10050.0,10050.0,349.8180940216667,23.008387441666414,0.0
2025-01-23,24,q4_warmup,0.4925,698.7583333333333,0.0,703.4549999999999,0.0,703.4549999999999,0.0,0.0,0.0,4.6966666666666015,10050.0,10050.0,346.4515875,0.0,0.0
2025-01-23,25,q4_warmup,0.5005,698.97145,0.0,702.4732666666667,0.0,702.4732666666667,0.0,0.0,0.0,3.501816666666741,10050.0,10050.0,351.5878699666667,0.0,0.0
2025-01-23,26,q4_warmup,0.5059,670.8723833333333,0.0,708.5874,0.0,708.5874,0.0,0.0,0.0,37.715016666666656,10050.0,10050.0,358.47436566,0.0,0.0
2025-01-23,27,q4_warmup,0.5021,653.7533333333333,0.0,726.0799999999999,0.0,726.0799999999999,0.0,-0.0,0.0,72.3266666666666,10050.0,10050.0,364.564768,0.0,0.0
2025-01-23,28,q4_warmup,0.5189,708.3796666666667,0.0,720.1700000000001,0.0,720.1700000000001,0.0,0.0,0.0,11.790333333333365,10050.0,10050.0,373.69621300000006,0.0,0.0
2025-01-23,29,q4_warmup,0.5184,740.0459500000001,0.0,682.4008166666666,0.0,682.4008166666666,57.64513333333343,0.0,-0.0,0.0,10050.0,10050.0,353.75658336,149.41618560000023,0.0
2025-01-23,30,q4_warmup,0.4958,714.38,0.0,663.1750000000001,0.0,663.1750000000001,51.20499999999993,0.0,-0.0,0.0,10050.0,10050.0,328.80216500000006,126.93719499999982,0.0
2025-01-23,31,q4_warmup,0.4873,692.2970833333334,0.0,724.4543166666667,0.0,724.4543166666667,0.0,0.0,0.0,32.15723333333335,10050.0,10050.0,353.0265885116667,0.0,0.0
2025-01-23,32,q4_warmup,0.4908,713.2022666666667,0.00185,770.8445666666667,0.0015833333333333,770.8429833333333,0.0,57.64256666666666,0.0,0.0,10050.0,10101.87831,378.32973622,0.0,-7.105427357601002e-15
2025-01-23,33,q4_warmup,0.4675,738.225,0.0,747.5300000000001,0.0,747.5300000000001,0.0,0.0,0.0,9.305000000000064,10101.87831,10101.87831,349.4702750000001,0.0,0.0
2025-01-23,34,q4_warmup,0.4278,707.8200333333333,0.0,701.5329666666667,0.0,1534.8663,0.0,775.6907666666666,0.0,51.35550000000024,10101.87831,10800.0,656.61580314,0.0,0.0
2025-01-23,35,q4_warmup,0.6619,758.3790666666667,0.0257166666666666,757.6382,0.0221166666666666,757.6160833333333,0.7372666666667425,0.0,-0.0,0.0,10800.0,10800.0,501.46608555833336,2.4399840333335843,0.0
2025-01-23,36,q4_warmup,1.0499,881.1983333333333,0.0,885.2833333333333,0.0,885.2833333333333,0.0,0.0,-0.0,4.085000000000036,10800.0,10800.0,929.4589716666668,0.0,0.0
2025-01-23,37,q4_warmup,1.144,921.3626333333332,0.0,925.7947166666668,0.0,925.7947166666668,0.0,0.0,-0.0,4.43208333333348,10800.0,10800.0,1059.1091558666665,0.0,0.0
2025-01-23,38,q4_warmup,1.0966,916.55215,0.3582333333333333,903.4826,0.3079833333333333,903.1746166666666,13.019300000000085,0.0,-0.0,0.0,10800.0,10800.0,990.4212846366664,71.38482190000047,0.0
2025-01-23,39,q4_warmup,1.0711,908.4583333333334,0.0,886.1233333333333,0.0,886.1233333333333,22.33500000000004,0.0,-0.0,0.0,10800.0,10800.0,949.1267023333332,119.61509250000016,0.0
2025-01-23,40,q4_warmup,1.0743,896.70865,0.0,911.3681666666666,0.0,911.3681666666666,0.0,0.0,-0.0,14.659516666666605,10800.0,10800.0,979.08282145,0.0,0.0
2025-01-23,41,q4_warmup,1.0647,896.6734166666666,6.152983333333334,916.3569166666666,5.389633333333333,910.9672833333332,0.0,0.0,-0.0,20.44684999999998,10800.0,10800.0,969.906866565,0.0,-5.329070518200752e-14
2025-01-23,42,q4_warmup,1.0398,902.75,31.4125,886.5300000000001,29.7,856.83,14.507499999999958,0.0,-0.0,0.0,10800.0,10800.0,890.9318340000001,75.42449249999977,0.0
2025-01-23,43,q4_warmup,1.0309,897.3829000000001,70.72971666666668,877.5594500000001,72.22711666666667,805.3323333333334,21.320849999999997,0.0,-0.0,0.0,10800.0,10800.0,830.2171024333334,109.89832132499996,0.0
2025-01-23,44,q4_warmup,1.0076,913.5118166666666,112.4101,927.696,122.24303333333334,805.4529666666667,0.0,0.0,-0.0,4.351250000000107,10800.0,10800.0,811.5744092133334,0.0,5.684341886080803e-14
2025-01-23,45,q4_warmup,0.9548,920.49,153.49375,960.415,170.89374999999998,789.52125,0.0,0.0,-0.0,22.52500000000001,10800.0,10800.0,753.8348895,0.0,-2.8421709430404014e-14
2025-01-23,46,q4_warmup,0.9308,878.52545,199.57706666666664,883.4682166666666,216.44985,667.0183666666667,11.93001666666666,0.0,-0.0,0.0,10800.0,10800.0,620.8606956933334,55.52229756666664,0.0
2025-01-23,47,q4_warmup,1.1437,1001.96325,247.5073833333333,963.1933833333331,266.07896666666664,697.1144166666666,57.34145000000015,0.0,-0.0,0.0,10800.0,10800.0,797.2897583416665,327.90708182500083,0.0
2025-01-23,48,q4_warmup,1.4355,1222.8216666666667,297.2875,1170.62,315.925,21.361666666666792,70.83916666666664,0.0,833.3333333333334,0.0,10800.0,9874.074074074077,30.66467250000018,508.4481187499998,0.0
2025-01-23,49,q4_warmup,1.4131,1241.4583666666667,350.6774666666667,1202.53425,355.77956666666665,13.42134999999996,44.02621666666653,0.0,833.3333333333334,0.0,9874.074074074077,8948.14814814815,18.965709684999947,311.0672338583324,-2.273736754432321e-13
2025-01-23,50,q4_warmup,1.3454,1210.3315,395.1239,1195.8467333333333,401.6345166666667,0.0,0.0,0.0,815.2076,0.0,8948.14814814815,8042.361925925928,0.0,0.0,0.0
2025-01-23,51,q4_warmup,1.3628,1215.295,425.88125,1230.2133333333334,449.475,0.0,0.0,0.0,789.41375,0.0,8042.361925925928,7165.235537037039,0.0,0.0,0.0
2025-01-23,52,q4_warmup,1.3359,1189.1281833333337,451.7529333333334,1234.79855,480.8554333333333,0.0,0.0,0.0,737.3752500000003,0.0,7165.235537037039,6345.929703703705,0.0,0.0,0.0
2025-01-23,53,q4_warmup,1.3247,1182.9484833333331,489.05755,1222.1721333333332,524.6172666666666,0.0,0.0,0.0,693.8909333333331,0.0,6345.929703703705,5574.939777777779,0.0,0.0,0.0
2025-01-23,54,q4_warmup,1.3396,1208.4683333333337,535.49375,1210.6666666666667,580.8249999999999,0.0,0.0,0.0,672.9745833333337,0.0,5574.939777777779,4827.1902407407415,0.0,0.0,0.0
2025-01-23,55,q4_warmup,1.3129,1218.9920666666667,575.7244166666667,1201.2763666666667,621.84825,0.0,0.0,0.0,643.26765,0.0,4827.1902407407415,4112.448407407408,0.0,0.0,0.0
2025-01-23,56,q4_warmup,1.2656,1217.5106,622.9164833333333,1193.65515,671.0419833333334,0.0,10.35443333333319,0.0,584.2396833333336,0.0,4112.448407407408,3463.293203703704,0.0,65.52285413333243,0.0
2025-01-23,57,q4_warmup,1.2293,1204.246666666667,678.36875,1190.0316666666663,723.9125,288.0811999999986,237.79671666666832,0.0,-0.0,0.0,3463.293203703704,3463.293203703704,354.1382191599983,1461.617518991677,0.0
2025-01-23,58,q4_warmup,1.2272,1176.8578,725.8994666666667,1193.1845833333334,746.61415,446.5704333333334,4.387899999999831,0.0,-0.0,0.0,3463.293203703704,3463.293203703704,548.0312357866668,26.924154399998965,0.0
2025-01-23,59,q4_warmup,1.2951,1182.9232,757.1238166666667,1197.5525,752.3535,0.0,0.0,0.0,425.79938333333325,0.0,3463.293203703704,2990.182777777778,0.0,0.0,0.0
2025-01-23,60,q4_warmup,1.3796,1198.5633333333333,785.0875,1203.4883333333337,772.99375,0.0,0.0,0.0,413.4758333333333,0.0,2990.182777777778,2530.7651851851856,0.0,0.0,0.0
2025-01-23,61,q4_warmup,1.3721,1153.89575,828.2179,1211.43895,831.0097999999999,0.0,0.0,0.0,325.6778499999999,0.0,2530.7651851851856,2168.900907407408,0.0,0.0,0.0
2025-01-23,62,q4_warmup,1.3148,1127.34245,851.40085,1192.1108666666669,886.6982333333334,0.0,0.0,0.0,275.9416000000001,0.0,2168.900907407408,1862.29912962963,0.0,0.0,0.0
2025-01-23,63,q4_warmup,1.3097,1141.075,851.69375,1154.2166666666667,910.7875,0.0,0.0,0.0,289.38125,0.0,1862.29912962963,1540.7644074074078,0.0,0.0,0.0
2025-01-23,64,q4_warmup,1.381,1139.1795833333333,865.31075,1140.6711166666666,908.6717666666668,0.0,0.0,0.0,273.8688333333333,0.0,1540.7644074074078,1236.465703703704,0.0,0.0,0.0
2025-01-23,65,q4_warmup,1.1849,1130.5698333333332,900.8378333333334,1148.8656166666667,918.2567833333331,230.60883333333345,0.0,0.0,0.0,0.8768333333335931,1236.465703703704,1236.465703703704,273.24840661666684,0.0,-1.1368683772161605e-13
2025-01-23,66,q4_warmup,0.8165,1145.175,932.59375,1159.4416666666666,940.65,1052.125,0.0,792.8158847736621,0.0,46.72786522633794,1236.465703703704,1950.0,859.0600625,0.0,0.0
2025-01-23,67,q4_warmup,0.742,1193.9189333333334,929.12215,1156.4665833333331,946.3401,1043.4598166666667,54.67029999999989,833.3333333333333,0.0,0.0,1950.0,2700.0,774.2471839666667,202.8268129999996,2.273736754432321e-13
2025-01-23,68,q4_warmup,0.7903,1200.9674833333331,940.01695,1156.25685,959.8560666666668,1029.7341166666663,64.5497499999999,833.3333333333333,0.0,0.0,2700.0,3450.0,813.7988724016666,255.06833712499963,0.0
2025-01-23,69,q4_warmup,0.7835,1167.8366666666668,960.85,1162.0966666666666,973.2125,1022.2175,18.10250000000008,833.3333333333333,0.0,0.0,3450.0,4200.0,800.90741125,70.9165437500003,0.0
2025-01-23,70,q4_warmup,0.7265,1163.3171666666667,940.3385166666668,1155.07595,954.5582166666668,1033.8510666666668,22.46091666666632,833.3333333333333,0.0,0.0,4200.0,4950.0,751.0927999333335,81.58927979166542,-2.273736754432321e-13
2025-01-23,71,q4_warmup,0.7176,1133.116533333333,934.5943333333332,1114.2599666666667,959.1561666666666,988.4371333333336,43.41839999999968,833.3333333333333,0.0,0.0,4950.0,5700.0,709.3024868800001,155.78521919999886,0.0
2025-01-23,72,q4_warmup,0.7537,1085.3266666666666,947.64375,1067.5783333333334,985.33125,915.5804166666668,55.43583333333322,833.3333333333333,0.0,0.0,5700.0,6450.0,690.0729600416668,208.90993791666628,0.0
2025-01-23,73,q4_warmup,0.7498,1093.17485,927.4323166666668,1067.8196333333333,977.82975,923.3232166666668,75.7526499999999,833.3333333333333,0.0,0.0,6450.0,7200.0,692.3077478566667,283.99668484999967,0.0
2025-01-23,74,q4_warmup,0.7783,1114.8165166666663,914.4241333333332,1073.0706,981.3263833333334,925.07755,108.64816666666638,833.3333333333333,0.0,0.0,7200.0,7950.0,719.9878571649999,422.8043405833322,0.0
2025-01-23,75,q4_warmup,0.7663,1109.6016666666667,923.6375,1072.1433333333332,1005.64375,899.8329166666665,119.4645833333334,833.3333333333333,0.0,0.0,7950.0,8700.0,689.5419640416666,457.7285510416669,0.0
2025-01-23,76,q4_warmup,0.6042,1080.5876833333334,926.4749333333332,1095.1417166666668,1008.6700666666668,919.8049833333334,67.64110000000005,833.3333333333333,0.0,0.0,8700.0,9450.0,555.7461709300001,204.34376310000016,0.0
2025-01-23,77,q4_warmup,0.7496,1079.3658,918.0123833333332,1118.5897833333331,983.9940833333334,967.9290333333332,26.757716666666735,833.3333333333333,0.0,0.0,9450.0,10200.0,725.5596033866667,100.28792206666694,0.0
2025-01-23,78,q4_warmup,1.1259,1116.9216666666666,907.2625,1128.1333333333334,948.8625,179.27083333333337,30.388333333333208,0.0,-0.0,0.0,10200.0,10200.0,201.84103125,171.07112249999926,0.0
2025-01-23,79,q4_warmup,1.1717,1149.9257833333334,903.1456166666668,1126.1263666666666,924.2569833333332,0.0001128567297481,0.0,0.0,246.7800538099367,0.0,10200.0,9925.799940211182,0.0001322342302459,0.0,-2.273736754432321e-13
2025-01-23,80,q4_warmup,1.0863,1130.59115,885.56795,1091.8262666666667,890.8607999999999,200.9654666666668,44.0577333333332,0.0,0.0,0.0,9925.799940211182,9925.799940211182,218.3087864400001,239.29957859999928,0.0
2025-01-23,81,q4_warmup,1.0611,1083.6083333333331,855.6437500000001,1056.5333333333333,842.4499999999999,214.08333333333337,13.881249999999682,0.0,0.0,0.0,9925.799940211182,9925.799940211182,227.16382500000003,73.6469718749983,0.0
2025-01-23,82,q4_warmup,1.0887,1079.7791333333332,835.1390333333334,1081.6439666666668,794.6560833333333,286.98788333333346,0.0,42.34778333333361,0.0,0.0,9925.799940211182,9963.912945211185,312.44370858500014,0.0,0.0
2025-01-23,83,q4_warmup,1.1866,1084.6209166666663,814.8970666666668,1118.1821833333331,756.6756999999999,0.0,0.0,0.0,269.7238499999995,0.0,9963.912945211185,9664.219778544517,0.0,0.0,0.0
2025-01-23,84,q4_warmup,1.3224,1089.6483333333333,792.3937500000001,1123.6866666666667,722.8874999999999,0.0,0.0,0.0,297.25458333333324,0.0,9664.219778544517,9333.936908174146,0.0,0.0,0.0
2025-01-23,85,q4_warmup,1.4099,1117.0901833333337,773.11915,1100.38085,685.0337666666666,0.0,0.0,0.0,343.9710333333337,0.0,9333.936908174146,8951.74687113711,0.0,0.0,0.0
2025-01-23,86,q4_warmup,1.3839,1103.8877,737.3382166666667,1088.1194666666668,673.8711166666667,0.0,0.0,0.0,366.5494833333333,0.0,8951.74687113711,8544.469667433406,0.0,0.0,0.0
2025-01-23,87,q4_warmup,1.3547,1063.785,691.2937499999999,1087.4716666666666,678.8249999999999,0.0,0.0,0.0,372.49125000000015,0.0,8544.469667433406,8130.59050076674,0.0,0.0,0.0
2025-01-23,88,q4_warmup,1.4573,1076.4231,659.5374833333334,1068.4849333333334,656.0776500000001,0.0,0.0,0.0,416.8856166666666,0.0,8130.59050076674,7667.384260025999,0.0,0.0,0.0
2025-01-23,89,q4_warmup,1.275,1092.6733166666666,612.1771,1069.857983333333,632.0391333333333,0.0,0.0,0.0,480.49621666666656,0.0,7667.384260025999,7133.499574840815,0.0,0.0,0.0
2025-01-23,90,q4_warmup,0.8903,1086.4833333333331,553.1750000000001,1090.915,612.38125,1311.8670833333333,0.0,778.5587500000003,0.0,0.0,7133.499574840815,7834.202449840815,1167.9552642916667,0.0,-1.1368683772161605e-13
2025-01-23,91,q4_warmup,0.8364,1079.79465,519.2198166666667,1088.9182166666667,570.6106166666667,1351.6409333333334,0.0,791.0661,0.0,0.0,7834.202449840815,8546.161939840815,1130.5124766400002,0.0,0.0
2025-01-23,92,q4_warmup,0.902,1062.6083166666667,487.61758333333336,1080.421016666667,507.59185,1406.1625,0.0,831.1717666666666,0.0,0.0,8546.161939840815,9294.216529840814,1268.358575,0.0,0.0
2025-01-23,93,q4_warmup,0.9111,1050.4016666666666,443.09375,1080.7183333333337,444.79375,1469.257916666667,0.0,571.0641596707763,0.0,290.8858403292239,9294.216529840814,9808.174273544511,1338.6408878750003,0.0,0.0
2025-01-23,94,q4_warmup,0.9127,1072.00375,394.4701,1083.3101,405.7295,1510.9139333333333,0.0,833.3333333333334,0.0,0.0469499999998106,9808.174273544511,10558.174273544511,1379.0111469533333,0.0,0.0
2025-01-23,95,q4_warmup,0.9419,1076.1403666666668,354.89006666666666,1063.32675,369.6503666666667,962.3716349505404,27.57391666666723,268.69525161720753,0.0,0.0,10558.174273544511,10800.0,906.457842959914,129.85936054166933,0.0
2025-01-23,96,q4_warmup,0.9807,1055.1166666666666,317.83125,1036.4633333333334,325.33125,711.1320833333334,26.153333333333137,0.0,-0.0,0.0,10800.0,10800.0,697.4072341250001,128.24286999999904,0.0
2025-01-23,97,q4_warmup,0.9889,1053.566816666667,264.2705833333333,1044.944,279.76165,765.18235,24.113883333333547,0.0,-0.0,0.0,10800.0,10800.0,756.688825915,119.23109614166772,0.0
2025-01-23,98,q4_warmup,1.0237,1069.0150666666666,206.73476666666667,1058.5720833333332,230.1162,828.4558833333332,33.824416666666735,0.0,-0.0,0.0,10800.0,10800.0,848.0902877683333,173.1302767083337,0.0
2025-01-23,99,q4_warmup,1.0764,1074.955,156.0625,1059.4116666666666,177.025,882.3866666666667,36.50583333333327,0.0,-0.0,0.0,10800.0,10800.0,949.801008,196.47439499999965,0.0
2025-01-23,100,q4_warmup,1.0787,1053.2505166666667,112.03448333333334,1057.93005,125.64858333333332,932.2814666666666,8.93456666666681,0.0,-0.0,0.0,10800.0,10800.0,1005.6520180933333,48.18858531666744,0.0
2025-01-23,101,q4_warmup,1.0823,1061.3620666666668,69.76148333333333,1055.0228833333333,75.09148333333333,979.9314,11.669183333333535,0.0,-0.0,0.0,10800.0,10800.0,1060.57975422,63.14778560833443,0.0
2025-01-23,102,q4_warmup,1.1132,1082.8383333333334,31.46875,1054.685,31.3,1023.385,27.984583333333376,0.0,-0.0,0.0,10800.0,10800.0,1139.232182,155.76219083333356,0.0
2025-01-23,103,q4_warmup,1.1404,1045.3176666666666,6.297366666666666,1060.0607333333337,5.758466666666667,1054.3022666666668,0.0,0.0,-0.0,15.281966666666891,10800.0,10800.0,1202.326304906667,0.0,1.0658141036401504e-14
2025-01-23,104,q4_warmup,1.1346,1021.4821666666668,0.0,1049.665883333333,0.0,1049.665883333333,0.0,0.0,-0.0,28.183716666666555,10800.0,10800.0,1190.95091123,0.0,0.0
2025-01-23,105,q4_warmup,1.1157,1051.5483333333334,0.0,1043.5283333333334,0.0,1043.5283333333334,8.019999999999982,0.0,-0.0,0.0,10800.0,10800.0,1164.2645615,44.7395699999999,0.0
2025-01-23,106,q4_warmup,1.1426,1076.3011833333333,0.36845,1060.2211666666667,0.3302166666666666,1059.89095,16.04178333333328,0.0,-0.0,0.0,10800.0,10800.0,1211.03139947,91.64670818333305,0.0
2025-01-23,107,q4_warmup,1.233,930.6285833333332,0.0,933.7647166666668,0.0,933.7647166666668,0.0,0.0,-0.0,3.1361333333335324,10800.0,10800.0,1151.3318956500002,0.0,0.0
2025-01-23,108,q4_warmup,1.3227,715.7516666666667,0.0,729.0566666666667,0.0,729.0566666666667,0.0,0.0,-0.0,13.305000000000064,10800.0,10800.0,964.323253,0.0,0.0
2025-01-23,109,q4_warmup,1.3167,709.9707333333334,0.02645,694.8075666666667,0.0237,694.7838666666668,15.160416666666674,0.0,-0.0,0.0,10800.0,10800.0,914.8219172400002,99.80860312500003,0.0
2025-01-23,110,q4_warmup,1.2814,740.3571333333333,0.0,711.45645,0.0,711.45645,28.90068333333329,0.0,-0.0,0.0,10800.0,10800.0,911.66029503,185.1666781166664,0.0
2025-01-23,111,q4_warmup,1.2778,714.0466666666666,0.0,715.3283333333334,0.0,715.3283333333334,0.0,0.0,-0.0,1.2816666666667516,10800.0,10800.0,914.0465443333334,0.0,0.0
2025-01-23,112,q4_warmup,1.3179,712.4603000000001,0.0019,758.71155,0.0017,758.70985,0.0,0.0,-0.0,46.251449999999885,10800.0,10800.0,999.903711315,0.0,-2.131628207280301e-14
2025-01-23,113,q4_warmup,1.4039,729.4405333333334,0.0,759.0705166666667,0.0,258.3548499999994,0.0,0.0,471.085683333334,0.0,10800.0,10276.571462962962,362.7043739149991,0.0,0.0
2025-01-23,114,q4_warmup,1.4744,725.7783333333333,0.0,719.93,0.0,0.0,0.0,0.0,725.7783333333333,0.0,10276.571462962962,9470.151092592592,0.0,0.0,0.0
2025-01-23,115,q4_warmup,1.4511,680.5161666666667,0.0,729.96585,0.0,0.0,0.0,0.0,680.5161666666667,0.0,9470.151092592592,8714.022018518519,0.0,0.0,0.0
2025-01-23,116,q4_warmup,1.4309,677.2218333333334,0.0,736.064,0.0,0.0,0.0,0.0,677.2218333333334,0.0,8714.022018518519,7961.553314814815,0.0,0.0,0.0
2025-01-23,117,q4_warmup,1.471,723.5666666666666,0.0,723.6033333333334,0.0,0.0,0.0,0.0,723.5666666666666,0.0,7961.553314814815,7157.590351851853,0.0,0.0,0.0
2025-01-23,118,q4_warmup,1.5309,744.2851,0.0,734.9625833333333,0.0,0.0,0.0,0.0,744.2851,0.0,7157.590351851853,6330.606907407408,0.0,0.0,0.0
2025-01-23,119,q4_warmup,1.5218,740.8114333333333,0.0,741.5478833333333,0.0,0.0,0.0,0.0,740.8114333333333,0.0,6330.606907407408,5507.483092592593,0.0,0.0,0.0
2025-01-23,120,q4_warmup,1.473,733.5283333333333,0.0,744.5799999999999,0.0,0.0,0.0,0.0,733.5283333333333,0.0,5507.483092592593,4692.451611111112,0.0,0.0,0.0
2025-01-23,121,q4_warmup,1.498,736.0074333333333,0.0,772.7663833333332,0.0,0.0,0.0,0.0,736.0074333333333,0.0,4692.451611111112,3874.6655740740734,0.0,0.0,0.0
2025-01-23,122,q4_warmup,1.5375,740.5466333333334,0.0,774.0756333333334,0.0,0.0,0.0,0.0,740.5466333333334,0.0,3874.6655740740734,3051.8359814814817,0.0,0.0,0.0
2025-01-23,123,q4_warmup,1.5841,747.2216666666667,0.0,740.6966666666667,0.0,0.0,0.0,0.0,747.2216666666667,0.0,3051.8359814814817,2221.5896851851853,0.0,0.0,0.0
2025-01-23,124,q4_warmup,1.6401,762.4862166666667,0.0,721.092,0.0,0.0,0.0,0.0,762.4862166666667,0.0,2221.5896851851853,1374.3827777777778,0.0,0.0,0.0
2025-01-23,125,q4_warmup,1.3818,766.8942666666667,0.0,728.3908833333334,0.0,728.3908833333334,0.0,0.0,38.50338333333332,0.0,1374.3827777777778,1331.6012407407409,1006.49052259,0.0,0.0
2025-01-23,126,q4_warmup,0.9578,755.1750000000001,0.0,750.6916666666666,0.0,750.6916666666666,0.0,0.0,4.483333333333462,0.0,1331.6012407407409,1326.6197592592594,719.0124783333333,0.0,0.0
2025-01-23,127,q4_warmup,0.884,742.83965,0.0,764.7712833333334,0.0,764.7712833333334,0.0,0.0,0.0,21.93163333333337,1326.6197592592594,1326.6197592592594,676.0578144666667,0.0,0.0
2025-01-23,128,q4_warmup,0.9407,744.6625166666666,0.0,765.1856666666666,0.0,765.1856666666666,0.0,0.0,0.0,20.523149999999987,1326.6197592592594,1326.6197592592594,719.8101566333332,0.0,0.0
2025-01-23,129,q4_warmup,0.9787,759.3249999999999,0.0,776.7866666666667,0.0,776.7866666666667,0.0,0.0,0.0,17.461666666666815,1326.6197592592594,1326.6197592592594,760.2411106666667,0.0,0.0
2025-01-23,130,q4_warmup,1.0227,760.3273833333333,0.0,810.8727333333333,0.0,810.8727333333333,0.0,0.0,0.0,50.54534999999999,1326.6197592592594,1326.6197592592594,829.2795443799998,0.0,0.0
2025-01-23,131,q4_warmup,0.7773,687.9770333333332,0.0,731.2814166666667,0.0,731.2814166666667,0.0,0.0,0.0,43.30438333333348,1326.6197592592594,1326.6197592592594,568.425045175,0.0,0.0
2025-01-23,132,q4_warmup,0.3865,583.9083333333333,0.0,580.3149999999999,0.0,580.3149999999999,0.0,0.0,3.593333333333362,0.0,1326.6197592592594,1322.6271666666669,224.2917475,0.0,0.0
2025-01-23,133,q4_warmup,0.34,562.41395,0.0,552.19075,0.0,1385.5240833333332,0.0,697.0809259259254,0.0,126.02920740740784,1322.6271666666669,1950.0,471.0781883333333,0.0,0.0
2025-01-23,134,q4_warmup,0.4268,590.9875166666667,0.0,588.0205500000001,0.0,588.0205500000001,2.966966666666559,0.0,-0.0,0.0,1950.0,1950.0,250.96717074000003,6.3315068666664365,-1.1368683772161605e-13
2025-01-23,135,q4_warmup,0.4596,607.8633333333333,0.0,601.5683333333333,0.0,601.5683333333333,6.2949999999999,0.0,2.0463630789890886e-13,0.0,1950.0,1949.9999999999995,276.480806,14.46590999999977,0.0
2025-01-23,136,q4_warmup,0.4564,582.06035,0.0,570.3148,0.0,570.3148,11.74555000000017,0.0,-2.0463630789890886e-13,0.0,1949.9999999999995,1950.0,260.29167472,26.80334510000039,0.0
2025-01-23,137,q4_warmup,0.4397,568.1048833333333,0.0,569.3074666666666,0.0,569.3074666666666,0.0,0.0,0.0,1.2025833333330638,1950.0,1950.0,250.3244930933333,0.0,2.7289281945286353e-13
2025-01-23,138,q4_warmup,0.4384,572.2233333333334,0.0,604.0783333333333,0.0,604.0783333333333,0.0,0.0,0.0,31.85499999999954,1950.0,1950.0,264.8279413333333,0.0,3.659295089164516e-13
2025-01-23,139,q4_warmup,0.4692,553.6918333333333,0.0,606.8031,0.0,521.39645,0.0,0.0,32.29538333333333,0.0,1950.0,1914.116240740741,244.63921434,0.0,0.0
2025-01-23,140,q4_warmup,0.4698,559.6259666666666,0.0,589.59335,0.0,0.0,0.0,0.0,559.625966666667,0.0,1914.116240740741,1292.309611111111,0.0,0.0,3.410605131648481e-13
2025-01-23,141,q4_warmup,0.4436,598.7416666666667,0.0,572.2783333333333,0.0,572.2783333333333,0.0,0.0,26.463333333333367,0.0,1292.309611111111,1262.9059074074073,253.86266866666665,0.0,0.0
2025-01-23,142,q4_warmup,0.4481,616.1648666666666,0.0,563.0160999999999,0.0,563.0160999999999,0.0,0.0,53.14876666666662,0.0,1262.9059074074073,1203.8517222222222,252.28751441,0.0,-1.1368683772161605e-13
2025-01-23,143,q4_warmup,0.4181,551.6382166666666,0.0,575.1908833333333,0.0,575.1908833333333,0.0,0.0,0.0,23.552666666666685,1203.8517222222222,1203.8517222222222,240.4873083216667,0.0,2.4868995751603507e-14
2025-01-23,144,q4_warmup,0.347,446.1616666666666,0.0,594.895,0.0,594.895,0.0,0.0,0.0,148.73333333333346,1203.8517222222222,1203.8517222222222,206.428565,0.0,-5.684341886080803e-14
2025-01-24,1,q4_warmup,0.3048,409.1426666666667,0.0,593.6854833333333,0.0,1427.018816666667,0.0,833.3333333333334,0.0,184.54281666666668,1203.8517222222222,1953.8517222222224,434.95533532,0.0,0.0
2025-01-24,2,q4_warmup,0.3072,417.1940333333334,0.0,598.4678666666667,0.0,1431.8012,0.0,833.3333333333334,0.0,181.2738333333333,1953.8517222222224,2703.851722222222,439.84932864,0.0,0.0
2025-01-24,3,q4_warmup,0.3419,442.2033333333333,0.0,616.445,0.0,1449.7783333333334,0.0,833.3333333333328,0.0,174.24166666666724,2703.851722222222,3453.8517222222217,495.6792121666667,0.0,0.0
2025-01-24,4,q4_warmup,0.3798,476.71183333333335,0.0,627.1227166666666,0.0,1460.45605,0.0,833.3333333333333,0.0,150.41088333333346,3453.8517222222217,4203.851722222222,554.68120779,0.0,0.0
2025-01-24,5,q4_warmup,0.3823,480.1322166666666,0.0,634.0951,0.0,1296.4820753086426,0.0,816.349858641976,0.0,0.0,4203.851722222222,4938.566595,495.645097390494,0.0,0.0
2025-01-24,6,q4_warmup,0.3679,463.1216666666666,0.0,634.9216666666667,0.0,1468.255,0.0,679.3704499999998,0.0,325.76288333333366,4938.566595,5550.0,540.1710145000001,0.0,0.0
2025-01-24,7,q4_warmup,0.3868,473.8980666666666,0.0,624.7802166666667,0.0,624.7802166666667,0.0,150.88215000000008,0.0,0.0,5550.0,5685.793935,241.66498780666663,0.0,0.0
2025-01-24,8,q4_warmup,0.3812,474.1392166666667,0.0,636.64795,0.0,1469.9812833333335,0.0,682.4511833333337,0.0,313.39088333333314,5685.793935,6300.0,560.3568652066667,0.0,0.0
2025-01-24,9,q4_warmup,0.3569,462.925,0.0,658.76,0.0,1492.0933333333332,0.0,833.3333333333333,0.0,195.83500000000004,6300.0,7050.0,532.5281106666666,0.0,0.0
2025-01-24,10,q4_warmup,0.3801,479.9341666666666,0.0,648.7732500000001,0.0,1482.1065833333334,0.0,833.3333333333334,0.0,168.8390833333334,7050.0,7800.0,563.3487123250001,0.0,0.0
2025-01-24,11,q4_warmup,0.3962,490.7048666666667,0.0,655.75145,0.0,655.75145,0.0,0.0,0.0,165.04658333333327,7800.0,7800.0,259.80872449,0.0,0.0
2025-01-24,12,q4_warmup,0.3893,492.6183333333333,0.0,670.4433333333333,0.0,670.4433333333333,0.0,0.0,0.0,177.825,7800.0,7800.0,261.00358966666664,0.0,0.0
2025-01-24,13,q4_warmup,0.3995,515.7566833333334,0.0,632.6434333333333,0.0,632.6434333333333,0.0,0.0,0.0,116.88674999999988,7800.0,7800.0,252.74105161666665,0.0,0.0
2025-01-24,14,q4_warmup,0.4138,519.7063333333333,0.0,602.6531333333334,0.0,602.6531333333334,0.0,0.0,0.0,82.94680000000005,7800.0,7800.0,249.3778665733333,0.0,0.0
2025-01-24,15,q4_warmup,0.4104,510.43,0.0,609.6633333333333,0.0,609.6633333333333,0.0,99.23333333333328,0.0,0.0,7800.0,7889.31,250.205832,0.0,0.0
2025-01-24,16,q4_warmup,0.3868,535.9960833333333,0.0,629.5726333333333,0.0,629.5726333333333,0.0,93.57655,0.0,0.0,7889.31,7973.528895,243.5186945733333,0.0,0.0
2025-01-24,17,q4_warmup,0.3922,556.4173833333333,0.0,671.5074333333333,0.0,671.5074333333333,0.0,115.09005000000002,0.0,0.0,7973.528895,8077.10994,263.3652153533333,0.0,0.0
2025-01-24,18,q4_warmup,0.4124,549.1566666666666,0.0,704.7633333333333,0.0,704.7633333333333,0.0,155.60666666666668,0.0,0.0,8077.10994,8217.15594,290.64439866666663,0.0,0.0
2025-01-24,19,q4_warmup,0.3857,530.5092666666667,0.0,680.1314666666666,0.0,680.1314666666666,0.0,149.6221999999999,0.0,0.0,8217.15594,8351.815920000001,262.3267066933333,0.0,0.0
2025-01-24,20,q4_warmup,0.3623,511.5433,0.0,666.2313333333333,0.0,1499.5646666666669,0.0,220.2045333333323,0.0,767.8168333333343,8351.815920000001,8550.0,543.2922787333333,0.0,0.0
2025-01-24,21,q4_warmup,0.3704,504.665,0.0,683.5083333333333,0.0,1516.8416666666667,0.0,833.3333333333333,0.0,178.84333333333348,8550.0,9300.0,561.8381533333334,0.0,0.0
2025-01-24,22,q4_warmup,0.3866,515.50355,0.0,688.0935833333333,0.0,688.0935833333333,0.0,0.0,0.0,172.59003333333328,9300.0,9300.0,266.01697931666666,0.0,0.0
2025-01-24,23,q4_warmup,0.39,512.6111500000001,0.0,690.7420999999999,0.0,690.7420999999999,0.0,0.0,0.0,178.13094999999987,9300.0,9300.0,269.389419,0.0,0.0
2025-01-24,24,q4_warmup,0.3982,509.31166666666667,0.0,698.7583333333333,0.0,698.7583333333333,0.0,0.0,0.0,189.44666666666663,9300.0,9300.0,278.2455683333333,0.0,0.0
2025-01-24,25,q4_warmup,0.4381,544.4034833333334,0.0,698.97145,0.0,698.97145,0.0,0.0,0.0,154.56796666666662,9300.0,9300.0,306.219392245,0.0,0.0
2025-01-24,26,q4_warmup,0.4328,547.0269833333333,0.0,670.8723833333333,0.0,670.8723833333333,0.0,0.0,0.0,123.84540000000004,9300.0,9300.0,290.3535675066667,0.0,0.0
2025-01-24,27,q4_warmup,0.4071,526.215,0.0,653.7533333333333,0.0,653.7533333333333,0.0,0.0,0.0,127.5383333333333,9300.0,9300.0,266.142982,0.0,0.0
2025-01-24,28,q4_warmup,0.4567,558.5363333333333,0.0,708.3796666666667,0.0,708.3796666666667,0.0,0.0,0.0,149.84333333333336,9300.0,9300.0,323.5169937666667,0.0,0.0
2025-01-24,29,q4_warmup,0.4565,564.0977666666666,0.0,740.0459500000001,0.0,740.0459500000001,0.0,0.0,0.0,175.94818333333342,9300.0,9300.0,337.83097617500005,0.0,0.0
2025-01-24,30,q4_warmup,0.4046,536.4399999999999,0.0,714.38,0.0,714.38,0.0,0.0,0.0,177.94000000000003,9300.0,9300.0,289.03814800000004,0.0,0.0
2025-01-24,31,q4_warmup,0.4218,549.2923,0.0,692.2970833333334,0.0,692.2970833333334,0.0,143.00478333333342,0.0,0.0,9300.0,9428.704305,292.01090975,0.0,0.0
2025-01-24,32,q4_warmup,0.4053,546.3291166666667,0.002,713.2022666666667,0.00185,713.2004166666667,0.0,166.87330000000003,0.0,0.0,9428.704305,9578.890275,289.060128875,0.0,-5.684341886080803e-14
2025-01-24,33,q4_warmup,0.3375,531.4533333333333,0.0,738.225,0.0,1571.5583333333334,0.0,523.4552500000003,0.0,516.6497499999997,9578.890275,10050.0,530.4009375,0.0,0.0
2025-01-24,34,q4_warmup,0.3468,565.2482166666667,0.0,707.8200333333333,0.0,1541.153366666667,0.0,833.3333333333333,0.0,142.57181666666668,10050.0,10800.0,534.47198756,0.0,0.0
2025-01-24,35,q4_warmup,0.5612,564.5728833333334,0.0279333333333333,758.3790666666667,0.0257166666666666,758.3533500000001,0.0,0.0,-0.0,193.80840000000003,10800.0,10800.0,425.58790002000006,0.0,-2.8421709430404014e-14
2025-01-24,36,q4_warmup,0.8204,534.9383333333334,0.0,881.1983333333333,0.0,881.1983333333333,0.0,0.0,-0.0,346.2599999999999,10800.0,10800.0,722.9351126666667,0.0,0.0
2025-01-24,37,q4_warmup,0.8152,564.3955833333333,0.0,921.3626333333332,0.0,921.3626333333332,0.0,0.0,-0.0,356.96705,10800.0,10800.0,751.0948186933333,0.0,0.0
2025-01-24,38,q4_warmup,0.7736,573.2618666666666,0.3890499999999999,916.55215,0.3582333333333333,916.1939166666666,0.0,0.0,-0.0,343.3211,10800.0,10800.0,708.7676139333332,0.0,0.0
2025-01-24,39,q4_warmup,0.8045,542.495,0.0,908.4583333333334,0.0,908.4583333333334,0.0,0.0,-0.0,365.96333333333337,10800.0,10800.0,730.8547291666667,0.0,0.0
2025-01-24,40,q4_warmup,0.8067,543.57235,0.0,896.70865,0.0,896.70865,0.0,0.0,-0.0,353.1363,10800.0,10800.0,723.374867955,0.0,0.0
2025-01-24,41,q4_warmup,0.8559,592.1324000000001,6.705616666666667,896.6734166666666,6.152983333333334,890.5204333333334,0.0,0.0,-0.0,305.09365,10800.0,10800.0,762.19643889,0.0,-5.684341886080803e-14
2025-01-24,42,q4_warmup,0.9114,640.9583333333334,34.74375,902.75,31.4125,848.8727999999979,0.0,0.0,-0.0,242.65821666666457,10800.0,10800.0,773.6626699199982,0.0,-2.8421709430404014e-14
2025-01-24,43,q4_warmup,0.8439,629.20325,78.79588333333334,897.3829000000001,70.72971666666668,826.6531833333333,0.0,0.0,-0.0,276.24581666666666,10800.0,10800.0,697.612621415,0.0,0.0
2025-01-24,44,q4_warmup,0.811,628.8235833333333,122.71381666666667,913.5118166666666,112.4101,801.1017166666666,0.0,0.0,-0.0,294.9919499999999,10800.0,10800.0,649.6934922166666,0.0,-5.684341886080803e-14
2025-01-24,45,q4_warmup,0.8202,661.5666666666667,160.84375,920.49,153.49375,766.9962499999999,0.0,0.0,-0.0,266.2733333333332,10800.0,10800.0,629.09032425,0.0,0.0
2025-01-24,46,q4_warmup,0.7526,674.04545,200.75055,878.52545,199.57706666666664,678.9483833333334,0.0,0.0,-0.0,205.6534833333334,10800.0,10800.0,510.97655329666674,0.0,-2.8421709430404014e-14
2025-01-24,47,q4_warmup,0.8594,649.7603166666667,247.99456666666663,1001.96325,247.5073833333333,754.4558666666666,0.0,0.0,-0.0,352.69011666666654,10800.0,10800.0,648.3793718133333,0.0,0.0
2025-01-24,48,q4_warmup,1.0798,620.7166666666667,301.15000000000003,1222.8216666666667,297.2875,92.20083333333343,0.0,0.0,227.36583333333323,0.0,10800.0,10547.371296296296,99.55845983333346,0.0,0.0
2025-01-24,49,q4_warmup,1.0715,629.9628166666666,351.2917,1241.4583666666667,350.6774666666667,57.4475666666666,0.0,0.0,221.22355000000005,0.0,10547.371296296296,10301.567351851852,61.555067683333256,0.0,0.0
2025-01-24,50,q4_warmup,0.9856,615.6964666666667,385.91563333333335,1210.3315,395.1239,0.0,0.0,0.0,229.7808333333333,0.0,10301.567351851852,10046.255314814816,0.0,0.0,0.0
2025-01-24,51,q4_warmup,0.9666,590.0716666666666,416.23125,1215.295,425.88125,0.0,0.0,0.0,173.8404166666666,0.0,10046.255314814816,9853.099296296296,0.0,0.0,0.0
2025-01-24,52,q4_warmup,1.0005,632.6896833333334,467.7444666666667,1189.1281833333337,451.7529333333334,0.0,0.0,0.0,164.94521666666668,0.0,9853.099296296296,9669.826833333334,0.0,0.0,0.0
2025-01-24,53,q4_warmup,0.9837,692.3518666666668,525.3794,1182.9484833333331,489.05755,0.0,0.0,0.0,166.97246666666672,0.0,9669.826833333334,9484.301870370373,0.0,0.0,0.0
2025-01-24,54,q4_warmup,0.9332,724.3883333333333,572.4499999999999,1208.4683333333337,535.49375,0.0,0.0,0.0,151.9383333333334,0.0,9484.301870370373,9315.4815,0.0,0.0,0.0
2025-01-24,55,q4_warmup,0.9562,732.8120166666666,607.1135833333334,1218.9920666666667,575.7244166666667,0.0,0.0,0.0,125.69843333333324,0.0,9315.4815,9175.816574074071,0.0,0.0,0.0
2025-01-24,56,q4_warmup,0.9596,752.8027999999999,650.7029666666666,1217.5106,622.9164833333333,0.0,0.0,0.0,102.09983333333332,0.0,9175.816574074071,9062.372314814816,0.0,0.0,0.0
2025-01-24,57,q4_warmup,0.9043,776.1966666666667,707.9812499999999,1204.246666666667,678.36875,525.8779166666667,0.0,0.0,0.0,457.6624999999999,9062.372314814816,9062.372314814816,475.5514000416667,0.0,0.0
2025-01-24,58,q4_warmup,0.8646,760.6325,763.7952166666668,1176.8578,725.8994666666667,450.95833333333326,0.0,0.0,0.0,454.12105,9062.372314814816,9062.372314814816,389.898575,0.0,-1.1368683772161605e-13
2025-01-24,59,q4_warmup,0.9386,729.4942666666667,812.8478833333334,1182.9232,757.1238166666667,0.0,0.0,0.0,0.0,83.35361666666665,9062.372314814816,9062.372314814816,0.0,0.0,0.0
2025-01-24,60,q4_warmup,1.0746,717.7866666666667,862.875,1198.5633333333333,785.0875,0.0,0.0,0.0,0.0,145.08833333333325,9062.372314814816,9062.372314814816,0.0,0.0,0.0
2025-01-24,61,q4_warmup,1.1073,737.9810666666667,926.5346666666666,1153.89575,828.2179,0.0,0.0,0.0,0.0,188.55359999999985,9062.372314814816,9062.372314814816,0.0,0.0,0.0
2025-01-24,62,q4_warmup,1.0437,737.15715,993.7770666666668,1127.34245,851.40085,0.0,0.0,0.0,0.0,256.6199166666668,9062.372314814816,9062.372314814816,0.0,0.0,0.0
2025-01-24,63,q4_warmup,1.0175,720.0783333333334,1023.70625,1141.075,851.69375,0.0,0.0,0.0,0.0,303.6279166666666,9062.372314814816,9062.372314814816,0.0,0.0,0.0
2025-01-24,64,q4_warmup,1.106,739.6628999999999,987.4275666666668,1139.1795833333333,865.31075,0.0,0.0,0.0,0.0,247.76466666666693,9062.372314814816,9062.372314814816,0.0,0.0,0.0
2025-01-24,65,q4_warmup,0.8628,748.1690166666667,998.3505,1130.5698333333332,900.8378333333334,229.73199999999983,0.0,0.0,0.0,479.9134833333332,9062.372314814816,9062.372314814816,198.2127695999999,0.0,1.1368683772161605e-13
2025-01-24,66,q4_warmup,0.42,731.2600000000001,1070.9625,1145.175,932.59375,1045.9145833333332,0.0,0.0,0.0,1385.617083333333,9062.372314814816,9062.372314814816,439.284125,0.0,0.0
2025-01-24,67,q4_warmup,0.3833,720.4268166666667,1108.1226166666668,1193.9189333333334,929.12215,1098.1301166666667,0.0,0.0,0.0,1485.825916666667,9062.372314814816,9062.372314814816,420.9132737183333,0.0,4.547473508864641e-13
2025-01-24,68,q4_warmup,0.4276,694.97375,1106.16395,1200.9674833333331,940.01695,1094.2838666666669,0.0,0.0,0.0,1505.4740666666669,9062.372314814816,9062.372314814816,467.91578138666665,0.0,0.0
2025-01-24,69,q4_warmup,0.3576,666.8000000000001,1106.6125,1167.8366666666668,960.85,1040.3200000000002,0.0,0.0,0.0,1480.1325000000002,9062.372314814816,9062.372314814816,372.018432,0.0,-4.547473508864641e-13
2025-01-24,70,q4_warmup,0.3215,676.4565666666666,1144.16115,1163.3171666666667,940.3385166666668,1056.3119833333335,0.0,0.0,0.0,1524.016566666667,9062.372314814816,9062.372314814816,339.6043026416667,0.0,0.0
2025-01-24,71,q4_warmup,0.358,694.6268333333334,1148.8335833333333,1133.116533333333,934.5943333333332,1031.8555333333334,0.0,0.0,0.0,1486.0622833333332,9062.372314814816,9062.372314814816,369.4042809333333,0.0,0.0
2025-01-24,72,q4_warmup,0.3961,689.9766666666666,1116.1125,1085.3266666666666,947.64375,971.01625,0.0,0.0,0.0,1397.1520833333334,9062.372314814816,9062.372314814816,384.619536625,0.0,0.0
2025-01-24,73,q4_warmup,0.3467,664.96145,1110.72975,1093.17485,927.4323166666668,999.0758666666668,0.0,0.0,0.0,1444.8441666666668,9062.372314814816,9062.372314814816,346.37960297333336,0.0,-2.273736754432321e-13
2025-01-24,74,q4_warmup,0.349,688.3564500000001,1108.6275666666668,1114.8165166666663,914.4241333333332,1033.7257166666666,0.0,0.0,0.0,1453.9968333333331,9062.372314814816,9062.372314814816,360.7702751166666,0.0,0.0
2025-01-24,75,q4_warmup,0.391,731.4616666666667,1099.2375,1109.6016666666667,923.6375,1019.2975,0.0,0.0,0.0,1387.0733333333333,9062.372314814816,9062.372314814816,398.54532250000005,0.0,0.0
2025-01-24,76,q4_warmup,0.3529,698.3249999999999,1097.1969666666666,1080.5876833333334,926.4749333333332,987.4460833333336,0.0,430.6974279835392,0.0,955.6206220164612,9062.372314814816,9450.0,348.46972280833336,0.0,0.0
2025-01-24,77,q4_warmup,0.5027,674.6365666666667,1072.8165833333337,1079.3658,918.0123833333332,994.68675,0.0,833.3333333333333,0.0,559.5334333333337,9450.0,10200.0,500.029029225,0.0,4.547473508864641e-13
2025-01-24,78,q4_warmup,0.7718,681.9716666666667,1022.1,1116.9216666666666,907.2625,209.6591666666667,0.0,0.0,0.0,549.7875,10200.0,10200.0,161.81494483333336,0.0,0.0
2025-01-24,79,q4_warmup,0.7961,657.50885,974.8032166666668,1149.9257833333334,903.1456166666668,246.78016666666667,0.0,0.0,0.0,564.0745333333334,10200.0,10200.0,196.46169068333336,0.0,1.1368683772161605e-13
2025-01-24,80,q4_warmup,0.7634,641.7534333333333,946.0283333333332,1130.59115,885.56795,245.0232,0.0,0.0,0.0,549.2980999999999,10200.0,10200.0,187.05071088,0.0,1.1368683772161605e-13
2025-01-24,81,q4_warmup,0.7966,652.365,925.15,1083.6083333333331,855.6437500000001,227.96458333333328,0.0,0.0,0.0,500.7495833333333,10200.0,10200.0,181.59658708333328,0.0,0.0
2025-01-24,82,q4_warmup,0.8352,662.5607333333334,889.9290833333333,1079.7791333333332,835.1390333333334,244.64009999999985,0.0,0.0,0.0,472.0084499999998,10200.0,10200.0,204.3234115199999,0.0,-1.1368683772161605e-13
2025-01-24,83,q4_warmup,0.9123,667.2004000000001,857.0432833333333,1084.6209166666663,814.8970666666668,0.0,0.0,0.0,0.0,189.84288333333325,10200.0,10200.0,0.0,0.0,0.0
2025-01-24,84,q4_warmup,1.0157,663.3149999999999,824.7062500000001,1089.6483333333333,792.3937500000001,0.0,0.0,0.0,0.0,161.39125000000013,10200.0,10200.0,0.0,0.0,0.0
2025-01-24,85,q4_warmup,1.0766,649.2600666666666,773.7347,1117.0901833333337,773.11915,0.0,0.0,0.0,0.0,124.47463333333336,10200.0,10200.0,0.0,0.0,0.0
2025-01-24,86,q4_warmup,1.0873,642.5883333333334,727.8385833333333,1103.8877,737.3382166666667,0.0,0.0,0.0,0.0,85.25024999999994,10200.0,10200.0,0.0,0.0,0.0
2025-01-24,87,q4_warmup,1.1133,637.215,693.4562500000001,1063.785,691.2937499999999,0.0,0.0,0.0,0.0,56.24125000000004,10200.0,10200.0,0.0,0.0,0.0
2025-01-24,88,q4_warmup,1.1806,615.52265,656.2666166666667,1076.4231,659.5374833333334,0.0,0.0,0.0,0.0,40.743966666666665,10200.0,10200.0,0.0,0.0,0.0
2025-01-24,89,q4_warmup,0.954,623.86395,630.6865,1092.6733166666666,612.1771,0.0,0.0,0.0,0.0,6.822549999999978,10200.0,10200.0,0.0,0.0,0.0
2025-01-24,90,q4_warmup,0.5816,638.1466666666666,605.5500000000001,1086.4833333333331,553.1750000000001,1366.6416666666669,0.0,0.0,0.0,1334.045,10200.0,10200.0,794.8387933333333,0.0,0.0
2025-01-24,91,q4_warmup,0.582,591.0265,551.2903333333334,1079.79465,519.2198166666667,1393.9081666666666,0.0,0.0,0.0,1354.172,10200.0,10200.0,811.2545529999999,0.0,0.0
2025-01-24,92,q4_warmup,0.6723,583.42675,495.84501666666665,1062.6083166666667,487.61758333333336,1408.3240666666666,0.0,0.0,0.0,1320.7423333333331,10200.0,10200.0,946.81627002,0.0,0.0
2025-01-24,93,q4_warmup,0.676,629.025,454.48125,1050.4016666666666,443.09375,1440.64125,0.0,188.4295884773665,0.0,1077.6679115226336,10200.0,10369.58662962963,973.8734850000002,0.0,2.273736754432321e-13
2025-01-24,94,q4_warmup,0.6958,636.5458166666666,414.02448333333336,1072.00375,394.4701,677.5336500000001,0.0,0.0,0.0,455.0123166666668,10369.58662962963,10369.58662962963,471.42791367,0.0,0.0
2025-01-24,95,q4_warmup,0.7034,615.84585,358.4043833333333,1076.1403666666668,354.89006666666666,721.2503000000002,0.0,0.0,0.0,463.80883333333344,10369.58662962963,10369.58662962963,507.3274610200001,0.0,-5.684341886080803e-14
2025-01-24,96,q4_warmup,0.7057,600.7683333333333,299.15000000000003,1055.1166666666666,317.83125,737.2854166666666,0.0,0.0,0.0,435.6670833333333,10369.58662962963,10369.58662962963,520.3023185416666,0.0,5.684341886080803e-14
2025-01-24,97,q4_warmup,0.7555,606.7030166666667,262.59835,1053.566816666667,264.2705833333333,789.2962333333334,0.0,0.0,0.0,445.1915666666666,10369.58662962963,10369.58662962963,596.3133042833333,0.0,-1.1368683772161605e-13
2025-01-24,98,q4_warmup,0.8064,589.4639833333333,223.5300333333333,1069.0150666666666,206.73476666666667,862.2802999999999,0.0,0.0,0.0,496.3463499999999,10369.58662962963,10369.58662962963,695.34283392,0.0,-1.1368683772161605e-13
2025-01-24,99,q4_warmup,0.8366,565.6750000000001,173.11249999999998,1074.955,156.0625,918.8925,0.0,0.0,0.0,526.3299999999998,10369.58662962963,10369.58662962963,768.7454654999999,0.0,0.0
2025-01-24,100,q4_warmup,0.8531,583.1896333333333,126.98178333333334,1053.2505166666667,112.03448333333334,653.588238603174,0.0,0.0,0.0,197.38038860317403,10369.58662962963,10369.58662962963,557.5761263523677,0.0,5.684341886080803e-14
2025-01-24,101,q4_warmup,0.7807,521.2194666666667,80.8326,1061.3620666666668,69.76148333333333,991.6005833333336,0.0,0.0,0.0,551.2137166666668,10369.58662962963,10369.58662962963,774.1425754083334,0.0,1.1368683772161605e-13
2025-01-24,102,q4_warmup,0.6863,423.765,36.86875,1082.8383333333334,31.46875,1884.702704399373,0.0,478.2370781893001,0.0,1019.5693762100732,10369.58662962963,10800.0,1293.4714660292898,0.0,0.0
2025-01-24,103,q4_warmup,0.7272,461.1766,7.42335,1045.3176666666666,6.297366666666666,1039.0203,0.0,0.0,-0.0,585.2670499999999,10800.0,10800.0,755.5755621599999,0.0,0.0
2025-01-24,104,q4_warmup,0.7771,486.10606666666666,0.0,1021.4821666666668,0.0,1021.4821666666668,0.0,0.0,-0.0,535.3761,10800.0,10800.0,793.7937917166666,0.0,0.0
2025-01-24,105,q4_warmup,0.7591,452.08,0.0,1051.5483333333334,0.0,1051.5483333333334,0.0,0.0,-0.0,599.4683333333335,10800.0,10800.0,798.2303398333333,0.0,0.0
2025-01-24,106,q4_warmup,0.7446,456.4164333333333,0.4349333333333333,1076.3011833333333,0.36845,1075.932733333333,0.0,0.0,-0.0,619.9512333333333,10800.0,10800.0,801.13951324,0.0,-1.1368683772161605e-13
2025-01-24,107,q4_warmup,0.8958,445.5973166666667,0.0,930.6285833333332,0.0,930.6285833333332,0.0,0.0,-0.0,485.03126666666657,10800.0,10800.0,833.65708495,0.0,0.0
2025-01-24,108,q4_warmup,1.1097,424.8666666666666,0.0,715.7516666666667,0.0,715.7516666666667,0.0,0.0,-0.0,290.88500000000005,10800.0,10800.0,794.2696245,0.0,0.0
2025-01-24,109,q4_warmup,1.1122,460.6482333333333,0.0312333333333333,709.9707333333334,0.02645,709.9442833333335,0.0,0.0,-0.0,249.32728333333355,10800.0,10800.0,789.6000319233335,0.0,2.8421709430404014e-14
2025-01-24,110,q4_warmup,1.0816,474.80753333333337,0.0,740.3571333333333,0.0,740.3571333333333,0.0,0.0,-0.0,265.54959999999994,10800.0,10800.0,800.7702754133333,0.0,0.0
2025-01-24,111,q4_warmup,1.1017,457.39,0.0,714.0466666666666,0.0,714.0466666666666,0.0,0.0,-0.0,256.65666666666664,10800.0,10800.0,786.6652126666665,0.0,0.0
2025-01-24,112,q4_warmup,1.0982,474.1992666666667,0.00225,712.4603000000001,0.0019,712.4584000000001,0.0,0.0,-0.0,238.2613833333334,10800.0,10800.0,782.4218148800002,0.0,0.0
2025-01-24,113,q4_warmup,1.1949,475.7190833333333,0.0,729.4405333333334,0.0,729.4405333333334,0.0,0.0,0.0,253.7214500000001,10800.0,10800.0,871.6084932800002,0.0,0.0
2025-01-24,114,q4_warmup,1.3404,456.475,0.0,725.7783333333333,0.0,0.0,0.0,0.0,456.475,0.0,10800.0,10292.805555555557,0.0,0.0,0.0
2025-01-24,115,q4_warmup,1.3362,462.3274833333333,0.0,680.5161666666667,0.0,0.0,0.0,0.0,462.3274833333333,0.0,10292.805555555557,9779.108351851852,0.0,0.0,0.0
2025-01-24,116,q4_warmup,1.2988,451.24036666666666,0.0,677.2218333333334,0.0,0.0,0.0,0.0,451.24036666666666,0.0,9779.108351851852,9277.730166666666,0.0,0.0,0.0
2025-01-24,117,q4_warmup,1.3188,424.0016666666667,0.0,723.5666666666666,0.0,0.0,0.0,0.0,424.0016666666667,0.0,9277.730166666666,8806.617203703703,0.0,0.0,0.0
2025-01-24,118,q4_warmup,1.3658,428.91021666666666,0.0,744.2851,0.0,0.0,0.0,0.0,428.91021666666666,0.0,8806.617203703703,8330.050296296296,0.0,0.0,0.0
2025-01-24,119,q4_warmup,1.3557,443.1460333333334,0.0,740.8114333333333,0.0,0.0,0.0,0.0,443.1460333333334,0.0,8330.050296296296,7837.665814814814,0.0,0.0,0.0
2025-01-24,120,q4_warmup,1.3097,454.6183333333333,0.0,733.5283333333333,0.0,0.0,0.0,0.0,454.6183333333333,0.0,7837.665814814814,7332.534333333333,0.0,0.0,0.0
2025-01-24,121,q4_warmup,1.3226,473.00441666666666,0.0,736.0074333333333,0.0,0.0,0.0,0.0,473.00441666666666,0.0,7332.534333333333,6806.97387037037,0.0,0.0,0.0
2025-01-24,122,q4_warmup,1.32,478.76101666666665,0.0,740.5466333333334,0.0,0.0,0.0,0.0,478.76101666666665,0.0,6806.97387037037,6275.017185185185,0.0,0.0,0.0
2025-01-24,123,q4_warmup,1.3301,458.985,0.0,747.2216666666667,0.0,0.0,0.0,0.0,458.985,0.0,6275.017185185185,5765.033851851851,0.0,0.0,0.0
2025-01-24,124,q4_warmup,1.4135,428.7851166666667,0.0,762.4862166666667,0.0,0.0,0.0,0.0,428.7851166666667,0.0,5765.033851851851,5288.605944444444,0.0,0.0,0.0
2025-01-24,125,q4_warmup,1.2049,453.38105,0.0,766.8942666666667,0.0,138.86408333333247,0.0,0.0,314.51696666666754,0.0,5288.605944444444,4939.142648148147,167.3173340083323,0.0,0.0
2025-01-24,126,q4_warmup,0.8203,499.5683333333333,0.0,755.1750000000001,0.0,755.1750000000001,0.0,0.0,0.0,255.60666666666677,4939.142648148147,4939.142648148147,619.4700525000001,0.0,0.0
2025-01-24,127,q4_warmup,0.7707,473.2319333333333,0.0,742.83965,0.0,742.83965,0.0,0.0,0.0,269.6077166666667,4939.142648148147,4939.142648148147,572.5065182550001,0.0,0.0
2025-01-24,128,q4_warmup,0.7997,474.03,0.0,744.6625166666666,0.0,744.6625166666666,0.0,0.0,0.0,270.6325166666667,4939.142648148147,4939.142648148147,595.5066145783333,0.0,0.0
2025-01-24,129,q4_warmup,0.794,520.1183333333333,0.0,759.3249999999999,0.0,759.3249999999999,0.0,0.0,0.0,239.2066666666666,4939.142648148147,4939.142648148147,602.90405,0.0,0.0
2025-01-24,130,q4_warmup,0.8585,516.3050166666667,0.0,760.3273833333333,0.0,760.3273833333333,0.0,0.0,0.0,244.02236666666656,4939.142648148147,4939.142648148147,652.7410585916666,0.0,0.0
2025-01-24,131,q4_warmup,0.6338,441.8484833333334,0.0,687.9770333333332,0.0,687.9770333333332,0.0,0.0,0.0,246.12854999999985,4939.142648148147,4939.142648148147,436.0398437266666,0.0,0.0
2025-01-24,132,q4_warmup,0.2582,368.615,0.0,583.9083333333333,0.0,1417.2416666666668,0.0,0.0,0.0,1048.6266666666668,4939.142648148147,4939.142648148147,365.93179833333335,0.0,0.0
2025-01-24,133,q4_warmup,0.2732,394.9870833333334,0.0,562.41395,0.0,1395.7472833333334,0.0,0.0,0.0,1000.7602,4939.142648148147,4939.142648148147,381.31815780666665,0.0,0.0
2025-01-24,134,q4_warmup,0.3771,438.5496666666666,0.0,590.9875166666667,0.0,0.0,0.0,0.0,438.5496666666666,0.0,4939.142648148147,4451.865240740739,0.0,0.0,0.0
2025-01-24,135,q4_warmup,0.3706,447.1616666666666,0.0,607.8633333333333,0.0,0.0,0.0,0.0,447.1616666666666,0.0,4451.865240740739,3955.0189444444422,0.0,0.0,0.0
2025-01-24,136,q4_warmup,0.3541,441.2998666666667,0.0,582.06035,0.0,582.06035,0.0,0.0,0.0,140.7604833333333,3955.0189444444422,3955.0189444444422,206.107569935,0.0,0.0
2025-01-24,137,q4_warmup,0.3467,427.1882333333333,0.0,568.1048833333333,0.0,568.1048833333333,0.0,0.0,0.0,140.91665,3955.0189444444422,3955.0189444444422,196.96196305166663,0.0,0.0
2025-01-24,138,q4_warmup,0.3522,414.8,0.0,572.2233333333334,0.0,572.2233333333334,0.0,0.0,0.0,157.42333333333335,3955.0189444444422,3955.0189444444422,201.537058,0.0,0.0
2025-01-24,139,q4_warmup,0.365,412.7359,0.0,553.6918333333333,0.0,402.5426833333335,0.0,0.0,10.193216666666558,0.0,3955.0189444444422,3943.6931481481465,146.92807941666672,0.0,0.0
2025-01-24,140,q4_warmup,0.313,394.0887166666666,0.0,559.6259666666666,0.0,559.6259666666666,0.0,0.0,0.0,165.53725000000003,3943.6931481481465,3943.6931481481465,175.16292756666664,0.0,0.0
2025-01-24,141,q4_warmup,0.2657,381.785,0.0,598.7416666666667,0.0,1432.075,0.0,0.0,0.0,1050.29,3943.6931481481465,3943.6931481481465,380.5023275,0.0,0.0
2025-01-24,142,q4_warmup,0.3584,426.4114833333333,0.0,616.1648666666666,0.0,492.8030833333332,0.0,0.0,0.0,66.39159999999993,3943.6931481481465,3943.6931481481465,176.62062506666663,0.0,0.0
2025-01-24,143,q4_warmup,0.3708,457.47496666666666,0.0,551.6382166666666,0.0,0.0,0.0,0.0,457.47496666666666,0.0,3943.6931481481465,3435.387629629628,0.0,0.0,0.0
2025-01-24,144,q4_warmup,0.2955,452.7533333333333,0.0,446.1616666666666,0.0,446.1616666666666,0.0,0.0,6.59166666666664,0.0,3435.387629629628,3428.063555555554,131.8407725,0.0,0.0
2025-01-25,1,q4_warmup,0.3381,454.32543333333336,0.0,409.1426666666667,0.0,1242.476,45.182766666667135,833.3333333333338,0.0,0.0,3428.063555555554,4178.063555555555,420.0811356,76.3814670500008,1.1368683772161605e-13
2025-01-25,2,q4_warmup,0.3528,446.6726833333333,0.0,417.1940333333334,0.0,1250.5273666666667,29.47864999999979,833.3333333333333,0.0,0.0,4178.063555555555,4928.063555555555,441.18605496,52.00033859999963,0.0
2025-01-25,3,q4_warmup,0.3008,443.3066666666667,0.0,442.2033333333333,0.0,1275.5366666666666,1.1033333333332394,833.3333333333333,0.0,0.0,4928.063555555555,5678.063555555555,383.6814293333333,1.659413333333192,0.0
2025-01-25,4,q4_warmup,0.3039,476.9869166666667,0.0,476.71183333333335,0.0,1310.0451666666668,0.2750833333332139,833.3333333333333,0.0,0.0,5678.063555555555,6428.063555555555,398.12272615000006,0.4179891249998185,0.0
2025-01-25,5,q4_warmup,0.3343,484.2681500000001,0.0,480.1322166666666,0.0,1313.46555,4.135933333333469,833.3333333333333,0.0,0.0,6428.063555555555,7178.063555555555,439.0915333649999,6.9132125666668935,0.0
2025-01-25,6,q4_warmup,0.3558,468.2083333333333,0.0,463.1216666666666,0.0,1296.455,5.086666666666588,833.3333333333333,0.0,0.0,7178.063555555555,7928.063555555555,461.278689,9.04917999999986,0.0
2025-01-25,7,q4_warmup,0.3641,490.43896666666666,0.0,473.8980666666666,0.0,473.8980666666666,16.540900000000022,0.0,-0.0,0.0,7928.063555555555,7928.063555555555,172.5462860733333,30.11270845000004,0.0
2025-01-25,8,q4_warmup,0.3577,487.2113166666666,0.0,474.1392166666667,0.0,1307.47255,13.072099999999864,833.3333333333333,0.0,0.0,7928.063555555555,8678.063555555555,467.682931135,23.37945084999976,0.0
2025-01-25,9,q4_warmup,0.3605,464.605,0.0,462.925,0.0,1153.9654938271617,1.67999999999995,691.0404938271616,0.0,0.0,8678.063555555555,9300.0,416.0045605246918,3.02819999999991,1.1368683772161605e-13
2025-01-25,10,q4_warmup,0.393,494.2724,0.0,479.9341666666666,0.0,479.9341666666666,14.338233333333337,0.0,-0.0,0.0,9300.0,9300.0,188.6141275,28.174628500000004,0.0
2025-01-25,11,q4_warmup,0.3685,505.68945,0.0,490.7048666666667,0.0,490.7048666666667,14.98458333333332,0.0,-0.0,0.0,9300.0,9300.0,180.82474336666667,27.60909479166664,0.0
2025-01-25,12,q4_warmup,0.3052,487.8366666666666,0.0,492.6183333333333,0.0,1325.9516666666668,0.0,833.3333333333333,0.0,4.781666666666979,9300.0,10050.0,404.68044866666673,0.0,0.0
2025-01-25,13,q4_warmup,0.3159,501.9057666666667,0.0,515.7566833333334,0.0,1349.0900166666668,0.0,833.3333333333333,0.0,13.850916666666762,10050.0,10800.0,426.1775362650001,0.0,0.0
2025-01-25,14,q4_warmup,0.3649,514.9269333333333,0.0,519.7063333333333,0.0,519.7063333333333,0.0,0.0,-0.0,4.77940000000001,10800.0,10800.0,189.6408410333333,0.0,0.0
2025-01-25,15,q4_warmup,0.3905,507.54333333333335,0.0,510.43,0.0,510.43,0.0,0.0,-0.0,2.886666666666656,10800.0,10800.0,199.322915,0.0,0.0
2025-01-25,16,q4_warmup,0.37,497.95935,0.0,535.9960833333333,0.0,535.9960833333333,0.0,0.0,-0.0,38.03673333333336,10800.0,10800.0,198.3185508333333,0.0,0.0
2025-01-25,17,q4_warmup,0.3817,501.06135,0.0,556.4173833333333,0.0,556.4173833333333,0.0,0.0,-0.0,55.3560333333333,10800.0,10800.0,212.3845152183333,0.0,0.0
2025-01-25,18,q4_warmup,0.4212,514.0583333333333,0.0,549.1566666666666,0.0,549.1566666666666,0.0,0.0,-0.0,35.09833333333336,10800.0,10800.0,231.304788,0.0,0.0
2025-01-25,19,q4_warmup,0.4101,521.0511333333333,0.0,530.5092666666667,0.0,530.5092666666667,0.0,0.0,-0.0,9.45813333333342,10800.0,10800.0,217.56185026000003,0.0,0.0
2025-01-25,20,q4_warmup,0.402,519.49595,0.0,511.5433,0.0,511.5433,7.952650000000005,0.0,-0.0,0.0,10800.0,10800.0,205.6404066,15.984826500000011,0.0
2025-01-25,21,q4_warmup,0.4175,512.11,0.0,504.665,0.0,504.665,7.44500000000005,0.0,-0.0,0.0,10800.0,10800.0,210.6976375,15.541437500000104,0.0
2025-01-25,22,q4_warmup,0.4191,505.4489333333333,0.0,515.50355,0.0,515.50355,0.0,0.0,-0.0,10.054616666666732,10800.0,10800.0,216.047537805,0.0,0.0
2025-01-25,23,q4_warmup,0.4048,513.3439333333333,0.0,512.6111500000001,0.0,512.6111500000001,0.7327833333332592,0.0,-0.0,0.0,10800.0,10800.0,207.50499352000003,1.4831534666665165,0.0
2025-01-25,24,q4_warmup,0.3922,526.1366666666667,0.0,509.31166666666667,0.0,509.31166666666667,16.82499999999999,0.0,-0.0,0.0,10800.0,10800.0,199.75203566666667,32.99382499999997,0.0
2025-01-25,25,q4_warmup,0.3983,520.9297333333333,0.0,544.4034833333334,0.0,544.4034833333334,0.0,0.0,-0.0,23.47375000000011,10800.0,10800.0,216.83590741166668,0.0,0.0
2025-01-25,26,q4_warmup,0.3977,521.74715,0.0,547.0269833333333,0.0,547.0269833333333,0.0,0.0,-0.0,25.279833333333272,10800.0,10800.0,217.55263127166663,0.0,0.0
2025-01-25,27,q4_warmup,0.3819,535.505,0.0,526.215,0.0,526.215,9.289999999999964,0.0,-0.0,0.0,10800.0,10800.0,200.9615085,17.73925499999993,0.0
2025-01-25,28,q4_warmup,0.3738,545.0267,0.0,558.5363333333333,0.0,558.5363333333333,0.0,0.0,-0.0,13.50963333333334,10800.0,10800.0,208.78088140000003,0.0,0.0
2025-01-25,29,q4_warmup,0.4078,552.6250666666666,0.0001666666666666,564.0977666666666,0.0,564.0977666666666,0.0,0.0,-0.0,11.4728666666667,10800.0,10800.0,230.03906924666663,0.0,3.3750779948604765e-14
2025-01-25,30,q4_warmup,0.4431,552.055,0.0,536.4399999999999,0.0,536.4399999999999,15.615000000000007,0.0,-0.0,0.0,10800.0,10800.0,237.696564,34.59503250000002,0.0
2025-01-25,31,q4_warmup,0.4078,534.5888666666666,0.0,549.2923,0.0,549.2923,0.0,0.0,-0.0,14.70343333333335,10800.0,10800.0,224.00139994,0.0,0.0
2025-01-25,32,q4_warmup,0.411,534.8818666666667,0.0024,546.3291166666667,0.002,546.3271166666667,0.0,0.0,-0.0,11.447649999999989,10800.0,10800.0,224.54044495,0.0,-3.3750779948604765e-14
2025-01-25,33,q4_warmup,0.4424,560.1850000000001,0.0,531.4533333333333,0.0,531.4533333333333,28.7316666666668,0.0,-0.0,0.0,10800.0,10800.0,235.11495466666665,63.55444666666696,0.0
2025-01-25,34,q4_warmup,0.415,579.5323999999999,0.0,565.2482166666667,0.0,565.2482166666667,14.284183333333203,0.0,-0.0,0.0,10800.0,10800.0,234.57800991666667,29.639680416666398,0.0
2025-01-25,35,q4_warmup,0.5778,564.9387,0.0334,564.5728833333334,0.0279333333333333,88.48983333333535,0.3603499999999258,0.0,476.0551166666648,0.0,10800.0,10271.049870370372,51.12942570000117,1.0410511499997854,0.0
2025-01-25,36,q4_warmup,0.8628,540.6216666666667,0.0,534.9383333333334,0.0,0.0,0.0,0.0,540.6216666666667,0.0,10271.049870370372,9670.35912962963,0.0,0.0,0.0
2025-01-25,37,q4_warmup,0.9186,556.1276666666666,0.0,564.3955833333333,0.0,0.0,0.0,0.0,556.1276666666666,0.0,9670.35912962963,9052.4395,0.0,0.0,0.0
2025-01-25,38,q4_warmup,0.8652,561.1043333333333,0.46515,573.2618666666666,0.3890499999999999,0.0,0.0,0.0,560.6391833333333,0.0,9052.4395,8429.507074074074,0.0,0.0,0.0
2025-01-25,39,q4_warmup,0.827,546.345,0.0,542.495,0.0,0.0,0.0,0.0,546.345,0.0,8429.507074074074,7822.457074074074,0.0,0.0,0.0
2025-01-25,40,q4_warmup,0.8144,560.0128666666667,0.0,543.57235,0.0,0.0,0.0,0.0,560.0128666666667,0.0,7822.457074074074,7200.220555555556,0.0,0.0,0.0
2025-01-25,41,q4_warmup,0.847,610.9114833333333,7.80145,592.1324000000001,6.705616666666667,0.0,0.0,0.0,603.1100333333333,0.0,7200.220555555556,6530.098296296296,0.0,0.0,0.0
2025-01-25,42,q4_warmup,0.8765,649.165,35.7125,640.9583333333334,34.74375,0.0,0.0,0.0,613.4525,0.0,6530.098296296296,5848.484407407407,0.0,0.0,0.0
2025-01-25,43,q4_warmup,0.8308,618.7758,72.94324999999999,629.20325,78.79588333333334,0.0,0.0,0.0,545.83255,0.0,5848.484407407407,5242.003796296296,0.0,0.0,0.0
2025-01-25,44,q4_warmup,0.8187,625.5180166666667,117.41653333333332,628.8235833333333,122.71381666666667,0.0,0.0,0.0,508.10148333333336,0.0,5242.003796296296,4677.446592592592,0.0,0.0,0.0
2025-01-25,45,q4_warmup,0.8326,675.8149999999999,162.88125,661.5666666666667,160.84375,0.0,0.0,0.0,512.9337499999999,0.0,4677.446592592592,4107.520203703703,0.0,0.0,0.0
2025-01-25,46,q4_warmup,0.7834,669.2161,202.54048333333333,674.04545,200.75055,0.0,33.40191666666692,0.0,433.2736999999997,0.0,4107.520203703703,3626.1049814814814,0.0,130.83530758333433,0.0
2025-01-25,47,q4_warmup,0.8891,637.9203333333334,250.0354333333333,649.7603166666667,247.99456666666663,0.0,0.0,0.0,387.8849,0.0,3626.1049814814814,3195.1217592592598,0.0,0.0,0.0
2025-01-25,48,q4_warmup,1.0877,622.8166666666667,304.64375,620.7166666666667,301.15000000000003,0.0,0.0,0.0,318.1729166666667,0.0,3195.1217592592598,2841.5962962962963,0.0,0.0,0.0
2025-01-25,49,q4_warmup,1.0753,631.4833333333333,351.96316666666667,629.9628166666666,351.2917,0.0,0.0,0.0,279.5201666666667,0.0,2841.5962962962963,2531.018333333333,0.0,0.0,0.0
2025-01-25,50,q4_warmup,1.008,643.00775,400.4119,615.6964666666667,385.91563333333335,0.0,0.0,0.0,242.59585,0.0,2531.018333333333,2261.467388888889,0.0,0.0,0.0
2025-01-25,51,q4_warmup,0.9948,645.4266666666666,450.45625,590.0716666666666,416.23125,0.0,0.0,0.0,194.9704166666666,0.0,2261.467388888889,2044.833592592593,0.0,0.0,0.0
2025-01-25,52,q4_warmup,0.9864,646.2680166666667,494.4409666666666,632.6896833333334,467.7444666666667,0.0,0.0,0.0,151.82705000000004,0.0,2044.833592592593,1876.1368703703708,0.0,0.0,0.0
2025-01-25,53,q4_warmup,0.9659,666.7913833333333,546.8363833333334,692.3518666666668,525.3794,0.0,0.0,0.0,119.95499999999991,0.0,1876.1368703703708,1742.8535370370375,0.0,0.0,0.0
2025-01-25,54,q4_warmup,0.9624,706.765,607.8874999999999,724.3883333333333,572.4499999999999,0.0,0.0,0.0,98.87750000000004,0.0,1742.8535370370375,1632.9896481481485,0.0,0.0,0.0
2025-01-25,55,q4_warmup,1.0042,739.5861,661.8757833333333,732.8120166666666,607.1135833333334,0.0,0.0,0.0,77.7103166666667,0.0,1632.9896481481485,1546.644851851852,0.0,0.0,0.0
2025-01-25,56,q4_warmup,0.9788,734.5761333333334,708.8280833333333,752.8027999999999,650.7029666666666,0.0,0.0,0.0,25.748050000000035,0.0,1546.644851851852,1518.0359074074076,0.0,0.0,0.0
2025-01-25,57,q4_warmup,0.8845,715.0316666666666,752.06875,776.1966666666667,707.9812499999999,0.0,0.0,0.0,0.0,37.037083333333385,1518.0359074074076,1518.0359074074076,0.0,0.0,0.0
2025-01-25,58,q4_warmup,0.8496,734.7522833333334,792.6431666666667,760.6325,763.7952166666668,0.0,0.0,0.0,0.0,57.89088333333336,1518.0359074074076,1518.0359074074076,0.0,0.0,0.0
2025-01-25,59,q4_warmup,0.9332,752.3201666666668,826.4924,729.4942666666667,812.8478833333334,0.0,0.0,0.0,0.0,74.17223333333322,1518.0359074074076,1518.0359074074076,0.0,0.0,0.0
2025-01-25,60,q4_warmup,1.0579,739.6616666666667,861.5124999999999,717.7866666666667,862.875,0.0,0.0,0.0,0.0,121.85083333333318,1518.0359074074076,1518.0359074074076,0.0,0.0,0.0
2025-01-25,61,q4_warmup,1.0779,714.3372833333333,911.5957166666668,737.9810666666667,926.5346666666666,0.0,0.0,66.78503621399234,0.0,130.4733971193412,1518.0359074074076,1578.1424400000008,0.0,0.0,0.0
2025-01-25,62,q4_warmup,1.0419,722.37045,962.1431666666668,737.15715,993.7770666666668,0.0,0.0,239.77271666666684,0.0,0.0,1578.1424400000008,1793.937885000001,0.0,0.0,0.0
2025-01-25,63,q4_warmup,1.0423,746.5383333333333,1000.625,720.0783333333334,1023.70625,0.0,0.0,254.0866666666667,0.0,0.0,1793.937885000001,2022.615885000001,0.0,0.0,0.0
2025-01-25,64,q4_warmup,1.0756,728.0016999999999,1023.3623333333334,739.6628999999999,987.4275666666668,0.0,0.0,295.36063333333345,0.0,0.0,2022.615885000001,2288.4404550000013,0.0,0.0,0.0
2025-01-25,65,q4_warmup,0.8057,718.3744499999999,1026.2128,748.1690166666667,998.3505,0.0,0.0,307.8383500000001,0.0,0.0,2288.4404550000013,2565.4949700000016,0.0,0.0,0.0
2025-01-25,66,q4_warmup,0.3884,732.3616666666667,1038.5125,731.2600000000001,1070.9625,0.0,0.0,306.15083333333337,0.0,0.0,2565.4949700000016,2841.0307200000016,0.0,0.0,0.0
2025-01-25,67,q4_warmup,0.35,728.2269666666666,1089.629683333333,720.4268166666667,1108.1226166666668,445.6375333333333,20.98036666666576,828.0206166666655,0.0,0.0,2841.0307200000016,3586.2492750000006,155.97313666666665,36.71564166666508,0.0
2025-01-25,68,q4_warmup,0.4148,701.08795,1080.95165,694.97375,1106.16395,0.0,0.0,379.8637,0.0,0.0,3586.2492750000006,3928.126605,0.0,0.0,0.0
2025-01-25,69,q4_warmup,0.4112,689.1333333333333,1033.41875,666.8000000000001,1106.6125,0.0,0.0,344.2854166666667,0.0,0.0,3928.126605,4237.983480000001,0.0,0.0,0.0
2025-01-25,70,q4_warmup,0.4374,728.54725,1069.0825666666667,676.4565666666666,1144.16115,0.0,0.0,340.53531666666674,0.0,0.0,4237.983480000001,4544.465265000001,0.0,0.0,0.0
2025-01-25,71,q4_warmup,0.4288,720.8315166666666,1110.47395,694.6268333333334,1148.8335833333333,0.0,0.0,389.64243333333343,0.0,0.0,4544.465265000001,4895.143455000001,0.0,0.0,0.0
2025-01-25,72,q4_warmup,0.3788,667.6016666666667,1112.94375,689.9766666666666,1116.1125,0.0,257.4785499999988,702.820633333332,0.0,0.0,4895.143455000001,5527.682025,0.0,487.6643736999977,1.1368683772161605e-13
2025-01-25,73,q4_warmup,0.3606,668.4196000000001,1108.5629833333337,664.96145,1110.72975,387.5650333333334,5.624916666666309,833.3333333333334,0.0,0.0,5527.682025,6277.682025,139.75595102000003,10.141724749999351,0.0
2025-01-25,74,q4_warmup,0.3588,680.3710166666666,1099.6039,688.3564500000001,1108.6275666666668,413.0622166666667,1.03823333333321,833.3333333333334,0.0,0.0,6277.682025,7027.682025,148.20672334000002,1.8625905999997785,0.0
2025-01-25,75,q4_warmup,0.3527,676.51,1098.14375,731.4616666666667,1099.2375,465.5575000000001,0.0,833.3333333333334,0.0,53.85791666666671,7027.682025,7777.682025,164.20213025000004,0.0,0.0
2025-01-25,76,q4_warmup,0.3644,677.27135,1122.7194833333333,698.3249999999999,1097.1969666666666,392.5590000000001,0.0,833.3333333333333,0.0,4.673800000000142,7777.682025,8527.682025,143.04849960000004,0.0,1.1368683772161605e-13
2025-01-25,77,q4_warmup,0.5034,680.72085,1145.8759,674.6365666666667,1072.8165833333337,0.0,0.0,465.15505,0.0,0.0,8527.682025,8946.32157,0.0,0.0,0.0
2025-01-25,78,q4_warmup,0.7008,686.815,1148.8375,681.9716666666667,1022.1,0.0,0.0,273.15330000000057,0.0,188.86919999999947,8946.32157,9192.15954,0.0,0.0,0.0
2025-01-25,79,q4_warmup,0.7507,695.4030166666666,1133.0317,657.50885,974.8032166666668,0.0,0.0,317.29436666666714,0.0,120.3343166666662,9192.15954,9477.72447,0.0,0.0,0.0
2025-01-25,80,q4_warmup,0.6988,676.3313333333333,1099.6832,641.7534333333333,946.0283333333332,0.0,0.0,304.27490000000034,0.0,119.0769666666663,9477.72447,9751.57188,0.0,0.0,0.0
2025-01-25,81,q4_warmup,0.6596,653.0533333333334,1061.01875,652.365,925.15,0.0,0.0,272.78499999999946,0.0,135.1804166666671,9751.57188,9997.07838,0.0,0.0,0.0
2025-01-25,82,q4_warmup,0.7169,677.3132166666667,1030.09885,662.5607333333334,889.9290833333333,0.0,0.0,227.36834999999903,0.0,125.41728333333438,9997.07838,10201.709895,0.0,0.0,0.0
2025-01-25,83,q4_warmup,0.8205,673.8313833333333,980.1372166666666,667.2004000000001,857.0432833333333,0.0,0.0,189.842883333333,0.0,116.46295000000036,10201.709895,10372.56849,0.0,0.0,0.0
2025-01-25,84,q4_warmup,0.9261,639.51,918.05625,663.3149999999999,824.7062500000001,0.0,0.0,161.39125000000098,0.0,117.154999999999,10372.56849,10517.820615,0.0,0.0,0.0
2025-01-25,85,q4_warmup,1.0206,644.2474166666667,877.2866666666667,649.2600666666666,773.7347,0.0,0.0,124.47463333333263,0.0,108.5646166666674,10517.820615,10629.847785,0.0,0.0,0.0
2025-01-25,86,q4_warmup,1.0622,635.0304166666666,824.6968833333334,642.5883333333334,727.8385833333333,0.0,0.0,85.25025000000015,0.0,104.41621666666664,10629.847785,10706.57301,0.0,0.0,0.0
2025-01-25,87,q4_warmup,1.0917,607.6016666666667,768.7624999999999,637.215,693.4562500000001,0.0,0.0,56.24125000000074,0.0,104.9195833333325,10706.57301,10757.190135,0.0,0.0,0.0
2025-01-25,88,q4_warmup,1.146,613.25785,749.5391833333333,615.52265,656.2666166666667,0.0,0.0,40.74396666666669,0.0,95.53736666666666,10757.190135,10793.859705,0.0,0.0,0.0
2025-01-25,89,q4_warmup,0.9135,606.5093333333333,702.4259833333334,623.86395,630.6865,0.0,0.0,6.822549999999157,0.0,89.09410000000096,10793.859705,10800.0,0.0,0.0,0.0
2025-01-25,90,q4_warmup,0.5321,597.115,625.63125,638.1466666666666,605.5500000000001,32.59666666666658,0.0,0.0,-0.0,61.11291666666659,10800.0,10800.0,17.344686333333286,0.0,0.0
2025-01-25,91,q4_warmup,0.4975,638.6444666666666,580.3633333333333,591.0265,551.2903333333334,39.73616666666669,18.5449666666666,0.0,-0.0,0.0,10800.0,10800.0,19.76874291666668,46.13060458333315,0.0
2025-01-25,92,q4_warmup,0.5951,643.5352666666666,524.5280333333334,583.42675,495.84501666666665,87.58173333333332,31.425499999999943,0.0,-0.0,0.0,10800.0,10800.0,52.11988950666665,93.50657524999984,0.0
2025-01-25,93,q4_warmup,0.6319,600.66,461.4,629.025,454.48125,174.54375,0.0,0.0,-0.0,35.28375,10800.0,10800.0,110.294195625,0.0,-5.684341886080803e-14
2025-01-25,94,q4_warmup,0.6274,588.2068166666667,438.3642,636.5458166666666,414.02448333333336,222.52133333333325,0.0,0.0,-0.0,72.67871666666656,10800.0,10800.0,139.60988453333326,0.0,0.0
2025-01-25,95,q4_warmup,0.6317,591.8162166666667,394.0675833333333,615.84585,358.4043833333333,257.4414666666667,0.0,0.0,-0.0,59.69283333333328,10800.0,10800.0,162.62577449333338,0.0,0.0
2025-01-25,96,q4_warmup,0.6658,586.2583333333333,319.675,600.7683333333333,299.15000000000003,301.6183333333333,0.0,0.0,-0.0,35.03499999999997,10800.0,10800.0,200.81748633333328,0.0,0.0
2025-01-25,97,q4_warmup,0.7145,568.9879833333333,268.58395,606.7030166666667,262.59835,344.1046666666668,0.0,0.0,-0.0,43.70063333333343,10800.0,10800.0,245.8627843333334,0.0,5.684341886080803e-14
2025-01-25,98,q4_warmup,0.7548,572.3382,222.29945,589.4639833333333,223.5300333333333,365.93395,0.0,0.0,-0.0,15.89519999999996,10800.0,10800.0,276.20694546,0.0,-2.8421709430404014e-14
2025-01-25,99,q4_warmup,0.7742,595.245,169.84375,565.6750000000001,173.11249999999998,392.5625000000001,32.83874999999989,0.0,-0.0,0.0,10800.0,10800.0,303.9218875000001,127.11880124999958,0.0
2025-01-25,100,q4_warmup,0.7791,594.5911166666666,123.00816666666668,583.1896333333333,126.98178333333334,456.20785,15.375099999999977,0.0,-0.0,0.0,10800.0,10800.0,355.43153593499994,59.8937020499999,0.0
2025-01-25,101,q4_warmup,0.8002,530.7514,79.42723333333333,521.2194666666667,80.8326,440.38686666666666,10.937299999999992,0.0,-0.0,0.0,10800.0,10800.0,352.39757070666667,43.760137299999975,0.0
2025-01-25,102,q4_warmup,0.8094,452.6166666666666,38.98125,423.765,36.86875,386.89625000000007,26.73916666666655,0.0,-0.0,0.0,10800.0,10800.0,313.15382475000007,108.21340749999952,0.0
2025-01-25,103,q4_warmup,0.7591,453.5162666666667,8.4486,461.1766,7.42335,453.75325,0.0,0.0,-0.0,8.685583333333286,10800.0,10800.0,344.444092075,0.0,-1.7763568394002505e-15
2025-01-25,104,q4_warmup,0.7702,459.7555833333333,0.0,486.10606666666666,0.0,486.10606666666666,0.0,0.0,-0.0,26.350483333333383,10800.0,10800.0,374.3988925466667,0.0,0.0
2025-01-25,105,q4_warmup,0.8053,444.7633333333333,0.0,452.08,0.0,452.08,0.0,0.0,-0.0,7.316666666666663,10800.0,10800.0,364.060024,0.0,0.0
2025-01-25,106,q4_warmup,0.7382,453.2371,0.5029333333333333,456.4164333333333,0.4349333333333333,455.9815,0.0,0.0,-0.0,3.247333333333318,10800.0,10800.0,336.6055433,0.0,-1.6431300764452317e-14
2025-01-25,107,q4_warmup,0.8726,457.29255,0.0,445.5973166666667,0.0,0.0,0.0,0.0,457.29255,0.0,10800.0,10291.897166666666,0.0,0.0,0.0
2025-01-25,108,q4_warmup,1.145,448.4083333333333,0.0,424.8666666666666,0.0,0.0,0.0,0.0,448.4083333333333,0.0,10291.897166666666,9793.665685185184,0.0,0.0,0.0
2025-01-25,109,q4_warmup,1.1657,450.5833333333333,0.0361166666666666,460.6482333333333,0.0312333333333333,0.0,0.0,0.0,450.54721666666666,0.0,9793.665685185184,9293.057666666666,0.0,0.0,0.0
2025-01-25,110,q4_warmup,1.1371,463.7063333333333,0.0,474.80753333333337,0.0,0.0,0.8962333333352603,0.0,462.8100999999981,0.0,9293.057666666666,8778.824222222223,0.0,5.095534616677623,0.0
2025-01-25,111,q4_warmup,1.1599,476.47333333333336,0.0,457.39,0.0,0.0,0.0,0.0,476.47333333333336,0.0,8778.824222222223,8249.40940740741,0.0,0.0,0.0
2025-01-25,112,q4_warmup,1.1397,480.71065,0.0026,474.1992666666667,0.00225,0.0,25.594366666665167,0.0,455.1136833333349,0.0,8249.40940740741,7743.727537037037,0.0,145.84949844999144,0.0
2025-01-25,113,q4_warmup,1.213,497.4809166666666,0.0,475.7190833333333,0.0,0.0,0.0,0.0,497.4809166666666,0.0,7743.727537037037,7190.970962962963,0.0,0.0,0.0
2025-01-25,114,q4_warmup,1.3527,503.94166666666666,0.0,456.475,0.0,0.0,0.0,0.0,503.94166666666666,0.0,7190.970962962963,6631.035777777778,0.0,0.0,0.0
2025-01-25,115,q4_warmup,1.3722,455.07121666666666,0.0001833333333333,462.3274833333333,0.0,0.0,0.0,0.0,455.0710333333333,0.0,6631.035777777778,6125.401296296297,0.0,0.0,0.0
2025-01-25,116,q4_warmup,1.3405,419.24585,0.0,451.24036666666666,0.0,0.0,0.0,0.0,419.24585,0.0,6125.401296296297,5659.5725740740745,0.0,0.0,0.0
2025-01-25,117,q4_warmup,1.3251,426.625,0.0,424.0016666666667,0.0,0.0,0.0,0.0,426.625,0.0,5659.5725740740745,5185.544796296297,0.0,0.0,0.0
2025-01-25,118,q4_warmup,1.324,446.06005,0.0,428.91021666666666,0.0,0.0,0.0,0.0,446.06005,0.0,5185.544796296297,4689.92251851852,0.0,0.0,0.0
2025-01-25,119,q4_warmup,1.3285,469.3383166666667,0.0,443.1460333333334,0.0,0.0,0.0,0.0,469.3383166666667,0.0,4689.92251851852,4168.435500000001,0.0,0.0,0.0
2025-01-25,120,q4_warmup,1.3443,486.7433333333333,0.0,454.6183333333333,0.0,0.0,0.0,0.0,486.7433333333333,0.0,4168.435500000001,3627.609574074076,0.0,0.0,0.0
2025-01-25,121,q4_warmup,1.3733,486.3579333333333,0.0,473.00441666666666,0.0,0.0,0.0,0.0,486.3579333333333,0.0,3627.609574074076,3087.211870370372,0.0,0.0,0.0
2025-01-25,122,q4_warmup,1.3446,478.8691666666667,0.0,478.76101666666665,0.0,0.0,0.0,0.0,478.8691666666667,0.0,3087.211870370372,2555.13501851852,0.0,0.0,0.0
2025-01-25,123,q4_warmup,1.3228,469.4533333333333,0.0,458.985,0.0,0.0,0.0,0.0,469.4533333333333,0.0,2555.13501851852,2033.5202037037047,0.0,0.0,0.0
2025-01-25,124,q4_warmup,1.4005,460.2298,0.0,428.7851166666667,0.0,0.0,0.0,0.0,460.2298,0.0,2033.5202037037047,1522.1537592592608,0.0,0.0,0.0
2025-01-25,125,q4_warmup,1.1964,483.4034333333333,0.0,453.38105,0.0,0.0,193.4650499999985,0.0,289.93838333333474,0.0,1522.1537592592608,1200.0,0.0,1157.307929099991,0.0
2025-01-25,126,q4_warmup,0.8153,517.75,0.0,499.5683333333333,0.0,499.5683333333333,18.181666666666672,0.0,0.0,0.0,1200.0,1200.0,407.2980621666667,74.1175641666667,0.0
2025-01-25,127,q4_warmup,0.7737,503.43445,0.0,473.2319333333333,0.0,473.2319333333333,30.202516666666725,0.0,0.0,0.0,1200.0,1200.0,366.13954682,116.83843572500022,0.0
2025-01-25,128,q4_warmup,0.8236,470.0101666666667,0.0,474.03,0.0,474.03,0.0,4.019833333333281,0.0,0.0,1200.0,1203.61785,390.411108,0.0,0.0
2025-01-25,129,q4_warmup,0.8235,459.4616666666666,0.0,520.1183333333333,0.0,520.1183333333333,0.0,12.239034979421223,0.0,48.41763168724553,1203.61785,1214.632981481479,428.3174475,0.0,0.0
2025-01-25,130,q4_warmup,0.8482,482.57188333333335,0.0,516.3050166666667,0.0,503.1353333333356,0.0,0.0,0.0,20.563450000002263,1214.632981481479,1214.632981481479,426.7593897333352,0.0,0.0
2025-01-25,131,q4_warmup,0.6408,471.31835,0.0,441.8484833333334,0.0,441.8484833333334,16.300183333335568,0.0,13.169683333331069,0.0,1214.632981481479,1200.0,283.13650812000003,52.22578740000717,0.0
2025-01-25,132,q4_warmup,0.3085,421.19166666666666,0.0,368.615,0.0,368.615,52.576666666666654,0.0,-0.0,0.0,1200.0,1200.0,113.7177275,81.09950833333332,0.0
2025-01-25,133,q4_warmup,0.2605,397.85775,0.0,394.9870833333334,0.0,1228.3204166666667,2.8706666666666933,833.3333333333333,0.0,0.0,1200.0,1950.0,319.97746854166667,3.739043333333368,1.1368683772161605e-13
2025-01-25,134,q4_warmup,0.3204,414.09025,0.0,438.5496666666666,0.0,438.5496666666666,0.0,0.0,0.0,24.45941666666631,1950.0,1950.0000000000005,140.5113132,0.0,2.7355895326763857e-13
2025-01-25,135,q4_warmup,0.3296,441.19666666666666,0.0,447.1616666666666,0.0,447.1616666666666,0.0,0.0,0.0,5.964999999999759,1950.0000000000005,1950.0000000000005,147.38448533333332,0.0,2.1582735598713046e-13
2025-01-25,136,q4_warmup,0.3061,436.91738333333336,0.0,441.2998666666667,0.0,441.2998666666667,0.0,0.0,0.0,4.382483333332948,1950.0000000000005,1950.000000000001,135.08188918666667,0.0,3.641531520770514e-13
2025-01-25,137,q4_warmup,0.2963,413.8672333333333,0.0,427.1882333333333,0.0,427.1882333333333,0.0,0.0,0.0,13.320999999999913,1950.000000000001,1950.000000000001,126.57587353666666,0.0,1.1368683772161605e-13
2025-01-25,138,q4_warmup,0.3014,394.6483333333333,0.0,414.8,0.0,414.8,0.0,0.0,0.0,20.151666666666788,1950.000000000001,1950.000000000001,125.02072,0.0,-8.881784197001252e-14
2025-01-25,139,q4_warmup,0.2952,393.71206666666666,0.0,412.7359,0.0,1136.1305675489778,0.0,723.3946675489765,0.0,19.02383333333423,1950.000000000001,2601.05520079408,335.38574354045824,0.0,3.1974423109204513e-13
2025-01-25,140,q4_warmup,0.3396,408.6156666666666,0.0,394.0887166666666,0.0,394.0887166666666,14.526949999999944,0.0,-0.0,0.0,2601.05520079408,2601.05520079408,133.83252818,24.666761099999903,0.0
2025-01-25,141,q4_warmup,0.3992,423.2416666666666,0.0,381.785,0.0,0.0,0.0,0.0,423.2416666666666,0.0,2601.05520079408,2130.7866822755614,0.0,0.0,0.0
2025-01-25,142,q4_warmup,0.3718,429.6743166666667,0.0,426.4114833333333,0.0,0.0001359519948462,44.71950000000004,0.0,384.95468071467184,0.0,2130.7866822755614,1703.0592592592593,5.054695168382751e-05,83.13355050000007,5.684341886080803e-14
2025-01-25,143,q4_warmup,0.3638,486.5695333333333,0.0,457.47496666666666,0.0,457.47496666666666,29.09456666666665,0.0,-0.0,0.0,1703.0592592592593,1703.0592592592593,166.42939287333334,52.92301676666664,0.0
2025-01-25,144,q4_warmup,0.4179,573.3933333333333,0.0,452.7533333333333,0.0,0.0,120.63999999999992,0.0,452.7533333333334,0.0,1703.0592592592593,1200.0,0.0,252.07727999999983,0.0
2025-01-26,1,q4_warmup,0.4597,603.02365,0.0,454.32543333333336,0.0,1287.658766666667,148.69821666666255,833.3333333333293,0.0,0.0,1200.0,1949.9999999999964,591.9367350366666,341.7828510083239,0.0
2025-01-26,2,q4_warmup,0.4207,604.1721333333334,0.0,446.6726833333333,0.0,1280.0060166666667,157.4994499999999,833.3333333333333,0.0,0.0,1949.9999999999964,2699.9999999999964,538.4985312116667,331.3000930749998,-1.1368683772161605e-13
2025-01-26,3,q4_warmup,0.3577,600.02,0.0,443.3066666666667,0.0,1276.64,156.71333333333314,833.3333333333333,0.0,0.0,2699.9999999999964,3449.9999999999964,456.65412800000007,280.2817966666663,0.0
2025-01-26,4,q4_warmup,0.3976,587.6106666666667,0.0,476.9869166666667,0.0,1310.32025,110.62374999999996,833.3333333333333,0.0,0.0,3449.9999999999964,4199.999999999996,520.9833314,219.92001499999995,0.0
2025-01-26,5,q4_warmup,0.4572,599.4886833333334,0.0,484.2681500000001,0.0,1317.6014833333334,115.22053333333326,833.3333333333333,0.0,0.0,4199.999999999996,4949.999999999996,602.40739818,263.39413919999987,-1.1368683772161605e-13
2025-01-26,6,q4_warmup,0.4766,629.2333333333333,0.0,468.2083333333333,0.0,468.2083333333333,161.02500000000003,0.0,-0.0,0.0,4949.999999999996,4949.999999999996,223.14809166666663,383.72257500000006,0.0
2025-01-26,7,q4_warmup,0.4717,636.3726833333334,0.0,490.43896666666666,0.0,490.43896666666666,145.93371666666673,0.0,-0.0,0.0,4949.999999999996,4949.999999999996,231.34006057666667,344.18467075833354,0.0
2025-01-26,8,q4_warmup,0.4524,636.0457333333333,0.0,487.2113166666666,0.0,1320.54465,148.83441666666647,833.3333333333333,0.0,0.0,4949.999999999996,5699.999999999996,597.4143996600001,336.6634504999996,-1.1368683772161605e-13
2025-01-26,9,q4_warmup,0.4494,632.6066666666667,0.0,464.605,0.0,1297.9383333333335,168.00166666666644,833.3333333333333,0.0,0.0,5699.999999999996,6449.999999999996,583.2934870000001,377.49974499999945,1.1368683772161605e-13
2025-01-26,10,q4_warmup,0.4907,614.5470666666666,0.0,494.2724,0.0,494.2724,120.27466666666665,0.0,-0.0,0.0,6449.999999999996,6449.999999999996,242.53946668,295.0938946666666,0.0
2025-01-26,11,q4_warmup,0.505,607.03785,0.0,505.68945,0.0,505.68945,101.34840000000004,0.0,-0.0,0.0,6449.999999999996,6449.999999999996,255.37317225,255.90471000000005,0.0
2025-01-26,12,q4_warmup,0.4862,627.8416666666667,0.0,487.8366666666666,0.0,487.8366666666666,140.00500000000005,0.0,-0.0,0.0,6449.999999999996,6449.999999999996,237.1861873333333,340.3521550000001,0.0
2025-01-26,13,q4_warmup,0.4951,668.8419,0.0,501.9057666666667,0.0,501.9057666666667,166.93613333333332,0.0,-0.0,0.0,6449.999999999996,6449.999999999996,248.49354507666663,413.2503980666666,0.0
2025-01-26,14,q4_warmup,0.5023,687.6550833333334,0.0,514.9269333333333,0.0,514.9269333333333,172.72815000000014,0.0,-0.0,0.0,6449.999999999996,6449.999999999996,258.6477986133333,433.8067487250003,0.0
2025-01-26,15,q4_warmup,0.4963,675.1283333333333,0.0,507.54333333333335,0.0,507.54333333333335,167.58499999999998,0.0,-0.0,0.0,6449.999999999996,6449.999999999996,251.89375633333336,415.8621775,0.0
2025-01-26,16,q4_warmup,0.4928,656.5923,0.0,497.95935,0.0,497.95935,158.63295,0.0,-0.0,0.0,6449.999999999996,6449.999999999996,245.39436768,390.8715888,0.0
2025-01-26,17,q4_warmup,0.4534,630.04515,0.0,501.06135,0.0,1334.3946833333334,128.98379999999986,833.3333333333333,0.0,0.0,6449.999999999996,7199.999999999996,605.0145494233334,292.40627459999973,1.1368683772161605e-13
2025-01-26,18,q4_warmup,0.4145,613.0833333333334,0.0,514.0583333333333,0.0,1347.3916666666669,99.02499999999998,833.3333333333333,0.0,0.0,7199.999999999996,7949.999999999996,558.4938458333334,205.22931249999996,-1.1368683772161605e-13
2025-01-26,19,q4_warmup,0.4545,637.3823166666667,0.0,521.0511333333333,0.0,1354.3844666666666,116.33118333333334,833.3333333333333,0.0,0.0,7949.999999999996,8699.999999999996,615.5677401,264.362614125,1.1368683772161605e-13
2025-01-26,20,q4_warmup,0.4691,683.0043999999999,0.0,519.49595,0.0,519.49595,163.50844999999993,0.0,-0.0,0.0,8699.999999999996,8699.999999999996,243.695550145,383.5090694749998,0.0
2025-01-26,21,q4_warmup,0.4431,708.3066666666667,0.0,512.11,0.0,1345.4433333333334,196.1966666666666,833.3333333333333,0.0,0.0,8699.999999999996,9449.999999999996,596.165941,434.6737149999999,-1.1368683772161605e-13
2025-01-26,22,q4_warmup,0.4651,685.7917000000001,0.0,505.4489333333333,0.0,1172.1156,180.34276666666665,666.6666666666666,0.0,0.0,9449.999999999996,10049.999999999996,545.15096556,419.3871038833333,0.0
2025-01-26,23,q4_warmup,0.499,675.7256666666666,0.0,513.3439333333333,0.0,513.3439333333333,162.38173333333327,0.0,-0.0,0.0,10049.999999999996,10049.999999999996,256.15862273333335,405.14242466666656,0.0
2025-01-26,24,q4_warmup,0.5063,695.69,0.0,526.1366666666667,0.0,526.1366666666667,169.5533333333334,0.0,-0.0,0.0,10049.999999999996,10049.999999999996,266.38299433333333,429.2242633333335,0.0
2025-01-26,25,q4_warmup,0.4909,705.8111833333334,0.0,520.9297333333333,0.0,520.9297333333333,184.8814500000001,0.0,-0.0,0.0,10049.999999999996,10049.999999999996,255.7244060933333,453.7915190250002,0.0
2025-01-26,26,q4_warmup,0.5034,696.4243166666666,0.0,521.74715,0.0,521.74715,174.6771666666666,0.0,-0.0,0.0,10049.999999999996,10049.999999999996,262.64751531,439.6624284999999,0.0
2025-01-26,27,q4_warmup,0.5451,692.35,0.0,535.505,0.0,535.505,156.84500000000003,0.0,-0.0,0.0,10049.999999999996,10049.999999999996,291.9037755,427.4810475000001,0.0
2025-01-26,28,q4_warmup,0.5649,720.4733500000001,0.0,545.0267,0.0,545.0267,175.4466500000001,0.0,-0.0,0.0,10049.999999999996,10049.999999999996,307.88558283,495.54906292500016,0.0
2025-01-26,29,q4_warmup,0.5459,715.4344,0.0001833333333333,552.6250666666666,0.0001666666666666,552.6248999999999,162.80931666666677,0.0,-0.0,0.0,10049.999999999996,10049.999999999996,301.67793291,444.3880298416669,0.0
2025-01-26,30,q4_warmup,0.5124,688.285,0.0,552.055,0.0,552.055,136.23000000000002,0.0,-0.0,0.0,10049.999999999996,10049.999999999996,282.872982,349.02126000000004,0.0
2025-01-26,31,q4_warmup,0.5099,713.5248833333334,0.0,534.5888666666666,0.0,534.5888666666666,178.93601666666677,0.0,-0.0,0.0,10049.999999999996,10049.999999999996,272.5868631133333,456.19737449166695,0.0
2025-01-26,32,q4_warmup,0.5354,724.1974,0.0025833333333333,534.8818666666667,0.0024,534.8794666666668,189.31534999999997,0.0,-0.0,0.0,10049.999999999996,10049.999999999996,286.3744664533333,506.79719194999984,0.0
2025-01-26,33,q4_warmup,0.5161,703.2716666666666,0.0,560.1850000000001,0.0,560.1850000000001,143.0866666666666,0.0,-0.0,0.0,10049.999999999996,10049.999999999996,289.11147850000003,369.2351433333331,0.0
2025-01-26,34,q4_warmup,0.4308,715.3684833333333,0.0,579.5323999999999,0.0,1412.8657333333333,135.83608333333325,833.3333333333333,0.0,0.0,10049.999999999996,10799.999999999996,608.66255792,292.5909234999998,1.1368683772161605e-13
2025-01-26,35,q4_warmup,0.6677,801.95565,0.0359666666666666,564.9387,0.0334,491.6144783333382,237.01438333333107,0.0,73.2908216666641,0.0,10799.999999999996,10718.565753703702,328.2509871831699,791.2725187583258,1.1368683772161605e-13
2025-01-26,36,q4_warmup,1.0718,901.8566666666668,0.0,540.6216666666667,0.0,0.0,68.52333333333343,0.0,833.3333333333334,0.0,10718.565753703702,9792.639827777775,0.0,367.21654333333385,0.0
2025-01-26,37,q4_warmup,1.0761,907.4837833333332,0.0,556.1276666666666,0.0,0.0,74.15044999999986,0.0,833.3333333333334,0.0,9792.639827777775,8866.713901851852,0.0,398.9664962249993,0.0
2025-01-26,38,q4_warmup,1.0301,904.33075,0.5009,561.1043333333333,0.46515,0.0,70.4965166666666,0.0,833.3333333333334,0.0,8866.713901851852,7940.787975925926,0.0,363.0923090916663,0.0
2025-01-26,39,q4_warmup,1.0849,915.7416666666668,0.0,546.345,0.0,0.0,82.40833333333342,0.0,833.3333333333334,0.0,7940.787975925926,7014.86205,0.0,447.0240041666671,0.0
2025-01-26,40,q4_warmup,1.0386,886.9546166666668,0.0,560.0128666666667,0.0,0.0,53.6212833333334,0.0,833.3333333333334,0.0,7014.86205,6088.936124074074,0.0,278.4553243500003,0.0
2025-01-26,41,q4_warmup,1.0074,892.0326833333334,8.397466666666666,610.9114833333333,7.80145,0.0,50.30188333333331,0.0,833.3333333333334,0.0,6088.936124074074,5163.010198148148,0.0,253.3705863499999,0.0
2025-01-26,42,q4_warmup,1.0551,932.7533333333334,38.3625,649.165,35.7125,0.0,278.8778550000004,0.0,615.5129783333331,0.0,5163.010198148148,4479.1068888888885,0.0,1471.220124052502,1.1368683772161605e-13
2025-01-26,43,q4_warmup,1.1035,935.49005,76.95696666666667,618.7758,72.94324999999999,0.0,25.199749999999995,0.0,833.3333333333334,0.0,4479.1068888888885,3553.1809629629624,0.0,139.03962062499997,0.0
2025-01-26,44,q4_warmup,1.0597,943.7404,116.6202,625.5180166666667,117.41653333333332,0.0,0.0,0.0,827.1202000000001,0.0,3553.1809629629624,2634.1585185185177,0.0,0.0,0.0
2025-01-26,45,q4_warmup,0.93,937.5516666666668,158.35,675.8149999999999,162.88125,0.0,779.2016666666668,0.0,0.0,0.0,2634.1585185185177,2634.1585185185177,0.0,3623.287750000001,0.0
2025-01-26,46,q4_warmup,0.8571,876.6484833333334,208.0552333333333,669.2161,202.54048333333333,0.0,1417.3827561728403,748.7895061728401,0.0,0.0,2634.1585185185177,3308.069074074074,0.0,6074.193801578707,1.1368683772161605e-13
2025-01-26,47,q4_warmup,1.0971,998.156,260.6507833333333,637.9203333333334,250.03543333333332,0.0,349.6203166666668,0.0,387.8848999999999,0.0,3308.069074074074,2877.085851851852,0.0,1917.8422470750008,1.1368683772161605e-13
2025-01-26,48,q4_warmup,1.4478,1225.5333333333333,314.85625,622.8166666666667,304.64375,0.0,77.34374999999989,0.0,833.3333333333334,0.0,2877.085851851852,1951.1599259259256,0.0,559.8914062499991,0.0
2025-01-26,49,q4_warmup,1.4264,1229.6306333333334,372.6456333333333,631.4833333333333,351.96316666666667,0.0,180.9410666666671,0.0,676.043933333333,0.0,1951.1599259259256,1200.0,0.0,1290.4716874666697,0.0
2025-01-26,50,q4_warmup,1.3558,1197.5493166666668,423.3955666666666,643.00775,400.4119,0.0,774.1537500000002,0.0,0.0,0.0,1200.0,1200.0,0.0,5247.988271250001,0.0
2025-01-26,51,q4_warmup,1.3878,1233.44,474.59375,645.4266666666666,450.45625,0.0,758.84625,0.0,-0.0,0.0,1200.0,1200.0,0.0,5265.634128750001,0.0
2025-01-26,52,q4_warmup,1.3498,1244.2106,541.8542666666666,646.2680166666667,494.4409666666666,0.0,702.3563333333335,0.0,-0.0,0.0,1200.0,1200.0,0.0,4740.202893666668,0.0
2025-01-26,53,q4_warmup,1.2843,1214.2539666666669,590.1312333333334,666.7913833333333,546.8363833333334,0.0,624.1227333333335,0.0,-0.0,0.0,1200.0,1200.0,0.0,4007.804132100001,0.0
2025-01-26,54,q4_warmup,1.2435,1184.2783333333334,620.7937499999999,706.765,607.8874999999999,0.0,563.4845833333335,0.0,-0.0,0.0,1200.0,1200.0,0.0,3503.4653968750013,0.0
2025-01-26,55,q4_warmup,1.2241,1201.9827333333333,671.8228833333334,739.5861,661.8757833333333,0.0,530.1598499999999,0.0,-0.0,0.0,1200.0,1200.0,0.0,3244.843361924999,0.0
2025-01-26,56,q4_warmup,1.1924,1208.0673166666668,730.8863833333334,734.5761333333334,708.8280833333333,0.0,477.1809333333334,0.0,-0.0,0.0,1200.0,1200.0,0.0,2844.952724533334,0.0
2025-01-26,57,q4_warmup,1.1515,1191.4066666666663,783.8249999999999,715.0316666666666,752.06875,0.0,407.5816666666664,0.0,-0.0,0.0,1200.0,1200.0,0.0,2346.651445833332,0.0
2025-01-26,58,q4_warmup,1.1509,1196.4615833333337,823.5506,734.7522833333334,792.6431666666667,0.0,372.91098333333366,0.0,-0.0,0.0,1200.0,1200.0,0.0,2145.9162535916685,0.0
2025-01-26,59,q4_warmup,1.2458,1191.3038333333334,828.4455666666667,752.3201666666668,826.4924,0.0,362.85826666666674,0.0,-0.0,0.0,1200.0,1200.0,0.0,2260.244143066667,0.0
2025-01-26,60,q4_warmup,1.372,1180.54,826.8000000000001,739.6616666666667,861.5124999999999,0.0,353.7399999999999,0.0,-0.0,0.0,1200.0,1200.0,0.0,2426.6563999999994,0.0
2025-01-26,61,q4_warmup,1.3876,1200.1264833333332,875.00375,714.3372833333333,911.5957166666668,0.0,325.12273333333326,0.0,-0.0,0.0,1200.0,1200.0,0.0,2255.701523866666,0.0
2025-01-26,62,q4_warmup,1.327,1190.0205666666668,928.78225,722.37045,962.1431666666668,0.0,261.23831666666683,0.0,-0.0,0.0,1200.0,1200.0,0.0,1733.3162310833343,0.0
2025-01-26,63,q4_warmup,1.3136,1166.5733333333333,954.35625,746.5383333333333,1000.625,0.0,212.2170833333331,0.0,1.1368683772161605e-13,0.0,1200.0,1200.0,0.0,1393.841803333332,0.0
2025-01-26,64,q4_warmup,1.395,1200.3139166666667,958.7021833333332,728.0016999999999,1023.3623333333334,0.0,241.61173333333352,0.0,-0.0,0.0,1200.0,1200.0,0.0,1685.2418400000013,0.0
2025-01-26,65,q4_warmup,1.1666,1181.7361,966.09735,718.3744499999999,1026.2128,0.0,215.63875000000007,0.0,-0.0,0.0,1200.0,1200.0,0.0,1257.8208287500004,0.0
2025-01-26,66,q4_warmup,0.7551,1121.4833333333331,988.43125,732.3616666666667,1038.5125,0.0,133.05208333333314,0.0,0.0,0.0,1200.0,1200.0,0.0,502.3381406249993,0.0
2025-01-26,67,q4_warmup,0.7166,1144.071233333333,1013.5858333333334,728.2269666666666,1089.629683333333,0.0,963.8187333333332,833.3333333333334,0.0,0.0,1200.0,1950.0,0.0,3453.3625215333327,1.1368683772161605e-13
2025-01-26,68,q4_warmup,0.7603,1168.5477833333332,1001.6126166666668,701.08795,1080.95165,0.0,166.93516666666642,0.0,0.0,0.0,1950.0,1950.0,0.0,634.6040360833324,0.0
2025-01-26,69,q4_warmup,0.7201,1154.4533333333334,972.69375,689.1333333333333,1033.41875,0.0,1015.0929166666668,833.3333333333334,0.0,0.0,1950.0,2700.0,0.0,3654.8420464583337,1.1368683772161605e-13
2025-01-26,70,q4_warmup,0.728,1141.9699833333334,987.4666,728.54725,1069.0825666666667,0.0,987.8367166666668,833.3333333333334,0.0,0.0,2700.0,3450.0,0.0,3595.725648666667,1.1368683772161605e-13
2025-01-26,71,q4_warmup,0.735,1120.4196333333332,1002.5022,720.8315166666666,1110.47395,0.0,951.2507666666666,833.3333333333334,0.0,0.0,3450.0,4200.0,0.0,3495.8465674999998,-1.1368683772161605e-13
2025-01-26,72,q4_warmup,0.7126,1095.3633333333337,987.4,667.6016666666667,1112.94375,0.0,941.2966666666672,833.3333333333334,0.0,0.0,4200.0,4950.0,0.0,3353.840023333335,1.1368683772161605e-13
2025-01-26,73,q4_warmup,0.7032,1091.4865666666667,953.6482333333332,668.4196000000001,1108.5629833333337,0.0,971.1716666666669,833.3333333333334,0.0,0.0,4950.0,5700.0,0.0,3414.6395800000005,-1.1368683772161605e-13
2025-01-26,74,q4_warmup,0.7485,1090.7943333333333,920.6404,680.3710166666666,1099.6039,0.0,603.5115000000012,433.3575666666679,0.0,0.0,5700.0,6090.021810000001,0.0,2258.6417887500047,5.684341886080803e-14
2025-01-26,75,q4_warmup,0.7614,1081.5,897.28125,676.51,1098.14375,0.0,605.8524999999998,421.6337499999999,0.0,0.0,6090.021810000001,6469.492185000001,0.0,2306.4804675,1.1368683772161605e-13
2025-01-26,76,q4_warmup,0.6478,1072.34625,879.9235833333333,677.27135,1122.7194833333333,0.0,1025.756,833.3333333333333,0.0,0.0,6469.492185000001,7219.492185000001,0.0,3322.423684,-2.273736754432321e-13
2025-01-26,77,q4_warmup,0.7753,1083.63925,863.4327,680.72085,1145.8759,0.0,685.3616,465.15505,0.0,0.0,7219.492185000001,7638.131730000001,0.0,2656.8042424,1.1368683772161605e-13
2025-01-26,78,q4_warmup,1.076,1099.2216666666666,856.28125,686.815,1148.8375,0.0,242.94041666666655,0.0,0.0,0.0,7638.131730000001,7638.131730000001,0.0,1307.0194416666664,0.0
2025-01-26,79,q4_warmup,1.1008,1085.07475,872.3798666666667,695.4030166666666,1133.0317,0.0,0.0,0.0,212.6948833333333,0.0,7638.131730000001,7401.804081851853,0.0,0.0,0.0
2025-01-26,80,q4_warmup,1.0711,1089.3965,892.5079333333333,676.3313333333333,1099.6832,0.0,196.88856666666675,0.0,0.0,0.0,7401.804081851853,7401.804081851853,0.0,1054.4367187833336,0.0
2025-01-26,81,q4_warmup,1.1028,1113.1516666666666,900.5,653.0533333333334,1061.01875,0.0,0.0,0.0,212.65166666666664,0.0,7401.804081851853,7165.524452222224,0.0,0.0,0.0
2025-01-26,82,q4_warmup,1.0911,1106.4923333333334,890.4747833333332,677.3132166666667,1030.09885,0.0,216.0175500000001,0.0,0.0,0.0,7165.524452222224,7165.524452222224,0.0,1178.4837440250008,0.0
2025-01-26,83,q4_warmup,1.1579,1088.83515,852.9421000000001,673.8313833333333,980.1372166666666,0.0,0.0,0.0,235.89305,0.0,7165.524452222224,6903.421063333335,0.0,0.0,0.0
2025-01-26,84,q4_warmup,1.3079,1089.5516666666667,805.0124999999999,639.51,918.05625,0.0,0.0,0.0,284.5391666666668,0.0,6903.421063333335,6587.266433703705,0.0,0.0,0.0
2025-01-26,85,q4_warmup,1.3976,1116.537816666667,776.6521166666666,644.2474166666667,877.2866666666667,0.0,0.0,0.0,339.88570000000027,0.0,6587.266433703705,6209.615655925927,0.0,0.0,0.0
2025-01-26,86,q4_warmup,1.3991,1125.69895,740.4691666666666,635.0304166666666,824.6968833333334,0.0,0.0,0.0,385.2297833333333,0.0,6209.615655925927,5781.582563333334,0.0,0.0,0.0
2025-01-26,87,q4_warmup,1.3938,1093.4333333333334,693.94375,607.6016666666667,768.7624999999999,0.0,0.0,0.0,399.48958333333337,0.0,5781.582563333334,5337.70524851852,0.0,0.0,0.0
2025-01-26,88,q4_warmup,1.4409,1040.6775666666667,660.0158333333333,613.25785,749.5391833333333,0.0,0.0,0.0,380.6617333333335,0.0,5337.70524851852,4914.747767037038,0.0,0.0,0.0
2025-01-26,89,q4_warmup,1.2231,1029.645616666667,608.0491333333333,606.5093333333333,702.4259833333334,0.0,421.5964833333336,0.0,0.0,0.0,4914.747767037038,4914.747767037038,0.0,2578.273293825002,0.0
2025-01-26,90,q4_warmup,0.8793,1058.0983333333334,553.74375,597.115,625.63125,0.0,1337.6879166666668,833.3333333333334,0.0,0.0,4914.747767037038,5664.747767037038,0.0,5881.144925625,1.1368683772161605e-13
2025-01-26,91,q4_warmup,0.8918,1068.1812666666667,544.9618666666667,638.6444666666666,580.3633333333333,58.28113333333317,1298.2716000000005,833.3333333333334,0.0,0.0,5664.747767037038,6414.747767037038,51.97511470666653,5788.9930644000015,-1.1368683772161605e-13
2025-01-26,92,q4_warmup,0.9318,1075.8858333333333,520.6745166666666,643.5352666666666,524.5280333333334,119.0072333333333,1269.5374166666668,833.3333333333334,0.0,0.0,6414.747767037038,7164.747767037038,110.89094001999996,5914.77482425,1.1368683772161605e-13
2025-01-26,93,q4_warmup,0.8725,1086.5783333333334,462.925,600.66,461.4,139.25999999999993,1317.7266666666667,833.3333333333334,0.0,0.0,7164.747767037038,7914.747767037038,121.50434999999996,5748.582583333335,-1.1368683772161605e-13
2025-01-26,94,q4_warmup,0.9206,1082.2061,413.10155,588.2068166666667,438.3642,149.8426166666667,1352.5952666666667,833.3333333333334,0.0,0.0,7914.747767037038,8664.747767037039,137.94511290333335,6225.996012466667,-1.1368683772161605e-13
2025-01-26,95,q4_warmup,0.9765,1070.53215,366.6018166666667,591.8162166666667,394.0675833333333,197.74863333333343,1339.5150333333331,833.3333333333334,0.0,0.0,8664.747767037039,9414.74776703704,193.1015404500001,6540.182150250001,1.1368683772161605e-13
2025-01-26,96,q4_warmup,0.9937,1063.246666666667,316.8875,586.2583333333333,319.675,266.58333333333354,1313.1091666666669,833.3333333333334,0.0,0.0,9414.74776703704,10164.74776703704,264.9038583333336,6524.182894583335,1.1368683772161605e-13
2025-01-26,97,q4_warmup,1.0342,1063.2691166666666,267.4405333333333,568.9879833333333,268.58395,300.4040333333333,495.42455,0.0,0.0,0.0,10164.74776703704,10164.74776703704,310.6778512733333,2561.84034805,0.0
2025-01-26,98,q4_warmup,1.0631,1051.45765,220.4031,572.3382,222.29945,350.0387499999984,481.0158000000017,0.0,0.0,0.0,10164.74776703704,10164.74776703704,372.1261951249983,2556.839484900009,0.0
2025-01-26,99,q4_warmup,1.0598,1039.5916666666667,176.20624999999998,595.245,169.84375,425.40125,437.98416666666685,0.0,0.0,0.0,10164.74776703704,10164.74776703704,450.84024475,2320.878099166668,2.273736754432321e-13
2025-01-26,100,q4_warmup,1.0476,1057.7092666666667,133.21338333333333,594.5911166666666,123.00816666666668,471.5829499999999,452.9129333333336,0.0,0.0,0.0,10164.74776703704,10164.74776703704,494.03029842,2372.357944800002,0.0
2025-01-26,101,q4_warmup,1.0618,1065.17325,86.96605,530.7514,79.42723333333333,451.32416666666666,526.8830333333335,0.0,0.0,0.0,10164.74776703704,10164.74776703704,479.2160001666667,2797.222023966668,2.273736754432321e-13
2025-01-26,102,q4_warmup,1.0888,1046.735,41.3875,452.6166666666666,38.98125,413.6354166666709,591.712083333329,0.0,0.0,0.0,10164.74776703704,10164.74776703704,450.3662416666712,3221.2805816666432,0.0
2025-01-26,103,q4_warmup,1.0898,1028.7838666666669,8.67135,453.5162666666667,8.4486,445.0676666666667,575.0448500000002,0.0,0.0,0.0,10164.74776703704,10164.74776703704,485.0347431333334,3133.4193876500017,0.0
2025-01-26,104,q4_warmup,1.1248,1030.122033333333,0.0,459.7555833333333,0.0,459.7555833333333,570.3664499999996,0.0,0.0,0.0,10164.74776703704,10164.74776703704,517.1330801333334,3207.7409147999983,0.0
2025-01-26,105,q4_warmup,1.1613,1060.1566666666663,0.0,444.7633333333333,0.0,207.4264333333313,852.730233333335,0.0,0.0,0.0,10164.74776703704,10164.74776703704,240.88431702999765,4951.37809985001,0.0
2025-01-26,106,q4_warmup,1.1112,1084.8490166666668,0.5125166666666666,453.2371,0.5029333333333333,452.7341666666667,631.6023333333335,0.0,0.0,0.0,10164.74776703704,10164.74776703704,503.078206,3509.182564000001,0.0
2025-01-26,107,q4_warmup,1.1297,937.7246833333334,0.0,457.29255,0.0,457.29255,480.4321333333334,0.0,0.0,0.0,10164.74776703704,10164.74776703704,516.6033937349999,2713.7209051333334,0.0
2025-01-26,108,q4_warmup,1.2474,721.0583333333334,0.0,448.4083333333333,0.0,0.0,607.0401096666649,0.0,114.01822366666848,0.0,10164.74776703704,10038.060851851851,0.0,3786.1091639909887,0.0
2025-01-26,109,q4_warmup,1.3315,718.9752166666667,0.0368,450.5833333333333,0.0361166666666666,0.0,0.0,0.0,718.9384166666667,0.0,10038.060851851851,9239.240388888888,0.0,0.0,0.0
2025-01-26,110,q4_warmup,1.3475,745.8739166666666,0.0,463.7063333333333,0.0,0.0,0.0,0.0,745.8739166666666,0.0,9239.240388888888,8410.49159259259,0.0,0.0,0.0
2025-01-26,111,q4_warmup,1.3148,722.7716666666666,0.0,476.47333333333336,0.0,0.0,316.14906666666707,0.0,406.6225999999996,0.0,8410.49159259259,7958.688703703702,0.0,2078.3639642666694,0.0
2025-01-26,112,q4_warmup,1.2924,753.0417000000001,0.00265,480.71065,0.0026,0.0,753.0390500000001,0.0,0.0,0.0,7958.688703703702,7958.688703703702,0.0,4866.138341100001,0.0
2025-01-26,113,q4_warmup,1.3773,764.2413,0.0,497.4809166666666,0.0,0.0,0.0,0.0,764.2413,0.0,7958.688703703702,7109.531703703702,0.0,0.0,0.0
2025-01-26,114,q4_warmup,1.5098,733.6166666666667,0.0,503.94166666666666,0.0,0.0,0.0,0.0,733.6166666666667,0.0,7109.531703703702,6294.4020740740725,0.0,0.0,0.0
2025-01-26,115,q4_warmup,1.5277,717.0772499999999,0.0001833333333333,455.07121666666666,0.0001833333333333,0.0,0.0,0.0,717.0770666666666,0.0,6294.4020740740725,5497.649777777776,0.0,0.0,0.0
2025-01-26,116,q4_warmup,1.5146,702.5284166666667,0.0,419.24585,0.0,0.0,71.57721666666885,0.0,630.9511999999978,0.0,5497.649777777776,4796.592888888889,0.0,542.0542618166832,0.0
2025-01-26,117,q4_warmup,1.53,703.2566666666667,0.0,426.625,0.0,0.0,0.0,0.0,703.2566666666667,0.0,4796.592888888889,4015.196592592593,0.0,0.0,0.0
2025-01-26,118,q4_warmup,1.5429,746.0904166666666,0.0,446.06005,0.0,0.0,0.0,0.0,746.0904166666666,0.0,4015.196592592593,3186.2072407407413,0.0,0.0,0.0
2025-01-26,119,q4_warmup,1.5156,743.8061833333333,0.0,469.3383166666667,0.0,0.0,743.8061833333333,0.0,0.0,0.0,3186.2072407407413,3186.2072407407413,0.0,5636.563257299999,0.0
2025-01-26,120,q4_warmup,1.4899,706.1016666666666,0.0,486.7433333333333,0.0,0.0,706.1016666666666,0.0,0.0,0.0,3186.2072407407413,3186.2072407407413,0.0,5260.104365833333,0.0
2025-01-26,121,q4_warmup,1.5391,726.96335,0.0,486.3579333333333,0.0,0.0,347.9291333333331,0.0,379.0342166666669,0.0,3186.2072407407413,2765.0581111111114,0.0,2677.488645566664,0.0
2025-01-26,122,q4_warmup,1.5503,738.0812666666667,0.0,478.8691666666667,0.0,0.0,0.0,0.0,738.0812666666667,0.0,2765.0581111111114,1944.967814814815,0.0,0.0,0.0
2025-01-26,123,q4_warmup,1.543,724.62,0.0,469.4533333333333,0.0,0.0,514.3787666666663,0.0,210.2412333333336,0.0,1944.967814814815,1711.3664444444444,0.0,3968.43218483333,-1.1368683772161605e-13
2025-01-26,124,q4_warmup,1.6006,741.7004000000001,0.0,460.2298,0.0,0.0,281.47060000000016,0.0,460.2297999999999,0.0,1711.3664444444444,1200.0,0.0,2252.609211800001,0.0
2025-01-26,125,q4_warmup,1.3692,745.2908333333334,0.0,483.4034333333333,0.0,0.0,745.2908333333334,0.0,-0.0,0.0,1200.0,1200.0,0.0,5102.261045,0.0
2025-01-26,126,q4_warmup,0.9782,728.1283333333334,0.0,517.75,0.0,517.75,210.37833333333344,0.0,-0.0,0.0,1200.0,1200.0,506.46305,1028.9604283333338,0.0
2025-01-26,127,q4_warmup,0.9453,729.1595833333334,0.0,503.43445,0.0,503.43445,225.72513333333347,0.0,-0.0,0.0,1200.0,1200.0,475.896585585,1066.8898427000006,0.0
2025-01-26,128,q4_warmup,0.9771,723.8367,0.0,470.0101666666667,0.0,470.0101666666667,253.8265333333333,0.0,-0.0,0.0,1200.0,1200.0,459.24693385,1240.0695285999996,0.0
2025-01-26,129,q4_warmup,0.9387,718.5683333333333,0.0,459.4616666666666,0.0,459.4616666666666,259.1066666666666,0.0,-0.0,0.0,1200.0,1200.0,431.2966665,1216.1171399999998,0.0
2025-01-26,130,q4_warmup,0.9565,734.9872833333334,0.0,482.57188333333335,0.0,482.57188333333335,252.41540000000003,0.0,-0.0,0.0,1200.0,1200.0,461.58000640833336,1207.1766505,0.0
2025-01-26,131,q4_warmup,0.7537,672.7035333333333,0.0,471.31835,0.0,471.31835,201.3851833333333,0.0,-0.0,0.0,1200.0,1200.0,355.23264039500003,758.9200633916666,0.0
2025-01-26,132,q4_warmup,0.4187,563.0283333333333,0.0,421.19166666666666,0.0,421.19166666666666,141.83666666666664,0.0,-0.0,0.0,1200.0,1200.0,176.35295083333335,296.9350616666666,0.0
2025-01-26,133,q4_warmup,0.3611,547.6134000000001,0.0,397.85775,0.0,1231.1910539371331,149.75565000000128,833.3333039371344,0.0,0.0,1200.0,1949.9999735434208,444.5830895766988,270.3838260750023,1.1368683772161605e-13
2025-01-26,134,q4_warmup,0.4026,561.8911166666667,0.0,414.09025,0.0,414.09025,147.80086666666648,0.0,2.0463630789890886e-13,0.0,1949.9999735434208,1949.999973543421,166.71273465,297.5231445999996,0.0
2025-01-26,135,q4_warmup,0.4102,563.8233333333334,0.0,441.19666666666666,0.0,441.19666666666666,122.62666666666662,0.0,2.0463630789890886e-13,0.0,1949.999973543421,1949.9999735434208,180.97887266666663,251.50729333333325,1.1368683772161605e-13
2025-01-26,136,q4_warmup,0.4273,577.0038666666667,0.0,436.91738333333336,0.0,436.9173833333337,140.08648333333332,0.0,-2.0463630789890886e-13,0.0,1949.9999735434208,1949.999973543421,186.6947978983335,299.2947716416666,1.1368683772161605e-13
2025-01-26,137,q4_warmup,0.4207,584.8553166666667,0.0,413.8672333333333,0.0,413.8672333333333,170.9880833333336,0.0,-2.0463630789890886e-13,0.0,1949.999973543421,1949.9999735434208,174.11394506333335,359.6734332916672,0.0
2025-01-26,138,q4_warmup,0.3977,577.9266666666666,0.0,394.6483333333333,0.0,394.6483333333333,183.27833333333336,0.0,-4.092726157978177e-13,0.0,1949.9999735434208,1949.9999735434217,156.95164216666666,364.4489658333334,-3.410605131648481e-13
2025-01-26,139,q4_warmup,0.407,570.03185,0.0,393.71206666666666,0.0,393.71206666666666,176.3197833333331,0.0,4.092726157978177e-13,0.0,1949.9999735434217,1949.9999735434208,160.24081113333332,358.81075908333287,3.410605131648481e-13
2025-01-26,140,q4_warmup,0.4134,593.2026,0.0,408.6156666666666,0.0,408.6156666666666,184.58693333333315,0.0,-0.0,0.0,1949.9999735434208,1949.9999735434208,168.9217166,381.5411911999997,-1.1368683772161605e-13
2025-01-26,141,q4_warmup,0.4125,619.4383333333334,0.0,423.2416666666666,0.0,423.2416666666666,196.19666666666663,0.0,-0.0,0.0,1949.9999735434208,1949.9999735434208,174.58718749999997,404.655625,-1.1368683772161605e-13
2025-01-26,142,q4_warmup,0.4408,592.3814333333333,0.0,429.6743166666667,0.0,429.67431666666687,162.7071166666665,0.0,-0.0,0.0,1949.9999735434208,1949.9999735434208,189.4004387866668,358.606485133333,0.0
2025-01-26,143,q4_warmup,0.4878,594.3999666666667,0.0,486.5695333333333,0.0,384.9628904775874,107.8304333333333,0.0,101.60664285574587,0.0,1949.9999735434208,1837.103703703704,187.78489797496712,262.9984268999999,-1.1368683772161605e-13
2025-01-26,144,q4_warmup,0.5059,620.3683333333333,0.0,573.3933333333333,0.0,0.0,46.975000000000136,0.0,573.3933333333332,0.0,1837.103703703704,1200.0,0.0,118.82326250000035,0.0
2025-01-27,1,q4_warmup,0.4546,586.1554666666667,0.0,603.02365,0.0,1436.3569833333331,0.0,833.3333333333334,0.0,16.868183333333263,1200.0,1950.0,652.9678846233334,0.0,0.0
2025-01-27,2,q4_warmup,0.4194,577.7903333333334,0.0,604.1721333333334,0.0,1437.5054666666667,0.0,833.3333333333333,0.0,26.381800000000112,1950.0,2700.0,602.8897927200001,0.0,0.0
2025-01-27,3,q4_warmup,0.4218,603.5,0.0,600.02,0.0,1433.3533333333337,3.479999999999791,833.3333333333333,0.0,0.0,2700.0,3450.0,604.5884360000001,7.339319999999558,0.0
2025-01-27,4,q4_warmup,0.4099,585.1310833333333,0.0,587.6106666666667,0.0,1420.944,0.0,833.3333333333333,0.0,2.4795833333333803,3450.0,4200.0,582.4449456,0.0,0.0
2025-01-27,5,q4_warmup,0.4171,582.2228,0.0,599.4886833333334,0.0,1432.8220166666667,0.0,833.3333333333333,0.0,17.265883333333477,4200.0,4950.0,597.6300631516667,0.0,0.0
2025-01-27,6,q4_warmup,0.4479,609.2133333333334,0.0,629.2333333333333,0.0,1462.5666666666666,0.0,833.3333333333333,0.0,20.019999999999985,4950.0,5700.0,655.08361,0.0,0.0
2025-01-27,7,q4_warmup,0.4665,617.1881333333333,0.0,636.3726833333334,0.0,1303.03935,0.0,685.8512166666667,0.0,0.0,5700.0,6317.266095,607.8678567750001,0.0,0.0
2025-01-27,8,q4_warmup,0.4809,626.0349333333334,0.0,636.0457333333333,0.0,636.0457333333333,0.0,10.010799999999904,0.0,0.0,6317.266095,6326.275815,305.87439315999995,0.0,0.0
2025-01-27,9,q4_warmup,0.4884,645.6816666666667,0.0,632.6066666666667,0.0,632.6066666666667,0.0,0.0,13.075000000000044,0.0,6326.275815,6311.748037222222,308.965096,0.0,0.0
2025-01-27,10,q4_warmup,0.4699,658.2089833333333,0.0,614.5470666666666,0.0,614.5470666666666,33.08868316666717,0.0,10.573233499999514,0.0,6311.748037222222,6300.0,288.77566662666663,77.7418611000845,0.0
2025-01-27,11,q4_warmup,0.4322,647.7895333333333,0.0,607.03785,0.0,1440.3711833333334,40.751683333333176,833.3333333333333,0.0,0.0,6300.0,7050.0,622.5284254366667,88.064387683333,0.0
2025-01-27,12,q4_warmup,0.4099,628.665,0.0,627.8416666666667,0.0,1461.1750000000002,0.8233333333330393,833.3333333333333,0.0,0.0,7050.0,7800.0,598.9356325000001,1.687421666666064,0.0
2025-01-27,13,q4_warmup,0.4364,630.6108833333334,0.0,668.8419,0.0,1502.1752333333334,0.0,833.3333333333333,0.0,38.23101666666673,7800.0,8550.0,655.5492718266667,0.0,0.0
2025-01-27,14,q4_warmup,0.456,630.7115166666666,0.0,687.6550833333334,0.0,1520.9884166666668,0.0,833.3333333333333,0.0,56.943566666666925,8550.0,9300.0,693.570718,0.0,0.0
2025-01-27,15,q4_warmup,0.4542,640.8966666666666,0.0,675.1283333333333,0.0,1508.4616666666666,0.0,833.3333333333333,0.0,34.23166666666668,9300.0,10050.0,685.143289,0.0,0.0
2025-01-27,16,q4_warmup,0.4658,692.9225333333334,0.0,656.5923,0.0,1489.9256333333333,36.33023333333336,833.3333333333333,0.0,0.0,10050.0,10800.0,694.0073600066667,84.61311343333337,0.0
2025-01-27,17,q4_warmup,0.4707,708.5644333333333,0.0,630.04515,0.0,630.04515,78.5192833333333,0.0,-0.0,0.0,10800.0,10800.0,296.562252105,184.79513332499997,0.0
2025-01-27,18,q4_warmup,0.4689,674.2066666666666,0.0,613.0833333333334,0.0,613.0833333333334,61.12333333333322,0.0,-0.0,0.0,10800.0,10800.0,287.474775,143.30365499999974,0.0
2025-01-27,19,q4_warmup,0.4842,653.14355,0.0,637.3823166666667,0.0,637.3823166666667,15.76123333333328,0.0,-0.0,0.0,10800.0,10800.0,308.62051773,38.15794589999987,0.0
2025-01-27,20,q4_warmup,0.498,646.1590166666666,0.0,683.0043999999999,0.0,683.0043999999999,0.0,0.0,-0.0,36.8453833333333,10800.0,10800.0,340.1361912,0.0,0.0
2025-01-27,21,q4_warmup,0.4931,646.2916666666666,0.0,708.3066666666667,0.0,708.3066666666667,0.0,0.0,-0.0,62.0150000000001,10800.0,10800.0,349.26601733333337,0.0,0.0
2025-01-27,22,q4_warmup,0.4762,657.8371,0.0,685.7917000000001,0.0,685.7917000000001,0.0,0.0,-0.0,27.95460000000014,10800.0,10800.0,326.5740075400001,0.0,0.0
2025-01-27,23,q4_warmup,0.4962,692.54085,0.0,675.7256666666666,0.0,675.7256666666666,16.81518333333338,0.0,-0.0,0.0,10800.0,10800.0,335.29507579999995,41.71846985000011,0.0
2025-01-27,24,q4_warmup,0.5244,718.94,0.0,695.69,0.0,695.69,23.25,0.0,-0.0,0.0,10800.0,10800.0,364.819836,60.9615,0.0
2025-01-27,25,q4_warmup,0.4884,693.5300166666666,0.0,705.8111833333334,0.0,705.8111833333334,0.0,0.0,-0.0,12.281166666666763,10800.0,10800.0,344.71818194,0.0,0.0
2025-01-27,26,q4_warmup,0.487,699.3288166666666,0.0,696.4243166666666,0.0,696.4243166666666,2.9044999999999845,0.0,-0.0,0.0,10800.0,10800.0,339.15864221666664,7.072457499999962,0.0
2025-01-27,27,q4_warmup,0.519,733.1016666666666,0.0,692.35,0.0,692.35,40.75166666666655,0.0,-0.0,0.0,10800.0,10800.0,359.32965,105.75057499999971,0.0
2025-01-27,28,q4_warmup,0.4882,711.9625,0.0,720.4733500000001,0.0,720.4733500000001,0.0,0.0,-0.0,8.510850000000119,10800.0,10800.0,351.73508947000005,0.0,0.0
2025-01-27,29,q4_warmup,0.4849,703.71965,0.0001999999999999,715.4344,0.0001833333333333,715.4342166666667,0.0,0.0,-0.0,11.714766666666655,10800.0,10800.0,346.91405166166663,0.0,-4.973799150320701e-14
2025-01-27,30,q4_warmup,0.5227,719.375,0.0,688.285,0.0,688.285,31.090000000000032,0.0,-0.0,0.0,10800.0,10800.0,359.7665695,81.25371500000008,0.0
2025-01-27,31,q4_warmup,0.5203,701.7058666666667,0.0,713.5248833333334,0.0,713.5248833333334,0.0,0.0,-0.0,11.819016666666698,10800.0,10800.0,371.2469967983333,0.0,0.0
2025-01-27,32,q4_warmup,0.5131,700.1993166666666,0.0028333333333333,724.1974,0.0025833333333333,724.1948166666667,0.0,0.0,-0.0,23.99833333333344,10800.0,10800.0,371.5843604316667,0.0,7.105427357601002e-15
2025-01-27,33,q4_warmup,0.4977,712.085,0.0,703.2716666666666,0.0,703.2716666666666,8.81333333333339,0.0,-0.0,0.0,10800.0,10800.0,350.0183085,21.931980000000134,0.0
2025-01-27,34,q4_warmup,0.4689,695.8758666666666,0.0,715.3684833333333,0.0,715.3684833333333,0.0,0.0,-0.0,19.492616666666663,10800.0,10800.0,335.436281835,0.0,0.0
2025-01-27,35,q4_warmup,0.6751,766.9492666666666,0.0395333333333333,801.95565,0.0359666666666666,801.9196833333333,0.0,0.0,-0.0,35.00995,10800.0,10800.0,541.3759782183333,0.0,7.105427357601002e-15
2025-01-27,36,q4_warmup,1.0165,893.8133333333334,0.0,901.8566666666668,0.0,901.8566666666668,0.0,0.0,-0.0,8.043333333333294,10800.0,10800.0,916.7373016666668,0.0,0.0
2025-01-27,37,q4_warmup,1.1108,920.1504166666668,0.0,907.4837833333332,0.0,232.483814075508,12.666602591158837,0.0,675.0,0.0,10800.0,10050.0,258.24302067507426,70.35031079129617,0.0
2025-01-27,38,q4_warmup,1.0906,932.40285,0.5506,904.33075,0.5009,903.82985,28.02239999999998,0.0,-0.0,0.0,10050.0,10050.0,985.71683441,152.80614719999988,0.0
2025-01-27,39,q4_warmup,1.0715,947.9283333333332,0.0,915.7416666666668,0.0,915.7416666666668,32.1866666666665,0.0,0.0,0.0,10050.0,10050.0,981.2171958333332,172.44006666666576,0.0
2025-01-27,40,q4_warmup,1.036,898.4479500000001,0.0,886.9546166666668,0.0,886.9546166666668,11.49333333333334,0.0,0.0,0.0,10050.0,10050.0,918.8849828666667,59.53546666666669,0.0
2025-01-27,41,q4_warmup,1.0341,893.8319666666666,9.198933333333336,892.0326833333334,8.397466666666666,883.6352166666667,0.9978166666666156,0.0,0.0,0.0,10050.0,10050.0,913.767177555,5.159211074999736,0.0
2025-01-27,42,q4_warmup,1.0575,939.2966666666666,41.3125,932.7533333333334,38.3625,894.3908333333335,3.5933333333331348,0.0,0.0,0.0,10050.0,10050.0,945.8183062500002,18.99974999999895,0.0
2025-01-27,43,q4_warmup,1.0396,929.6962,82.02941666666666,935.49005,76.95696666666667,858.5330833333334,0.0,3.7953302833355134e-05,0.0,10.86626204669722,10050.0,10050.000034157973,892.5309934333334,0.0,-2.8421709430404014e-14
2025-01-27,44,q4_warmup,0.9861,916.9744166666666,128.03601666666663,943.7404,116.6202,827.1202000000001,0.0,0.0,0.0,38.18180000000012,10050.000034157973,10050.000034157973,815.6232292200001,0.0,5.684341886080803e-14
2025-01-27,45,q4_warmup,0.9135,902.505,175.66875000000002,937.5516666666668,158.35,779.2016666666667,0.0,0.0,0.0,52.36541666666673,10050.000034157973,10050.000034157973,711.8007225,0.0,2.8421709430404014e-14
2025-01-27,46,q4_warmup,0.8734,857.6044,221.5079333333333,876.6484833333334,208.05523333333332,1501.9265453800317,0.0,833.3332953800304,0.0,32.49678333333429,10050.000034157973,10800.0,1311.7826447349194,0.0,0.0
2025-01-27,47,q4_warmup,1.077,984.2803166666666,272.78363333333334,998.156,260.6507833333333,737.5052166666667,0.0,0.0,-0.0,26.00853333333339,10800.0,10800.0,794.29311835,0.0,0.0
2025-01-27,48,q4_warmup,1.382,1200.35,328.58750000000003,1225.5333333333333,314.85625,77.34374999999989,0.0,0.0,794.4187499999998,0.0,10800.0,9917.3125,106.88906249999984,0.0,-2.273736754432321e-13
2025-01-27,49,q4_warmup,1.4026,1201.3746166666667,379.8080166666667,1229.6306333333334,372.6456333333333,23.65166666666676,0.0,0.0,797.9149333333332,0.0,9917.3125,9030.740351851851,33.1738276666668,0.0,0.0
2025-01-27,50,q4_warmup,1.3436,1157.1609833333334,427.94166666666666,1197.5493166666668,423.3955666666666,0.0,0.0,0.0,729.2193166666668,0.0,9030.740351851851,8220.496666666666,0.0,0.0,0.0
2025-01-27,51,q4_warmup,1.3392,1173.1766666666667,479.66875,1233.44,474.59375,0.0,0.0,0.0,693.5079166666667,0.0,8220.496666666666,7449.932314814814,0.0,0.0,0.0
2025-01-27,52,q4_warmup,1.3182,1182.8978166666668,540.3390499999999,1244.2106,541.8542666666666,0.0,0.0,0.0,642.5587666666669,0.0,7449.932314814814,6735.978129629629,0.0,0.0,0.0
2025-01-27,53,q4_warmup,1.2761,1178.73965,600.4259666666667,1214.2539666666669,590.1312333333334,0.0,0.0,0.0,578.3136833333333,0.0,6735.978129629629,6093.40737037037,0.0,0.0,0.0
2025-01-27,54,q4_warmup,1.2412,1175.1583333333333,648.8562499999999,1184.2783333333334,620.7937499999999,0.0,0.0,0.0,526.3020833333334,0.0,6093.40737037037,5508.627277777778,0.0,0.0,0.0
2025-01-27,55,q4_warmup,1.2332,1185.6162166666666,685.4176000000001,1201.9827333333333,671.8228833333334,0.0,0.0,0.0,500.19861666666645,0.0,5508.627277777778,4952.851037037037,0.0,0.0,0.0
2025-01-27,56,q4_warmup,1.1858,1198.76385,742.3545666666668,1208.0673166666668,730.8863833333334,0.0,0.0,0.0,456.4092833333333,0.0,4952.851037037037,4445.729611111111,0.0,0.0,0.0
2025-01-27,57,q4_warmup,1.1187,1201.1633333333332,810.15,1191.4066666666663,783.8249999999999,407.5816666666666,0.0,0.0,0.0,16.568333333333385,4445.729611111111,4445.729611111111,455.9616105,0.0,0.0
2025-01-27,58,q4_warmup,1.1312,1188.1483333333333,848.8315833333332,1196.4615833333337,823.5506,126.67021666666707,0.0,0.0,212.64653333333297,0.0,4445.729611111111,4209.455685185186,143.28934909333378,0.0,0.0
2025-01-27,59,q4_warmup,1.213,1173.2715,893.5954833333334,1191.3038333333334,828.4455666666667,0.0,0.0,0.0,279.67601666666667,0.0,4209.455685185186,3898.704555555556,0.0,0.0,0.0
2025-01-27,60,q4_warmup,1.3028,1170.5433333333333,943.975,1180.54,826.8000000000001,0.0,0.0,0.0,226.56833333333327,0.0,3898.704555555556,3646.9619629629633,0.0,0.0,0.0
2025-01-27,61,q4_warmup,1.3305,1184.9336166666667,967.4184,1200.1264833333332,875.00375,0.0,0.0,0.0,217.51521666666667,0.0,3646.9619629629633,3405.2783888888894,0.0,0.0,0.0
2025-01-27,62,q4_warmup,1.2841,1201.4741166666663,1018.47605,1190.0205666666668,928.78225,0.0,0.0,0.0,182.99806666666632,0.0,3405.2783888888894,3201.9472037037044,0.0,0.0,0.0
2025-01-27,63,q4_warmup,1.2477,1200.7183333333337,1070.13125,1166.5733333333333,954.35625,0.0,0.0,0.0,130.5870833333338,0.0,3201.9472037037044,3056.8504444444447,0.0,0.0,0.0
2025-01-27,64,q4_warmup,1.2855,1171.446416666667,1034.366983333333,1200.3139166666667,958.7021833333332,0.0,0.0,0.0,137.07943333333378,0.0,3056.8504444444447,2904.539962962963,0.0,0.0,0.0
2025-01-27,65,q4_warmup,1.0759,1133.5344166666666,991.63445,1181.7361,966.09735,215.63874999999985,0.0,73.73878333333323,0.0,0.0,2904.539962962963,2970.9048679629627,232.00573112499984,0.0,0.0
2025-01-27,66,q4_warmup,0.7116,1115.4666666666667,990.15,1121.4833333333331,988.43125,966.3854166666669,0.0,0.0,0.0,841.06875,2970.9048679629627,2970.9048679629627,687.6798625,0.0,-1.1368683772161605e-13
2025-01-27,67,q4_warmup,0.6423,1135.2703166666668,1005.2476,1144.071233333333,1013.5858333333334,963.8187333333332,0.0,365.6612578189303,0.0,468.1347588477362,2970.9048679629627,3300.0,619.0607724199999,0.0,-1.1368683772161605e-13
2025-01-27,68,q4_warmup,0.7066,1165.7362666666666,1022.8676333333332,1168.5477833333332,1001.6126166666668,1000.2685,0.0,833.3333333333333,0.0,24.06653333333327,3300.0,4050.0,706.7897221,0.0,-1.1368683772161605e-13
2025-01-27,69,q4_warmup,0.7258,1167.1983333333333,1036.05,1154.4533333333334,972.69375,1015.0929166666668,0.0,833.3333333333333,0.0,50.61125000000016,4050.0,4800.0,736.7544389166667,0.0,0.0
2025-01-27,70,q4_warmup,0.6776,1118.3945333333334,1047.8580166666668,1141.9699833333334,987.4666,987.8367166666668,0.0,833.3333333333333,0.0,83.96686666666687,4800.0,5550.0,669.3581592133334,0.0,0.0
2025-01-27,71,q4_warmup,0.6,1074.15225,1084.7816666666663,1120.4196333333332,1002.5022,951.2507666666666,0.0,833.3333333333333,0.0,128.5468499999995,5550.0,6300.0,570.7504599999999,0.0,0.0
2025-01-27,72,q4_warmup,0.5438,1060.9616666666668,1129.21875,1095.3633333333337,987.4,941.2966666666669,0.0,833.3333333333333,0.0,176.22041666666678,6300.0,7050.0,511.87712733333336,0.0,2.273736754432321e-13
2025-01-27,73,q4_warmup,0.5496,1057.7001,1128.1219,1091.4865666666667,953.6482333333332,971.1716666666669,0.0,833.3333333333333,0.0,208.26013333333344,7050.0,7800.0,533.755948,0.0,0.0
2025-01-27,74,q4_warmup,0.6185,1043.598516666667,1086.705333333333,1090.7943333333333,920.6404,1003.4872666666664,0.0,833.3333333333333,0.0,213.26074999999943,7800.0,8550.0,620.6568744333333,0.0,-2.273736754432321e-13
2025-01-27,75,q4_warmup,0.6538,1028.4583333333333,1034.5375,1081.5,897.28125,1017.5520833333334,0.0,833.3333333333333,0.0,190.2979166666668,8550.0,9300.0,665.2755520833334,0.0,1.1368683772161605e-13
2025-01-27,76,q4_warmup,0.5847,1042.7972499999998,998.2098,1072.34625,879.9235833333333,1025.756,0.0,833.3333333333333,0.0,147.83521666666695,9300.0,10050.0,599.7595332000001,0.0,-1.1368683772161605e-13
2025-01-27,77,q4_warmup,0.7686,1079.6082833333332,957.65495,1083.63925,863.4327,1053.5398833333334,0.0,833.3333333333333,0.0,98.25321666666684,10050.0,10800.0,809.75075433,0.0,1.1368683772161605e-13
2025-01-27,78,q4_warmup,1.0913,1109.805,931.35625,1099.2216666666666,856.28125,242.94041666666655,0.0,0.0,-0.0,64.49166666666656,10800.0,10800.0,265.12087670833324,0.0,0.0
2025-01-27,79,q4_warmup,1.0598,1103.42745,957.4716666666668,1085.07475,872.3798666666667,212.6948833333333,0.0,0.0,-0.0,66.73910000000024,10800.0,10800.0,225.41403735666668,0.0,0.0
2025-01-27,80,q4_warmup,0.9709,1076.7651166666667,956.1175,1089.3965,892.5079333333333,196.88856666666675,0.0,0.0,-0.0,76.24095,10800.0,10800.0,191.15910937666675,0.0,1.1368683772161605e-13
2025-01-27,81,q4_warmup,0.9974,1063.8833333333334,920.31875,1113.1516666666666,900.5,212.65166666666664,0.0,0.0,-0.0,69.08708333333323,10800.0,10800.0,212.0987723333333,0.0,-1.1368683772161605e-13
2025-01-27,82,q4_warmup,1.0314,1088.0294,917.5850666666666,1106.4923333333334,890.4747833333332,216.0175500000001,0.0,0.0,-0.0,45.573216666666895,10800.0,10800.0,222.80050107000017,0.0,0.0
2025-01-27,83,q4_warmup,1.1473,1106.8606166666666,904.0937666666669,1088.83515,852.9421000000001,235.89305,0.0,0.0,-0.0,33.12620000000027,10800.0,10800.0,270.640096265,0.0,1.1368683772161605e-13
2025-01-27,84,q4_warmup,1.2909,1106.895,866.6062499999999,1089.5516666666667,805.0124999999999,0.0,0.0,0.0,240.28875000000005,0.0,10800.0,10533.0125,0.0,0.0,0.0
2025-01-27,85,q4_warmup,1.3031,1112.29205,837.0340500000001,1116.537816666667,776.6521166666666,0.0,0.0,0.0,275.2579999999999,0.0,10533.0125,10227.17027777778,0.0,0.0,0.0
2025-01-27,86,q4_warmup,1.3072,1116.5392166666668,791.7592333333333,1125.69895,740.4691666666666,0.0,0.0,0.0,324.77998333333346,0.0,10227.17027777778,9866.30362962963,0.0,0.0,0.0
2025-01-27,87,q4_warmup,1.3741,1106.371666666667,739.59375,1093.4333333333334,693.94375,0.0,0.0,0.0,366.7779166666669,0.0,9866.30362962963,9458.772611111111,0.0,0.0,0.0
2025-01-27,88,q4_warmup,1.4161,1082.5671166666666,715.25185,1040.6775666666667,660.0158333333333,0.0,0.0,0.0,367.3152666666666,0.0,9458.772611111111,9050.644537037037,0.0,0.0,0.0
2025-01-27,89,q4_warmup,1.2321,1092.4181333333331,671.8901,1029.645616666667,608.0491333333333,0.0,0.0,0.0,420.5280333333332,0.0,9050.644537037037,8583.391166666666,0.0,0.0,0.0
2025-01-27,90,q4_warmup,0.9238,1103.8233333333333,603.18125,1058.0983333333334,553.74375,1337.6879166666668,0.0,566.1055555555564,0.0,270.94027777777706,8583.391166666666,9092.886166666667,1235.7560974166668,0.0,1.1368683772161605e-13
2025-01-27,91,q4_warmup,0.823,1042.4773333333333,554.1298666666667,1068.1812666666667,544.9618666666667,1356.5527333333334,0.0,833.3333333333333,0.0,34.87193333333357,9092.886166666667,9842.886166666667,1116.4428995333333,0.0,0.0
2025-01-27,92,q4_warmup,0.8666,1023.0917166666668,528.7180999999999,1075.8858333333333,520.6745166666666,1388.54465,0.0,833.3333333333333,0.0,60.83769999999993,9842.886166666667,10592.886166666667,1203.31279369,0.0,-1.1368683772161605e-13
2025-01-27,93,q4_warmup,0.9448,1067.69,504.925,1086.5783333333334,462.925,853.7798148148145,0.0,230.12648148148264,0.0,60.888333333331786,10592.886166666667,10800.000000000002,806.6511690370367,0.0,-5.684341886080803e-14
2025-01-27,94,q4_warmup,1.0053,1084.7068166666666,456.0721333333333,1082.2061,413.10155,669.10455,0.0,0.0,1.6575540939811617e-12,40.4698666666684,10800.000000000002,10800.0,672.650804115,0.0,-7.105427357601002e-15
2025-01-27,95,q4_warmup,1.0061,1090.2867166666667,396.61148333333335,1070.53215,366.6018166666667,703.9303333333332,0.0,0.0,-0.0,10.255099999999857,10800.0,10800.0,708.2243083666666,0.0,0.0
2025-01-27,96,q4_warmup,0.988,1090.2933333333333,339.39375,1063.246666666667,316.8875,746.3591666666666,4.540416666667123,0.0,-4.639488793145573e-13,0.0,10800.0,10800.0,737.4028566666666,22.429658333335585,0.0
2025-01-27,97,q4_warmup,1.0274,1063.4437833333334,285.1558333333333,1063.2691166666666,267.4405333333333,795.8285833333332,0.0,0.0,-0.0,17.54063333333312,10800.0,10800.0,817.6342865166666,0.0,-5.684341886080803e-14
2025-01-27,98,q4_warmup,1.0264,1034.14185,234.33195,1051.45765,220.4031,831.0545500000001,0.0,0.0,-0.0,31.24465000000009,10800.0,10800.0,852.99439012,0.0,0.0
2025-01-27,99,q4_warmup,1.0058,1021.4216666666666,186.375,1039.5916666666667,176.20624999999998,863.3854166666667,0.0,0.0,-0.0,28.33875000000012,10800.0,10800.0,868.3930520833335,0.0,0.0
2025-01-27,100,q4_warmup,1.0828,1023.7234166666668,139.4711,1057.7092666666667,133.21338333333333,924.4958833333334,0.0,0.0,1.4388490399142026e-13,40.24356666666671,10800.0,10800.0,1001.0441424733334,0.0,1.7053025658242404e-13
2025-01-27,101,q4_warmup,1.1124,1026.2757666666666,91.15028333333332,1065.17325,86.96605,978.2072,0.0,0.0,3.1654678878112464e-14,43.081716666666765,10800.0,10800.0,1088.15768928,0.0,4.263256414560601e-14
2025-01-27,102,q4_warmup,1.0718,1017.9183333333334,44.66875,1046.735,41.3875,1005.3475,0.0,0.0,-0.0,32.09791666666645,10800.0,10800.0,1077.5314505,0.0,4.263256414560601e-14
2025-01-27,103,q4_warmup,1.0872,1001.4264,9.640916666666667,1028.7838666666669,8.67135,1020.1125166666668,0.0,0.0,-0.0,28.327033333333414,10800.0,10800.0,1109.06632812,0.0,-5.684341886080803e-14
2025-01-27,104,q4_warmup,1.1263,1007.3272166666668,0.0,1030.122033333333,0.0,1030.122033333333,0.0,0.0,-0.0,22.79481666666652,10800.0,10800.0,1160.2264461433333,0.0,0.0
2025-01-27,105,q4_warmup,1.1306,1048.165,0.0,1060.1566666666663,0.0,1060.1566666666663,0.0,0.0,-0.0,11.99166666666656,10800.0,10800.0,1198.6131273333333,0.0,0.0
2025-01-27,106,q4_warmup,1.0968,1080.8762,0.5734,1084.8490166666668,0.5125166666666666,1084.3365,0.0,0.0,1.84172677109018e-13,4.033700000000373,10800.0,10800.0,1189.3002732000002,0.0,3.5527136788005016e-14
2025-01-27,107,q4_warmup,1.1677,951.0957,0.0,937.7246833333334,0.0,937.7246833333334,13.371016666669014,0.0,-2.4079866989268336e-12,0.0,10800.0,10800.000000000002,1094.9811127283333,78.06668080834703,0.0
2025-01-27,108,q4_warmup,1.307,744.0116666666667,0.0,721.0583333333334,0.0,721.0583333333334,22.953333333331965,0.0,1.2968225842138746e-12,0.0,10800.000000000002,10800.0,942.4232416666669,150.0000333333244,0.0
2025-01-27,109,q4_warmup,1.3242,712.9986,0.0411666666666666,718.9752166666667,0.0368,718.9384166666667,0.0,0.0,-0.0,5.980983333333396,10800.0,10800.0,952.01825135,0.0,-2.5757174171303632e-14
2025-01-27,110,q4_warmup,1.2735,722.8973833333333,0.0,745.8739166666666,0.0,745.8739166666666,0.0,0.0,1.84172677109018e-13,22.97653333333342,10800.0,10800.0,949.870432875,0.0,4.263256414560601e-14
2025-01-27,111,q4_warmup,1.2372,700.9966666666666,0.0,722.7716666666666,0.0,722.7716666666666,0.0,0.0,0.0,21.77500000000009,10800.0,10800.0,894.213106,0.0,0.0
2025-01-27,112,q4_warmup,1.2588,709.9236999999999,0.00295,753.0417000000001,0.00265,753.0390500000001,0.0,0.0,0.0,43.11830000000015,10800.0,10800.0,947.92555614,0.0,5.684341886080803e-14
2025-01-27,113,q4_warmup,1.3656,706.7780166666666,0.0,764.2413,0.0,764.2413,0.0,0.0,1.1368683772161605e-13,57.46328333333349,10800.0,10800.0,1043.64791928,0.0,0.0
2025-01-27,114,q4_warmup,1.4977,692.9116666666667,0.0,733.6166666666667,0.0,0.0,0.0,0.0,692.9116666666669,0.0,10800.0,10030.098148148149,0.0,0.0,1.1368683772161605e-13
2025-01-27,115,q4_warmup,1.5455,717.9855666666667,0.0002166666666666,717.0772499999999,0.0001833333333333,0.0,0.0,0.0,717.98535,0.0,10030.098148148149,9232.336648148148,0.0,0.0,0.0
2025-01-27,116,q4_warmup,1.5355,737.7151166666666,0.0,702.5284166666667,0.0,0.0,0.0,0.0,737.7151166666666,0.0,9232.336648148148,8412.653185185185,0.0,0.0,0.0
2025-01-27,117,q4_warmup,1.5298,740.4050000000001,0.0,703.2566666666667,0.0,0.0,0.0,0.0,740.4050000000001,0.0,8412.653185185185,7589.980962962963,0.0,0.0,0.0
2025-01-27,118,q4_warmup,1.5646,754.7615833333333,0.0,746.0904166666666,0.0,0.0,0.0,0.0,754.7615833333333,0.0,7589.980962962963,6751.356981481481,0.0,0.0,0.0
2025-01-27,119,q4_warmup,1.5717,746.2927666666666,0.0,743.8061833333333,0.0,0.0,0.0,0.0,746.2927666666666,0.0,6751.356981481481,5922.142796296296,0.0,0.0,0.0
2025-01-27,120,q4_warmup,1.5409,725.0783333333334,0.0,706.1016666666666,0.0,0.0,0.0,0.0,725.0783333333334,0.0,5922.142796296296,5116.500203703704,0.0,0.0,0.0
2025-01-27,121,q4_warmup,1.522,737.4513333333333,0.0,726.96335,0.0,0.0,0.0,0.0,737.4513333333333,0.0,5116.500203703704,4297.109833333334,0.0,0.0,0.0
2025-01-27,122,q4_warmup,1.4726,733.8559166666668,0.0,738.0812666666667,0.0,0.0,0.0,0.0,733.8559166666668,0.0,4297.109833333334,3481.714370370371,0.0,0.0,0.0
2025-01-27,123,q4_warmup,1.4631,710.2433333333333,0.0,724.62,0.0,0.0,0.0,0.0,710.2433333333333,0.0,3481.714370370371,2692.555111111112,0.0,0.0,0.0
2025-01-27,124,q4_warmup,1.5692,714.1823166666667,0.0,741.7004000000001,0.0,0.0,0.0,0.0,714.1823166666667,0.0,2692.555111111112,1899.0192037037043,0.0,0.0,0.0
2025-01-27,125,q4_warmup,1.372,720.7088333333332,0.0,745.2908333333334,0.0,89.13293333333263,2.4586166666667166,0.0,629.117283333334,0.0,1899.0192037037043,1200.0,122.29038453333236,16.866110333333676,0.0
2025-01-27,126,q4_warmup,0.9695,722.27,0.0,728.1283333333334,0.0,728.1283333333334,0.0,0.0,0.0,5.858333333333462,1200.0,1200.0,705.9204191666668,0.0,0.0
2025-01-27,127,q4_warmup,0.9025,737.5014666666666,0.0,729.1595833333334,0.0,729.1595833333334,8.341883333333158,0.0,-0.0,0.0,1200.0,1200.0,658.0665239583334,37.642748541665874,0.0
2025-01-27,128,q4_warmup,0.9301,746.1933333333333,0.0,723.8367,0.0,723.8367,22.35663333333332,0.0,-0.0,0.0,1200.0,1200.0,673.2405146699999,103.9695233166666,0.0
2025-01-27,129,q4_warmup,0.9429,755.82,0.0,718.5683333333333,0.0,718.5683333333333,37.25166666666678,0.0,-0.0,0.0,1200.0,1200.0,677.5380814999999,175.62298250000055,0.0
2025-01-27,130,q4_warmup,1.0379,778.4101333333333,0.0,734.9872833333334,0.0,734.9872833333334,43.422849999999926,0.0,-0.0,0.0,1200.0,1200.0,762.8433013716667,225.34288007499964,0.0
2025-01-27,131,q4_warmup,0.8267,701.5676666666667,0.0,672.7035333333333,0.0,672.7035333333333,28.864133333333367,0.0,-0.0,0.0,1200.0,1200.0,556.1240110066667,119.30989513333348,0.0
2025-01-27,132,q4_warmup,0.4277,575.5966666666667,0.0,563.0283333333333,0.0,563.0283333333333,12.568333333333385,0.0,-0.0,0.0,1200.0,1200.0,240.80721816666667,26.877380833333444,0.0
2025-01-27,133,q4_warmup,0.3871,573.8971333333333,0.0,547.6134000000001,0.0,547.6134000000001,26.283733333333203,0.0,-0.0,0.0,1200.0,1200.0,211.98114714,50.872165866666414,0.0
2025-01-27,134,q4_warmup,0.4472,590.92855,0.0,561.8911166666667,0.0,561.8911166666667,29.0374333333333,0.0,-0.0,0.0,1200.0,1200.0,251.27770737333333,64.92770093333326,0.0
2025-01-27,135,q4_warmup,0.4258,575.82,0.0,563.8233333333334,0.0,563.8233333333334,11.99666666666667,0.0,-0.0,0.0,1200.0,1200.0,240.07597533333336,25.54090333333334,0.0
2025-01-27,136,q4_warmup,0.4056,581.4008833333334,0.0,577.0038666666667,0.0,577.0038666666667,4.397016666666673,0.0,-0.0,0.0,1200.0,1200.0,234.03276832,8.917149800000013,0.0
2025-01-27,137,q4_warmup,0.396,572.0588166666666,0.0,584.8553166666667,0.0,584.8553166666667,0.0,-0.0,0.0,12.796500000000036,1200.0,1200.0,231.6027054,0.0,0.0
2025-01-27,138,q4_warmup,0.3989,554.9516666666667,0.0,577.9266666666666,0.0,577.9266666666666,0.0,-0.0,0.0,22.974999999999916,1200.0,1200.0,230.5349473333333,0.0,-3.552713678800501e-15
2025-01-27,139,q4_warmup,0.423,580.0948166666667,0.0,570.03185,0.0,570.03185,10.06296666666674,0.0,-0.0,0.0,1200.0,1200.0,241.12347255,21.28317450000015,0.0
2025-01-27,140,q4_warmup,0.4527,606.0341166666666,0.0,593.2026,0.0,593.2026,12.83151666666663,0.0,-0.0,0.0,1200.0,1200.0,268.54281702,29.04413797499992,0.0
2025-01-27,141,q4_warmup,0.4684,617.445,0.0,619.4383333333334,0.0,619.4383333333334,0.0,0.0,0.0,1.9933333333333396,1200.0,1200.0,290.14491533333336,0.0,0.0
2025-01-27,142,q4_warmup,0.4592,632.4230833333334,0.0,592.3814333333333,0.0,592.3814333333333,40.04165,0.0,-0.0,0.0,1200.0,1200.0,272.02155418666666,91.9356284,0.0
2025-01-27,143,q4_warmup,0.4441,607.8704,0.0,594.3999666666667,0.0,594.3999666666667,13.47043333333329,0.0,-0.0,0.0,1200.0,1200.0,263.9730251966667,29.91109721666657,0.0
2025-01-27,144,q4_warmup,0.4551,576.445,0.0,620.3683333333333,0.0,620.3683333333333,0.0,-0.0,0.0,43.92333333333329,1200.0,1200.0,282.3296285,0.0,0.0
2025-01-28,1,q4_warmup,0.5003,615.9668,0.0,586.1554666666667,0.0,586.1554666666667,29.811333333333323,0.0,-0.0,0.0,1200.0,1200.0,293.25357997333333,74.57305033333331,0.0
2025-01-28,2,q4_warmup,0.4747,624.3405666666666,0.0,577.7903333333334,0.0,577.7903333333334,46.55023333333327,0.0,-0.0,0.0,1200.0,1200.0,274.27707123333334,110.48697881666652,0.0
2025-01-28,3,q4_warmup,0.4113,586.3566666666667,0.0,603.5,0.0,1436.8333333333337,0.0,833.3333333333334,0.0,17.14333333333343,1200.0,1950.0,590.96955,0.0,0.0
2025-01-28,4,q4_warmup,0.4463,592.1088833333333,0.0,585.1310833333333,0.0,1418.4644166666667,6.977799999999888,833.3333333333333,0.0,0.0,1950.0,2700.0,633.0606691583333,15.570960699999752,0.0
2025-01-28,5,q4_warmup,0.472,622.3701666666667,0.0,582.2228,0.0,582.2228,40.1473666666667,0.0,-0.0,0.0,2700.0,2700.0,274.8091616,94.7477853333334,0.0
2025-01-28,6,q4_warmup,0.4695,650.7316666666667,0.0,609.2133333333334,0.0,1275.88,41.5183333333332,666.6666666666666,0.0,0.0,2700.0,3300.0,599.02566,97.46428749999968,0.0
2025-01-28,7,q4_warmup,0.5195,670.9591833333333,0.0,617.1881333333333,0.0,617.1881333333333,53.771049999999946,0.0,-0.0,0.0,3300.0,3300.0,320.6292352666666,139.67030237499984,0.0
2025-01-28,8,q4_warmup,0.5041,671.6891666666667,0.0,626.0349333333334,0.0,626.0349333333334,45.65423333333331,0.0,-0.0,0.0,3300.0,3300.0,315.58420989333337,115.0714951166666,0.0
2025-01-28,9,q4_warmup,0.438,653.8249999999999,0.0,645.6816666666667,0.0,1479.015,8.14333333333309,833.3333333333333,0.0,0.0,3300.0,4050.0,647.80857,17.833899999999463,1.1368683772161605e-13
2025-01-28,10,q4_warmup,0.4638,637.4048166666666,0.0,658.2089833333333,0.0,1491.5423166666667,0.0,833.3333333333333,0.0,20.804166666666788,4050.0,4800.0,691.77732647,0.0,0.0
2025-01-28,11,q4_warmup,0.5038,660.1808666666667,0.0,647.7895333333333,0.0,647.7895333333333,12.391333333333364,0.0,-0.0,0.0,4800.0,4800.0,326.35636689333336,31.213768666666745,0.0
2025-01-28,12,q4_warmup,0.4941,680.5116666666667,0.0,628.665,0.0,628.665,51.84666666666669,0.0,-0.0,0.0,4800.0,4800.0,310.62337649999995,128.08719000000005,0.0
2025-01-28,13,q4_warmup,0.45,625.2820166666667,0.0,630.6108833333334,0.0,1463.9442166666668,0.0,833.3333333333333,0.0,5.3288666666668405,4800.0,5550.0,658.7748975000001,0.0,0.0
2025-01-28,14,q4_warmup,0.4214,622.5362,0.0,630.7115166666666,0.0,1464.04485,0.0,833.3333333333333,0.0,8.175316666666731,5550.0,6300.0,616.94849979,0.0,0.0
2025-01-28,15,q4_warmup,0.4307,677.9783333333334,0.0,640.8966666666666,0.0,1474.23,37.08166666666659,833.3333333333333,0.0,0.0,6300.0,7050.0,634.950861,79.85536916666652,-1.1368683772161605e-13
2025-01-28,16,q4_warmup,0.4659,672.3389,0.0,692.9225333333334,0.0,1526.2558666666669,0.0,833.3333333333333,0.0,20.58363333333364,7050.0,7800.0,711.08260828,0.0,0.0
2025-01-28,17,q4_warmup,0.5154,675.8074166666667,0.0,708.5644333333333,0.0,708.5644333333333,0.0,32.757016666666686,0.0,0.0,7800.0,7829.481315,365.19410894,0.0,0.0
2025-01-28,18,q4_warmup,0.5295,697.6233333333333,0.0,674.2066666666666,0.0,674.2066666666666,0.0,0.0,23.416666666666742,0.0,7829.481315,7803.462796481482,356.99243,0.0,0.0
2025-01-28,19,q4_warmup,0.4659,672.5245666666666,0.0,653.14355,0.0,1486.4768833333333,15.533465020575818,829.4857816872425,0.0,0.0,7803.462796481482,8550.0,692.5495799449999,36.18520676543137,1.1368683772161605e-13
2025-01-28,20,q4_warmup,0.4598,673.5268666666667,0.0,646.1590166666666,0.0,1479.49235,27.367849999999976,833.3333333333333,0.0,0.0,8550.0,9300.0,680.27058253,62.91868714999994,1.1368683772161605e-13
2025-01-28,21,q4_warmup,0.5104,704.695,0.0,646.2916666666666,0.0,646.2916666666666,58.40333333333342,0.0,-0.0,0.0,9300.0,9300.0,329.86726666666664,149.04530666666687,0.0
2025-01-28,22,q4_warmup,0.4897,691.7613500000001,0.0,657.8371,0.0,657.8371,33.92425000000014,0.0,-0.0,0.0,9300.0,9300.0,322.14282787,83.06352612500035,0.0
2025-01-28,23,q4_warmup,0.4801,665.06505,0.0,692.54085,0.0,692.54085,0.0,0.0,0.0,27.475799999999936,9300.0,9300.0,332.488862085,0.0,0.0
2025-01-28,24,q4_warmup,0.4971,659.7116666666667,0.0,718.94,0.0,718.94,0.0,0.0,0.0,59.22833333333335,9300.0,9300.0,357.38507400000003,0.0,0.0
2025-01-28,25,q4_warmup,0.474,683.0139333333333,0.0,693.5300166666666,0.0,693.5300166666666,0.0,0.0,0.0,10.516083333333311,9300.0,9300.0,328.7332279,0.0,0.0
2025-01-28,26,q4_warmup,0.4943,720.7118666666667,0.0,699.3288166666666,0.0,699.3288166666666,21.383050000000026,0.0,-0.0,0.0,9300.0,9300.0,345.67823407833333,52.84820807500007,0.0
2025-01-28,27,q4_warmup,0.5436,740.9816666666667,0.0,733.1016666666666,0.0,733.1016666666666,7.880000000000109,0.0,-0.0,0.0,9300.0,9300.0,398.514066,21.417840000000297,0.0
2025-01-28,28,q4_warmup,0.5162,716.5331666666666,0.0,711.9625,0.0,711.9625,4.570666666666625,0.0,-0.0,0.0,9300.0,9300.0,367.5150425,11.79689066666656,0.0
2025-01-28,29,q4_warmup,0.4843,686.9379666666667,0.0002333333333333,703.71965,0.0001999999999999,703.71945,0.0,16.781716666666647,0.0,0.0,9300.0,9315.103545,340.81132963500005,0.0,-2.131628207280301e-14
2025-01-28,30,q4_warmup,0.4799,687.0933333333334,0.0,719.375,0.0,719.375,0.0,32.28166666666664,0.0,0.0,9315.103545,9344.157045,345.2280625,0.0,0.0
2025-01-28,31,q4_warmup,0.4677,721.84445,0.0,701.7058666666667,0.0,1535.0392000000002,0.0,784.2699500000001,0.0,28.924800000000005,9344.157045,10050.0,717.93783384,0.0,0.0
2025-01-28,32,q4_warmup,0.4821,761.2181833333334,0.0032333333333333,700.1993166666666,0.0028333333333333,700.1964833333333,61.01846666666679,0.0,-0.0,0.0,10050.0,10050.0,337.56472461499993,147.0850139000003,0.0
2025-01-28,33,q4_warmup,0.4834,750.5066666666667,0.0,712.085,0.0,712.085,38.421666666666624,0.0,-0.0,0.0,10050.0,10050.0,344.22188900000003,92.86516833333324,0.0
2025-01-28,34,q4_warmup,0.4326,673.6523666666667,0.0,695.8758666666666,0.0,1529.2092,0.0,833.3333333333333,0.0,22.223500000000055,10050.0,10800.0,661.53589992,0.0,0.0
2025-01-28,35,q4_warmup,0.6422,722.7338666666666,0.0449333333333333,766.9492666666666,0.0395333333333333,766.9097333333333,0.0,0.0,-0.0,44.22080000000004,10800.0,10800.0,492.5094307466666,0.0,1.4210854715202004e-14
2025-01-28,36,q4_warmup,1.0195,879.6766666666667,0.0,893.8133333333334,0.0,893.8133333333334,0.0,0.0,-0.0,14.136666666666656,10800.0,10800.0,911.2426933333336,0.0,0.0
2025-01-28,37,q4_warmup,1.1183,927.1957833333332,0.0,920.1504166666668,0.0,86.81708333333336,7.045366666666496,0.0,833.3333333333334,0.0,10800.0,9874.074074074077,97.0875442916667,39.39416771666571,0.0
2025-01-28,38,q4_warmup,1.0518,899.72825,0.6259,932.40285,0.5506,931.85225,0.0,0.0,0.0,32.74989999999991,9874.074074074077,9874.074074074077,980.12219655,0.0,0.0
2025-01-28,39,q4_warmup,0.9971,877.065,0.0,947.9283333333332,0.0,947.9283333333332,0.0,0.0,0.0,70.86333333333323,9874.074074074077,9874.074074074077,945.1793411666666,0.0,0.0
2025-01-28,40,q4_warmup,1.0142,895.5289666666666,0.0,898.4479500000001,0.0,898.4479500000001,0.0,0.0,0.0,2.918983333333472,9874.074074074077,9874.074074074077,911.2059108900002,0.0,0.0
2025-01-28,41,q4_warmup,1.0245,902.53075,10.444016666666666,893.8319666666666,9.198933333333336,884.6330333333333,7.453700000000058,0.0,-0.0,0.0,9874.074074074077,9874.074074074077,906.30654265,38.18157825000029,0.0
2025-01-28,42,q4_warmup,0.9945,894.465,46.6125,939.2966666666666,41.3125,897.9841666666666,0.0,0.0,0.0,50.13166666666659,9874.074074074077,9874.074074074077,893.04525375,0.0,-4.263256414560601e-14
2025-01-28,43,q4_warmup,0.9629,917.9142333333332,91.05526666666668,929.6962,82.02941666666666,847.6667833333333,0.0,0.0,0.0,20.80781666666684,9874.074074074077,9874.074074074077,816.2183456716666,0.0,5.684341886080803e-14
2025-01-28,44,q4_warmup,0.9398,936.9564,136.84535,916.9744166666666,128.03601666666663,788.9383999999999,11.172650000000148,0.0,-0.0,0.0,9874.074074074077,9874.074074074077,741.4443083199999,52.50028235000069,0.0
2025-01-28,45,q4_warmup,0.8973,910.04,183.5625,902.505,175.66875000000002,726.83625,0.0,0.3587499999999863,0.0,0.0,9874.074074074077,9874.396949074076,652.1901671249999,0.0,0.0
2025-01-28,46,q4_warmup,0.8504,862.3122333333334,232.7558833333333,857.6044,221.5079333333333,1469.4298,0.0,832.9745833333335,0.0,6.8988666666665495,9874.396949074076,10624.074074074077,1249.6031019200002,0.0,-1.1368683772161605e-13
2025-01-28,47,q4_warmup,1.0827,1006.6301833333332,276.30001666666664,984.2803166666666,272.78363333333334,597.893816666666,18.833483333333334,0.0,113.60286666666724,0.0,10624.074074074077,10497.848666666669,647.3396353049993,101.955062025,0.0
2025-01-28,48,q4_warmup,1.4338,1239.1,314.80625000000003,1200.35,328.58750000000003,38.429166666666674,52.53124999999966,0.0,833.3333333333334,0.0,10497.848666666669,9571.922740740742,55.09973916666667,376.5965312499976,-2.273736754432321e-13
2025-01-28,49,q4_warmup,1.4218,1224.0186833333337,359.42975,1201.3746166666667,379.8080166666667,0.0,31.2556000000003,0.0,833.3333333333334,0.0,9571.922740740742,8645.996814814816,0.0,222.19606040000207,0.0
2025-01-28,50,q4_warmup,1.3138,1145.11165,417.74438333333336,1157.1609833333334,427.94166666666666,0.0,0.0,0.0,727.3672666666666,0.0,8645.996814814816,7837.810962962964,0.0,0.0,0.0
2025-01-28,51,q4_warmup,1.3106,1152.63,475.01875,1173.1766666666667,479.66875,0.0,0.0,0.0,677.6112500000002,0.0,7837.810962962964,7084.909574074075,0.0,0.0,0.0
2025-01-28,52,q4_warmup,1.3417,1211.8266,509.1160333333333,1182.8978166666668,540.3390499999999,0.0,0.0,0.0,702.7105666666669,0.0,7084.909574074075,6304.120055555556,0.0,0.0,0.0
2025-01-28,53,q4_warmup,1.2941,1222.6330333333333,551.5137666666667,1178.73965,600.4259666666667,0.0,0.0,0.0,671.1192666666666,0.0,6304.120055555556,5558.431981481482,0.0,0.0,0.0
2025-01-28,54,q4_warmup,1.2101,1192.6083333333331,603.85,1175.1583333333333,648.8562499999999,0.0,0.0,0.0,588.7583333333331,0.0,5558.431981481482,4904.256055555556,0.0,0.0,0.0
2025-01-28,55,q4_warmup,1.2316,1211.11575,639.5694500000001,1185.6162166666666,685.4176000000001,0.0,0.0,0.0,571.5462999999999,0.0,4904.256055555556,4269.204611111111,0.0,0.0,0.0
2025-01-28,56,q4_warmup,1.2518,1210.81385,690.5957,1198.76385,742.3545666666668,0.0,0.0,0.0,520.21815,0.0,4269.204611111111,3691.1844444444446,0.0,0.0,0.0
2025-01-28,57,q4_warmup,1.2132,1187.4633333333334,743.5375,1201.1633333333332,810.15,0.0,0.0,0.0,443.9258333333333,0.0,3691.1844444444446,3197.9335185185187,0.0,0.0,0.0
2025-01-28,58,q4_warmup,1.1834,1207.7103166666668,753.6379000000001,1188.1483333333333,848.8315833333332,0.0,0.0,0.0,454.0724166666668,0.0,3197.9335185185187,2693.408611111111,0.0,0.0,0.0
2025-01-28,59,q4_warmup,1.2697,1210.8464833333337,788.4135666666666,1173.2715,893.5954833333334,0.0,0.0,0.0,422.4329166666671,0.0,2693.408611111111,2224.038703703703,0.0,0.0,0.0
2025-01-28,60,q4_warmup,1.3947,1184.743333333333,855.0875,1170.5433333333333,943.975,0.0,0.0,0.0,329.65583333333313,0.0,2224.038703703703,1857.754444444444,0.0,0.0,0.0
2025-01-28,61,q4_warmup,1.3684,1182.3901666666668,891.4300333333334,1184.9336166666667,967.4184,0.0,0.0,0.0,290.9601333333334,0.0,1857.754444444444,1534.465407407407,0.0,0.0,0.0
2025-01-28,62,q4_warmup,1.3204,1191.5702666666666,912.6713666666666,1201.4741166666663,1018.47605,0.0,245.5465500000004,0.0,33.35234999999961,0.0,1534.465407407407,1497.4072407407407,0.0,1621.098323100003,0.0
2025-01-28,63,q4_warmup,1.3592,1195.4083333333333,935.41875,1200.7183333333337,1070.13125,0.0,129.40249999999995,0.0,130.58708333333328,0.0,1497.4072407407407,1352.3104814814817,0.0,879.4193899999998,0.0
2025-01-28,64,q4_warmup,1.4118,1190.0015666666666,962.1123333333334,1171.446416666667,1034.366983333333,0.0,90.80979999999988,0.0,137.07943333333333,0.0,1352.3104814814817,1200.0,0.0,641.026378199999,0.0
2025-01-28,65,q4_warmup,1.1196,1173.9196333333332,1012.2626333333332,1133.5344166666666,991.63445,0.0,161.65700000000004,0.0,0.0,0.0,1200.0,1200.0,0.0,904.9558860000002,0.0
2025-01-28,66,q4_warmup,0.6917,1163.0233333333333,1061.48125,1115.4666666666667,990.15,958.65,0.0,833.3333333333334,0.0,23.774583333333453,1200.0,1950.0,663.098205,0.0,0.0
2025-01-28,67,q4_warmup,0.7151,1173.4936166666666,1057.1410166666667,1135.2703166666668,1005.2476,963.35605,0.0,833.3333333333334,0.0,13.670116666666786,1950.0,2700.0,688.8959113550001,0.0,0.0
2025-01-28,68,q4_warmup,0.763,1159.3981833333337,1026.7665333333332,1165.7362666666666,1022.8676333333332,976.2019666666666,0.0,833.3333333333334,0.0,10.236983333332772,2700.0,3450.0,744.8421005666667,0.0,1.1368683772161605e-13
2025-01-28,69,q4_warmup,0.6681,1146.665,1009.51875,1167.1983333333333,1036.05,964.4816666666668,5.997916666666697,833.3333333333334,0.0,0.0,3450.0,4200.0,644.3702015,20.0360406250001,1.1368683772161605e-13
2025-01-28,70,q4_warmup,0.6881,1195.2199666666668,1020.8471833333332,1118.3945333333334,1047.8580166666668,903.86985,103.83626666666704,833.3333333333334,0.0,0.0,4200.0,4950.0,621.952843785,357.2486754666679,-1.1368683772161605e-13
2025-01-28,71,q4_warmup,0.708,1160.2305666666666,1019.0319666666666,1074.15225,1084.7816666666663,822.7039166666667,151.8280166666667,833.3333333333334,0.0,0.0,4950.0,5700.0,582.474373,537.4711790000001,1.1368683772161605e-13
2025-01-28,72,q4_warmup,0.6847,1061.8233333333333,992.3875,1060.9616666666668,1129.21875,765.0762500000002,137.6929166666664,833.3333333333334,0.0,0.0,5700.0,6450.0,523.8477083750001,471.3917002083324,1.1368683772161605e-13
2025-01-28,73,q4_warmup,0.7064,1070.57945,970.73545,1057.7001,1128.1219,762.9115333333335,170.2657999999998,833.3333333333334,0.0,0.0,6450.0,7200.0,538.9207071466668,601.3788055999993,-1.1368683772161605e-13
2025-01-28,74,q4_warmup,0.7085,1094.77535,971.7045,1043.598516666667,1086.705333333333,790.2265166666667,166.17766666666648,833.3333333333334,0.0,0.0,7200.0,7950.0,559.8754870583334,588.6843841666661,1.1368683772161605e-13
2025-01-28,75,q4_warmup,0.654,1073.0266666666666,979.6125,1028.4583333333333,1034.5375,827.2541666666665,99.49333333333357,833.3333333333334,0.0,0.0,7950.0,8700.0,541.0242249999999,325.3432000000008,1.1368683772161605e-13
2025-01-28,76,q4_warmup,0.6109,1047.865816666667,962.07335,1042.7972499999998,998.2098,877.9207833333332,41.20501666666701,833.3333333333334,0.0,0.0,8700.0,9450.0,536.3218065383332,125.86072340833437,1.1368683772161605e-13
2025-01-28,77,q4_warmup,0.7802,1079.8558,938.4828666666668,1079.6082833333332,957.65495,955.2866666666666,19.419599999999942,833.3333333333334,0.0,0.0,9450.0,10200.0,745.3146573333333,75.75585959999978,-1.1368683772161605e-13
2025-01-28,78,q4_warmup,1.039,1132.1566666666663,929.9375,1109.805,931.35625,178.44875000000013,23.770416666666165,0.0,0.0,0.0,10200.0,10200.0,185.4082512500001,123.48731458333071,0.0
2025-01-28,79,q4_warmup,1.0538,1113.4429,937.6247833333332,1103.42745,957.4716666666668,145.95578333333322,29.862333333333595,0.0,0.0,0.0,10200.0,10200.0,153.80820447666656,157.3446343333347,0.0
2025-01-28,80,q4_warmup,1.0615,1112.5900166666668,930.8951666666668,1076.7651166666667,956.1175,120.64761666666676,61.04723333333322,0.0,0.0,0.0,10200.0,10200.0,128.06744509166677,324.00819091666614,0.0
2025-01-28,81,q4_warmup,1.1286,1146.8166666666666,905.63125,1063.8833333333334,920.31875,0.000233694515454,241.1851829721512,0.0,0.0,0.0,10200.0,10200.0,0.0002637476301414,1361.0079875118497,0.0
2025-01-28,82,q4_warmup,1.0967,1142.713533333333,885.4732666666667,1088.0294,917.5850666666666,170.44433333333347,86.79593333333287,0.0,0.0,0.0,10200.0,10200.0,186.9263003666668,475.9455004333309,0.0
2025-01-28,83,q4_warmup,1.1647,1132.9846333333332,867.2851666666667,1106.8606166666666,904.0937666666669,0.0,100.64741666666689,0.0,165.0520499999997,0.0,10200.0,10016.608833333334,0.0,586.1202309583347,0.0
2025-01-28,84,q4_warmup,1.3271,1118.2083333333333,832.8874999999999,1106.895,866.6062499999999,0.0,0.0,0.0,285.3208333333333,0.0,10016.608833333334,9699.585685185186,0.0,0.0,0.0
2025-01-28,85,q4_warmup,1.3561,1068.1937666666663,769.0885499999999,1112.29205,837.0340500000001,0.0,0.0,0.0,299.1052166666664,0.0,9699.585685185186,9367.246555555555,0.0,0.0,0.0
2025-01-28,86,q4_warmup,1.3239,1064.206233333333,712.9865833333333,1116.5392166666668,791.7592333333333,0.0,0.0,0.0,351.2196499999998,0.0,9367.246555555555,8977.002500000002,0.0,0.0,0.0
2025-01-28,87,q4_warmup,1.3545,1096.35,679.13125,1106.371666666667,739.59375,0.0,0.0,0.0,417.2187499999999,0.0,8977.002500000002,8513.426111111114,0.0,0.0,0.0
2025-01-28,88,q4_warmup,1.4513,1073.4392333333333,652.3447,1082.5671166666666,715.25185,0.0,0.0,0.0,421.0945333333333,0.0,8513.426111111114,8045.543296296299,0.0,0.0,0.0
2025-01-28,89,q4_warmup,1.2626,1054.481183333333,638.1002666666667,1092.4181333333331,671.8901,0.0,0.0,0.0,416.3809166666664,0.0,8045.543296296299,7582.897833333336,0.0,0.0,0.0
2025-01-28,90,q4_warmup,0.9107,1060.3983333333333,618.4562500000001,1103.8233333333333,603.18125,891.1101693071835,384.1652473594832,833.3333333333334,0.0,0.0,7582.897833333336,8332.897833333336,811.5340311880519,1749.2964538514063,-1.1368683772161605e-13
2025-01-28,91,q4_warmup,0.8826,1049.1784666666667,564.3004500000001,1042.4773333333333,554.1298666666667,1321.6808,0.0,833.3333333333334,0.0,3.469450000000052,8332.897833333336,9082.897833333336,1166.51547408,0.0,1.1368683772161605e-13
2025-01-28,92,q4_warmup,0.8928,1034.8808166666663,515.6283999999999,1023.0917166666668,528.7180999999999,1327.7069500000002,24.8787999999995,833.3333333333334,0.0,0.0,9082.897833333336,9832.897833333336,1185.3767649600002,111.05896319999778,1.1368683772161605e-13
2025-01-28,93,q4_warmup,0.8522,1046.8133333333333,482.9625,1067.69,504.925,1396.0983333333334,1.085833333333312,833.3333333333334,0.0,0.0,9832.897833333336,10582.897833333336,1189.754999666667,4.626735833333243,-1.1368683772161605e-13
2025-01-28,94,q4_warmup,0.9645,1092.99825,439.2349833333333,1084.7068166666666,456.0721333333333,628.6346833333332,266.3532129629601,241.2246296296265,0.0,0.0,10582.897833333336,10800.0,606.318152075,1284.4883695138749,-5.684341886080803e-14
2025-01-28,95,q4_warmup,1.0325,1098.4085166666666,394.4647333333333,1090.2867166666667,396.61148333333335,693.6752333333334,10.268549999999948,0.0,-0.0,0.0,10800.0,10800.0,716.2196784166667,53.01138937499973,0.0
2025-01-28,96,q4_warmup,0.9939,1049.935,349.6625,1090.2933333333333,339.39375,750.8995833333333,0.0,0.0,-0.0,50.62708333333342,10800.0,10800.0,746.319095875,0.0,-1.1368683772161605e-13
2025-01-28,97,q4_warmup,0.9886,1010.19635,293.11306666666667,1063.4437833333334,285.1558333333333,778.2879500000001,0.0,0.0,-0.0,61.20466666666675,10800.0,10800.0,769.4154673700002,0.0,-1.1368683772161605e-13
2025-01-28,98,q4_warmup,1.0095,1012.2558333333332,236.83646666666667,1034.14185,234.33195,799.8099,0.0,0.0,-0.0,24.39053333333348,10800.0,10800.0,807.40809405,0.0,-2.8421709430404014e-14
2025-01-28,99,q4_warmup,1.0352,1041.5516666666667,186.49375,1021.4216666666666,186.375,835.0466666666666,20.011250000000103,0.0,-0.0,0.0,10800.0,10800.0,864.4403093333332,103.57823000000052,0.0
2025-01-28,100,q4_warmup,1.0639,1053.2739666666666,137.12975,1023.7234166666668,139.4711,884.2523166666667,31.891899999999907,0.0,-0.0,0.0,10800.0,10800.0,940.7560397016669,169.6489620499995,0.0
2025-01-28,101,q4_warmup,1.0719,1039.7179666666666,91.14688333333334,1026.2757666666666,91.15028333333332,935.1254833333332,13.445600000000011,0.0,-0.0,0.0,10800.0,10800.0,1002.361005585,72.06169320000008,0.0
2025-01-28,102,q4_warmup,1.0616,1020.8083333333334,48.95625,1017.9183333333334,44.66875,973.2495833333334,0.0,0.0,-0.0,1.397499999999965,10800.0,10800.0,1033.2017576666667,0.0,-4.263256414560601e-14
2025-01-28,103,q4_warmup,1.0616,1022.7475666666666,11.44615,1001.4264,9.640916666666667,991.7854833333332,19.515933333333223,0.0,-0.0,0.0,10800.0,10800.0,1052.8794691066669,103.59057413333278,0.0
2025-01-28,104,q4_warmup,1.0762,1027.26935,0.0,1007.3272166666668,0.0,1007.3272166666668,19.942133333333345,0.0,-0.0,0.0,10800.0,10800.0,1084.0855505766667,107.30861946666674,0.0
2025-01-28,105,q4_warmup,1.0898,1052.6433333333332,0.0,1048.165,0.0,1048.165,4.478333333333239,0.0,-0.0,0.0,10800.0,10800.0,1142.290217,24.402438333332825,0.0
2025-01-28,106,q4_warmup,1.0957,1105.77045,0.6916166666666667,1080.8762,0.5734,1080.3028,24.77603333333338,0.0,-0.0,0.0,10800.0,10800.0,1183.6877779599995,135.73549861666692,0.0
2025-01-28,107,q4_warmup,1.1727,972.2847333333334,0.0,951.0957,0.0,951.0957,21.18903333333344,0.0,-0.0,0.0,10800.0,10800.0,1115.34992739,124.24189695000064,0.0
2025-01-28,108,q4_warmup,1.2831,737.0799999999999,0.0,744.0116666666667,0.0,744.0116666666667,0.0,0.0,-0.0,6.931666666666729,10800.0,10800.0,954.6413695,0.0,0.0
2025-01-28,109,q4_warmup,1.3018,717.0554999999999,0.04965,712.9986,0.0411666666666666,712.9574333333334,4.048416666666569,0.0,-0.0,0.0,10800.0,10800.0,928.1279867133336,26.35114408333269,0.0
2025-01-28,110,q4_warmup,1.2963,745.02905,0.0,722.8973833333333,0.0,722.8973833333333,22.13166666666666,0.0,-0.0,0.0,10800.0,10800.0,937.091878015,143.44639749999996,0.0
2025-01-28,111,q4_warmup,1.2701,717.8483333333334,0.0,700.9966666666666,0.0,700.9966666666666,16.8516666666668,0.0,-0.0,0.0,10800.0,10800.0,890.3358663333332,107.01650916666752,0.0
2025-01-28,112,q4_warmup,1.1937,706.2145333333333,0.0035666666666666,709.9236999999999,0.00295,709.9207499999999,0.0,0.0,-0.0,3.709783333333258,10800.0,10800.0,847.4323992749999,0.0,-2.3536728122053322e-14
2025-01-28,113,q4_warmup,1.3422,719.5875166666666,0.0,706.7780166666666,0.0,77.66073333333384,12.809499999999955,0.0,629.1172833333328,0.0,10800.0,10100.980796296297,104.23623628000068,85.96455449999972,0.0
2025-01-28,114,q4_warmup,1.6056,730.8016666666667,0.0,692.9116666666667,0.0,0.0,0.0,0.0,730.8016666666667,0.0,10100.980796296297,9288.978944444443,0.0,0.0,0.0
2025-01-28,115,q4_warmup,1.5779,712.7956333333333,0.00025,717.9855666666667,0.0002166666666666,0.0,0.0,0.0,712.7953833333332,0.0,9288.978944444443,8496.984074074075,0.0,0.0,0.0
2025-01-28,116,q4_warmup,1.5072,713.0554333333333,0.0,737.7151166666666,0.0,0.0,0.0,0.0,713.0554333333333,0.0,8496.984074074075,7704.70025925926,0.0,0.0,0.0
2025-01-28,117,q4_warmup,1.5397,733.6533333333333,0.0,740.4050000000001,0.0,0.0,0.0,0.0,733.6533333333333,0.0,7704.70025925926,6889.529888888889,0.0,0.0,0.0
2025-01-28,118,q4_warmup,1.5679,732.3650833333332,0.0,754.7615833333333,0.0,0.0,0.0,0.0,732.3650833333332,0.0,6889.529888888889,6075.790907407408,0.0,0.0,0.0
2025-01-28,119,q4_warmup,1.553,744.0478666666667,0.0,746.2927666666666,0.0,0.0,0.0,0.0,744.0478666666667,0.0,6075.790907407408,5249.071055555556,0.0,0.0,0.0
2025-01-28,120,q4_warmup,1.5333,760.2883333333333,0.0,725.0783333333334,0.0,0.0,0.0,0.0,760.2883333333333,0.0,5249.071055555556,4404.3062407407415,0.0,0.0,0.0
2025-01-28,121,q4_warmup,1.5604,737.1986833333334,0.0,737.4513333333333,0.0,0.0,0.0,0.0,737.1986833333334,0.0,4404.3062407407415,3585.1965925925933,0.0,0.0,0.0
2025-01-28,122,q4_warmup,1.5214,737.79175,0.0,733.8559166666668,0.0,0.0,0.0,0.0,737.79175,0.0,3585.1965925925933,2765.427981481482,0.0,0.0,0.0
2025-01-28,123,q4_warmup,1.4733,757.1816666666667,0.0,710.2433333333333,0.0,0.0,62.47879999999941,0.0,694.7028666666673,0.0,2765.427981481482,1993.5359074074076,0.0,460.2500801999957,0.0
2025-01-28,124,q4_warmup,1.543,728.3876833333334,0.0,714.1823166666667,0.0,0.0,14.205366666666691,0.0,714.1823166666667,0.0,1993.5359074074076,1200.0,0.0,109.59440383333352,0.0
2025-01-28,125,q4_warmup,1.3172,714.0138833333334,0.0,720.7088333333332,0.0,720.7088333333332,0.0,0.0,0.0,6.694949999999835,1200.0,1200.0,949.3176752666664,0.0,0.0
2025-01-28,126,q4_warmup,0.9107,734.775,0.0,722.27,0.0,722.27,12.504999999999995,0.0,-0.0,0.0,1200.0,1200.0,657.7712889999999,56.941517499999975,0.0
2025-01-28,127,q4_warmup,0.8791,742.9281666666667,0.0,737.5014666666666,0.0,737.5014666666666,5.426700000000096,0.0,-0.0,0.0,1200.0,1200.0,648.3375393466666,23.853059850000424,0.0
2025-01-28,128,q4_warmup,0.9004,720.6530666666666,0.0,746.1933333333333,0.0,746.1933333333333,0.0,-0.0,0.0,25.54026666666664,1200.0,1200.0,671.8724773333332,0.0,0.0
2025-01-28,129,q4_warmup,0.8767,713.5083333333333,0.0,755.82,0.0,755.82,0.0,0.0,0.0,42.31166666666672,1200.0,1200.0,662.6273940000001,0.0,0.0
2025-01-28,130,q4_warmup,0.9969,765.7177,0.0,778.4101333333333,0.0,778.4101333333333,0.0,-0.0,0.0,12.69243333333327,1200.0,1200.0,775.99706192,0.0,0.0
2025-01-28,131,q4_warmup,0.8244,706.8324666666667,0.0,701.5676666666667,0.0,701.5676666666667,5.264800000000037,0.0,-0.0,0.0,1200.0,1200.0,578.3723844,21.70150560000015,0.0
2025-01-28,132,q4_warmup,0.4396,561.2116666666667,0.0,575.5966666666667,0.0,575.5966666666667,0.0,0.0,0.0,14.384999999999993,1200.0,1200.0,253.03229466666667,0.0,0.0
2025-01-28,133,q4_warmup,0.3889,529.4156333333334,0.0,573.8971333333333,0.0,573.8971333333333,0.0,0.0,0.0,44.48149999999987,1200.0,1200.0,223.18859515333327,0.0,0.0
2025-01-28,134,q4_warmup,0.3847,526.1228666666667,0.0,590.92855,0.0,590.92855,0.0,64.80568333333326,0.0,0.0,1200.0,1258.325115,227.330213185,0.0,0.0
2025-01-28,135,q4_warmup,0.3261,520.0533333333334,0.0,575.82,0.0,1409.1533333333334,0.0,768.5276500000001,0.0,120.57234999999991,1258.325115,1950.0,459.52490200000005,0.0,0.0
2025-01-28,136,q4_warmup,0.4176,571.8629,0.0,581.4008833333334,0.0,581.4008833333334,0.0,0.0,0.0,9.537983333333273,1950.0,1950.0,242.79300888000003,0.0,1.1368683772161605e-13
2025-01-28,137,q4_warmup,0.4858,601.1169,0.0,572.0588166666666,0.0,0.0,0.0,0.0,601.1169,0.0,1950.0,1282.0923333333335,0.0,0.0,0.0
2025-01-28,138,q4_warmup,0.4544,585.4,0.0,554.9516666666667,0.0,554.9516666666667,30.448333333333448,0.0,0.0,0.0,1282.0923333333335,1282.0923333333335,252.17003733333337,69.1786133333336,2.273736754432321e-13
2025-01-28,139,q4_warmup,0.4268,582.3246333333333,0.0,580.0948166666667,0.0,580.0948166666667,2.2298166666665797,0.0,0.0,0.0,1282.0923333333335,1282.0923333333335,247.5844677533333,4.75842876666648,0.0
2025-01-28,140,q4_warmup,0.4401,591.0186666666667,0.0,606.0341166666666,0.0,606.0341166666666,0.0,15.01544999999987,0.0,0.0,1282.0923333333335,1295.6062383333333,266.715614745,0.0,3.552713678800501e-15
2025-01-28,141,q4_warmup,0.461,599.7133333333334,0.0,617.445,0.0,514.5038166666668,0.0,0.0,85.2095166666666,0.0,1295.6062383333333,1200.9289975925926,237.1862594833334,0.0,0.0
2025-01-28,142,q4_warmup,0.4321,603.7923999999999,0.0,632.4230833333334,0.0,632.4230833333334,0.0,0.0,0.0,28.630683333333423,1200.9289975925926,1200.9289975925926,273.2700143083333,0.0,0.0
2025-01-28,143,q4_warmup,0.4055,607.48365,0.0,607.8704,0.0,607.8704,0.0,0.0,0.0,0.3867499999999381,1200.9289975925926,1200.9289975925926,246.4914472,0.0,6.822320486321588e-14
2025-01-28,144,q4_warmup,0.4171,601.1333333333333,0.0,576.445,0.0,576.445,23.85223549999992,0.0,0.8360978333333584,0.0,1200.9289975925926,1200.0,240.43520950000004,49.74383713524984,0.0
2025-01-29,1,q4_warmup,0.4502,576.4341499999999,0.0,615.9668,0.0,1449.3001333333334,0.0,833.3333333333334,0.0,39.5326500000001,1200.0,1950.0,652.4749200266667,0.0,0.0
2025-01-29,2,q4_warmup,0.4552,590.6664,0.0,624.3405666666666,0.0,1457.6739,0.0,833.3333333333333,0.0,33.67416666666679,1950.0,2700.0,663.53315928,0.0,0.0
2025-01-29,3,q4_warmup,0.4341,627.6166666666667,0.0,586.3566666666667,0.0,1419.69,41.25999999999988,833.3333333333333,0.0,0.0,2700.0,3450.0,616.287429,89.55482999999974,-1.1368683772161605e-13
2025-01-29,4,q4_warmup,0.4353,614.5212,0.0,592.1088833333333,0.0,1425.4422166666668,22.41231666666647,833.3333333333333,0.0,0.0,3450.0,4200.0,620.4949969150001,48.78040722499957,-1.1368683772161605e-13
2025-01-29,5,q4_warmup,0.4527,609.2627833333333,0.0,622.3701666666667,0.0,1455.7035,0.0,833.3333333333334,0.0,13.10738333333336,4200.0,4950.0,658.99697445,0.0,0.0
2025-01-29,6,q4_warmup,0.4725,625.58,0.0,650.7316666666667,0.0,650.7316666666667,0.0,25.15166666666664,0.0,0.0,4950.0,4972.6365,307.4707125,0.0,0.0
2025-01-29,7,q4_warmup,0.483,619.4419666666666,0.0,670.9591833333333,0.0,670.9591833333333,0.0,51.51721666666663,0.0,0.0,4972.6365,5019.001995,324.07328555,0.0,0.0
2025-01-29,8,q4_warmup,0.4594,624.5142166666667,0.0,671.6891666666667,0.0,671.6891666666667,0.0,47.17494999999997,0.0,0.0,5019.001995,5061.459449999999,308.57400316666667,0.0,0.0
2025-01-29,9,q4_warmup,0.4165,639.97,0.0,653.8249999999999,0.0,1487.1583333333333,0.0,709.4895000000007,0.0,137.69883333333257,5061.459449999999,5700.0,619.4014458333332,0.0,0.0
2025-01-29,10,q4_warmup,0.3989,627.1383166666667,0.0,637.4048166666666,0.0,1470.73815,0.0,833.3333333333333,0.0,10.266500000000178,5700.0,6450.0,586.677448035,0.0,0.0
2025-01-29,11,q4_warmup,0.3951,613.96655,0.0,660.1808666666667,0.0,1493.5142,0.0,833.3333333333333,0.0,46.21431666666683,6450.0,7200.0,590.0874604200001,0.0,0.0
2025-01-29,12,q4_warmup,0.4095,620.8583333333333,0.0,680.5116666666667,0.0,1513.845,0.0,833.3333333333333,0.0,59.65333333333342,7200.0,7950.0,619.9195275,0.0,0.0
2025-01-29,13,q4_warmup,0.4596,641.8874833333333,0.0,625.2820166666667,0.0,625.2820166666667,16.605466666666644,0.0,-0.0,0.0,7950.0,7950.0,287.37961486,38.15936239999995,0.0
2025-01-29,14,q4_warmup,0.4953,664.7372833333333,0.0,622.5362,0.0,622.5362,42.20108333333326,0.0,-0.0,0.0,7950.0,7950.0,308.34217986,104.51098287499984,0.0
2025-01-29,15,q4_warmup,0.4823,669.5649999999999,0.0,677.9783333333334,0.0,677.9783333333334,0.0,8.413333333333412,0.0,0.0,7950.0,7957.572,326.98895016666665,0.0,0.0
2025-01-29,16,q4_warmup,0.4403,648.1416333333333,0.0,672.3389,0.0,1505.6722333333332,0.0,824.9199999999998,0.0,32.61060000000009,7957.572,8700.0,662.9474843366667,0.0,0.0
2025-01-29,17,q4_warmup,0.4661,659.4606333333334,0.0,675.8074166666667,0.0,675.8074166666667,0.0,0.0,0.0,16.346783333333292,8700.0,8700.0,314.9938369083333,0.0,0.0
2025-01-29,18,q4_warmup,0.5278,687.5566666666667,0.0,697.6233333333333,0.0,697.6233333333333,0.0,0.0,0.0,10.066666666666606,8700.0,8700.0,368.20559533333335,0.0,0.0
2025-01-29,19,q4_warmup,0.4993,661.0659166666667,0.0,672.5245666666666,0.0,672.5245666666666,0.0,0.0,0.0,11.45864999999992,8700.0,8700.0,335.79151613666664,0.0,0.0
2025-01-29,20,q4_warmup,0.4633,650.1690833333333,0.0,673.5268666666667,0.0,673.5268666666667,0.0,0.0,0.0,23.357783333333373,8700.0,8700.0,312.0449973266667,0.0,0.0
2025-01-29,21,q4_warmup,0.462,666.0816666666666,0.0,704.695,0.0,704.695,0.0,0.0,0.0,38.61333333333346,8700.0,8700.0,325.56909,0.0,0.0
2025-01-29,22,q4_warmup,0.4613,652.0708833333333,0.0,691.7613500000001,0.0,691.7613500000001,0.0,0.0,0.0,39.6904666666668,8700.0,8700.0,319.10951075500003,0.0,0.0
2025-01-29,23,q4_warmup,0.4946,658.0166,0.0,665.06505,0.0,665.06505,0.0,7.0484500000000025,0.0,0.0,8700.0,8706.343605,328.94117373,0.0,0.0
2025-01-29,24,q4_warmup,0.5294,692.4316666666667,0.0,659.7116666666667,0.0,659.7116666666667,27.010755500000005,0.0,5.709244500000023,0.0,8706.343605,8700.0,349.2513563333333,71.49746980850001,0.0
2025-01-29,25,q4_warmup,0.4883,706.5813833333333,0.0,683.0139333333333,0.0,683.0139333333333,23.567450000000008,0.0,-0.0,0.0,8700.0,8700.0,333.5157036466666,57.53992917500002,0.0
2025-01-29,26,q4_warmup,0.445,699.2788,0.0,720.7118666666667,0.0,1554.0452,0.0,833.3333333333333,0.0,21.43306666666672,8700.0,9450.0,691.550114,0.0,0.0
2025-01-29,27,q4_warmup,0.4592,688.02,0.0,740.9816666666667,0.0,1407.6483333333335,0.0,666.6666666666666,0.0,52.96166666666693,9450.0,10050.0,646.3921146666668,0.0,0.0
2025-01-29,28,q4_warmup,0.5182,689.98605,0.0,716.5331666666666,0.0,716.5331666666666,0.0,0.0,0.0,26.547116666666625,10050.0,10050.0,371.3074869666666,0.0,0.0
2025-01-29,29,q4_warmup,0.5328,697.1440166666666,0.0002833333333333,686.9379666666667,0.0002333333333333,686.9377333333334,10.20599999999987,0.0,-0.0,0.0,10050.0,10050.0,366.0004243200001,27.188783999999654,0.0
2025-01-29,30,q4_warmup,0.4981,699.5266666666666,0.0,687.0933333333334,0.0,687.0933333333334,12.43333333333328,0.0,-0.0,0.0,10050.0,10050.0,342.2411893333333,30.96521666666653,0.0
2025-01-29,31,q4_warmup,0.4941,697.7861833333333,0.0,721.84445,0.0,721.84445,0.0,0.0,0.0,24.058266666666785,10050.0,10050.0,356.663342745,0.0,0.0
2025-01-29,32,q4_warmup,0.5244,714.9604666666668,0.0040666666666666,761.2181833333334,0.0032333333333333,761.21495,0.0,0.0,0.0,46.258549999999936,10050.0,10050.0,399.18111978,0.0,-3.5527136788005016e-14
2025-01-29,33,q4_warmup,0.5121,726.1750000000001,0.0,750.5066666666667,0.0,750.5066666666667,0.0,24.331666666666592,0.0,0.0,10050.0,10071.8985,384.334464,0.0,0.0
2025-01-29,34,q4_warmup,0.4254,700.3429500000001,0.0,673.6523666666667,0.0,1506.9857000000002,2.3589166666672554,809.0016666666673,0.0,0.0,10071.8985,10800.0,641.0717167800001,5.017415750001252,0.0
2025-01-29,35,q4_warmup,0.6283,784.2599833333334,0.0565666666666666,722.7338666666666,0.0449333333333333,722.6889333333332,61.51448333333346,0.0,-0.0,0.0,10800.0,10800.0,454.0654568133333,193.24774939166704,0.0
2025-01-29,36,q4_warmup,1.0051,917.0466666666666,0.0,879.6766666666667,0.0,879.6766666666667,37.36999999999989,0.0,-0.0,0.0,10800.0,10800.0,884.1630176666669,187.80293499999948,0.0
2025-01-29,37,q4_warmup,1.0477,881.4841166666666,0.0,927.1957833333332,0.0,927.1957833333332,0.0,0.0,-0.0,45.71166666666659,10800.0,10800.0,971.4230221983332,0.0,0.0
2025-01-29,38,q4_warmup,0.9824,838.5838333333332,0.7879833333333334,899.72825,0.6259,899.10235,0.0,0.0,-0.0,61.30650000000009,10800.0,10800.0,883.27814864,0.0,4.973799150320701e-14
2025-01-29,39,q4_warmup,0.9866,879.6,0.0,877.065,0.0,877.065,2.534999999999968,0.0,-0.0,0.0,10800.0,10800.0,865.3123290000001,12.505154999999842,0.0
2025-01-29,40,q4_warmup,1.007,931.23665,0.0,895.5289666666666,0.0,895.5289666666666,35.70768333333342,0.0,-0.0,0.0,10800.0,10800.0,901.7976694333332,179.78818558333376,0.0
2025-01-29,41,q4_warmup,1.0246,933.0870166666668,12.981916666666663,902.53075,10.444016666666666,892.0867333333333,28.018366666666864,0.0,-0.0,0.0,10800.0,10800.0,914.0320669733331,143.53809243333433,0.0
2025-01-29,42,q4_warmup,1.0292,891.6999999999999,54.18125,894.465,46.6125,847.8525000000001,0.0,0.0,-0.0,10.333750000000144,10800.0,10800.0,872.609793,0.0,-2.131628207280301e-14
2025-01-29,43,q4_warmup,1.0122,868.3845833333334,97.88603333333332,917.9142333333332,91.05526666666668,826.8589666666667,0.0,0.0,-0.0,56.36041666666664,10800.0,10800.0,836.94664606,0.0,1.4210854715202004e-14
2025-01-29,44,q4_warmup,0.9793,892.5737166666667,147.1291,936.9564,136.84535,800.11105,0.0,0.0,-0.0,54.66643333333332,10800.0,10800.0,783.548751265,0.0,0.0
2025-01-29,45,q4_warmup,0.9232,909.3466666666668,200.75625,910.04,183.5625,726.4775,0.0,0.0,-0.0,17.887083333333152,10800.0,10800.0,670.684028,0.0,2.8421709430404014e-14
2025-01-29,46,q4_warmup,0.8755,866.1934833333333,251.16245,862.3122333333334,232.75588333333332,629.5563500000001,0.0,0.0,-0.0,14.525316666666724,10800.0,10800.0,551.176584425,0.0,2.8421709430404014e-14
2025-01-29,47,q4_warmup,1.0693,1005.7078166666666,306.82728333333336,1006.6301833333332,276.30001666666664,730.3301666666666,0.0,0.0,-0.0,31.449633333333335,10800.0,10800.0,780.9420472166665,0.0,-5.684341886080803e-14
2025-01-29,48,q4_warmup,1.3837,1250.2183333333337,367.35625,1239.1,314.80625000000003,90.96041666666667,0.0,0.0,791.9016666666669,0.0,10800.0,9920.10925925926,125.86192854166669,0.0,-2.273736754432321e-13
2025-01-29,49,q4_warmup,1.4327,1257.7921166666667,421.5161,1224.0186833333337,359.42975,31.255600000000072,0.0,0.0,805.0204166666665,0.0,9920.10925925926,9025.64212962963,44.779898120000105,0.0,-2.273736754432321e-13
2025-01-29,50,q4_warmup,1.381,1200.8424833333331,467.17685,1145.11165,417.74438333333336,0.0,0.0,0.0,733.6656333333331,0.0,9025.64212962963,8210.458092592593,0.0,0.0,0.0
2025-01-29,51,q4_warmup,1.3569,1200.4633333333334,513.9812499999999,1152.63,475.01875,0.0,0.0,0.0,686.4820833333334,0.0,8210.458092592593,7447.700222222223,0.0,0.0,0.0
2025-01-29,52,q4_warmup,1.3278,1208.5411333333334,572.7222166666667,1211.8266,509.1160333333333,0.0,0.0,0.0,635.8189166666667,0.0,7447.700222222223,6741.23475925926,0.0,0.0,0.0
2025-01-29,53,q4_warmup,1.3254,1234.9122166666666,622.7607666666667,1222.6330333333333,551.5137666666667,0.0,0.0,0.0,612.15145,0.0,6741.23475925926,6061.066481481482,0.0,0.0,0.0
2025-01-29,54,q4_warmup,1.3212,1255.8516666666667,666.9562500000001,1192.6083333333331,603.85,0.0,0.0,0.0,588.8954166666666,0.0,6061.066481481482,5406.738240740741,0.0,0.0,0.0
2025-01-29,55,q4_warmup,1.2461,1222.2871,725.8716833333333,1211.11575,639.5694500000001,0.0,0.0,0.0,496.4154166666667,0.0,5406.738240740741,4855.165555555556,0.0,0.0,0.0
2025-01-29,56,q4_warmup,1.1796,1182.74345,767.3382833333334,1210.81385,690.5957,0.0,0.0,0.0,415.40516666666656,0.0,4855.165555555556,4393.60425925926,0.0,0.0,0.0
2025-01-29,57,q4_warmup,1.1468,1180.975,797.74375,1187.4633333333334,743.5375,0.0,0.0,0.0,383.23124999999993,0.0,4393.60425925926,3967.79175925926,0.0,0.0,0.0
2025-01-29,58,q4_warmup,1.1183,1213.6167666666668,856.0754166666667,1207.7103166666668,753.6379000000001,193.82264999999887,0.0,0.0,163.71870000000115,0.0,3967.79175925926,3785.882092592593,216.75186949499877,0.0,-2.273736754432321e-13
2025-01-29,59,q4_warmup,1.2032,1211.3685833333334,905.8448333333334,1210.8464833333337,788.4135666666666,0.0,0.0,0.0,305.52374999999995,0.0,3785.882092592593,3446.411259259259,0.0,0.0,0.0
2025-01-29,60,q4_warmup,1.3262,1172.0466666666666,947.2375,1184.743333333333,855.0875,0.0,0.0,0.0,224.80916666666667,0.0,3446.411259259259,3196.6232962962963,0.0,0.0,0.0
2025-01-29,61,q4_warmup,1.2838,1159.30675,1012.9474333333332,1182.3901666666668,891.4300333333334,0.0,0.0,0.0,146.3593166666668,0.0,3196.6232962962963,3034.0018333333333,0.0,0.0,0.0
2025-01-29,62,q4_warmup,1.2324,1167.1370833333333,1044.7165166666666,1191.5702666666666,912.6713666666666,0.0,0.0,0.0,122.42056666666667,0.0,3034.0018333333333,2897.978981481481,0.0,0.0,0.0
2025-01-29,63,q4_warmup,1.2795,1172.7616666666663,1039.9875,1195.4083333333333,935.41875,0.0,0.0,0.0,132.77416666666636,0.0,2897.978981481481,2750.45212962963,0.0,0.0,0.0
2025-01-29,64,q4_warmup,1.3356,1165.2619166666666,1054.2888666666663,1190.0015666666666,962.1123333333334,0.0,0.0,0.0,110.97305000000028,0.0,2750.45212962963,2627.148740740741,0.0,0.0,0.0
2025-01-29,65,q4_warmup,1.1102,1172.9969166666667,1061.4229833333334,1173.9196333333332,1012.2626333333332,161.65699999999993,0.0,0.0,0.0,50.08306666666658,2627.148740740741,2627.148740740741,179.47160139999994,0.0,0.0
2025-01-29,66,q4_warmup,0.7419,1191.3416666666667,1062.875,1163.0233333333333,1061.48125,934.8754166666666,0.0,80.94584362139913,0.0,725.4629063786008,2627.148740740741,2700.0,693.584071625,0.0,1.1368683772161605e-13
2025-01-29,67,q4_warmup,0.6791,1183.6541333333332,1093.1111,1173.4936166666666,1057.1410166666667,949.6859333333332,0.0,0.0,0.0,859.1429000000002,2700.0,2700.0,644.9317173266667,0.0,-1.1368683772161605e-13
2025-01-29,68,q4_warmup,0.7098,1156.95745,1123.2880666666667,1159.3981833333337,1026.7665333333332,965.9649833333336,0.0,833.3333333333334,0.0,98.96226666666688,2700.0,3450.0,685.6419451700002,0.0,-1.1368683772161605e-13
2025-01-29,69,q4_warmup,0.6995,1143.0466666666666,1124.1,1146.665,1009.51875,970.4795833333332,0.0,833.3333333333333,0.0,118.1995833333333,3450.0,4200.0,678.8504685416666,0.0,0.0
2025-01-29,70,q4_warmup,0.7208,1162.91155,1095.0882666666666,1195.2199666666668,1020.8471833333332,1007.7061166666668,0.0,833.3333333333333,0.0,106.5495000000002,4200.0,4950.0,726.3545688933334,0.0,-1.1368683772161605e-13
2025-01-29,71,q4_warmup,0.6885,1144.77575,1084.9443833333332,1160.2305666666666,1019.0319666666666,974.5319333333334,0.0,833.3333333333333,0.0,81.36723333333339,4950.0,5700.0,670.9652361000001,0.0,0.0
2025-01-29,72,q4_warmup,0.6312,1084.4666666666667,1094.70625,1061.8233333333333,992.3875,902.7691666666668,0.0,833.3333333333333,0.0,79.6754166666667,5700.0,6450.0,569.827898,0.0,0.0
2025-01-29,73,q4_warmup,0.6724,1050.5250666666668,1083.9416,1070.57945,970.73545,933.1773333333332,0.0,833.3333333333333,0.0,133.26053333333334,6450.0,7200.0,627.4684389333333,0.0,0.0
2025-01-29,74,q4_warmup,0.6934,1039.3334666666667,1083.0799333333332,1094.77535,971.7045,956.4041833333335,0.0,833.3333333333333,0.0,166.81731666666678,7200.0,7950.0,663.1706607233335,0.0,0.0
2025-01-29,75,q4_warmup,0.6282,1045.4683333333337,1088.06875,1073.0266666666666,979.6125,926.7475,0.0,833.3333333333333,0.0,136.0145833333329,7950.0,8700.0,582.1827794999999,0.0,0.0
2025-01-29,76,q4_warmup,0.5641,1075.592583333333,1063.88035,1047.865816666667,962.07335,919.1258,0.0,833.3333333333333,0.0,74.08023333333358,8700.0,9450.0,518.4788637800001,0.0,0.0
2025-01-29,77,q4_warmup,0.727,1115.6835,1059.9930333333334,1079.8558,938.4828666666668,974.7062666666668,0.0,833.3333333333333,0.0,85.68246666666676,9450.0,10200.0,708.6114558666667,0.0,1.1368683772161605e-13
2025-01-29,78,q4_warmup,1.0079,1144.085,1079.1,1132.1566666666663,929.9375,202.21916666666647,0.0,0.0,0.0,137.2341666666664,10200.0,10200.0,203.8166980833332,0.0,0.0
2025-01-29,79,q4_warmup,1.0565,1144.52795,1069.804483333333,1113.4429,937.6247833333332,175.8181166666667,0.0,0.0,0.0,101.09464999999987,10200.0,10200.0,185.75184025833337,0.0,-1.1368683772161605e-13
2025-01-29,80,q4_warmup,1.0222,1130.9802166666666,1038.528283333333,1112.5900166666668,930.8951666666668,181.6948500000001,0.0,0.0,0.0,89.24291666666659,10200.0,10200.0,185.72847567000008,0.0,0.0
2025-01-29,81,q4_warmup,1.0101,1115.868333333333,1011.6625,1146.8166666666666,905.63125,241.18541666666655,0.0,0.0,0.0,136.9795833333335,10200.0,10200.0,243.62138937499992,0.0,0.0
2025-01-29,82,q4_warmup,0.9937,1100.3024833333334,1008.4205166666668,1142.713533333333,885.4732666666667,257.24026666666657,0.0,0.0,0.0,165.3583,10200.0,10200.0,255.61965298666655,0.0,-1.1368683772161605e-13
2025-01-29,83,q4_warmup,1.1032,1077.51415,1001.0519166666668,1132.9846333333332,867.2851666666667,2.7279913175716766e-05,0.0,0.0,76.46220605342,0.0,10200.0,10115.041993273975,3.009520021545073e-05,0.0,0.0
2025-01-29,84,q4_warmup,1.2642,1058.993333333333,968.1,1118.2083333333333,832.8874999999999,0.0,0.0,0.0,90.89333333333308,0.0,10115.041993273975,10014.049400681384,0.0,0.0,0.0
2025-01-29,85,q4_warmup,1.2534,1064.1865833333334,912.8392666666668,1068.1937666666663,769.0885499999999,0.0,0.0,0.0,151.34731666666653,0.0,10014.049400681384,9845.8857154962,0.0,0.0,0.0
2025-01-29,86,q4_warmup,1.2303,1065.4803833333333,863.6760833333333,1064.206233333333,712.9865833333333,0.0,0.0,0.0,201.8043,0.0,9845.8857154962,9621.658715496198,0.0,0.0,0.0
2025-01-29,87,q4_warmup,1.3219,1060.255,822.2312499999999,1096.35,679.13125,0.0,0.0,0.0,238.02375000000015,0.0,9621.658715496198,9357.187882162863,0.0,0.0,0.0
2025-01-29,88,q4_warmup,1.446,1072.2672,768.5891499999999,1073.4392333333333,652.3447,0.0,0.0,0.0,303.6780500000001,0.0,9357.187882162863,9019.767826607307,0.0,0.0,0.0
2025-01-29,89,q4_warmup,1.2301,1083.3453833333333,726.5946833333334,1054.481183333333,638.1002666666667,0.0,0.0,0.0,356.75069999999994,0.0,9019.767826607307,8623.378159940643,0.0,0.0,0.0
2025-01-29,90,q4_warmup,0.8136,1075.486666666667,695.6125000000001,1060.3983333333333,618.4562500000001,1275.2754166666666,0.0,0.0,0.0,895.4012499999998,8623.378159940643,8623.378159940643,1037.564079,0.0,-1.1368683772161605e-13
2025-01-29,91,q4_warmup,0.7327,1052.6754833333332,649.6680833333334,1049.1784666666667,564.3004500000001,1318.21135,0.0,386.32137860082565,0.0,528.8825713991746,8623.378159940643,8971.067400681386,965.853456145,0.0,0.0
2025-01-29,92,q4_warmup,0.7916,1059.4433,603.3318333333333,1034.8808166666663,515.6283999999999,1352.58575,0.0,833.3333333333333,0.0,63.14095000000009,8971.067400681386,9721.067400681386,1070.7068797,0.0,1.1368683772161605e-13
2025-01-29,93,q4_warmup,0.8211,1078.138333333333,553.84375,1046.8133333333333,482.9625,1397.1841666666664,0.0,833.3333333333333,0.0,39.55625000000009,9721.067400681386,10471.067400681386,1147.2279192499998,0.0,0.0
2025-01-29,94,q4_warmup,0.8639,1049.7110666666667,482.1000833333333,1092.99825,439.2349833333333,1019.243932576238,0.0,365.48066590957103,0.0,86.15228333333351,10471.067400681386,10800.0,880.524833352612,0.0,-5.684341886080803e-14
2025-01-29,95,q4_warmup,0.9419,1034.616533333333,413.8577,1098.4085166666666,394.4647333333333,703.9437833333334,0.0,0.0,2.3021584638627244e-14,83.18495000000033,10800.0,10800.0,663.0446495216667,0.0,-2.8421709430404014e-14
2025-01-29,96,q4_warmup,0.9956,1039.8316666666667,359.00625,1049.935,349.6625,700.2725,0.0,0.0,-0.0,19.447083333333357,10800.0,10800.0,697.1913010000001,0.0,-1.1368683772161605e-13
2025-01-29,97,q4_warmup,0.9518,1016.0747333333334,303.19625,1010.19635,293.11306666666667,717.0832833333334,0.0,0.0,2.3021584638627244e-14,4.204800000000057,10800.0,10800.0,682.5198690766667,0.0,-7.993605777301127e-14
2025-01-29,98,q4_warmup,0.9683,1021.1478333333332,244.82741666666664,1012.2558333333332,236.83646666666667,775.4193666666666,0.9010499999999642,0.0,-2.3061552667513755e-14,0.0,10800.0,10800.0,750.8385727433333,4.362433574999827,0.0
2025-01-29,99,q4_warmup,1.0394,1038.8016666666667,189.23125,1041.5516666666667,186.49375,855.0579166666668,0.0,0.0,-0.0,5.487500000000011,10800.0,10800.0,888.7471985833336,0.0,-5.684341886080803e-14
2025-01-29,100,q4_warmup,1.0111,996.5995833333332,141.98576666666665,1053.2739666666666,137.12975,916.1442166666666,0.0,0.0,4.0287773117597686e-14,61.530400000000114,10800.0,10800.0,926.3134174716666,0.0,-1.4210854715202004e-14
2025-01-29,101,q4_warmup,1.0182,998.1035,96.23221666666666,1039.7179666666666,91.14688333333334,948.5710833333331,0.0,0.0,1.0071943279399422e-14,46.69979999999988,10800.0,10800.0,965.83507705,0.0,1.0658141036401505e-13
2025-01-29,102,q4_warmup,1.0982,1050.0316666666663,49.94375,1020.8083333333334,48.95625,971.8520833333334,28.23583333333293,0.0,-7.59667329042202e-14,0.0,10800.0,10800.0,1067.2879579166668,155.04296083333116,0.0
2025-01-29,103,q4_warmup,1.1445,1048.80245,11.284683333333334,1022.7475666666666,11.44615,1011.3014166666666,26.216350000000425,0.0,-4.2149284062986673e-13,0.0,10800.0,10800.0,1157.434471375,150.02306287500244,0.0
2025-01-29,104,q4_warmup,1.1611,1017.4597833333332,0.0,1027.26935,0.0,1027.26935,0.0,0.0,-0.0,9.809566666666797,10800.0,10800.0,1192.762442285,0.0,0.0
2025-01-29,105,q4_warmup,1.1393,1011.8066666666668,0.0,1052.6433333333332,0.0,1052.6433333333332,0.0,0.0,1.84172677109018e-13,40.83666666666655,10800.0,10800.0,1199.2765496666666,0.0,4.263256414560601e-14
2025-01-29,106,q4_warmup,1.0753,1039.1903,0.6774,1105.77045,0.6916166666666667,1105.0788333333333,0.0,0.0,-0.0,66.56593333333328,10800.0,10800.0,1188.291269483333,0.0,2.8421709430404014e-14
2025-01-29,107,q4_warmup,1.1405,927.1008833333334,0.0,972.2847333333334,0.0,972.2847333333334,0.0,0.0,-0.0,45.18385000000001,10800.0,10800.0,1108.8907383666667,0.0,0.0
2025-01-29,108,q4_warmup,1.2782,734.1883333333334,0.0,737.0799999999999,0.0,737.0799999999999,0.0,0.0,0.0,2.891666666666538,10800.0,10800.0,942.135656,0.0,0.0
2025-01-29,109,q4_warmup,1.2574,702.8809833333333,0.0486333333333333,717.0554999999999,0.04965,717.0058499999999,0.0,0.0,0.0,14.173499999999882,10800.0,10800.0,901.56315579,0.0,-5.3290705182007506e-15
2025-01-29,110,q4_warmup,1.2319,712.8634166666667,0.0,745.02905,0.0,745.02905,0.0,0.0,1.84172677109018e-13,32.165633333333474,10800.0,10800.0,917.801286695,0.0,4.263256414560601e-14
2025-01-29,111,q4_warmup,1.2599,700.6716666666666,0.0,717.8483333333334,0.0,717.8483333333334,0.0,0.0,-0.0,17.176666666666733,10800.0,10800.0,904.4171151666668,0.0,0.0
2025-01-29,112,q4_warmup,1.2574,722.2651000000001,0.0035,706.2145333333333,0.0035666666666666,706.2109666666666,16.050633333334716,0.0,-1.2892087397631256e-12,0.0,10800.0,10800.000000000002,887.9896694866667,100.91033176667536,1.1368683772161605e-13
2025-01-29,113,q4_warmup,1.3398,713.5400666666666,0.0,719.5875166666666,0.0,719.5875166666666,0.0,0.0,1.3642420526593924e-12,6.04745000000139,10800.000000000002,10800.0,964.10335483,0.0,0.0
2025-01-29,114,q4_warmup,1.47,681.7866666666666,0.0,730.8016666666667,0.0,0.0,0.0,0.0,681.7866666666666,0.0,10800.0,10042.45925925926,0.0,0.0,0.0
2025-01-29,115,q4_warmup,1.4839,706.1051000000001,0.00025,712.7956333333333,0.00025,0.0,0.0,0.0,706.10485,0.0,10042.45925925926,9257.898314814816,0.0,0.0,0.0
2025-01-29,116,q4_warmup,1.5174,742.0974500000001,0.0,713.0554333333333,0.0,0.0,0.0,0.0,742.0974500000001,0.0,9257.898314814816,8433.345592592592,0.0,0.0,0.0
2025-01-29,117,q4_warmup,1.593,747.895,0.0,733.6533333333333,0.0,0.0,0.0,0.0,747.895,0.0,8433.345592592592,7602.351148148147,0.0,0.0,0.0
2025-01-29,118,q4_warmup,1.5793,722.8349,0.0,732.3650833333332,0.0,0.0,0.0,0.0,722.8349,0.0,7602.351148148147,6799.201259259258,0.0,0.0,0.0
2025-01-29,119,q4_warmup,1.4939,692.7138333333334,0.0,744.0478666666667,0.0,0.0,0.0,0.0,692.7138333333334,0.0,6799.201259259258,6029.519222222221,0.0,0.0,0.0
2025-01-29,120,q4_warmup,1.4404,684.5816666666666,0.0,760.2883333333333,0.0,0.0,0.0,0.0,684.5816666666666,0.0,6029.519222222221,5268.872925925925,0.0,0.0,0.0
2025-01-29,121,q4_warmup,1.5033,707.2244166666666,0.0,737.1986833333334,0.0,0.0,0.0,0.0,707.2244166666666,0.0,5268.872925925925,4483.068018518518,0.0,0.0,0.0
2025-01-29,122,q4_warmup,1.5132,718.4167166666666,0.0,737.79175,0.0,0.0,0.0,0.0,718.4167166666666,0.0,4483.068018518518,3684.827222222222,0.0,0.0,0.0
2025-01-29,123,q4_warmup,1.4854,711.3533333333334,0.0,757.1816666666667,0.0,0.0,0.0,0.0,711.3533333333334,0.0,3684.827222222222,2894.4346296296294,0.0,0.0,0.0
2025-01-29,124,q4_warmup,1.5511,718.3737333333333,0.0,728.3876833333334,0.0,0.0,0.0,0.0,718.3737333333333,0.0,2894.4346296296294,2096.2415925925925,0.0,0.0,0.0
2025-01-29,125,q4_warmup,1.3403,735.4934166666667,0.0,714.0138833333334,0.0,161.5807666666666,0.0,0.0,573.9126499999999,0.0,2096.2415925925925,1458.5608703703704,216.56670156333325,0.0,-2.273736754432321e-13
2025-01-29,126,q4_warmup,0.9537,739.3449999999999,0.0,734.775,0.0,734.775,0.0,0.0,4.570000000000005,0.0,1458.5608703703704,1453.4830925925926,700.7549174999999,0.0,1.1368683772161605e-13
2025-01-29,127,q4_warmup,0.9033,713.9899666666666,0.0,742.9281666666667,0.0,742.9281666666667,0.0,0.0,0.0,28.93820000000005,1453.4830925925926,1453.4830925925926,671.08701295,0.0,0.0
2025-01-29,128,q4_warmup,0.9615,710.2302666666666,0.0,720.6530666666666,0.0,720.6530666666666,0.0,0.0,0.0,10.422800000000052,1453.4830925925926,1453.4830925925926,692.9079236,0.0,0.0
2025-01-29,129,q4_warmup,0.9905,748.6116666666667,0.0,713.5083333333333,0.0,713.5083333333333,0.0,0.0,35.10333333333328,0.0,1453.4830925925926,1414.479388888889,706.7300041666667,0.0,-1.1368683772161605e-13
2025-01-29,130,q4_warmup,1.0392,788.0309833333334,0.0,765.7177,0.0,765.7177,0.0,0.0,22.313283333333448,0.0,1414.479388888889,1389.6868518518518,795.73383384,0.0,0.0
2025-01-29,131,q4_warmup,0.8034,735.0967333333333,0.0,706.8324666666667,0.0,706.8324666666667,0.0,0.0,28.26426666666657,0.0,1389.6868518518518,1358.2821111111111,567.8692037200001,0.0,0.0
2025-01-29,132,q4_warmup,0.441,622.9266666666666,0.0,561.2116666666667,0.0,561.2116666666667,0.0,0.0,61.71499999999987,0.0,1358.2821111111111,1289.709888888889,247.494345,0.0,0.0
2025-01-29,133,q4_warmup,0.4474,578.9409166666667,0.0,529.4156333333334,0.0,529.4156333333334,0.0,0.0,49.52528333333319,0.0,1289.709888888889,1234.6817962962966,236.86055435333336,0.0,-1.1368683772161605e-13
2025-01-29,134,q4_warmup,0.471,554.8473,0.0,526.1228666666667,0.0,526.1228666666667,0.0,0.0,28.72443333333317,0.0,1234.6817962962966,1202.7657592592598,247.8038702,0.0,-1.1368683772161605e-13
2025-01-29,135,q4_warmup,0.382,532.7783333333333,0.0,520.0533333333334,0.0,520.0533333333334,10.23581666666612,0.0,2.4891833333337896,0.0,1202.7657592592598,1200.0,198.66037333333333,19.55040983333229,0.0
2025-01-29,136,q4_warmup,0.4047,550.9146333333333,0.0,571.8629,0.0,571.8629,0.0,-0.0,0.0,20.94826666666665,1200.0,1200.0,231.43291563,0.0,0.0
2025-01-29,137,q4_warmup,0.4284,569.9477,0.0,601.1169,0.0,601.1169,0.0,-0.0,0.0,31.169199999999933,1200.0,1200.0,257.51847996,0.0,0.0
2025-01-29,138,q4_warmup,0.4139,572.285,0.0,585.4,0.0,585.4,0.0,-0.0,0.0,13.115000000000007,1200.0,1200.0,242.29706,0.0,0.0
2025-01-29,139,q4_warmup,0.4416,575.5155333333333,0.0,582.3246333333333,0.0,582.3246333333333,0.0,-0.0,0.0,6.809099999999944,1200.0,1200.0,257.15455808,0.0,0.0
2025-01-29,140,q4_warmup,0.4359,571.2774833333334,0.0,591.0186666666667,0.0,591.0186666666667,0.0,-0.0,0.0,19.74118333333331,1200.0,1200.0,257.62503680000003,0.0,0.0
2025-01-29,141,q4_warmup,0.3836,567.2733333333333,0.0,599.7133333333334,0.0,599.7133333333334,0.0,0.0,0.0,32.440000000000055,1200.0,1200.0,230.05003466666668,0.0,0.0
2025-01-29,142,q4_warmup,0.3689,584.014,0.0,603.7923999999999,0.0,1345.9323176954736,0.0,742.1399176954734,0.0,19.778400000000147,1200.0,1867.925925925926,496.5144319978602,0.0,0.0
2025-01-29,143,q4_warmup,0.4443,601.5159166666666,0.0,607.48365,0.0,607.48365,0.0,0.0,0.0,5.967733333333126,1867.925925925926,1867.9259259259263,269.904985695,0.0,2.7267077484793845e-13
2025-01-29,144,q4_warmup,0.5178,596.7483333333333,0.0,601.1333333333333,0.0,0.0,0.0,0.0,596.7483333333334,0.0,1867.9259259259263,1204.8722222222225,0.0,0.0,1.1368683772161605e-13
2025-01-30,1,q4_warmup,0.4445,567.5041833333333,0.0,576.4341499999999,0.0,1409.7674833333333,0.0,833.333333333333,0.0,8.929966666666928,1204.8722222222225,1954.8722222222225,626.6416463416666,0.0,0.0
2025-01-30,2,q4_warmup,0.4026,563.3384,0.0,590.6664,0.0,1423.999733333333,0.0,833.3333333333333,0.0,27.328000000000088,1954.8722222222225,2704.8722222222223,573.30229264,0.0,0.0
2025-01-30,3,q4_warmup,0.4409,596.26,0.0,627.6166666666667,0.0,1460.95,0.0,833.3333333333333,0.0,31.3566666666668,2704.8722222222223,3454.8722222222223,644.1328550000001,0.0,0.0
2025-01-30,4,q4_warmup,0.4383,630.6059,0.0,614.5212,0.0,1447.8545333333334,16.084699999999884,833.3333333333333,0.0,0.0,3454.8722222222223,4204.872222222222,634.5946419600001,35.24962004999975,0.0
2025-01-30,5,q4_warmup,0.4348,642.7418833333334,0.0,609.2627833333333,0.0,1442.5961166666666,33.47910000000002,833.3333333333333,0.0,0.0,4204.872222222222,4954.872222222222,627.2407915266666,72.78356340000003,0.0
2025-01-30,6,q4_warmup,0.4355,637.4766666666667,0.0,625.58,0.0,1458.9133333333334,11.896666666666531,833.3333333333333,0.0,0.0,4954.872222222222,5704.872222222222,635.3567566666667,25.90499166666638,0.0
2025-01-30,7,q4_warmup,0.3977,637.8859166666667,0.0,619.4419666666666,0.0,1452.7753,18.443949999999973,833.3333333333333,0.0,0.0,5704.872222222222,6454.872222222222,577.76873681,36.67579457499994,1.1368683772161605e-13
2025-01-30,8,q4_warmup,0.395,640.8743499999999,0.0,624.5142166666667,0.0,1457.84755,16.360133333333238,833.3333333333333,0.0,0.0,6454.872222222222,7204.872222222222,575.84978225,32.311263333333144,-1.1368683772161605e-13
2025-01-30,9,q4_warmup,0.451,643.085,0.0,639.97,0.0,1473.3033333333333,3.115000000000009,833.3333333333333,0.0,0.0,7204.872222222222,7954.872222222222,664.4598033333333,7.024325000000021,0.0
2025-01-30,10,q4_warmup,0.5062,645.8091833333334,0.0,627.1383166666667,0.0,627.1383166666667,18.67086666666671,0.0,-0.0,0.0,7954.872222222222,7954.872222222222,317.45741589666665,47.25596353333344,0.0
2025-01-30,11,q4_warmup,0.4925,643.3305833333333,0.0,613.96655,0.0,613.96655,29.36403333333328,0.0,-0.0,0.0,7954.872222222222,7954.872222222222,302.378525875,72.3089320833332,0.0
2025-01-30,12,q4_warmup,0.4539,642.145,0.0,620.8583333333333,0.0,1454.1916666666666,21.286666666666637,833.3333333333333,0.0,0.0,7954.872222222222,8704.872222222222,660.0575975,48.31008999999993,0.0
2025-01-30,13,q4_warmup,0.4953,654.6027833333334,0.0,641.8874833333333,0.0,641.8874833333333,12.71530000000007,0.0,-0.0,0.0,8704.872222222222,8704.872222222222,317.926870495,31.48944045000017,0.0
2025-01-30,14,q4_warmup,0.5173,660.8845333333334,0.0,664.7372833333333,0.0,664.7372833333333,0.0,3.852749999999901,0.0,0.0,8704.872222222222,8708.339697222222,343.8685966683333,0.0,0.0
2025-01-30,15,q4_warmup,0.4793,645.6183333333333,0.0,669.5649999999999,0.0,669.5649999999999,0.0,23.9466666666666,0.0,0.0,8708.339697222222,8729.891697222221,320.9225045,0.0,0.0
2025-01-30,16,q4_warmup,0.4482,621.0956333333334,0.0,648.1416333333333,0.0,1481.474966666667,0.0,805.5339166666676,0.0,54.84541666666576,8729.891697222221,9454.872222222222,663.99708006,0.0,0.0
2025-01-30,17,q4_warmup,0.4736,654.3948333333334,0.0,659.4606333333334,0.0,659.4606333333334,0.0,0.0,0.0,5.065799999999967,9454.872222222222,9454.872222222222,312.3205559466667,0.0,0.0
2025-01-30,18,q4_warmup,0.5126,705.7950000000001,0.0,687.5566666666667,0.0,687.5566666666667,18.238333333333344,0.0,-0.0,0.0,9454.872222222222,9454.872222222222,352.44154733333335,46.74484833333336,0.0
2025-01-30,19,q4_warmup,0.4838,670.5565333333333,0.0,661.0659166666667,0.0,661.0659166666667,9.490616666666597,0.0,-0.0,0.0,9454.872222222222,9454.872222222222,319.82369048333334,22.9578017166665,0.0
2025-01-30,20,q4_warmup,0.4913,658.8305,0.0,650.1690833333333,0.0,650.1690833333333,8.661416666666696,0.0,-0.0,0.0,9454.872222222222,9454.872222222222,319.4280706416667,21.27677004166674,0.0
2025-01-30,21,q4_warmup,0.5309,688.785,0.0,666.0816666666666,0.0,666.0816666666666,22.703333333333376,0.0,-0.0,0.0,9454.872222222222,9454.872222222222,353.6227568333333,60.26599833333345,0.0
2025-01-30,22,q4_warmup,0.4926,671.02305,0.0,652.0708833333333,0.0,652.0708833333333,18.9521666666667,0.0,-0.0,0.0,9454.872222222222,9454.872222222222,321.21011713,46.67918650000008,0.0
2025-01-30,23,q4_warmup,0.4614,669.9153833333334,0.0,658.0166,0.0,658.0166,11.898783333333313,0.0,-0.0,0.0,9454.872222222222,9454.872222222222,303.60885924,27.450493149999957,0.0
2025-01-30,24,q4_warmup,0.488,696.9616666666667,0.0,692.4316666666667,0.0,692.4316666666667,4.529999999999973,0.0,-0.0,0.0,9454.872222222222,9454.872222222222,337.90665333333334,11.053199999999933,0.0
2025-01-30,25,q4_warmup,0.5362,693.0588333333334,0.0,706.5813833333333,0.0,706.5813833333333,0.0,0.0,0.0,13.52254999999991,9454.872222222222,9454.872222222222,378.8689377433333,0.0,0.0
2025-01-30,26,q4_warmup,0.5633,687.1350833333332,0.0,699.2788,0.0,699.2788,0.0,0.0,0.0,12.14371666666682,9454.872222222222,9454.872222222222,393.90374804,0.0,0.0
2025-01-30,27,q4_warmup,0.5652,702.1999999999999,0.0,688.02,0.0,548.635,14.179999999999922,0.0,139.38500000000002,0.0,9454.872222222222,9300.0,310.088502,40.07267999999978,0.0
2025-01-30,28,q4_warmup,0.5607,720.7110666666667,0.0,689.98605,0.0,689.98605,30.72501666666676,0.0,-0.0,0.0,9300.0,9300.0,386.875178235,86.13758422500025,0.0
2025-01-30,29,q4_warmup,0.5056,683.7849333333334,0.0002666666666666,697.1440166666666,0.0002833333333333,697.1437333333333,0.0,13.35906666666664,0.0,0.0,9300.0,9312.02316,352.4758715733334,0.0,8.881784197001252e-15
2025-01-30,30,q4_warmup,0.4552,638.025,0.0,699.5266666666666,0.0,1532.86,0.0,819.9742666666659,0.0,74.86073333333422,9312.02316,10050.0,697.757872,0.0,0.0
2025-01-30,31,q4_warmup,0.5179,689.59165,0.0,697.7861833333333,0.0,697.7861833333333,0.0,0.0,0.0,8.194533333333311,10050.0,10050.0,361.3834643483333,0.0,0.0
2025-01-30,32,q4_warmup,0.5563,726.1567666666666,0.0037666666666666,714.9604666666668,0.0040666666666666,714.9564000000001,11.1965999999998,0.0,-0.0,0.0,10050.0,10050.0,397.7302453200001,31.14334289999945,0.0
2025-01-30,33,q4_warmup,0.4989,700.0516666666667,0.0,726.1750000000001,0.0,726.1750000000001,0.0,26.12333333333333,0.0,0.0,10050.0,10073.511,362.2887075,0.0,0.0
2025-01-30,34,q4_warmup,0.4488,689.5921166666667,0.0,700.3429500000001,0.0,1533.6762833333337,0.0,807.2099999999995,0.0,36.87416666666729,10073.511,10800.0,688.31391596,0.0,0.0
2025-01-30,35,q4_warmup,0.6774,787.4266166666666,0.05235,784.2599833333334,0.0565666666666666,784.2034166666667,3.170849999999906,0.0,-0.0,0.0,10800.0,10800.0,531.2193944500001,10.739668949999682,0.0
2025-01-30,36,q4_warmup,1.0365,920.0716666666668,0.0,917.0466666666666,0.0,917.0466666666666,3.0250000000002046,0.0,-0.0,0.0,10800.0,10800.0,950.51887,15.67706250000106,0.0
2025-01-30,37,q4_warmup,1.084,918.81505,0.0,881.4841166666666,0.0,48.15078333333327,37.330933333333405,0.0,833.3333333333334,0.0,10800.0,9874.074074074077,52.19544913333326,202.33365866666705,0.0
2025-01-30,38,q4_warmup,1.0319,901.3822333333331,0.72925,838.5838333333332,0.7879833333333334,837.7958499999999,62.85713333333329,0.0,-0.0,0.0,9874.074074074077,9874.074074074077,864.5215376149999,324.3113794333331,0.0
2025-01-30,39,q4_warmup,1.0307,917.695,0.0,879.6,0.0,879.6,38.09500000000003,0.0,-0.0,0.0,9874.074074074077,9874.074074074077,906.60372,196.32258250000007,0.0
2025-01-30,40,q4_warmup,1.0218,902.0970333333332,0.0,931.23665,0.0,931.23665,0.0,0.0,0.0,29.13961666666671,9874.074074074077,9874.074074074077,951.53760897,0.0,0.0
2025-01-30,41,q4_warmup,1.0259,889.5349166666666,12.01725,933.0870166666668,12.981916666666663,920.1051,0.0,0.0,0.0,42.58743333333349,9874.074074074077,9874.074074074077,943.93582209,0.0,-1.4210854715202004e-14
2025-01-30,42,q4_warmup,1.0249,893.0016666666667,50.225,891.6999999999999,54.18125,837.51875,5.257916666666709,0.0,-0.0,0.0,9874.074074074077,9874.074074074077,858.3729668749999,26.94419395833355,0.0
2025-01-30,43,q4_warmup,0.9711,885.9378499999999,89.95841666666666,868.3845833333334,97.88603333333332,770.49855,25.480883333333225,0.0,-0.0,0.0,9874.074074074077,9874.074074074077,748.231141905,123.72242902499949,-1.1368683772161605e-13
2025-01-30,44,q4_warmup,0.9378,877.4791,129.59826666666666,892.5737166666667,147.1291,745.4446166666667,2.436216666666695,0.0,-0.0,0.0,9874.074074074077,9874.074074074077,699.07796151,11.423419950000133,0.0
2025-01-30,45,q4_warmup,0.907,869.7983333333333,174.025,909.3466666666668,200.75625,708.5904166666667,0.0,12.817083333333386,0.0,0.0,9874.074074074077,9885.609449074074,642.6915079166666,0.0,-2.8421709430404014e-14
2025-01-30,46,q4_warmup,0.8403,875.6933,226.60596666666663,866.1934833333333,251.16245,1448.364366666667,21.23921666666729,820.5162500000006,0.0,0.0,9885.609449074074,10624.074074074077,1217.06057731,89.23656882500262,-1.1368683772161605e-13
2025-01-30,47,q4_warmup,1.0793,1007.0406333333334,279.22076666666663,1005.7078166666666,306.82728333333336,0.0,0.0,0.0,727.8198666666667,0.0,10624.074074074077,9815.385333333334,0.0,0.0,-1.1368683772161605e-13
2025-01-30,48,q4_warmup,1.465,1193.5383333333332,328.30625000000003,1250.2183333333337,367.35625,49.52875000000006,0.0,0.0,815.7033333333329,0.0,9815.385333333334,8909.048296296298,72.55961875000008,0.0,-2.273736754432321e-13
2025-01-30,49,q4_warmup,1.4549,1232.1240666666663,375.0532333333333,1257.7921166666667,421.5161,2.9426833333333207,20.794816666666406,0.0,833.3333333333334,0.0,8909.048296296298,7983.122370370372,4.281309981666649,151.2718938416648,0.0
2025-01-30,50,q4_warmup,1.3496,1213.44,410.82248333333337,1200.8424833333331,467.17685,0.0,0.0,0.0,802.6175166666667,0.0,7983.122370370372,7091.325129629631,0.0,0.0,0.0
2025-01-30,51,q4_warmup,1.3552,1218.0716666666667,445.7,1200.4633333333334,513.9812499999999,0.0,0.0,0.0,772.3716666666667,0.0,7091.325129629631,6233.1343888888905,0.0,0.0,0.0
2025-01-30,52,q4_warmup,1.3753,1234.3985833333334,500.5491333333334,1208.5411333333334,572.7222166666667,0.0,0.0,0.0,733.8494499999999,0.0,6233.1343888888905,5417.746111111112,0.0,0.0,0.0
2025-01-30,53,q4_warmup,1.3517,1226.95115,555.2006833333334,1234.9122166666666,622.7607666666667,0.0,0.0,0.0,671.7504666666667,0.0,5417.746111111112,4671.356703703705,0.0,0.0,0.0
2025-01-30,54,q4_warmup,1.2858,1199.3483333333334,599.85,1255.8516666666667,666.9562500000001,0.0,0.0,0.0,599.4983333333333,0.0,4671.356703703705,4005.247444444445,0.0,0.0,0.0
2025-01-30,55,q4_warmup,1.2262,1189.14565,645.6125666666667,1222.2871,725.8716833333333,0.0,0.0,0.0,543.5330833333333,0.0,4005.247444444445,3401.321796296297,0.0,0.0,0.0
2025-01-30,56,q4_warmup,1.2173,1193.21125,702.6814833333333,1182.74345,767.3382833333334,0.0,0.0,0.0,490.5297666666668,0.0,3401.321796296297,2856.288722222223,0.0,0.0,0.0
2025-01-30,57,q4_warmup,1.2234,1197.7583333333334,754.0,1180.975,797.74375,0.0,0.0,0.0,443.75833333333344,0.0,2856.288722222223,2363.223907407408,0.0,0.0,0.0
2025-01-30,58,q4_warmup,1.187,1194.967133333333,774.2287666666666,1213.6167666666668,856.0754166666667,0.0,416.6968666666656,0.0,4.04150000000086,0.0,2363.223907407408,2358.733351851852,0.0,2473.095903666661,2.273736754432321e-13
2025-01-30,59,q4_warmup,1.2675,1199.6403166666666,809.5384166666666,1211.3685833333334,905.8448333333334,0.0,84.57815000000005,0.0,305.52374999999995,0.0,2358.733351851852,2019.2625185185184,0.0,536.0140256250004,0.0
2025-01-30,60,q4_warmup,1.3994,1204.0383333333332,866.9562500000001,1172.0466666666666,947.2375,0.0,0.0,0.0,337.0820833333331,0.0,2019.2625185185184,1644.7268703703703,0.0,0.0,0.0
2025-01-30,61,q4_warmup,1.3453,1185.0814333333333,906.5894,1159.30675,1012.9474333333332,0.0,121.98506666666648,0.0,156.50696666666684,0.0,1644.7268703703703,1470.8302407407407,0.0,820.5325509333321,0.0
2025-01-30,62,q4_warmup,1.2938,1169.7888833333334,929.89565,1167.1370833333333,1044.7165166666666,0.0,239.8932333333333,0.0,-0.0,0.0,1470.8302407407407,1470.8302407407407,0.0,1551.8693264333335,0.0
2025-01-30,63,q4_warmup,1.3531,1167.7133333333334,944.075,1172.7616666666663,1039.9875,0.0,90.86416666666682,0.0,132.7741666666665,0.0,1470.8302407407407,1323.303388888889,0.0,614.7415195833343,0.0
2025-01-30,64,q4_warmup,1.3925,1162.7911,955.02895,1165.2619166666666,1054.2888666666663,0.0,96.7890999999998,0.0,110.9730500000001,0.0,1323.303388888889,1200.0,0.0,673.8941087499987,0.0
2025-01-30,65,q4_warmup,1.1099,1157.66335,983.11135,1172.9969166666667,1061.4229833333334,0.0,174.55200000000002,0.0,-0.0,0.0,1200.0,1200.0,0.0,968.676324,0.0
2025-01-30,66,q4_warmup,0.6911,1159.1966666666667,1023.80625,1191.3416666666667,1062.875,961.8,6.923750000000041,833.3333333333334,0.0,0.0,1200.0,1950.0,664.6999800000001,23.925018125000143,1.1368683772161605e-13
2025-01-30,67,q4_warmup,0.6484,1168.0121166666663,1047.532,1183.6541333333332,1093.1111,923.8763666666669,29.93708333333302,833.3333333333334,0.0,0.0,1950.0,2700.0,599.0414361466667,97.05602416666564,1.1368683772161605e-13
2025-01-30,68,q4_warmup,0.6992,1164.21825,1040.7350166666668,1156.95745,1123.2880666666667,867.0027166666667,89.81384999999977,833.3333333333334,0.0,0.0,2700.0,3450.0,606.2082994933335,313.9892195999993,1.1368683772161605e-13
2025-01-30,69,q4_warmup,0.6562,1153.165,1042.625,1143.0466666666666,1124.1,852.2799999999999,91.59333333333348,833.3333333333334,0.0,0.0,3450.0,4200.0,559.266136,300.5177266666672,1.1368683772161605e-13
2025-01-30,70,q4_warmup,0.6205,1157.209466666667,1099.9092333333333,1162.91155,1095.0882666666666,901.1566166666668,0.0,833.3333333333334,0.0,10.523049999999785,4200.0,4950.0,559.1676806416667,0.0,-1.1368683772161605e-13
2025-01-30,71,q4_warmup,0.6466,1146.5866,1102.3889666666666,1144.77575,1084.9443833333332,893.1647000000002,0.0,833.3333333333334,0.0,15.63373333333334,4950.0,5700.0,577.52029502,0.0,-1.1368683772161605e-13
2025-01-30,72,q4_warmup,0.6852,1107.57,1056.49375,1084.4666666666667,1094.70625,823.0937500000001,61.3158333333331,833.3333333333334,0.0,0.0,5700.0,6450.0,563.9838375,210.0680449999992,-1.1368683772161605e-13
2025-01-30,73,q4_warmup,0.642,1065.6195166666666,1080.5630833333332,1050.5250666666668,1083.9416,799.9168000000003,18.47296666666648,833.3333333333334,0.0,0.0,6450.0,7200.0,513.5465856000002,59.2982229999994,1.1368683772161605e-13
2025-01-30,74,q4_warmup,0.5949,1080.6657166666666,1117.943616666667,1039.3334666666667,1083.0799333333332,789.5868666666669,6.46856666666622,833.3333333333334,0.0,0.0,7200.0,7950.0,469.7252269800001,19.24075154999867,-1.1368683772161605e-13
2025-01-30,75,q4_warmup,0.5748,1114.8466666666666,1132.85625,1045.4683333333337,1088.06875,790.7329166666667,24.590833333333197,833.3333333333334,0.0,0.0,7950.0,8700.0,454.5132805,70.6740549999996,-1.1368683772161605e-13
2025-01-30,76,q4_warmup,0.5661,1074.4949833333333,1146.208033333333,1075.592583333333,1063.88035,845.0455666666666,0.0,833.3333333333334,0.0,83.42528333333303,8700.0,9450.0,478.38029529,0.0,-1.1368683772161605e-13
2025-01-30,77,q4_warmup,0.7197,1061.8409333333334,1141.3747666666666,1115.6835,1059.9930333333334,889.0237999999998,0.0,833.3333333333334,0.0,135.22429999999963,9450.0,10200.0,639.8304288599999,0.0,-1.1368683772161605e-13
2025-01-30,78,q4_warmup,0.956,1110.2916666666667,1116.375,1144.085,1079.1,64.9849999999999,0.0,64.29485596708118,0.0,6.773477366251981,10200.0,10257.865370370371,62.125659999999904,0.0,0.0
2025-01-30,79,q4_warmup,1.0166,1144.237116666667,1087.89775,1144.52795,1069.804483333333,74.72346666666658,0.0,0.0,0.0,18.38409999999976,10257.865370370371,10257.865370370371,75.96387621333324,0.0,0.0
2025-01-30,80,q4_warmup,1.0103,1129.933633333333,1049.0855,1130.9802166666666,1038.528283333333,92.45193333333329,0.0,0.0,0.0,11.603800000000092,10257.865370370371,10257.865370370371,93.4041882466666,0.0,0.0
2025-01-30,81,q4_warmup,0.9988,1092.765,1004.89375,1115.868333333333,1011.6625,104.20583333333332,0.0,0.0,0.0,16.33458333333317,10257.865370370371,10257.865370370371,104.08078633333332,0.0,-1.1368683772161605e-13
2025-01-30,82,q4_warmup,0.964,1088.8309666666669,969.0800166666668,1100.3024833333334,1008.4205166666668,91.8819666666667,27.868983333333404,0.0,-0.0,0.0,10257.865370370371,10257.865370370371,88.57421586666669,134.328499666667,0.0
2025-01-30,83,q4_warmup,1.121,1107.4654,920.7369,1077.51415,1001.0519166666668,0.0,0.0,0.0,186.72850000000005,0.0,10257.865370370371,10050.389259259262,0.0,0.0,0.0
2025-01-30,84,q4_warmup,1.3554,1115.8983333333333,875.90625,1058.993333333333,968.1,0.0,0.0,0.0,239.9920833333333,0.0,10050.389259259262,9783.731388888891,0.0,0.0,0.0
2025-01-30,85,q4_warmup,1.3157,1091.7909666666667,875.8066,1064.1865833333334,912.8392666666668,0.0,0.0,0.0,215.9843666666667,0.0,9783.731388888891,9543.74875925926,0.0,0.0,0.0
2025-01-30,86,q4_warmup,1.2497,1072.6561333333334,879.8452333333333,1065.4803833333333,863.6760833333333,0.0,0.0,0.0,192.8109000000001,0.0,9543.74875925926,9329.514425925929,0.0,0.0,0.0
2025-01-30,87,q4_warmup,1.3322,1078.2416666666666,843.1750000000001,1060.255,822.2312499999999,0.0,0.0,0.0,235.0666666666665,0.0,9329.514425925929,9068.329240740744,0.0,0.0,0.0
2025-01-30,88,q4_warmup,1.4478,1092.6678333333332,756.4367666666667,1072.2672,768.5891499999999,0.0,0.0,0.0,336.2310666666665,0.0,9068.329240740744,8694.739166666668,0.0,0.0,0.0
2025-01-30,89,q4_warmup,1.2521,1089.936866666667,683.0156666666667,1083.3453833333333,726.5946833333334,0.0,0.0,0.0,406.9212000000002,0.0,8694.739166666668,8242.604500000001,0.0,0.0,0.0
2025-01-30,90,q4_warmup,0.8758,1070.6766666666667,649.6875,1075.486666666667,695.6125000000001,379.8741666666666,382.6655555555543,341.5505555555541,0.0,0.0,8242.604500000001,8550.0,332.69379516666663,1675.6924677777722,5.684341886080803e-14
2025-01-30,91,q4_warmup,0.8064,1058.3101666666666,628.3227166666667,1052.6754833333332,649.6680833333334,1236.3407333333332,26.98005000000012,833.3333333333334,0.0,0.0,8550.0,9300.0,996.98516736,108.78356160000048,1.1368683772161605e-13
2025-01-30,92,q4_warmup,0.846,1052.67915,590.7135999999999,1059.4433,603.3318333333333,1289.4448000000002,5.854083333333165,833.3333333333334,0.0,0.0,9300.0,10050.0,1090.8703008000002,24.762772499999283,1.1368683772161605e-13
2025-01-30,93,q4_warmup,0.8506,1056.93,534.1687499999999,1078.138333333333,553.84375,1211.801805555553,144.29277777778032,833.3333333333333,0.0,0.0,10050.0,10800.0,1030.7586158055535,613.6771838888997,0.0
2025-01-30,94,q4_warmup,0.8844,1071.3908,476.6533166666666,1049.7110666666667,482.1000833333333,567.6109833333335,27.12649999999972,0.0,7.496225862269057e-14,0.0,10800.0,10800.0,501.9951536600001,119.95338299999877,0.0
2025-01-30,95,q4_warmup,0.9208,1050.95755,419.127,1034.616533333333,413.8577,620.7588333333333,11.071716666666712,0.0,4.7406523151494184e-14,0.0,10800.0,10800.0,571.5947337333333,50.97418353333354,0.0
2025-01-30,96,q4_warmup,0.9601,1027.9316666666666,360.5625,1039.8316666666667,359.00625,680.8254166666668,0.0,0.0,-0.0,13.456250000000182,10800.0,10800.0,653.6604825416667,0.0,0.0
2025-01-30,97,q4_warmup,1.0261,1073.9189166666667,303.0667833333333,1016.0747333333334,303.19625,712.8784833333334,57.97365000000004,0.0,-2.4726887204451493e-14,0.0,10800.0,10800.0,731.4846117483335,297.4338113250002,0.0
2025-01-30,98,q4_warmup,1.0357,1069.6030833333332,250.79565,1021.1478333333332,244.82741666666664,776.3204166666667,42.487016666664935,0.0,1.5708101486211492e-12,0.0,10800.0,10799.999999999998,804.0350555416668,220.0190158083244,0.0
2025-01-30,99,q4_warmup,0.9983,1013.7883333333332,200.775,1038.8016666666667,189.23125,849.5704166666667,0.0,0.0,-1.6575540939811617e-12,36.55708333333185,10799.999999999998,10800.0,848.1261469583334,0.0,1.4921397450962106e-13
2025-01-30,100,q4_warmup,1.02,1025.899,146.43793333333335,996.5995833333332,141.98576666666665,854.6138166666666,24.847249999999963,0.0,-1.7266188478970436e-14,0.0,10800.0,10800.0,871.7060929999999,126.7209749999998,0.0
2025-01-30,101,q4_warmup,1.1116,1044.0273,96.80005,998.1035,96.23221666666666,901.8712833333334,45.3559666666666,0.0,-1.8887114094923164e-14,0.0,10800.0,10800.0,1002.5201185533332,252.08846273333293,0.0
2025-01-30,102,q4_warmup,1.1942,1038.6483333333333,53.4125,1050.0316666666663,49.94375,1000.0879166666664,0.0,0.0,-0.0,14.85208333333319,10800.0,10800.0,1194.304990083333,0.0,2.131628207280301e-14
2025-01-30,103,q4_warmup,1.174,1044.8678666666667,12.781916666666667,1048.80245,11.284683333333334,1037.5177666666666,0.0,0.0,-0.0,5.431816666666556,10800.0,10800.0,1218.0458580666666,0.0,-9.237055564881302e-14
2025-01-30,104,q4_warmup,1.1509,1040.43285,0.0,1017.4597833333332,0.0,1017.4597833333332,22.9730666666666,0.0,-2.8421709430404014e-14,0.0,10800.0,10800.0,1170.9944646383333,132.19851213333294,0.0
2025-01-30,105,q4_warmup,1.157,1040.5366666666666,0.0,1011.8066666666668,0.0,1011.8066666666668,28.730000000001407,0.0,-1.5010792608904922e-12,0.0,10800.0,10800.000000000002,1170.6603133333335,166.20305000000815,0.0
2025-01-30,106,q4_warmup,1.1415,1063.1256833333334,0.7756666666666666,1039.1903,0.6774,1038.5129,23.837116666666816,0.0,-0.0,0.0,10800.000000000002,10800.000000000002,1185.46247535,136.05034337500084,0.0
2025-01-30,107,q4_warmup,1.1876,939.0254833333332,0.0,927.1008833333334,0.0,927.1008833333334,11.92459999999819,0.0,1.6370904631912709e-12,0.0,10800.000000000002,10800.0,1101.0250090466668,70.80827479998925,0.0
2025-01-30,108,q4_warmup,1.2738,736.2666666666668,0.0,734.1883333333334,0.0,734.1883333333334,2.0783333333331857,0.0,1.9024781749976681e-13,0.0,10800.0,10800.0,935.2090990000002,13.23690499999906,0.0
2025-01-30,109,q4_warmup,1.2873,712.4513499999999,0.0556833333333333,702.8809833333333,0.0486333333333333,702.83235,9.563316666666582,0.0,-0.0,0.0,10800.0,10800.0,904.756084155,61.55428772499946,0.0
2025-01-30,110,q4_warmup,1.3016,750.3761,0.0,712.8634166666667,0.0,712.8634166666667,37.51268333333383,0.0,-0.0,0.0,10800.0,10800.0,927.8630231333334,244.13254313333655,5.684341886080801e-13
2025-01-30,111,q4_warmup,1.3073,753.5016666666667,0.0,700.6716666666666,0.0,700.6716666666666,52.83000000000131,0.0,-0.0,0.0,10800.0,10800.0,915.9880698333332,345.32329500000856,1.2505552149377765e-12
2025-01-30,112,q4_warmup,1.2396,740.7346833333332,0.004,722.2651000000001,0.0035,722.2616,18.469083333332907,0.0,2.842170943040401e-13,0.0,10800.0,10800.0,895.31547936,114.47137849999736,1.1368683772161605e-13
2025-01-30,113,q4_warmup,1.3171,723.1364666666667,0.0,713.5400666666666,0.0,642.4160500000003,9.596400000001722,0.0,71.12401666666472,0.0,10800.0,10720.973314814815,846.1261794550003,63.19709220001134,0.0
2025-01-30,114,q4_warmup,1.5075,716.2883333333333,0.0,681.7866666666666,0.0,0.0,0.0,0.0,716.2883333333333,0.0,10720.973314814815,9925.097388888891,0.0,0.0,0.0
2025-01-30,115,q4_warmup,1.5438,734.4722,0.0002833333333333,706.1051000000001,0.00025,0.0,0.0,0.0,734.4719166666667,0.0,9925.097388888891,9109.017481481484,0.0,0.0,0.0
2025-01-30,116,q4_warmup,1.5105,756.2895833333333,0.0,742.0974500000001,0.0,0.0,0.0,0.0,756.2895833333333,0.0,9109.017481481484,8268.695722222225,0.0,0.0,0.0
2025-01-30,117,q4_warmup,1.5088,765.1516666666666,0.0,747.895,0.0,0.0,0.0,0.0,765.1516666666666,0.0,8268.695722222225,7418.527203703706,0.0,0.0,0.0
2025-01-30,118,q4_warmup,1.5435,759.8337333333334,0.0,722.8349,0.0,0.0,0.0,0.0,759.8337333333334,0.0,7418.527203703706,6574.267500000002,0.0,0.0,0.0
2025-01-30,119,q4_warmup,1.5394,745.37385,0.0,692.7138333333334,0.0,0.0,0.0,0.0,745.37385,0.0,6574.267500000002,5746.074333333335,0.0,0.0,0.0
2025-01-30,120,q4_warmup,1.5159,729.7533333333334,0.0,684.5816666666666,0.0,0.0,0.0,0.0,729.7533333333334,0.0,5746.074333333335,4935.237296296297,0.0,0.0,0.0
2025-01-30,121,q4_warmup,1.5522,721.9010333333334,0.0,707.2244166666666,0.0,0.0,0.0,0.0,721.9010333333334,0.0,4935.237296296297,4133.125037037038,0.0,0.0,0.0
2025-01-30,122,q4_warmup,1.5232,727.66305,0.0,718.4167166666666,0.0,0.0,0.0,0.0,727.66305,0.0,4133.125037037038,3324.610537037038,0.0,0.0,0.0
2025-01-30,123,q4_warmup,1.4719,734.9133333333333,0.0,711.3533333333334,0.0,0.0,0.0,0.0,734.9133333333333,0.0,3324.610537037038,2508.040166666668,0.0,0.0,0.0
2025-01-30,124,q4_warmup,1.5315,726.8146666666667,0.0,718.3737333333333,0.0,0.0,0.0,0.0,726.8146666666667,0.0,2508.040166666668,1700.4683148148156,0.0,0.0,0.0
2025-01-30,125,q4_warmup,1.3387,733.9936333333334,0.0,735.4934166666667,0.0,0.0,283.57214999999934,0.0,450.4214833333341,0.0,1700.4683148148156,1200.0,0.0,1898.0901860249955,0.0
2025-01-30,126,q4_warmup,0.9656,743.8433333333334,0.0,739.3449999999999,0.0,739.3449999999999,4.4983333333334485,0.0,-0.0,0.0,1200.0,1200.0,713.911532,21.71795333333389,0.0
2025-01-30,127,q4_warmup,0.8816,712.9366833333333,0.0,713.9899666666666,0.0,713.9899666666666,0.0,-0.0,0.0,1.0532833333332974,1200.0,1200.0,629.4535546133334,0.0,0.0
2025-01-30,128,q4_warmup,0.9077,694.1468833333333,0.0,710.2302666666666,0.0,710.2302666666666,0.0,0.0,0.0,16.083383333333245,1200.0,1200.0,644.6760130533332,0.0,0.0
2025-01-30,129,q4_warmup,0.9507,729.2633333333333,0.0,748.6116666666667,0.0,748.6116666666667,0.0,-0.0,0.0,19.34833333333336,1200.0,1200.0,711.7051115,0.0,-3.552713678800501e-15
2025-01-30,130,q4_warmup,1.0529,791.7407166666667,0.0,788.0309833333334,0.0,788.0309833333334,3.709733333333247,0.0,-0.0,0.0,1200.0,1200.0,829.7178223516668,19.52989113333288,0.0
2025-01-30,131,q4_warmup,0.8145,734.2063833333333,0.0,735.0967333333333,0.0,735.0967333333333,0.0,-0.0,0.0,0.8903500000000122,1200.0,1200.0,598.7362893,0.0,0.0
2025-01-30,132,q4_warmup,0.3888,594.3616666666667,0.0,622.9266666666666,0.0,622.9266666666666,0.0,0.0,0.0,28.56499999999994,1200.0,1200.0,242.193888,0.0,0.0
2025-01-30,133,q4_warmup,0.3665,559.2715833333333,0.0,578.9409166666667,0.0,1412.234249427387,0.0,833.2933327607204,0.0,19.669333333333384,1200.0,1949.9639994846484,517.5838524151374,0.0,0.0
2025-01-30,134,q4_warmup,0.4413,558.17205,0.0,554.8473,0.0,554.8473,3.324750000000199,0.0,-2.0463630789890886e-13,0.0,1949.9639994846484,1949.9639994846489,244.85411349000003,7.336060875000439,0.0
2025-01-30,135,q4_warmup,0.4132,550.5666666666667,0.0,532.7783333333333,0.0,532.7783333333333,17.78833333333334,0.0,-0.0,0.0,1949.9639994846489,1949.9639994846489,220.1440073333333,36.75069666666668,-1.1368683772161605e-13
2025-01-30,136,q4_warmup,0.3969,569.3835166666667,0.0,550.9146333333333,0.0,550.9146333333333,18.46888333333345,0.0,-0.0,0.0,1949.9639994846489,1949.9639994846489,218.65801797,36.65149897500023,1.1368683772161605e-13
2025-01-30,137,q4_warmup,0.4119,557.2639666666666,0.0,569.9477,0.0,569.9477,0.0,0.0,0.0,12.683733333333088,1949.9639994846489,1949.9639994846489,234.76145763,0.0,3.1974423109204513e-13
2025-01-30,138,q4_warmup,0.4394,532.4316666666667,0.0,572.285,0.0,572.285,0.0,0.0,0.0,39.853333333333126,1949.9639994846489,1949.963999484649,251.462029,0.0,1.1368683772161605e-13
2025-01-30,139,q4_warmup,0.455,572.1929166666666,0.0,575.5155333333333,0.0,0.0,0.0,0.0,572.1929166666666,0.0,1949.963999484649,1314.1940920772415,0.0,0.0,0.0
2025-01-30,140,q4_warmup,0.4525,597.64505,0.0,571.2774833333334,0.0,471.8254171304833,23.04494999999911,0.0,102.77468286951758,0.0,1314.1940920772415,1200.0,213.5010012515437,52.13919937499799,0.0
2025-01-30,141,q4_warmup,0.4469,588.5683333333333,0.0,567.2733333333333,0.0,567.2733333333333,21.29499999999996,0.0,-0.0,0.0,1200.0,1200.0,253.51445266666667,47.58367749999992,0.0
2025-01-30,142,q4_warmup,0.4514,593.47725,0.0,584.014,0.0,584.014,9.463250000000016,0.0,-0.0,0.0,1200.0,1200.0,263.6239196,21.35855525000004,0.0
2025-01-30,143,q4_warmup,0.4124,545.4895,0.0,601.5159166666666,0.0,601.5159166666666,0.0,-0.0,0.0,56.02641666666659,1200.0,1200.0,248.0651640333333,0.0,0.0
2025-01-30,144,q4_warmup,0.3538,460.81,0.0,596.7483333333333,0.0,596.7483333333333,0.0,-0.0,0.0,135.93833333333333,1200.0,1200.0,211.12956033333333,0.0,0.0
2025-01-31,1,q4_warmup,0.3606,441.0212666666666,0.0,567.5041833333333,0.0,1400.8375166666667,0.0,833.3333333333333,0.0,126.48291666666682,1200.0,1950.0,505.14200851,0.0,0.0
2025-01-31,2,q4_warmup,0.387,475.9250666666667,0.0,563.3384,0.0,563.3384,0.0,0.0,0.0,87.4133333333333,1950.0,1950.0,218.0119608,0.0,0.0
2025-01-31,3,q4_warmup,0.3913,498.79333333333335,0.0,596.26,0.0,596.26,0.0,0.0,0.0,97.46666666666664,1950.0,1950.0,233.316538,0.0,0.0
2025-01-31,4,q4_warmup,0.3779,454.3744166666667,0.0,630.6059,0.0,1297.2725666666668,0.0,666.6666666666666,0.0,176.23148333333336,1950.0,2550.0,490.23930294333337,0.0,0.0
2025-01-31,5,q4_warmup,0.3812,437.5370666666667,0.0,642.7418833333334,0.0,642.7418833333334,0.0,205.20481666666663,0.0,0.0,2550.0,2734.684335,245.01320592666667,0.0,0.0
2025-01-31,6,q4_warmup,0.3882,463.6833333333333,0.0,637.4766666666667,0.0,637.4766666666667,0.0,173.7933333333334,0.0,0.0,2734.684335,2891.098335,247.468442,0.0,0.0
2025-01-31,7,q4_warmup,0.3564,456.19981666666666,0.0,637.8859166666667,0.0,1471.21925,0.0,454.3351833333332,0.0,560.6842500000002,2891.098335,3300.0,524.3425407,0.0,0.0
2025-01-31,8,q4_warmup,0.3434,439.0617666666667,0.0,640.8743499999999,0.0,1474.2076833333333,0.0,833.3333333333333,0.0,201.81258333333332,3300.0,4050.0,506.2429184566666,0.0,0.0
2025-01-31,9,q4_warmup,0.3637,450.43666666666667,0.0,643.085,0.0,1476.4183333333335,0.0,833.3333333333333,0.0,192.64833333333357,4050.0,4800.0,536.9733478333335,0.0,0.0
2025-01-31,10,q4_warmup,0.3726,495.6859833333333,0.0,645.8091833333334,0.0,1479.1425166666668,0.0,833.3333333333333,0.0,150.12320000000022,4800.0,5550.0,551.12850171,0.0,0.0
2025-01-31,11,q4_warmup,0.3673,501.7886333333333,0.0,643.3305833333333,0.0,1476.6639166666666,0.0,833.3333333333333,0.0,141.54195000000004,5550.0,6300.0,542.3786565916666,0.0,0.0
2025-01-31,12,q4_warmup,0.3513,464.1933333333333,0.0,642.145,0.0,1475.4783333333337,0.0,833.3333333333333,0.0,177.95166666666682,6300.0,7050.0,518.3355385000001,0.0,0.0
2025-01-31,13,q4_warmup,0.3334,450.8861166666666,0.0,654.6027833333334,0.0,1487.9361166666667,0.0,833.3333333333333,0.0,203.71666666666687,7050.0,7800.0,496.07790129666665,0.0,0.0
2025-01-31,14,q4_warmup,0.3577,467.77375,0.0,660.8845333333334,0.0,1494.2178666666669,0.0,833.3333333333333,0.0,193.11078333333356,7800.0,8550.0,534.4817309066667,0.0,0.0
2025-01-31,15,q4_warmup,0.4041,492.7916666666667,0.0,645.6183333333333,0.0,645.6183333333333,0.0,0.0,0.0,152.82666666666665,8550.0,8550.0,260.8943685,0.0,0.0
2025-01-31,16,q4_warmup,0.4069,502.5822666666666,0.0,621.0956333333334,0.0,621.0956333333334,0.0,0.0,0.0,118.51336666666674,8550.0,8550.0,252.7238132033333,0.0,0.0
2025-01-31,17,q4_warmup,0.4074,513.8009000000001,0.0,654.3948333333334,0.0,654.3948333333334,0.0,0.0,0.0,140.59393333333333,8550.0,8550.0,266.60045510000003,0.0,0.0
2025-01-31,18,q4_warmup,0.4289,536.0433333333334,0.0,705.7950000000001,0.0,705.7950000000001,0.0,0.0,0.0,169.7516666666667,8550.0,8550.0,302.7154755,0.0,0.0
2025-01-31,19,q4_warmup,0.4463,557.1184166666667,0.0,670.5565333333333,0.0,670.5565333333333,0.0,0.0,0.0,113.4381166666666,8550.0,8550.0,299.26938082666663,0.0,0.0
2025-01-31,20,q4_warmup,0.4264,548.1059666666666,0.0,658.8305,0.0,658.8305,0.0,0.0,0.0,110.7245333333334,8550.0,8550.0,280.92532520000003,0.0,0.0
2025-01-31,21,q4_warmup,0.396,513.915,0.0,688.785,0.0,688.785,0.0,0.0,0.0,174.87,8550.0,8550.0,272.75886,0.0,0.0
2025-01-31,22,q4_warmup,0.4131,492.83905,0.0,671.02305,0.0,671.02305,0.0,0.0,0.0,178.18400000000003,8550.0,8550.0,277.199621955,0.0,0.0
2025-01-31,23,q4_warmup,0.4199,504.4545,0.0,669.9153833333334,0.0,669.9153833333334,0.0,165.46088333333336,0.0,0.0,8550.0,8698.914795,281.29746946166665,0.0,0.0
2025-01-31,24,q4_warmup,0.4068,541.295,0.0,696.9616666666667,0.0,696.9616666666667,0.0,155.66666666666674,0.0,0.0,8698.914795,8839.014795000001,283.524006,0.0,0.0
2025-01-31,25,q4_warmup,0.4173,571.6824,0.0,693.0588333333334,0.0,693.0588333333334,0.0,121.37643333333337,0.0,0.0,8839.014795000001,8948.253585,289.21345115,0.0,0.0
2025-01-31,26,q4_warmup,0.3967,557.5331333333334,0.0,687.1350833333332,0.0,687.1350833333332,0.0,129.60194999999987,0.0,0.0,8948.253585,9064.89534,272.5864875583333,0.0,0.0
2025-01-31,27,q4_warmup,0.3628,519.6933333333333,0.0,702.1999999999999,0.0,1535.5333333333333,0.0,261.22739999999897,0.0,754.6126000000011,9064.89534,9300.0,557.0914933333333,0.0,0.0
2025-01-31,28,q4_warmup,0.3948,516.0169,0.0,720.7110666666667,0.0,720.7110666666667,0.0,0.0,0.0,204.6941666666668,9300.0,9300.0,284.53672912,0.0,0.0
2025-01-31,29,q4_warmup,0.4256,513.5366166666666,0.0002833333333333,683.7849333333334,0.0002666666666666,683.7846666666667,0.0,0.0,0.0,170.24833333333336,9300.0,9300.0,291.01875413333335,0.0,-2.8421709430404014e-14
2025-01-31,30,q4_warmup,0.4232,508.3983333333333,0.0,638.025,0.0,638.025,0.0,0.0,0.0,129.6266666666667,9300.0,9300.0,270.01218,0.0,0.0
2025-01-31,31,q4_warmup,0.4181,535.2354666666666,0.0,689.59165,0.0,689.59165,0.0,154.35618333333332,0.0,0.0,9300.0,9438.920565,288.318268865,0.0,0.0
2025-01-31,32,q4_warmup,0.4022,572.69715,0.0039666666666666,726.1567666666666,0.0037666666666666,726.1529999999999,0.0,153.4598166666666,0.0,0.0,9438.920565,9577.0344,292.0587366,0.0,0.0
2025-01-31,33,q4_warmup,0.3729,584.615,0.0,700.0516666666667,0.0,1533.3850000000002,0.0,525.5173333333328,0.0,423.2526666666674,9577.0344,10050.0,571.7992665,0.0,0.0
2025-01-31,34,q4_warmup,0.369,551.96215,0.0,689.5921166666667,0.0,1522.9254500000002,0.0,833.3333333333333,0.0,137.62996666666697,10050.0,10800.0,561.9594910500001,0.0,0.0
2025-01-31,35,q4_warmup,0.5221,523.81805,0.0552666666666666,787.4266166666666,0.05235,787.3742666666666,0.0,0.0,-0.0,263.6114833333333,10800.0,10800.0,411.0881046266666,0.0,-5.684341886080803e-14
2025-01-31,36,q4_warmup,0.7593,533.5733333333334,0.0,920.0716666666668,0.0,920.0716666666668,0.0,0.0,-0.0,386.4983333333333,10800.0,10800.0,698.6104165,0.0,0.0
2025-01-31,37,q4_warmup,0.8569,570.7949666666667,0.0,918.81505,0.0,918.81505,0.0,0.0,-0.0,348.02008333333333,10800.0,10800.0,787.332616345,0.0,0.0
2025-01-31,38,q4_warmup,0.8906,583.1179833333333,0.7697166666666666,901.3822333333331,0.72925,900.6529833333333,0.0,0.0,-0.0,318.30471666666665,10800.0,10800.0,802.1215469566665,0.0,0.0
2025-01-31,39,q4_warmup,0.9056,564.71,0.0,917.695,0.0,917.695,0.0,0.0,-0.0,352.985,10800.0,10800.0,831.0645920000001,0.0,0.0
2025-01-31,40,q4_warmup,0.8653,561.1364666666667,0.0,902.0970333333332,0.0,902.0970333333332,0.0,0.0,-0.0,340.96056666666664,10800.0,10800.0,780.5845629433333,0.0,0.0
2025-01-31,41,q4_warmup,0.8326,595.3457333333333,13.259183333333333,889.5349166666666,12.01725,877.5176666666666,0.0,0.0,-0.0,295.43111666666664,10800.0,10800.0,730.6212092666666,0.0,0.0
2025-01-31,42,q4_warmup,0.8381,647.9633333333334,55.9375,893.0016666666667,50.225,842.7766666666666,0.0,0.0,-0.0,250.75083333333328,10800.0,10800.0,706.3311243333333,0.0,0.0
2025-01-31,43,q4_warmup,0.8552,672.2483166666667,103.31348333333334,885.9378499999999,89.95841666666666,795.9794333333332,0.0,0.0,-0.0,227.04459999999983,10800.0,10800.0,680.7216113866665,0.0,0.0
2025-01-31,44,q4_warmup,0.8641,657.6536,150.46263333333334,877.4791,129.59826666666666,747.8808333333334,0.0,0.0,-0.0,240.68986666666677,10800.0,10800.0,646.2438280833334,0.0,-2.8421709430404014e-14
2025-01-31,45,q4_warmup,0.8264,636.6533333333333,197.025,869.7983333333333,174.025,695.7733333333333,0.0,0.0,-0.0,256.145,10800.0,10800.0,574.9870826666667,0.0,0.0
2025-01-31,46,q4_warmup,0.7485,651.26615,241.9658333333333,875.6933,226.60596666666663,649.0873333333334,0.0,0.0,-0.0,239.78701666666663,10800.0,10800.0,485.8418690000001,0.0,0.0
2025-01-31,47,q4_warmup,0.8821,650.6905666666667,280.73695000000004,1007.0406333333334,279.22076666666663,727.8198666666667,0.0,0.0,-0.0,357.8662500000001,10800.0,10800.0,642.0099043866667,0.0,-5.684341886080803e-14
2025-01-31,48,q4_warmup,1.1147,635.8066666666667,321.28125,1193.5383333333332,328.30625000000003,31.898749999999723,0.0,0.0,282.626666666667,0.0,10800.0,10485.97037037037,35.55753662499969,0.0,0.0
2025-01-31,49,q4_warmup,1.0666,655.8198666666666,377.16546666666665,1232.1240666666663,375.0532333333333,23.73749999999984,0.0,0.0,254.9169000000001,0.0,10485.97037037037,10202.72937037037,25.31841749999983,0.0,0.0
2025-01-31,50,q4_warmup,0.981,655.3250666666667,431.90816666666666,1213.44,410.82248333333337,0.0,0.0,0.0,223.4169,0.0,10202.72937037037,9954.48837037037,0.0,0.0,0.0
2025-01-31,51,q4_warmup,0.9845,622.695,482.98125,1218.0716666666667,445.7,0.0,0.0,0.0,139.71375000000006,0.0,9954.48837037037,9799.250870370372,0.0,0.0,0.0
2025-01-31,52,q4_warmup,0.9693,615.8414,541.5513166666666,1234.3985833333334,500.5491333333334,0.0,0.0,0.0,74.29008333333343,0.0,9799.250870370372,9716.706333333334,0.0,0.0,0.0
2025-01-31,53,q4_warmup,0.9964,683.43385,588.0855,1226.95115,555.2006833333334,0.0,0.0,0.0,95.34834999999998,0.0,9716.706333333334,9610.763722222222,0.0,0.0,0.0
2025-01-31,54,q4_warmup,1.0268,771.665,617.225,1199.3483333333334,599.85,0.0,0.0,0.0,154.43999999999994,0.0,9610.763722222222,9439.163722222222,0.0,0.0,0.0
2025-01-31,55,q4_warmup,0.9497,771.7343999999999,645.0359833333333,1189.14565,645.6125666666667,0.0,0.0,0.0,126.69841666666662,0.0,9439.163722222222,9298.387703703704,0.0,0.0,0.0
2025-01-31,56,q4_warmup,0.9335,749.1044,684.1259166666667,1193.21125,702.6814833333333,0.0,0.0,0.0,64.97848333333332,0.0,9298.387703703704,9226.189388888888,0.0,0.0,0.0
2025-01-31,57,q4_warmup,0.9712,738.36,727.49375,1197.7583333333334,754.0,0.0,0.0,0.0,10.866250000000036,0.0,9226.189388888888,9214.115777777775,0.0,0.0,0.0
2025-01-31,58,q4_warmup,0.907,714.6082166666666,758.6486833333333,1194.967133333333,774.2287666666666,182.2833833333332,0.0,0.0,0.0,226.32384999999988,9214.115777777775,9214.115777777775,165.33102868333322,0.0,0.0
2025-01-31,59,q4_warmup,0.9629,714.8307333333333,795.8004166666666,1199.6403166666666,809.5384166666666,0.0,0.0,0.0,0.0,80.96968333333325,9214.115777777775,9214.115777777775,0.0,0.0,0.0
2025-01-31,60,q4_warmup,1.108,738.7416666666667,835.4375,1204.0383333333332,866.9562500000001,0.0,0.0,0.0,0.0,96.69583333333333,9214.115777777775,9214.115777777775,0.0,0.0,0.0
2025-01-31,61,q4_warmup,1.0746,742.7227666666666,857.4983666666667,1185.0814333333333,906.5894,0.0,0.0,0.0,0.0,114.77560000000004,9214.115777777775,9214.115777777775,0.0,0.0,0.0
2025-01-31,62,q4_warmup,1.0388,724.6986833333334,895.6051833333332,1169.7888833333334,929.89565,0.0,0.0,0.0,0.0,170.90649999999982,9214.115777777775,9214.115777777775,0.0,0.0,0.0
2025-01-31,63,q4_warmup,1.0936,707.3766666666667,939.9375,1167.7133333333334,944.075,0.0,0.0,0.0,0.0,232.5608333333333,9214.115777777775,9214.115777777775,0.0,0.0,0.0
2025-01-31,64,q4_warmup,1.1025,713.17335,944.7102,1162.7911,955.02895,0.0,0.0,0.0,0.0,231.53685,9214.115777777775,9214.115777777775,0.0,0.0,0.0
2025-01-31,65,q4_warmup,0.8245,710.1085666666667,947.26105,1157.66335,983.11135,174.55200000000002,0.0,0.0,0.0,411.7044833333333,9214.115777777775,9214.115777777775,143.918124,0.0,0.0
2025-01-31,66,q4_warmup,0.4377,697.9316666666667,964.9875,1159.1966666666667,1023.80625,968.72375,0.0,0.0,0.0,1235.7795833333334,9214.115777777775,9214.115777777775,424.010385375,0.0,0.0
2025-01-31,67,q4_warmup,0.3936,706.13985,979.4073,1168.0121166666663,1047.532,953.81345,0.0,0.0,0.0,1227.0809,9214.115777777775,9214.115777777775,375.42097392,0.0,0.0
2025-01-31,68,q4_warmup,0.4695,703.1832666666666,993.84515,1164.21825,1040.7350166666668,956.8165666666667,0.0,0.0,0.0,1247.47845,9214.115777777775,9214.115777777775,449.22537805,0.0,0.0
2025-01-31,69,q4_warmup,0.4748,684.5966666666667,1015.86875,1153.165,1042.625,943.8733333333332,0.0,0.0,0.0,1275.1454166666667,9214.115777777775,9214.115777777775,448.1510586666666,0.0,0.0
2025-01-31,70,q4_warmup,0.4341,678.2988333333334,1046.4775,1157.209466666667,1099.9092333333333,890.6335666666668,0.0,0.0,0.0,1258.812233333333,9214.115777777775,9214.115777777775,386.62403129,0.0,2.273736754432321e-13
2025-01-31,71,q4_warmup,0.4072,671.8216833333333,1067.1296333333332,1146.5866,1102.3889666666666,877.5309666666666,0.0,0.0,0.0,1272.8389166666666,9214.115777777775,9214.115777777775,357.3306096266666,0.0,-2.273736754432321e-13
2025-01-31,72,q4_warmup,0.4126,675.3933333333333,1056.23125,1107.57,1056.49375,884.4095833333334,0.0,0.0,0.0,1265.2475000000002,9214.115777777775,9214.115777777775,364.9073940833334,0.0,-2.273736754432321e-13
2025-01-31,73,q4_warmup,0.4265,709.2305,1011.4796666666666,1065.6195166666666,1080.5630833333332,818.3897666666668,0.0,0.0,0.0,1120.6389333333334,9214.115777777775,9214.115777777775,349.0432354833334,0.0,-2.273736754432321e-13
2025-01-31,74,q4_warmup,0.4447,704.4976666666666,997.4825833333332,1080.6657166666666,1117.943616666667,796.0554333333333,0.0,0.0,0.0,1089.0403499999998,9214.115777777775,9214.115777777775,354.0058512033333,0.0,0.0
2025-01-31,75,q4_warmup,0.4265,661.83,1027.41875,1114.8466666666666,1132.85625,815.3237499999999,0.0,0.0,0.0,1180.9125,9214.115777777775,9214.115777777775,347.735579375,0.0,0.0
2025-01-31,76,q4_warmup,0.3662,655.2516833333333,1049.4101333333333,1074.4949833333333,1146.208033333333,761.6202833333333,0.0,262.0935802469143,0.0,893.685153086419,9214.115777777775,9450.0,278.9053477566667,0.0,-2.273736754432321e-13
2025-01-31,77,q4_warmup,0.5479,683.1800166666667,1026.5912666666666,1061.8409333333334,1141.3747666666666,753.7995000000002,0.0,833.3333333333333,0.0,263.87741666666693,9450.0,10200.0,413.0067460500002,0.0,0.0
2025-01-31,78,q4_warmup,0.8566,706.7016666666667,987.88125,1110.2916666666667,1116.375,0.0,0.0,6.083333333333737,0.0,275.0962499999996,10200.0,10205.475,0.0,0.0,0.0
2025-01-31,79,q4_warmup,0.8643,688.4132166666667,994.5159166666668,1144.237116666667,1087.89775,0.0,0.0,0.0,0.0,306.10270000000014,10205.475,10205.475,0.0,0.0,0.0
2025-01-31,80,q4_warmup,0.7708,665.1977166666667,994.94425,1129.933633333333,1049.0855,80.84813333333341,0.0,0.0,0.0,410.59466666666674,10205.475,10205.475,62.3177411733334,0.0,0.0
2025-01-31,81,q4_warmup,0.7367,660.3983333333333,978.74375,1092.765,1004.89375,87.87125000000003,0.0,0.0,0.0,406.2166666666667,10205.475,10205.475,64.73474987500002,0.0,0.0
2025-01-31,82,q4_warmup,0.7421,664.1784166666666,985.7321,1088.8309666666669,969.0800166666668,119.75095,0.0,0.0,0.0,441.3046333333333,10205.475,10205.475,88.86717999499999,0.0,-1.1368683772161605e-13
2025-01-31,83,q4_warmup,0.8423,663.6559,978.7406833333332,1107.4654,920.7369,0.0,0.0,0.0,0.0,315.08478333333323,10205.475,10205.475,0.0,0.0,0.0
2025-01-31,84,q4_warmup,0.9852,656.055,947.16875,1115.8983333333333,875.90625,0.0,0.0,0.0,0.0,291.1137500000001,10205.475,10205.475,0.0,0.0,0.0
2025-01-31,85,q4_warmup,1.0337,647.3447166666666,915.77565,1091.7909666666667,875.8066,0.0,0.0,0.0,0.0,268.4309333333334,10205.475,10205.475,0.0,0.0,0.0
2025-01-31,86,q4_warmup,1.0204,636.7749,865.9749,1072.6561333333334,879.8452333333333,0.0,0.0,0.0,0.0,229.20000000000005,10205.475,10205.475,0.0,0.0,0.0
2025-01-31,87,q4_warmup,1.0475,629.8216666666666,803.05625,1078.2416666666666,843.1750000000001,0.0,0.0,0.0,0.0,173.23458333333338,10205.475,10205.475,0.0,0.0,0.0
2025-01-31,88,q4_warmup,1.1365,631.7092833333334,755.8191499999999,1092.6678333333332,756.4367666666667,0.0,0.0,0.0,0.0,124.10986666666656,10205.475,10205.475,0.0,0.0,0.0
2025-01-31,89,q4_warmup,0.9144,616.7246666666666,707.2947333333333,1089.936866666667,683.0156666666667,0.0,0.0,0.0,0.0,90.57006666666666,10205.475,10205.475,0.0,0.0,0.0
2025-01-31,90,q4_warmup,0.5366,600.4,653.5124999999999,1070.6766666666667,649.6875,1254.3225000000002,0.0,0.0,0.0,1307.4350000000002,10205.475,10205.475,673.0694535000001,0.0,-2.273736754432321e-13
2025-01-31,91,q4_warmup,0.559,624.1604833333333,607.4857333333333,1058.3101666666666,628.3227166666667,1263.320783333333,0.0,0.0,0.0,1246.6460333333334,10205.475,10205.475,706.1963178833334,0.0,-2.273736754432321e-13
2025-01-31,92,q4_warmup,0.6456,638.9076333333334,552.1459,1052.67915,590.7135999999999,931.2824018518542,0.0,0.0,0.0,844.5206685185208,10205.475,10205.475,601.235918635557,0.0,-1.1368683772161605e-13
2025-01-31,93,q4_warmup,0.6251,621.865,492.04375,1056.93,534.1687499999999,1356.0945833333335,0.0,660.5833333333329,0.0,565.6900000000006,10205.475,10800.0,847.6947240416667,0.0,0.0
2025-01-31,94,q4_warmup,0.6613,597.3063666666667,450.07933333333335,1071.3908,476.6533166666666,594.7374833333333,0.0,0.0,-0.0,447.51045,10800.0,10800.0,393.29989772833335,0.0,0.0
2025-01-31,95,q4_warmup,0.6853,579.4388666666667,406.0807,1050.95755,419.127,631.8305499999999,0.0,0.0,-0.0,458.47238333333314,10800.0,10800.0,432.9934759149999,0.0,0.0
2025-01-31,96,q4_warmup,0.6653,572.6066666666667,355.6625,1027.9316666666666,360.5625,667.3691666666666,0.0,0.0,-0.0,450.425,10800.0,10800.0,444.0007065833333,0.0,0.0
2025-01-31,97,q4_warmup,0.6643,577.4249,314.5262833333333,1073.9189166666667,303.0667833333333,770.8521333333334,0.0,0.0,-0.0,507.9535166666668,10800.0,10800.0,512.0770721733334,0.0,-5.684341886080803e-14
2025-01-31,98,q4_warmup,0.724,604.9893833333333,271.60388333333333,1069.6030833333332,250.79565,818.8074333333332,0.0,0.0,-0.0,485.4219333333332,10800.0,10800.0,592.8165817333332,0.0,1.1368683772161605e-13
2025-01-31,99,q4_warmup,0.7965,627.8583333333333,217.79375,1013.7883333333332,200.775,813.0133333333333,0.0,0.0,-0.0,402.94875,10800.0,10800.0,647.56512,0.0,5.684341886080803e-14
2025-01-31,100,q4_warmup,0.7894,596.4124666666667,156.46036666666666,1025.899,146.43793333333335,879.4610666666667,0.0,0.0,-0.0,439.5089666666668,10800.0,10800.0,694.2465660266668,0.0,0.0
2025-01-31,101,q4_warmup,0.7599,536.7518833333334,104.1363,1044.0273,96.80005,947.22725,0.0,0.0,-0.0,514.6116666666666,10800.0,10800.0,719.797987275,0.0,1.1368683772161605e-13
2025-01-31,102,q4_warmup,0.758,482.9666666666667,60.56875,1038.6483333333333,53.4125,985.2358333333332,0.0,0.0,-0.0,562.8379166666666,10800.0,10800.0,746.8087616666667,0.0,0.0
2025-01-31,103,q4_warmup,0.7828,456.4757,15.271416666666669,1044.8678666666667,12.781916666666667,1032.08595,0.0,0.0,-0.0,590.8816666666669,10800.0,10800.0,807.9168816600002,0.0,0.0
2025-01-31,104,q4_warmup,0.8098,471.22585,0.0,1040.43285,0.0,1040.43285,0.0,0.0,-0.0,569.2069999999999,10800.0,10800.0,842.5425219299999,0.0,0.0
2025-01-31,105,q4_warmup,0.787,485.745,0.0,1040.5366666666666,0.0,1040.5366666666666,0.0,0.0,-0.0,554.7916666666666,10800.0,10800.0,818.9023566666667,0.0,0.0
2025-01-31,106,q4_warmup,0.7107,444.6270666666667,0.8972166666666667,1063.1256833333334,0.7756666666666666,1062.3500166666668,0.0,0.0,-0.0,618.6201666666667,10800.0,10800.0,755.012156845,0.0,1.1368683772161605e-13
2025-01-31,107,q4_warmup,0.8429,445.32678333333337,0.0,939.0254833333332,0.0,939.0254833333332,0.0,0.0,-0.0,493.6987,10800.0,10800.0,791.5045799016666,0.0,0.0
2025-01-31,108,q4_warmup,1.1233,485.1566666666667,0.0,736.2666666666668,0.0,736.2666666666668,0.0,0.0,-0.0,251.11000000000007,10800.0,10800.0,827.0483466666667,0.0,0.0
2025-01-31,109,q4_warmup,1.2081,462.88073333333335,0.0644166666666666,712.4513499999999,0.0556833333333333,190.85016666666752,0.0,0.0,271.9661499999992,0.0,10800.0,10497.81538888889,230.56608635000103,0.0,0.0
2025-01-31,110,q4_warmup,1.1729,435.39775,0.0,750.3761,0.0,750.3761,0.0,0.0,0.0,314.97835,10497.81538888889,10497.81538888889,880.11612769,0.0,0.0
2025-01-31,111,q4_warmup,1.1135,421.94,0.0,753.5016666666667,0.0,753.5016666666667,0.0,0.0,0.0,331.56166666666667,10497.81538888889,10497.81538888889,839.0241058333332,0.0,0.0
2025-01-31,112,q4_warmup,1.0682,392.3356166666667,0.0046166666666666,740.7346833333332,0.004,740.7306833333332,0.0,0.0,0.0,348.3996833333332,10497.81538888889,10497.81538888889,791.2485159366665,0.0,5.684341886080803e-14
2025-01-31,113,q4_warmup,1.1908,427.2382666666667,0.0,723.1364666666667,0.0,723.1364666666667,0.0,0.0,0.0,295.89820000000003,10497.81538888889,10497.81538888889,861.1109045066668,0.0,0.0
2025-01-31,114,q4_warmup,1.372,488.765,0.0,716.2883333333333,0.0,0.0,0.0,0.0,488.765,0.0,10497.81538888889,9954.743166666667,0.0,0.0,0.0
2025-01-31,115,q4_warmup,1.3327,450.8147666666667,0.0003333333333333,734.4722,0.0002833333333333,0.0,0.0,0.0,450.8144333333333,0.0,9954.743166666667,9453.83824074074,0.0,0.0,0.0
2025-01-31,116,q4_warmup,1.2774,417.53721666666667,0.0,756.2895833333333,0.0,0.0,0.0,0.0,417.53721666666667,0.0,9453.83824074074,8989.908,0.0,0.0,0.0
2025-01-31,117,q4_warmup,1.3208,431.4783333333333,0.0,765.1516666666666,0.0,0.0,0.0,0.0,431.4783333333333,0.0,8989.908,8510.48762962963,0.0,0.0,0.0
2025-01-31,118,q4_warmup,1.3661,435.2218,0.0,759.8337333333334,0.0,0.0,0.0,0.0,435.2218,0.0,8510.48762962963,8026.907851851852,0.0,0.0,0.0
2025-01-31,119,q4_warmup,1.3326,452.26518333333337,0.0,745.37385,0.0,0.0,0.0,0.0,452.26518333333337,0.0,8026.907851851852,7524.3909814814815,0.0,0.0,0.0
2025-01-31,120,q4_warmup,1.2741,473.7766666666666,0.0,729.7533333333334,0.0,0.0,0.0,0.0,473.7766666666666,0.0,7524.3909814814815,6997.972462962963,0.0,0.0,0.0
2025-01-31,121,q4_warmup,1.3106,460.1149833333333,0.0,721.9010333333334,0.0,0.0,0.0,0.0,460.1149833333333,0.0,6997.972462962963,6486.733592592593,0.0,0.0,0.0
2025-01-31,122,q4_warmup,1.3242,461.3929,0.0,727.66305,0.0,0.0,0.0,0.0,461.3929,0.0,6486.733592592593,5974.074814814815,0.0,0.0,0.0
2025-01-31,123,q4_warmup,1.3313,492.7716666666667,0.0,734.9133333333333,0.0,0.0,0.0,0.0,492.7716666666667,0.0,5974.074814814815,5426.55074074074,0.0,0.0,0.0
2025-01-31,124,q4_warmup,1.4161,511.1099166666667,0.0,726.8146666666667,0.0,0.0,0.0,0.0,511.1099166666667,0.0,5426.55074074074,4858.650833333333,0.0,0.0,0.0
2025-01-31,125,q4_warmup,1.1818,475.5378666666666,0.0,733.9936333333334,0.0,733.9936333333334,0.0,0.0,0.0,258.4557666666668,4858.650833333333,4858.650833333333,867.4336758733334,0.0,0.0
2025-01-31,126,q4_warmup,0.7683,427.2416666666666,0.0,743.8433333333334,0.0,743.8433333333334,0.0,0.0,0.0,316.60166666666674,4858.650833333333,4858.650833333333,571.494833,0.0,0.0
2025-01-31,127,q4_warmup,0.7473,453.3493666666666,0.0,712.9366833333333,0.0,712.9366833333333,0.0,0.0,0.0,259.5873166666668,4858.650833333333,4858.650833333333,532.777583455,0.0,0.0
2025-01-31,128,q4_warmup,0.8021,502.7923666666666,0.0,694.1468833333333,0.0,694.1468833333333,0.0,0.0,0.0,191.3545166666667,4858.650833333333,4858.650833333333,556.7752151216667,0.0,0.0
2025-01-31,129,q4_warmup,0.8006,521.8066666666667,0.0,729.2633333333333,0.0,729.2633333333333,0.0,0.0,0.0,207.4566666666666,4858.650833333333,4858.650833333333,583.8482246666666,0.0,0.0
2025-01-31,130,q4_warmup,0.8833,497.9759666666666,0.0,791.7407166666667,0.0,791.7407166666667,0.0,0.0,0.0,293.7647500000001,4858.650833333333,4858.650833333333,699.3445750316666,0.0,0.0
2025-01-31,131,q4_warmup,0.6589,453.04175,0.0,734.2063833333333,0.0,734.2063833333333,0.0,0.0,0.0,281.1646333333333,4858.650833333333,4858.650833333333,483.76858597833336,0.0,0.0
2025-01-31,132,q4_warmup,0.2558,410.9266666666667,0.0,594.3616666666667,0.0,1427.694932893044,0.0,0.0,0.0,1016.7682662263772,4858.650833333333,4858.650833333333,365.20436383404063,0.0,0.0
2025-01-31,133,q4_warmup,0.2432,387.2007833333333,0.0,559.2715833333333,0.0,1392.604916666667,0.0,0.0,0.0,1005.4041333333334,4858.650833333333,4858.650833333333,338.68151573333336,0.0,0.0
2025-01-31,134,q4_warmup,0.3342,387.29235,0.0,558.17205,0.0,328.1222876899679,0.0,0.0,59.17006231003211,0.0,4858.650833333333,4792.90631965552,109.65846854598726,0.0,0.0
2025-01-31,135,q4_warmup,0.3349,397.6433333333334,0.0,550.5666666666667,0.0,0.0,0.0,0.0,397.6433333333334,0.0,4792.90631965552,4351.080393729594,0.0,0.0,0.0
2025-01-31,136,q4_warmup,0.3384,395.9840333333333,0.0,569.3835166666667,0.0,0.0,0.0,0.0,395.9840333333333,0.0,4351.080393729594,3911.098134470335,0.0,0.0,0.0
2025-01-31,137,q4_warmup,0.3326,391.0680333333333,0.0,557.2639666666666,0.0,557.2639666666666,0.0,0.0,0.0,166.19593333333336,3911.098134470335,3911.098134470335,185.34599531333333,0.0,0.0
2025-01-31,138,q4_warmup,0.3147,395.1116666666667,0.0,532.4316666666667,0.0,532.4316666666667,0.0,0.0,0.0,137.32000000000005,3911.098134470335,3911.098134470335,167.55624550000002,0.0,0.0
2025-01-31,139,q4_warmup,0.3124,408.8714833333333,0.0,572.1929166666666,0.0,572.1929166666666,0.0,0.0,0.0,163.32143333333337,3911.098134470335,3911.098134470335,178.75306716666665,0.0,0.0
2025-01-31,140,q4_warmup,0.3163,407.0644,0.0,597.64505,0.0,597.64505,0.0,0.0,0.0,190.58065,3911.098134470335,3911.098134470335,189.035129315,0.0,0.0
2025-01-31,141,q4_warmup,0.3189,401.20166666666665,0.0,588.5683333333333,0.0,588.5683333333333,0.0,0.0,0.0,187.36666666666665,3911.098134470335,3911.098134470335,187.6944415,0.0,0.0
2025-01-31,142,q4_warmup,0.3215,425.7475833333333,0.0,593.47725,0.0,593.47725,0.0,0.0,0.0,167.72966666666673,3911.098134470335,3911.098134470335,190.802935875,0.0,0.0
2025-01-31,143,q4_warmup,0.3139,436.3899,0.0,545.4895,0.0,545.4895,0.0,0.0,0.0,109.0996,3911.098134470335,3911.098134470335,171.22915405,0.0,0.0
2025-01-31,144,q4_warmup,0.309,423.96,0.0,460.81,0.0,460.81,0.0,0.0,0.0,36.85000000000002,3911.098134470335,3911.098134470335,142.39029,0.0,0.0
